2025-11-11 20:57:59,977 [INFO] Activator:176 - 


2025-11-11 20:57:59,987 [INFO] Activator:177 - !SESSION log4j initialized
2025-11-11 20:58:14,027 [INFO] LogOutputStream:77 - [STDOUT_REDIRECT] 
2025-11-11 20:58:20,132 [ERROR] LogOutputStream:75 - [STDERR_REDIRECT] [Fatal Error] :1:1: Premature end of file.
2025-11-11 20:58:20,133 [ERROR] LogOutputStream:75 - [STDERR_REDIRECT] 
2025-11-11 20:58:20,903 [INFO] ApplicationProperties:184 - Using Application install path: C:\ST\STM32CubeIDE_1.18.1\STM32CubeIDE\plugins\com.st.stm32cube.common.mx_6.15.0.202507011659
2025-11-11 20:58:20,923 [INFO] DbMcusXml:78 - Set database path to: C:\ST\STM32CubeIDE_1.18.1\STM32CubeIDE\plugins\com.st.stm32cube.common.mx_6.15.0.202507011659\\db\/mcu/
2025-11-11 20:58:20,923 [INFO] ApiDb:274 - Set plugin database path to: C:\ST\STM32CubeIDE_1.18.1\STM32CubeIDE\plugins\com.st.stm32cube.common.mx_6.15.0.202507011659\\db\/plugins/boardmanager/
2025-11-11 20:58:20,924 [WARN] ApiDb:259 - Overriding images path with different value:  => C:\ST\STM32CubeIDE_1.18.1\STM32CubeIDE\plugins\com.st.stm32cube.common.mx_6.15.0.202507011659\\db\/plugins/mcufinder/images/
2025-11-11 20:58:20,934 [INFO] ApiDb:250 - Set database path to: C:\Users\mathe\.stmcufinder\plugins\mcufinder//mcu/
2025-11-11 20:58:20,935 [INFO] DbMcusAds:125 - Set database path to: C:\Users\mathe\.stmcufinder\plugins\mcufinder//mcu/
2025-11-11 20:58:20,938 [INFO] CrossReferenceDbSqlite:203 - Set database path to: C:\Users\mathe\.stmcufinder\plugins\mcufinder//mcu/cs/
2025-11-11 20:58:20,998 [ERROR] LogOutputStream:75 - [STDERR_REDIRECT] [Fatal Error] :1:1: Premature end of file.
2025-11-11 20:58:20,998 [ERROR] LogOutputStream:75 - [STDERR_REDIRECT] 
2025-11-11 20:58:21,056 [INFO] RulesReader:64 - Compatibility file has been processed (317 Rules)
2025-11-11 20:58:21,156 [INFO] DbMcusXml:78 - Set database path to: C:\ST\STM32CubeIDE_1.18.1\STM32CubeIDE\plugins\com.st.stm32cube.common.mx_6.15.0.202507011659\\db\/mcu/
2025-11-11 20:58:21,157 [INFO] ApiDb:274 - Set plugin database path to: C:\ST\STM32CubeIDE_1.18.1\STM32CubeIDE\plugins\com.st.stm32cube.common.mx_6.15.0.202507011659\\db\/plugins/boardmanager/
2025-11-11 20:58:21,157 [INFO] ApiDb:261 - Set plugin images path to: C:\ST\STM32CubeIDE_1.18.1\STM32CubeIDE\plugins\com.st.stm32cube.common.mx_6.15.0.202507011659\\db\/plugins/mcufinder/images/
2025-11-11 20:58:21,157 [WARN] DbFile:41 - Overriding database path with different value: C:\Users\mathe\.stmcufinder\plugins\mcufinder/ => C:\Users\mathe\.stmcufinder\plugins\mcufinder
2025-11-11 20:58:21,157 [INFO] ApiDb:250 - Set database path to: C:\Users\mathe\.stmcufinder\plugins\mcufinder//mcu/
2025-11-11 20:58:21,157 [WARN] DbFile:41 - Overriding database path with different value: C:\Users\mathe\.stmcufinder\plugins\mcufinder/ => C:\Users\mathe\.stmcufinder\plugins\mcufinder
2025-11-11 20:58:21,157 [INFO] DbMcusAds:125 - Set database path to: C:\Users\mathe\.stmcufinder\plugins\mcufinder//mcu/
2025-11-11 20:58:21,157 [WARN] DbFile:41 - Overriding database path with different value: C:\Users\mathe\.stmcufinder\plugins\mcufinder/ => C:\Users\mathe\.stmcufinder\plugins\mcufinder
2025-11-11 20:58:21,157 [WARN] DbFile:41 - Overriding database path with different value: C:\Users\mathe\.stmcufinder\plugins\mcufinder/ => C:\Users\mathe\.stmcufinder\plugins\mcufinder
2025-11-11 20:58:21,157 [INFO] CrossReferenceDbSqlite:203 - Set database path to: C:\Users\mathe\.stmcufinder\plugins\mcufinder//mcu/cs/
2025-11-11 20:58:21,233 [INFO] MainPanel:274 - HeapMemory: 268435456
2025-11-11 20:58:21,345 [INFO] DbMcusXml:78 - Set database path to: C:\ST\STM32CubeIDE_1.18.1\STM32CubeIDE\plugins\com.st.stm32cube.common.mx_6.15.0.202507011659\\db\/mcu/
2025-11-11 20:58:21,345 [INFO] ApiDb:274 - Set plugin database path to: C:\ST\STM32CubeIDE_1.18.1\STM32CubeIDE\plugins\com.st.stm32cube.common.mx_6.15.0.202507011659\\db\/plugins/boardmanager/
2025-11-11 20:58:21,345 [INFO] ApiDb:261 - Set plugin images path to: C:\ST\STM32CubeIDE_1.18.1\STM32CubeIDE\plugins\com.st.stm32cube.common.mx_6.15.0.202507011659\\db\/plugins/mcufinder/images/
2025-11-11 20:58:21,346 [WARN] DbFile:41 - Overriding database path with different value: C:\Users\mathe\.stmcufinder\plugins\mcufinder/ => C:\Users\mathe\.stmcufinder\plugins\mcufinder
2025-11-11 20:58:21,346 [INFO] ApiDb:250 - Set database path to: C:\Users\mathe\.stmcufinder\plugins\mcufinder//mcu/
2025-11-11 20:58:21,346 [WARN] DbFile:41 - Overriding database path with different value: C:\Users\mathe\.stmcufinder\plugins\mcufinder/ => C:\Users\mathe\.stmcufinder\plugins\mcufinder
2025-11-11 20:58:21,346 [INFO] DbMcusAds:125 - Set database path to: C:\Users\mathe\.stmcufinder\plugins\mcufinder//mcu/
2025-11-11 20:58:21,346 [WARN] DbFile:41 - Overriding database path with different value: C:\Users\mathe\.stmcufinder\plugins\mcufinder/ => C:\Users\mathe\.stmcufinder\plugins\mcufinder
2025-11-11 20:58:21,346 [WARN] DbFile:41 - Overriding database path with different value: C:\Users\mathe\.stmcufinder\plugins\mcufinder/ => C:\Users\mathe\.stmcufinder\plugins\mcufinder
2025-11-11 20:58:21,347 [INFO] CrossReferenceDbSqlite:203 - Set database path to: C:\Users\mathe\.stmcufinder\plugins\mcufinder//mcu/cs/
2025-11-11 20:58:21,365 [INFO] ApplicationProperties:184 - Using Application install path: C:\ST\STM32CubeIDE_1.18.1\STM32CubeIDE\plugins\com.st.stm32cube.common.mx_6.15.0.202507011659
2025-11-11 20:58:21,367 [INFO] PluginManage:196 - Search for loadable plugins [exclusion list=, ]
2025-11-11 20:58:21,368 [INFO] PluginManage:310 - Check plugin analytics
2025-11-11 20:58:22,006 [ERROR] LogOutputStream:75 - [STDERR_REDIRECT] [Fatal Error] :1:1: Premature end of file.
2025-11-11 20:58:22,006 [ERROR] LogOutputStream:75 - [STDERR_REDIRECT] 
2025-11-11 20:58:23,026 [ERROR] LogOutputStream:75 - [STDERR_REDIRECT] [Fatal Error] :1:1: Premature end of file.
2025-11-11 20:58:23,026 [ERROR] LogOutputStream:75 - [STDERR_REDIRECT] 
2025-11-11 20:58:23,993 [ERROR] LogOutputStream:75 - [STDERR_REDIRECT] [Fatal Error] :1:1: Premature end of file.
2025-11-11 20:58:23,993 [ERROR] LogOutputStream:75 - [STDERR_REDIRECT] 
2025-11-11 20:58:24,994 [ERROR] LogOutputStream:75 - [STDERR_REDIRECT] [Fatal Error] :1:1: Premature end of file.
2025-11-11 20:58:24,994 [ERROR] LogOutputStream:75 - [STDERR_REDIRECT] 
2025-11-11 20:58:26,009 [ERROR] LogOutputStream:75 - [STDERR_REDIRECT] [Fatal Error] :1:1: Premature end of file.
2025-11-11 20:58:26,009 [ERROR] LogOutputStream:75 - [STDERR_REDIRECT] 
2025-11-11 20:58:26,532 [INFO] AnalyticsPlugin:253 - Accepted Software Licenses: 
2025-11-11 20:58:26,532 [INFO] AnalyticsPlugin:255 - Accepted CMSIS Pack Licenses: 
2025-11-11 20:58:26,532 [INFO] AnalyticsPlugin:257 - Accepted Firmware Licenses: 
2025-11-11 20:58:26,536 [INFO] PluginManage:359 - Loaded plugin analytics (category:tool,tabindex:-1)
2025-11-11 20:58:26,536 [INFO] PluginManage:310 - Check plugin cadmodel
2025-11-11 20:58:26,542 [INFO] CADModel:105 - Init CAD model plugin
2025-11-11 20:58:26,542 [INFO] PluginManage:359 - Loaded plugin cadmodel (category:power,tabindex:5)
2025-11-11 20:58:26,542 [INFO] PluginManage:310 - Check plugin clock
2025-11-11 20:58:26,551 [INFO] PluginManage:359 - Loaded plugin clock (category:base,tabindex:2)
2025-11-11 20:58:26,551 [INFO] PluginManage:310 - Check plugin ddr
2025-11-11 20:58:26,554 [INFO] PluginManage:359 - Loaded plugin ddr (category:tool,tabindex:6)
2025-11-11 20:58:26,554 [INFO] PluginManage:310 - Check plugin filemanager
2025-11-11 20:58:26,704 [INFO] PluginManage:359 - Loaded plugin filemanager (category:base,tabindex:10)
2025-11-11 20:58:26,704 [INFO] PluginManage:310 - Check plugin ipmanager
2025-11-11 20:58:26,711 [INFO] PluginManage:359 - Loaded plugin ipmanager (category:base,tabindex:5)
2025-11-11 20:58:26,711 [INFO] PluginManage:310 - Check plugin lpbam
2025-11-11 20:58:26,719 [INFO] PluginManage:359 - Loaded plugin lpbam (category:base,tabindex:0)
2025-11-11 20:58:26,720 [INFO] PluginManage:310 - Check plugin memorymap
2025-11-11 20:58:26,738 [INFO] PluginManage:359 - Loaded plugin memorymap (category:base,tabindex:4)
2025-11-11 20:58:26,739 [INFO] PluginManage:310 - Check plugin pinoutandconfiguration
2025-11-11 20:58:26,747 [INFO] PluginManage:359 - Loaded plugin pinoutandconfiguration (category:base,tabindex:1)
2025-11-11 20:58:26,748 [INFO] PluginManage:310 - Check plugin pinoutconfig
2025-11-11 20:58:26,846 [WARN] SupportedApi:132 - Cannot load RTOS API schema: s4s-elt-must-match.1: The content of 'definitions' must match (annotation?, (simpleType | complexType)?, (unique | key | keyref)*)). A problem was found starting at: attribute.
2025-11-11 20:58:26,988 [ERROR] LogOutputStream:75 - [STDERR_REDIRECT] [Fatal Error] :1:1: Premature end of file.
2025-11-11 20:58:26,988 [ERROR] LogOutputStream:75 - [STDERR_REDIRECT] 
2025-11-11 20:58:27,002 [INFO] PluginManage:359 - Loaded plugin pinoutconfig (category:base,tabindex:0)
2025-11-11 20:58:27,002 [INFO] PluginManage:310 - Check plugin power
2025-11-11 20:58:27,011 [INFO] PluginManage:359 - Loaded plugin power (category:power,tabindex:4)
2025-11-11 20:58:27,011 [INFO] PluginManage:310 - Check plugin projectmanager
2025-11-11 20:58:27,028 [INFO] PluginManage:359 - Loaded plugin projectmanager (category:projectmanager,tabindex:4)
2025-11-11 20:58:27,028 [INFO] PluginManage:310 - Check plugin rif
2025-11-11 20:58:27,039 [INFO] PluginManage:359 - Loaded plugin rif (category:base,tabindex:3)
2025-11-11 20:58:27,039 [INFO] PluginManage:310 - Check plugin thirdparty
2025-11-11 20:58:27,195 [INFO] PluginManage:359 - Loaded plugin thirdparty (category:base,tabindex:-1)
2025-11-11 20:58:27,195 [WARN] IntegrityCheckThread:84 - waiting for thirdparty lock release [integrity check]
2025-11-11 20:58:27,196 [INFO] PluginManage:310 - Check plugin tools
2025-11-11 20:58:27,196 [INFO] IntegrityCheckThread:86 - entering critical section [integrity check]
2025-11-11 20:58:27,196 [INFO] ThirdPartyUpdaterWithRetryManager:70 - Updater plugin not ready yet. [1/15]
2025-11-11 20:58:27,199 [INFO] PluginManage:359 - Loaded plugin tools (category:base,tabindex:7)
2025-11-11 20:58:27,199 [INFO] PluginManage:310 - Check plugin tutovideos
2025-11-11 20:58:27,425 [INFO] PluginManage:359 - Loaded plugin tutovideos (category:base,tabindex:-1)
2025-11-11 20:58:27,425 [INFO] PluginManage:310 - Check plugin updater
2025-11-11 20:58:27,451 [INFO] PluginManage:359 - Loaded plugin updater (category:base,tabindex:12)
2025-11-11 20:58:27,451 [INFO] PluginManage:310 - Check plugin userauth
2025-11-11 20:58:27,456 [INFO] UserAuth:118 - Init User Auth plugin
2025-11-11 20:58:27,457 [INFO] PluginManage:359 - Loaded plugin userauth (category:base,tabindex:14)
2025-11-11 20:58:27,458 [INFO] PluginManage:283 - PluginManage : Loaded plugins [18]
2025-11-11 20:58:27,713 [INFO] PinOutPanel:1589 - setPackage(No Configuration,No Configuration)
2025-11-11 20:58:27,812 [INFO] CADModel:165 - CPN selected for project level
2025-11-11 20:58:27,812 [INFO] CADModel:114 - Register for checkConnection events
2025-11-11 20:58:27,833 [INFO] IPUIPlugin:80 - create IPUIPlugin
2025-11-11 20:58:27,833 [INFO] PluginManager:220 - loadIPPluginJar : add adc
2025-11-11 20:58:27,837 [INFO] IPUIPlugin:80 - create IPUIPlugin
2025-11-11 20:58:27,838 [INFO] PluginManager:220 - loadIPPluginJar : add aes
2025-11-11 20:58:27,841 [INFO] IPUIPlugin:80 - create IPUIPlugin
2025-11-11 20:58:27,841 [INFO] PluginManager:220 - loadIPPluginJar : add can
2025-11-11 20:58:27,843 [INFO] IPUIPlugin:80 - create IPUIPlugin
2025-11-11 20:58:27,843 [INFO] PluginManager:220 - loadIPPluginJar : add comp
2025-11-11 20:58:27,845 [INFO] IPUIPlugin:80 - create IPUIPlugin
2025-11-11 20:58:27,846 [INFO] PluginManager:220 - loadIPPluginJar : add cryp
2025-11-11 20:58:27,849 [INFO] IPUIPlugin:80 - create IPUIPlugin
2025-11-11 20:58:27,849 [INFO] PluginManager:220 - loadIPPluginJar : add ddr_ctrl_phy
2025-11-11 20:58:27,852 [INFO] IPUIPlugin:80 - create IPUIPlugin
2025-11-11 20:58:27,852 [INFO] PluginManager:220 - loadIPPluginJar : add dfsdm
2025-11-11 20:58:27,859 [INFO] IPUIPlugin:80 - create IPUIPlugin
2025-11-11 20:58:27,860 [INFO] PluginManager:220 - loadIPPluginJar : add dma
2025-11-11 20:58:27,862 [INFO] IPUIPlugin:80 - create IPUIPlugin
2025-11-11 20:58:27,862 [INFO] PluginManager:220 - loadIPPluginJar : add dma3
2025-11-11 20:58:27,865 [INFO] IPUIPlugin:80 - create IPUIPlugin
2025-11-11 20:58:27,865 [INFO] PluginManager:220 - loadIPPluginJar : add extmemmanager
2025-11-11 20:58:27,867 [INFO] IPUIPlugin:80 - create IPUIPlugin
2025-11-11 20:58:27,867 [INFO] PluginManager:220 - loadIPPluginJar : add fatfs
2025-11-11 20:58:27,871 [INFO] IPUIPlugin:80 - create IPUIPlugin
2025-11-11 20:58:27,872 [INFO] PluginManager:220 - loadIPPluginJar : add fmc
2025-11-11 20:58:27,877 [INFO] IPUIPlugin:80 - create IPUIPlugin
2025-11-11 20:58:27,877 [INFO] PluginManager:220 - loadIPPluginJar : add freertos
2025-11-11 20:58:27,879 [INFO] IPUIPlugin:80 - create IPUIPlugin
2025-11-11 20:58:27,879 [INFO] PluginManager:220 - loadIPPluginJar : add genericplugin
2025-11-11 20:58:27,881 [INFO] IPUIPlugin:80 - create IPUIPlugin
2025-11-11 20:58:27,881 [INFO] PluginManager:220 - loadIPPluginJar : add gfxmmu
2025-11-11 20:58:27,886 [INFO] IPUIPlugin:80 - create IPUIPlugin
2025-11-11 20:58:27,886 [INFO] PluginManager:220 - loadIPPluginJar : add gic
2025-11-11 20:58:27,892 [INFO] IPUIPlugin:80 - create IPUIPlugin
2025-11-11 20:58:27,892 [INFO] PluginManager:220 - loadIPPluginJar : add gpio
2025-11-11 20:58:27,895 [INFO] IPUIPlugin:80 - create IPUIPlugin
2025-11-11 20:58:27,896 [INFO] PluginManager:220 - loadIPPluginJar : add gtzc
2025-11-11 20:58:27,899 [INFO] IPUIPlugin:80 - create IPUIPlugin
2025-11-11 20:58:27,899 [INFO] PluginManager:220 - loadIPPluginJar : add hash
2025-11-11 20:58:27,902 [INFO] IPUIPlugin:80 - create IPUIPlugin
2025-11-11 20:58:27,903 [INFO] PluginManager:220 - loadIPPluginJar : add i2c
2025-11-11 20:58:27,906 [INFO] IPUIPlugin:80 - create IPUIPlugin
2025-11-11 20:58:27,906 [INFO] PluginManager:220 - loadIPPluginJar : add i2s
2025-11-11 20:58:27,910 [INFO] IPUIPlugin:80 - create IPUIPlugin
2025-11-11 20:58:27,910 [INFO] PluginManager:220 - loadIPPluginJar : add i3c
2025-11-11 20:58:27,915 [INFO] IPUIPlugin:80 - create IPUIPlugin
2025-11-11 20:58:27,915 [INFO] PluginManager:220 - loadIPPluginJar : add ipddr
2025-11-11 20:58:27,922 [INFO] IPUIPlugin:80 - create IPUIPlugin
2025-11-11 20:58:27,923 [INFO] PluginManager:220 - loadIPPluginJar : add linkedlist
2025-11-11 20:58:27,927 [INFO] IPUIPlugin:80 - create IPUIPlugin
2025-11-11 20:58:27,927 [INFO] PluginManager:220 - loadIPPluginJar : add lorawan
2025-11-11 20:58:27,929 [INFO] IPUIPlugin:80 - create IPUIPlugin
2025-11-11 20:58:27,929 [INFO] PluginManager:220 - loadIPPluginJar : add ltdc
2025-11-11 20:58:27,936 [INFO] IPUIPlugin:80 - create IPUIPlugin
2025-11-11 20:58:27,936 [INFO] PluginManager:220 - loadIPPluginJar : add mdma
2025-11-11 20:58:27,940 [INFO] IPUIPlugin:80 - create IPUIPlugin
2025-11-11 20:58:27,940 [INFO] PluginManager:220 - loadIPPluginJar : add nvic
2025-11-11 20:58:27,944 [INFO] IPUIPlugin:80 - create IPUIPlugin
2025-11-11 20:58:27,944 [INFO] PluginManager:220 - loadIPPluginJar : add opamp
2025-11-11 20:58:27,947 [INFO] IPUIPlugin:80 - create IPUIPlugin
2025-11-11 20:58:27,947 [INFO] PluginManager:220 - loadIPPluginJar : add openamp
2025-11-11 20:58:27,951 [INFO] IPUIPlugin:80 - create IPUIPlugin
2025-11-11 20:58:27,951 [INFO] PluginManager:220 - loadIPPluginJar : add pdm2pcm
2025-11-11 20:58:27,957 [INFO] IPUIPlugin:80 - create IPUIPlugin
2025-11-11 20:58:27,959 [INFO] PluginManager:220 - loadIPPluginJar : add plateformsettings
2025-11-11 20:58:27,961 [INFO] IPUIPlugin:80 - create IPUIPlugin
2025-11-11 20:58:27,961 [INFO] PluginManager:220 - loadIPPluginJar : add quadspi
2025-11-11 20:58:27,963 [INFO] IPUIPlugin:80 - create IPUIPlugin
2025-11-11 20:58:27,964 [INFO] PluginManager:220 - loadIPPluginJar : add radio
2025-11-11 20:58:27,968 [INFO] IPUIPlugin:80 - create IPUIPlugin
2025-11-11 20:58:27,968 [INFO] PluginManager:220 - loadIPPluginJar : add resmgrutility
2025-11-11 20:58:27,971 [INFO] IPUIPlugin:80 - create IPUIPlugin
2025-11-11 20:58:27,972 [INFO] PluginManager:220 - loadIPPluginJar : add sai
2025-11-11 20:58:27,974 [INFO] IPUIPlugin:80 - create IPUIPlugin
2025-11-11 20:58:27,974 [INFO] PluginManager:220 - loadIPPluginJar : add spi
2025-11-11 20:58:27,980 [INFO] IPUIPlugin:80 - create IPUIPlugin
2025-11-11 20:58:27,980 [INFO] PluginManager:220 - loadIPPluginJar : add stm32_wpan
2025-11-11 20:58:27,982 [INFO] IPUIPlugin:80 - create IPUIPlugin
2025-11-11 20:58:27,983 [INFO] PluginManager:220 - loadIPPluginJar : add tim
2025-11-11 20:58:27,985 [ERROR] LogOutputStream:75 - [STDERR_REDIRECT] [Fatal Error] :1:1: Premature end of file.
2025-11-11 20:58:27,986 [ERROR] LogOutputStream:75 - [STDERR_REDIRECT] 
2025-11-11 20:58:27,986 [INFO] IPUIPlugin:80 - create IPUIPlugin
2025-11-11 20:58:27,986 [INFO] PluginManager:220 - loadIPPluginJar : add touchsensing
2025-11-11 20:58:27,988 [INFO] IPUIPlugin:80 - create IPUIPlugin
2025-11-11 20:58:27,989 [INFO] PluginManager:220 - loadIPPluginJar : add tracer_emb
2025-11-11 20:58:27,990 [INFO] IPUIPlugin:80 - create IPUIPlugin
2025-11-11 20:58:27,991 [INFO] PluginManager:220 - loadIPPluginJar : add ts
2025-11-11 20:58:27,992 [INFO] IPUIPlugin:80 - create IPUIPlugin
2025-11-11 20:58:27,992 [INFO] PluginManager:220 - loadIPPluginJar : add tsc
2025-11-11 20:58:27,994 [INFO] IPUIPlugin:80 - create IPUIPlugin
2025-11-11 20:58:27,994 [INFO] PluginManager:220 - loadIPPluginJar : add ucpd
2025-11-11 20:58:27,997 [INFO] IPUIPlugin:80 - create IPUIPlugin
2025-11-11 20:58:27,997 [INFO] PluginManager:220 - loadIPPluginJar : add usart
2025-11-11 20:58:28,000 [INFO] IPUIPlugin:80 - create IPUIPlugin
2025-11-11 20:58:28,000 [INFO] PluginManager:220 - loadIPPluginJar : add usbx
2025-11-11 20:58:28,122 [FATAL] Updater:351 - Updater called before beeing initialized
2025-11-11 20:58:28,172 [INFO] RulesReader:64 - Compatibility file has been processed (317 Rules)
2025-11-11 20:58:28,184 [INFO] RulesReader:64 - Compatibility file has been processed (317 Rules)
2025-11-11 20:58:28,197 [INFO] CADModel:165 - CPN selected for project level
2025-11-11 20:58:28,198 [INFO] CADModel:114 - Register for checkConnection events
2025-11-11 20:58:28,198 [FATAL] Updater:351 - Updater called before beeing initialized
2025-11-11 20:58:28,198 [ERROR] CADModel:125 - Updater not yet initialized, retry later 
2025-11-11 20:58:28,373 [FATAL] Updater:351 - Updater called before beeing initialized
2025-11-11 20:58:28,375 [INFO] CADModel:165 - CPN selected for project level
2025-11-11 20:58:28,376 [INFO] CADModel:114 - Register for checkConnection events
2025-11-11 20:58:28,376 [FATAL] Updater:351 - Updater called before beeing initialized
2025-11-11 20:58:28,376 [ERROR] CADModel:125 - Updater not yet initialized, retry later 
2025-11-11 20:58:28,380 [FATAL] Updater:351 - Updater called before beeing initialized
2025-11-11 20:58:28,495 [FATAL] Updater:351 - Updater called before beeing initialized
2025-11-11 20:58:28,499 [INFO] DbMcusAds:53 - JSON generation date=Thu Oct 02 15:06:05 IST 2025 (1759397765645)
2025-11-11 20:58:28,499 [FATAL] Updater:351 - Updater called before beeing initialized
2025-11-11 20:58:28,536 [WARN] DetailPanel:346 - Failed to get advertising image, set to default
2025-11-11 20:58:28,612 [FATAL] Updater:351 - Updater called before beeing initialized
2025-11-11 20:58:28,614 [FATAL] Updater:351 - Updater called before beeing initialized
2025-11-11 20:58:28,614 [FATAL] Updater:351 - Updater called before beeing initialized
2025-11-11 20:58:28,614 [WARN] DetailPanel:346 - Failed to get advertising image, set to default
2025-11-11 20:58:28,615 [FATAL] Updater:351 - Updater called before beeing initialized
2025-11-11 20:58:28,663 [ERROR] Updater:1198 - MainUpdater not yet initialized. External WinMGr cannot be set.
2025-11-11 20:58:28,666 [INFO] Updater:1134 - Updater Version found : 6.15.0
2025-11-11 20:58:28,685 [INFO] ApplicationProperties:184 - Using Application install path: C:\ST\STM32CubeIDE_1.18.1\STM32CubeIDE\plugins\com.st.stm32cube.common.mx_6.15.0.202507011659
2025-11-11 20:58:29,033 [ERROR] LogOutputStream:75 - [STDERR_REDIRECT] [Fatal Error] :1:1: Premature end of file.
2025-11-11 20:58:29,034 [ERROR] LogOutputStream:75 - [STDERR_REDIRECT] 
2025-11-11 20:58:30,018 [ERROR] LogOutputStream:75 - [STDERR_REDIRECT] [Fatal Error] :1:1: Premature end of file.
2025-11-11 20:58:30,018 [ERROR] LogOutputStream:75 - [STDERR_REDIRECT] 
2025-11-11 20:58:30,198 [INFO] ThirdPartyUpdaterWithRetryManager:70 - Updater plugin not ready yet. [2/15]
2025-11-11 20:58:30,261 [ERROR] LogOutputStream:75 - [STDERR_REDIRECT] Nov 11, 2025 8:58:30 PM java.util.prefs.WindowsPreferences <init>
2025-11-11 20:58:30,262 [ERROR] LogOutputStream:75 - [STDERR_REDIRECT] WARNING: Could not open/create prefs root node Software\JavaSoft\Prefs at root 0xffffffff80000002. Windows RegCreateKeyEx(...) returned error code 5.
2025-11-11 20:58:30,263 [ERROR] LogOutputStream:75 - [STDERR_REDIRECT] 
2025-11-11 20:58:31,005 [ERROR] LogOutputStream:75 - [STDERR_REDIRECT] [Fatal Error] :1:1: Premature end of file.
2025-11-11 20:58:31,005 [ERROR] LogOutputStream:75 - [STDERR_REDIRECT] 
2025-11-11 20:58:31,009 [INFO] MainUpdater:2872 - connection check result : 10
2025-11-11 20:58:31,009 [INFO] MainUpdater:3604 - Updater definition file requires update
2025-11-11 20:58:31,010 [INFO] MainUpdater:289 - Updater Check For Update Now.
2025-11-11 20:58:31,011 [INFO] MicroXplorer:498 - Change Database Version : DB.6.0.150
2025-11-11 20:58:31,022 [INFO] McuFinderGlobals:63 - Set McuFinder mode to 2 (CubeIDE integrated)
2025-11-11 20:58:31,023 [INFO] UserAuth:487 - Internet connection configuration mode: 1
2025-11-11 20:58:31,048 [INFO] JxBrowserEngine:152 - Initiate JxBrowser Engine with user profile folder
2025-11-11 20:58:31,453 [INFO] ServerAccessManage:452 - Complete download http(s) 200
2025-11-11 20:58:31,454 [INFO] ServerAccessManage:509 - Download File updaters.zip
2025-11-11 20:58:31,803 [INFO] FileExtend:248 - Unzip File : updaters.zip
2025-11-11 20:58:31,803 [INFO] FileExtend:263 - Standard Zip Deflate
2025-11-11 20:58:31,997 [ERROR] LogOutputStream:75 - [STDERR_REDIRECT] [Fatal Error] :1:1: Premature end of file.
2025-11-11 20:58:31,997 [ERROR] LogOutputStream:75 - [STDERR_REDIRECT] 
2025-11-11 20:58:32,419 [INFO] ServerAccessManage:452 - Complete download http(s) 200
2025-11-11 20:58:32,419 [INFO] ServerAccessManage:509 - Download File PacksControlFlags.xml
2025-11-11 20:58:32,559 [INFO] ServerAccessManage:452 - Complete download http(s) 200
2025-11-11 20:58:32,559 [INFO] ServerAccessManage:509 - Download File cubemx.pidx
2025-11-11 20:58:32,991 [ERROR] LogOutputStream:75 - [STDERR_REDIRECT] [Fatal Error] :1:1: Premature end of file.
2025-11-11 20:58:32,993 [ERROR] LogOutputStream:75 - [STDERR_REDIRECT] 
2025-11-11 20:58:33,200 [WARN] MainUpdater:1193 - Updater busy. Cannot search thirdparties
2025-11-11 20:58:33,200 [INFO] ThirdPartyUpdaterWithRetryManager:96 - Updater plugin is busy. [1/15]
2025-11-11 20:58:33,656 [INFO] WebApp:169 - Instantiating new browser for Auth
2025-11-11 20:58:33,986 [ERROR] LogOutputStream:75 - [STDERR_REDIRECT] [Fatal Error] :1:1: Premature end of file.
2025-11-11 20:58:33,987 [ERROR] LogOutputStream:75 - [STDERR_REDIRECT] 
2025-11-11 20:58:34,371 [INFO] ServerAccessManage:452 - Complete download http(s) 200
2025-11-11 20:58:34,372 [INFO] ServerAccessManage:509 - Download File Avnet-IOTCONNECT.X-CUBE-iotc-st67-sdk.pdsc
2025-11-11 20:58:34,686 [INFO] PopulateThirdPartyThread:66 - Ending populate Thread
2025-11-11 20:58:34,688 [INFO] ThirdParty:1030 - CMSIS Pack Vendor :Avnet-IOTCONNECT X-CUBE-iotc-st67-sdk 1.0.0
2025-11-11 20:58:34,689 [INFO] LoadServerUpdatesThread:375 - End of LoadServerUpdate Thread
2025-11-11 20:58:34,697 [INFO] CheckServerUpdateThread:120 - End of CheckServer Thread
2025-11-11 20:58:34,938 [INFO] WebApp:463 - Apply proxy settings
2025-11-11 20:58:34,939 [INFO] WebApp:548 - Chromium requires no authentication
2025-11-11 20:58:34,952 [INFO] WebApp:491 - Direct internet connection detected
2025-11-11 20:58:34,976 [INFO] WebApp:900 - Register for checkConnection events
2025-11-11 20:58:34,976 [INFO] WebApp:463 - Apply proxy settings
2025-11-11 20:58:34,976 [INFO] WebApp:548 - Chromium requires no authentication
2025-11-11 20:58:34,977 [INFO] WebApp:491 - Direct internet connection detected
2025-11-11 20:58:35,004 [ERROR] LogOutputStream:75 - [STDERR_REDIRECT] [Fatal Error] :1:1: Premature end of file.
2025-11-11 20:58:35,005 [ERROR] LogOutputStream:75 - [STDERR_REDIRECT] 
2025-11-11 20:58:35,144 [INFO] WebApp:225 - Starting web application
2025-11-11 20:58:35,144 [INFO] WebApp:593 - Web application path used C:\ST\STM32CubeIDE_1.18.1\STM32CubeIDE\plugins\com.st.stm32cube.common.mx_6.15.0.202507011659\db\plugins\mcufinder\reactClient1\index.html
2025-11-11 20:58:35,306 [INFO] UserAuth:487 - Internet connection configuration mode: 1
2025-11-11 20:58:35,720 [INFO] WebApp:191 - Connection restablished
2025-11-11 20:58:35,993 [ERROR] LogOutputStream:75 - [STDERR_REDIRECT] [Fatal Error] :1:1: Premature end of file.
2025-11-11 20:58:35,993 [ERROR] LogOutputStream:75 - [STDERR_REDIRECT] 
2025-11-11 20:58:36,498 [WARN] PackLoader:240 - Cannot read IP mode file for STMicroelectronics.FP-SNS-MOTENVWB1.1.4.0
2025-11-11 20:58:36,504 [WARN] PackLoader:240 - Cannot read IP mode file for STMicroelectronics.FP-ATR-ASTRA1.2.0.2
2025-11-11 20:58:36,509 [WARN] PackLoader:240 - Cannot read IP mode file for STMicroelectronics.X-CUBE-SMBUS.2.1.0
2025-11-11 20:58:36,514 [WARN] PackLoader:240 - Cannot read IP mode file for STMicroelectronics.X-CUBE-ST60.1.0.0
2025-11-11 20:58:36,538 [WARN] PackLoader:240 - Cannot read IP mode file for STMicroelectronics.X-CUBE-AZRTOS-F7.1.1.0
2025-11-11 20:58:36,547 [WARN] PackLoader:240 - Cannot read IP mode file for Cesanta.I-CUBE-Mongoose.7.19.0
2025-11-11 20:58:36,552 [WARN] PackLoader:240 - Cannot read IP mode file for STMicroelectronics.FP-SNS-MOTENV1.5.1.0
2025-11-11 20:58:36,568 [WARN] PackLoader:240 - Cannot read IP mode file for WES.I-CUBE-Cesium.1.4.0
2025-11-11 20:58:36,589 [WARN] PackLoader:240 - Cannot read IP mode file for Infineon.AIROC-Wi-Fi-Bluetooth-STM32.1.7.0
2025-11-11 20:58:36,607 [WARN] PackLoader:240 - Cannot read IP mode file for Infineon.AIROC-Wi-Fi-Bluetooth-STM32.1.7.1
2025-11-11 20:58:36,636 [WARN] PackLoader:240 - Cannot read IP mode file for STMicroelectronics.X-CUBE-AZRTOS-H7.3.4.0
2025-11-11 20:58:36,646 [WARN] PackLoader:240 - Cannot read IP mode file for STMicroelectronics.X-CUBE-DISPLAY.3.0.0
2025-11-11 20:58:36,658 [WARN] PackLoader:240 - Cannot read IP mode file for STMicroelectronics.X-CUBE-NFC10.1.0.0
2025-11-11 20:58:36,666 [WARN] PackLoader:240 - Cannot read IP mode file for STMicroelectronics.X-CUBE-BLEMGR.4.0.0
2025-11-11 20:58:36,671 [WARN] PackLoader:240 - Cannot read IP mode file for STMicroelectronics.X-CUBE-ST60.1.1.0
2025-11-11 20:58:36,677 [WARN] PackLoader:240 - Cannot read IP mode file for emotas.I-CUBE-CANOPEN.1.3.0
2025-11-11 20:58:36,682 [WARN] PackLoader:240 - Cannot read IP mode file for STMicroelectronics.X-CUBE-GNSS1.7.1.0
2025-11-11 20:58:36,687 [WARN] ConditionMgr:438 - getConditionDescription Invalid condition id : Cortex-A Device cause : null
2025-11-11 20:58:36,695 [WARN] ConditionMgr:1044 - genDependencies : Invalid condition id : Cortex-A Device cause : null
2025-11-11 20:58:36,695 [WARN] ConditionMgr:1044 - genDependencies : Invalid condition id : Cortex-A Device cause : null
2025-11-11 20:58:36,695 [WARN] ConditionMgr:1044 - genDependencies : Invalid condition id : Cortex-A Device cause : null
2025-11-11 20:58:36,699 [WARN] PackLoader:240 - Cannot read IP mode file for STMicroelectronics.X-CUBE-AI.10.0.0
2025-11-11 20:58:36,705 [WARN] PackLoader:240 - Cannot read IP mode file for STMicroelectronics.FP-SNS-STBOX1.2.1.0
2025-11-11 20:58:36,711 [WARN] PackLoader:240 - Cannot read IP mode file for STMicroelectronics.FP-SNS-SMARTAG2.1.2.0
2025-11-11 20:58:36,715 [WARN] PackLoader:240 - Cannot read IP mode file for STMicroelectronics.FP-SNS-FLIGHT1.5.1.0
2025-11-11 20:58:36,728 [INFO] LogOutputStream:77 - [STDOUT_REDIRECT] 1 : Invalid condition id : UX_CORESTACK_Condition cause : null
2025-11-11 20:58:36,729 [INFO] LogOutputStream:77 - [STDOUT_REDIRECT] 1 : Invalid condition id : UX_CORESTACK_Condition cause : null
2025-11-11 20:58:36,730 [INFO] LogOutputStream:77 - [STDOUT_REDIRECT] 1 : Invalid condition id : UX_CORESTACK_Condition cause : null
2025-11-11 20:58:36,731 [INFO] LogOutputStream:77 - [STDOUT_REDIRECT] 1 : Invalid condition id : UX_CORESTACK_Condition cause : null
2025-11-11 20:58:36,731 [INFO] LogOutputStream:77 - [STDOUT_REDIRECT] 1 : Invalid condition id : UX_CORESTACK_Condition cause : null
2025-11-11 20:58:36,733 [WARN] PackLoader:240 - Cannot read IP mode file for STMicroelectronics.X-CUBE-AZRTOS-WL.2.0.0
2025-11-11 20:58:36,738 [WARN] PackLoader:240 - Cannot read IP mode file for STMicroelectronics.FP-SNS-MOTENV1.5.0.0
2025-11-11 20:58:36,744 [WARN] PackLoader:240 - Cannot read IP mode file for WES.I-CUBE-Cesium.1.3.0
2025-11-11 20:58:36,749 [WARN] PackLoader:240 - Cannot read IP mode file for STMicroelectronics.X-CUBE-BLE2.3.3.0
2025-11-11 20:58:36,769 [WARN] PackLoader:240 - Cannot read IP mode file for STMicroelectronics.X-CUBE-NFC9.1.0.0
2025-11-11 20:58:36,774 [WARN] PackLoader:240 - Cannot read IP mode file for wolfSSL.I-CUBE-wolfSSL.5.8.0
2025-11-11 20:58:36,778 [WARN] PackLoader:240 - Cannot read IP mode file for wolfSSL.I-CUBE-wolfSSL.5.8.2
2025-11-11 20:58:36,782 [WARN] PackLoader:240 - Cannot read IP mode file for STMicroelectronics.X-CUBE-BLE1.7.1.0
2025-11-11 20:58:36,786 [WARN] PackLoader:240 - Cannot read IP mode file for wolfSSL.I-CUBE-wolfMQTT.1.19.2
2025-11-11 20:58:36,791 [WARN] PackLoader:240 - Cannot read IP mode file for STMicroelectronics.X-CUBE-EEPRMA1.5.2.0
2025-11-11 20:58:36,798 [WARN] PackLoader:240 - Cannot read IP mode file for STMicroelectronics.X-CUBE-ST67W61.1.1.0
2025-11-11 20:58:36,802 [WARN] PackLoader:240 - Cannot read IP mode file for STMicroelectronics.X-CUBE-AI.10.1.0
2025-11-11 20:58:36,830 [WARN] PackLoader:240 - Cannot read IP mode file for STMicroelectronics.X-CUBE-MEMS1.11.2.0
2025-11-11 20:58:36,918 [WARN] PackLoader:240 - Cannot read IP mode file for STMicroelectronics.X-CUBE-AZRTOS-G0.1.1.0
2025-11-11 20:58:36,926 [WARN] PackLoader:240 - Cannot read IP mode file for STMicroelectronics.X-CUBE-SAFEA1.1.2.2
2025-11-11 20:58:36,931 [WARN] PackLoader:240 - Cannot read IP mode file for STMicroelectronics.X-CUBE-NFC4.3.0.0
2025-11-11 20:58:36,937 [WARN] PackLoader:240 - Cannot read IP mode file for EmbeddedOffice.I-CUBE-FS-RTOS.1.0.1
2025-11-11 20:58:36,942 [WARN] PackLoader:240 - Cannot read IP mode file for STMicroelectronics.X-CUBE-WB05N.2.0.0
2025-11-11 20:58:36,947 [WARN] PackLoader:240 - Cannot read IP mode file for wolfSSL.I-CUBE-wolfTPM.3.8.0
2025-11-11 20:58:36,951 [WARN] PackLoader:240 - Cannot read IP mode file for STMicroelectronics.X-CUBE-TCPP.4.2.0
2025-11-11 20:58:36,956 [WARN] PackLoader:240 - Cannot read IP mode file for RealThread.X-CUBE-RT-Thread_Nano.4.1.1
2025-11-11 20:58:36,960 [WARN] PackLoader:240 - Cannot read IP mode file for STMicroelectronics.FP-ATR-SIGFOX1.3.2.0
2025-11-11 20:58:36,964 [WARN] PackLoader:240 - Cannot read IP mode file for STMicroelectronics.X-CUBE-EEPRMA1.5.1.0
2025-11-11 20:58:36,970 [WARN] PackLoader:240 - Cannot read IP mode file for ITTIA_DB.I-CUBE-ITTIADB.8.9.0
2025-11-11 20:58:36,981 [WARN] PackLoader:240 - Cannot read IP mode file for STMicroelectronics.X-CUBE-ST67W61.1.0.0
2025-11-11 20:58:36,984 [WARN] PackLoader:240 - Cannot read IP mode file for STMicroelectronics.X-CUBE-AI.10.2.0
2025-11-11 20:58:36,994 [ERROR] LogOutputStream:75 - [STDERR_REDIRECT] [Fatal Error] :1:1: Premature end of file.
2025-11-11 20:58:36,996 [ERROR] LogOutputStream:75 - [STDERR_REDIRECT] 
2025-11-11 20:58:37,004 [WARN] PackLoader:240 - Cannot read IP mode file for SEGGER.I-CUBE-embOS.1.3.1
2025-11-11 20:58:37,031 [WARN] PackLoader:240 - Cannot read IP mode file for STMicroelectronics.X-CUBE-ALGOBUILD.1.4.0
2025-11-11 20:58:37,066 [WARN] PackLoader:240 - Cannot read IP mode file for STMicroelectronics.X-CUBE-MEMS1.11.3.0
2025-11-11 20:58:37,165 [WARN] PackLoader:240 - Cannot read IP mode file for STMicroelectronics.X-CUBE-PM33A1.1.0.0
2025-11-11 20:58:37,182 [WARN] PackLoader:240 - Cannot read IP mode file for STMicroelectronics.X-CUBE-AZRTOS-F4.1.1.0
2025-11-11 20:58:37,189 [WARN] PackLoader:240 - Cannot read IP mode file for Avnet-IotConnect.X-CUBE-IoTC-DA16k-PMOD.1.0.0
2025-11-11 20:58:37,193 [WARN] PackLoader:240 - Cannot read IP mode file for STMicroelectronics.X-CUBE-ISPU.2.1.0
2025-11-11 20:58:37,218 [WARN] PackLoader:240 - Cannot read IP mode file for STMicroelectronics.X-CUBE-IPS.3.2.0
2025-11-11 20:58:37,231 [WARN] PackLoader:240 - Cannot read IP mode file for STMicroelectronics.X-CUBE-NFC12.1.0.0
2025-11-11 20:58:37,242 [WARN] PackLoader:240 - Cannot read IP mode file for STMicroelectronics.X-CUBE-AZRTOS-L5.2.0.0
2025-11-11 20:58:37,249 [WARN] PackLoader:240 - Cannot read IP mode file for STMicroelectronics.X-CUBE-NFC6.3.1.0
2025-11-11 20:58:37,255 [WARN] PackLoader:240 - Cannot read IP mode file for STMicroelectronics.X-CUBE-FREERTOS.1.3.1
2025-11-11 20:58:37,260 [WARN] PackLoader:240 - Cannot read IP mode file for STMicroelectronics.X-CUBE-TOUCHGFX.4.26.0
2025-11-11 20:58:37,264 [WARN] PackLoader:240 - Cannot read IP mode file for STMicroelectronics.FP-SNS-STAIOTCFT.1.0.0
2025-11-11 20:58:37,268 [WARN] PackLoader:240 - Cannot read IP mode file for STMicroelectronics.X-CUBE-DPower.1.3.0
2025-11-11 20:58:37,278 [WARN] ConditionMgr:438 - getConditionDescription Invalid condition id : LAN8742 Phy interface Condition cause : null
2025-11-11 20:58:37,279 [WARN] PackLoader:240 - Cannot read IP mode file for STMicroelectronics.X-CUBE-AZRTOS-L4.2.0.0
2025-11-11 20:58:37,280 [WARN] ConditionMgr:1044 - genDependencies : Invalid condition id : LAN8742 Phy interface Condition cause : null
2025-11-11 20:58:37,280 [WARN] ConditionMgr:1044 - genDependencies : Invalid condition id : LAN8742 Phy interface Condition cause : null
2025-11-11 20:58:37,280 [WARN] ConditionMgr:1044 - genDependencies : Invalid condition id : LAN8742 Phy interface Condition cause : null
2025-11-11 20:58:37,286 [WARN] PackLoader:240 - Cannot read IP mode file for STMicroelectronics.X-CUBE-SFXS2LP1.4.0.0
2025-11-11 20:58:37,298 [WARN] PackLoader:240 - Cannot read IP mode file for STMicroelectronics.X-CUBE-AZRTOS-H7.3.3.0
2025-11-11 20:58:37,307 [WARN] PackLoader:240 - Cannot read IP mode file for STMicroelectronics.X-CUBE-BLEMGR.4.1.0
2025-11-11 20:58:37,317 [WARN] ConditionMgr:438 - getConditionDescription Invalid condition id : UX DEVICE CLASS RTOS Condition cause : null
2025-11-11 20:58:37,317 [WARN] ConditionMgr:438 - getConditionDescription Invalid condition id : UX DEVICE CLASS RTOS Condition cause : null
2025-11-11 20:58:37,318 [WARN] PackLoader:240 - Cannot read IP mode file for STMicroelectronics.X-CUBE-AZRTOS-WB.2.0.0
2025-11-11 20:58:37,318 [WARN] ConditionMgr:1044 - genDependencies : Invalid condition id : UX DEVICE CLASS RTOS Condition cause : null
2025-11-11 20:58:37,319 [WARN] ConditionMgr:1044 - genDependencies : Invalid condition id : UX DEVICE CLASS RTOS Condition cause : null
2025-11-11 20:58:37,319 [WARN] ConditionMgr:1044 - genDependencies : Invalid condition id : UX DEVICE CLASS RTOS Condition cause : null
2025-11-11 20:58:37,319 [WARN] ConditionMgr:1044 - genDependencies : Invalid condition id : UX DEVICE CLASS RTOS Condition cause : null
2025-11-11 20:58:37,319 [WARN] ConditionMgr:1044 - genDependencies : Invalid condition id : UX DEVICE CLASS RTOS Condition cause : null
2025-11-11 20:58:37,323 [WARN] PackLoader:240 - Cannot read IP mode file for STMicroelectronics.X-CUBE-GNSS1.7.0.1
2025-11-11 20:58:37,328 [WARN] PackLoader:240 - Cannot read IP mode file for STMicroelectronics.X-CUBE-TOUCHGFX.4.25.0
2025-11-11 20:58:37,332 [WARN] PackLoader:240 - Cannot read IP mode file for STMicroelectronics.FP-SNS-STBOX1.2.0.0
2025-11-11 20:58:37,336 [WARN] ConditionMgr:438 - getConditionDescription Invalid condition id : Cortex-A Device cause : null
2025-11-11 20:58:37,342 [WARN] ConditionMgr:1044 - genDependencies : Invalid condition id : Cortex-A Device cause : null
2025-11-11 20:58:37,342 [WARN] ConditionMgr:1044 - genDependencies : Invalid condition id : Cortex-A Device cause : null
2025-11-11 20:58:37,342 [WARN] ConditionMgr:1044 - genDependencies : Invalid condition id : Cortex-A Device cause : null
2025-11-11 20:58:37,349 [WARN] PackLoader:240 - Cannot read IP mode file for STMicroelectronics.X-CUBE-SUBG2.5.0.0
2025-11-11 20:58:37,363 [WARN] PackLoader:240 - Cannot read IP mode file for STMicroelectronics.X-CUBE-AZRTOS-H7RS.1.1.0
2025-11-11 20:58:37,368 [WARN] PackLoader:240 - Cannot read IP mode file for Cesanta.I-CUBE-Mongoose.7.13.0
2025-11-11 20:58:37,377 [WARN] PackLoader:240 - Cannot read IP mode file for STMicroelectronics.X-CUBE-AZRTOS-G4.2.0.0
2025-11-11 20:58:37,381 [WARN] PackLoader:240 - Cannot read IP mode file for wolfSSL.I-CUBE-wolfSSH.1.4.20
2025-11-11 20:58:37,388 [WARN] PackLoader:240 - Cannot read IP mode file for STMicroelectronics.X-CUBE-NFC7.2.0.0
2025-11-11 20:58:37,401 [WARN] PackLoader:240 - Cannot read IP mode file for STMicroelectronics.X-CUBE-IPS.3.1.0
2025-11-11 20:58:37,412 [WARN] PackLoader:240 - Cannot read IP mode file for STMicroelectronics.X-CUBE-ALS.1.0.2
2025-11-11 20:58:37,418 [WARN] PackLoader:240 - Cannot read IP mode file for STMicroelectronics.X-CUBE-STSE01.1.0.0
2025-11-11 20:58:37,423 [WARN] PackLoader:240 - Cannot read IP mode file for portGmbH.I-Cube-SoM-uGOAL.1.1.0
2025-11-11 20:58:37,431 [WARN] PackLoader:240 - Cannot read IP mode file for STMicroelectronics.X-CUBE-TOF1.3.4.3
2025-11-11 20:58:37,438 [INFO] ThirdParty:978 - Integrity check success = true
2025-11-11 20:58:37,438 [INFO] IntegrityCheckThread:100 - exiting critical section [integrity check]
2025-11-11 20:58:37,438 [INFO] IntegrityCheckThread:103 - End integrity checks thread
2025-11-11 20:58:37,989 [ERROR] LogOutputStream:75 - [STDERR_REDIRECT] [Fatal Error] :1:1: Premature end of file.
2025-11-11 20:58:37,989 [ERROR] LogOutputStream:75 - [STDERR_REDIRECT] 
2025-11-11 20:58:39,010 [ERROR] LogOutputStream:75 - [STDERR_REDIRECT] [Fatal Error] :1:1: Premature end of file.
2025-11-11 20:58:39,010 [ERROR] LogOutputStream:75 - [STDERR_REDIRECT] 
2025-11-11 20:58:40,010 [ERROR] LogOutputStream:75 - [STDERR_REDIRECT] [Fatal Error] :1:1: Premature end of file.
2025-11-11 20:58:40,011 [ERROR] LogOutputStream:75 - [STDERR_REDIRECT] 
2025-11-11 20:58:41,195 [ERROR] LogOutputStream:75 - [STDERR_REDIRECT] [Fatal Error] :1:1: Premature end of file.
2025-11-11 20:58:41,197 [ERROR] LogOutputStream:75 - [STDERR_REDIRECT] 
2025-11-11 20:58:42,003 [ERROR] LogOutputStream:75 - [STDERR_REDIRECT] [Fatal Error] :1:1: Premature end of file.
2025-11-11 20:58:42,003 [ERROR] LogOutputStream:75 - [STDERR_REDIRECT] 
2025-11-11 20:58:43,011 [ERROR] LogOutputStream:75 - [STDERR_REDIRECT] [Fatal Error] :1:1: Premature end of file.
2025-11-11 20:58:43,011 [ERROR] LogOutputStream:75 - [STDERR_REDIRECT] 
2025-11-11 20:58:44,022 [ERROR] LogOutputStream:75 - [STDERR_REDIRECT] [Fatal Error] :1:1: Premature end of file.
2025-11-11 20:58:44,023 [ERROR] LogOutputStream:75 - [STDERR_REDIRECT] 
2025-11-11 20:58:45,009 [ERROR] LogOutputStream:75 - [STDERR_REDIRECT] [Fatal Error] :1:1: Premature end of file.
2025-11-11 20:58:45,010 [ERROR] LogOutputStream:75 - [STDERR_REDIRECT] 
2025-11-11 20:58:46,042 [ERROR] LogOutputStream:75 - [STDERR_REDIRECT] [Fatal Error] :1:1: Premature end of file.
2025-11-11 20:58:46,043 [ERROR] LogOutputStream:75 - [STDERR_REDIRECT] 
2025-11-11 20:58:47,156 [ERROR] LogOutputStream:75 - [STDERR_REDIRECT] [Fatal Error] :1:1: Premature end of file.
2025-11-11 20:58:47,157 [ERROR] LogOutputStream:75 - [STDERR_REDIRECT] 
2025-11-11 20:58:48,077 [ERROR] LogOutputStream:75 - [STDERR_REDIRECT] [Fatal Error] :1:1: Premature end of file.
2025-11-11 20:58:48,078 [ERROR] LogOutputStream:75 - [STDERR_REDIRECT] 
2025-11-11 20:58:49,038 [ERROR] LogOutputStream:75 - [STDERR_REDIRECT] [Fatal Error] :1:1: Premature end of file.
2025-11-11 20:58:49,038 [ERROR] LogOutputStream:75 - [STDERR_REDIRECT] 
2025-11-11 20:58:50,025 [ERROR] LogOutputStream:75 - [STDERR_REDIRECT] [Fatal Error] :1:1: Premature end of file.
2025-11-11 20:58:50,025 [ERROR] LogOutputStream:75 - [STDERR_REDIRECT] 
2025-11-11 20:58:51,029 [ERROR] LogOutputStream:75 - [STDERR_REDIRECT] [Fatal Error] :1:1: Premature end of file.
2025-11-11 20:58:51,030 [ERROR] LogOutputStream:75 - [STDERR_REDIRECT] 
2025-11-11 20:58:52,039 [ERROR] LogOutputStream:75 - [STDERR_REDIRECT] [Fatal Error] :1:1: Premature end of file.
2025-11-11 20:58:52,039 [ERROR] LogOutputStream:75 - [STDERR_REDIRECT] 
2025-11-11 20:58:53,219 [ERROR] LogOutputStream:75 - [STDERR_REDIRECT] [Fatal Error] :1:1: Premature end of file.
2025-11-11 20:58:53,219 [ERROR] LogOutputStream:75 - [STDERR_REDIRECT] 
2025-11-11 20:58:54,043 [ERROR] LogOutputStream:75 - [STDERR_REDIRECT] [Fatal Error] :1:1: Premature end of file.
2025-11-11 20:58:54,044 [ERROR] LogOutputStream:75 - [STDERR_REDIRECT] 
2025-11-11 20:58:55,029 [ERROR] LogOutputStream:75 - [STDERR_REDIRECT] [Fatal Error] :1:1: Premature end of file.
2025-11-11 20:58:55,029 [ERROR] LogOutputStream:75 - [STDERR_REDIRECT] 
2025-11-11 20:58:56,042 [ERROR] LogOutputStream:75 - [STDERR_REDIRECT] [Fatal Error] :1:1: Premature end of file.
2025-11-11 20:58:56,043 [ERROR] LogOutputStream:75 - [STDERR_REDIRECT] 
2025-11-11 20:58:57,018 [ERROR] LogOutputStream:75 - [STDERR_REDIRECT] [Fatal Error] :1:1: Premature end of file.
2025-11-11 20:58:57,019 [ERROR] LogOutputStream:75 - [STDERR_REDIRECT] 
2025-11-11 20:58:58,046 [ERROR] LogOutputStream:75 - [STDERR_REDIRECT] [Fatal Error] :1:1: Premature end of file.
2025-11-11 20:58:58,046 [ERROR] LogOutputStream:75 - [STDERR_REDIRECT] 
2025-11-11 20:58:59,163 [ERROR] LogOutputStream:75 - [STDERR_REDIRECT] [Fatal Error] :1:1: Premature end of file.
2025-11-11 20:58:59,164 [ERROR] LogOutputStream:75 - [STDERR_REDIRECT] 
2025-11-11 20:59:00,029 [ERROR] LogOutputStream:75 - [STDERR_REDIRECT] [Fatal Error] :1:1: Premature end of file.
2025-11-11 20:59:00,030 [ERROR] LogOutputStream:75 - [STDERR_REDIRECT] 
2025-11-11 20:59:01,034 [ERROR] LogOutputStream:75 - [STDERR_REDIRECT] [Fatal Error] :1:1: Premature end of file.
2025-11-11 20:59:01,035 [ERROR] LogOutputStream:75 - [STDERR_REDIRECT] 
2025-11-11 20:59:02,033 [ERROR] LogOutputStream:75 - [STDERR_REDIRECT] [Fatal Error] :1:1: Premature end of file.
2025-11-11 20:59:02,034 [ERROR] LogOutputStream:75 - [STDERR_REDIRECT] 
2025-11-11 20:59:03,042 [ERROR] LogOutputStream:75 - [STDERR_REDIRECT] [Fatal Error] :1:1: Premature end of file.
2025-11-11 20:59:03,043 [ERROR] LogOutputStream:75 - [STDERR_REDIRECT] 
2025-11-11 20:59:04,032 [ERROR] LogOutputStream:75 - [STDERR_REDIRECT] [Fatal Error] :1:1: Premature end of file.
2025-11-11 20:59:04,033 [ERROR] LogOutputStream:75 - [STDERR_REDIRECT] 
2025-11-11 20:59:05,029 [ERROR] LogOutputStream:75 - [STDERR_REDIRECT] [Fatal Error] :1:1: Premature end of file.
2025-11-11 20:59:05,029 [ERROR] LogOutputStream:75 - [STDERR_REDIRECT] 
2025-11-11 20:59:06,139 [ERROR] LogOutputStream:75 - [STDERR_REDIRECT] [Fatal Error] :1:1: Premature end of file.
2025-11-11 20:59:06,139 [ERROR] LogOutputStream:75 - [STDERR_REDIRECT] 
2025-11-11 20:59:07,016 [ERROR] LogOutputStream:75 - [STDERR_REDIRECT] [Fatal Error] :1:1: Premature end of file.
2025-11-11 20:59:07,016 [ERROR] LogOutputStream:75 - [STDERR_REDIRECT] 
2025-11-11 20:59:08,034 [ERROR] LogOutputStream:75 - [STDERR_REDIRECT] [Fatal Error] :1:1: Premature end of file.
2025-11-11 20:59:08,035 [ERROR] LogOutputStream:75 - [STDERR_REDIRECT] 
2025-11-11 20:59:09,032 [ERROR] LogOutputStream:75 - [STDERR_REDIRECT] [Fatal Error] :1:1: Premature end of file.
2025-11-11 20:59:09,033 [ERROR] LogOutputStream:75 - [STDERR_REDIRECT] 
2025-11-11 20:59:10,043 [ERROR] LogOutputStream:75 - [STDERR_REDIRECT] [Fatal Error] :1:1: Premature end of file.
2025-11-11 20:59:10,044 [ERROR] LogOutputStream:75 - [STDERR_REDIRECT] 
2025-11-11 20:59:11,220 [ERROR] LogOutputStream:75 - [STDERR_REDIRECT] [Fatal Error] :1:1: Premature end of file.
2025-11-11 20:59:11,220 [ERROR] LogOutputStream:75 - [STDERR_REDIRECT] 
2025-11-11 20:59:12,038 [ERROR] LogOutputStream:75 - [STDERR_REDIRECT] [Fatal Error] :1:1: Premature end of file.
2025-11-11 20:59:12,038 [ERROR] LogOutputStream:75 - [STDERR_REDIRECT] 
2025-11-11 20:59:13,026 [ERROR] LogOutputStream:75 - [STDERR_REDIRECT] [Fatal Error] :1:1: Premature end of file.
2025-11-11 20:59:13,027 [ERROR] LogOutputStream:75 - [STDERR_REDIRECT] 
2025-11-11 20:59:14,030 [ERROR] LogOutputStream:75 - [STDERR_REDIRECT] [Fatal Error] :1:1: Premature end of file.
2025-11-11 20:59:14,030 [ERROR] LogOutputStream:75 - [STDERR_REDIRECT] 
2025-11-11 20:59:15,047 [ERROR] LogOutputStream:75 - [STDERR_REDIRECT] [Fatal Error] :1:1: Premature end of file.
2025-11-11 20:59:15,048 [ERROR] LogOutputStream:75 - [STDERR_REDIRECT] 
2025-11-11 20:59:16,045 [ERROR] LogOutputStream:75 - [STDERR_REDIRECT] [Fatal Error] :1:1: Premature end of file.
2025-11-11 20:59:16,046 [ERROR] LogOutputStream:75 - [STDERR_REDIRECT] 
2025-11-11 20:59:17,245 [ERROR] LogOutputStream:75 - [STDERR_REDIRECT] [Fatal Error] :1:1: Premature end of file.
2025-11-11 20:59:17,245 [ERROR] LogOutputStream:75 - [STDERR_REDIRECT] 
2025-11-11 20:59:18,031 [ERROR] LogOutputStream:75 - [STDERR_REDIRECT] [Fatal Error] :1:1: Premature end of file.
2025-11-11 20:59:18,032 [ERROR] LogOutputStream:75 - [STDERR_REDIRECT] 
2025-11-11 20:59:19,001 [ERROR] LogOutputStream:75 - [STDERR_REDIRECT] [Fatal Error] :1:1: Premature end of file.
2025-11-11 20:59:19,002 [ERROR] LogOutputStream:75 - [STDERR_REDIRECT] 
2025-11-11 20:59:20,008 [ERROR] LogOutputStream:75 - [STDERR_REDIRECT] [Fatal Error] :1:1: Premature end of file.
2025-11-11 20:59:20,008 [ERROR] LogOutputStream:75 - [STDERR_REDIRECT] 
2025-11-11 20:59:20,998 [ERROR] LogOutputStream:75 - [STDERR_REDIRECT] [Fatal Error] :1:1: Premature end of file.
2025-11-11 20:59:20,998 [ERROR] LogOutputStream:75 - [STDERR_REDIRECT] 
2025-11-11 20:59:22,014 [ERROR] LogOutputStream:75 - [STDERR_REDIRECT] [Fatal Error] :1:1: Premature end of file.
2025-11-11 20:59:22,014 [ERROR] LogOutputStream:75 - [STDERR_REDIRECT] 
2025-11-11 20:59:23,432 [ERROR] LogOutputStream:75 - [STDERR_REDIRECT] [Fatal Error] :1:1: Premature end of file.
2025-11-11 20:59:23,432 [ERROR] LogOutputStream:75 - [STDERR_REDIRECT] 
2025-11-11 20:59:23,647 [ERROR] LogOutputStream:75 - [STDERR_REDIRECT] 
2025-11-11 20:59:23,649 [ERROR] LogOutputStream:75 - [STDERR_REDIRECT] 
2025-11-11 21:01:05,019 [INFO] Activator:176 - 


2025-11-11 21:01:05,020 [INFO] Activator:177 - !SESSION log4j initialized
2025-11-11 21:01:07,902 [INFO] LogOutputStream:77 - [STDOUT_REDIRECT] 
2025-11-11 21:01:13,457 [ERROR] LogOutputStream:75 - [STDERR_REDIRECT] [Fatal Error] :1:1: Premature end of file.
2025-11-11 21:01:13,458 [ERROR] LogOutputStream:75 - [STDERR_REDIRECT] 
2025-11-11 21:01:13,846 [INFO] ApplicationProperties:184 - Using Application install path: C:\ST\STM32CubeIDE_1.18.1\STM32CubeIDE\plugins\com.st.stm32cube.common.mx_6.15.0.202507011659
2025-11-11 21:01:13,864 [INFO] DbMcusXml:78 - Set database path to: C:\ST\STM32CubeIDE_1.18.1\STM32CubeIDE\plugins\com.st.stm32cube.common.mx_6.15.0.202507011659\\db\/mcu/
2025-11-11 21:01:13,864 [INFO] ApiDb:274 - Set plugin database path to: C:\ST\STM32CubeIDE_1.18.1\STM32CubeIDE\plugins\com.st.stm32cube.common.mx_6.15.0.202507011659\\db\/plugins/boardmanager/
2025-11-11 21:01:13,864 [WARN] ApiDb:259 - Overriding images path with different value:  => C:\ST\STM32CubeIDE_1.18.1\STM32CubeIDE\plugins\com.st.stm32cube.common.mx_6.15.0.202507011659\\db\/plugins/mcufinder/images/
2025-11-11 21:01:13,871 [INFO] ApiDb:250 - Set database path to: C:\Users\mathe\.stmcufinder\plugins\mcufinder//mcu/
2025-11-11 21:01:13,872 [INFO] DbMcusAds:125 - Set database path to: C:\Users\mathe\.stmcufinder\plugins\mcufinder//mcu/
2025-11-11 21:01:13,874 [INFO] CrossReferenceDbSqlite:203 - Set database path to: C:\Users\mathe\.stmcufinder\plugins\mcufinder//mcu/cs/
2025-11-11 21:01:13,983 [INFO] RulesReader:64 - Compatibility file has been processed (317 Rules)
2025-11-11 21:01:14,103 [INFO] DbMcusXml:78 - Set database path to: C:\ST\STM32CubeIDE_1.18.1\STM32CubeIDE\plugins\com.st.stm32cube.common.mx_6.15.0.202507011659\\db\/mcu/
2025-11-11 21:01:14,103 [INFO] ApiDb:274 - Set plugin database path to: C:\ST\STM32CubeIDE_1.18.1\STM32CubeIDE\plugins\com.st.stm32cube.common.mx_6.15.0.202507011659\\db\/plugins/boardmanager/
2025-11-11 21:01:14,104 [INFO] ApiDb:261 - Set plugin images path to: C:\ST\STM32CubeIDE_1.18.1\STM32CubeIDE\plugins\com.st.stm32cube.common.mx_6.15.0.202507011659\\db\/plugins/mcufinder/images/
2025-11-11 21:01:14,104 [WARN] DbFile:41 - Overriding database path with different value: C:\Users\mathe\.stmcufinder\plugins\mcufinder/ => C:\Users\mathe\.stmcufinder\plugins\mcufinder
2025-11-11 21:01:14,104 [INFO] ApiDb:250 - Set database path to: C:\Users\mathe\.stmcufinder\plugins\mcufinder//mcu/
2025-11-11 21:01:14,104 [WARN] DbFile:41 - Overriding database path with different value: C:\Users\mathe\.stmcufinder\plugins\mcufinder/ => C:\Users\mathe\.stmcufinder\plugins\mcufinder
2025-11-11 21:01:14,104 [INFO] DbMcusAds:125 - Set database path to: C:\Users\mathe\.stmcufinder\plugins\mcufinder//mcu/
2025-11-11 21:01:14,104 [WARN] DbFile:41 - Overriding database path with different value: C:\Users\mathe\.stmcufinder\plugins\mcufinder/ => C:\Users\mathe\.stmcufinder\plugins\mcufinder
2025-11-11 21:01:14,104 [WARN] DbFile:41 - Overriding database path with different value: C:\Users\mathe\.stmcufinder\plugins\mcufinder/ => C:\Users\mathe\.stmcufinder\plugins\mcufinder
2025-11-11 21:01:14,104 [INFO] CrossReferenceDbSqlite:203 - Set database path to: C:\Users\mathe\.stmcufinder\plugins\mcufinder//mcu/cs/
2025-11-11 21:01:14,232 [INFO] MainPanel:274 - HeapMemory: 268435456
2025-11-11 21:01:14,390 [INFO] DbMcusXml:78 - Set database path to: C:\ST\STM32CubeIDE_1.18.1\STM32CubeIDE\plugins\com.st.stm32cube.common.mx_6.15.0.202507011659\\db\/mcu/
2025-11-11 21:01:14,390 [INFO] ApiDb:274 - Set plugin database path to: C:\ST\STM32CubeIDE_1.18.1\STM32CubeIDE\plugins\com.st.stm32cube.common.mx_6.15.0.202507011659\\db\/plugins/boardmanager/
2025-11-11 21:01:14,390 [INFO] ApiDb:261 - Set plugin images path to: C:\ST\STM32CubeIDE_1.18.1\STM32CubeIDE\plugins\com.st.stm32cube.common.mx_6.15.0.202507011659\\db\/plugins/mcufinder/images/
2025-11-11 21:01:14,391 [WARN] DbFile:41 - Overriding database path with different value: C:\Users\mathe\.stmcufinder\plugins\mcufinder/ => C:\Users\mathe\.stmcufinder\plugins\mcufinder
2025-11-11 21:01:14,391 [INFO] ApiDb:250 - Set database path to: C:\Users\mathe\.stmcufinder\plugins\mcufinder//mcu/
2025-11-11 21:01:14,391 [WARN] DbFile:41 - Overriding database path with different value: C:\Users\mathe\.stmcufinder\plugins\mcufinder/ => C:\Users\mathe\.stmcufinder\plugins\mcufinder
2025-11-11 21:01:14,391 [INFO] DbMcusAds:125 - Set database path to: C:\Users\mathe\.stmcufinder\plugins\mcufinder//mcu/
2025-11-11 21:01:14,391 [WARN] DbFile:41 - Overriding database path with different value: C:\Users\mathe\.stmcufinder\plugins\mcufinder/ => C:\Users\mathe\.stmcufinder\plugins\mcufinder
2025-11-11 21:01:14,391 [WARN] DbFile:41 - Overriding database path with different value: C:\Users\mathe\.stmcufinder\plugins\mcufinder/ => C:\Users\mathe\.stmcufinder\plugins\mcufinder
2025-11-11 21:01:14,391 [INFO] CrossReferenceDbSqlite:203 - Set database path to: C:\Users\mathe\.stmcufinder\plugins\mcufinder//mcu/cs/
2025-11-11 21:01:14,426 [INFO] ApplicationProperties:184 - Using Application install path: C:\ST\STM32CubeIDE_1.18.1\STM32CubeIDE\plugins\com.st.stm32cube.common.mx_6.15.0.202507011659
2025-11-11 21:01:14,427 [INFO] PluginManage:196 - Search for loadable plugins [exclusion list=, ]
2025-11-11 21:01:14,430 [INFO] PluginManage:310 - Check plugin analytics
2025-11-11 21:01:14,550 [ERROR] LogOutputStream:75 - [STDERR_REDIRECT] [Fatal Error] :1:1: Premature end of file.
2025-11-11 21:01:14,551 [ERROR] LogOutputStream:75 - [STDERR_REDIRECT] 
2025-11-11 21:01:15,443 [ERROR] LogOutputStream:75 - [STDERR_REDIRECT] [Fatal Error] :1:1: Premature end of file.
2025-11-11 21:01:15,443 [ERROR] LogOutputStream:75 - [STDERR_REDIRECT] 
2025-11-11 21:01:16,439 [ERROR] LogOutputStream:75 - [STDERR_REDIRECT] [Fatal Error] :1:1: Premature end of file.
2025-11-11 21:01:16,440 [ERROR] LogOutputStream:75 - [STDERR_REDIRECT] 
2025-11-11 21:01:17,458 [ERROR] LogOutputStream:75 - [STDERR_REDIRECT] [Fatal Error] :1:1: Premature end of file.
2025-11-11 21:01:17,458 [ERROR] LogOutputStream:75 - [STDERR_REDIRECT] 
2025-11-11 21:01:18,458 [ERROR] LogOutputStream:75 - [STDERR_REDIRECT] [Fatal Error] :1:1: Premature end of file.
2025-11-11 21:01:18,459 [ERROR] LogOutputStream:75 - [STDERR_REDIRECT] 
2025-11-11 21:01:19,457 [ERROR] LogOutputStream:75 - [STDERR_REDIRECT] [Fatal Error] :1:1: Premature end of file.
2025-11-11 21:01:19,457 [ERROR] LogOutputStream:75 - [STDERR_REDIRECT] 
2025-11-11 21:01:19,697 [INFO] AnalyticsPlugin:253 - Accepted Software Licenses: 
2025-11-11 21:01:19,697 [INFO] AnalyticsPlugin:255 - Accepted CMSIS Pack Licenses: 
2025-11-11 21:01:19,698 [INFO] AnalyticsPlugin:257 - Accepted Firmware Licenses: 
2025-11-11 21:01:19,702 [INFO] PluginManage:359 - Loaded plugin analytics (category:tool,tabindex:-1)
2025-11-11 21:01:19,703 [INFO] PluginManage:310 - Check plugin cadmodel
2025-11-11 21:01:19,707 [INFO] CADModel:105 - Init CAD model plugin
2025-11-11 21:01:19,707 [INFO] PluginManage:359 - Loaded plugin cadmodel (category:power,tabindex:5)
2025-11-11 21:01:19,707 [INFO] PluginManage:310 - Check plugin clock
2025-11-11 21:01:19,714 [INFO] PluginManage:359 - Loaded plugin clock (category:base,tabindex:2)
2025-11-11 21:01:19,714 [INFO] PluginManage:310 - Check plugin ddr
2025-11-11 21:01:19,716 [INFO] PluginManage:359 - Loaded plugin ddr (category:tool,tabindex:6)
2025-11-11 21:01:19,716 [INFO] PluginManage:310 - Check plugin filemanager
2025-11-11 21:01:19,843 [INFO] PluginManage:359 - Loaded plugin filemanager (category:base,tabindex:10)
2025-11-11 21:01:19,844 [INFO] PluginManage:310 - Check plugin ipmanager
2025-11-11 21:01:19,850 [INFO] PluginManage:359 - Loaded plugin ipmanager (category:base,tabindex:5)
2025-11-11 21:01:19,851 [INFO] PluginManage:310 - Check plugin lpbam
2025-11-11 21:01:19,863 [INFO] PluginManage:359 - Loaded plugin lpbam (category:base,tabindex:0)
2025-11-11 21:01:19,864 [INFO] PluginManage:310 - Check plugin memorymap
2025-11-11 21:01:19,879 [INFO] PluginManage:359 - Loaded plugin memorymap (category:base,tabindex:4)
2025-11-11 21:01:19,879 [INFO] PluginManage:310 - Check plugin pinoutandconfiguration
2025-11-11 21:01:19,891 [INFO] PluginManage:359 - Loaded plugin pinoutandconfiguration (category:base,tabindex:1)
2025-11-11 21:01:19,891 [INFO] PluginManage:310 - Check plugin pinoutconfig
2025-11-11 21:01:19,982 [WARN] SupportedApi:132 - Cannot load RTOS API schema: s4s-elt-must-match.1: The content of 'definitions' must match (annotation?, (simpleType | complexType)?, (unique | key | keyref)*)). A problem was found starting at: attribute.
2025-11-11 21:01:20,103 [INFO] PluginManage:359 - Loaded plugin pinoutconfig (category:base,tabindex:0)
2025-11-11 21:01:20,103 [INFO] PluginManage:310 - Check plugin power
2025-11-11 21:01:20,111 [INFO] PluginManage:359 - Loaded plugin power (category:power,tabindex:4)
2025-11-11 21:01:20,112 [INFO] PluginManage:310 - Check plugin projectmanager
2025-11-11 21:01:20,137 [INFO] PluginManage:359 - Loaded plugin projectmanager (category:projectmanager,tabindex:4)
2025-11-11 21:01:20,137 [INFO] PluginManage:310 - Check plugin rif
2025-11-11 21:01:20,150 [INFO] PluginManage:359 - Loaded plugin rif (category:base,tabindex:3)
2025-11-11 21:01:20,150 [INFO] PluginManage:310 - Check plugin thirdparty
2025-11-11 21:01:20,347 [INFO] PluginManage:359 - Loaded plugin thirdparty (category:base,tabindex:-1)
2025-11-11 21:01:20,347 [INFO] PluginManage:310 - Check plugin tools
2025-11-11 21:01:20,347 [WARN] IntegrityCheckThread:84 - waiting for thirdparty lock release [integrity check]
2025-11-11 21:01:20,347 [INFO] IntegrityCheckThread:86 - entering critical section [integrity check]
2025-11-11 21:01:20,348 [INFO] ThirdPartyUpdaterWithRetryManager:70 - Updater plugin not ready yet. [1/15]
2025-11-11 21:01:20,349 [INFO] PluginManage:359 - Loaded plugin tools (category:base,tabindex:7)
2025-11-11 21:01:20,350 [INFO] PluginManage:310 - Check plugin tutovideos
2025-11-11 21:01:20,489 [ERROR] LogOutputStream:75 - [STDERR_REDIRECT] [Fatal Error] :1:1: Premature end of file.
2025-11-11 21:01:20,489 [ERROR] LogOutputStream:75 - [STDERR_REDIRECT] 
2025-11-11 21:01:20,536 [INFO] PluginManage:359 - Loaded plugin tutovideos (category:base,tabindex:-1)
2025-11-11 21:01:20,536 [INFO] PluginManage:310 - Check plugin updater
2025-11-11 21:01:20,560 [INFO] PluginManage:359 - Loaded plugin updater (category:base,tabindex:12)
2025-11-11 21:01:20,561 [INFO] PluginManage:310 - Check plugin userauth
2025-11-11 21:01:20,564 [INFO] UserAuth:118 - Init User Auth plugin
2025-11-11 21:01:20,565 [INFO] PluginManage:359 - Loaded plugin userauth (category:base,tabindex:14)
2025-11-11 21:01:20,565 [INFO] PluginManage:283 - PluginManage : Loaded plugins [18]
2025-11-11 21:01:20,806 [INFO] PinOutPanel:1589 - setPackage(No Configuration,No Configuration)
2025-11-11 21:01:20,937 [INFO] CADModel:165 - CPN selected for project level
2025-11-11 21:01:20,938 [INFO] CADModel:114 - Register for checkConnection events
2025-11-11 21:01:20,964 [INFO] IPUIPlugin:80 - create IPUIPlugin
2025-11-11 21:01:20,964 [INFO] PluginManager:220 - loadIPPluginJar : add adc
2025-11-11 21:01:20,968 [INFO] IPUIPlugin:80 - create IPUIPlugin
2025-11-11 21:01:20,968 [INFO] PluginManager:220 - loadIPPluginJar : add aes
2025-11-11 21:01:20,972 [INFO] IPUIPlugin:80 - create IPUIPlugin
2025-11-11 21:01:20,973 [INFO] PluginManager:220 - loadIPPluginJar : add can
2025-11-11 21:01:20,976 [INFO] IPUIPlugin:80 - create IPUIPlugin
2025-11-11 21:01:20,976 [INFO] PluginManager:220 - loadIPPluginJar : add comp
2025-11-11 21:01:20,980 [INFO] IPUIPlugin:80 - create IPUIPlugin
2025-11-11 21:01:20,981 [INFO] PluginManager:220 - loadIPPluginJar : add cryp
2025-11-11 21:01:20,984 [INFO] IPUIPlugin:80 - create IPUIPlugin
2025-11-11 21:01:20,985 [INFO] PluginManager:220 - loadIPPluginJar : add ddr_ctrl_phy
2025-11-11 21:01:20,987 [INFO] IPUIPlugin:80 - create IPUIPlugin
2025-11-11 21:01:20,987 [INFO] PluginManager:220 - loadIPPluginJar : add dfsdm
2025-11-11 21:01:20,998 [INFO] IPUIPlugin:80 - create IPUIPlugin
2025-11-11 21:01:20,999 [INFO] PluginManager:220 - loadIPPluginJar : add dma
2025-11-11 21:01:21,004 [INFO] IPUIPlugin:80 - create IPUIPlugin
2025-11-11 21:01:21,004 [INFO] PluginManager:220 - loadIPPluginJar : add dma3
2025-11-11 21:01:21,009 [INFO] IPUIPlugin:80 - create IPUIPlugin
2025-11-11 21:01:21,009 [INFO] PluginManager:220 - loadIPPluginJar : add extmemmanager
2025-11-11 21:01:21,013 [INFO] IPUIPlugin:80 - create IPUIPlugin
2025-11-11 21:01:21,013 [INFO] PluginManager:220 - loadIPPluginJar : add fatfs
2025-11-11 21:01:21,022 [INFO] IPUIPlugin:80 - create IPUIPlugin
2025-11-11 21:01:21,022 [INFO] PluginManager:220 - loadIPPluginJar : add fmc
2025-11-11 21:01:21,033 [INFO] IPUIPlugin:80 - create IPUIPlugin
2025-11-11 21:01:21,035 [INFO] PluginManager:220 - loadIPPluginJar : add freertos
2025-11-11 21:01:21,036 [INFO] IPUIPlugin:80 - create IPUIPlugin
2025-11-11 21:01:21,037 [INFO] PluginManager:220 - loadIPPluginJar : add genericplugin
2025-11-11 21:01:21,039 [INFO] IPUIPlugin:80 - create IPUIPlugin
2025-11-11 21:01:21,039 [INFO] PluginManager:220 - loadIPPluginJar : add gfxmmu
2025-11-11 21:01:21,046 [INFO] IPUIPlugin:80 - create IPUIPlugin
2025-11-11 21:01:21,046 [INFO] PluginManager:220 - loadIPPluginJar : add gic
2025-11-11 21:01:21,052 [INFO] IPUIPlugin:80 - create IPUIPlugin
2025-11-11 21:01:21,052 [INFO] PluginManager:220 - loadIPPluginJar : add gpio
2025-11-11 21:01:21,058 [INFO] IPUIPlugin:80 - create IPUIPlugin
2025-11-11 21:01:21,058 [INFO] PluginManager:220 - loadIPPluginJar : add gtzc
2025-11-11 21:01:21,061 [INFO] IPUIPlugin:80 - create IPUIPlugin
2025-11-11 21:01:21,061 [INFO] PluginManager:220 - loadIPPluginJar : add hash
2025-11-11 21:01:21,064 [INFO] IPUIPlugin:80 - create IPUIPlugin
2025-11-11 21:01:21,064 [INFO] PluginManager:220 - loadIPPluginJar : add i2c
2025-11-11 21:01:21,067 [INFO] IPUIPlugin:80 - create IPUIPlugin
2025-11-11 21:01:21,067 [INFO] PluginManager:220 - loadIPPluginJar : add i2s
2025-11-11 21:01:21,071 [INFO] IPUIPlugin:80 - create IPUIPlugin
2025-11-11 21:01:21,071 [INFO] PluginManager:220 - loadIPPluginJar : add i3c
2025-11-11 21:01:21,074 [INFO] IPUIPlugin:80 - create IPUIPlugin
2025-11-11 21:01:21,075 [INFO] PluginManager:220 - loadIPPluginJar : add ipddr
2025-11-11 21:01:21,084 [INFO] IPUIPlugin:80 - create IPUIPlugin
2025-11-11 21:01:21,084 [INFO] PluginManager:220 - loadIPPluginJar : add linkedlist
2025-11-11 21:01:21,088 [INFO] IPUIPlugin:80 - create IPUIPlugin
2025-11-11 21:01:21,088 [INFO] PluginManager:220 - loadIPPluginJar : add lorawan
2025-11-11 21:01:21,091 [INFO] IPUIPlugin:80 - create IPUIPlugin
2025-11-11 21:01:21,091 [INFO] PluginManager:220 - loadIPPluginJar : add ltdc
2025-11-11 21:01:21,098 [INFO] IPUIPlugin:80 - create IPUIPlugin
2025-11-11 21:01:21,099 [INFO] PluginManager:220 - loadIPPluginJar : add mdma
2025-11-11 21:01:21,102 [INFO] IPUIPlugin:80 - create IPUIPlugin
2025-11-11 21:01:21,103 [INFO] PluginManager:220 - loadIPPluginJar : add nvic
2025-11-11 21:01:21,107 [INFO] IPUIPlugin:80 - create IPUIPlugin
2025-11-11 21:01:21,107 [INFO] PluginManager:220 - loadIPPluginJar : add opamp
2025-11-11 21:01:21,111 [INFO] IPUIPlugin:80 - create IPUIPlugin
2025-11-11 21:01:21,112 [INFO] PluginManager:220 - loadIPPluginJar : add openamp
2025-11-11 21:01:21,117 [INFO] IPUIPlugin:80 - create IPUIPlugin
2025-11-11 21:01:21,117 [INFO] PluginManager:220 - loadIPPluginJar : add pdm2pcm
2025-11-11 21:01:21,124 [INFO] IPUIPlugin:80 - create IPUIPlugin
2025-11-11 21:01:21,127 [INFO] PluginManager:220 - loadIPPluginJar : add plateformsettings
2025-11-11 21:01:21,129 [INFO] IPUIPlugin:80 - create IPUIPlugin
2025-11-11 21:01:21,129 [INFO] PluginManager:220 - loadIPPluginJar : add quadspi
2025-11-11 21:01:21,131 [INFO] IPUIPlugin:80 - create IPUIPlugin
2025-11-11 21:01:21,132 [INFO] PluginManager:220 - loadIPPluginJar : add radio
2025-11-11 21:01:21,135 [INFO] IPUIPlugin:80 - create IPUIPlugin
2025-11-11 21:01:21,135 [INFO] PluginManager:220 - loadIPPluginJar : add resmgrutility
2025-11-11 21:01:21,138 [INFO] IPUIPlugin:80 - create IPUIPlugin
2025-11-11 21:01:21,138 [INFO] PluginManager:220 - loadIPPluginJar : add sai
2025-11-11 21:01:21,140 [INFO] IPUIPlugin:80 - create IPUIPlugin
2025-11-11 21:01:21,140 [INFO] PluginManager:220 - loadIPPluginJar : add spi
2025-11-11 21:01:21,146 [INFO] IPUIPlugin:80 - create IPUIPlugin
2025-11-11 21:01:21,146 [INFO] PluginManager:220 - loadIPPluginJar : add stm32_wpan
2025-11-11 21:01:21,148 [INFO] IPUIPlugin:80 - create IPUIPlugin
2025-11-11 21:01:21,148 [INFO] PluginManager:220 - loadIPPluginJar : add tim
2025-11-11 21:01:21,150 [INFO] IPUIPlugin:80 - create IPUIPlugin
2025-11-11 21:01:21,151 [INFO] PluginManager:220 - loadIPPluginJar : add touchsensing
2025-11-11 21:01:21,152 [INFO] IPUIPlugin:80 - create IPUIPlugin
2025-11-11 21:01:21,153 [INFO] PluginManager:220 - loadIPPluginJar : add tracer_emb
2025-11-11 21:01:21,155 [INFO] IPUIPlugin:80 - create IPUIPlugin
2025-11-11 21:01:21,155 [INFO] PluginManager:220 - loadIPPluginJar : add ts
2025-11-11 21:01:21,156 [INFO] IPUIPlugin:80 - create IPUIPlugin
2025-11-11 21:01:21,156 [INFO] PluginManager:220 - loadIPPluginJar : add tsc
2025-11-11 21:01:21,158 [INFO] IPUIPlugin:80 - create IPUIPlugin
2025-11-11 21:01:21,158 [INFO] PluginManager:220 - loadIPPluginJar : add ucpd
2025-11-11 21:01:21,161 [INFO] IPUIPlugin:80 - create IPUIPlugin
2025-11-11 21:01:21,161 [INFO] PluginManager:220 - loadIPPluginJar : add usart
2025-11-11 21:01:21,164 [INFO] IPUIPlugin:80 - create IPUIPlugin
2025-11-11 21:01:21,164 [INFO] PluginManager:220 - loadIPPluginJar : add usbx
2025-11-11 21:01:21,290 [FATAL] Updater:351 - Updater called before beeing initialized
2025-11-11 21:01:21,338 [INFO] RulesReader:64 - Compatibility file has been processed (317 Rules)
2025-11-11 21:01:21,353 [INFO] RulesReader:64 - Compatibility file has been processed (317 Rules)
2025-11-11 21:01:21,366 [INFO] CADModel:165 - CPN selected for project level
2025-11-11 21:01:21,367 [INFO] CADModel:114 - Register for checkConnection events
2025-11-11 21:01:21,367 [FATAL] Updater:351 - Updater called before beeing initialized
2025-11-11 21:01:21,367 [ERROR] CADModel:125 - Updater not yet initialized, retry later 
2025-11-11 21:01:21,442 [ERROR] LogOutputStream:75 - [STDERR_REDIRECT] [Fatal Error] :1:1: Premature end of file.
2025-11-11 21:01:21,443 [ERROR] LogOutputStream:75 - [STDERR_REDIRECT] 
2025-11-11 21:01:21,513 [FATAL] Updater:351 - Updater called before beeing initialized
2025-11-11 21:01:21,515 [INFO] CADModel:165 - CPN selected for project level
2025-11-11 21:01:21,515 [INFO] CADModel:114 - Register for checkConnection events
2025-11-11 21:01:21,515 [FATAL] Updater:351 - Updater called before beeing initialized
2025-11-11 21:01:21,515 [ERROR] CADModel:125 - Updater not yet initialized, retry later 
2025-11-11 21:01:21,518 [FATAL] Updater:351 - Updater called before beeing initialized
2025-11-11 21:01:21,621 [FATAL] Updater:351 - Updater called before beeing initialized
2025-11-11 21:01:21,624 [INFO] DbMcusAds:53 - JSON generation date=Thu Oct 02 15:06:05 IST 2025 (1759397765645)
2025-11-11 21:01:21,624 [FATAL] Updater:351 - Updater called before beeing initialized
2025-11-11 21:01:21,655 [WARN] DetailPanel:346 - Failed to get advertising image, set to default
2025-11-11 21:01:21,737 [FATAL] Updater:351 - Updater called before beeing initialized
2025-11-11 21:01:21,739 [FATAL] Updater:351 - Updater called before beeing initialized
2025-11-11 21:01:21,740 [FATAL] Updater:351 - Updater called before beeing initialized
2025-11-11 21:01:21,740 [WARN] DetailPanel:346 - Failed to get advertising image, set to default
2025-11-11 21:01:21,741 [FATAL] Updater:351 - Updater called before beeing initialized
2025-11-11 21:01:21,787 [ERROR] Updater:1198 - MainUpdater not yet initialized. External WinMGr cannot be set.
2025-11-11 21:01:21,788 [INFO] Updater:1134 - Updater Version found : 6.15.0
2025-11-11 21:01:21,804 [INFO] ApplicationProperties:184 - Using Application install path: C:\ST\STM32CubeIDE_1.18.1\STM32CubeIDE\plugins\com.st.stm32cube.common.mx_6.15.0.202507011659
2025-11-11 21:01:22,451 [ERROR] LogOutputStream:75 - [STDERR_REDIRECT] [Fatal Error] :1:1: Premature end of file.
2025-11-11 21:01:22,452 [ERROR] LogOutputStream:75 - [STDERR_REDIRECT] 
2025-11-11 21:01:23,349 [INFO] ThirdPartyUpdaterWithRetryManager:70 - Updater plugin not ready yet. [2/15]
2025-11-11 21:01:23,378 [ERROR] LogOutputStream:75 - [STDERR_REDIRECT] Nov 11, 2025 9:01:23 PM java.util.prefs.WindowsPreferences <init>
2025-11-11 21:01:23,380 [ERROR] LogOutputStream:75 - [STDERR_REDIRECT] WARNING: Could not open/create prefs root node Software\JavaSoft\Prefs at root 0xffffffff80000002. Windows RegCreateKeyEx(...) returned error code 5.
2025-11-11 21:01:23,380 [ERROR] LogOutputStream:75 - [STDERR_REDIRECT] 
2025-11-11 21:01:23,451 [ERROR] LogOutputStream:75 - [STDERR_REDIRECT] [Fatal Error] :1:1: Premature end of file.
2025-11-11 21:01:23,452 [ERROR] LogOutputStream:75 - [STDERR_REDIRECT] 
2025-11-11 21:01:24,165 [INFO] MainUpdater:2872 - connection check result : 10
2025-11-11 21:01:24,166 [INFO] MainUpdater:289 - Updater Check For Update Now.
2025-11-11 21:01:24,166 [INFO] MicroXplorer:498 - Change Database Version : DB.6.0.150
2025-11-11 21:01:24,175 [INFO] McuFinderGlobals:63 - Set McuFinder mode to 2 (CubeIDE integrated)
2025-11-11 21:01:24,176 [INFO] UserAuth:487 - Internet connection configuration mode: 1
2025-11-11 21:01:24,242 [INFO] JxBrowserEngine:152 - Initiate JxBrowser Engine with user profile folder
2025-11-11 21:01:24,368 [INFO] CheckServerUpdateThread:120 - End of CheckServer Thread
2025-11-11 21:01:24,442 [ERROR] LogOutputStream:75 - [STDERR_REDIRECT] [Fatal Error] :1:1: Premature end of file.
2025-11-11 21:01:24,442 [ERROR] LogOutputStream:75 - [STDERR_REDIRECT] 
2025-11-11 21:01:25,062 [INFO] WebApp:169 - Instantiating new browser for Auth
2025-11-11 21:01:25,468 [ERROR] LogOutputStream:75 - [STDERR_REDIRECT] [Fatal Error] :1:1: Premature end of file.
2025-11-11 21:01:25,469 [ERROR] LogOutputStream:75 - [STDERR_REDIRECT] 
2025-11-11 21:01:25,701 [INFO] WebApp:463 - Apply proxy settings
2025-11-11 21:01:25,702 [INFO] WebApp:548 - Chromium requires no authentication
2025-11-11 21:01:25,711 [INFO] WebApp:491 - Direct internet connection detected
2025-11-11 21:01:25,728 [INFO] WebApp:900 - Register for checkConnection events
2025-11-11 21:01:25,729 [INFO] WebApp:463 - Apply proxy settings
2025-11-11 21:01:25,729 [INFO] WebApp:548 - Chromium requires no authentication
2025-11-11 21:01:25,729 [INFO] WebApp:491 - Direct internet connection detected
2025-11-11 21:01:25,878 [INFO] WebApp:225 - Starting web application
2025-11-11 21:01:25,879 [INFO] WebApp:593 - Web application path used C:\ST\STM32CubeIDE_1.18.1\STM32CubeIDE\plugins\com.st.stm32cube.common.mx_6.15.0.202507011659\db\plugins\mcufinder\reactClient1\index.html
2025-11-11 21:01:25,979 [INFO] UserAuth:487 - Internet connection configuration mode: 1
2025-11-11 21:01:26,320 [INFO] WebApp:191 - Connection restablished
2025-11-11 21:01:26,478 [ERROR] LogOutputStream:75 - [STDERR_REDIRECT] [Fatal Error] :1:1: Premature end of file.
2025-11-11 21:01:26,478 [ERROR] LogOutputStream:75 - [STDERR_REDIRECT] 
2025-11-11 21:01:26,664 [WARN] PackLoader:240 - Cannot read IP mode file for STMicroelectronics.FP-SNS-MOTENVWB1.1.4.0
2025-11-11 21:01:26,674 [WARN] PackLoader:240 - Cannot read IP mode file for STMicroelectronics.FP-ATR-ASTRA1.2.0.2
2025-11-11 21:01:26,684 [WARN] PackLoader:240 - Cannot read IP mode file for STMicroelectronics.X-CUBE-SMBUS.2.1.0
2025-11-11 21:01:26,691 [WARN] PackLoader:240 - Cannot read IP mode file for STMicroelectronics.X-CUBE-ST60.1.0.0
2025-11-11 21:01:26,730 [WARN] PackLoader:240 - Cannot read IP mode file for STMicroelectronics.X-CUBE-AZRTOS-F7.1.1.0
2025-11-11 21:01:26,742 [WARN] PackLoader:240 - Cannot read IP mode file for Cesanta.I-CUBE-Mongoose.7.19.0
2025-11-11 21:01:26,748 [WARN] PackLoader:240 - Cannot read IP mode file for STMicroelectronics.FP-SNS-MOTENV1.5.1.0
2025-11-11 21:01:26,761 [WARN] PackLoader:240 - Cannot read IP mode file for WES.I-CUBE-Cesium.1.4.0
2025-11-11 21:01:26,792 [WARN] PackLoader:240 - Cannot read IP mode file for Infineon.AIROC-Wi-Fi-Bluetooth-STM32.1.7.0
2025-11-11 21:01:26,820 [WARN] PackLoader:240 - Cannot read IP mode file for Infineon.AIROC-Wi-Fi-Bluetooth-STM32.1.7.1
2025-11-11 21:01:26,848 [WARN] PackLoader:240 - Cannot read IP mode file for STMicroelectronics.X-CUBE-AZRTOS-H7.3.4.0
2025-11-11 21:01:26,858 [WARN] PackLoader:240 - Cannot read IP mode file for STMicroelectronics.X-CUBE-DISPLAY.3.0.0
2025-11-11 21:01:26,873 [WARN] PackLoader:240 - Cannot read IP mode file for STMicroelectronics.X-CUBE-NFC10.1.0.0
2025-11-11 21:01:26,884 [WARN] PackLoader:240 - Cannot read IP mode file for STMicroelectronics.X-CUBE-BLEMGR.4.0.0
2025-11-11 21:01:26,891 [WARN] PackLoader:240 - Cannot read IP mode file for STMicroelectronics.X-CUBE-ST60.1.1.0
2025-11-11 21:01:26,898 [WARN] PackLoader:240 - Cannot read IP mode file for emotas.I-CUBE-CANOPEN.1.3.0
2025-11-11 21:01:26,905 [WARN] PackLoader:240 - Cannot read IP mode file for STMicroelectronics.X-CUBE-GNSS1.7.1.0
2025-11-11 21:01:26,911 [WARN] ConditionMgr:438 - getConditionDescription Invalid condition id : Cortex-A Device cause : null
2025-11-11 21:01:26,929 [WARN] ConditionMgr:1044 - genDependencies : Invalid condition id : Cortex-A Device cause : null
2025-11-11 21:01:26,929 [WARN] ConditionMgr:1044 - genDependencies : Invalid condition id : Cortex-A Device cause : null
2025-11-11 21:01:26,929 [WARN] ConditionMgr:1044 - genDependencies : Invalid condition id : Cortex-A Device cause : null
2025-11-11 21:01:26,934 [WARN] PackLoader:240 - Cannot read IP mode file for STMicroelectronics.X-CUBE-AI.10.0.0
2025-11-11 21:01:26,944 [WARN] PackLoader:240 - Cannot read IP mode file for STMicroelectronics.FP-SNS-STBOX1.2.1.0
2025-11-11 21:01:26,951 [WARN] PackLoader:240 - Cannot read IP mode file for STMicroelectronics.FP-SNS-SMARTAG2.1.2.0
2025-11-11 21:01:26,956 [WARN] PackLoader:240 - Cannot read IP mode file for STMicroelectronics.FP-SNS-FLIGHT1.5.1.0
2025-11-11 21:01:26,966 [INFO] LogOutputStream:77 - [STDOUT_REDIRECT] 1 : Invalid condition id : UX_CORESTACK_Condition cause : null
2025-11-11 21:01:26,968 [INFO] LogOutputStream:77 - [STDOUT_REDIRECT] 1 : Invalid condition id : UX_CORESTACK_Condition cause : null
2025-11-11 21:01:26,969 [INFO] LogOutputStream:77 - [STDOUT_REDIRECT] 1 : Invalid condition id : UX_CORESTACK_Condition cause : null
2025-11-11 21:01:26,970 [INFO] LogOutputStream:77 - [STDOUT_REDIRECT] 1 : Invalid condition id : UX_CORESTACK_Condition cause : null
2025-11-11 21:01:26,972 [INFO] LogOutputStream:77 - [STDOUT_REDIRECT] 1 : Invalid condition id : UX_CORESTACK_Condition cause : null
2025-11-11 21:01:26,982 [WARN] PackLoader:240 - Cannot read IP mode file for STMicroelectronics.X-CUBE-AZRTOS-WL.2.0.0
2025-11-11 21:01:26,990 [WARN] PackLoader:240 - Cannot read IP mode file for STMicroelectronics.FP-SNS-MOTENV1.5.0.0
2025-11-11 21:01:26,998 [WARN] PackLoader:240 - Cannot read IP mode file for WES.I-CUBE-Cesium.1.3.0
2025-11-11 21:01:27,006 [WARN] PackLoader:240 - Cannot read IP mode file for STMicroelectronics.X-CUBE-BLE2.3.3.0
2025-11-11 21:01:27,062 [WARN] PackLoader:240 - Cannot read IP mode file for STMicroelectronics.X-CUBE-NFC9.1.0.0
2025-11-11 21:01:27,073 [WARN] PackLoader:240 - Cannot read IP mode file for wolfSSL.I-CUBE-wolfSSL.5.8.0
2025-11-11 21:01:27,077 [WARN] PackLoader:240 - Cannot read IP mode file for wolfSSL.I-CUBE-wolfSSL.5.8.2
2025-11-11 21:01:27,082 [WARN] PackLoader:240 - Cannot read IP mode file for STMicroelectronics.X-CUBE-BLE1.7.1.0
2025-11-11 21:01:27,087 [WARN] PackLoader:240 - Cannot read IP mode file for wolfSSL.I-CUBE-wolfMQTT.1.19.2
2025-11-11 21:01:27,094 [WARN] PackLoader:240 - Cannot read IP mode file for STMicroelectronics.X-CUBE-EEPRMA1.5.2.0
2025-11-11 21:01:27,104 [WARN] PackLoader:240 - Cannot read IP mode file for STMicroelectronics.X-CUBE-ST67W61.1.1.0
2025-11-11 21:01:27,108 [WARN] PackLoader:240 - Cannot read IP mode file for STMicroelectronics.X-CUBE-AI.10.1.0
2025-11-11 21:01:27,154 [WARN] PackLoader:240 - Cannot read IP mode file for STMicroelectronics.X-CUBE-MEMS1.11.2.0
2025-11-11 21:01:27,265 [WARN] PackLoader:240 - Cannot read IP mode file for STMicroelectronics.X-CUBE-AZRTOS-G0.1.1.0
2025-11-11 21:01:27,272 [WARN] PackLoader:240 - Cannot read IP mode file for STMicroelectronics.X-CUBE-SAFEA1.1.2.2
2025-11-11 21:01:27,276 [WARN] PackLoader:240 - Cannot read IP mode file for STMicroelectronics.X-CUBE-NFC4.3.0.0
2025-11-11 21:01:27,283 [WARN] PackLoader:240 - Cannot read IP mode file for EmbeddedOffice.I-CUBE-FS-RTOS.1.0.1
2025-11-11 21:01:27,287 [WARN] PackLoader:240 - Cannot read IP mode file for STMicroelectronics.X-CUBE-WB05N.2.0.0
2025-11-11 21:01:27,291 [WARN] PackLoader:240 - Cannot read IP mode file for wolfSSL.I-CUBE-wolfTPM.3.8.0
2025-11-11 21:01:27,295 [WARN] PackLoader:240 - Cannot read IP mode file for STMicroelectronics.X-CUBE-TCPP.4.2.0
2025-11-11 21:01:27,300 [WARN] PackLoader:240 - Cannot read IP mode file for RealThread.X-CUBE-RT-Thread_Nano.4.1.1
2025-11-11 21:01:27,304 [WARN] PackLoader:240 - Cannot read IP mode file for STMicroelectronics.FP-ATR-SIGFOX1.3.2.0
2025-11-11 21:01:27,307 [WARN] PackLoader:240 - Cannot read IP mode file for STMicroelectronics.X-CUBE-EEPRMA1.5.1.0
2025-11-11 21:01:27,312 [WARN] PackLoader:240 - Cannot read IP mode file for ITTIA_DB.I-CUBE-ITTIADB.8.9.0
2025-11-11 21:01:27,322 [WARN] PackLoader:240 - Cannot read IP mode file for STMicroelectronics.X-CUBE-ST67W61.1.0.0
2025-11-11 21:01:27,325 [WARN] PackLoader:240 - Cannot read IP mode file for STMicroelectronics.X-CUBE-AI.10.2.0
2025-11-11 21:01:27,345 [WARN] PackLoader:240 - Cannot read IP mode file for SEGGER.I-CUBE-embOS.1.3.1
2025-11-11 21:01:27,369 [WARN] PackLoader:240 - Cannot read IP mode file for STMicroelectronics.X-CUBE-ALGOBUILD.1.4.0
2025-11-11 21:01:27,395 [WARN] PackLoader:240 - Cannot read IP mode file for STMicroelectronics.X-CUBE-MEMS1.11.3.0
2025-11-11 21:01:27,456 [ERROR] LogOutputStream:75 - [STDERR_REDIRECT] [Fatal Error] :1:1: Premature end of file.
2025-11-11 21:01:27,457 [ERROR] LogOutputStream:75 - [STDERR_REDIRECT] 
2025-11-11 21:01:27,475 [WARN] PackLoader:240 - Cannot read IP mode file for STMicroelectronics.X-CUBE-PM33A1.1.0.0
2025-11-11 21:01:27,486 [WARN] PackLoader:240 - Cannot read IP mode file for STMicroelectronics.X-CUBE-AZRTOS-F4.1.1.0
2025-11-11 21:01:27,490 [WARN] PackLoader:240 - Cannot read IP mode file for Avnet-IotConnect.X-CUBE-IoTC-DA16k-PMOD.1.0.0
2025-11-11 21:01:27,493 [WARN] PackLoader:240 - Cannot read IP mode file for STMicroelectronics.X-CUBE-ISPU.2.1.0
2025-11-11 21:01:27,501 [WARN] PackLoader:240 - Cannot read IP mode file for STMicroelectronics.X-CUBE-IPS.3.2.0
2025-11-11 21:01:27,509 [WARN] PackLoader:240 - Cannot read IP mode file for STMicroelectronics.X-CUBE-NFC12.1.0.0
2025-11-11 21:01:27,520 [WARN] PackLoader:240 - Cannot read IP mode file for STMicroelectronics.X-CUBE-AZRTOS-L5.2.0.0
2025-11-11 21:01:27,526 [WARN] PackLoader:240 - Cannot read IP mode file for STMicroelectronics.X-CUBE-NFC6.3.1.0
2025-11-11 21:01:27,531 [WARN] PackLoader:240 - Cannot read IP mode file for STMicroelectronics.X-CUBE-FREERTOS.1.3.1
2025-11-11 21:01:27,538 [WARN] PackLoader:240 - Cannot read IP mode file for STMicroelectronics.X-CUBE-TOUCHGFX.4.26.0
2025-11-11 21:01:27,541 [WARN] PackLoader:240 - Cannot read IP mode file for STMicroelectronics.FP-SNS-STAIOTCFT.1.0.0
2025-11-11 21:01:27,545 [WARN] PackLoader:240 - Cannot read IP mode file for STMicroelectronics.X-CUBE-DPower.1.3.0
2025-11-11 21:01:27,555 [WARN] ConditionMgr:438 - getConditionDescription Invalid condition id : LAN8742 Phy interface Condition cause : null
2025-11-11 21:01:27,555 [WARN] PackLoader:240 - Cannot read IP mode file for STMicroelectronics.X-CUBE-AZRTOS-L4.2.0.0
2025-11-11 21:01:27,556 [WARN] ConditionMgr:1044 - genDependencies : Invalid condition id : LAN8742 Phy interface Condition cause : null
2025-11-11 21:01:27,556 [WARN] ConditionMgr:1044 - genDependencies : Invalid condition id : LAN8742 Phy interface Condition cause : null
2025-11-11 21:01:27,556 [WARN] ConditionMgr:1044 - genDependencies : Invalid condition id : LAN8742 Phy interface Condition cause : null
2025-11-11 21:01:27,562 [WARN] PackLoader:240 - Cannot read IP mode file for STMicroelectronics.X-CUBE-SFXS2LP1.4.0.0
2025-11-11 21:01:27,582 [WARN] PackLoader:240 - Cannot read IP mode file for STMicroelectronics.X-CUBE-AZRTOS-H7.3.3.0
2025-11-11 21:01:27,594 [WARN] PackLoader:240 - Cannot read IP mode file for STMicroelectronics.X-CUBE-BLEMGR.4.1.0
2025-11-11 21:01:27,607 [WARN] ConditionMgr:438 - getConditionDescription Invalid condition id : UX DEVICE CLASS RTOS Condition cause : null
2025-11-11 21:01:27,607 [WARN] ConditionMgr:438 - getConditionDescription Invalid condition id : UX DEVICE CLASS RTOS Condition cause : null
2025-11-11 21:01:27,609 [WARN] PackLoader:240 - Cannot read IP mode file for STMicroelectronics.X-CUBE-AZRTOS-WB.2.0.0
2025-11-11 21:01:27,609 [WARN] ConditionMgr:1044 - genDependencies : Invalid condition id : UX DEVICE CLASS RTOS Condition cause : null
2025-11-11 21:01:27,609 [WARN] ConditionMgr:1044 - genDependencies : Invalid condition id : UX DEVICE CLASS RTOS Condition cause : null
2025-11-11 21:01:27,610 [WARN] ConditionMgr:1044 - genDependencies : Invalid condition id : UX DEVICE CLASS RTOS Condition cause : null
2025-11-11 21:01:27,610 [WARN] ConditionMgr:1044 - genDependencies : Invalid condition id : UX DEVICE CLASS RTOS Condition cause : null
2025-11-11 21:01:27,610 [WARN] ConditionMgr:1044 - genDependencies : Invalid condition id : UX DEVICE CLASS RTOS Condition cause : null
2025-11-11 21:01:27,643 [WARN] PackLoader:240 - Cannot read IP mode file for STMicroelectronics.X-CUBE-GNSS1.7.0.1
2025-11-11 21:01:27,649 [WARN] PackLoader:240 - Cannot read IP mode file for STMicroelectronics.X-CUBE-TOUCHGFX.4.25.0
2025-11-11 21:01:27,658 [WARN] PackLoader:240 - Cannot read IP mode file for STMicroelectronics.FP-SNS-STBOX1.2.0.0
2025-11-11 21:01:27,667 [WARN] ConditionMgr:438 - getConditionDescription Invalid condition id : Cortex-A Device cause : null
2025-11-11 21:01:27,680 [WARN] ConditionMgr:1044 - genDependencies : Invalid condition id : Cortex-A Device cause : null
2025-11-11 21:01:27,680 [WARN] ConditionMgr:1044 - genDependencies : Invalid condition id : Cortex-A Device cause : null
2025-11-11 21:01:27,681 [WARN] ConditionMgr:1044 - genDependencies : Invalid condition id : Cortex-A Device cause : null
2025-11-11 21:01:27,687 [WARN] PackLoader:240 - Cannot read IP mode file for STMicroelectronics.X-CUBE-SUBG2.5.0.0
2025-11-11 21:01:27,699 [WARN] PackLoader:240 - Cannot read IP mode file for STMicroelectronics.X-CUBE-AZRTOS-H7RS.1.1.0
2025-11-11 21:01:27,704 [WARN] PackLoader:240 - Cannot read IP mode file for Cesanta.I-CUBE-Mongoose.7.13.0
2025-11-11 21:01:27,713 [WARN] PackLoader:240 - Cannot read IP mode file for STMicroelectronics.X-CUBE-AZRTOS-G4.2.0.0
2025-11-11 21:01:27,718 [WARN] PackLoader:240 - Cannot read IP mode file for wolfSSL.I-CUBE-wolfSSH.1.4.20
2025-11-11 21:01:27,722 [WARN] PackLoader:240 - Cannot read IP mode file for STMicroelectronics.X-CUBE-NFC7.2.0.0
2025-11-11 21:01:27,729 [WARN] PackLoader:240 - Cannot read IP mode file for STMicroelectronics.X-CUBE-IPS.3.1.0
2025-11-11 21:01:27,736 [WARN] PackLoader:240 - Cannot read IP mode file for STMicroelectronics.X-CUBE-ALS.1.0.2
2025-11-11 21:01:27,741 [WARN] PackLoader:240 - Cannot read IP mode file for STMicroelectronics.X-CUBE-STSE01.1.0.0
2025-11-11 21:01:27,746 [WARN] PackLoader:240 - Cannot read IP mode file for portGmbH.I-Cube-SoM-uGOAL.1.1.0
2025-11-11 21:01:27,753 [WARN] PackLoader:240 - Cannot read IP mode file for STMicroelectronics.X-CUBE-TOF1.3.4.3
2025-11-11 21:01:27,760 [INFO] ThirdParty:978 - Integrity check success = true
2025-11-11 21:01:27,760 [INFO] IntegrityCheckThread:100 - exiting critical section [integrity check]
2025-11-11 21:01:27,760 [INFO] IntegrityCheckThread:103 - End integrity checks thread
2025-11-11 21:01:28,441 [ERROR] LogOutputStream:75 - [STDERR_REDIRECT] [Fatal Error] :1:1: Premature end of file.
2025-11-11 21:01:28,441 [ERROR] LogOutputStream:75 - [STDERR_REDIRECT] 
2025-11-11 21:01:29,460 [ERROR] LogOutputStream:75 - [STDERR_REDIRECT] [Fatal Error] :1:1: Premature end of file.
2025-11-11 21:01:29,460 [ERROR] LogOutputStream:75 - [STDERR_REDIRECT] 
2025-11-11 21:01:30,457 [ERROR] LogOutputStream:75 - [STDERR_REDIRECT] [Fatal Error] :1:1: Premature end of file.
2025-11-11 21:01:30,459 [ERROR] LogOutputStream:75 - [STDERR_REDIRECT] 
2025-11-11 21:01:31,457 [ERROR] LogOutputStream:75 - [STDERR_REDIRECT] [Fatal Error] :1:1: Premature end of file.
2025-11-11 21:01:31,457 [ERROR] LogOutputStream:75 - [STDERR_REDIRECT] 
2025-11-11 21:01:32,506 [ERROR] LogOutputStream:75 - [STDERR_REDIRECT] [Fatal Error] :1:1: Premature end of file.
2025-11-11 21:01:32,506 [ERROR] LogOutputStream:75 - [STDERR_REDIRECT] 
2025-11-11 21:01:33,458 [ERROR] LogOutputStream:75 - [STDERR_REDIRECT] [Fatal Error] :1:1: Premature end of file.
2025-11-11 21:01:33,458 [ERROR] LogOutputStream:75 - [STDERR_REDIRECT] 
2025-11-11 21:01:34,460 [ERROR] LogOutputStream:75 - [STDERR_REDIRECT] [Fatal Error] :1:1: Premature end of file.
2025-11-11 21:01:34,461 [ERROR] LogOutputStream:75 - [STDERR_REDIRECT] 
2025-11-11 21:01:35,468 [ERROR] LogOutputStream:75 - [STDERR_REDIRECT] [Fatal Error] :1:1: Premature end of file.
2025-11-11 21:01:35,469 [ERROR] LogOutputStream:75 - [STDERR_REDIRECT] 
2025-11-11 21:01:36,465 [ERROR] LogOutputStream:75 - [STDERR_REDIRECT] [Fatal Error] :1:1: Premature end of file.
2025-11-11 21:01:36,466 [ERROR] LogOutputStream:75 - [STDERR_REDIRECT] 
2025-11-11 21:01:37,458 [ERROR] LogOutputStream:75 - [STDERR_REDIRECT] [Fatal Error] :1:1: Premature end of file.
2025-11-11 21:01:37,458 [ERROR] LogOutputStream:75 - [STDERR_REDIRECT] 
2025-11-11 21:01:38,466 [ERROR] LogOutputStream:75 - [STDERR_REDIRECT] [Fatal Error] :1:1: Premature end of file.
2025-11-11 21:01:38,467 [ERROR] LogOutputStream:75 - [STDERR_REDIRECT] 
2025-11-11 21:01:39,464 [ERROR] LogOutputStream:75 - [STDERR_REDIRECT] [Fatal Error] :1:1: Premature end of file.
2025-11-11 21:01:39,465 [ERROR] LogOutputStream:75 - [STDERR_REDIRECT] 
2025-11-11 21:01:40,448 [ERROR] LogOutputStream:75 - [STDERR_REDIRECT] [Fatal Error] :1:1: Premature end of file.
2025-11-11 21:01:40,449 [ERROR] LogOutputStream:75 - [STDERR_REDIRECT] 
2025-11-11 21:01:41,459 [ERROR] LogOutputStream:75 - [STDERR_REDIRECT] [Fatal Error] :1:1: Premature end of file.
2025-11-11 21:01:41,460 [ERROR] LogOutputStream:75 - [STDERR_REDIRECT] 
2025-11-11 21:01:42,453 [ERROR] LogOutputStream:75 - [STDERR_REDIRECT] [Fatal Error] :1:1: Premature end of file.
2025-11-11 21:01:42,453 [ERROR] LogOutputStream:75 - [STDERR_REDIRECT] 
2025-11-11 21:01:43,457 [ERROR] LogOutputStream:75 - [STDERR_REDIRECT] [Fatal Error] :1:1: Premature end of file.
2025-11-11 21:01:43,457 [ERROR] LogOutputStream:75 - [STDERR_REDIRECT] 
2025-11-11 21:01:44,440 [ERROR] LogOutputStream:75 - [STDERR_REDIRECT] [Fatal Error] :1:1: Premature end of file.
2025-11-11 21:01:44,440 [ERROR] LogOutputStream:75 - [STDERR_REDIRECT] 
2025-11-11 21:01:45,472 [ERROR] LogOutputStream:75 - [STDERR_REDIRECT] [Fatal Error] :1:1: Premature end of file.
2025-11-11 21:01:45,472 [ERROR] LogOutputStream:75 - [STDERR_REDIRECT] 
2025-11-11 21:01:46,474 [ERROR] LogOutputStream:75 - [STDERR_REDIRECT] [Fatal Error] :1:1: Premature end of file.
2025-11-11 21:01:46,474 [ERROR] LogOutputStream:75 - [STDERR_REDIRECT] 
2025-11-11 21:01:47,437 [ERROR] LogOutputStream:75 - [STDERR_REDIRECT] [Fatal Error] :1:1: Premature end of file.
2025-11-11 21:01:47,437 [ERROR] LogOutputStream:75 - [STDERR_REDIRECT] 
2025-11-11 21:01:48,443 [ERROR] LogOutputStream:75 - [STDERR_REDIRECT] [Fatal Error] :1:1: Premature end of file.
2025-11-11 21:01:48,443 [ERROR] LogOutputStream:75 - [STDERR_REDIRECT] 
2025-11-11 21:01:49,441 [ERROR] LogOutputStream:75 - [STDERR_REDIRECT] [Fatal Error] :1:1: Premature end of file.
2025-11-11 21:01:49,442 [ERROR] LogOutputStream:75 - [STDERR_REDIRECT] 
2025-11-11 21:01:50,454 [ERROR] LogOutputStream:75 - [STDERR_REDIRECT] [Fatal Error] :1:1: Premature end of file.
2025-11-11 21:01:50,455 [ERROR] LogOutputStream:75 - [STDERR_REDIRECT] 
2025-11-11 21:01:51,454 [ERROR] LogOutputStream:75 - [STDERR_REDIRECT] [Fatal Error] :1:1: Premature end of file.
2025-11-11 21:01:51,454 [ERROR] LogOutputStream:75 - [STDERR_REDIRECT] 
2025-11-11 21:01:52,484 [ERROR] LogOutputStream:75 - [STDERR_REDIRECT] [Fatal Error] :1:1: Premature end of file.
2025-11-11 21:01:52,484 [ERROR] LogOutputStream:75 - [STDERR_REDIRECT] 
2025-11-11 21:01:53,451 [ERROR] LogOutputStream:75 - [STDERR_REDIRECT] [Fatal Error] :1:1: Premature end of file.
2025-11-11 21:01:53,451 [ERROR] LogOutputStream:75 - [STDERR_REDIRECT] 
2025-11-11 21:01:54,468 [ERROR] LogOutputStream:75 - [STDERR_REDIRECT] [Fatal Error] :1:1: Premature end of file.
2025-11-11 21:01:54,468 [ERROR] LogOutputStream:75 - [STDERR_REDIRECT] 
2025-11-11 21:01:55,468 [ERROR] LogOutputStream:75 - [STDERR_REDIRECT] [Fatal Error] :1:1: Premature end of file.
2025-11-11 21:01:55,468 [ERROR] LogOutputStream:75 - [STDERR_REDIRECT] 
2025-11-11 21:01:56,452 [ERROR] LogOutputStream:75 - [STDERR_REDIRECT] [Fatal Error] :1:1: Premature end of file.
2025-11-11 21:01:56,453 [ERROR] LogOutputStream:75 - [STDERR_REDIRECT] 
2025-11-11 21:01:57,462 [ERROR] LogOutputStream:75 - [STDERR_REDIRECT] [Fatal Error] :1:1: Premature end of file.
2025-11-11 21:01:57,462 [ERROR] LogOutputStream:75 - [STDERR_REDIRECT] 
2025-11-11 21:01:58,454 [ERROR] LogOutputStream:75 - [STDERR_REDIRECT] [Fatal Error] :1:1: Premature end of file.
2025-11-11 21:01:58,454 [ERROR] LogOutputStream:75 - [STDERR_REDIRECT] 
2025-11-11 21:01:59,480 [ERROR] LogOutputStream:75 - [STDERR_REDIRECT] [Fatal Error] :1:1: Premature end of file.
2025-11-11 21:01:59,481 [ERROR] LogOutputStream:75 - [STDERR_REDIRECT] 
2025-11-11 21:02:00,470 [ERROR] LogOutputStream:75 - [STDERR_REDIRECT] [Fatal Error] :1:1: Premature end of file.
2025-11-11 21:02:00,470 [ERROR] LogOutputStream:75 - [STDERR_REDIRECT] 
2025-11-11 21:02:01,486 [ERROR] LogOutputStream:75 - [STDERR_REDIRECT] [Fatal Error] :1:1: Premature end of file.
2025-11-11 21:02:01,486 [ERROR] LogOutputStream:75 - [STDERR_REDIRECT] 
2025-11-11 21:02:02,478 [ERROR] LogOutputStream:75 - [STDERR_REDIRECT] [Fatal Error] :1:1: Premature end of file.
2025-11-11 21:02:02,479 [ERROR] LogOutputStream:75 - [STDERR_REDIRECT] 
2025-11-11 21:02:03,604 [ERROR] LogOutputStream:75 - [STDERR_REDIRECT] [Fatal Error] :1:1: Premature end of file.
2025-11-11 21:02:03,604 [ERROR] LogOutputStream:75 - [STDERR_REDIRECT] 
2025-11-11 21:02:04,484 [ERROR] LogOutputStream:75 - [STDERR_REDIRECT] [Fatal Error] :1:1: Premature end of file.
2025-11-11 21:02:04,484 [ERROR] LogOutputStream:75 - [STDERR_REDIRECT] 
2025-11-11 21:02:05,477 [ERROR] LogOutputStream:75 - [STDERR_REDIRECT] [Fatal Error] :1:1: Premature end of file.
2025-11-11 21:02:05,478 [ERROR] LogOutputStream:75 - [STDERR_REDIRECT] 
2025-11-11 21:02:06,486 [ERROR] LogOutputStream:75 - [STDERR_REDIRECT] [Fatal Error] :1:1: Premature end of file.
2025-11-11 21:02:06,486 [ERROR] LogOutputStream:75 - [STDERR_REDIRECT] 
2025-11-11 21:02:07,483 [ERROR] LogOutputStream:75 - [STDERR_REDIRECT] [Fatal Error] :1:1: Premature end of file.
2025-11-11 21:02:07,484 [ERROR] LogOutputStream:75 - [STDERR_REDIRECT] 
2025-11-11 21:02:08,907 [ERROR] LogOutputStream:75 - [STDERR_REDIRECT] [Fatal Error] :1:1: Premature end of file.
2025-11-11 21:02:08,909 [ERROR] LogOutputStream:75 - [STDERR_REDIRECT] 
2025-11-11 21:02:09,494 [ERROR] LogOutputStream:75 - [STDERR_REDIRECT] [Fatal Error] :1:1: Premature end of file.
2025-11-11 21:02:09,494 [ERROR] LogOutputStream:75 - [STDERR_REDIRECT] 
2025-11-11 21:02:10,453 [ERROR] LogOutputStream:75 - [STDERR_REDIRECT] [Fatal Error] :1:1: Premature end of file.
2025-11-11 21:02:10,454 [ERROR] LogOutputStream:75 - [STDERR_REDIRECT] 
2025-11-11 21:02:11,472 [ERROR] LogOutputStream:75 - [STDERR_REDIRECT] [Fatal Error] :1:1: Premature end of file.
2025-11-11 21:02:11,475 [ERROR] LogOutputStream:75 - [STDERR_REDIRECT] 
2025-11-11 21:02:12,458 [ERROR] LogOutputStream:75 - [STDERR_REDIRECT] [Fatal Error] :1:1: Premature end of file.
2025-11-11 21:02:12,458 [ERROR] LogOutputStream:75 - [STDERR_REDIRECT] 
2025-11-11 21:02:13,462 [ERROR] LogOutputStream:75 - [STDERR_REDIRECT] [Fatal Error] :1:1: Premature end of file.
2025-11-11 21:02:13,463 [ERROR] LogOutputStream:75 - [STDERR_REDIRECT] 
2025-11-11 21:02:14,461 [ERROR] LogOutputStream:75 - [STDERR_REDIRECT] [Fatal Error] :1:1: Premature end of file.
2025-11-11 21:02:14,461 [ERROR] LogOutputStream:75 - [STDERR_REDIRECT] 
2025-11-11 21:02:15,503 [ERROR] LogOutputStream:75 - [STDERR_REDIRECT] [Fatal Error] :1:1: Premature end of file.
2025-11-11 21:02:15,503 [ERROR] LogOutputStream:75 - [STDERR_REDIRECT] 
2025-11-11 21:02:16,459 [ERROR] LogOutputStream:75 - [STDERR_REDIRECT] [Fatal Error] :1:1: Premature end of file.
2025-11-11 21:02:16,460 [ERROR] LogOutputStream:75 - [STDERR_REDIRECT] 
2025-11-11 21:02:17,449 [ERROR] LogOutputStream:75 - [STDERR_REDIRECT] [Fatal Error] :1:1: Premature end of file.
2025-11-11 21:02:17,449 [ERROR] LogOutputStream:75 - [STDERR_REDIRECT] 
2025-11-11 21:02:18,464 [ERROR] LogOutputStream:75 - [STDERR_REDIRECT] [Fatal Error] :1:1: Premature end of file.
2025-11-11 21:02:18,464 [ERROR] LogOutputStream:75 - [STDERR_REDIRECT] 
2025-11-11 21:02:19,459 [ERROR] LogOutputStream:75 - [STDERR_REDIRECT] [Fatal Error] :1:1: Premature end of file.
2025-11-11 21:02:19,459 [ERROR] LogOutputStream:75 - [STDERR_REDIRECT] 
2025-11-11 21:02:20,466 [ERROR] LogOutputStream:75 - [STDERR_REDIRECT] [Fatal Error] :1:1: Premature end of file.
2025-11-11 21:02:20,466 [ERROR] LogOutputStream:75 - [STDERR_REDIRECT] 
2025-11-11 21:02:21,461 [ERROR] LogOutputStream:75 - [STDERR_REDIRECT] [Fatal Error] :1:1: Premature end of file.
2025-11-11 21:02:21,461 [ERROR] LogOutputStream:75 - [STDERR_REDIRECT] 
2025-11-11 21:02:22,474 [ERROR] LogOutputStream:75 - [STDERR_REDIRECT] [Fatal Error] :1:1: Premature end of file.
2025-11-11 21:02:22,475 [ERROR] LogOutputStream:75 - [STDERR_REDIRECT] 
2025-11-11 21:02:23,472 [ERROR] LogOutputStream:75 - [STDERR_REDIRECT] [Fatal Error] :1:1: Premature end of file.
2025-11-11 21:02:23,473 [ERROR] LogOutputStream:75 - [STDERR_REDIRECT] 
2025-11-11 21:02:24,455 [ERROR] LogOutputStream:75 - [STDERR_REDIRECT] [Fatal Error] :1:1: Premature end of file.
2025-11-11 21:02:24,455 [ERROR] LogOutputStream:75 - [STDERR_REDIRECT] 
2025-11-11 21:02:25,462 [ERROR] LogOutputStream:75 - [STDERR_REDIRECT] [Fatal Error] :1:1: Premature end of file.
2025-11-11 21:02:25,464 [ERROR] LogOutputStream:75 - [STDERR_REDIRECT] 
2025-11-11 21:02:26,463 [ERROR] LogOutputStream:75 - [STDERR_REDIRECT] [Fatal Error] :1:1: Premature end of file.
2025-11-11 21:02:26,463 [ERROR] LogOutputStream:75 - [STDERR_REDIRECT] 
2025-11-11 21:02:27,481 [ERROR] LogOutputStream:75 - [STDERR_REDIRECT] [Fatal Error] :1:1: Premature end of file.
2025-11-11 21:02:27,481 [ERROR] LogOutputStream:75 - [STDERR_REDIRECT] 
2025-11-11 21:02:28,453 [ERROR] LogOutputStream:75 - [STDERR_REDIRECT] [Fatal Error] :1:1: Premature end of file.
2025-11-11 21:02:28,453 [ERROR] LogOutputStream:75 - [STDERR_REDIRECT] 
2025-11-11 21:02:29,461 [ERROR] LogOutputStream:75 - [STDERR_REDIRECT] [Fatal Error] :1:1: Premature end of file.
2025-11-11 21:02:29,461 [ERROR] LogOutputStream:75 - [STDERR_REDIRECT] 
2025-11-11 21:02:30,456 [ERROR] LogOutputStream:75 - [STDERR_REDIRECT] [Fatal Error] :1:1: Premature end of file.
2025-11-11 21:02:30,456 [ERROR] LogOutputStream:75 - [STDERR_REDIRECT] 
2025-11-11 21:02:31,442 [ERROR] LogOutputStream:75 - [STDERR_REDIRECT] [Fatal Error] :1:1: Premature end of file.
2025-11-11 21:02:31,442 [ERROR] LogOutputStream:75 - [STDERR_REDIRECT] 
2025-11-11 21:02:32,456 [ERROR] LogOutputStream:75 - [STDERR_REDIRECT] [Fatal Error] :1:1: Premature end of file.
2025-11-11 21:02:32,457 [ERROR] LogOutputStream:75 - [STDERR_REDIRECT] 
2025-11-11 21:02:33,478 [ERROR] LogOutputStream:75 - [STDERR_REDIRECT] [Fatal Error] :1:1: Premature end of file.
2025-11-11 21:02:33,478 [ERROR] LogOutputStream:75 - [STDERR_REDIRECT] 
2025-11-11 21:02:34,459 [ERROR] LogOutputStream:75 - [STDERR_REDIRECT] [Fatal Error] :1:1: Premature end of file.
2025-11-11 21:02:34,460 [ERROR] LogOutputStream:75 - [STDERR_REDIRECT] 
2025-11-11 21:02:35,463 [ERROR] LogOutputStream:75 - [STDERR_REDIRECT] [Fatal Error] :1:1: Premature end of file.
2025-11-11 21:02:35,463 [ERROR] LogOutputStream:75 - [STDERR_REDIRECT] 
2025-11-11 21:02:36,455 [ERROR] LogOutputStream:75 - [STDERR_REDIRECT] [Fatal Error] :1:1: Premature end of file.
2025-11-11 21:02:36,455 [ERROR] LogOutputStream:75 - [STDERR_REDIRECT] 
2025-11-11 21:02:37,449 [ERROR] LogOutputStream:75 - [STDERR_REDIRECT] [Fatal Error] :1:1: Premature end of file.
2025-11-11 21:02:37,449 [ERROR] LogOutputStream:75 - [STDERR_REDIRECT] 
2025-11-11 21:02:38,454 [ERROR] LogOutputStream:75 - [STDERR_REDIRECT] [Fatal Error] :1:1: Premature end of file.
2025-11-11 21:02:38,455 [ERROR] LogOutputStream:75 - [STDERR_REDIRECT] 
2025-11-11 21:02:39,456 [ERROR] LogOutputStream:75 - [STDERR_REDIRECT] [Fatal Error] :1:1: Premature end of file.
2025-11-11 21:02:39,456 [ERROR] LogOutputStream:75 - [STDERR_REDIRECT] 
2025-11-11 21:02:40,500 [ERROR] LogOutputStream:75 - [STDERR_REDIRECT] [Fatal Error] :1:1: Premature end of file.
2025-11-11 21:02:40,501 [ERROR] LogOutputStream:75 - [STDERR_REDIRECT] 
2025-11-11 21:02:41,456 [ERROR] LogOutputStream:75 - [STDERR_REDIRECT] [Fatal Error] :1:1: Premature end of file.
2025-11-11 21:02:41,456 [ERROR] LogOutputStream:75 - [STDERR_REDIRECT] 
2025-11-11 21:02:42,455 [ERROR] LogOutputStream:75 - [STDERR_REDIRECT] [Fatal Error] :1:1: Premature end of file.
2025-11-11 21:02:42,455 [ERROR] LogOutputStream:75 - [STDERR_REDIRECT] 
2025-11-11 21:02:43,457 [ERROR] LogOutputStream:75 - [STDERR_REDIRECT] [Fatal Error] :1:1: Premature end of file.
2025-11-11 21:02:43,458 [ERROR] LogOutputStream:75 - [STDERR_REDIRECT] 
2025-11-11 21:02:44,470 [ERROR] LogOutputStream:75 - [STDERR_REDIRECT] [Fatal Error] :1:1: Premature end of file.
2025-11-11 21:02:44,470 [ERROR] LogOutputStream:75 - [STDERR_REDIRECT] 
2025-11-11 21:02:45,508 [ERROR] LogOutputStream:75 - [STDERR_REDIRECT] [Fatal Error] :1:1: Premature end of file.
2025-11-11 21:02:45,509 [ERROR] LogOutputStream:75 - [STDERR_REDIRECT] 
2025-11-11 21:02:46,930 [ERROR] LogOutputStream:75 - [STDERR_REDIRECT] [Fatal Error] :1:1: Premature end of file.
2025-11-11 21:02:46,930 [ERROR] LogOutputStream:75 - [STDERR_REDIRECT] 
2025-11-11 21:02:47,475 [ERROR] LogOutputStream:75 - [STDERR_REDIRECT] [Fatal Error] :1:1: Premature end of file.
2025-11-11 21:02:47,475 [ERROR] LogOutputStream:75 - [STDERR_REDIRECT] 
2025-11-11 21:02:48,508 [ERROR] LogOutputStream:75 - [STDERR_REDIRECT] [Fatal Error] :1:1: Premature end of file.
2025-11-11 21:02:48,509 [ERROR] LogOutputStream:75 - [STDERR_REDIRECT] 
2025-11-11 21:02:49,527 [ERROR] LogOutputStream:75 - [STDERR_REDIRECT] [Fatal Error] :1:1: Premature end of file.
2025-11-11 21:02:49,528 [ERROR] LogOutputStream:75 - [STDERR_REDIRECT] 
2025-11-11 21:02:50,506 [ERROR] LogOutputStream:75 - [STDERR_REDIRECT] [Fatal Error] :1:1: Premature end of file.
2025-11-11 21:02:50,506 [ERROR] LogOutputStream:75 - [STDERR_REDIRECT] 
2025-11-11 21:02:51,464 [ERROR] LogOutputStream:75 - [STDERR_REDIRECT] [Fatal Error] :1:1: Premature end of file.
2025-11-11 21:02:51,464 [ERROR] LogOutputStream:75 - [STDERR_REDIRECT] 
2025-11-11 21:02:52,444 [ERROR] LogOutputStream:75 - [STDERR_REDIRECT] [Fatal Error] :1:1: Premature end of file.
2025-11-11 21:02:52,444 [ERROR] LogOutputStream:75 - [STDERR_REDIRECT] 
2025-11-11 21:02:53,499 [ERROR] LogOutputStream:75 - [STDERR_REDIRECT] [Fatal Error] :1:1: Premature end of file.
2025-11-11 21:02:53,500 [ERROR] LogOutputStream:75 - [STDERR_REDIRECT] 
2025-11-11 21:02:54,457 [ERROR] LogOutputStream:75 - [STDERR_REDIRECT] [Fatal Error] :1:1: Premature end of file.
2025-11-11 21:02:54,457 [ERROR] LogOutputStream:75 - [STDERR_REDIRECT] 
2025-11-11 21:02:55,469 [ERROR] LogOutputStream:75 - [STDERR_REDIRECT] [Fatal Error] :1:1: Premature end of file.
2025-11-11 21:02:55,469 [ERROR] LogOutputStream:75 - [STDERR_REDIRECT] 
2025-11-11 21:02:56,463 [ERROR] LogOutputStream:75 - [STDERR_REDIRECT] [Fatal Error] :1:1: Premature end of file.
2025-11-11 21:02:56,463 [ERROR] LogOutputStream:75 - [STDERR_REDIRECT] 
2025-11-11 21:02:57,474 [ERROR] LogOutputStream:75 - [STDERR_REDIRECT] [Fatal Error] :1:1: Premature end of file.
2025-11-11 21:02:57,477 [ERROR] LogOutputStream:75 - [STDERR_REDIRECT] 
2025-11-11 21:02:58,447 [ERROR] LogOutputStream:75 - [STDERR_REDIRECT] [Fatal Error] :1:1: Premature end of file.
2025-11-11 21:02:58,447 [ERROR] LogOutputStream:75 - [STDERR_REDIRECT] 
2025-11-11 21:02:59,475 [ERROR] LogOutputStream:75 - [STDERR_REDIRECT] [Fatal Error] :1:1: Premature end of file.
2025-11-11 21:02:59,476 [ERROR] LogOutputStream:75 - [STDERR_REDIRECT] 
2025-11-11 21:03:00,480 [ERROR] LogOutputStream:75 - [STDERR_REDIRECT] [Fatal Error] :1:1: Premature end of file.
2025-11-11 21:03:00,480 [ERROR] LogOutputStream:75 - [STDERR_REDIRECT] 
2025-11-11 21:03:01,458 [ERROR] LogOutputStream:75 - [STDERR_REDIRECT] [Fatal Error] :1:1: Premature end of file.
2025-11-11 21:03:01,459 [ERROR] LogOutputStream:75 - [STDERR_REDIRECT] 
2025-11-11 21:03:02,451 [ERROR] LogOutputStream:75 - [STDERR_REDIRECT] [Fatal Error] :1:1: Premature end of file.
2025-11-11 21:03:02,451 [ERROR] LogOutputStream:75 - [STDERR_REDIRECT] 
2025-11-11 21:03:03,460 [ERROR] LogOutputStream:75 - [STDERR_REDIRECT] [Fatal Error] :1:1: Premature end of file.
2025-11-11 21:03:03,461 [ERROR] LogOutputStream:75 - [STDERR_REDIRECT] 
2025-11-11 21:03:04,457 [ERROR] LogOutputStream:75 - [STDERR_REDIRECT] [Fatal Error] :1:1: Premature end of file.
2025-11-11 21:03:04,457 [ERROR] LogOutputStream:75 - [STDERR_REDIRECT] 
2025-11-11 21:03:05,485 [ERROR] LogOutputStream:75 - [STDERR_REDIRECT] [Fatal Error] :1:1: Premature end of file.
2025-11-11 21:03:05,486 [ERROR] LogOutputStream:75 - [STDERR_REDIRECT] 
2025-11-11 21:03:06,460 [ERROR] LogOutputStream:75 - [STDERR_REDIRECT] [Fatal Error] :1:1: Premature end of file.
2025-11-11 21:03:06,461 [ERROR] LogOutputStream:75 - [STDERR_REDIRECT] 
2025-11-11 21:03:07,465 [ERROR] LogOutputStream:75 - [STDERR_REDIRECT] [Fatal Error] :1:1: Premature end of file.
2025-11-11 21:03:07,466 [ERROR] LogOutputStream:75 - [STDERR_REDIRECT] 
2025-11-11 21:03:08,466 [ERROR] LogOutputStream:75 - [STDERR_REDIRECT] [Fatal Error] :1:1: Premature end of file.
2025-11-11 21:03:08,467 [ERROR] LogOutputStream:75 - [STDERR_REDIRECT] 
2025-11-11 21:03:09,458 [ERROR] LogOutputStream:75 - [STDERR_REDIRECT] [Fatal Error] :1:1: Premature end of file.
2025-11-11 21:03:09,458 [ERROR] LogOutputStream:75 - [STDERR_REDIRECT] 
2025-11-11 21:03:10,464 [ERROR] LogOutputStream:75 - [STDERR_REDIRECT] [Fatal Error] :1:1: Premature end of file.
2025-11-11 21:03:10,464 [ERROR] LogOutputStream:75 - [STDERR_REDIRECT] 
2025-11-11 21:03:11,487 [ERROR] LogOutputStream:75 - [STDERR_REDIRECT] [Fatal Error] :1:1: Premature end of file.
2025-11-11 21:03:11,487 [ERROR] LogOutputStream:75 - [STDERR_REDIRECT] 
2025-11-11 21:03:12,483 [ERROR] LogOutputStream:75 - [STDERR_REDIRECT] [Fatal Error] :1:1: Premature end of file.
2025-11-11 21:03:12,484 [ERROR] LogOutputStream:75 - [STDERR_REDIRECT] 
2025-11-11 21:03:13,459 [ERROR] LogOutputStream:75 - [STDERR_REDIRECT] [Fatal Error] :1:1: Premature end of file.
2025-11-11 21:03:13,459 [ERROR] LogOutputStream:75 - [STDERR_REDIRECT] 
2025-11-11 21:03:14,470 [ERROR] LogOutputStream:75 - [STDERR_REDIRECT] [Fatal Error] :1:1: Premature end of file.
2025-11-11 21:03:14,471 [ERROR] LogOutputStream:75 - [STDERR_REDIRECT] 
2025-11-11 21:03:15,456 [ERROR] LogOutputStream:75 - [STDERR_REDIRECT] [Fatal Error] :1:1: Premature end of file.
2025-11-11 21:03:15,456 [ERROR] LogOutputStream:75 - [STDERR_REDIRECT] 
2025-11-11 21:03:16,465 [ERROR] LogOutputStream:75 - [STDERR_REDIRECT] [Fatal Error] :1:1: Premature end of file.
2025-11-11 21:03:16,465 [ERROR] LogOutputStream:75 - [STDERR_REDIRECT] 
2025-11-11 21:03:17,465 [ERROR] LogOutputStream:75 - [STDERR_REDIRECT] [Fatal Error] :1:1: Premature end of file.
2025-11-11 21:03:17,465 [ERROR] LogOutputStream:75 - [STDERR_REDIRECT] 
2025-11-11 21:03:18,482 [ERROR] LogOutputStream:75 - [STDERR_REDIRECT] [Fatal Error] :1:1: Premature end of file.
2025-11-11 21:03:18,482 [ERROR] LogOutputStream:75 - [STDERR_REDIRECT] 
2025-11-11 21:03:19,466 [ERROR] LogOutputStream:75 - [STDERR_REDIRECT] [Fatal Error] :1:1: Premature end of file.
2025-11-11 21:03:19,466 [ERROR] LogOutputStream:75 - [STDERR_REDIRECT] 
2025-11-11 21:03:20,458 [ERROR] LogOutputStream:75 - [STDERR_REDIRECT] [Fatal Error] :1:1: Premature end of file.
2025-11-11 21:03:20,458 [ERROR] LogOutputStream:75 - [STDERR_REDIRECT] 
2025-11-11 21:03:21,447 [ERROR] LogOutputStream:75 - [STDERR_REDIRECT] [Fatal Error] :1:1: Premature end of file.
2025-11-11 21:03:21,447 [ERROR] LogOutputStream:75 - [STDERR_REDIRECT] 
2025-11-11 21:03:22,466 [ERROR] LogOutputStream:75 - [STDERR_REDIRECT] [Fatal Error] :1:1: Premature end of file.
2025-11-11 21:03:22,466 [ERROR] LogOutputStream:75 - [STDERR_REDIRECT] 
2025-11-11 21:03:23,460 [ERROR] LogOutputStream:75 - [STDERR_REDIRECT] [Fatal Error] :1:1: Premature end of file.
2025-11-11 21:03:23,460 [ERROR] LogOutputStream:75 - [STDERR_REDIRECT] 
2025-11-11 21:03:24,454 [ERROR] LogOutputStream:75 - [STDERR_REDIRECT] [Fatal Error] :1:1: Premature end of file.
2025-11-11 21:03:24,454 [ERROR] LogOutputStream:75 - [STDERR_REDIRECT] 
2025-11-11 21:03:25,520 [ERROR] LogOutputStream:75 - [STDERR_REDIRECT] [Fatal Error] :1:1: Premature end of file.
2025-11-11 21:03:25,521 [ERROR] LogOutputStream:75 - [STDERR_REDIRECT] 
2025-11-11 21:03:26,472 [ERROR] LogOutputStream:75 - [STDERR_REDIRECT] [Fatal Error] :1:1: Premature end of file.
2025-11-11 21:03:26,473 [ERROR] LogOutputStream:75 - [STDERR_REDIRECT] 
2025-11-11 21:03:27,454 [ERROR] LogOutputStream:75 - [STDERR_REDIRECT] [Fatal Error] :1:1: Premature end of file.
2025-11-11 21:03:27,454 [ERROR] LogOutputStream:75 - [STDERR_REDIRECT] 
2025-11-11 21:03:28,463 [ERROR] LogOutputStream:75 - [STDERR_REDIRECT] [Fatal Error] :1:1: Premature end of file.
2025-11-11 21:03:28,463 [ERROR] LogOutputStream:75 - [STDERR_REDIRECT] 
2025-11-11 21:03:29,470 [ERROR] LogOutputStream:75 - [STDERR_REDIRECT] [Fatal Error] :1:1: Premature end of file.
2025-11-11 21:03:29,471 [ERROR] LogOutputStream:75 - [STDERR_REDIRECT] 
2025-11-11 21:03:30,454 [ERROR] LogOutputStream:75 - [STDERR_REDIRECT] [Fatal Error] :1:1: Premature end of file.
2025-11-11 21:03:30,455 [ERROR] LogOutputStream:75 - [STDERR_REDIRECT] 
2025-11-11 21:03:31,491 [ERROR] LogOutputStream:75 - [STDERR_REDIRECT] [Fatal Error] :1:1: Premature end of file.
2025-11-11 21:03:31,491 [ERROR] LogOutputStream:75 - [STDERR_REDIRECT] 
2025-11-11 21:03:32,454 [ERROR] LogOutputStream:75 - [STDERR_REDIRECT] [Fatal Error] :1:1: Premature end of file.
2025-11-11 21:03:32,455 [ERROR] LogOutputStream:75 - [STDERR_REDIRECT] 
2025-11-11 21:03:33,455 [ERROR] LogOutputStream:75 - [STDERR_REDIRECT] [Fatal Error] :1:1: Premature end of file.
2025-11-11 21:03:33,455 [ERROR] LogOutputStream:75 - [STDERR_REDIRECT] 
2025-11-11 21:03:34,469 [ERROR] LogOutputStream:75 - [STDERR_REDIRECT] [Fatal Error] :1:1: Premature end of file.
2025-11-11 21:03:34,470 [ERROR] LogOutputStream:75 - [STDERR_REDIRECT] 
2025-11-11 21:03:35,463 [ERROR] LogOutputStream:75 - [STDERR_REDIRECT] [Fatal Error] :1:1: Premature end of file.
2025-11-11 21:03:35,463 [ERROR] LogOutputStream:75 - [STDERR_REDIRECT] 
2025-11-11 21:03:36,453 [ERROR] LogOutputStream:75 - [STDERR_REDIRECT] [Fatal Error] :1:1: Premature end of file.
2025-11-11 21:03:36,453 [ERROR] LogOutputStream:75 - [STDERR_REDIRECT] 
2025-11-11 21:03:37,467 [ERROR] LogOutputStream:75 - [STDERR_REDIRECT] [Fatal Error] :1:1: Premature end of file.
2025-11-11 21:03:37,467 [ERROR] LogOutputStream:75 - [STDERR_REDIRECT] 
2025-11-11 21:03:38,488 [ERROR] LogOutputStream:75 - [STDERR_REDIRECT] [Fatal Error] :1:1: Premature end of file.
2025-11-11 21:03:38,488 [ERROR] LogOutputStream:75 - [STDERR_REDIRECT] 
2025-11-11 21:03:39,455 [ERROR] LogOutputStream:75 - [STDERR_REDIRECT] [Fatal Error] :1:1: Premature end of file.
2025-11-11 21:03:39,456 [ERROR] LogOutputStream:75 - [STDERR_REDIRECT] 
2025-11-11 21:03:40,460 [ERROR] LogOutputStream:75 - [STDERR_REDIRECT] [Fatal Error] :1:1: Premature end of file.
2025-11-11 21:03:40,460 [ERROR] LogOutputStream:75 - [STDERR_REDIRECT] 
2025-11-11 21:03:41,465 [ERROR] LogOutputStream:75 - [STDERR_REDIRECT] [Fatal Error] :1:1: Premature end of file.
2025-11-11 21:03:41,465 [ERROR] LogOutputStream:75 - [STDERR_REDIRECT] 
2025-11-11 21:03:42,458 [ERROR] LogOutputStream:75 - [STDERR_REDIRECT] [Fatal Error] :1:1: Premature end of file.
2025-11-11 21:03:42,458 [ERROR] LogOutputStream:75 - [STDERR_REDIRECT] 
2025-11-11 21:03:43,458 [ERROR] LogOutputStream:75 - [STDERR_REDIRECT] [Fatal Error] :1:1: Premature end of file.
2025-11-11 21:03:43,458 [ERROR] LogOutputStream:75 - [STDERR_REDIRECT] 
2025-11-11 21:03:44,489 [ERROR] LogOutputStream:75 - [STDERR_REDIRECT] [Fatal Error] :1:1: Premature end of file.
2025-11-11 21:03:44,489 [ERROR] LogOutputStream:75 - [STDERR_REDIRECT] 
2025-11-11 21:03:45,456 [ERROR] LogOutputStream:75 - [STDERR_REDIRECT] [Fatal Error] :1:1: Premature end of file.
2025-11-11 21:03:45,456 [ERROR] LogOutputStream:75 - [STDERR_REDIRECT] 
2025-11-11 21:03:46,453 [ERROR] LogOutputStream:75 - [STDERR_REDIRECT] [Fatal Error] :1:1: Premature end of file.
2025-11-11 21:03:46,453 [ERROR] LogOutputStream:75 - [STDERR_REDIRECT] 
2025-11-11 21:03:47,458 [ERROR] LogOutputStream:75 - [STDERR_REDIRECT] [Fatal Error] :1:1: Premature end of file.
2025-11-11 21:03:47,458 [ERROR] LogOutputStream:75 - [STDERR_REDIRECT] 
2025-11-11 21:03:48,458 [ERROR] LogOutputStream:75 - [STDERR_REDIRECT] [Fatal Error] :1:1: Premature end of file.
2025-11-11 21:03:48,459 [ERROR] LogOutputStream:75 - [STDERR_REDIRECT] 
2025-11-11 21:03:49,460 [ERROR] LogOutputStream:75 - [STDERR_REDIRECT] [Fatal Error] :1:1: Premature end of file.
2025-11-11 21:03:49,460 [ERROR] LogOutputStream:75 - [STDERR_REDIRECT] 
2025-11-11 21:03:50,494 [ERROR] LogOutputStream:75 - [STDERR_REDIRECT] [Fatal Error] :1:1: Premature end of file.
2025-11-11 21:03:50,494 [ERROR] LogOutputStream:75 - [STDERR_REDIRECT] 
2025-11-11 21:03:51,464 [ERROR] LogOutputStream:75 - [STDERR_REDIRECT] [Fatal Error] :1:1: Premature end of file.
2025-11-11 21:03:51,464 [ERROR] LogOutputStream:75 - [STDERR_REDIRECT] 
2025-11-11 21:03:52,451 [ERROR] LogOutputStream:75 - [STDERR_REDIRECT] [Fatal Error] :1:1: Premature end of file.
2025-11-11 21:03:52,451 [ERROR] LogOutputStream:75 - [STDERR_REDIRECT] 
2025-11-11 21:03:53,460 [ERROR] LogOutputStream:75 - [STDERR_REDIRECT] [Fatal Error] :1:1: Premature end of file.
2025-11-11 21:03:53,460 [ERROR] LogOutputStream:75 - [STDERR_REDIRECT] 
2025-11-11 21:03:54,460 [ERROR] LogOutputStream:75 - [STDERR_REDIRECT] [Fatal Error] :1:1: Premature end of file.
2025-11-11 21:03:54,460 [ERROR] LogOutputStream:75 - [STDERR_REDIRECT] 
2025-11-11 21:03:55,455 [ERROR] LogOutputStream:75 - [STDERR_REDIRECT] [Fatal Error] :1:1: Premature end of file.
2025-11-11 21:03:55,455 [ERROR] LogOutputStream:75 - [STDERR_REDIRECT] 
2025-11-11 21:03:56,456 [ERROR] LogOutputStream:75 - [STDERR_REDIRECT] [Fatal Error] :1:1: Premature end of file.
2025-11-11 21:03:56,456 [ERROR] LogOutputStream:75 - [STDERR_REDIRECT] 
2025-11-11 21:03:57,501 [ERROR] LogOutputStream:75 - [STDERR_REDIRECT] [Fatal Error] :1:1: Premature end of file.
2025-11-11 21:03:57,501 [ERROR] LogOutputStream:75 - [STDERR_REDIRECT] 
2025-11-11 21:03:58,457 [ERROR] LogOutputStream:75 - [STDERR_REDIRECT] [Fatal Error] :1:1: Premature end of file.
2025-11-11 21:03:58,457 [ERROR] LogOutputStream:75 - [STDERR_REDIRECT] 
2025-11-11 21:03:59,455 [ERROR] LogOutputStream:75 - [STDERR_REDIRECT] [Fatal Error] :1:1: Premature end of file.
2025-11-11 21:03:59,455 [ERROR] LogOutputStream:75 - [STDERR_REDIRECT] 
2025-11-11 21:04:00,461 [ERROR] LogOutputStream:75 - [STDERR_REDIRECT] [Fatal Error] :1:1: Premature end of file.
2025-11-11 21:04:00,461 [ERROR] LogOutputStream:75 - [STDERR_REDIRECT] 
2025-11-11 21:04:01,452 [ERROR] LogOutputStream:75 - [STDERR_REDIRECT] [Fatal Error] :1:1: Premature end of file.
2025-11-11 21:04:01,452 [ERROR] LogOutputStream:75 - [STDERR_REDIRECT] 
2025-11-11 21:04:02,471 [ERROR] LogOutputStream:75 - [STDERR_REDIRECT] [Fatal Error] :1:1: Premature end of file.
2025-11-11 21:04:02,471 [ERROR] LogOutputStream:75 - [STDERR_REDIRECT] 
2025-11-11 21:04:03,487 [ERROR] LogOutputStream:75 - [STDERR_REDIRECT] [Fatal Error] :1:1: Premature end of file.
2025-11-11 21:04:03,487 [ERROR] LogOutputStream:75 - [STDERR_REDIRECT] 
2025-11-11 21:04:04,460 [ERROR] LogOutputStream:75 - [STDERR_REDIRECT] [Fatal Error] :1:1: Premature end of file.
2025-11-11 21:04:04,460 [ERROR] LogOutputStream:75 - [STDERR_REDIRECT] 
2025-11-11 21:04:05,459 [ERROR] LogOutputStream:75 - [STDERR_REDIRECT] [Fatal Error] :1:1: Premature end of file.
2025-11-11 21:04:05,460 [ERROR] LogOutputStream:75 - [STDERR_REDIRECT] 
2025-11-11 21:04:06,453 [ERROR] LogOutputStream:75 - [STDERR_REDIRECT] [Fatal Error] :1:1: Premature end of file.
2025-11-11 21:04:06,453 [ERROR] LogOutputStream:75 - [STDERR_REDIRECT] 
2025-11-11 21:04:07,461 [ERROR] LogOutputStream:75 - [STDERR_REDIRECT] [Fatal Error] :1:1: Premature end of file.
2025-11-11 21:04:07,461 [ERROR] LogOutputStream:75 - [STDERR_REDIRECT] 
2025-11-11 21:04:08,459 [ERROR] LogOutputStream:75 - [STDERR_REDIRECT] [Fatal Error] :1:1: Premature end of file.
2025-11-11 21:04:08,459 [ERROR] LogOutputStream:75 - [STDERR_REDIRECT] 
2025-11-11 21:04:09,506 [ERROR] LogOutputStream:75 - [STDERR_REDIRECT] [Fatal Error] :1:1: Premature end of file.
2025-11-11 21:04:09,506 [ERROR] LogOutputStream:75 - [STDERR_REDIRECT] 
2025-11-11 21:04:10,452 [ERROR] LogOutputStream:75 - [STDERR_REDIRECT] [Fatal Error] :1:1: Premature end of file.
2025-11-11 21:04:10,452 [ERROR] LogOutputStream:75 - [STDERR_REDIRECT] 
2025-11-11 21:04:11,457 [ERROR] LogOutputStream:75 - [STDERR_REDIRECT] [Fatal Error] :1:1: Premature end of file.
2025-11-11 21:04:11,458 [ERROR] LogOutputStream:75 - [STDERR_REDIRECT] 
2025-11-11 21:04:12,457 [ERROR] LogOutputStream:75 - [STDERR_REDIRECT] [Fatal Error] :1:1: Premature end of file.
2025-11-11 21:04:12,457 [ERROR] LogOutputStream:75 - [STDERR_REDIRECT] 
2025-11-11 21:04:13,463 [ERROR] LogOutputStream:75 - [STDERR_REDIRECT] [Fatal Error] :1:1: Premature end of file.
2025-11-11 21:04:13,464 [ERROR] LogOutputStream:75 - [STDERR_REDIRECT] 
2025-11-11 21:04:14,464 [ERROR] LogOutputStream:75 - [STDERR_REDIRECT] [Fatal Error] :1:1: Premature end of file.
2025-11-11 21:04:14,464 [ERROR] LogOutputStream:75 - [STDERR_REDIRECT] 
2025-11-11 21:04:15,454 [ERROR] LogOutputStream:75 - [STDERR_REDIRECT] [Fatal Error] :1:1: Premature end of file.
2025-11-11 21:04:15,454 [ERROR] LogOutputStream:75 - [STDERR_REDIRECT] 
2025-11-11 21:04:16,509 [ERROR] LogOutputStream:75 - [STDERR_REDIRECT] [Fatal Error] :1:1: Premature end of file.
2025-11-11 21:04:16,509 [ERROR] LogOutputStream:75 - [STDERR_REDIRECT] 
2025-11-11 21:04:17,455 [ERROR] LogOutputStream:75 - [STDERR_REDIRECT] [Fatal Error] :1:1: Premature end of file.
2025-11-11 21:04:17,455 [ERROR] LogOutputStream:75 - [STDERR_REDIRECT] 
2025-11-11 21:04:18,449 [ERROR] LogOutputStream:75 - [STDERR_REDIRECT] [Fatal Error] :1:1: Premature end of file.
2025-11-11 21:04:18,450 [ERROR] LogOutputStream:75 - [STDERR_REDIRECT] 
2025-11-11 21:04:19,450 [ERROR] LogOutputStream:75 - [STDERR_REDIRECT] [Fatal Error] :1:1: Premature end of file.
2025-11-11 21:04:19,451 [ERROR] LogOutputStream:75 - [STDERR_REDIRECT] 
2025-11-11 21:04:20,454 [ERROR] LogOutputStream:75 - [STDERR_REDIRECT] [Fatal Error] :1:1: Premature end of file.
2025-11-11 21:04:20,454 [ERROR] LogOutputStream:75 - [STDERR_REDIRECT] 
2025-11-11 21:04:21,454 [ERROR] LogOutputStream:75 - [STDERR_REDIRECT] [Fatal Error] :1:1: Premature end of file.
2025-11-11 21:04:21,454 [ERROR] LogOutputStream:75 - [STDERR_REDIRECT] 
2025-11-11 21:04:22,467 [ERROR] LogOutputStream:75 - [STDERR_REDIRECT] [Fatal Error] :1:1: Premature end of file.
2025-11-11 21:04:22,467 [ERROR] LogOutputStream:75 - [STDERR_REDIRECT] 
2025-11-11 21:04:23,473 [ERROR] LogOutputStream:75 - [STDERR_REDIRECT] [Fatal Error] :1:1: Premature end of file.
2025-11-11 21:04:23,474 [ERROR] LogOutputStream:75 - [STDERR_REDIRECT] 
2025-11-11 21:04:24,472 [ERROR] LogOutputStream:75 - [STDERR_REDIRECT] [Fatal Error] :1:1: Premature end of file.
2025-11-11 21:04:24,472 [ERROR] LogOutputStream:75 - [STDERR_REDIRECT] 
2025-11-11 21:04:25,460 [ERROR] LogOutputStream:75 - [STDERR_REDIRECT] [Fatal Error] :1:1: Premature end of file.
2025-11-11 21:04:25,460 [ERROR] LogOutputStream:75 - [STDERR_REDIRECT] 
2025-11-11 21:04:26,458 [ERROR] LogOutputStream:75 - [STDERR_REDIRECT] [Fatal Error] :1:1: Premature end of file.
2025-11-11 21:04:26,458 [ERROR] LogOutputStream:75 - [STDERR_REDIRECT] 
2025-11-11 21:04:27,477 [ERROR] LogOutputStream:75 - [STDERR_REDIRECT] [Fatal Error] :1:1: Premature end of file.
2025-11-11 21:04:27,478 [ERROR] LogOutputStream:75 - [STDERR_REDIRECT] 
2025-11-11 21:04:28,467 [ERROR] LogOutputStream:75 - [STDERR_REDIRECT] [Fatal Error] :1:1: Premature end of file.
2025-11-11 21:04:28,468 [ERROR] LogOutputStream:75 - [STDERR_REDIRECT] 
2025-11-11 21:04:29,509 [ERROR] LogOutputStream:75 - [STDERR_REDIRECT] [Fatal Error] :1:1: Premature end of file.
2025-11-11 21:04:29,509 [ERROR] LogOutputStream:75 - [STDERR_REDIRECT] 
2025-11-11 21:04:30,456 [ERROR] LogOutputStream:75 - [STDERR_REDIRECT] [Fatal Error] :1:1: Premature end of file.
2025-11-11 21:04:30,456 [ERROR] LogOutputStream:75 - [STDERR_REDIRECT] 
2025-11-11 21:04:31,454 [ERROR] LogOutputStream:75 - [STDERR_REDIRECT] [Fatal Error] :1:1: Premature end of file.
2025-11-11 21:04:31,454 [ERROR] LogOutputStream:75 - [STDERR_REDIRECT] 
2025-11-11 21:04:32,462 [ERROR] LogOutputStream:75 - [STDERR_REDIRECT] [Fatal Error] :1:1: Premature end of file.
2025-11-11 21:04:32,463 [ERROR] LogOutputStream:75 - [STDERR_REDIRECT] 
2025-11-11 21:04:33,456 [ERROR] LogOutputStream:75 - [STDERR_REDIRECT] [Fatal Error] :1:1: Premature end of file.
2025-11-11 21:04:33,457 [ERROR] LogOutputStream:75 - [STDERR_REDIRECT] 
2025-11-11 21:04:34,453 [ERROR] LogOutputStream:75 - [STDERR_REDIRECT] [Fatal Error] :1:1: Premature end of file.
2025-11-11 21:04:34,453 [ERROR] LogOutputStream:75 - [STDERR_REDIRECT] 
2025-11-11 21:04:35,465 [ERROR] LogOutputStream:75 - [STDERR_REDIRECT] [Fatal Error] :1:1: Premature end of file.
2025-11-11 21:04:35,465 [ERROR] LogOutputStream:75 - [STDERR_REDIRECT] 
2025-11-11 21:04:36,470 [ERROR] LogOutputStream:75 - [STDERR_REDIRECT] [Fatal Error] :1:1: Premature end of file.
2025-11-11 21:04:36,470 [ERROR] LogOutputStream:75 - [STDERR_REDIRECT] 
2025-11-11 21:04:37,461 [ERROR] LogOutputStream:75 - [STDERR_REDIRECT] [Fatal Error] :1:1: Premature end of file.
2025-11-11 21:04:37,461 [ERROR] LogOutputStream:75 - [STDERR_REDIRECT] 
2025-11-11 21:04:38,461 [ERROR] LogOutputStream:75 - [STDERR_REDIRECT] [Fatal Error] :1:1: Premature end of file.
2025-11-11 21:04:38,461 [ERROR] LogOutputStream:75 - [STDERR_REDIRECT] 
2025-11-11 21:04:39,469 [ERROR] LogOutputStream:75 - [STDERR_REDIRECT] [Fatal Error] :1:1: Premature end of file.
2025-11-11 21:04:39,469 [ERROR] LogOutputStream:75 - [STDERR_REDIRECT] 
2025-11-11 21:04:40,454 [ERROR] LogOutputStream:75 - [STDERR_REDIRECT] [Fatal Error] :1:1: Premature end of file.
2025-11-11 21:04:40,454 [ERROR] LogOutputStream:75 - [STDERR_REDIRECT] 
2025-11-11 21:04:41,453 [ERROR] LogOutputStream:75 - [STDERR_REDIRECT] [Fatal Error] :1:1: Premature end of file.
2025-11-11 21:04:41,453 [ERROR] LogOutputStream:75 - [STDERR_REDIRECT] 
2025-11-11 21:04:42,453 [ERROR] LogOutputStream:75 - [STDERR_REDIRECT] [Fatal Error] :1:1: Premature end of file.
2025-11-11 21:04:42,453 [ERROR] LogOutputStream:75 - [STDERR_REDIRECT] 
2025-11-11 21:04:43,539 [ERROR] LogOutputStream:75 - [STDERR_REDIRECT] [Fatal Error] :1:1: Premature end of file.
2025-11-11 21:04:43,539 [ERROR] LogOutputStream:75 - [STDERR_REDIRECT] 
2025-11-11 21:04:44,459 [ERROR] LogOutputStream:75 - [STDERR_REDIRECT] [Fatal Error] :1:1: Premature end of file.
2025-11-11 21:04:44,459 [ERROR] LogOutputStream:75 - [STDERR_REDIRECT] 
2025-11-11 21:04:45,463 [ERROR] LogOutputStream:75 - [STDERR_REDIRECT] [Fatal Error] :1:1: Premature end of file.
2025-11-11 21:04:45,463 [ERROR] LogOutputStream:75 - [STDERR_REDIRECT] 
2025-11-11 21:04:46,456 [ERROR] LogOutputStream:75 - [STDERR_REDIRECT] [Fatal Error] :1:1: Premature end of file.
2025-11-11 21:04:46,457 [ERROR] LogOutputStream:75 - [STDERR_REDIRECT] 
2025-11-11 21:04:47,452 [ERROR] LogOutputStream:75 - [STDERR_REDIRECT] [Fatal Error] :1:1: Premature end of file.
2025-11-11 21:04:47,452 [ERROR] LogOutputStream:75 - [STDERR_REDIRECT] 
2025-11-11 21:04:48,460 [ERROR] LogOutputStream:75 - [STDERR_REDIRECT] [Fatal Error] :1:1: Premature end of file.
2025-11-11 21:04:48,460 [ERROR] LogOutputStream:75 - [STDERR_REDIRECT] 
2025-11-11 21:04:49,483 [ERROR] LogOutputStream:75 - [STDERR_REDIRECT] [Fatal Error] :1:1: Premature end of file.
2025-11-11 21:04:49,483 [ERROR] LogOutputStream:75 - [STDERR_REDIRECT] 
2025-11-11 21:04:50,451 [ERROR] LogOutputStream:75 - [STDERR_REDIRECT] [Fatal Error] :1:1: Premature end of file.
2025-11-11 21:04:50,451 [ERROR] LogOutputStream:75 - [STDERR_REDIRECT] 
2025-11-11 21:04:51,454 [ERROR] LogOutputStream:75 - [STDERR_REDIRECT] [Fatal Error] :1:1: Premature end of file.
2025-11-11 21:04:51,454 [ERROR] LogOutputStream:75 - [STDERR_REDIRECT] 
2025-11-11 21:04:52,461 [ERROR] LogOutputStream:75 - [STDERR_REDIRECT] [Fatal Error] :1:1: Premature end of file.
2025-11-11 21:04:52,461 [ERROR] LogOutputStream:75 - [STDERR_REDIRECT] 
2025-11-11 21:04:53,458 [ERROR] LogOutputStream:75 - [STDERR_REDIRECT] [Fatal Error] :1:1: Premature end of file.
2025-11-11 21:04:53,458 [ERROR] LogOutputStream:75 - [STDERR_REDIRECT] 
2025-11-11 21:04:54,456 [ERROR] LogOutputStream:75 - [STDERR_REDIRECT] [Fatal Error] :1:1: Premature end of file.
2025-11-11 21:04:54,456 [ERROR] LogOutputStream:75 - [STDERR_REDIRECT] 
2025-11-11 21:04:55,483 [ERROR] LogOutputStream:75 - [STDERR_REDIRECT] [Fatal Error] :1:1: Premature end of file.
2025-11-11 21:04:55,484 [ERROR] LogOutputStream:75 - [STDERR_REDIRECT] 
2025-11-11 21:04:56,478 [ERROR] LogOutputStream:75 - [STDERR_REDIRECT] [Fatal Error] :1:1: Premature end of file.
2025-11-11 21:04:56,479 [ERROR] LogOutputStream:75 - [STDERR_REDIRECT] 
2025-11-11 21:04:57,450 [ERROR] LogOutputStream:75 - [STDERR_REDIRECT] [Fatal Error] :1:1: Premature end of file.
2025-11-11 21:04:57,450 [ERROR] LogOutputStream:75 - [STDERR_REDIRECT] 
2025-11-11 21:04:58,463 [ERROR] LogOutputStream:75 - [STDERR_REDIRECT] [Fatal Error] :1:1: Premature end of file.
2025-11-11 21:04:58,463 [ERROR] LogOutputStream:75 - [STDERR_REDIRECT] 
2025-11-11 21:04:59,454 [ERROR] LogOutputStream:75 - [STDERR_REDIRECT] [Fatal Error] :1:1: Premature end of file.
2025-11-11 21:04:59,454 [ERROR] LogOutputStream:75 - [STDERR_REDIRECT] 
2025-11-11 21:05:00,458 [ERROR] LogOutputStream:75 - [STDERR_REDIRECT] [Fatal Error] :1:1: Premature end of file.
2025-11-11 21:05:00,458 [ERROR] LogOutputStream:75 - [STDERR_REDIRECT] 
2025-11-11 21:05:01,459 [ERROR] LogOutputStream:75 - [STDERR_REDIRECT] [Fatal Error] :1:1: Premature end of file.
2025-11-11 21:05:01,459 [ERROR] LogOutputStream:75 - [STDERR_REDIRECT] 
2025-11-11 21:05:02,527 [ERROR] LogOutputStream:75 - [STDERR_REDIRECT] [Fatal Error] :1:1: Premature end of file.
2025-11-11 21:05:02,527 [ERROR] LogOutputStream:75 - [STDERR_REDIRECT] 
2025-11-11 21:05:03,457 [ERROR] LogOutputStream:75 - [STDERR_REDIRECT] [Fatal Error] :1:1: Premature end of file.
2025-11-11 21:05:03,457 [ERROR] LogOutputStream:75 - [STDERR_REDIRECT] 
2025-11-11 21:05:04,464 [ERROR] LogOutputStream:75 - [STDERR_REDIRECT] [Fatal Error] :1:1: Premature end of file.
2025-11-11 21:05:04,465 [ERROR] LogOutputStream:75 - [STDERR_REDIRECT] 
2025-11-11 21:05:05,460 [ERROR] LogOutputStream:75 - [STDERR_REDIRECT] [Fatal Error] :1:1: Premature end of file.
2025-11-11 21:05:05,460 [ERROR] LogOutputStream:75 - [STDERR_REDIRECT] 
2025-11-11 21:05:06,460 [ERROR] LogOutputStream:75 - [STDERR_REDIRECT] [Fatal Error] :1:1: Premature end of file.
2025-11-11 21:05:06,460 [ERROR] LogOutputStream:75 - [STDERR_REDIRECT] 
2025-11-11 21:05:07,461 [ERROR] LogOutputStream:75 - [STDERR_REDIRECT] [Fatal Error] :1:1: Premature end of file.
2025-11-11 21:05:07,461 [ERROR] LogOutputStream:75 - [STDERR_REDIRECT] 
2025-11-11 21:05:08,513 [ERROR] LogOutputStream:75 - [STDERR_REDIRECT] [Fatal Error] :1:1: Premature end of file.
2025-11-11 21:05:08,513 [ERROR] LogOutputStream:75 - [STDERR_REDIRECT] 
2025-11-11 21:05:09,453 [ERROR] LogOutputStream:75 - [STDERR_REDIRECT] [Fatal Error] :1:1: Premature end of file.
2025-11-11 21:05:09,453 [ERROR] LogOutputStream:75 - [STDERR_REDIRECT] 
2025-11-11 21:05:10,457 [ERROR] LogOutputStream:75 - [STDERR_REDIRECT] [Fatal Error] :1:1: Premature end of file.
2025-11-11 21:05:10,457 [ERROR] LogOutputStream:75 - [STDERR_REDIRECT] 
2025-11-11 21:05:11,457 [ERROR] LogOutputStream:75 - [STDERR_REDIRECT] [Fatal Error] :1:1: Premature end of file.
2025-11-11 21:05:11,458 [ERROR] LogOutputStream:75 - [STDERR_REDIRECT] 
2025-11-11 21:05:12,450 [ERROR] LogOutputStream:75 - [STDERR_REDIRECT] [Fatal Error] :1:1: Premature end of file.
2025-11-11 21:05:12,450 [ERROR] LogOutputStream:75 - [STDERR_REDIRECT] 
2025-11-11 21:05:13,460 [ERROR] LogOutputStream:75 - [STDERR_REDIRECT] [Fatal Error] :1:1: Premature end of file.
2025-11-11 21:05:13,461 [ERROR] LogOutputStream:75 - [STDERR_REDIRECT] 
2025-11-11 21:05:14,506 [ERROR] LogOutputStream:75 - [STDERR_REDIRECT] [Fatal Error] :1:1: Premature end of file.
2025-11-11 21:05:14,507 [ERROR] LogOutputStream:75 - [STDERR_REDIRECT] 
2025-11-11 21:05:15,458 [ERROR] LogOutputStream:75 - [STDERR_REDIRECT] [Fatal Error] :1:1: Premature end of file.
2025-11-11 21:05:15,458 [ERROR] LogOutputStream:75 - [STDERR_REDIRECT] 
2025-11-11 21:05:16,456 [ERROR] LogOutputStream:75 - [STDERR_REDIRECT] [Fatal Error] :1:1: Premature end of file.
2025-11-11 21:05:16,456 [ERROR] LogOutputStream:75 - [STDERR_REDIRECT] 
2025-11-11 21:05:17,461 [ERROR] LogOutputStream:75 - [STDERR_REDIRECT] [Fatal Error] :1:1: Premature end of file.
2025-11-11 21:05:17,461 [ERROR] LogOutputStream:75 - [STDERR_REDIRECT] 
2025-11-11 21:05:18,455 [ERROR] LogOutputStream:75 - [STDERR_REDIRECT] [Fatal Error] :1:1: Premature end of file.
2025-11-11 21:05:18,455 [ERROR] LogOutputStream:75 - [STDERR_REDIRECT] 
2025-11-11 21:05:19,459 [ERROR] LogOutputStream:75 - [STDERR_REDIRECT] [Fatal Error] :1:1: Premature end of file.
2025-11-11 21:05:19,459 [ERROR] LogOutputStream:75 - [STDERR_REDIRECT] 
2025-11-11 21:05:20,475 [ERROR] LogOutputStream:75 - [STDERR_REDIRECT] [Fatal Error] :1:1: Premature end of file.
2025-11-11 21:05:20,476 [ERROR] LogOutputStream:75 - [STDERR_REDIRECT] 
2025-11-11 21:05:21,521 [ERROR] LogOutputStream:75 - [STDERR_REDIRECT] [Fatal Error] :1:1: Premature end of file.
2025-11-11 21:05:21,521 [ERROR] LogOutputStream:75 - [STDERR_REDIRECT] 
2025-11-11 21:05:22,463 [ERROR] LogOutputStream:75 - [STDERR_REDIRECT] [Fatal Error] :1:1: Premature end of file.
2025-11-11 21:05:22,463 [ERROR] LogOutputStream:75 - [STDERR_REDIRECT] 
2025-11-11 21:05:23,456 [ERROR] LogOutputStream:75 - [STDERR_REDIRECT] [Fatal Error] :1:1: Premature end of file.
2025-11-11 21:05:23,457 [ERROR] LogOutputStream:75 - [STDERR_REDIRECT] 
2025-11-11 21:05:24,457 [ERROR] LogOutputStream:75 - [STDERR_REDIRECT] [Fatal Error] :1:1: Premature end of file.
2025-11-11 21:05:24,458 [ERROR] LogOutputStream:75 - [STDERR_REDIRECT] 
2025-11-11 21:05:25,461 [ERROR] LogOutputStream:75 - [STDERR_REDIRECT] [Fatal Error] :1:1: Premature end of file.
2025-11-11 21:05:25,462 [ERROR] LogOutputStream:75 - [STDERR_REDIRECT] 
2025-11-11 21:05:26,455 [ERROR] LogOutputStream:75 - [STDERR_REDIRECT] [Fatal Error] :1:1: Premature end of file.
2025-11-11 21:05:26,455 [ERROR] LogOutputStream:75 - [STDERR_REDIRECT] 
2025-11-11 21:05:27,504 [ERROR] LogOutputStream:75 - [STDERR_REDIRECT] [Fatal Error] :1:1: Premature end of file.
2025-11-11 21:05:27,504 [ERROR] LogOutputStream:75 - [STDERR_REDIRECT] 
2025-11-11 21:05:28,457 [ERROR] LogOutputStream:75 - [STDERR_REDIRECT] [Fatal Error] :1:1: Premature end of file.
2025-11-11 21:05:28,457 [ERROR] LogOutputStream:75 - [STDERR_REDIRECT] 
2025-11-11 21:05:29,461 [ERROR] LogOutputStream:75 - [STDERR_REDIRECT] [Fatal Error] :1:1: Premature end of file.
2025-11-11 21:05:29,461 [ERROR] LogOutputStream:75 - [STDERR_REDIRECT] 
2025-11-11 21:05:30,462 [ERROR] LogOutputStream:75 - [STDERR_REDIRECT] [Fatal Error] :1:1: Premature end of file.
2025-11-11 21:05:30,462 [ERROR] LogOutputStream:75 - [STDERR_REDIRECT] 
2025-11-11 21:05:31,451 [ERROR] LogOutputStream:75 - [STDERR_REDIRECT] [Fatal Error] :1:1: Premature end of file.
2025-11-11 21:05:31,452 [ERROR] LogOutputStream:75 - [STDERR_REDIRECT] 
2025-11-11 21:05:32,458 [ERROR] LogOutputStream:75 - [STDERR_REDIRECT] [Fatal Error] :1:1: Premature end of file.
2025-11-11 21:05:32,458 [ERROR] LogOutputStream:75 - [STDERR_REDIRECT] 
2025-11-11 21:05:33,474 [ERROR] LogOutputStream:75 - [STDERR_REDIRECT] [Fatal Error] :1:1: Premature end of file.
2025-11-11 21:05:33,474 [ERROR] LogOutputStream:75 - [STDERR_REDIRECT] 
2025-11-11 21:05:34,461 [ERROR] LogOutputStream:75 - [STDERR_REDIRECT] [Fatal Error] :1:1: Premature end of file.
2025-11-11 21:05:34,462 [ERROR] LogOutputStream:75 - [STDERR_REDIRECT] 
2025-11-11 21:05:35,462 [ERROR] LogOutputStream:75 - [STDERR_REDIRECT] [Fatal Error] :1:1: Premature end of file.
2025-11-11 21:05:35,462 [ERROR] LogOutputStream:75 - [STDERR_REDIRECT] 
2025-11-11 21:05:36,464 [ERROR] LogOutputStream:75 - [STDERR_REDIRECT] [Fatal Error] :1:1: Premature end of file.
2025-11-11 21:05:36,464 [ERROR] LogOutputStream:75 - [STDERR_REDIRECT] 
2025-11-11 21:05:37,459 [ERROR] LogOutputStream:75 - [STDERR_REDIRECT] [Fatal Error] :1:1: Premature end of file.
2025-11-11 21:05:37,459 [ERROR] LogOutputStream:75 - [STDERR_REDIRECT] 
2025-11-11 21:05:38,460 [ERROR] LogOutputStream:75 - [STDERR_REDIRECT] [Fatal Error] :1:1: Premature end of file.
2025-11-11 21:05:38,461 [ERROR] LogOutputStream:75 - [STDERR_REDIRECT] 
2025-11-11 21:05:39,465 [ERROR] LogOutputStream:75 - [STDERR_REDIRECT] [Fatal Error] :1:1: Premature end of file.
2025-11-11 21:05:39,466 [ERROR] LogOutputStream:75 - [STDERR_REDIRECT] 
2025-11-11 21:05:40,502 [ERROR] LogOutputStream:75 - [STDERR_REDIRECT] [Fatal Error] :1:1: Premature end of file.
2025-11-11 21:05:40,502 [ERROR] LogOutputStream:75 - [STDERR_REDIRECT] 
2025-11-11 21:05:41,461 [ERROR] LogOutputStream:75 - [STDERR_REDIRECT] [Fatal Error] :1:1: Premature end of file.
2025-11-11 21:05:41,461 [ERROR] LogOutputStream:75 - [STDERR_REDIRECT] 
2025-11-11 21:05:42,454 [ERROR] LogOutputStream:75 - [STDERR_REDIRECT] [Fatal Error] :1:1: Premature end of file.
2025-11-11 21:05:42,454 [ERROR] LogOutputStream:75 - [STDERR_REDIRECT] 
2025-11-11 21:05:43,456 [ERROR] LogOutputStream:75 - [STDERR_REDIRECT] [Fatal Error] :1:1: Premature end of file.
2025-11-11 21:05:43,456 [ERROR] LogOutputStream:75 - [STDERR_REDIRECT] 
2025-11-11 21:05:44,464 [ERROR] LogOutputStream:75 - [STDERR_REDIRECT] [Fatal Error] :1:1: Premature end of file.
2025-11-11 21:05:44,465 [ERROR] LogOutputStream:75 - [STDERR_REDIRECT] 
2025-11-11 21:05:45,467 [ERROR] LogOutputStream:75 - [STDERR_REDIRECT] [Fatal Error] :1:1: Premature end of file.
2025-11-11 21:05:45,468 [ERROR] LogOutputStream:75 - [STDERR_REDIRECT] 
2025-11-11 21:05:46,529 [ERROR] LogOutputStream:75 - [STDERR_REDIRECT] [Fatal Error] :1:1: Premature end of file.
2025-11-11 21:05:46,529 [ERROR] LogOutputStream:75 - [STDERR_REDIRECT] 
2025-11-11 21:05:47,452 [ERROR] LogOutputStream:75 - [STDERR_REDIRECT] [Fatal Error] :1:1: Premature end of file.
2025-11-11 21:05:47,452 [ERROR] LogOutputStream:75 - [STDERR_REDIRECT] 
2025-11-11 21:05:48,460 [ERROR] LogOutputStream:75 - [STDERR_REDIRECT] [Fatal Error] :1:1: Premature end of file.
2025-11-11 21:05:48,460 [ERROR] LogOutputStream:75 - [STDERR_REDIRECT] 
2025-11-11 21:05:49,457 [ERROR] LogOutputStream:75 - [STDERR_REDIRECT] [Fatal Error] :1:1: Premature end of file.
2025-11-11 21:05:49,457 [ERROR] LogOutputStream:75 - [STDERR_REDIRECT] 
2025-11-11 21:05:50,450 [ERROR] LogOutputStream:75 - [STDERR_REDIRECT] [Fatal Error] :1:1: Premature end of file.
2025-11-11 21:05:50,450 [ERROR] LogOutputStream:75 - [STDERR_REDIRECT] 
2025-11-11 21:05:51,457 [ERROR] LogOutputStream:75 - [STDERR_REDIRECT] [Fatal Error] :1:1: Premature end of file.
2025-11-11 21:05:51,458 [ERROR] LogOutputStream:75 - [STDERR_REDIRECT] 
2025-11-11 21:05:52,452 [ERROR] LogOutputStream:75 - [STDERR_REDIRECT] [Fatal Error] :1:1: Premature end of file.
2025-11-11 21:05:52,452 [ERROR] LogOutputStream:75 - [STDERR_REDIRECT] 
2025-11-11 21:05:53,472 [ERROR] LogOutputStream:75 - [STDERR_REDIRECT] [Fatal Error] :1:1: Premature end of file.
2025-11-11 21:05:53,472 [ERROR] LogOutputStream:75 - [STDERR_REDIRECT] 
2025-11-11 21:05:54,443 [ERROR] LogOutputStream:75 - [STDERR_REDIRECT] [Fatal Error] :1:1: Premature end of file.
2025-11-11 21:05:54,443 [ERROR] LogOutputStream:75 - [STDERR_REDIRECT] 
2025-11-11 21:05:55,457 [ERROR] LogOutputStream:75 - [STDERR_REDIRECT] [Fatal Error] :1:1: Premature end of file.
2025-11-11 21:05:55,457 [ERROR] LogOutputStream:75 - [STDERR_REDIRECT] 
2025-11-11 21:05:56,451 [ERROR] LogOutputStream:75 - [STDERR_REDIRECT] [Fatal Error] :1:1: Premature end of file.
2025-11-11 21:05:56,451 [ERROR] LogOutputStream:75 - [STDERR_REDIRECT] 
2025-11-11 21:05:57,449 [ERROR] LogOutputStream:75 - [STDERR_REDIRECT] [Fatal Error] :1:1: Premature end of file.
2025-11-11 21:05:57,449 [ERROR] LogOutputStream:75 - [STDERR_REDIRECT] 
2025-11-11 21:05:58,448 [ERROR] LogOutputStream:75 - [STDERR_REDIRECT] [Fatal Error] :1:1: Premature end of file.
2025-11-11 21:05:58,448 [ERROR] LogOutputStream:75 - [STDERR_REDIRECT] 
2025-11-11 21:05:59,494 [ERROR] LogOutputStream:75 - [STDERR_REDIRECT] [Fatal Error] :1:1: Premature end of file.
2025-11-11 21:05:59,494 [ERROR] LogOutputStream:75 - [STDERR_REDIRECT] 
2025-11-11 21:06:00,452 [ERROR] LogOutputStream:75 - [STDERR_REDIRECT] [Fatal Error] :1:1: Premature end of file.
2025-11-11 21:06:00,453 [ERROR] LogOutputStream:75 - [STDERR_REDIRECT] 
2025-11-11 21:06:01,459 [ERROR] LogOutputStream:75 - [STDERR_REDIRECT] [Fatal Error] :1:1: Premature end of file.
2025-11-11 21:06:01,460 [ERROR] LogOutputStream:75 - [STDERR_REDIRECT] 
2025-11-11 21:06:02,464 [ERROR] LogOutputStream:75 - [STDERR_REDIRECT] [Fatal Error] :1:1: Premature end of file.
2025-11-11 21:06:02,464 [ERROR] LogOutputStream:75 - [STDERR_REDIRECT] 
2025-11-11 21:06:03,466 [ERROR] LogOutputStream:75 - [STDERR_REDIRECT] [Fatal Error] :1:1: Premature end of file.
2025-11-11 21:06:03,468 [ERROR] LogOutputStream:75 - [STDERR_REDIRECT] 
2025-11-11 21:06:04,467 [ERROR] LogOutputStream:75 - [STDERR_REDIRECT] [Fatal Error] :1:1: Premature end of file.
2025-11-11 21:06:04,467 [ERROR] LogOutputStream:75 - [STDERR_REDIRECT] 
2025-11-11 21:06:05,480 [ERROR] LogOutputStream:75 - [STDERR_REDIRECT] [Fatal Error] :1:1: Premature end of file.
2025-11-11 21:06:05,480 [ERROR] LogOutputStream:75 - [STDERR_REDIRECT] 
2025-11-11 21:06:06,462 [ERROR] LogOutputStream:75 - [STDERR_REDIRECT] [Fatal Error] :1:1: Premature end of file.
2025-11-11 21:06:06,462 [ERROR] LogOutputStream:75 - [STDERR_REDIRECT] 
2025-11-11 21:06:07,454 [ERROR] LogOutputStream:75 - [STDERR_REDIRECT] [Fatal Error] :1:1: Premature end of file.
2025-11-11 21:06:07,454 [ERROR] LogOutputStream:75 - [STDERR_REDIRECT] 
2025-11-11 21:06:08,468 [ERROR] LogOutputStream:75 - [STDERR_REDIRECT] [Fatal Error] :1:1: Premature end of file.
2025-11-11 21:06:08,468 [ERROR] LogOutputStream:75 - [STDERR_REDIRECT] 
2025-11-11 21:06:09,458 [ERROR] LogOutputStream:75 - [STDERR_REDIRECT] [Fatal Error] :1:1: Premature end of file.
2025-11-11 21:06:09,458 [ERROR] LogOutputStream:75 - [STDERR_REDIRECT] 
2025-11-11 21:06:10,461 [ERROR] LogOutputStream:75 - [STDERR_REDIRECT] [Fatal Error] :1:1: Premature end of file.
2025-11-11 21:06:10,461 [ERROR] LogOutputStream:75 - [STDERR_REDIRECT] 
2025-11-11 21:06:11,461 [ERROR] LogOutputStream:75 - [STDERR_REDIRECT] [Fatal Error] :1:1: Premature end of file.
2025-11-11 21:06:11,461 [ERROR] LogOutputStream:75 - [STDERR_REDIRECT] 
2025-11-11 21:06:12,498 [ERROR] LogOutputStream:75 - [STDERR_REDIRECT] [Fatal Error] :1:1: Premature end of file.
2025-11-11 21:06:12,498 [ERROR] LogOutputStream:75 - [STDERR_REDIRECT] 
2025-11-11 21:06:13,464 [ERROR] LogOutputStream:75 - [STDERR_REDIRECT] [Fatal Error] :1:1: Premature end of file.
2025-11-11 21:06:13,465 [ERROR] LogOutputStream:75 - [STDERR_REDIRECT] 
2025-11-11 21:06:14,455 [ERROR] LogOutputStream:75 - [STDERR_REDIRECT] [Fatal Error] :1:1: Premature end of file.
2025-11-11 21:06:14,455 [ERROR] LogOutputStream:75 - [STDERR_REDIRECT] 
2025-11-11 21:06:15,457 [ERROR] LogOutputStream:75 - [STDERR_REDIRECT] [Fatal Error] :1:1: Premature end of file.
2025-11-11 21:06:15,457 [ERROR] LogOutputStream:75 - [STDERR_REDIRECT] 
2025-11-11 21:06:16,479 [ERROR] LogOutputStream:75 - [STDERR_REDIRECT] [Fatal Error] :1:1: Premature end of file.
2025-11-11 21:06:16,479 [ERROR] LogOutputStream:75 - [STDERR_REDIRECT] 
2025-11-11 21:06:17,453 [ERROR] LogOutputStream:75 - [STDERR_REDIRECT] [Fatal Error] :1:1: Premature end of file.
2025-11-11 21:06:17,453 [ERROR] LogOutputStream:75 - [STDERR_REDIRECT] 
2025-11-11 21:06:18,455 [ERROR] LogOutputStream:75 - [STDERR_REDIRECT] [Fatal Error] :1:1: Premature end of file.
2025-11-11 21:06:18,455 [ERROR] LogOutputStream:75 - [STDERR_REDIRECT] 
2025-11-11 21:06:19,501 [ERROR] LogOutputStream:75 - [STDERR_REDIRECT] [Fatal Error] :1:1: Premature end of file.
2025-11-11 21:06:19,502 [ERROR] LogOutputStream:75 - [STDERR_REDIRECT] 
2025-11-11 21:06:20,461 [ERROR] LogOutputStream:75 - [STDERR_REDIRECT] [Fatal Error] :1:1: Premature end of file.
2025-11-11 21:06:20,462 [ERROR] LogOutputStream:75 - [STDERR_REDIRECT] 
2025-11-11 21:06:21,460 [ERROR] LogOutputStream:75 - [STDERR_REDIRECT] [Fatal Error] :1:1: Premature end of file.
2025-11-11 21:06:21,462 [ERROR] LogOutputStream:75 - [STDERR_REDIRECT] 
2025-11-11 21:06:22,462 [ERROR] LogOutputStream:75 - [STDERR_REDIRECT] [Fatal Error] :1:1: Premature end of file.
2025-11-11 21:06:22,462 [ERROR] LogOutputStream:75 - [STDERR_REDIRECT] 
2025-11-11 21:06:23,458 [ERROR] LogOutputStream:75 - [STDERR_REDIRECT] [Fatal Error] :1:1: Premature end of file.
2025-11-11 21:06:23,458 [ERROR] LogOutputStream:75 - [STDERR_REDIRECT] 
2025-11-11 21:06:24,462 [ERROR] LogOutputStream:75 - [STDERR_REDIRECT] [Fatal Error] :1:1: Premature end of file.
2025-11-11 21:06:24,462 [ERROR] LogOutputStream:75 - [STDERR_REDIRECT] 
2025-11-11 21:06:25,439 [ERROR] LogOutputStream:75 - [STDERR_REDIRECT] [Fatal Error] :1:1: Premature end of file.
2025-11-11 21:06:25,439 [ERROR] LogOutputStream:75 - [STDERR_REDIRECT] 
2025-11-11 21:06:26,456 [ERROR] LogOutputStream:75 - [STDERR_REDIRECT] [Fatal Error] :1:1: Premature end of file.
2025-11-11 21:06:26,456 [ERROR] LogOutputStream:75 - [STDERR_REDIRECT] 
2025-11-11 21:06:27,509 [ERROR] LogOutputStream:75 - [STDERR_REDIRECT] [Fatal Error] :1:1: Premature end of file.
2025-11-11 21:06:27,510 [ERROR] LogOutputStream:75 - [STDERR_REDIRECT] 
2025-11-11 21:06:28,459 [ERROR] LogOutputStream:75 - [STDERR_REDIRECT] [Fatal Error] :1:1: Premature end of file.
2025-11-11 21:06:28,460 [ERROR] LogOutputStream:75 - [STDERR_REDIRECT] 
2025-11-11 21:06:29,458 [ERROR] LogOutputStream:75 - [STDERR_REDIRECT] [Fatal Error] :1:1: Premature end of file.
2025-11-11 21:06:29,458 [ERROR] LogOutputStream:75 - [STDERR_REDIRECT] 
2025-11-11 21:06:30,455 [ERROR] LogOutputStream:75 - [STDERR_REDIRECT] [Fatal Error] :1:1: Premature end of file.
2025-11-11 21:06:30,455 [ERROR] LogOutputStream:75 - [STDERR_REDIRECT] 
2025-11-11 21:06:31,456 [ERROR] LogOutputStream:75 - [STDERR_REDIRECT] [Fatal Error] :1:1: Premature end of file.
2025-11-11 21:06:31,456 [ERROR] LogOutputStream:75 - [STDERR_REDIRECT] 
2025-11-11 21:06:32,464 [ERROR] LogOutputStream:75 - [STDERR_REDIRECT] [Fatal Error] :1:1: Premature end of file.
2025-11-11 21:06:32,465 [ERROR] LogOutputStream:75 - [STDERR_REDIRECT] 
2025-11-11 21:06:33,456 [ERROR] LogOutputStream:75 - [STDERR_REDIRECT] [Fatal Error] :1:1: Premature end of file.
2025-11-11 21:06:33,457 [ERROR] LogOutputStream:75 - [STDERR_REDIRECT] 
2025-11-11 21:06:34,450 [ERROR] LogOutputStream:75 - [STDERR_REDIRECT] [Fatal Error] :1:1: Premature end of file.
2025-11-11 21:06:34,450 [ERROR] LogOutputStream:75 - [STDERR_REDIRECT] 
2025-11-11 21:06:35,466 [ERROR] LogOutputStream:75 - [STDERR_REDIRECT] [Fatal Error] :1:1: Premature end of file.
2025-11-11 21:06:35,466 [ERROR] LogOutputStream:75 - [STDERR_REDIRECT] 
2025-11-11 21:06:36,505 [ERROR] LogOutputStream:75 - [STDERR_REDIRECT] [Fatal Error] :1:1: Premature end of file.
2025-11-11 21:06:36,505 [ERROR] LogOutputStream:75 - [STDERR_REDIRECT] 
2025-11-11 21:06:37,460 [ERROR] LogOutputStream:75 - [STDERR_REDIRECT] [Fatal Error] :1:1: Premature end of file.
2025-11-11 21:06:37,460 [ERROR] LogOutputStream:75 - [STDERR_REDIRECT] 
2025-11-11 21:06:38,456 [ERROR] LogOutputStream:75 - [STDERR_REDIRECT] [Fatal Error] :1:1: Premature end of file.
2025-11-11 21:06:38,456 [ERROR] LogOutputStream:75 - [STDERR_REDIRECT] 
2025-11-11 21:06:39,457 [ERROR] LogOutputStream:75 - [STDERR_REDIRECT] [Fatal Error] :1:1: Premature end of file.
2025-11-11 21:06:39,457 [ERROR] LogOutputStream:75 - [STDERR_REDIRECT] 
2025-11-11 21:06:40,450 [ERROR] LogOutputStream:75 - [STDERR_REDIRECT] [Fatal Error] :1:1: Premature end of file.
2025-11-11 21:06:40,451 [ERROR] LogOutputStream:75 - [STDERR_REDIRECT] 
2025-11-11 21:06:41,453 [ERROR] LogOutputStream:75 - [STDERR_REDIRECT] [Fatal Error] :1:1: Premature end of file.
2025-11-11 21:06:41,453 [ERROR] LogOutputStream:75 - [STDERR_REDIRECT] 
2025-11-11 21:06:42,451 [ERROR] LogOutputStream:75 - [STDERR_REDIRECT] [Fatal Error] :1:1: Premature end of file.
2025-11-11 21:06:42,451 [ERROR] LogOutputStream:75 - [STDERR_REDIRECT] 
2025-11-11 21:06:43,472 [ERROR] LogOutputStream:75 - [STDERR_REDIRECT] [Fatal Error] :1:1: Premature end of file.
2025-11-11 21:06:43,472 [ERROR] LogOutputStream:75 - [STDERR_REDIRECT] 
2025-11-11 21:06:44,480 [ERROR] LogOutputStream:75 - [STDERR_REDIRECT] [Fatal Error] :1:1: Premature end of file.
2025-11-11 21:06:44,480 [ERROR] LogOutputStream:75 - [STDERR_REDIRECT] 
2025-11-11 21:06:45,451 [ERROR] LogOutputStream:75 - [STDERR_REDIRECT] [Fatal Error] :1:1: Premature end of file.
2025-11-11 21:06:45,451 [ERROR] LogOutputStream:75 - [STDERR_REDIRECT] 
2025-11-11 21:06:46,457 [ERROR] LogOutputStream:75 - [STDERR_REDIRECT] [Fatal Error] :1:1: Premature end of file.
2025-11-11 21:06:46,457 [ERROR] LogOutputStream:75 - [STDERR_REDIRECT] 
2025-11-11 21:06:47,456 [ERROR] LogOutputStream:75 - [STDERR_REDIRECT] [Fatal Error] :1:1: Premature end of file.
2025-11-11 21:06:47,456 [ERROR] LogOutputStream:75 - [STDERR_REDIRECT] 
2025-11-11 21:06:48,455 [ERROR] LogOutputStream:75 - [STDERR_REDIRECT] [Fatal Error] :1:1: Premature end of file.
2025-11-11 21:06:48,455 [ERROR] LogOutputStream:75 - [STDERR_REDIRECT] 
2025-11-11 21:06:49,461 [ERROR] LogOutputStream:75 - [STDERR_REDIRECT] [Fatal Error] :1:1: Premature end of file.
2025-11-11 21:06:49,461 [ERROR] LogOutputStream:75 - [STDERR_REDIRECT] 
2025-11-11 21:06:50,489 [ERROR] LogOutputStream:75 - [STDERR_REDIRECT] [Fatal Error] :1:1: Premature end of file.
2025-11-11 21:06:50,489 [ERROR] LogOutputStream:75 - [STDERR_REDIRECT] 
2025-11-11 21:06:51,453 [ERROR] LogOutputStream:75 - [STDERR_REDIRECT] [Fatal Error] :1:1: Premature end of file.
2025-11-11 21:06:51,453 [ERROR] LogOutputStream:75 - [STDERR_REDIRECT] 
2025-11-11 21:06:52,464 [ERROR] LogOutputStream:75 - [STDERR_REDIRECT] [Fatal Error] :1:1: Premature end of file.
2025-11-11 21:06:52,464 [ERROR] LogOutputStream:75 - [STDERR_REDIRECT] 
2025-11-11 21:06:53,454 [ERROR] LogOutputStream:75 - [STDERR_REDIRECT] [Fatal Error] :1:1: Premature end of file.
2025-11-11 21:06:53,454 [ERROR] LogOutputStream:75 - [STDERR_REDIRECT] 
2025-11-11 21:06:54,450 [ERROR] LogOutputStream:75 - [STDERR_REDIRECT] [Fatal Error] :1:1: Premature end of file.
2025-11-11 21:06:54,450 [ERROR] LogOutputStream:75 - [STDERR_REDIRECT] 
2025-11-11 21:06:55,456 [ERROR] LogOutputStream:75 - [STDERR_REDIRECT] [Fatal Error] :1:1: Premature end of file.
2025-11-11 21:06:55,456 [ERROR] LogOutputStream:75 - [STDERR_REDIRECT] 
2025-11-11 21:06:56,457 [ERROR] LogOutputStream:75 - [STDERR_REDIRECT] [Fatal Error] :1:1: Premature end of file.
2025-11-11 21:06:56,457 [ERROR] LogOutputStream:75 - [STDERR_REDIRECT] 
2025-11-11 21:06:57,546 [ERROR] LogOutputStream:75 - [STDERR_REDIRECT] [Fatal Error] :1:1: Premature end of file.
2025-11-11 21:06:57,546 [ERROR] LogOutputStream:75 - [STDERR_REDIRECT] 
2025-11-11 21:06:58,459 [ERROR] LogOutputStream:75 - [STDERR_REDIRECT] [Fatal Error] :1:1: Premature end of file.
2025-11-11 21:06:58,459 [ERROR] LogOutputStream:75 - [STDERR_REDIRECT] 
2025-11-11 21:06:59,460 [ERROR] LogOutputStream:75 - [STDERR_REDIRECT] [Fatal Error] :1:1: Premature end of file.
2025-11-11 21:06:59,460 [ERROR] LogOutputStream:75 - [STDERR_REDIRECT] 
2025-11-11 21:07:00,452 [ERROR] LogOutputStream:75 - [STDERR_REDIRECT] [Fatal Error] :1:1: Premature end of file.
2025-11-11 21:07:00,452 [ERROR] LogOutputStream:75 - [STDERR_REDIRECT] 
2025-11-11 21:07:01,454 [ERROR] LogOutputStream:75 - [STDERR_REDIRECT] [Fatal Error] :1:1: Premature end of file.
2025-11-11 21:07:01,454 [ERROR] LogOutputStream:75 - [STDERR_REDIRECT] 
2025-11-11 21:07:02,464 [ERROR] LogOutputStream:75 - [STDERR_REDIRECT] [Fatal Error] :1:1: Premature end of file.
2025-11-11 21:07:02,464 [ERROR] LogOutputStream:75 - [STDERR_REDIRECT] 
2025-11-11 21:07:03,468 [ERROR] LogOutputStream:75 - [STDERR_REDIRECT] [Fatal Error] :1:1: Premature end of file.
2025-11-11 21:07:03,469 [ERROR] LogOutputStream:75 - [STDERR_REDIRECT] 
2025-11-11 21:07:04,509 [ERROR] LogOutputStream:75 - [STDERR_REDIRECT] [Fatal Error] :1:1: Premature end of file.
2025-11-11 21:07:04,509 [ERROR] LogOutputStream:75 - [STDERR_REDIRECT] 
2025-11-11 21:07:05,462 [ERROR] LogOutputStream:75 - [STDERR_REDIRECT] [Fatal Error] :1:1: Premature end of file.
2025-11-11 21:07:05,462 [ERROR] LogOutputStream:75 - [STDERR_REDIRECT] 
2025-11-11 21:07:06,458 [ERROR] LogOutputStream:75 - [STDERR_REDIRECT] [Fatal Error] :1:1: Premature end of file.
2025-11-11 21:07:06,458 [ERROR] LogOutputStream:75 - [STDERR_REDIRECT] 
2025-11-11 21:07:07,447 [ERROR] LogOutputStream:75 - [STDERR_REDIRECT] [Fatal Error] :1:1: Premature end of file.
2025-11-11 21:07:07,447 [ERROR] LogOutputStream:75 - [STDERR_REDIRECT] 
2025-11-11 21:07:08,465 [ERROR] LogOutputStream:75 - [STDERR_REDIRECT] [Fatal Error] :1:1: Premature end of file.
2025-11-11 21:07:08,465 [ERROR] LogOutputStream:75 - [STDERR_REDIRECT] 
2025-11-11 21:07:09,452 [ERROR] LogOutputStream:75 - [STDERR_REDIRECT] [Fatal Error] :1:1: Premature end of file.
2025-11-11 21:07:09,452 [ERROR] LogOutputStream:75 - [STDERR_REDIRECT] 
2025-11-11 21:07:10,467 [ERROR] LogOutputStream:75 - [STDERR_REDIRECT] [Fatal Error] :1:1: Premature end of file.
2025-11-11 21:07:10,468 [ERROR] LogOutputStream:75 - [STDERR_REDIRECT] 
2025-11-11 21:07:11,524 [ERROR] LogOutputStream:75 - [STDERR_REDIRECT] [Fatal Error] :1:1: Premature end of file.
2025-11-11 21:07:11,524 [ERROR] LogOutputStream:75 - [STDERR_REDIRECT] 
2025-11-11 21:07:12,452 [ERROR] LogOutputStream:75 - [STDERR_REDIRECT] [Fatal Error] :1:1: Premature end of file.
2025-11-11 21:07:12,452 [ERROR] LogOutputStream:75 - [STDERR_REDIRECT] 
2025-11-11 21:07:13,452 [ERROR] LogOutputStream:75 - [STDERR_REDIRECT] [Fatal Error] :1:1: Premature end of file.
2025-11-11 21:07:13,452 [ERROR] LogOutputStream:75 - [STDERR_REDIRECT] 
2025-11-11 21:07:14,461 [ERROR] LogOutputStream:75 - [STDERR_REDIRECT] [Fatal Error] :1:1: Premature end of file.
2025-11-11 21:07:14,461 [ERROR] LogOutputStream:75 - [STDERR_REDIRECT] 
2025-11-11 21:07:15,452 [ERROR] LogOutputStream:75 - [STDERR_REDIRECT] [Fatal Error] :1:1: Premature end of file.
2025-11-11 21:07:15,452 [ERROR] LogOutputStream:75 - [STDERR_REDIRECT] 
2025-11-11 21:07:16,457 [ERROR] LogOutputStream:75 - [STDERR_REDIRECT] [Fatal Error] :1:1: Premature end of file.
2025-11-11 21:07:16,458 [ERROR] LogOutputStream:75 - [STDERR_REDIRECT] 
2025-11-11 21:07:17,479 [ERROR] LogOutputStream:75 - [STDERR_REDIRECT] [Fatal Error] :1:1: Premature end of file.
2025-11-11 21:07:17,479 [ERROR] LogOutputStream:75 - [STDERR_REDIRECT] 
2025-11-11 21:07:18,467 [ERROR] LogOutputStream:75 - [STDERR_REDIRECT] [Fatal Error] :1:1: Premature end of file.
2025-11-11 21:07:18,467 [ERROR] LogOutputStream:75 - [STDERR_REDIRECT] 
2025-11-11 21:07:19,451 [ERROR] LogOutputStream:75 - [STDERR_REDIRECT] [Fatal Error] :1:1: Premature end of file.
2025-11-11 21:07:19,451 [ERROR] LogOutputStream:75 - [STDERR_REDIRECT] 
2025-11-11 21:07:20,440 [ERROR] LogOutputStream:75 - [STDERR_REDIRECT] [Fatal Error] :1:1: Premature end of file.
2025-11-11 21:07:20,440 [ERROR] LogOutputStream:75 - [STDERR_REDIRECT] 
2025-11-11 21:07:21,443 [ERROR] LogOutputStream:75 - [STDERR_REDIRECT] [Fatal Error] :1:1: Premature end of file.
2025-11-11 21:07:21,443 [ERROR] LogOutputStream:75 - [STDERR_REDIRECT] 
2025-11-11 21:07:22,440 [ERROR] LogOutputStream:75 - [STDERR_REDIRECT] [Fatal Error] :1:1: Premature end of file.
2025-11-11 21:07:22,440 [ERROR] LogOutputStream:75 - [STDERR_REDIRECT] 
2025-11-11 21:07:23,465 [ERROR] LogOutputStream:75 - [STDERR_REDIRECT] [Fatal Error] :1:1: Premature end of file.
2025-11-11 21:07:23,465 [ERROR] LogOutputStream:75 - [STDERR_REDIRECT] 
2025-11-11 21:07:24,454 [ERROR] LogOutputStream:75 - [STDERR_REDIRECT] [Fatal Error] :1:1: Premature end of file.
2025-11-11 21:07:24,454 [ERROR] LogOutputStream:75 - [STDERR_REDIRECT] 
2025-11-11 21:07:25,448 [ERROR] LogOutputStream:75 - [STDERR_REDIRECT] [Fatal Error] :1:1: Premature end of file.
2025-11-11 21:07:25,448 [ERROR] LogOutputStream:75 - [STDERR_REDIRECT] 
2025-11-11 21:07:26,450 [ERROR] LogOutputStream:75 - [STDERR_REDIRECT] [Fatal Error] :1:1: Premature end of file.
2025-11-11 21:07:26,450 [ERROR] LogOutputStream:75 - [STDERR_REDIRECT] 
2025-11-11 21:07:27,470 [ERROR] LogOutputStream:75 - [STDERR_REDIRECT] [Fatal Error] :1:1: Premature end of file.
2025-11-11 21:07:27,470 [ERROR] LogOutputStream:75 - [STDERR_REDIRECT] 
2025-11-11 21:07:28,489 [ERROR] LogOutputStream:75 - [STDERR_REDIRECT] [Fatal Error] :1:1: Premature end of file.
2025-11-11 21:07:28,489 [ERROR] LogOutputStream:75 - [STDERR_REDIRECT] 
2025-11-11 21:07:29,475 [ERROR] LogOutputStream:75 - [STDERR_REDIRECT] [Fatal Error] :1:1: Premature end of file.
2025-11-11 21:07:29,475 [ERROR] LogOutputStream:75 - [STDERR_REDIRECT] 
2025-11-11 21:07:30,450 [ERROR] LogOutputStream:75 - [STDERR_REDIRECT] [Fatal Error] :1:1: Premature end of file.
2025-11-11 21:07:30,451 [ERROR] LogOutputStream:75 - [STDERR_REDIRECT] 
2025-11-11 21:07:31,452 [ERROR] LogOutputStream:75 - [STDERR_REDIRECT] [Fatal Error] :1:1: Premature end of file.
2025-11-11 21:07:31,452 [ERROR] LogOutputStream:75 - [STDERR_REDIRECT] 
2025-11-11 21:07:32,457 [ERROR] LogOutputStream:75 - [STDERR_REDIRECT] [Fatal Error] :1:1: Premature end of file.
2025-11-11 21:07:32,457 [ERROR] LogOutputStream:75 - [STDERR_REDIRECT] 
2025-11-11 21:07:33,452 [ERROR] LogOutputStream:75 - [STDERR_REDIRECT] [Fatal Error] :1:1: Premature end of file.
2025-11-11 21:07:33,452 [ERROR] LogOutputStream:75 - [STDERR_REDIRECT] 
2025-11-11 21:07:34,464 [ERROR] LogOutputStream:75 - [STDERR_REDIRECT] [Fatal Error] :1:1: Premature end of file.
2025-11-11 21:07:34,464 [ERROR] LogOutputStream:75 - [STDERR_REDIRECT] 
2025-11-11 21:07:35,454 [ERROR] LogOutputStream:75 - [STDERR_REDIRECT] [Fatal Error] :1:1: Premature end of file.
2025-11-11 21:07:35,454 [ERROR] LogOutputStream:75 - [STDERR_REDIRECT] 
2025-11-11 21:07:36,451 [ERROR] LogOutputStream:75 - [STDERR_REDIRECT] [Fatal Error] :1:1: Premature end of file.
2025-11-11 21:07:36,452 [ERROR] LogOutputStream:75 - [STDERR_REDIRECT] 
2025-11-11 21:07:37,449 [ERROR] LogOutputStream:75 - [STDERR_REDIRECT] [Fatal Error] :1:1: Premature end of file.
2025-11-11 21:07:37,449 [ERROR] LogOutputStream:75 - [STDERR_REDIRECT] 
2025-11-11 21:07:38,503 [ERROR] LogOutputStream:75 - [STDERR_REDIRECT] [Fatal Error] :1:1: Premature end of file.
2025-11-11 21:07:38,504 [ERROR] LogOutputStream:75 - [STDERR_REDIRECT] 
2025-11-11 21:07:39,456 [ERROR] LogOutputStream:75 - [STDERR_REDIRECT] [Fatal Error] :1:1: Premature end of file.
2025-11-11 21:07:39,456 [ERROR] LogOutputStream:75 - [STDERR_REDIRECT] 
2025-11-11 21:07:40,449 [ERROR] LogOutputStream:75 - [STDERR_REDIRECT] [Fatal Error] :1:1: Premature end of file.
2025-11-11 21:07:40,450 [ERROR] LogOutputStream:75 - [STDERR_REDIRECT] 
2025-11-11 21:07:41,460 [ERROR] LogOutputStream:75 - [STDERR_REDIRECT] [Fatal Error] :1:1: Premature end of file.
2025-11-11 21:07:41,460 [ERROR] LogOutputStream:75 - [STDERR_REDIRECT] 
2025-11-11 21:07:42,457 [ERROR] LogOutputStream:75 - [STDERR_REDIRECT] [Fatal Error] :1:1: Premature end of file.
2025-11-11 21:07:42,457 [ERROR] LogOutputStream:75 - [STDERR_REDIRECT] 
2025-11-11 21:07:43,453 [ERROR] LogOutputStream:75 - [STDERR_REDIRECT] [Fatal Error] :1:1: Premature end of file.
2025-11-11 21:07:43,453 [ERROR] LogOutputStream:75 - [STDERR_REDIRECT] 
2025-11-11 21:07:44,448 [ERROR] LogOutputStream:75 - [STDERR_REDIRECT] [Fatal Error] :1:1: Premature end of file.
2025-11-11 21:07:44,448 [ERROR] LogOutputStream:75 - [STDERR_REDIRECT] 
2025-11-11 21:07:45,453 [ERROR] LogOutputStream:75 - [STDERR_REDIRECT] [Fatal Error] :1:1: Premature end of file.
2025-11-11 21:07:45,453 [ERROR] LogOutputStream:75 - [STDERR_REDIRECT] 
2025-11-11 21:07:46,448 [ERROR] LogOutputStream:75 - [STDERR_REDIRECT] [Fatal Error] :1:1: Premature end of file.
2025-11-11 21:07:46,448 [ERROR] LogOutputStream:75 - [STDERR_REDIRECT] 
2025-11-11 21:07:46,605 [INFO] WebApp:194 - Connection lost
2025-11-11 21:07:47,545 [ERROR] LogOutputStream:75 - [STDERR_REDIRECT] [Fatal Error] :1:1: Premature end of file.
2025-11-11 21:07:47,545 [ERROR] LogOutputStream:75 - [STDERR_REDIRECT] 
2025-11-11 21:07:48,485 [ERROR] LogOutputStream:75 - [STDERR_REDIRECT] [Fatal Error] :1:1: Premature end of file.
2025-11-11 21:07:48,485 [ERROR] LogOutputStream:75 - [STDERR_REDIRECT] 
2025-11-11 21:07:49,466 [ERROR] LogOutputStream:75 - [STDERR_REDIRECT] [Fatal Error] :1:1: Premature end of file.
2025-11-11 21:07:49,466 [ERROR] LogOutputStream:75 - [STDERR_REDIRECT] 
2025-11-11 21:07:50,460 [ERROR] LogOutputStream:75 - [STDERR_REDIRECT] [Fatal Error] :1:1: Premature end of file.
2025-11-11 21:07:50,460 [ERROR] LogOutputStream:75 - [STDERR_REDIRECT] 
2025-11-11 21:07:51,461 [ERROR] LogOutputStream:75 - [STDERR_REDIRECT] [Fatal Error] :1:1: Premature end of file.
2025-11-11 21:07:51,461 [ERROR] LogOutputStream:75 - [STDERR_REDIRECT] 
2025-11-11 21:07:52,453 [ERROR] LogOutputStream:75 - [STDERR_REDIRECT] [Fatal Error] :1:1: Premature end of file.
2025-11-11 21:07:52,453 [ERROR] LogOutputStream:75 - [STDERR_REDIRECT] 
2025-11-11 21:07:53,478 [ERROR] LogOutputStream:75 - [STDERR_REDIRECT] [Fatal Error] :1:1: Premature end of file.
2025-11-11 21:07:53,478 [ERROR] LogOutputStream:75 - [STDERR_REDIRECT] 
2025-11-11 21:07:54,465 [ERROR] LogOutputStream:75 - [STDERR_REDIRECT] [Fatal Error] :1:1: Premature end of file.
2025-11-11 21:07:54,465 [ERROR] LogOutputStream:75 - [STDERR_REDIRECT] 
2025-11-11 21:07:55,453 [ERROR] LogOutputStream:75 - [STDERR_REDIRECT] [Fatal Error] :1:1: Premature end of file.
2025-11-11 21:07:55,453 [ERROR] LogOutputStream:75 - [STDERR_REDIRECT] 
2025-11-11 21:07:56,452 [ERROR] LogOutputStream:75 - [STDERR_REDIRECT] [Fatal Error] :1:1: Premature end of file.
2025-11-11 21:07:56,453 [ERROR] LogOutputStream:75 - [STDERR_REDIRECT] 
2025-11-11 21:07:57,451 [ERROR] LogOutputStream:75 - [STDERR_REDIRECT] [Fatal Error] :1:1: Premature end of file.
2025-11-11 21:07:57,451 [ERROR] LogOutputStream:75 - [STDERR_REDIRECT] 
2025-11-11 21:07:58,451 [ERROR] LogOutputStream:75 - [STDERR_REDIRECT] [Fatal Error] :1:1: Premature end of file.
2025-11-11 21:07:58,451 [ERROR] LogOutputStream:75 - [STDERR_REDIRECT] 
2025-11-11 21:07:59,457 [ERROR] LogOutputStream:75 - [STDERR_REDIRECT] [Fatal Error] :1:1: Premature end of file.
2025-11-11 21:07:59,457 [ERROR] LogOutputStream:75 - [STDERR_REDIRECT] 
2025-11-11 21:08:00,448 [ERROR] LogOutputStream:75 - [STDERR_REDIRECT] [Fatal Error] :1:1: Premature end of file.
2025-11-11 21:08:00,448 [ERROR] LogOutputStream:75 - [STDERR_REDIRECT] 
2025-11-11 21:08:01,519 [ERROR] LogOutputStream:75 - [STDERR_REDIRECT] [Fatal Error] :1:1: Premature end of file.
2025-11-11 21:08:01,519 [ERROR] LogOutputStream:75 - [STDERR_REDIRECT] 
2025-11-11 21:08:02,457 [ERROR] LogOutputStream:75 - [STDERR_REDIRECT] [Fatal Error] :1:1: Premature end of file.
2025-11-11 21:08:02,457 [ERROR] LogOutputStream:75 - [STDERR_REDIRECT] 
2025-11-11 21:08:03,457 [ERROR] LogOutputStream:75 - [STDERR_REDIRECT] [Fatal Error] :1:1: Premature end of file.
2025-11-11 21:08:03,457 [ERROR] LogOutputStream:75 - [STDERR_REDIRECT] 
2025-11-11 21:08:04,453 [ERROR] LogOutputStream:75 - [STDERR_REDIRECT] [Fatal Error] :1:1: Premature end of file.
2025-11-11 21:08:04,453 [ERROR] LogOutputStream:75 - [STDERR_REDIRECT] 
2025-11-11 21:08:05,465 [ERROR] LogOutputStream:75 - [STDERR_REDIRECT] [Fatal Error] :1:1: Premature end of file.
2025-11-11 21:08:05,465 [ERROR] LogOutputStream:75 - [STDERR_REDIRECT] 
2025-11-11 21:08:06,456 [ERROR] LogOutputStream:75 - [STDERR_REDIRECT] [Fatal Error] :1:1: Premature end of file.
2025-11-11 21:08:06,457 [ERROR] LogOutputStream:75 - [STDERR_REDIRECT] 
2025-11-11 21:08:07,475 [ERROR] LogOutputStream:75 - [STDERR_REDIRECT] [Fatal Error] :1:1: Premature end of file.
2025-11-11 21:08:07,475 [ERROR] LogOutputStream:75 - [STDERR_REDIRECT] 
2025-11-11 21:08:08,453 [ERROR] LogOutputStream:75 - [STDERR_REDIRECT] [Fatal Error] :1:1: Premature end of file.
2025-11-11 21:08:08,453 [ERROR] LogOutputStream:75 - [STDERR_REDIRECT] 
2025-11-11 21:08:09,449 [ERROR] LogOutputStream:75 - [STDERR_REDIRECT] [Fatal Error] :1:1: Premature end of file.
2025-11-11 21:08:09,449 [ERROR] LogOutputStream:75 - [STDERR_REDIRECT] 
2025-11-11 21:08:10,456 [ERROR] LogOutputStream:75 - [STDERR_REDIRECT] [Fatal Error] :1:1: Premature end of file.
2025-11-11 21:08:10,456 [ERROR] LogOutputStream:75 - [STDERR_REDIRECT] 
2025-11-11 21:08:11,456 [ERROR] LogOutputStream:75 - [STDERR_REDIRECT] [Fatal Error] :1:1: Premature end of file.
2025-11-11 21:08:11,456 [ERROR] LogOutputStream:75 - [STDERR_REDIRECT] 
2025-11-11 21:08:12,453 [ERROR] LogOutputStream:75 - [STDERR_REDIRECT] [Fatal Error] :1:1: Premature end of file.
2025-11-11 21:08:12,453 [ERROR] LogOutputStream:75 - [STDERR_REDIRECT] 
2025-11-11 21:08:13,451 [ERROR] LogOutputStream:75 - [STDERR_REDIRECT] [Fatal Error] :1:1: Premature end of file.
2025-11-11 21:08:13,451 [ERROR] LogOutputStream:75 - [STDERR_REDIRECT] 
2025-11-11 21:08:14,474 [ERROR] LogOutputStream:75 - [STDERR_REDIRECT] [Fatal Error] :1:1: Premature end of file.
2025-11-11 21:08:14,474 [ERROR] LogOutputStream:75 - [STDERR_REDIRECT] 
2025-11-11 21:08:15,451 [ERROR] LogOutputStream:75 - [STDERR_REDIRECT] [Fatal Error] :1:1: Premature end of file.
2025-11-11 21:08:15,451 [ERROR] LogOutputStream:75 - [STDERR_REDIRECT] 
2025-11-11 21:08:16,453 [ERROR] LogOutputStream:75 - [STDERR_REDIRECT] [Fatal Error] :1:1: Premature end of file.
2025-11-11 21:08:16,453 [ERROR] LogOutputStream:75 - [STDERR_REDIRECT] 
2025-11-11 21:08:17,458 [ERROR] LogOutputStream:75 - [STDERR_REDIRECT] [Fatal Error] :1:1: Premature end of file.
2025-11-11 21:08:17,458 [ERROR] LogOutputStream:75 - [STDERR_REDIRECT] 
2025-11-11 21:08:18,461 [ERROR] LogOutputStream:75 - [STDERR_REDIRECT] [Fatal Error] :1:1: Premature end of file.
2025-11-11 21:08:18,461 [ERROR] LogOutputStream:75 - [STDERR_REDIRECT] 
2025-11-11 21:08:19,454 [ERROR] LogOutputStream:75 - [STDERR_REDIRECT] [Fatal Error] :1:1: Premature end of file.
2025-11-11 21:08:19,454 [ERROR] LogOutputStream:75 - [STDERR_REDIRECT] 
2025-11-11 21:08:20,456 [ERROR] LogOutputStream:75 - [STDERR_REDIRECT] [Fatal Error] :1:1: Premature end of file.
2025-11-11 21:08:20,456 [ERROR] LogOutputStream:75 - [STDERR_REDIRECT] 
2025-11-11 21:08:21,495 [ERROR] LogOutputStream:75 - [STDERR_REDIRECT] [Fatal Error] :1:1: Premature end of file.
2025-11-11 21:08:21,495 [ERROR] LogOutputStream:75 - [STDERR_REDIRECT] 
2025-11-11 21:08:22,474 [ERROR] LogOutputStream:75 - [STDERR_REDIRECT] [Fatal Error] :1:1: Premature end of file.
2025-11-11 21:08:22,474 [ERROR] LogOutputStream:75 - [STDERR_REDIRECT] 
2025-11-11 21:08:23,463 [ERROR] LogOutputStream:75 - [STDERR_REDIRECT] [Fatal Error] :1:1: Premature end of file.
2025-11-11 21:08:23,463 [ERROR] LogOutputStream:75 - [STDERR_REDIRECT] 
2025-11-11 21:08:24,457 [ERROR] LogOutputStream:75 - [STDERR_REDIRECT] [Fatal Error] :1:1: Premature end of file.
2025-11-11 21:08:24,457 [ERROR] LogOutputStream:75 - [STDERR_REDIRECT] 
2025-11-11 21:08:25,454 [ERROR] LogOutputStream:75 - [STDERR_REDIRECT] [Fatal Error] :1:1: Premature end of file.
2025-11-11 21:08:25,454 [ERROR] LogOutputStream:75 - [STDERR_REDIRECT] 
2025-11-11 21:08:26,509 [ERROR] LogOutputStream:75 - [STDERR_REDIRECT] [Fatal Error] :1:1: Premature end of file.
2025-11-11 21:08:26,509 [ERROR] LogOutputStream:75 - [STDERR_REDIRECT] 
2025-11-11 21:08:27,463 [ERROR] LogOutputStream:75 - [STDERR_REDIRECT] [Fatal Error] :1:1: Premature end of file.
2025-11-11 21:08:27,463 [ERROR] LogOutputStream:75 - [STDERR_REDIRECT] 
2025-11-11 21:08:28,470 [ERROR] LogOutputStream:75 - [STDERR_REDIRECT] [Fatal Error] :1:1: Premature end of file.
2025-11-11 21:08:28,470 [ERROR] LogOutputStream:75 - [STDERR_REDIRECT] 
2025-11-11 21:08:29,469 [ERROR] LogOutputStream:75 - [STDERR_REDIRECT] [Fatal Error] :1:1: Premature end of file.
2025-11-11 21:08:29,469 [ERROR] LogOutputStream:75 - [STDERR_REDIRECT] 
2025-11-11 21:08:30,467 [ERROR] LogOutputStream:75 - [STDERR_REDIRECT] [Fatal Error] :1:1: Premature end of file.
2025-11-11 21:08:30,467 [ERROR] LogOutputStream:75 - [STDERR_REDIRECT] 
2025-11-11 21:08:31,461 [ERROR] LogOutputStream:75 - [STDERR_REDIRECT] [Fatal Error] :1:1: Premature end of file.
2025-11-11 21:08:31,461 [ERROR] LogOutputStream:75 - [STDERR_REDIRECT] 
2025-11-11 21:08:32,456 [ERROR] LogOutputStream:75 - [STDERR_REDIRECT] [Fatal Error] :1:1: Premature end of file.
2025-11-11 21:08:32,456 [ERROR] LogOutputStream:75 - [STDERR_REDIRECT] 
2025-11-11 21:08:33,460 [ERROR] LogOutputStream:75 - [STDERR_REDIRECT] [Fatal Error] :1:1: Premature end of file.
2025-11-11 21:08:33,460 [ERROR] LogOutputStream:75 - [STDERR_REDIRECT] 
2025-11-11 21:08:34,460 [ERROR] LogOutputStream:75 - [STDERR_REDIRECT] [Fatal Error] :1:1: Premature end of file.
2025-11-11 21:08:34,461 [ERROR] LogOutputStream:75 - [STDERR_REDIRECT] 
2025-11-11 21:08:35,473 [ERROR] LogOutputStream:75 - [STDERR_REDIRECT] [Fatal Error] :1:1: Premature end of file.
2025-11-11 21:08:35,473 [ERROR] LogOutputStream:75 - [STDERR_REDIRECT] 
2025-11-11 21:08:36,560 [ERROR] LogOutputStream:75 - [STDERR_REDIRECT] [Fatal Error] :1:1: Premature end of file.
2025-11-11 21:08:36,560 [ERROR] LogOutputStream:75 - [STDERR_REDIRECT] 
2025-11-11 21:08:37,453 [ERROR] LogOutputStream:75 - [STDERR_REDIRECT] [Fatal Error] :1:1: Premature end of file.
2025-11-11 21:08:37,453 [ERROR] LogOutputStream:75 - [STDERR_REDIRECT] 
2025-11-11 21:08:38,464 [ERROR] LogOutputStream:75 - [STDERR_REDIRECT] [Fatal Error] :1:1: Premature end of file.
2025-11-11 21:08:38,464 [ERROR] LogOutputStream:75 - [STDERR_REDIRECT] 
2025-11-11 21:08:39,456 [ERROR] LogOutputStream:75 - [STDERR_REDIRECT] [Fatal Error] :1:1: Premature end of file.
2025-11-11 21:08:39,456 [ERROR] LogOutputStream:75 - [STDERR_REDIRECT] 
2025-11-11 21:08:40,471 [ERROR] LogOutputStream:75 - [STDERR_REDIRECT] [Fatal Error] :1:1: Premature end of file.
2025-11-11 21:08:40,471 [ERROR] LogOutputStream:75 - [STDERR_REDIRECT] 
2025-11-11 21:08:41,465 [ERROR] LogOutputStream:75 - [STDERR_REDIRECT] [Fatal Error] :1:1: Premature end of file.
2025-11-11 21:08:41,465 [ERROR] LogOutputStream:75 - [STDERR_REDIRECT] 
2025-11-11 21:08:42,467 [ERROR] LogOutputStream:75 - [STDERR_REDIRECT] [Fatal Error] :1:1: Premature end of file.
2025-11-11 21:08:42,467 [ERROR] LogOutputStream:75 - [STDERR_REDIRECT] 
2025-11-11 21:08:43,564 [ERROR] LogOutputStream:75 - [STDERR_REDIRECT] [Fatal Error] :1:1: Premature end of file.
2025-11-11 21:08:43,564 [ERROR] LogOutputStream:75 - [STDERR_REDIRECT] 
2025-11-11 21:08:44,459 [ERROR] LogOutputStream:75 - [STDERR_REDIRECT] [Fatal Error] :1:1: Premature end of file.
2025-11-11 21:08:44,460 [ERROR] LogOutputStream:75 - [STDERR_REDIRECT] 
2025-11-11 21:08:45,453 [ERROR] LogOutputStream:75 - [STDERR_REDIRECT] [Fatal Error] :1:1: Premature end of file.
2025-11-11 21:08:45,453 [ERROR] LogOutputStream:75 - [STDERR_REDIRECT] 
2025-11-11 21:08:46,463 [ERROR] LogOutputStream:75 - [STDERR_REDIRECT] [Fatal Error] :1:1: Premature end of file.
2025-11-11 21:08:46,463 [ERROR] LogOutputStream:75 - [STDERR_REDIRECT] 
2025-11-11 21:08:47,465 [ERROR] LogOutputStream:75 - [STDERR_REDIRECT] [Fatal Error] :1:1: Premature end of file.
2025-11-11 21:08:47,465 [ERROR] LogOutputStream:75 - [STDERR_REDIRECT] 
2025-11-11 21:08:48,456 [ERROR] LogOutputStream:75 - [STDERR_REDIRECT] [Fatal Error] :1:1: Premature end of file.
2025-11-11 21:08:48,457 [ERROR] LogOutputStream:75 - [STDERR_REDIRECT] 
2025-11-11 21:08:49,467 [ERROR] LogOutputStream:75 - [STDERR_REDIRECT] [Fatal Error] :1:1: Premature end of file.
2025-11-11 21:08:49,467 [ERROR] LogOutputStream:75 - [STDERR_REDIRECT] 
2025-11-11 21:08:50,556 [ERROR] LogOutputStream:75 - [STDERR_REDIRECT] [Fatal Error] :1:1: Premature end of file.
2025-11-11 21:08:50,556 [ERROR] LogOutputStream:75 - [STDERR_REDIRECT] 
2025-11-11 21:08:51,462 [ERROR] LogOutputStream:75 - [STDERR_REDIRECT] [Fatal Error] :1:1: Premature end of file.
2025-11-11 21:08:51,462 [ERROR] LogOutputStream:75 - [STDERR_REDIRECT] 
2025-11-11 21:08:52,461 [ERROR] LogOutputStream:75 - [STDERR_REDIRECT] [Fatal Error] :1:1: Premature end of file.
2025-11-11 21:08:52,461 [ERROR] LogOutputStream:75 - [STDERR_REDIRECT] 
2025-11-11 21:08:53,463 [ERROR] LogOutputStream:75 - [STDERR_REDIRECT] [Fatal Error] :1:1: Premature end of file.
2025-11-11 21:08:53,463 [ERROR] LogOutputStream:75 - [STDERR_REDIRECT] 
2025-11-11 21:08:54,466 [ERROR] LogOutputStream:75 - [STDERR_REDIRECT] [Fatal Error] :1:1: Premature end of file.
2025-11-11 21:08:54,466 [ERROR] LogOutputStream:75 - [STDERR_REDIRECT] 
2025-11-11 21:08:55,468 [ERROR] LogOutputStream:75 - [STDERR_REDIRECT] [Fatal Error] :1:1: Premature end of file.
2025-11-11 21:08:55,470 [ERROR] LogOutputStream:75 - [STDERR_REDIRECT] 
2025-11-11 21:08:56,468 [ERROR] LogOutputStream:75 - [STDERR_REDIRECT] [Fatal Error] :1:1: Premature end of file.
2025-11-11 21:08:56,468 [ERROR] LogOutputStream:75 - [STDERR_REDIRECT] 
2025-11-11 21:08:57,526 [ERROR] LogOutputStream:75 - [STDERR_REDIRECT] [Fatal Error] :1:1: Premature end of file.
2025-11-11 21:08:57,526 [ERROR] LogOutputStream:75 - [STDERR_REDIRECT] 
2025-11-11 21:08:58,471 [ERROR] LogOutputStream:75 - [STDERR_REDIRECT] [Fatal Error] :1:1: Premature end of file.
2025-11-11 21:08:58,471 [ERROR] LogOutputStream:75 - [STDERR_REDIRECT] 
2025-11-11 21:08:59,469 [ERROR] LogOutputStream:75 - [STDERR_REDIRECT] [Fatal Error] :1:1: Premature end of file.
2025-11-11 21:08:59,469 [ERROR] LogOutputStream:75 - [STDERR_REDIRECT] 
2025-11-11 21:09:00,463 [ERROR] LogOutputStream:75 - [STDERR_REDIRECT] [Fatal Error] :1:1: Premature end of file.
2025-11-11 21:09:00,463 [ERROR] LogOutputStream:75 - [STDERR_REDIRECT] 
2025-11-11 21:09:01,463 [ERROR] LogOutputStream:75 - [STDERR_REDIRECT] [Fatal Error] :1:1: Premature end of file.
2025-11-11 21:09:01,464 [ERROR] LogOutputStream:75 - [STDERR_REDIRECT] 
2025-11-11 21:09:02,465 [ERROR] LogOutputStream:75 - [STDERR_REDIRECT] [Fatal Error] :1:1: Premature end of file.
2025-11-11 21:09:02,465 [ERROR] LogOutputStream:75 - [STDERR_REDIRECT] 
2025-11-11 21:09:03,464 [ERROR] LogOutputStream:75 - [STDERR_REDIRECT] [Fatal Error] :1:1: Premature end of file.
2025-11-11 21:09:03,464 [ERROR] LogOutputStream:75 - [STDERR_REDIRECT] 
2025-11-11 21:09:04,555 [ERROR] LogOutputStream:75 - [STDERR_REDIRECT] [Fatal Error] :1:1: Premature end of file.
2025-11-11 21:09:04,555 [ERROR] LogOutputStream:75 - [STDERR_REDIRECT] 
2025-11-11 21:09:05,466 [ERROR] LogOutputStream:75 - [STDERR_REDIRECT] [Fatal Error] :1:1: Premature end of file.
2025-11-11 21:09:05,466 [ERROR] LogOutputStream:75 - [STDERR_REDIRECT] 
2025-11-11 21:09:06,464 [ERROR] LogOutputStream:75 - [STDERR_REDIRECT] [Fatal Error] :1:1: Premature end of file.
2025-11-11 21:09:06,464 [ERROR] LogOutputStream:75 - [STDERR_REDIRECT] 
2025-11-11 21:09:07,460 [ERROR] LogOutputStream:75 - [STDERR_REDIRECT] [Fatal Error] :1:1: Premature end of file.
2025-11-11 21:09:07,460 [ERROR] LogOutputStream:75 - [STDERR_REDIRECT] 
2025-11-11 21:09:08,472 [ERROR] LogOutputStream:75 - [STDERR_REDIRECT] [Fatal Error] :1:1: Premature end of file.
2025-11-11 21:09:08,472 [ERROR] LogOutputStream:75 - [STDERR_REDIRECT] 
2025-11-11 21:09:09,453 [ERROR] LogOutputStream:75 - [STDERR_REDIRECT] [Fatal Error] :1:1: Premature end of file.
2025-11-11 21:09:09,453 [ERROR] LogOutputStream:75 - [STDERR_REDIRECT] 
2025-11-11 21:09:10,457 [ERROR] LogOutputStream:75 - [STDERR_REDIRECT] [Fatal Error] :1:1: Premature end of file.
2025-11-11 21:09:10,457 [ERROR] LogOutputStream:75 - [STDERR_REDIRECT] 
2025-11-11 21:09:11,527 [ERROR] LogOutputStream:75 - [STDERR_REDIRECT] [Fatal Error] :1:1: Premature end of file.
2025-11-11 21:09:11,527 [ERROR] LogOutputStream:75 - [STDERR_REDIRECT] 
2025-11-11 21:09:12,459 [ERROR] LogOutputStream:75 - [STDERR_REDIRECT] [Fatal Error] :1:1: Premature end of file.
2025-11-11 21:09:12,459 [ERROR] LogOutputStream:75 - [STDERR_REDIRECT] 
2025-11-11 21:09:13,460 [ERROR] LogOutputStream:75 - [STDERR_REDIRECT] [Fatal Error] :1:1: Premature end of file.
2025-11-11 21:09:13,460 [ERROR] LogOutputStream:75 - [STDERR_REDIRECT] 
2025-11-11 21:09:14,460 [ERROR] LogOutputStream:75 - [STDERR_REDIRECT] [Fatal Error] :1:1: Premature end of file.
2025-11-11 21:09:14,461 [ERROR] LogOutputStream:75 - [STDERR_REDIRECT] 
2025-11-11 21:09:15,474 [ERROR] LogOutputStream:75 - [STDERR_REDIRECT] [Fatal Error] :1:1: Premature end of file.
2025-11-11 21:09:15,474 [ERROR] LogOutputStream:75 - [STDERR_REDIRECT] 
2025-11-11 21:09:16,456 [ERROR] LogOutputStream:75 - [STDERR_REDIRECT] [Fatal Error] :1:1: Premature end of file.
2025-11-11 21:09:16,456 [ERROR] LogOutputStream:75 - [STDERR_REDIRECT] 
2025-11-11 21:09:17,456 [ERROR] LogOutputStream:75 - [STDERR_REDIRECT] [Fatal Error] :1:1: Premature end of file.
2025-11-11 21:09:17,457 [ERROR] LogOutputStream:75 - [STDERR_REDIRECT] 
2025-11-11 21:09:18,515 [ERROR] LogOutputStream:75 - [STDERR_REDIRECT] [Fatal Error] :1:1: Premature end of file.
2025-11-11 21:09:18,515 [ERROR] LogOutputStream:75 - [STDERR_REDIRECT] 
2025-11-11 21:09:19,455 [ERROR] LogOutputStream:75 - [STDERR_REDIRECT] [Fatal Error] :1:1: Premature end of file.
2025-11-11 21:09:19,455 [ERROR] LogOutputStream:75 - [STDERR_REDIRECT] 
2025-11-11 21:09:20,463 [ERROR] LogOutputStream:75 - [STDERR_REDIRECT] [Fatal Error] :1:1: Premature end of file.
2025-11-11 21:09:20,463 [ERROR] LogOutputStream:75 - [STDERR_REDIRECT] 
2025-11-11 21:09:21,475 [ERROR] LogOutputStream:75 - [STDERR_REDIRECT] [Fatal Error] :1:1: Premature end of file.
2025-11-11 21:09:21,475 [ERROR] LogOutputStream:75 - [STDERR_REDIRECT] 
2025-11-11 21:09:22,464 [ERROR] LogOutputStream:75 - [STDERR_REDIRECT] [Fatal Error] :1:1: Premature end of file.
2025-11-11 21:09:22,464 [ERROR] LogOutputStream:75 - [STDERR_REDIRECT] 
2025-11-11 21:09:23,476 [ERROR] LogOutputStream:75 - [STDERR_REDIRECT] [Fatal Error] :1:1: Premature end of file.
2025-11-11 21:09:23,476 [ERROR] LogOutputStream:75 - [STDERR_REDIRECT] 
2025-11-11 21:09:24,461 [ERROR] LogOutputStream:75 - [STDERR_REDIRECT] [Fatal Error] :1:1: Premature end of file.
2025-11-11 21:09:24,461 [ERROR] LogOutputStream:75 - [STDERR_REDIRECT] 
2025-11-11 21:09:25,471 [ERROR] LogOutputStream:75 - [STDERR_REDIRECT] [Fatal Error] :1:1: Premature end of file.
2025-11-11 21:09:25,471 [ERROR] LogOutputStream:75 - [STDERR_REDIRECT] 
2025-11-11 21:09:26,568 [ERROR] LogOutputStream:75 - [STDERR_REDIRECT] [Fatal Error] :1:1: Premature end of file.
2025-11-11 21:09:26,568 [ERROR] LogOutputStream:75 - [STDERR_REDIRECT] 
2025-11-11 21:09:27,459 [ERROR] LogOutputStream:75 - [STDERR_REDIRECT] [Fatal Error] :1:1: Premature end of file.
2025-11-11 21:09:27,459 [ERROR] LogOutputStream:75 - [STDERR_REDIRECT] 
2025-11-11 21:09:28,463 [ERROR] LogOutputStream:75 - [STDERR_REDIRECT] [Fatal Error] :1:1: Premature end of file.
2025-11-11 21:09:28,463 [ERROR] LogOutputStream:75 - [STDERR_REDIRECT] 
2025-11-11 21:09:29,459 [ERROR] LogOutputStream:75 - [STDERR_REDIRECT] [Fatal Error] :1:1: Premature end of file.
2025-11-11 21:09:29,459 [ERROR] LogOutputStream:75 - [STDERR_REDIRECT] 
2025-11-11 21:09:30,477 [ERROR] LogOutputStream:75 - [STDERR_REDIRECT] [Fatal Error] :1:1: Premature end of file.
2025-11-11 21:09:30,478 [ERROR] LogOutputStream:75 - [STDERR_REDIRECT] 
2025-11-11 21:09:31,461 [ERROR] LogOutputStream:75 - [STDERR_REDIRECT] [Fatal Error] :1:1: Premature end of file.
2025-11-11 21:09:31,461 [ERROR] LogOutputStream:75 - [STDERR_REDIRECT] 
2025-11-11 21:09:32,482 [ERROR] LogOutputStream:75 - [STDERR_REDIRECT] [Fatal Error] :1:1: Premature end of file.
2025-11-11 21:09:32,482 [ERROR] LogOutputStream:75 - [STDERR_REDIRECT] 
2025-11-11 21:09:33,515 [ERROR] LogOutputStream:75 - [STDERR_REDIRECT] [Fatal Error] :1:1: Premature end of file.
2025-11-11 21:09:33,515 [ERROR] LogOutputStream:75 - [STDERR_REDIRECT] 
2025-11-11 21:09:34,469 [ERROR] LogOutputStream:75 - [STDERR_REDIRECT] [Fatal Error] :1:1: Premature end of file.
2025-11-11 21:09:34,469 [ERROR] LogOutputStream:75 - [STDERR_REDIRECT] 
2025-11-11 21:09:35,461 [ERROR] LogOutputStream:75 - [STDERR_REDIRECT] [Fatal Error] :1:1: Premature end of file.
2025-11-11 21:09:35,461 [ERROR] LogOutputStream:75 - [STDERR_REDIRECT] 
2025-11-11 21:09:36,470 [ERROR] LogOutputStream:75 - [STDERR_REDIRECT] [Fatal Error] :1:1: Premature end of file.
2025-11-11 21:09:36,470 [ERROR] LogOutputStream:75 - [STDERR_REDIRECT] 
2025-11-11 21:09:37,461 [ERROR] LogOutputStream:75 - [STDERR_REDIRECT] [Fatal Error] :1:1: Premature end of file.
2025-11-11 21:09:37,461 [ERROR] LogOutputStream:75 - [STDERR_REDIRECT] 
2025-11-11 21:09:38,466 [ERROR] LogOutputStream:75 - [STDERR_REDIRECT] [Fatal Error] :1:1: Premature end of file.
2025-11-11 21:09:38,466 [ERROR] LogOutputStream:75 - [STDERR_REDIRECT] 
2025-11-11 21:09:39,467 [ERROR] LogOutputStream:75 - [STDERR_REDIRECT] [Fatal Error] :1:1: Premature end of file.
2025-11-11 21:09:39,467 [ERROR] LogOutputStream:75 - [STDERR_REDIRECT] 
2025-11-11 21:09:40,609 [ERROR] LogOutputStream:75 - [STDERR_REDIRECT] [Fatal Error] :1:1: Premature end of file.
2025-11-11 21:09:40,610 [ERROR] LogOutputStream:75 - [STDERR_REDIRECT] 
2025-11-11 21:09:41,462 [ERROR] LogOutputStream:75 - [STDERR_REDIRECT] [Fatal Error] :1:1: Premature end of file.
2025-11-11 21:09:41,462 [ERROR] LogOutputStream:75 - [STDERR_REDIRECT] 
2025-11-11 21:09:42,458 [ERROR] LogOutputStream:75 - [STDERR_REDIRECT] [Fatal Error] :1:1: Premature end of file.
2025-11-11 21:09:42,458 [ERROR] LogOutputStream:75 - [STDERR_REDIRECT] 
2025-11-11 21:09:43,463 [ERROR] LogOutputStream:75 - [STDERR_REDIRECT] [Fatal Error] :1:1: Premature end of file.
2025-11-11 21:09:43,463 [ERROR] LogOutputStream:75 - [STDERR_REDIRECT] 
2025-11-11 21:09:44,458 [ERROR] LogOutputStream:75 - [STDERR_REDIRECT] [Fatal Error] :1:1: Premature end of file.
2025-11-11 21:09:44,458 [ERROR] LogOutputStream:75 - [STDERR_REDIRECT] 
2025-11-11 21:09:45,456 [ERROR] LogOutputStream:75 - [STDERR_REDIRECT] [Fatal Error] :1:1: Premature end of file.
2025-11-11 21:09:45,457 [ERROR] LogOutputStream:75 - [STDERR_REDIRECT] 
2025-11-11 21:09:46,473 [ERROR] LogOutputStream:75 - [STDERR_REDIRECT] [Fatal Error] :1:1: Premature end of file.
2025-11-11 21:09:46,473 [ERROR] LogOutputStream:75 - [STDERR_REDIRECT] 
2025-11-11 21:09:47,514 [ERROR] LogOutputStream:75 - [STDERR_REDIRECT] [Fatal Error] :1:1: Premature end of file.
2025-11-11 21:09:47,514 [ERROR] LogOutputStream:75 - [STDERR_REDIRECT] 
2025-11-11 21:09:48,461 [ERROR] LogOutputStream:75 - [STDERR_REDIRECT] [Fatal Error] :1:1: Premature end of file.
2025-11-11 21:09:48,461 [ERROR] LogOutputStream:75 - [STDERR_REDIRECT] 
2025-11-11 21:09:49,466 [ERROR] LogOutputStream:75 - [STDERR_REDIRECT] [Fatal Error] :1:1: Premature end of file.
2025-11-11 21:09:49,466 [ERROR] LogOutputStream:75 - [STDERR_REDIRECT] 
2025-11-11 21:09:50,458 [ERROR] LogOutputStream:75 - [STDERR_REDIRECT] [Fatal Error] :1:1: Premature end of file.
2025-11-11 21:09:50,458 [ERROR] LogOutputStream:75 - [STDERR_REDIRECT] 
2025-11-11 21:09:51,463 [ERROR] LogOutputStream:75 - [STDERR_REDIRECT] [Fatal Error] :1:1: Premature end of file.
2025-11-11 21:09:51,463 [ERROR] LogOutputStream:75 - [STDERR_REDIRECT] 
2025-11-11 21:09:52,464 [ERROR] LogOutputStream:75 - [STDERR_REDIRECT] [Fatal Error] :1:1: Premature end of file.
2025-11-11 21:09:52,464 [ERROR] LogOutputStream:75 - [STDERR_REDIRECT] 
2025-11-11 21:09:53,472 [ERROR] LogOutputStream:75 - [STDERR_REDIRECT] [Fatal Error] :1:1: Premature end of file.
2025-11-11 21:09:53,472 [ERROR] LogOutputStream:75 - [STDERR_REDIRECT] 
2025-11-11 21:09:54,565 [ERROR] LogOutputStream:75 - [STDERR_REDIRECT] [Fatal Error] :1:1: Premature end of file.
2025-11-11 21:09:54,565 [ERROR] LogOutputStream:75 - [STDERR_REDIRECT] 
2025-11-11 21:09:55,468 [ERROR] LogOutputStream:75 - [STDERR_REDIRECT] [Fatal Error] :1:1: Premature end of file.
2025-11-11 21:09:55,469 [ERROR] LogOutputStream:75 - [STDERR_REDIRECT] 
2025-11-11 21:09:56,474 [ERROR] LogOutputStream:75 - [STDERR_REDIRECT] [Fatal Error] :1:1: Premature end of file.
2025-11-11 21:09:56,474 [ERROR] LogOutputStream:75 - [STDERR_REDIRECT] 
2025-11-11 21:09:57,456 [ERROR] LogOutputStream:75 - [STDERR_REDIRECT] [Fatal Error] :1:1: Premature end of file.
2025-11-11 21:09:57,456 [ERROR] LogOutputStream:75 - [STDERR_REDIRECT] 
2025-11-11 21:09:58,461 [ERROR] LogOutputStream:75 - [STDERR_REDIRECT] [Fatal Error] :1:1: Premature end of file.
2025-11-11 21:09:58,461 [ERROR] LogOutputStream:75 - [STDERR_REDIRECT] 
2025-11-11 21:09:59,474 [ERROR] LogOutputStream:75 - [STDERR_REDIRECT] [Fatal Error] :1:1: Premature end of file.
2025-11-11 21:09:59,474 [ERROR] LogOutputStream:75 - [STDERR_REDIRECT] 
2025-11-11 21:10:00,465 [ERROR] LogOutputStream:75 - [STDERR_REDIRECT] [Fatal Error] :1:1: Premature end of file.
2025-11-11 21:10:00,465 [ERROR] LogOutputStream:75 - [STDERR_REDIRECT] 
2025-11-11 21:10:01,559 [ERROR] LogOutputStream:75 - [STDERR_REDIRECT] [Fatal Error] :1:1: Premature end of file.
2025-11-11 21:10:01,559 [ERROR] LogOutputStream:75 - [STDERR_REDIRECT] 
2025-11-11 21:10:02,457 [ERROR] LogOutputStream:75 - [STDERR_REDIRECT] [Fatal Error] :1:1: Premature end of file.
2025-11-11 21:10:02,457 [ERROR] LogOutputStream:75 - [STDERR_REDIRECT] 
2025-11-11 21:10:03,455 [ERROR] LogOutputStream:75 - [STDERR_REDIRECT] [Fatal Error] :1:1: Premature end of file.
2025-11-11 21:10:03,455 [ERROR] LogOutputStream:75 - [STDERR_REDIRECT] 
2025-11-11 21:10:04,463 [ERROR] LogOutputStream:75 - [STDERR_REDIRECT] [Fatal Error] :1:1: Premature end of file.
2025-11-11 21:10:04,464 [ERROR] LogOutputStream:75 - [STDERR_REDIRECT] 
2025-11-11 21:10:05,468 [ERROR] LogOutputStream:75 - [STDERR_REDIRECT] [Fatal Error] :1:1: Premature end of file.
2025-11-11 21:10:05,468 [ERROR] LogOutputStream:75 - [STDERR_REDIRECT] 
2025-11-11 21:10:06,465 [ERROR] LogOutputStream:75 - [STDERR_REDIRECT] [Fatal Error] :1:1: Premature end of file.
2025-11-11 21:10:06,465 [ERROR] LogOutputStream:75 - [STDERR_REDIRECT] 
2025-11-11 21:10:07,463 [ERROR] LogOutputStream:75 - [STDERR_REDIRECT] [Fatal Error] :1:1: Premature end of file.
2025-11-11 21:10:07,463 [ERROR] LogOutputStream:75 - [STDERR_REDIRECT] 
2025-11-11 21:10:08,500 [ERROR] LogOutputStream:75 - [STDERR_REDIRECT] [Fatal Error] :1:1: Premature end of file.
2025-11-11 21:10:08,501 [ERROR] LogOutputStream:75 - [STDERR_REDIRECT] 
2025-11-11 21:10:09,455 [ERROR] LogOutputStream:75 - [STDERR_REDIRECT] [Fatal Error] :1:1: Premature end of file.
2025-11-11 21:10:09,456 [ERROR] LogOutputStream:75 - [STDERR_REDIRECT] 
2025-11-11 21:10:10,473 [ERROR] LogOutputStream:75 - [STDERR_REDIRECT] [Fatal Error] :1:1: Premature end of file.
2025-11-11 21:10:10,473 [ERROR] LogOutputStream:75 - [STDERR_REDIRECT] 
2025-11-11 21:10:11,465 [ERROR] LogOutputStream:75 - [STDERR_REDIRECT] [Fatal Error] :1:1: Premature end of file.
2025-11-11 21:10:11,465 [ERROR] LogOutputStream:75 - [STDERR_REDIRECT] 
2025-11-11 21:10:12,457 [ERROR] LogOutputStream:75 - [STDERR_REDIRECT] [Fatal Error] :1:1: Premature end of file.
2025-11-11 21:10:12,457 [ERROR] LogOutputStream:75 - [STDERR_REDIRECT] 
2025-11-11 21:10:13,469 [ERROR] LogOutputStream:75 - [STDERR_REDIRECT] [Fatal Error] :1:1: Premature end of file.
2025-11-11 21:10:13,470 [ERROR] LogOutputStream:75 - [STDERR_REDIRECT] 
2025-11-11 21:10:14,460 [ERROR] LogOutputStream:75 - [STDERR_REDIRECT] [Fatal Error] :1:1: Premature end of file.
2025-11-11 21:10:14,460 [ERROR] LogOutputStream:75 - [STDERR_REDIRECT] 
2025-11-11 21:10:15,536 [ERROR] LogOutputStream:75 - [STDERR_REDIRECT] [Fatal Error] :1:1: Premature end of file.
2025-11-11 21:10:15,537 [ERROR] LogOutputStream:75 - [STDERR_REDIRECT] 
2025-11-11 21:10:16,454 [ERROR] LogOutputStream:75 - [STDERR_REDIRECT] [Fatal Error] :1:1: Premature end of file.
2025-11-11 21:10:16,454 [ERROR] LogOutputStream:75 - [STDERR_REDIRECT] 
2025-11-11 21:10:17,458 [ERROR] LogOutputStream:75 - [STDERR_REDIRECT] [Fatal Error] :1:1: Premature end of file.
2025-11-11 21:10:17,458 [ERROR] LogOutputStream:75 - [STDERR_REDIRECT] 
2025-11-11 21:10:18,451 [ERROR] LogOutputStream:75 - [STDERR_REDIRECT] [Fatal Error] :1:1: Premature end of file.
2025-11-11 21:10:18,451 [ERROR] LogOutputStream:75 - [STDERR_REDIRECT] 
2025-11-11 21:10:19,464 [ERROR] LogOutputStream:75 - [STDERR_REDIRECT] [Fatal Error] :1:1: Premature end of file.
2025-11-11 21:10:19,464 [ERROR] LogOutputStream:75 - [STDERR_REDIRECT] 
2025-11-11 21:10:20,459 [ERROR] LogOutputStream:75 - [STDERR_REDIRECT] [Fatal Error] :1:1: Premature end of file.
2025-11-11 21:10:20,459 [ERROR] LogOutputStream:75 - [STDERR_REDIRECT] 
2025-11-11 21:10:21,462 [ERROR] LogOutputStream:75 - [STDERR_REDIRECT] [Fatal Error] :1:1: Premature end of file.
2025-11-11 21:10:21,462 [ERROR] LogOutputStream:75 - [STDERR_REDIRECT] 
2025-11-11 21:10:22,500 [ERROR] LogOutputStream:75 - [STDERR_REDIRECT] [Fatal Error] :1:1: Premature end of file.
2025-11-11 21:10:22,500 [ERROR] LogOutputStream:75 - [STDERR_REDIRECT] 
2025-11-11 21:10:23,449 [ERROR] LogOutputStream:75 - [STDERR_REDIRECT] [Fatal Error] :1:1: Premature end of file.
2025-11-11 21:10:23,449 [ERROR] LogOutputStream:75 - [STDERR_REDIRECT] 
2025-11-11 21:10:24,459 [ERROR] LogOutputStream:75 - [STDERR_REDIRECT] [Fatal Error] :1:1: Premature end of file.
2025-11-11 21:10:24,459 [ERROR] LogOutputStream:75 - [STDERR_REDIRECT] 
2025-11-11 21:10:25,458 [ERROR] LogOutputStream:75 - [STDERR_REDIRECT] [Fatal Error] :1:1: Premature end of file.
2025-11-11 21:10:25,458 [ERROR] LogOutputStream:75 - [STDERR_REDIRECT] 
2025-11-11 21:10:26,459 [ERROR] LogOutputStream:75 - [STDERR_REDIRECT] [Fatal Error] :1:1: Premature end of file.
2025-11-11 21:10:26,459 [ERROR] LogOutputStream:75 - [STDERR_REDIRECT] 
2025-11-11 21:10:27,456 [ERROR] LogOutputStream:75 - [STDERR_REDIRECT] [Fatal Error] :1:1: Premature end of file.
2025-11-11 21:10:27,456 [ERROR] LogOutputStream:75 - [STDERR_REDIRECT] 
2025-11-11 21:10:28,480 [ERROR] LogOutputStream:75 - [STDERR_REDIRECT] [Fatal Error] :1:1: Premature end of file.
2025-11-11 21:10:28,480 [ERROR] LogOutputStream:75 - [STDERR_REDIRECT] 
2025-11-11 21:10:29,473 [ERROR] LogOutputStream:75 - [STDERR_REDIRECT] [Fatal Error] :1:1: Premature end of file.
2025-11-11 21:10:29,473 [ERROR] LogOutputStream:75 - [STDERR_REDIRECT] 
2025-11-11 21:10:30,456 [ERROR] LogOutputStream:75 - [STDERR_REDIRECT] [Fatal Error] :1:1: Premature end of file.
2025-11-11 21:10:30,457 [ERROR] LogOutputStream:75 - [STDERR_REDIRECT] 
2025-11-11 21:10:31,451 [ERROR] LogOutputStream:75 - [STDERR_REDIRECT] [Fatal Error] :1:1: Premature end of file.
2025-11-11 21:10:31,451 [ERROR] LogOutputStream:75 - [STDERR_REDIRECT] 
2025-11-11 21:10:32,449 [ERROR] LogOutputStream:75 - [STDERR_REDIRECT] [Fatal Error] :1:1: Premature end of file.
2025-11-11 21:10:32,449 [ERROR] LogOutputStream:75 - [STDERR_REDIRECT] 
2025-11-11 21:10:33,458 [ERROR] LogOutputStream:75 - [STDERR_REDIRECT] [Fatal Error] :1:1: Premature end of file.
2025-11-11 21:10:33,459 [ERROR] LogOutputStream:75 - [STDERR_REDIRECT] 
2025-11-11 21:10:34,462 [ERROR] LogOutputStream:75 - [STDERR_REDIRECT] [Fatal Error] :1:1: Premature end of file.
2025-11-11 21:10:34,462 [ERROR] LogOutputStream:75 - [STDERR_REDIRECT] 
2025-11-11 21:10:35,489 [ERROR] LogOutputStream:75 - [STDERR_REDIRECT] [Fatal Error] :1:1: Premature end of file.
2025-11-11 21:10:35,489 [ERROR] LogOutputStream:75 - [STDERR_REDIRECT] 
2025-11-11 21:10:36,461 [ERROR] LogOutputStream:75 - [STDERR_REDIRECT] [Fatal Error] :1:1: Premature end of file.
2025-11-11 21:10:36,461 [ERROR] LogOutputStream:75 - [STDERR_REDIRECT] 
2025-11-11 21:10:37,461 [ERROR] LogOutputStream:75 - [STDERR_REDIRECT] [Fatal Error] :1:1: Premature end of file.
2025-11-11 21:10:37,461 [ERROR] LogOutputStream:75 - [STDERR_REDIRECT] 
2025-11-11 21:10:38,459 [ERROR] LogOutputStream:75 - [STDERR_REDIRECT] [Fatal Error] :1:1: Premature end of file.
2025-11-11 21:10:38,459 [ERROR] LogOutputStream:75 - [STDERR_REDIRECT] 
2025-11-11 21:10:39,457 [ERROR] LogOutputStream:75 - [STDERR_REDIRECT] [Fatal Error] :1:1: Premature end of file.
2025-11-11 21:10:39,457 [ERROR] LogOutputStream:75 - [STDERR_REDIRECT] 
2025-11-11 21:10:40,464 [ERROR] LogOutputStream:75 - [STDERR_REDIRECT] [Fatal Error] :1:1: Premature end of file.
2025-11-11 21:10:40,464 [ERROR] LogOutputStream:75 - [STDERR_REDIRECT] 
2025-11-11 21:10:41,461 [ERROR] LogOutputStream:75 - [STDERR_REDIRECT] [Fatal Error] :1:1: Premature end of file.
2025-11-11 21:10:41,461 [ERROR] LogOutputStream:75 - [STDERR_REDIRECT] 
2025-11-11 21:10:42,460 [ERROR] LogOutputStream:75 - [STDERR_REDIRECT] [Fatal Error] :1:1: Premature end of file.
2025-11-11 21:10:42,460 [ERROR] LogOutputStream:75 - [STDERR_REDIRECT] 
2025-11-11 21:10:43,481 [ERROR] LogOutputStream:75 - [STDERR_REDIRECT] [Fatal Error] :1:1: Premature end of file.
2025-11-11 21:10:43,481 [ERROR] LogOutputStream:75 - [STDERR_REDIRECT] 
2025-11-11 21:10:44,459 [ERROR] LogOutputStream:75 - [STDERR_REDIRECT] [Fatal Error] :1:1: Premature end of file.
2025-11-11 21:10:44,460 [ERROR] LogOutputStream:75 - [STDERR_REDIRECT] 
2025-11-11 21:10:45,453 [ERROR] LogOutputStream:75 - [STDERR_REDIRECT] [Fatal Error] :1:1: Premature end of file.
2025-11-11 21:10:45,453 [ERROR] LogOutputStream:75 - [STDERR_REDIRECT] 
2025-11-11 21:10:46,451 [ERROR] LogOutputStream:75 - [STDERR_REDIRECT] [Fatal Error] :1:1: Premature end of file.
2025-11-11 21:10:46,451 [ERROR] LogOutputStream:75 - [STDERR_REDIRECT] 
2025-11-11 21:10:47,457 [ERROR] LogOutputStream:75 - [STDERR_REDIRECT] [Fatal Error] :1:1: Premature end of file.
2025-11-11 21:10:47,457 [ERROR] LogOutputStream:75 - [STDERR_REDIRECT] 
2025-11-11 21:10:48,460 [ERROR] LogOutputStream:75 - [STDERR_REDIRECT] [Fatal Error] :1:1: Premature end of file.
2025-11-11 21:10:48,460 [ERROR] LogOutputStream:75 - [STDERR_REDIRECT] 
2025-11-11 21:10:49,463 [ERROR] LogOutputStream:75 - [STDERR_REDIRECT] [Fatal Error] :1:1: Premature end of file.
2025-11-11 21:10:49,463 [ERROR] LogOutputStream:75 - [STDERR_REDIRECT] 
2025-11-11 21:10:50,503 [ERROR] LogOutputStream:75 - [STDERR_REDIRECT] [Fatal Error] :1:1: Premature end of file.
2025-11-11 21:10:50,503 [ERROR] LogOutputStream:75 - [STDERR_REDIRECT] 
2025-11-11 21:10:51,456 [ERROR] LogOutputStream:75 - [STDERR_REDIRECT] [Fatal Error] :1:1: Premature end of file.
2025-11-11 21:10:51,456 [ERROR] LogOutputStream:75 - [STDERR_REDIRECT] 
2025-11-11 21:10:52,463 [ERROR] LogOutputStream:75 - [STDERR_REDIRECT] [Fatal Error] :1:1: Premature end of file.
2025-11-11 21:10:52,463 [ERROR] LogOutputStream:75 - [STDERR_REDIRECT] 
2025-11-11 21:10:53,464 [ERROR] LogOutputStream:75 - [STDERR_REDIRECT] [Fatal Error] :1:1: Premature end of file.
2025-11-11 21:10:53,464 [ERROR] LogOutputStream:75 - [STDERR_REDIRECT] 
2025-11-11 21:10:54,457 [ERROR] LogOutputStream:75 - [STDERR_REDIRECT] [Fatal Error] :1:1: Premature end of file.
2025-11-11 21:10:54,457 [ERROR] LogOutputStream:75 - [STDERR_REDIRECT] 
2025-11-11 21:10:55,455 [ERROR] LogOutputStream:75 - [STDERR_REDIRECT] [Fatal Error] :1:1: Premature end of file.
2025-11-11 21:10:55,455 [ERROR] LogOutputStream:75 - [STDERR_REDIRECT] 
2025-11-11 21:10:56,497 [ERROR] LogOutputStream:75 - [STDERR_REDIRECT] [Fatal Error] :1:1: Premature end of file.
2025-11-11 21:10:56,497 [ERROR] LogOutputStream:75 - [STDERR_REDIRECT] 
2025-11-11 21:10:57,464 [ERROR] LogOutputStream:75 - [STDERR_REDIRECT] [Fatal Error] :1:1: Premature end of file.
2025-11-11 21:10:57,464 [ERROR] LogOutputStream:75 - [STDERR_REDIRECT] 
2025-11-11 21:10:58,457 [ERROR] LogOutputStream:75 - [STDERR_REDIRECT] [Fatal Error] :1:1: Premature end of file.
2025-11-11 21:10:58,457 [ERROR] LogOutputStream:75 - [STDERR_REDIRECT] 
2025-11-11 21:10:59,459 [ERROR] LogOutputStream:75 - [STDERR_REDIRECT] [Fatal Error] :1:1: Premature end of file.
2025-11-11 21:10:59,459 [ERROR] LogOutputStream:75 - [STDERR_REDIRECT] 
2025-11-11 21:11:00,457 [ERROR] LogOutputStream:75 - [STDERR_REDIRECT] [Fatal Error] :1:1: Premature end of file.
2025-11-11 21:11:00,457 [ERROR] LogOutputStream:75 - [STDERR_REDIRECT] 
2025-11-11 21:11:01,459 [ERROR] LogOutputStream:75 - [STDERR_REDIRECT] [Fatal Error] :1:1: Premature end of file.
2025-11-11 21:11:01,459 [ERROR] LogOutputStream:75 - [STDERR_REDIRECT] 
2025-11-11 21:11:02,463 [ERROR] LogOutputStream:75 - [STDERR_REDIRECT] [Fatal Error] :1:1: Premature end of file.
2025-11-11 21:11:02,463 [ERROR] LogOutputStream:75 - [STDERR_REDIRECT] 
2025-11-11 21:11:03,484 [ERROR] LogOutputStream:75 - [STDERR_REDIRECT] [Fatal Error] :1:1: Premature end of file.
2025-11-11 21:11:03,484 [ERROR] LogOutputStream:75 - [STDERR_REDIRECT] 
2025-11-11 21:11:04,453 [ERROR] LogOutputStream:75 - [STDERR_REDIRECT] [Fatal Error] :1:1: Premature end of file.
2025-11-11 21:11:04,453 [ERROR] LogOutputStream:75 - [STDERR_REDIRECT] 
2025-11-11 21:11:05,455 [ERROR] LogOutputStream:75 - [STDERR_REDIRECT] [Fatal Error] :1:1: Premature end of file.
2025-11-11 21:11:05,455 [ERROR] LogOutputStream:75 - [STDERR_REDIRECT] 
2025-11-11 21:11:06,461 [ERROR] LogOutputStream:75 - [STDERR_REDIRECT] [Fatal Error] :1:1: Premature end of file.
2025-11-11 21:11:06,461 [ERROR] LogOutputStream:75 - [STDERR_REDIRECT] 
2025-11-11 21:11:07,456 [ERROR] LogOutputStream:75 - [STDERR_REDIRECT] [Fatal Error] :1:1: Premature end of file.
2025-11-11 21:11:07,456 [ERROR] LogOutputStream:75 - [STDERR_REDIRECT] 
2025-11-11 21:11:08,463 [ERROR] LogOutputStream:75 - [STDERR_REDIRECT] [Fatal Error] :1:1: Premature end of file.
2025-11-11 21:11:08,463 [ERROR] LogOutputStream:75 - [STDERR_REDIRECT] 
2025-11-11 21:11:09,500 [ERROR] LogOutputStream:75 - [STDERR_REDIRECT] [Fatal Error] :1:1: Premature end of file.
2025-11-11 21:11:09,500 [ERROR] LogOutputStream:75 - [STDERR_REDIRECT] 
2025-11-11 21:11:10,456 [ERROR] LogOutputStream:75 - [STDERR_REDIRECT] [Fatal Error] :1:1: Premature end of file.
2025-11-11 21:11:10,456 [ERROR] LogOutputStream:75 - [STDERR_REDIRECT] 
2025-11-11 21:11:11,455 [ERROR] LogOutputStream:75 - [STDERR_REDIRECT] [Fatal Error] :1:1: Premature end of file.
2025-11-11 21:11:11,455 [ERROR] LogOutputStream:75 - [STDERR_REDIRECT] 
2025-11-11 21:11:12,454 [ERROR] LogOutputStream:75 - [STDERR_REDIRECT] [Fatal Error] :1:1: Premature end of file.
2025-11-11 21:11:12,455 [ERROR] LogOutputStream:75 - [STDERR_REDIRECT] 
2025-11-11 21:11:13,450 [ERROR] LogOutputStream:75 - [STDERR_REDIRECT] [Fatal Error] :1:1: Premature end of file.
2025-11-11 21:11:13,450 [ERROR] LogOutputStream:75 - [STDERR_REDIRECT] 
2025-11-11 21:11:14,452 [ERROR] LogOutputStream:75 - [STDERR_REDIRECT] [Fatal Error] :1:1: Premature end of file.
2025-11-11 21:11:14,452 [ERROR] LogOutputStream:75 - [STDERR_REDIRECT] 
2025-11-11 21:11:15,467 [ERROR] LogOutputStream:75 - [STDERR_REDIRECT] [Fatal Error] :1:1: Premature end of file.
2025-11-11 21:11:15,467 [ERROR] LogOutputStream:75 - [STDERR_REDIRECT] 
2025-11-11 21:11:16,496 [ERROR] LogOutputStream:75 - [STDERR_REDIRECT] [Fatal Error] :1:1: Premature end of file.
2025-11-11 21:11:16,496 [ERROR] LogOutputStream:75 - [STDERR_REDIRECT] 
2025-11-11 21:11:17,471 [ERROR] LogOutputStream:75 - [STDERR_REDIRECT] [Fatal Error] :1:1: Premature end of file.
2025-11-11 21:11:17,471 [ERROR] LogOutputStream:75 - [STDERR_REDIRECT] 
2025-11-11 21:11:18,452 [ERROR] LogOutputStream:75 - [STDERR_REDIRECT] [Fatal Error] :1:1: Premature end of file.
2025-11-11 21:11:18,452 [ERROR] LogOutputStream:75 - [STDERR_REDIRECT] 
2025-11-11 21:11:19,458 [ERROR] LogOutputStream:75 - [STDERR_REDIRECT] [Fatal Error] :1:1: Premature end of file.
2025-11-11 21:11:19,459 [ERROR] LogOutputStream:75 - [STDERR_REDIRECT] 
2025-11-11 21:11:20,465 [ERROR] LogOutputStream:75 - [STDERR_REDIRECT] [Fatal Error] :1:1: Premature end of file.
2025-11-11 21:11:20,465 [ERROR] LogOutputStream:75 - [STDERR_REDIRECT] 
2025-11-11 21:11:21,462 [ERROR] LogOutputStream:75 - [STDERR_REDIRECT] [Fatal Error] :1:1: Premature end of file.
2025-11-11 21:11:21,462 [ERROR] LogOutputStream:75 - [STDERR_REDIRECT] 
2025-11-11 21:11:22,481 [ERROR] LogOutputStream:75 - [STDERR_REDIRECT] [Fatal Error] :1:1: Premature end of file.
2025-11-11 21:11:22,481 [ERROR] LogOutputStream:75 - [STDERR_REDIRECT] 
2025-11-11 21:11:23,477 [ERROR] LogOutputStream:75 - [STDERR_REDIRECT] [Fatal Error] :1:1: Premature end of file.
2025-11-11 21:11:23,477 [ERROR] LogOutputStream:75 - [STDERR_REDIRECT] 
2025-11-11 21:11:24,448 [ERROR] LogOutputStream:75 - [STDERR_REDIRECT] [Fatal Error] :1:1: Premature end of file.
2025-11-11 21:11:24,448 [ERROR] LogOutputStream:75 - [STDERR_REDIRECT] 
2025-11-11 21:11:25,455 [ERROR] LogOutputStream:75 - [STDERR_REDIRECT] [Fatal Error] :1:1: Premature end of file.
2025-11-11 21:11:25,455 [ERROR] LogOutputStream:75 - [STDERR_REDIRECT] 
2025-11-11 21:11:26,465 [ERROR] LogOutputStream:75 - [STDERR_REDIRECT] [Fatal Error] :1:1: Premature end of file.
2025-11-11 21:11:26,466 [ERROR] LogOutputStream:75 - [STDERR_REDIRECT] 
2025-11-11 21:11:27,454 [ERROR] LogOutputStream:75 - [STDERR_REDIRECT] [Fatal Error] :1:1: Premature end of file.
2025-11-11 21:11:27,454 [ERROR] LogOutputStream:75 - [STDERR_REDIRECT] 
2025-11-11 21:11:28,447 [ERROR] LogOutputStream:75 - [STDERR_REDIRECT] [Fatal Error] :1:1: Premature end of file.
2025-11-11 21:11:28,447 [ERROR] LogOutputStream:75 - [STDERR_REDIRECT] 
2025-11-11 21:11:29,514 [ERROR] LogOutputStream:75 - [STDERR_REDIRECT] [Fatal Error] :1:1: Premature end of file.
2025-11-11 21:11:29,514 [ERROR] LogOutputStream:75 - [STDERR_REDIRECT] 
2025-11-11 21:11:30,452 [ERROR] LogOutputStream:75 - [STDERR_REDIRECT] [Fatal Error] :1:1: Premature end of file.
2025-11-11 21:11:30,452 [ERROR] LogOutputStream:75 - [STDERR_REDIRECT] 
2025-11-11 21:11:31,457 [ERROR] LogOutputStream:75 - [STDERR_REDIRECT] [Fatal Error] :1:1: Premature end of file.
2025-11-11 21:11:31,457 [ERROR] LogOutputStream:75 - [STDERR_REDIRECT] 
2025-11-11 21:11:32,461 [ERROR] LogOutputStream:75 - [STDERR_REDIRECT] [Fatal Error] :1:1: Premature end of file.
2025-11-11 21:11:32,461 [ERROR] LogOutputStream:75 - [STDERR_REDIRECT] 
2025-11-11 21:11:33,451 [ERROR] LogOutputStream:75 - [STDERR_REDIRECT] [Fatal Error] :1:1: Premature end of file.
2025-11-11 21:11:33,451 [ERROR] LogOutputStream:75 - [STDERR_REDIRECT] 
2025-11-11 21:11:34,457 [ERROR] LogOutputStream:75 - [STDERR_REDIRECT] [Fatal Error] :1:1: Premature end of file.
2025-11-11 21:11:34,457 [ERROR] LogOutputStream:75 - [STDERR_REDIRECT] 
2025-11-11 21:11:35,469 [ERROR] LogOutputStream:75 - [STDERR_REDIRECT] [Fatal Error] :1:1: Premature end of file.
2025-11-11 21:11:35,469 [ERROR] LogOutputStream:75 - [STDERR_REDIRECT] 
2025-11-11 21:11:36,454 [ERROR] LogOutputStream:75 - [STDERR_REDIRECT] [Fatal Error] :1:1: Premature end of file.
2025-11-11 21:11:36,454 [ERROR] LogOutputStream:75 - [STDERR_REDIRECT] 
2025-11-11 21:11:37,439 [ERROR] LogOutputStream:75 - [STDERR_REDIRECT] [Fatal Error] :1:1: Premature end of file.
2025-11-11 21:11:37,440 [ERROR] LogOutputStream:75 - [STDERR_REDIRECT] 
2025-11-11 21:11:38,451 [ERROR] LogOutputStream:75 - [STDERR_REDIRECT] [Fatal Error] :1:1: Premature end of file.
2025-11-11 21:11:38,451 [ERROR] LogOutputStream:75 - [STDERR_REDIRECT] 
2025-11-11 21:11:39,454 [ERROR] LogOutputStream:75 - [STDERR_REDIRECT] [Fatal Error] :1:1: Premature end of file.
2025-11-11 21:11:39,454 [ERROR] LogOutputStream:75 - [STDERR_REDIRECT] 
2025-11-11 21:11:40,451 [ERROR] LogOutputStream:75 - [STDERR_REDIRECT] [Fatal Error] :1:1: Premature end of file.
2025-11-11 21:11:40,451 [ERROR] LogOutputStream:75 - [STDERR_REDIRECT] 
2025-11-11 21:11:41,977 [ERROR] LogOutputStream:75 - [STDERR_REDIRECT] [Fatal Error] :1:1: Premature end of file.
2025-11-11 21:11:41,978 [ERROR] LogOutputStream:75 - [STDERR_REDIRECT] 
2025-11-11 21:11:42,805 [ERROR] LogOutputStream:75 - [STDERR_REDIRECT] [Fatal Error] :1:1: Premature end of file.
2025-11-11 21:11:42,805 [ERROR] LogOutputStream:75 - [STDERR_REDIRECT] 
2025-11-11 21:11:44,178 [ERROR] LogOutputStream:75 - [STDERR_REDIRECT] [Fatal Error] :1:1: Premature end of file.
2025-11-11 21:11:44,178 [ERROR] LogOutputStream:75 - [STDERR_REDIRECT] 
2025-11-11 21:11:45,413 [ERROR] LogOutputStream:75 - [STDERR_REDIRECT] [Fatal Error] :1:1: Premature end of file.
2025-11-11 21:11:45,413 [ERROR] LogOutputStream:75 - [STDERR_REDIRECT] 
2025-11-11 21:11:46,353 [ERROR] LogOutputStream:75 - [STDERR_REDIRECT] [Fatal Error] :1:1: Premature end of file.
2025-11-11 21:11:46,353 [ERROR] LogOutputStream:75 - [STDERR_REDIRECT] 
2025-11-11 21:11:46,973 [ERROR] LogOutputStream:75 - [STDERR_REDIRECT] [Fatal Error] :1:1: Premature end of file.
2025-11-11 21:11:46,973 [ERROR] LogOutputStream:75 - [STDERR_REDIRECT] 
2025-11-11 21:11:47,457 [ERROR] LogOutputStream:75 - [STDERR_REDIRECT] [Fatal Error] :1:1: Premature end of file.
2025-11-11 21:11:47,457 [ERROR] LogOutputStream:75 - [STDERR_REDIRECT] 
2025-11-11 21:11:48,467 [ERROR] LogOutputStream:75 - [STDERR_REDIRECT] [Fatal Error] :1:1: Premature end of file.
2025-11-11 21:11:48,467 [ERROR] LogOutputStream:75 - [STDERR_REDIRECT] 
2025-11-11 21:11:49,447 [ERROR] LogOutputStream:75 - [STDERR_REDIRECT] [Fatal Error] :1:1: Premature end of file.
2025-11-11 21:11:49,448 [ERROR] LogOutputStream:75 - [STDERR_REDIRECT] 
2025-11-11 21:11:50,503 [ERROR] LogOutputStream:75 - [STDERR_REDIRECT] [Fatal Error] :1:1: Premature end of file.
2025-11-11 21:11:50,503 [ERROR] LogOutputStream:75 - [STDERR_REDIRECT] 
2025-11-11 21:11:51,468 [ERROR] LogOutputStream:75 - [STDERR_REDIRECT] [Fatal Error] :1:1: Premature end of file.
2025-11-11 21:11:51,469 [ERROR] LogOutputStream:75 - [STDERR_REDIRECT] 
2025-11-11 21:11:52,439 [ERROR] LogOutputStream:75 - [STDERR_REDIRECT] [Fatal Error] :1:1: Premature end of file.
2025-11-11 21:11:52,439 [ERROR] LogOutputStream:75 - [STDERR_REDIRECT] 
2025-11-11 21:11:53,449 [ERROR] LogOutputStream:75 - [STDERR_REDIRECT] [Fatal Error] :1:1: Premature end of file.
2025-11-11 21:11:53,449 [ERROR] LogOutputStream:75 - [STDERR_REDIRECT] 
2025-11-11 21:11:54,445 [ERROR] LogOutputStream:75 - [STDERR_REDIRECT] [Fatal Error] :1:1: Premature end of file.
2025-11-11 21:11:54,446 [ERROR] LogOutputStream:75 - [STDERR_REDIRECT] 
2025-11-11 21:11:55,440 [ERROR] LogOutputStream:75 - [STDERR_REDIRECT] [Fatal Error] :1:1: Premature end of file.
2025-11-11 21:11:55,441 [ERROR] LogOutputStream:75 - [STDERR_REDIRECT] 
2025-11-11 21:11:56,526 [ERROR] LogOutputStream:75 - [STDERR_REDIRECT] [Fatal Error] :1:1: Premature end of file.
2025-11-11 21:11:56,526 [ERROR] LogOutputStream:75 - [STDERR_REDIRECT] 
2025-11-11 21:11:57,450 [ERROR] LogOutputStream:75 - [STDERR_REDIRECT] [Fatal Error] :1:1: Premature end of file.
2025-11-11 21:11:57,450 [ERROR] LogOutputStream:75 - [STDERR_REDIRECT] 
2025-11-11 21:11:58,460 [ERROR] LogOutputStream:75 - [STDERR_REDIRECT] [Fatal Error] :1:1: Premature end of file.
2025-11-11 21:11:58,460 [ERROR] LogOutputStream:75 - [STDERR_REDIRECT] 
2025-11-11 21:11:59,453 [ERROR] LogOutputStream:75 - [STDERR_REDIRECT] [Fatal Error] :1:1: Premature end of file.
2025-11-11 21:11:59,453 [ERROR] LogOutputStream:75 - [STDERR_REDIRECT] 
2025-11-11 21:12:00,457 [ERROR] LogOutputStream:75 - [STDERR_REDIRECT] [Fatal Error] :1:1: Premature end of file.
2025-11-11 21:12:00,457 [ERROR] LogOutputStream:75 - [STDERR_REDIRECT] 
2025-11-11 21:12:01,459 [ERROR] LogOutputStream:75 - [STDERR_REDIRECT] [Fatal Error] :1:1: Premature end of file.
2025-11-11 21:12:01,460 [ERROR] LogOutputStream:75 - [STDERR_REDIRECT] 
2025-11-11 21:12:02,462 [ERROR] LogOutputStream:75 - [STDERR_REDIRECT] [Fatal Error] :1:1: Premature end of file.
2025-11-11 21:12:02,462 [ERROR] LogOutputStream:75 - [STDERR_REDIRECT] 
2025-11-11 21:12:03,483 [ERROR] LogOutputStream:75 - [STDERR_REDIRECT] [Fatal Error] :1:1: Premature end of file.
2025-11-11 21:12:03,483 [ERROR] LogOutputStream:75 - [STDERR_REDIRECT] 
2025-11-11 21:12:04,453 [ERROR] LogOutputStream:75 - [STDERR_REDIRECT] [Fatal Error] :1:1: Premature end of file.
2025-11-11 21:12:04,453 [ERROR] LogOutputStream:75 - [STDERR_REDIRECT] 
2025-11-11 21:12:05,474 [ERROR] LogOutputStream:75 - [STDERR_REDIRECT] [Fatal Error] :1:1: Premature end of file.
2025-11-11 21:12:05,474 [ERROR] LogOutputStream:75 - [STDERR_REDIRECT] 
2025-11-11 21:12:06,455 [ERROR] LogOutputStream:75 - [STDERR_REDIRECT] [Fatal Error] :1:1: Premature end of file.
2025-11-11 21:12:06,456 [ERROR] LogOutputStream:75 - [STDERR_REDIRECT] 
2025-11-11 21:12:07,466 [ERROR] LogOutputStream:75 - [STDERR_REDIRECT] [Fatal Error] :1:1: Premature end of file.
2025-11-11 21:12:07,466 [ERROR] LogOutputStream:75 - [STDERR_REDIRECT] 
2025-11-11 21:12:08,458 [ERROR] LogOutputStream:75 - [STDERR_REDIRECT] [Fatal Error] :1:1: Premature end of file.
2025-11-11 21:12:08,458 [ERROR] LogOutputStream:75 - [STDERR_REDIRECT] 
2025-11-11 21:12:09,485 [ERROR] LogOutputStream:75 - [STDERR_REDIRECT] [Fatal Error] :1:1: Premature end of file.
2025-11-11 21:12:09,485 [ERROR] LogOutputStream:75 - [STDERR_REDIRECT] 
2025-11-11 21:12:10,462 [ERROR] LogOutputStream:75 - [STDERR_REDIRECT] [Fatal Error] :1:1: Premature end of file.
2025-11-11 21:12:10,462 [ERROR] LogOutputStream:75 - [STDERR_REDIRECT] 
2025-11-11 21:12:11,464 [ERROR] LogOutputStream:75 - [STDERR_REDIRECT] [Fatal Error] :1:1: Premature end of file.
2025-11-11 21:12:11,464 [ERROR] LogOutputStream:75 - [STDERR_REDIRECT] 
2025-11-11 21:12:12,453 [ERROR] LogOutputStream:75 - [STDERR_REDIRECT] [Fatal Error] :1:1: Premature end of file.
2025-11-11 21:12:12,453 [ERROR] LogOutputStream:75 - [STDERR_REDIRECT] 
2025-11-11 21:12:13,469 [ERROR] LogOutputStream:75 - [STDERR_REDIRECT] [Fatal Error] :1:1: Premature end of file.
2025-11-11 21:12:13,469 [ERROR] LogOutputStream:75 - [STDERR_REDIRECT] 
2025-11-11 21:12:14,458 [ERROR] LogOutputStream:75 - [STDERR_REDIRECT] [Fatal Error] :1:1: Premature end of file.
2025-11-11 21:12:14,458 [ERROR] LogOutputStream:75 - [STDERR_REDIRECT] 
2025-11-11 21:12:15,457 [ERROR] LogOutputStream:75 - [STDERR_REDIRECT] [Fatal Error] :1:1: Premature end of file.
2025-11-11 21:12:15,457 [ERROR] LogOutputStream:75 - [STDERR_REDIRECT] 
2025-11-11 21:12:16,538 [ERROR] LogOutputStream:75 - [STDERR_REDIRECT] [Fatal Error] :1:1: Premature end of file.
2025-11-11 21:12:16,539 [ERROR] LogOutputStream:75 - [STDERR_REDIRECT] 
2025-11-11 21:12:17,454 [ERROR] LogOutputStream:75 - [STDERR_REDIRECT] [Fatal Error] :1:1: Premature end of file.
2025-11-11 21:12:17,455 [ERROR] LogOutputStream:75 - [STDERR_REDIRECT] 
2025-11-11 21:12:18,454 [ERROR] LogOutputStream:75 - [STDERR_REDIRECT] [Fatal Error] :1:1: Premature end of file.
2025-11-11 21:12:18,454 [ERROR] LogOutputStream:75 - [STDERR_REDIRECT] 
2025-11-11 21:12:19,453 [ERROR] LogOutputStream:75 - [STDERR_REDIRECT] [Fatal Error] :1:1: Premature end of file.
2025-11-11 21:12:19,454 [ERROR] LogOutputStream:75 - [STDERR_REDIRECT] 
2025-11-11 21:12:20,469 [ERROR] LogOutputStream:75 - [STDERR_REDIRECT] [Fatal Error] :1:1: Premature end of file.
2025-11-11 21:12:20,469 [ERROR] LogOutputStream:75 - [STDERR_REDIRECT] 
2025-11-11 21:12:21,456 [ERROR] LogOutputStream:75 - [STDERR_REDIRECT] [Fatal Error] :1:1: Premature end of file.
2025-11-11 21:12:21,456 [ERROR] LogOutputStream:75 - [STDERR_REDIRECT] 
2025-11-11 21:12:22,456 [ERROR] LogOutputStream:75 - [STDERR_REDIRECT] [Fatal Error] :1:1: Premature end of file.
2025-11-11 21:12:22,456 [ERROR] LogOutputStream:75 - [STDERR_REDIRECT] 
2025-11-11 21:12:23,516 [ERROR] LogOutputStream:75 - [STDERR_REDIRECT] [Fatal Error] :1:1: Premature end of file.
2025-11-11 21:12:23,516 [ERROR] LogOutputStream:75 - [STDERR_REDIRECT] 
2025-11-11 21:12:24,456 [ERROR] LogOutputStream:75 - [STDERR_REDIRECT] [Fatal Error] :1:1: Premature end of file.
2025-11-11 21:12:24,456 [ERROR] LogOutputStream:75 - [STDERR_REDIRECT] 
2025-11-11 21:12:25,453 [ERROR] LogOutputStream:75 - [STDERR_REDIRECT] [Fatal Error] :1:1: Premature end of file.
2025-11-11 21:12:25,453 [ERROR] LogOutputStream:75 - [STDERR_REDIRECT] 
2025-11-11 21:12:26,462 [ERROR] LogOutputStream:75 - [STDERR_REDIRECT] [Fatal Error] :1:1: Premature end of file.
2025-11-11 21:12:26,462 [ERROR] LogOutputStream:75 - [STDERR_REDIRECT] 
2025-11-11 21:12:27,461 [ERROR] LogOutputStream:75 - [STDERR_REDIRECT] [Fatal Error] :1:1: Premature end of file.
2025-11-11 21:12:27,461 [ERROR] LogOutputStream:75 - [STDERR_REDIRECT] 
2025-11-11 21:12:28,462 [ERROR] LogOutputStream:75 - [STDERR_REDIRECT] [Fatal Error] :1:1: Premature end of file.
2025-11-11 21:12:28,462 [ERROR] LogOutputStream:75 - [STDERR_REDIRECT] 
2025-11-11 21:12:29,455 [ERROR] LogOutputStream:75 - [STDERR_REDIRECT] [Fatal Error] :1:1: Premature end of file.
2025-11-11 21:12:29,455 [ERROR] LogOutputStream:75 - [STDERR_REDIRECT] 
2025-11-11 21:12:30,478 [ERROR] LogOutputStream:75 - [STDERR_REDIRECT] [Fatal Error] :1:1: Premature end of file.
2025-11-11 21:12:30,478 [ERROR] LogOutputStream:75 - [STDERR_REDIRECT] 
2025-11-11 21:12:31,467 [ERROR] LogOutputStream:75 - [STDERR_REDIRECT] [Fatal Error] :1:1: Premature end of file.
2025-11-11 21:12:31,467 [ERROR] LogOutputStream:75 - [STDERR_REDIRECT] 
2025-11-11 21:12:32,458 [ERROR] LogOutputStream:75 - [STDERR_REDIRECT] [Fatal Error] :1:1: Premature end of file.
2025-11-11 21:12:32,458 [ERROR] LogOutputStream:75 - [STDERR_REDIRECT] 
2025-11-11 21:12:33,461 [ERROR] LogOutputStream:75 - [STDERR_REDIRECT] [Fatal Error] :1:1: Premature end of file.
2025-11-11 21:12:33,462 [ERROR] LogOutputStream:75 - [STDERR_REDIRECT] 
2025-11-11 21:12:34,469 [ERROR] LogOutputStream:75 - [STDERR_REDIRECT] [Fatal Error] :1:1: Premature end of file.
2025-11-11 21:12:34,469 [ERROR] LogOutputStream:75 - [STDERR_REDIRECT] 
2025-11-11 21:12:35,458 [ERROR] LogOutputStream:75 - [STDERR_REDIRECT] [Fatal Error] :1:1: Premature end of file.
2025-11-11 21:12:35,459 [ERROR] LogOutputStream:75 - [STDERR_REDIRECT] 
2025-11-11 21:12:36,463 [ERROR] LogOutputStream:75 - [STDERR_REDIRECT] [Fatal Error] :1:1: Premature end of file.
2025-11-11 21:12:36,463 [ERROR] LogOutputStream:75 - [STDERR_REDIRECT] 
2025-11-11 21:12:37,476 [ERROR] LogOutputStream:75 - [STDERR_REDIRECT] [Fatal Error] :1:1: Premature end of file.
2025-11-11 21:12:37,477 [ERROR] LogOutputStream:75 - [STDERR_REDIRECT] 
2025-11-11 21:12:38,458 [ERROR] LogOutputStream:75 - [STDERR_REDIRECT] [Fatal Error] :1:1: Premature end of file.
2025-11-11 21:12:38,458 [ERROR] LogOutputStream:75 - [STDERR_REDIRECT] 
2025-11-11 21:12:39,455 [ERROR] LogOutputStream:75 - [STDERR_REDIRECT] [Fatal Error] :1:1: Premature end of file.
2025-11-11 21:12:39,455 [ERROR] LogOutputStream:75 - [STDERR_REDIRECT] 
2025-11-11 21:12:40,463 [ERROR] LogOutputStream:75 - [STDERR_REDIRECT] [Fatal Error] :1:1: Premature end of file.
2025-11-11 21:12:40,463 [ERROR] LogOutputStream:75 - [STDERR_REDIRECT] 
2025-11-11 21:12:41,452 [ERROR] LogOutputStream:75 - [STDERR_REDIRECT] [Fatal Error] :1:1: Premature end of file.
2025-11-11 21:12:41,452 [ERROR] LogOutputStream:75 - [STDERR_REDIRECT] 
2025-11-11 21:12:42,458 [ERROR] LogOutputStream:75 - [STDERR_REDIRECT] [Fatal Error] :1:1: Premature end of file.
2025-11-11 21:12:42,458 [ERROR] LogOutputStream:75 - [STDERR_REDIRECT] 
2025-11-11 21:12:43,460 [ERROR] LogOutputStream:75 - [STDERR_REDIRECT] [Fatal Error] :1:1: Premature end of file.
2025-11-11 21:12:43,460 [ERROR] LogOutputStream:75 - [STDERR_REDIRECT] 
2025-11-11 21:12:44,480 [ERROR] LogOutputStream:75 - [STDERR_REDIRECT] [Fatal Error] :1:1: Premature end of file.
2025-11-11 21:12:44,480 [ERROR] LogOutputStream:75 - [STDERR_REDIRECT] 
2025-11-11 21:12:45,455 [ERROR] LogOutputStream:75 - [STDERR_REDIRECT] [Fatal Error] :1:1: Premature end of file.
2025-11-11 21:12:45,455 [ERROR] LogOutputStream:75 - [STDERR_REDIRECT] 
2025-11-11 21:12:46,454 [ERROR] LogOutputStream:75 - [STDERR_REDIRECT] [Fatal Error] :1:1: Premature end of file.
2025-11-11 21:12:46,454 [ERROR] LogOutputStream:75 - [STDERR_REDIRECT] 
2025-11-11 21:12:47,461 [ERROR] LogOutputStream:75 - [STDERR_REDIRECT] [Fatal Error] :1:1: Premature end of file.
2025-11-11 21:12:47,461 [ERROR] LogOutputStream:75 - [STDERR_REDIRECT] 
2025-11-11 21:12:48,458 [ERROR] LogOutputStream:75 - [STDERR_REDIRECT] [Fatal Error] :1:1: Premature end of file.
2025-11-11 21:12:48,458 [ERROR] LogOutputStream:75 - [STDERR_REDIRECT] 
2025-11-11 21:12:49,457 [ERROR] LogOutputStream:75 - [STDERR_REDIRECT] [Fatal Error] :1:1: Premature end of file.
2025-11-11 21:12:49,457 [ERROR] LogOutputStream:75 - [STDERR_REDIRECT] 
2025-11-11 21:12:50,493 [ERROR] LogOutputStream:75 - [STDERR_REDIRECT] [Fatal Error] :1:1: Premature end of file.
2025-11-11 21:12:50,493 [ERROR] LogOutputStream:75 - [STDERR_REDIRECT] 
2025-11-11 21:12:51,462 [ERROR] LogOutputStream:75 - [STDERR_REDIRECT] [Fatal Error] :1:1: Premature end of file.
2025-11-11 21:12:51,462 [ERROR] LogOutputStream:75 - [STDERR_REDIRECT] 
2025-11-11 21:12:52,455 [ERROR] LogOutputStream:75 - [STDERR_REDIRECT] [Fatal Error] :1:1: Premature end of file.
2025-11-11 21:12:52,455 [ERROR] LogOutputStream:75 - [STDERR_REDIRECT] 
2025-11-11 21:12:53,460 [ERROR] LogOutputStream:75 - [STDERR_REDIRECT] [Fatal Error] :1:1: Premature end of file.
2025-11-11 21:12:53,460 [ERROR] LogOutputStream:75 - [STDERR_REDIRECT] 
2025-11-11 21:12:54,455 [ERROR] LogOutputStream:75 - [STDERR_REDIRECT] [Fatal Error] :1:1: Premature end of file.
2025-11-11 21:12:54,455 [ERROR] LogOutputStream:75 - [STDERR_REDIRECT] 
2025-11-11 21:12:55,446 [ERROR] LogOutputStream:75 - [STDERR_REDIRECT] [Fatal Error] :1:1: Premature end of file.
2025-11-11 21:12:55,446 [ERROR] LogOutputStream:75 - [STDERR_REDIRECT] 
2025-11-11 21:12:56,453 [ERROR] LogOutputStream:75 - [STDERR_REDIRECT] [Fatal Error] :1:1: Premature end of file.
2025-11-11 21:12:56,453 [ERROR] LogOutputStream:75 - [STDERR_REDIRECT] 
2025-11-11 21:12:57,478 [ERROR] LogOutputStream:75 - [STDERR_REDIRECT] [Fatal Error] :1:1: Premature end of file.
2025-11-11 21:12:57,478 [ERROR] LogOutputStream:75 - [STDERR_REDIRECT] 
2025-11-11 21:12:58,443 [ERROR] LogOutputStream:75 - [STDERR_REDIRECT] [Fatal Error] :1:1: Premature end of file.
2025-11-11 21:12:58,443 [ERROR] LogOutputStream:75 - [STDERR_REDIRECT] 
2025-11-11 21:12:59,435 [ERROR] LogOutputStream:75 - [STDERR_REDIRECT] [Fatal Error] :1:1: Premature end of file.
2025-11-11 21:14:03,859 [ERROR] LogOutputStream:75 - [STDERR_REDIRECT] 
2025-11-11 21:14:04,930 [ERROR] LogOutputStream:75 - [STDERR_REDIRECT] [Fatal Error] :1:1: Premature end of file.
2025-11-11 21:14:04,930 [ERROR] LogOutputStream:75 - [STDERR_REDIRECT] 
2025-11-11 21:14:04,986 [ERROR] LogOutputStream:75 - [STDERR_REDIRECT] [Fatal Error] :1:1: Premature end of file.
2025-11-11 21:14:04,986 [ERROR] LogOutputStream:75 - [STDERR_REDIRECT] 
2025-11-11 21:14:05,016 [ERROR] LogOutputStream:75 - [STDERR_REDIRECT] [Fatal Error] :1:1: Premature end of file.
2025-11-11 21:14:05,016 [ERROR] LogOutputStream:75 - [STDERR_REDIRECT] 
2025-11-11 21:14:05,041 [ERROR] LogOutputStream:75 - [STDERR_REDIRECT] [Fatal Error] :1:1: Premature end of file.
2025-11-11 21:14:05,041 [ERROR] LogOutputStream:75 - [STDERR_REDIRECT] 
2025-11-11 21:14:05,069 [ERROR] LogOutputStream:75 - [STDERR_REDIRECT] [Fatal Error] :1:1: Premature end of file.
2025-11-11 21:14:05,069 [ERROR] LogOutputStream:75 - [STDERR_REDIRECT] 
2025-11-11 21:14:05,096 [ERROR] LogOutputStream:75 - [STDERR_REDIRECT] [Fatal Error] :1:1: Premature end of file.
2025-11-11 21:14:05,096 [ERROR] LogOutputStream:75 - [STDERR_REDIRECT] 
2025-11-11 21:14:05,126 [ERROR] LogOutputStream:75 - [STDERR_REDIRECT] [Fatal Error] :1:1: Premature end of file.
2025-11-11 21:14:05,126 [ERROR] LogOutputStream:75 - [STDERR_REDIRECT] 
2025-11-11 21:14:05,157 [ERROR] LogOutputStream:75 - [STDERR_REDIRECT] [Fatal Error] :1:1: Premature end of file.
2025-11-11 21:14:05,158 [ERROR] LogOutputStream:75 - [STDERR_REDIRECT] 
2025-11-11 21:14:05,198 [ERROR] LogOutputStream:75 - [STDERR_REDIRECT] [Fatal Error] :1:1: Premature end of file.
2025-11-11 21:14:05,198 [ERROR] LogOutputStream:75 - [STDERR_REDIRECT] 
2025-11-11 21:14:05,227 [ERROR] LogOutputStream:75 - [STDERR_REDIRECT] [Fatal Error] :1:1: Premature end of file.
2025-11-11 21:14:05,228 [ERROR] LogOutputStream:75 - [STDERR_REDIRECT] 
2025-11-11 21:14:05,258 [ERROR] LogOutputStream:75 - [STDERR_REDIRECT] [Fatal Error] :1:1: Premature end of file.
2025-11-11 21:14:05,258 [ERROR] LogOutputStream:75 - [STDERR_REDIRECT] 
2025-11-11 21:14:05,296 [ERROR] LogOutputStream:75 - [STDERR_REDIRECT] [Fatal Error] :1:1: Premature end of file.
2025-11-11 21:14:05,296 [ERROR] LogOutputStream:75 - [STDERR_REDIRECT] 
2025-11-11 21:14:05,330 [ERROR] LogOutputStream:75 - [STDERR_REDIRECT] [Fatal Error] :1:1: Premature end of file.
2025-11-11 21:14:05,330 [ERROR] LogOutputStream:75 - [STDERR_REDIRECT] 
2025-11-11 21:14:05,373 [ERROR] LogOutputStream:75 - [STDERR_REDIRECT] [Fatal Error] :1:1: Premature end of file.
2025-11-11 21:14:05,373 [ERROR] LogOutputStream:75 - [STDERR_REDIRECT] 
2025-11-11 21:14:05,404 [ERROR] LogOutputStream:75 - [STDERR_REDIRECT] [Fatal Error] :1:1: Premature end of file.
2025-11-11 21:14:05,404 [ERROR] LogOutputStream:75 - [STDERR_REDIRECT] 
2025-11-11 21:14:05,436 [ERROR] LogOutputStream:75 - [STDERR_REDIRECT] [Fatal Error] :1:1: Premature end of file.
2025-11-11 21:14:05,437 [ERROR] LogOutputStream:75 - [STDERR_REDIRECT] 
2025-11-11 21:14:05,472 [ERROR] LogOutputStream:75 - [STDERR_REDIRECT] [Fatal Error] :1:1: Premature end of file.
2025-11-11 21:14:05,472 [ERROR] LogOutputStream:75 - [STDERR_REDIRECT] 
2025-11-11 21:14:05,507 [ERROR] LogOutputStream:75 - [STDERR_REDIRECT] [Fatal Error] :1:1: Premature end of file.
2025-11-11 21:14:05,507 [ERROR] LogOutputStream:75 - [STDERR_REDIRECT] 
2025-11-11 21:14:05,536 [ERROR] LogOutputStream:75 - [STDERR_REDIRECT] [Fatal Error] :1:1: Premature end of file.
2025-11-11 21:14:05,536 [ERROR] LogOutputStream:75 - [STDERR_REDIRECT] 
2025-11-11 21:14:05,576 [ERROR] LogOutputStream:75 - [STDERR_REDIRECT] [Fatal Error] :1:1: Premature end of file.
2025-11-11 21:14:05,576 [ERROR] LogOutputStream:75 - [STDERR_REDIRECT] 
2025-11-11 21:14:05,614 [ERROR] LogOutputStream:75 - [STDERR_REDIRECT] [Fatal Error] :1:1: Premature end of file.
2025-11-11 21:14:05,614 [ERROR] LogOutputStream:75 - [STDERR_REDIRECT] 
2025-11-11 21:14:05,650 [ERROR] LogOutputStream:75 - [STDERR_REDIRECT] [Fatal Error] :1:1: Premature end of file.
2025-11-11 21:14:05,650 [ERROR] LogOutputStream:75 - [STDERR_REDIRECT] 
2025-11-11 21:14:05,680 [ERROR] LogOutputStream:75 - [STDERR_REDIRECT] [Fatal Error] :1:1: Premature end of file.
2025-11-11 21:14:05,680 [ERROR] LogOutputStream:75 - [STDERR_REDIRECT] 
2025-11-11 21:14:05,716 [ERROR] LogOutputStream:75 - [STDERR_REDIRECT] [Fatal Error] :1:1: Premature end of file.
2025-11-11 21:14:05,716 [ERROR] LogOutputStream:75 - [STDERR_REDIRECT] 
2025-11-11 21:14:05,749 [ERROR] LogOutputStream:75 - [STDERR_REDIRECT] [Fatal Error] :1:1: Premature end of file.
2025-11-11 21:14:05,749 [ERROR] LogOutputStream:75 - [STDERR_REDIRECT] 
2025-11-11 21:14:05,785 [ERROR] LogOutputStream:75 - [STDERR_REDIRECT] [Fatal Error] :1:1: Premature end of file.
2025-11-11 21:14:05,785 [ERROR] LogOutputStream:75 - [STDERR_REDIRECT] 
2025-11-11 21:14:05,819 [ERROR] LogOutputStream:75 - [STDERR_REDIRECT] [Fatal Error] :1:1: Premature end of file.
2025-11-11 21:14:05,820 [ERROR] LogOutputStream:75 - [STDERR_REDIRECT] 
2025-11-11 21:14:05,851 [ERROR] LogOutputStream:75 - [STDERR_REDIRECT] [Fatal Error] :1:1: Premature end of file.
2025-11-11 21:14:05,852 [ERROR] LogOutputStream:75 - [STDERR_REDIRECT] 
2025-11-11 21:14:05,883 [ERROR] LogOutputStream:75 - [STDERR_REDIRECT] [Fatal Error] :1:1: Premature end of file.
2025-11-11 21:14:05,884 [ERROR] LogOutputStream:75 - [STDERR_REDIRECT] 
2025-11-11 21:14:05,914 [ERROR] LogOutputStream:75 - [STDERR_REDIRECT] [Fatal Error] :1:1: Premature end of file.
2025-11-11 21:14:05,914 [ERROR] LogOutputStream:75 - [STDERR_REDIRECT] 
2025-11-11 21:14:05,946 [ERROR] LogOutputStream:75 - [STDERR_REDIRECT] [Fatal Error] :1:1: Premature end of file.
2025-11-11 21:14:05,946 [ERROR] LogOutputStream:75 - [STDERR_REDIRECT] 
2025-11-11 21:14:05,982 [ERROR] LogOutputStream:75 - [STDERR_REDIRECT] [Fatal Error] :1:1: Premature end of file.
2025-11-11 21:14:05,982 [ERROR] LogOutputStream:75 - [STDERR_REDIRECT] 
2025-11-11 21:14:06,009 [ERROR] LogOutputStream:75 - [STDERR_REDIRECT] [Fatal Error] :1:1: Premature end of file.
2025-11-11 21:14:06,009 [ERROR] LogOutputStream:75 - [STDERR_REDIRECT] 
2025-11-11 21:14:06,034 [ERROR] LogOutputStream:75 - [STDERR_REDIRECT] [Fatal Error] :1:1: Premature end of file.
2025-11-11 21:14:06,034 [ERROR] LogOutputStream:75 - [STDERR_REDIRECT] 
2025-11-11 21:14:06,068 [ERROR] LogOutputStream:75 - [STDERR_REDIRECT] [Fatal Error] :1:1: Premature end of file.
2025-11-11 21:14:06,068 [ERROR] LogOutputStream:75 - [STDERR_REDIRECT] 
2025-11-11 21:14:06,102 [ERROR] LogOutputStream:75 - [STDERR_REDIRECT] [Fatal Error] :1:1: Premature end of file.
2025-11-11 21:14:06,102 [ERROR] LogOutputStream:75 - [STDERR_REDIRECT] 
2025-11-11 21:14:06,134 [ERROR] LogOutputStream:75 - [STDERR_REDIRECT] [Fatal Error] :1:1: Premature end of file.
2025-11-11 21:14:06,134 [ERROR] LogOutputStream:75 - [STDERR_REDIRECT] 
2025-11-11 21:14:06,168 [ERROR] LogOutputStream:75 - [STDERR_REDIRECT] [Fatal Error] :1:1: Premature end of file.
2025-11-11 21:14:06,168 [ERROR] LogOutputStream:75 - [STDERR_REDIRECT] 
2025-11-11 21:14:06,203 [ERROR] LogOutputStream:75 - [STDERR_REDIRECT] [Fatal Error] :1:1: Premature end of file.
2025-11-11 21:14:06,203 [ERROR] LogOutputStream:75 - [STDERR_REDIRECT] 
2025-11-11 21:14:06,228 [ERROR] LogOutputStream:75 - [STDERR_REDIRECT] [Fatal Error] :1:1: Premature end of file.
2025-11-11 21:14:06,228 [ERROR] LogOutputStream:75 - [STDERR_REDIRECT] 
2025-11-11 21:14:06,258 [ERROR] LogOutputStream:75 - [STDERR_REDIRECT] [Fatal Error] :1:1: Premature end of file.
2025-11-11 21:14:06,258 [ERROR] LogOutputStream:75 - [STDERR_REDIRECT] 
2025-11-11 21:14:06,288 [ERROR] LogOutputStream:75 - [STDERR_REDIRECT] [Fatal Error] :1:1: Premature end of file.
2025-11-11 21:14:06,288 [ERROR] LogOutputStream:75 - [STDERR_REDIRECT] 
2025-11-11 21:14:06,320 [ERROR] LogOutputStream:75 - [STDERR_REDIRECT] [Fatal Error] :1:1: Premature end of file.
2025-11-11 21:14:06,320 [ERROR] LogOutputStream:75 - [STDERR_REDIRECT] 
2025-11-11 21:14:06,346 [ERROR] LogOutputStream:75 - [STDERR_REDIRECT] [Fatal Error] :1:1: Premature end of file.
2025-11-11 21:14:06,347 [ERROR] LogOutputStream:75 - [STDERR_REDIRECT] 
2025-11-11 21:14:06,377 [ERROR] LogOutputStream:75 - [STDERR_REDIRECT] [Fatal Error] :1:1: Premature end of file.
2025-11-11 21:14:06,377 [ERROR] LogOutputStream:75 - [STDERR_REDIRECT] 
2025-11-11 21:14:06,407 [ERROR] LogOutputStream:75 - [STDERR_REDIRECT] [Fatal Error] :1:1: Premature end of file.
2025-11-11 21:14:06,407 [ERROR] LogOutputStream:75 - [STDERR_REDIRECT] 
2025-11-11 21:14:06,433 [ERROR] LogOutputStream:75 - [STDERR_REDIRECT] [Fatal Error] :1:1: Premature end of file.
2025-11-11 21:14:06,433 [ERROR] LogOutputStream:75 - [STDERR_REDIRECT] 
2025-11-11 21:14:06,467 [ERROR] LogOutputStream:75 - [STDERR_REDIRECT] [Fatal Error] :1:1: Premature end of file.
2025-11-11 21:14:06,467 [ERROR] LogOutputStream:75 - [STDERR_REDIRECT] 
2025-11-11 21:14:06,492 [ERROR] LogOutputStream:75 - [STDERR_REDIRECT] [Fatal Error] :1:1: Premature end of file.
2025-11-11 21:14:06,492 [ERROR] LogOutputStream:75 - [STDERR_REDIRECT] 
2025-11-11 21:14:06,524 [ERROR] LogOutputStream:75 - [STDERR_REDIRECT] [Fatal Error] :1:1: Premature end of file.
2025-11-11 21:14:06,524 [ERROR] LogOutputStream:75 - [STDERR_REDIRECT] 
2025-11-11 21:14:06,554 [ERROR] LogOutputStream:75 - [STDERR_REDIRECT] [Fatal Error] :1:1: Premature end of file.
2025-11-11 21:14:06,554 [ERROR] LogOutputStream:75 - [STDERR_REDIRECT] 
2025-11-11 21:14:06,587 [ERROR] LogOutputStream:75 - [STDERR_REDIRECT] [Fatal Error] :1:1: Premature end of file.
2025-11-11 21:14:06,587 [ERROR] LogOutputStream:75 - [STDERR_REDIRECT] 
2025-11-11 21:14:06,619 [ERROR] LogOutputStream:75 - [STDERR_REDIRECT] [Fatal Error] :1:1: Premature end of file.
2025-11-11 21:14:06,619 [ERROR] LogOutputStream:75 - [STDERR_REDIRECT] 
2025-11-11 21:14:06,651 [ERROR] LogOutputStream:75 - [STDERR_REDIRECT] [Fatal Error] :1:1: Premature end of file.
2025-11-11 21:14:06,651 [ERROR] LogOutputStream:75 - [STDERR_REDIRECT] 
2025-11-11 21:14:06,688 [ERROR] LogOutputStream:75 - [STDERR_REDIRECT] [Fatal Error] :1:1: Premature end of file.
2025-11-11 21:14:06,688 [ERROR] LogOutputStream:75 - [STDERR_REDIRECT] 
2025-11-11 21:14:06,740 [ERROR] LogOutputStream:75 - [STDERR_REDIRECT] [Fatal Error] :1:1: Premature end of file.
2025-11-11 21:14:06,740 [ERROR] LogOutputStream:75 - [STDERR_REDIRECT] 
2025-11-11 21:14:06,770 [ERROR] LogOutputStream:75 - [STDERR_REDIRECT] [Fatal Error] :1:1: Premature end of file.
2025-11-11 21:14:06,770 [ERROR] LogOutputStream:75 - [STDERR_REDIRECT] 
2025-11-11 21:14:06,796 [ERROR] LogOutputStream:75 - [STDERR_REDIRECT] [Fatal Error] :1:1: Premature end of file.
2025-11-11 21:14:06,797 [ERROR] LogOutputStream:75 - [STDERR_REDIRECT] 
2025-11-11 21:14:06,831 [ERROR] LogOutputStream:75 - [STDERR_REDIRECT] [Fatal Error] :1:1: Premature end of file.
2025-11-11 21:14:06,831 [ERROR] LogOutputStream:75 - [STDERR_REDIRECT] 
2025-11-11 21:14:06,865 [ERROR] LogOutputStream:75 - [STDERR_REDIRECT] [Fatal Error] :1:1: Premature end of file.
2025-11-11 21:14:06,866 [ERROR] LogOutputStream:75 - [STDERR_REDIRECT] 
2025-11-11 21:14:06,889 [ERROR] LogOutputStream:75 - [STDERR_REDIRECT] [Fatal Error] :1:1: Premature end of file.
2025-11-11 21:14:06,889 [ERROR] LogOutputStream:75 - [STDERR_REDIRECT] 
2025-11-11 21:14:06,915 [ERROR] LogOutputStream:75 - [STDERR_REDIRECT] [Fatal Error] :1:1: Premature end of file.
2025-11-11 21:14:06,915 [ERROR] LogOutputStream:75 - [STDERR_REDIRECT] 
2025-11-11 21:14:06,945 [ERROR] LogOutputStream:75 - [STDERR_REDIRECT] [Fatal Error] :1:1: Premature end of file.
2025-11-11 21:14:06,945 [ERROR] LogOutputStream:75 - [STDERR_REDIRECT] 
2025-11-11 21:14:06,977 [ERROR] LogOutputStream:75 - [STDERR_REDIRECT] [Fatal Error] :1:1: Premature end of file.
2025-11-11 21:14:06,977 [ERROR] LogOutputStream:75 - [STDERR_REDIRECT] 
2025-11-11 21:14:07,011 [ERROR] LogOutputStream:75 - [STDERR_REDIRECT] [Fatal Error] :1:1: Premature end of file.
2025-11-11 21:14:07,011 [ERROR] LogOutputStream:75 - [STDERR_REDIRECT] 
2025-11-11 21:14:07,045 [ERROR] LogOutputStream:75 - [STDERR_REDIRECT] [Fatal Error] :1:1: Premature end of file.
2025-11-11 21:14:07,045 [ERROR] LogOutputStream:75 - [STDERR_REDIRECT] 
2025-11-11 21:14:07,076 [ERROR] LogOutputStream:75 - [STDERR_REDIRECT] [Fatal Error] :1:1: Premature end of file.
2025-11-11 21:14:07,076 [ERROR] LogOutputStream:75 - [STDERR_REDIRECT] 
2025-11-11 21:14:07,436 [ERROR] LogOutputStream:75 - [STDERR_REDIRECT] [Fatal Error] :1:1: Premature end of file.
2025-11-11 21:14:07,436 [ERROR] LogOutputStream:75 - [STDERR_REDIRECT] 
2025-11-11 21:14:08,438 [ERROR] LogOutputStream:75 - [STDERR_REDIRECT] [Fatal Error] :1:1: Premature end of file.
2025-11-11 21:14:08,438 [ERROR] LogOutputStream:75 - [STDERR_REDIRECT] 
2025-11-11 21:14:09,433 [ERROR] LogOutputStream:75 - [STDERR_REDIRECT] [Fatal Error] :1:1: Premature end of file.
2025-11-11 21:14:09,433 [ERROR] LogOutputStream:75 - [STDERR_REDIRECT] 
2025-11-11 21:14:10,434 [ERROR] LogOutputStream:75 - [STDERR_REDIRECT] [Fatal Error] :1:1: Premature end of file.
2025-11-11 21:14:10,434 [ERROR] LogOutputStream:75 - [STDERR_REDIRECT] 
2025-11-11 21:14:11,431 [ERROR] LogOutputStream:75 - [STDERR_REDIRECT] [Fatal Error] :1:1: Premature end of file.
2025-11-11 21:14:11,431 [ERROR] LogOutputStream:75 - [STDERR_REDIRECT] 
2025-11-11 21:14:12,433 [ERROR] LogOutputStream:75 - [STDERR_REDIRECT] [Fatal Error] :1:1: Premature end of file.
2025-11-11 21:14:12,433 [ERROR] LogOutputStream:75 - [STDERR_REDIRECT] 
2025-11-11 21:14:13,439 [ERROR] LogOutputStream:75 - [STDERR_REDIRECT] [Fatal Error] :1:1: Premature end of file.
2025-11-11 21:14:13,440 [ERROR] LogOutputStream:75 - [STDERR_REDIRECT] 
2025-11-11 21:14:14,437 [ERROR] LogOutputStream:75 - [STDERR_REDIRECT] [Fatal Error] :1:1: Premature end of file.
2025-11-11 21:14:14,437 [ERROR] LogOutputStream:75 - [STDERR_REDIRECT] 
2025-11-11 21:14:15,434 [ERROR] LogOutputStream:75 - [STDERR_REDIRECT] [Fatal Error] :1:1: Premature end of file.
2025-11-11 21:14:15,434 [ERROR] LogOutputStream:75 - [STDERR_REDIRECT] 
2025-11-11 21:14:16,434 [ERROR] LogOutputStream:75 - [STDERR_REDIRECT] [Fatal Error] :1:1: Premature end of file.
2025-11-11 21:14:16,434 [ERROR] LogOutputStream:75 - [STDERR_REDIRECT] 
2025-11-11 21:14:17,433 [ERROR] LogOutputStream:75 - [STDERR_REDIRECT] [Fatal Error] :1:1: Premature end of file.
2025-11-11 21:14:17,433 [ERROR] LogOutputStream:75 - [STDERR_REDIRECT] 
2025-11-11 21:14:18,439 [ERROR] LogOutputStream:75 - [STDERR_REDIRECT] [Fatal Error] :1:1: Premature end of file.
2025-11-11 21:14:18,439 [ERROR] LogOutputStream:75 - [STDERR_REDIRECT] 
2025-11-11 21:14:19,439 [ERROR] LogOutputStream:75 - [STDERR_REDIRECT] [Fatal Error] :1:1: Premature end of file.
2025-11-11 21:14:19,439 [ERROR] LogOutputStream:75 - [STDERR_REDIRECT] 
2025-11-11 21:14:20,443 [ERROR] LogOutputStream:75 - [STDERR_REDIRECT] [Fatal Error] :1:1: Premature end of file.
2025-11-11 21:14:20,443 [ERROR] LogOutputStream:75 - [STDERR_REDIRECT] 
2025-11-11 21:14:21,433 [ERROR] LogOutputStream:75 - [STDERR_REDIRECT] [Fatal Error] :1:1: Premature end of file.
2025-11-11 21:14:21,433 [ERROR] LogOutputStream:75 - [STDERR_REDIRECT] 
2025-11-11 21:14:22,442 [ERROR] LogOutputStream:75 - [STDERR_REDIRECT] [Fatal Error] :1:1: Premature end of file.
2025-11-11 21:14:22,442 [ERROR] LogOutputStream:75 - [STDERR_REDIRECT] 
2025-11-11 21:14:23,433 [ERROR] LogOutputStream:75 - [STDERR_REDIRECT] [Fatal Error] :1:1: Premature end of file.
2025-11-11 21:14:23,434 [ERROR] LogOutputStream:75 - [STDERR_REDIRECT] 
2025-11-11 21:14:24,433 [ERROR] LogOutputStream:75 - [STDERR_REDIRECT] [Fatal Error] :1:1: Premature end of file.
2025-11-11 21:14:24,433 [ERROR] LogOutputStream:75 - [STDERR_REDIRECT] 
2025-11-11 21:14:25,433 [ERROR] LogOutputStream:75 - [STDERR_REDIRECT] [Fatal Error] :1:1: Premature end of file.
2025-11-11 21:14:25,433 [ERROR] LogOutputStream:75 - [STDERR_REDIRECT] 
2025-11-11 21:14:26,439 [ERROR] LogOutputStream:75 - [STDERR_REDIRECT] [Fatal Error] :1:1: Premature end of file.
2025-11-11 21:14:26,439 [ERROR] LogOutputStream:75 - [STDERR_REDIRECT] 
2025-11-11 21:14:27,433 [ERROR] LogOutputStream:75 - [STDERR_REDIRECT] [Fatal Error] :1:1: Premature end of file.
2025-11-11 21:14:27,433 [ERROR] LogOutputStream:75 - [STDERR_REDIRECT] 
2025-11-11 21:14:28,440 [ERROR] LogOutputStream:75 - [STDERR_REDIRECT] [Fatal Error] :1:1: Premature end of file.
2025-11-11 21:14:28,440 [ERROR] LogOutputStream:75 - [STDERR_REDIRECT] 
2025-11-11 21:14:29,433 [ERROR] LogOutputStream:75 - [STDERR_REDIRECT] [Fatal Error] :1:1: Premature end of file.
2025-11-11 21:14:29,434 [ERROR] LogOutputStream:75 - [STDERR_REDIRECT] 
2025-11-11 21:14:30,441 [ERROR] LogOutputStream:75 - [STDERR_REDIRECT] [Fatal Error] :1:1: Premature end of file.
2025-11-11 21:14:30,441 [ERROR] LogOutputStream:75 - [STDERR_REDIRECT] 
2025-11-11 21:14:31,433 [ERROR] LogOutputStream:75 - [STDERR_REDIRECT] [Fatal Error] :1:1: Premature end of file.
2025-11-11 21:14:31,433 [ERROR] LogOutputStream:75 - [STDERR_REDIRECT] 
2025-11-11 21:14:32,433 [ERROR] LogOutputStream:75 - [STDERR_REDIRECT] [Fatal Error] :1:1: Premature end of file.
2025-11-11 21:14:32,433 [ERROR] LogOutputStream:75 - [STDERR_REDIRECT] 
2025-11-11 21:14:33,433 [ERROR] LogOutputStream:75 - [STDERR_REDIRECT] [Fatal Error] :1:1: Premature end of file.
2025-11-11 21:14:33,433 [ERROR] LogOutputStream:75 - [STDERR_REDIRECT] 
2025-11-11 21:14:34,442 [ERROR] LogOutputStream:75 - [STDERR_REDIRECT] [Fatal Error] :1:1: Premature end of file.
2025-11-11 21:14:34,442 [ERROR] LogOutputStream:75 - [STDERR_REDIRECT] 
2025-11-11 21:14:35,432 [ERROR] LogOutputStream:75 - [STDERR_REDIRECT] [Fatal Error] :1:1: Premature end of file.
2025-11-11 21:14:35,432 [ERROR] LogOutputStream:75 - [STDERR_REDIRECT] 
2025-11-11 21:14:36,441 [ERROR] LogOutputStream:75 - [STDERR_REDIRECT] [Fatal Error] :1:1: Premature end of file.
2025-11-11 21:14:36,441 [ERROR] LogOutputStream:75 - [STDERR_REDIRECT] 
2025-11-11 21:14:37,433 [ERROR] LogOutputStream:75 - [STDERR_REDIRECT] [Fatal Error] :1:1: Premature end of file.
2025-11-11 21:14:37,433 [ERROR] LogOutputStream:75 - [STDERR_REDIRECT] 
2025-11-11 21:14:38,442 [ERROR] LogOutputStream:75 - [STDERR_REDIRECT] [Fatal Error] :1:1: Premature end of file.
2025-11-11 21:14:38,442 [ERROR] LogOutputStream:75 - [STDERR_REDIRECT] 
2025-11-11 21:14:39,431 [ERROR] LogOutputStream:75 - [STDERR_REDIRECT] [Fatal Error] :1:1: Premature end of file.
2025-11-11 21:14:39,431 [ERROR] LogOutputStream:75 - [STDERR_REDIRECT] 
2025-11-11 21:14:40,443 [ERROR] LogOutputStream:75 - [STDERR_REDIRECT] [Fatal Error] :1:1: Premature end of file.
2025-11-11 21:14:40,443 [ERROR] LogOutputStream:75 - [STDERR_REDIRECT] 
2025-11-11 21:14:41,432 [ERROR] LogOutputStream:75 - [STDERR_REDIRECT] [Fatal Error] :1:1: Premature end of file.
2025-11-11 21:14:41,432 [ERROR] LogOutputStream:75 - [STDERR_REDIRECT] 
2025-11-11 21:14:42,436 [ERROR] LogOutputStream:75 - [STDERR_REDIRECT] [Fatal Error] :1:1: Premature end of file.
2025-11-11 21:14:42,436 [ERROR] LogOutputStream:75 - [STDERR_REDIRECT] 
2025-11-11 21:14:43,437 [ERROR] LogOutputStream:75 - [STDERR_REDIRECT] [Fatal Error] :1:1: Premature end of file.
2025-11-11 21:14:43,437 [ERROR] LogOutputStream:75 - [STDERR_REDIRECT] 
2025-11-11 21:14:44,436 [ERROR] LogOutputStream:75 - [STDERR_REDIRECT] [Fatal Error] :1:1: Premature end of file.
2025-11-11 21:14:44,437 [ERROR] LogOutputStream:75 - [STDERR_REDIRECT] 
2025-11-11 21:14:45,433 [ERROR] LogOutputStream:75 - [STDERR_REDIRECT] [Fatal Error] :1:1: Premature end of file.
2025-11-11 21:14:45,433 [ERROR] LogOutputStream:75 - [STDERR_REDIRECT] 
2025-11-11 21:14:46,432 [ERROR] LogOutputStream:75 - [STDERR_REDIRECT] [Fatal Error] :1:1: Premature end of file.
2025-11-11 21:14:46,432 [ERROR] LogOutputStream:75 - [STDERR_REDIRECT] 
2025-11-11 21:14:47,434 [ERROR] LogOutputStream:75 - [STDERR_REDIRECT] [Fatal Error] :1:1: Premature end of file.
2025-11-11 21:14:47,434 [ERROR] LogOutputStream:75 - [STDERR_REDIRECT] 
2025-11-11 21:14:48,433 [ERROR] LogOutputStream:75 - [STDERR_REDIRECT] [Fatal Error] :1:1: Premature end of file.
2025-11-11 21:14:48,434 [ERROR] LogOutputStream:75 - [STDERR_REDIRECT] 
2025-11-11 21:14:49,438 [ERROR] LogOutputStream:75 - [STDERR_REDIRECT] [Fatal Error] :1:1: Premature end of file.
2025-11-11 21:14:49,438 [ERROR] LogOutputStream:75 - [STDERR_REDIRECT] 
2025-11-11 21:14:50,434 [ERROR] LogOutputStream:75 - [STDERR_REDIRECT] [Fatal Error] :1:1: Premature end of file.
2025-11-11 21:14:50,434 [ERROR] LogOutputStream:75 - [STDERR_REDIRECT] 
2025-11-11 21:14:51,433 [ERROR] LogOutputStream:75 - [STDERR_REDIRECT] [Fatal Error] :1:1: Premature end of file.
2025-11-11 21:14:51,433 [ERROR] LogOutputStream:75 - [STDERR_REDIRECT] 
2025-11-11 21:14:52,435 [ERROR] LogOutputStream:75 - [STDERR_REDIRECT] [Fatal Error] :1:1: Premature end of file.
2025-11-11 21:14:52,435 [ERROR] LogOutputStream:75 - [STDERR_REDIRECT] 
2025-11-11 21:14:53,433 [ERROR] LogOutputStream:75 - [STDERR_REDIRECT] [Fatal Error] :1:1: Premature end of file.
2025-11-11 21:14:53,433 [ERROR] LogOutputStream:75 - [STDERR_REDIRECT] 
2025-11-11 21:14:54,443 [ERROR] LogOutputStream:75 - [STDERR_REDIRECT] [Fatal Error] :1:1: Premature end of file.
2025-11-11 21:14:54,443 [ERROR] LogOutputStream:75 - [STDERR_REDIRECT] 
2025-11-11 21:14:55,435 [ERROR] LogOutputStream:75 - [STDERR_REDIRECT] [Fatal Error] :1:1: Premature end of file.
2025-11-11 21:14:55,435 [ERROR] LogOutputStream:75 - [STDERR_REDIRECT] 
2025-11-11 21:14:56,437 [ERROR] LogOutputStream:75 - [STDERR_REDIRECT] [Fatal Error] :1:1: Premature end of file.
2025-11-11 21:14:56,438 [ERROR] LogOutputStream:75 - [STDERR_REDIRECT] 
2025-11-11 21:14:57,433 [ERROR] LogOutputStream:75 - [STDERR_REDIRECT] [Fatal Error] :1:1: Premature end of file.
2025-11-11 21:14:57,433 [ERROR] LogOutputStream:75 - [STDERR_REDIRECT] 
2025-11-11 21:14:58,435 [ERROR] LogOutputStream:75 - [STDERR_REDIRECT] [Fatal Error] :1:1: Premature end of file.
2025-11-11 21:14:58,435 [ERROR] LogOutputStream:75 - [STDERR_REDIRECT] 
2025-11-11 21:14:59,706 [ERROR] LogOutputStream:75 - [STDERR_REDIRECT] [Fatal Error] :1:1: Premature end of file.
2025-11-11 21:14:59,706 [ERROR] LogOutputStream:75 - [STDERR_REDIRECT] 
2025-11-11 21:15:00,432 [ERROR] LogOutputStream:75 - [STDERR_REDIRECT] [Fatal Error] :1:1: Premature end of file.
2025-11-11 21:15:00,432 [ERROR] LogOutputStream:75 - [STDERR_REDIRECT] 
2025-11-11 21:15:01,435 [ERROR] LogOutputStream:75 - [STDERR_REDIRECT] [Fatal Error] :1:1: Premature end of file.
2025-11-11 21:15:01,435 [ERROR] LogOutputStream:75 - [STDERR_REDIRECT] 
2025-11-11 21:15:02,438 [ERROR] LogOutputStream:75 - [STDERR_REDIRECT] [Fatal Error] :1:1: Premature end of file.
2025-11-11 21:15:02,438 [ERROR] LogOutputStream:75 - [STDERR_REDIRECT] 
2025-11-11 21:15:03,436 [ERROR] LogOutputStream:75 - [STDERR_REDIRECT] [Fatal Error] :1:1: Premature end of file.
2025-11-11 21:15:03,436 [ERROR] LogOutputStream:75 - [STDERR_REDIRECT] 
2025-11-11 21:15:04,440 [ERROR] LogOutputStream:75 - [STDERR_REDIRECT] [Fatal Error] :1:1: Premature end of file.
2025-11-11 21:15:04,440 [ERROR] LogOutputStream:75 - [STDERR_REDIRECT] 
2025-11-11 21:15:05,434 [ERROR] LogOutputStream:75 - [STDERR_REDIRECT] [Fatal Error] :1:1: Premature end of file.
2025-11-11 21:15:05,434 [ERROR] LogOutputStream:75 - [STDERR_REDIRECT] 
2025-11-11 21:15:06,435 [ERROR] LogOutputStream:75 - [STDERR_REDIRECT] [Fatal Error] :1:1: Premature end of file.
2025-11-11 21:15:06,435 [ERROR] LogOutputStream:75 - [STDERR_REDIRECT] 
2025-11-11 21:15:07,443 [ERROR] LogOutputStream:75 - [STDERR_REDIRECT] [Fatal Error] :1:1: Premature end of file.
2025-11-11 21:15:07,443 [ERROR] LogOutputStream:75 - [STDERR_REDIRECT] 
2025-11-11 21:15:08,436 [ERROR] LogOutputStream:75 - [STDERR_REDIRECT] [Fatal Error] :1:1: Premature end of file.
2025-11-11 21:15:08,436 [ERROR] LogOutputStream:75 - [STDERR_REDIRECT] 
2025-11-11 21:15:09,433 [ERROR] LogOutputStream:75 - [STDERR_REDIRECT] [Fatal Error] :1:1: Premature end of file.
2025-11-11 21:15:09,434 [ERROR] LogOutputStream:75 - [STDERR_REDIRECT] 
2025-11-11 21:15:10,433 [ERROR] LogOutputStream:75 - [STDERR_REDIRECT] [Fatal Error] :1:1: Premature end of file.
2025-11-11 21:15:10,433 [ERROR] LogOutputStream:75 - [STDERR_REDIRECT] 
2025-11-11 21:15:11,436 [ERROR] LogOutputStream:75 - [STDERR_REDIRECT] [Fatal Error] :1:1: Premature end of file.
2025-11-11 21:15:11,436 [ERROR] LogOutputStream:75 - [STDERR_REDIRECT] 
2025-11-11 21:15:12,443 [ERROR] LogOutputStream:75 - [STDERR_REDIRECT] [Fatal Error] :1:1: Premature end of file.
2025-11-11 21:15:12,444 [ERROR] LogOutputStream:75 - [STDERR_REDIRECT] 
2025-11-11 21:15:13,434 [ERROR] LogOutputStream:75 - [STDERR_REDIRECT] [Fatal Error] :1:1: Premature end of file.
2025-11-11 21:15:13,434 [ERROR] LogOutputStream:75 - [STDERR_REDIRECT] 
2025-11-11 21:15:14,443 [ERROR] LogOutputStream:75 - [STDERR_REDIRECT] [Fatal Error] :1:1: Premature end of file.
2025-11-11 21:15:14,443 [ERROR] LogOutputStream:75 - [STDERR_REDIRECT] 
2025-11-11 21:15:15,434 [ERROR] LogOutputStream:75 - [STDERR_REDIRECT] [Fatal Error] :1:1: Premature end of file.
2025-11-11 21:15:15,434 [ERROR] LogOutputStream:75 - [STDERR_REDIRECT] 
2025-11-11 21:15:16,437 [ERROR] LogOutputStream:75 - [STDERR_REDIRECT] [Fatal Error] :1:1: Premature end of file.
2025-11-11 21:15:16,437 [ERROR] LogOutputStream:75 - [STDERR_REDIRECT] 
2025-11-11 21:15:17,438 [ERROR] LogOutputStream:75 - [STDERR_REDIRECT] [Fatal Error] :1:1: Premature end of file.
2025-11-11 21:15:17,438 [ERROR] LogOutputStream:75 - [STDERR_REDIRECT] 
2025-11-11 21:15:18,433 [ERROR] LogOutputStream:75 - [STDERR_REDIRECT] [Fatal Error] :1:1: Premature end of file.
2025-11-11 21:15:18,433 [ERROR] LogOutputStream:75 - [STDERR_REDIRECT] 
2025-11-11 21:15:19,445 [ERROR] LogOutputStream:75 - [STDERR_REDIRECT] [Fatal Error] :1:1: Premature end of file.
2025-11-11 21:15:19,445 [ERROR] LogOutputStream:75 - [STDERR_REDIRECT] 
2025-11-11 21:15:20,434 [ERROR] LogOutputStream:75 - [STDERR_REDIRECT] [Fatal Error] :1:1: Premature end of file.
2025-11-11 21:15:20,434 [ERROR] LogOutputStream:75 - [STDERR_REDIRECT] 
2025-11-11 21:15:21,439 [ERROR] LogOutputStream:75 - [STDERR_REDIRECT] [Fatal Error] :1:1: Premature end of file.
2025-11-11 21:15:21,439 [ERROR] LogOutputStream:75 - [STDERR_REDIRECT] 
2025-11-11 21:15:22,439 [ERROR] LogOutputStream:75 - [STDERR_REDIRECT] [Fatal Error] :1:1: Premature end of file.
2025-11-11 21:15:22,439 [ERROR] LogOutputStream:75 - [STDERR_REDIRECT] 
2025-11-11 21:15:23,436 [ERROR] LogOutputStream:75 - [STDERR_REDIRECT] [Fatal Error] :1:1: Premature end of file.
2025-11-11 21:15:23,436 [ERROR] LogOutputStream:75 - [STDERR_REDIRECT] 
2025-11-11 21:15:24,438 [ERROR] LogOutputStream:75 - [STDERR_REDIRECT] [Fatal Error] :1:1: Premature end of file.
2025-11-11 21:15:24,438 [ERROR] LogOutputStream:75 - [STDERR_REDIRECT] 
2025-11-11 21:15:25,433 [ERROR] LogOutputStream:75 - [STDERR_REDIRECT] [Fatal Error] :1:1: Premature end of file.
2025-11-11 21:15:25,433 [ERROR] LogOutputStream:75 - [STDERR_REDIRECT] 
2025-11-11 21:15:26,433 [ERROR] LogOutputStream:75 - [STDERR_REDIRECT] [Fatal Error] :1:1: Premature end of file.
2025-11-11 21:15:26,433 [ERROR] LogOutputStream:75 - [STDERR_REDIRECT] 
2025-11-11 21:15:27,437 [ERROR] LogOutputStream:75 - [STDERR_REDIRECT] [Fatal Error] :1:1: Premature end of file.
2025-11-11 21:15:27,437 [ERROR] LogOutputStream:75 - [STDERR_REDIRECT] 
2025-11-11 21:15:28,433 [ERROR] LogOutputStream:75 - [STDERR_REDIRECT] [Fatal Error] :1:1: Premature end of file.
2025-11-11 21:15:28,433 [ERROR] LogOutputStream:75 - [STDERR_REDIRECT] 
2025-11-11 21:15:29,434 [ERROR] LogOutputStream:75 - [STDERR_REDIRECT] [Fatal Error] :1:1: Premature end of file.
2025-11-11 21:15:29,434 [ERROR] LogOutputStream:75 - [STDERR_REDIRECT] 
2025-11-11 21:15:30,433 [ERROR] LogOutputStream:75 - [STDERR_REDIRECT] [Fatal Error] :1:1: Premature end of file.
2025-11-11 21:15:30,433 [ERROR] LogOutputStream:75 - [STDERR_REDIRECT] 
2025-11-11 21:15:31,434 [ERROR] LogOutputStream:75 - [STDERR_REDIRECT] [Fatal Error] :1:1: Premature end of file.
2025-11-11 21:15:31,434 [ERROR] LogOutputStream:75 - [STDERR_REDIRECT] 
2025-11-11 21:15:32,434 [ERROR] LogOutputStream:75 - [STDERR_REDIRECT] [Fatal Error] :1:1: Premature end of file.
2025-11-11 21:15:32,434 [ERROR] LogOutputStream:75 - [STDERR_REDIRECT] 
2025-11-11 21:15:33,440 [ERROR] LogOutputStream:75 - [STDERR_REDIRECT] [Fatal Error] :1:1: Premature end of file.
2025-11-11 21:15:33,440 [ERROR] LogOutputStream:75 - [STDERR_REDIRECT] 
2025-11-11 21:15:34,461 [ERROR] LogOutputStream:75 - [STDERR_REDIRECT] [Fatal Error] :1:1: Premature end of file.
2025-11-11 21:15:34,461 [ERROR] LogOutputStream:75 - [STDERR_REDIRECT] 
2025-11-11 21:15:35,465 [ERROR] LogOutputStream:75 - [STDERR_REDIRECT] [Fatal Error] :1:1: Premature end of file.
2025-11-11 21:15:35,465 [ERROR] LogOutputStream:75 - [STDERR_REDIRECT] 
2025-11-11 21:15:36,458 [ERROR] LogOutputStream:75 - [STDERR_REDIRECT] [Fatal Error] :1:1: Premature end of file.
2025-11-11 21:15:36,458 [ERROR] LogOutputStream:75 - [STDERR_REDIRECT] 
2025-11-11 21:15:37,471 [ERROR] LogOutputStream:75 - [STDERR_REDIRECT] [Fatal Error] :1:1: Premature end of file.
2025-11-11 21:15:37,471 [ERROR] LogOutputStream:75 - [STDERR_REDIRECT] 
2025-11-11 21:15:38,455 [ERROR] LogOutputStream:75 - [STDERR_REDIRECT] [Fatal Error] :1:1: Premature end of file.
2025-11-11 21:15:38,455 [ERROR] LogOutputStream:75 - [STDERR_REDIRECT] 
2025-11-11 21:15:39,460 [ERROR] LogOutputStream:75 - [STDERR_REDIRECT] [Fatal Error] :1:1: Premature end of file.
2025-11-11 21:15:39,460 [ERROR] LogOutputStream:75 - [STDERR_REDIRECT] 
2025-11-11 21:15:40,459 [ERROR] LogOutputStream:75 - [STDERR_REDIRECT] [Fatal Error] :1:1: Premature end of file.
2025-11-11 21:15:40,459 [ERROR] LogOutputStream:75 - [STDERR_REDIRECT] 
2025-11-11 21:15:41,462 [ERROR] LogOutputStream:75 - [STDERR_REDIRECT] [Fatal Error] :1:1: Premature end of file.
2025-11-11 21:15:41,462 [ERROR] LogOutputStream:75 - [STDERR_REDIRECT] 
2025-11-11 21:15:42,463 [ERROR] LogOutputStream:75 - [STDERR_REDIRECT] [Fatal Error] :1:1: Premature end of file.
2025-11-11 21:15:42,463 [ERROR] LogOutputStream:75 - [STDERR_REDIRECT] 
2025-11-11 21:15:43,468 [ERROR] LogOutputStream:75 - [STDERR_REDIRECT] [Fatal Error] :1:1: Premature end of file.
2025-11-11 21:15:43,468 [ERROR] LogOutputStream:75 - [STDERR_REDIRECT] 
2025-11-11 21:15:44,459 [ERROR] LogOutputStream:75 - [STDERR_REDIRECT] [Fatal Error] :1:1: Premature end of file.
2025-11-11 21:15:44,459 [ERROR] LogOutputStream:75 - [STDERR_REDIRECT] 
2025-11-11 21:15:45,466 [ERROR] LogOutputStream:75 - [STDERR_REDIRECT] [Fatal Error] :1:1: Premature end of file.
2025-11-11 21:15:45,466 [ERROR] LogOutputStream:75 - [STDERR_REDIRECT] 
2025-11-11 21:15:46,467 [ERROR] LogOutputStream:75 - [STDERR_REDIRECT] [Fatal Error] :1:1: Premature end of file.
2025-11-11 21:15:46,468 [ERROR] LogOutputStream:75 - [STDERR_REDIRECT] 
2025-11-11 21:15:47,450 [ERROR] LogOutputStream:75 - [STDERR_REDIRECT] [Fatal Error] :1:1: Premature end of file.
2025-11-11 21:15:47,450 [ERROR] LogOutputStream:75 - [STDERR_REDIRECT] 
2025-11-11 21:15:48,464 [ERROR] LogOutputStream:75 - [STDERR_REDIRECT] [Fatal Error] :1:1: Premature end of file.
2025-11-11 21:15:48,464 [ERROR] LogOutputStream:75 - [STDERR_REDIRECT] 
2025-11-11 21:15:49,458 [ERROR] LogOutputStream:75 - [STDERR_REDIRECT] [Fatal Error] :1:1: Premature end of file.
2025-11-11 21:15:49,458 [ERROR] LogOutputStream:75 - [STDERR_REDIRECT] 
2025-11-11 21:15:50,459 [ERROR] LogOutputStream:75 - [STDERR_REDIRECT] [Fatal Error] :1:1: Premature end of file.
2025-11-11 21:15:50,459 [ERROR] LogOutputStream:75 - [STDERR_REDIRECT] 
2025-11-11 21:15:51,457 [ERROR] LogOutputStream:75 - [STDERR_REDIRECT] [Fatal Error] :1:1: Premature end of file.
2025-11-11 21:15:51,457 [ERROR] LogOutputStream:75 - [STDERR_REDIRECT] 
2025-11-11 21:15:52,460 [ERROR] LogOutputStream:75 - [STDERR_REDIRECT] [Fatal Error] :1:1: Premature end of file.
2025-11-11 21:15:52,460 [ERROR] LogOutputStream:75 - [STDERR_REDIRECT] 
2025-11-11 21:15:53,459 [ERROR] LogOutputStream:75 - [STDERR_REDIRECT] [Fatal Error] :1:1: Premature end of file.
2025-11-11 21:15:53,459 [ERROR] LogOutputStream:75 - [STDERR_REDIRECT] 
2025-11-11 21:15:54,454 [ERROR] LogOutputStream:75 - [STDERR_REDIRECT] [Fatal Error] :1:1: Premature end of file.
2025-11-11 21:15:54,455 [ERROR] LogOutputStream:75 - [STDERR_REDIRECT] 
2025-11-11 21:15:55,460 [ERROR] LogOutputStream:75 - [STDERR_REDIRECT] [Fatal Error] :1:1: Premature end of file.
2025-11-11 21:15:55,460 [ERROR] LogOutputStream:75 - [STDERR_REDIRECT] 
2025-11-11 21:15:56,449 [ERROR] LogOutputStream:75 - [STDERR_REDIRECT] [Fatal Error] :1:1: Premature end of file.
2025-11-11 21:15:56,450 [ERROR] LogOutputStream:75 - [STDERR_REDIRECT] 
2025-11-11 21:15:57,461 [ERROR] LogOutputStream:75 - [STDERR_REDIRECT] [Fatal Error] :1:1: Premature end of file.
2025-11-11 21:15:57,461 [ERROR] LogOutputStream:75 - [STDERR_REDIRECT] 
2025-11-11 21:15:58,460 [ERROR] LogOutputStream:75 - [STDERR_REDIRECT] [Fatal Error] :1:1: Premature end of file.
2025-11-11 21:15:58,460 [ERROR] LogOutputStream:75 - [STDERR_REDIRECT] 
2025-11-11 21:15:59,464 [ERROR] LogOutputStream:75 - [STDERR_REDIRECT] [Fatal Error] :1:1: Premature end of file.
2025-11-11 21:15:59,464 [ERROR] LogOutputStream:75 - [STDERR_REDIRECT] 
2025-11-11 21:16:00,463 [ERROR] LogOutputStream:75 - [STDERR_REDIRECT] [Fatal Error] :1:1: Premature end of file.
2025-11-11 21:16:00,463 [ERROR] LogOutputStream:75 - [STDERR_REDIRECT] 
2025-11-11 21:16:01,461 [ERROR] LogOutputStream:75 - [STDERR_REDIRECT] [Fatal Error] :1:1: Premature end of file.
2025-11-11 21:16:01,461 [ERROR] LogOutputStream:75 - [STDERR_REDIRECT] 
2025-11-11 21:16:02,463 [ERROR] LogOutputStream:75 - [STDERR_REDIRECT] [Fatal Error] :1:1: Premature end of file.
2025-11-11 21:16:02,463 [ERROR] LogOutputStream:75 - [STDERR_REDIRECT] 
2025-11-11 21:16:03,453 [ERROR] LogOutputStream:75 - [STDERR_REDIRECT] [Fatal Error] :1:1: Premature end of file.
2025-11-11 21:16:03,453 [ERROR] LogOutputStream:75 - [STDERR_REDIRECT] 
2025-11-11 21:16:04,453 [ERROR] LogOutputStream:75 - [STDERR_REDIRECT] [Fatal Error] :1:1: Premature end of file.
2025-11-11 21:16:04,453 [ERROR] LogOutputStream:75 - [STDERR_REDIRECT] 
2025-11-11 21:16:05,464 [ERROR] LogOutputStream:75 - [STDERR_REDIRECT] [Fatal Error] :1:1: Premature end of file.
2025-11-11 21:16:05,464 [ERROR] LogOutputStream:75 - [STDERR_REDIRECT] 
2025-11-11 21:16:06,453 [ERROR] LogOutputStream:75 - [STDERR_REDIRECT] [Fatal Error] :1:1: Premature end of file.
2025-11-11 21:16:06,453 [ERROR] LogOutputStream:75 - [STDERR_REDIRECT] 
2025-11-11 21:16:07,457 [ERROR] LogOutputStream:75 - [STDERR_REDIRECT] [Fatal Error] :1:1: Premature end of file.
2025-11-11 21:16:07,457 [ERROR] LogOutputStream:75 - [STDERR_REDIRECT] 
2025-11-11 21:16:08,556 [ERROR] LogOutputStream:75 - [STDERR_REDIRECT] [Fatal Error] :1:1: Premature end of file.
2025-11-11 21:16:08,557 [ERROR] LogOutputStream:75 - [STDERR_REDIRECT] 
2025-11-11 21:16:09,459 [ERROR] LogOutputStream:75 - [STDERR_REDIRECT] [Fatal Error] :1:1: Premature end of file.
2025-11-11 21:16:09,459 [ERROR] LogOutputStream:75 - [STDERR_REDIRECT] 
2025-11-11 21:16:10,457 [ERROR] LogOutputStream:75 - [STDERR_REDIRECT] [Fatal Error] :1:1: Premature end of file.
2025-11-11 21:16:10,457 [ERROR] LogOutputStream:75 - [STDERR_REDIRECT] 
2025-11-11 21:16:11,456 [ERROR] LogOutputStream:75 - [STDERR_REDIRECT] [Fatal Error] :1:1: Premature end of file.
2025-11-11 21:16:11,456 [ERROR] LogOutputStream:75 - [STDERR_REDIRECT] 
2025-11-11 21:16:12,466 [ERROR] LogOutputStream:75 - [STDERR_REDIRECT] [Fatal Error] :1:1: Premature end of file.
2025-11-11 21:16:12,467 [ERROR] LogOutputStream:75 - [STDERR_REDIRECT] 
2025-11-11 21:16:13,462 [ERROR] LogOutputStream:75 - [STDERR_REDIRECT] [Fatal Error] :1:1: Premature end of file.
2025-11-11 21:16:13,462 [ERROR] LogOutputStream:75 - [STDERR_REDIRECT] 
2025-11-11 21:16:14,473 [ERROR] LogOutputStream:75 - [STDERR_REDIRECT] [Fatal Error] :1:1: Premature end of file.
2025-11-11 21:16:14,473 [ERROR] LogOutputStream:75 - [STDERR_REDIRECT] 
2025-11-11 21:16:15,464 [ERROR] LogOutputStream:75 - [STDERR_REDIRECT] [Fatal Error] :1:1: Premature end of file.
2025-11-11 21:16:15,464 [ERROR] LogOutputStream:75 - [STDERR_REDIRECT] 
2025-11-11 21:16:16,458 [ERROR] LogOutputStream:75 - [STDERR_REDIRECT] [Fatal Error] :1:1: Premature end of file.
2025-11-11 21:16:16,458 [ERROR] LogOutputStream:75 - [STDERR_REDIRECT] 
2025-11-11 21:16:17,454 [ERROR] LogOutputStream:75 - [STDERR_REDIRECT] [Fatal Error] :1:1: Premature end of file.
2025-11-11 21:16:17,455 [ERROR] LogOutputStream:75 - [STDERR_REDIRECT] 
2025-11-11 21:16:18,453 [ERROR] LogOutputStream:75 - [STDERR_REDIRECT] [Fatal Error] :1:1: Premature end of file.
2025-11-11 21:16:18,453 [ERROR] LogOutputStream:75 - [STDERR_REDIRECT] 
2025-11-11 21:16:19,454 [ERROR] LogOutputStream:75 - [STDERR_REDIRECT] [Fatal Error] :1:1: Premature end of file.
2025-11-11 21:16:19,454 [ERROR] LogOutputStream:75 - [STDERR_REDIRECT] 
2025-11-11 21:16:20,453 [ERROR] LogOutputStream:75 - [STDERR_REDIRECT] [Fatal Error] :1:1: Premature end of file.
2025-11-11 21:16:20,453 [ERROR] LogOutputStream:75 - [STDERR_REDIRECT] 
2025-11-11 21:16:21,467 [ERROR] LogOutputStream:75 - [STDERR_REDIRECT] [Fatal Error] :1:1: Premature end of file.
2025-11-11 21:16:21,467 [ERROR] LogOutputStream:75 - [STDERR_REDIRECT] 
2025-11-11 21:16:22,459 [ERROR] LogOutputStream:75 - [STDERR_REDIRECT] [Fatal Error] :1:1: Premature end of file.
2025-11-11 21:16:22,459 [ERROR] LogOutputStream:75 - [STDERR_REDIRECT] 
2025-11-11 21:16:23,458 [ERROR] LogOutputStream:75 - [STDERR_REDIRECT] [Fatal Error] :1:1: Premature end of file.
2025-11-11 21:16:23,458 [ERROR] LogOutputStream:75 - [STDERR_REDIRECT] 
2025-11-11 21:16:24,459 [ERROR] LogOutputStream:75 - [STDERR_REDIRECT] [Fatal Error] :1:1: Premature end of file.
2025-11-11 21:16:24,459 [ERROR] LogOutputStream:75 - [STDERR_REDIRECT] 
2025-11-11 21:16:25,454 [ERROR] LogOutputStream:75 - [STDERR_REDIRECT] [Fatal Error] :1:1: Premature end of file.
2025-11-11 21:16:25,454 [ERROR] LogOutputStream:75 - [STDERR_REDIRECT] 
2025-11-11 21:16:26,458 [ERROR] LogOutputStream:75 - [STDERR_REDIRECT] [Fatal Error] :1:1: Premature end of file.
2025-11-11 21:16:26,458 [ERROR] LogOutputStream:75 - [STDERR_REDIRECT] 
2025-11-11 21:16:27,472 [ERROR] LogOutputStream:75 - [STDERR_REDIRECT] [Fatal Error] :1:1: Premature end of file.
2025-11-11 21:16:27,472 [ERROR] LogOutputStream:75 - [STDERR_REDIRECT] 
2025-11-11 21:16:28,461 [ERROR] LogOutputStream:75 - [STDERR_REDIRECT] [Fatal Error] :1:1: Premature end of file.
2025-11-11 21:16:28,461 [ERROR] LogOutputStream:75 - [STDERR_REDIRECT] 
2025-11-11 21:16:29,452 [ERROR] LogOutputStream:75 - [STDERR_REDIRECT] [Fatal Error] :1:1: Premature end of file.
2025-11-11 21:16:29,452 [ERROR] LogOutputStream:75 - [STDERR_REDIRECT] 
2025-11-11 21:16:30,462 [ERROR] LogOutputStream:75 - [STDERR_REDIRECT] [Fatal Error] :1:1: Premature end of file.
2025-11-11 21:16:30,462 [ERROR] LogOutputStream:75 - [STDERR_REDIRECT] 
2025-11-11 21:16:31,466 [ERROR] LogOutputStream:75 - [STDERR_REDIRECT] [Fatal Error] :1:1: Premature end of file.
2025-11-11 21:16:31,466 [ERROR] LogOutputStream:75 - [STDERR_REDIRECT] 
2025-11-11 21:16:32,456 [ERROR] LogOutputStream:75 - [STDERR_REDIRECT] [Fatal Error] :1:1: Premature end of file.
2025-11-11 21:16:32,456 [ERROR] LogOutputStream:75 - [STDERR_REDIRECT] 
2025-11-11 21:16:33,459 [ERROR] LogOutputStream:75 - [STDERR_REDIRECT] [Fatal Error] :1:1: Premature end of file.
2025-11-11 21:16:33,460 [ERROR] LogOutputStream:75 - [STDERR_REDIRECT] 
2025-11-11 21:16:34,472 [ERROR] LogOutputStream:75 - [STDERR_REDIRECT] [Fatal Error] :1:1: Premature end of file.
2025-11-11 21:16:34,472 [ERROR] LogOutputStream:75 - [STDERR_REDIRECT] 
2025-11-11 21:16:35,459 [ERROR] LogOutputStream:75 - [STDERR_REDIRECT] [Fatal Error] :1:1: Premature end of file.
2025-11-11 21:16:35,459 [ERROR] LogOutputStream:75 - [STDERR_REDIRECT] 
2025-11-11 21:16:36,459 [ERROR] LogOutputStream:75 - [STDERR_REDIRECT] [Fatal Error] :1:1: Premature end of file.
2025-11-11 21:16:36,459 [ERROR] LogOutputStream:75 - [STDERR_REDIRECT] 
2025-11-11 21:16:37,463 [ERROR] LogOutputStream:75 - [STDERR_REDIRECT] [Fatal Error] :1:1: Premature end of file.
2025-11-11 21:16:37,463 [ERROR] LogOutputStream:75 - [STDERR_REDIRECT] 
2025-11-11 21:16:38,453 [ERROR] LogOutputStream:75 - [STDERR_REDIRECT] [Fatal Error] :1:1: Premature end of file.
2025-11-11 21:16:38,453 [ERROR] LogOutputStream:75 - [STDERR_REDIRECT] 
2025-11-11 21:16:39,464 [ERROR] LogOutputStream:75 - [STDERR_REDIRECT] [Fatal Error] :1:1: Premature end of file.
2025-11-11 21:16:39,464 [ERROR] LogOutputStream:75 - [STDERR_REDIRECT] 
2025-11-11 21:16:40,474 [ERROR] LogOutputStream:75 - [STDERR_REDIRECT] [Fatal Error] :1:1: Premature end of file.
2025-11-11 21:16:40,474 [ERROR] LogOutputStream:75 - [STDERR_REDIRECT] 
2025-11-11 21:16:41,457 [ERROR] LogOutputStream:75 - [STDERR_REDIRECT] [Fatal Error] :1:1: Premature end of file.
2025-11-11 21:16:41,458 [ERROR] LogOutputStream:75 - [STDERR_REDIRECT] 
2025-11-11 21:16:42,460 [ERROR] LogOutputStream:75 - [STDERR_REDIRECT] [Fatal Error] :1:1: Premature end of file.
2025-11-11 21:16:42,460 [ERROR] LogOutputStream:75 - [STDERR_REDIRECT] 
2025-11-11 21:16:43,456 [ERROR] LogOutputStream:75 - [STDERR_REDIRECT] [Fatal Error] :1:1: Premature end of file.
2025-11-11 21:16:43,456 [ERROR] LogOutputStream:75 - [STDERR_REDIRECT] 
2025-11-11 21:16:44,460 [ERROR] LogOutputStream:75 - [STDERR_REDIRECT] [Fatal Error] :1:1: Premature end of file.
2025-11-11 21:16:44,460 [ERROR] LogOutputStream:75 - [STDERR_REDIRECT] 
2025-11-11 21:16:45,463 [ERROR] LogOutputStream:75 - [STDERR_REDIRECT] [Fatal Error] :1:1: Premature end of file.
2025-11-11 21:16:45,463 [ERROR] LogOutputStream:75 - [STDERR_REDIRECT] 
2025-11-11 21:16:46,459 [ERROR] LogOutputStream:75 - [STDERR_REDIRECT] [Fatal Error] :1:1: Premature end of file.
2025-11-11 21:16:46,459 [ERROR] LogOutputStream:75 - [STDERR_REDIRECT] 
2025-11-11 21:16:47,462 [ERROR] LogOutputStream:75 - [STDERR_REDIRECT] [Fatal Error] :1:1: Premature end of file.
2025-11-11 21:16:47,462 [ERROR] LogOutputStream:75 - [STDERR_REDIRECT] 
2025-11-11 21:16:48,458 [ERROR] LogOutputStream:75 - [STDERR_REDIRECT] [Fatal Error] :1:1: Premature end of file.
2025-11-11 21:16:48,458 [ERROR] LogOutputStream:75 - [STDERR_REDIRECT] 
2025-11-11 21:16:49,457 [ERROR] LogOutputStream:75 - [STDERR_REDIRECT] [Fatal Error] :1:1: Premature end of file.
2025-11-11 21:16:49,458 [ERROR] LogOutputStream:75 - [STDERR_REDIRECT] 
2025-11-11 21:16:50,451 [ERROR] LogOutputStream:75 - [STDERR_REDIRECT] [Fatal Error] :1:1: Premature end of file.
2025-11-11 21:16:50,452 [ERROR] LogOutputStream:75 - [STDERR_REDIRECT] 
2025-11-11 21:16:51,458 [ERROR] LogOutputStream:75 - [STDERR_REDIRECT] [Fatal Error] :1:1: Premature end of file.
2025-11-11 21:16:51,459 [ERROR] LogOutputStream:75 - [STDERR_REDIRECT] 
2025-11-11 21:16:52,465 [ERROR] LogOutputStream:75 - [STDERR_REDIRECT] [Fatal Error] :1:1: Premature end of file.
2025-11-11 21:16:52,465 [ERROR] LogOutputStream:75 - [STDERR_REDIRECT] 
2025-11-11 21:16:53,467 [ERROR] LogOutputStream:75 - [STDERR_REDIRECT] [Fatal Error] :1:1: Premature end of file.
2025-11-11 21:16:53,467 [ERROR] LogOutputStream:75 - [STDERR_REDIRECT] 
2025-11-11 21:16:54,458 [ERROR] LogOutputStream:75 - [STDERR_REDIRECT] [Fatal Error] :1:1: Premature end of file.
2025-11-11 21:16:54,459 [ERROR] LogOutputStream:75 - [STDERR_REDIRECT] 
2025-11-11 21:16:55,462 [ERROR] LogOutputStream:75 - [STDERR_REDIRECT] [Fatal Error] :1:1: Premature end of file.
2025-11-11 21:16:55,462 [ERROR] LogOutputStream:75 - [STDERR_REDIRECT] 
2025-11-11 21:16:56,452 [ERROR] LogOutputStream:75 - [STDERR_REDIRECT] [Fatal Error] :1:1: Premature end of file.
2025-11-11 21:16:56,453 [ERROR] LogOutputStream:75 - [STDERR_REDIRECT] 
2025-11-11 21:16:57,467 [ERROR] LogOutputStream:75 - [STDERR_REDIRECT] [Fatal Error] :1:1: Premature end of file.
2025-11-11 21:16:57,467 [ERROR] LogOutputStream:75 - [STDERR_REDIRECT] 
2025-11-11 21:16:58,461 [ERROR] LogOutputStream:75 - [STDERR_REDIRECT] [Fatal Error] :1:1: Premature end of file.
2025-11-11 21:16:58,461 [ERROR] LogOutputStream:75 - [STDERR_REDIRECT] 
2025-11-11 21:16:59,473 [ERROR] LogOutputStream:75 - [STDERR_REDIRECT] [Fatal Error] :1:1: Premature end of file.
2025-11-11 21:16:59,474 [ERROR] LogOutputStream:75 - [STDERR_REDIRECT] 
2025-11-11 21:17:00,455 [ERROR] LogOutputStream:75 - [STDERR_REDIRECT] [Fatal Error] :1:1: Premature end of file.
2025-11-11 21:17:00,455 [ERROR] LogOutputStream:75 - [STDERR_REDIRECT] 
2025-11-11 21:17:01,452 [ERROR] LogOutputStream:75 - [STDERR_REDIRECT] [Fatal Error] :1:1: Premature end of file.
2025-11-11 21:17:01,452 [ERROR] LogOutputStream:75 - [STDERR_REDIRECT] 
2025-11-11 21:17:02,456 [ERROR] LogOutputStream:75 - [STDERR_REDIRECT] [Fatal Error] :1:1: Premature end of file.
2025-11-11 21:17:02,456 [ERROR] LogOutputStream:75 - [STDERR_REDIRECT] 
2025-11-11 21:17:03,459 [ERROR] LogOutputStream:75 - [STDERR_REDIRECT] [Fatal Error] :1:1: Premature end of file.
2025-11-11 21:17:03,459 [ERROR] LogOutputStream:75 - [STDERR_REDIRECT] 
2025-11-11 21:17:04,452 [ERROR] LogOutputStream:75 - [STDERR_REDIRECT] [Fatal Error] :1:1: Premature end of file.
2025-11-11 21:17:04,452 [ERROR] LogOutputStream:75 - [STDERR_REDIRECT] 
2025-11-11 21:17:05,465 [ERROR] LogOutputStream:75 - [STDERR_REDIRECT] [Fatal Error] :1:1: Premature end of file.
2025-11-11 21:17:05,466 [ERROR] LogOutputStream:75 - [STDERR_REDIRECT] 
2025-11-11 21:17:06,459 [ERROR] LogOutputStream:75 - [STDERR_REDIRECT] [Fatal Error] :1:1: Premature end of file.
2025-11-11 21:17:06,459 [ERROR] LogOutputStream:75 - [STDERR_REDIRECT] 
2025-11-11 21:17:07,454 [ERROR] LogOutputStream:75 - [STDERR_REDIRECT] [Fatal Error] :1:1: Premature end of file.
2025-11-11 21:17:07,454 [ERROR] LogOutputStream:75 - [STDERR_REDIRECT] 
2025-11-11 21:17:08,459 [ERROR] LogOutputStream:75 - [STDERR_REDIRECT] [Fatal Error] :1:1: Premature end of file.
2025-11-11 21:17:08,459 [ERROR] LogOutputStream:75 - [STDERR_REDIRECT] 
2025-11-11 21:17:09,451 [ERROR] LogOutputStream:75 - [STDERR_REDIRECT] [Fatal Error] :1:1: Premature end of file.
2025-11-11 21:17:09,451 [ERROR] LogOutputStream:75 - [STDERR_REDIRECT] 
2025-11-11 21:17:10,462 [ERROR] LogOutputStream:75 - [STDERR_REDIRECT] [Fatal Error] :1:1: Premature end of file.
2025-11-11 21:17:10,462 [ERROR] LogOutputStream:75 - [STDERR_REDIRECT] 
2025-11-11 21:17:11,457 [ERROR] LogOutputStream:75 - [STDERR_REDIRECT] [Fatal Error] :1:1: Premature end of file.
2025-11-11 21:17:11,457 [ERROR] LogOutputStream:75 - [STDERR_REDIRECT] 
2025-11-11 21:17:12,468 [ERROR] LogOutputStream:75 - [STDERR_REDIRECT] [Fatal Error] :1:1: Premature end of file.
2025-11-11 21:17:12,468 [ERROR] LogOutputStream:75 - [STDERR_REDIRECT] 
2025-11-11 21:17:13,452 [ERROR] LogOutputStream:75 - [STDERR_REDIRECT] [Fatal Error] :1:1: Premature end of file.
2025-11-11 21:17:13,452 [ERROR] LogOutputStream:75 - [STDERR_REDIRECT] 
2025-11-11 21:17:14,461 [ERROR] LogOutputStream:75 - [STDERR_REDIRECT] [Fatal Error] :1:1: Premature end of file.
2025-11-11 21:17:14,461 [ERROR] LogOutputStream:75 - [STDERR_REDIRECT] 
2025-11-11 21:17:15,455 [ERROR] LogOutputStream:75 - [STDERR_REDIRECT] [Fatal Error] :1:1: Premature end of file.
2025-11-11 21:17:15,455 [ERROR] LogOutputStream:75 - [STDERR_REDIRECT] 
2025-11-11 21:17:16,456 [ERROR] LogOutputStream:75 - [STDERR_REDIRECT] [Fatal Error] :1:1: Premature end of file.
2025-11-11 21:17:16,456 [ERROR] LogOutputStream:75 - [STDERR_REDIRECT] 
2025-11-11 21:17:17,462 [ERROR] LogOutputStream:75 - [STDERR_REDIRECT] [Fatal Error] :1:1: Premature end of file.
2025-11-11 21:17:17,462 [ERROR] LogOutputStream:75 - [STDERR_REDIRECT] 
2025-11-11 21:17:18,460 [ERROR] LogOutputStream:75 - [STDERR_REDIRECT] [Fatal Error] :1:1: Premature end of file.
2025-11-11 21:17:18,461 [ERROR] LogOutputStream:75 - [STDERR_REDIRECT] 
2025-11-11 21:17:19,472 [ERROR] LogOutputStream:75 - [STDERR_REDIRECT] [Fatal Error] :1:1: Premature end of file.
2025-11-11 21:17:19,472 [ERROR] LogOutputStream:75 - [STDERR_REDIRECT] 
2025-11-11 21:17:20,450 [ERROR] LogOutputStream:75 - [STDERR_REDIRECT] [Fatal Error] :1:1: Premature end of file.
2025-11-11 21:17:20,450 [ERROR] LogOutputStream:75 - [STDERR_REDIRECT] 
2025-11-11 21:17:21,458 [ERROR] LogOutputStream:75 - [STDERR_REDIRECT] [Fatal Error] :1:1: Premature end of file.
2025-11-11 21:17:21,458 [ERROR] LogOutputStream:75 - [STDERR_REDIRECT] 
2025-11-11 21:17:22,449 [ERROR] LogOutputStream:75 - [STDERR_REDIRECT] [Fatal Error] :1:1: Premature end of file.
2025-11-11 21:17:22,449 [ERROR] LogOutputStream:75 - [STDERR_REDIRECT] 
2025-11-11 21:17:23,458 [ERROR] LogOutputStream:75 - [STDERR_REDIRECT] [Fatal Error] :1:1: Premature end of file.
2025-11-11 21:17:23,458 [ERROR] LogOutputStream:75 - [STDERR_REDIRECT] 
2025-11-11 21:17:24,457 [ERROR] LogOutputStream:75 - [STDERR_REDIRECT] [Fatal Error] :1:1: Premature end of file.
2025-11-11 21:17:24,457 [ERROR] LogOutputStream:75 - [STDERR_REDIRECT] 
2025-11-11 21:17:25,464 [ERROR] LogOutputStream:75 - [STDERR_REDIRECT] [Fatal Error] :1:1: Premature end of file.
2025-11-11 21:17:25,464 [ERROR] LogOutputStream:75 - [STDERR_REDIRECT] 
2025-11-11 21:17:26,462 [ERROR] LogOutputStream:75 - [STDERR_REDIRECT] [Fatal Error] :1:1: Premature end of file.
2025-11-11 21:17:26,463 [ERROR] LogOutputStream:75 - [STDERR_REDIRECT] 
2025-11-11 21:17:27,459 [ERROR] LogOutputStream:75 - [STDERR_REDIRECT] [Fatal Error] :1:1: Premature end of file.
2025-11-11 21:17:27,459 [ERROR] LogOutputStream:75 - [STDERR_REDIRECT] 
2025-11-11 21:17:28,457 [ERROR] LogOutputStream:75 - [STDERR_REDIRECT] [Fatal Error] :1:1: Premature end of file.
2025-11-11 21:17:28,457 [ERROR] LogOutputStream:75 - [STDERR_REDIRECT] 
2025-11-11 21:17:29,455 [ERROR] LogOutputStream:75 - [STDERR_REDIRECT] [Fatal Error] :1:1: Premature end of file.
2025-11-11 21:17:29,455 [ERROR] LogOutputStream:75 - [STDERR_REDIRECT] 
2025-11-11 21:17:30,462 [ERROR] LogOutputStream:75 - [STDERR_REDIRECT] [Fatal Error] :1:1: Premature end of file.
2025-11-11 21:17:30,462 [ERROR] LogOutputStream:75 - [STDERR_REDIRECT] 
2025-11-11 21:17:31,471 [ERROR] LogOutputStream:75 - [STDERR_REDIRECT] [Fatal Error] :1:1: Premature end of file.
2025-11-11 21:17:31,472 [ERROR] LogOutputStream:75 - [STDERR_REDIRECT] 
2025-11-11 21:17:32,457 [ERROR] LogOutputStream:75 - [STDERR_REDIRECT] [Fatal Error] :1:1: Premature end of file.
2025-11-11 21:17:32,457 [ERROR] LogOutputStream:75 - [STDERR_REDIRECT] 
2025-11-11 21:17:33,472 [ERROR] LogOutputStream:75 - [STDERR_REDIRECT] [Fatal Error] :1:1: Premature end of file.
2025-11-11 21:17:33,473 [ERROR] LogOutputStream:75 - [STDERR_REDIRECT] 
2025-11-11 21:17:34,470 [ERROR] LogOutputStream:75 - [STDERR_REDIRECT] [Fatal Error] :1:1: Premature end of file.
2025-11-11 21:17:34,471 [ERROR] LogOutputStream:75 - [STDERR_REDIRECT] 
2025-11-11 21:17:35,461 [ERROR] LogOutputStream:75 - [STDERR_REDIRECT] [Fatal Error] :1:1: Premature end of file.
2025-11-11 21:17:35,461 [ERROR] LogOutputStream:75 - [STDERR_REDIRECT] 
2025-11-11 21:17:36,468 [ERROR] LogOutputStream:75 - [STDERR_REDIRECT] [Fatal Error] :1:1: Premature end of file.
2025-11-11 21:17:36,468 [ERROR] LogOutputStream:75 - [STDERR_REDIRECT] 
2025-11-11 21:17:37,467 [ERROR] LogOutputStream:75 - [STDERR_REDIRECT] [Fatal Error] :1:1: Premature end of file.
2025-11-11 21:17:37,467 [ERROR] LogOutputStream:75 - [STDERR_REDIRECT] 
2025-11-11 21:17:38,471 [ERROR] LogOutputStream:75 - [STDERR_REDIRECT] [Fatal Error] :1:1: Premature end of file.
2025-11-11 21:17:38,471 [ERROR] LogOutputStream:75 - [STDERR_REDIRECT] 
2025-11-11 21:17:39,452 [ERROR] LogOutputStream:75 - [STDERR_REDIRECT] [Fatal Error] :1:1: Premature end of file.
2025-11-11 21:17:39,452 [ERROR] LogOutputStream:75 - [STDERR_REDIRECT] 
2025-11-11 21:17:40,459 [ERROR] LogOutputStream:75 - [STDERR_REDIRECT] [Fatal Error] :1:1: Premature end of file.
2025-11-11 21:17:40,460 [ERROR] LogOutputStream:75 - [STDERR_REDIRECT] 
2025-11-11 21:17:41,448 [ERROR] LogOutputStream:75 - [STDERR_REDIRECT] [Fatal Error] :1:1: Premature end of file.
2025-11-11 21:17:41,448 [ERROR] LogOutputStream:75 - [STDERR_REDIRECT] 
2025-11-11 21:17:42,466 [ERROR] LogOutputStream:75 - [STDERR_REDIRECT] [Fatal Error] :1:1: Premature end of file.
2025-11-11 21:17:42,466 [ERROR] LogOutputStream:75 - [STDERR_REDIRECT] 
2025-11-11 21:17:43,454 [ERROR] LogOutputStream:75 - [STDERR_REDIRECT] [Fatal Error] :1:1: Premature end of file.
2025-11-11 21:17:43,454 [ERROR] LogOutputStream:75 - [STDERR_REDIRECT] 
2025-11-11 21:17:44,462 [ERROR] LogOutputStream:75 - [STDERR_REDIRECT] [Fatal Error] :1:1: Premature end of file.
2025-11-11 21:17:44,462 [ERROR] LogOutputStream:75 - [STDERR_REDIRECT] 
2025-11-11 21:17:45,469 [ERROR] LogOutputStream:75 - [STDERR_REDIRECT] [Fatal Error] :1:1: Premature end of file.
2025-11-11 21:17:45,470 [ERROR] LogOutputStream:75 - [STDERR_REDIRECT] 
2025-11-11 21:17:46,459 [ERROR] LogOutputStream:75 - [STDERR_REDIRECT] [Fatal Error] :1:1: Premature end of file.
2025-11-11 21:17:46,459 [ERROR] LogOutputStream:75 - [STDERR_REDIRECT] 
2025-11-11 21:17:47,457 [ERROR] LogOutputStream:75 - [STDERR_REDIRECT] [Fatal Error] :1:1: Premature end of file.
2025-11-11 21:17:47,457 [ERROR] LogOutputStream:75 - [STDERR_REDIRECT] 
2025-11-11 21:17:48,458 [ERROR] LogOutputStream:75 - [STDERR_REDIRECT] [Fatal Error] :1:1: Premature end of file.
2025-11-11 21:17:48,458 [ERROR] LogOutputStream:75 - [STDERR_REDIRECT] 
2025-11-11 21:17:49,455 [ERROR] LogOutputStream:75 - [STDERR_REDIRECT] [Fatal Error] :1:1: Premature end of file.
2025-11-11 21:17:49,455 [ERROR] LogOutputStream:75 - [STDERR_REDIRECT] 
2025-11-11 21:17:50,491 [ERROR] LogOutputStream:75 - [STDERR_REDIRECT] [Fatal Error] :1:1: Premature end of file.
2025-11-11 21:17:50,491 [ERROR] LogOutputStream:75 - [STDERR_REDIRECT] 
2025-11-11 21:17:51,460 [ERROR] LogOutputStream:75 - [STDERR_REDIRECT] [Fatal Error] :1:1: Premature end of file.
2025-11-11 21:17:51,460 [ERROR] LogOutputStream:75 - [STDERR_REDIRECT] 
2025-11-11 21:17:52,452 [ERROR] LogOutputStream:75 - [STDERR_REDIRECT] [Fatal Error] :1:1: Premature end of file.
2025-11-11 21:17:52,452 [ERROR] LogOutputStream:75 - [STDERR_REDIRECT] 
2025-11-11 21:17:53,461 [ERROR] LogOutputStream:75 - [STDERR_REDIRECT] [Fatal Error] :1:1: Premature end of file.
2025-11-11 21:17:53,461 [ERROR] LogOutputStream:75 - [STDERR_REDIRECT] 
2025-11-11 21:17:54,462 [ERROR] LogOutputStream:75 - [STDERR_REDIRECT] [Fatal Error] :1:1: Premature end of file.
2025-11-11 21:17:54,462 [ERROR] LogOutputStream:75 - [STDERR_REDIRECT] 
2025-11-11 21:17:55,460 [ERROR] LogOutputStream:75 - [STDERR_REDIRECT] [Fatal Error] :1:1: Premature end of file.
2025-11-11 21:17:55,460 [ERROR] LogOutputStream:75 - [STDERR_REDIRECT] 
2025-11-11 21:17:56,450 [ERROR] LogOutputStream:75 - [STDERR_REDIRECT] [Fatal Error] :1:1: Premature end of file.
2025-11-11 21:17:56,450 [ERROR] LogOutputStream:75 - [STDERR_REDIRECT] 
2025-11-11 21:17:57,521 [ERROR] LogOutputStream:75 - [STDERR_REDIRECT] [Fatal Error] :1:1: Premature end of file.
2025-11-11 21:17:57,521 [ERROR] LogOutputStream:75 - [STDERR_REDIRECT] 
2025-11-11 21:17:58,455 [ERROR] LogOutputStream:75 - [STDERR_REDIRECT] [Fatal Error] :1:1: Premature end of file.
2025-11-11 21:17:58,455 [ERROR] LogOutputStream:75 - [STDERR_REDIRECT] 
2025-11-11 21:17:59,452 [ERROR] LogOutputStream:75 - [STDERR_REDIRECT] [Fatal Error] :1:1: Premature end of file.
2025-11-11 21:17:59,452 [ERROR] LogOutputStream:75 - [STDERR_REDIRECT] 
2025-11-11 21:18:00,461 [ERROR] LogOutputStream:75 - [STDERR_REDIRECT] [Fatal Error] :1:1: Premature end of file.
2025-11-11 21:18:00,461 [ERROR] LogOutputStream:75 - [STDERR_REDIRECT] 
2025-11-11 21:18:01,452 [ERROR] LogOutputStream:75 - [STDERR_REDIRECT] [Fatal Error] :1:1: Premature end of file.
2025-11-11 21:18:01,452 [ERROR] LogOutputStream:75 - [STDERR_REDIRECT] 
2025-11-11 21:18:02,456 [ERROR] LogOutputStream:75 - [STDERR_REDIRECT] [Fatal Error] :1:1: Premature end of file.
2025-11-11 21:18:02,456 [ERROR] LogOutputStream:75 - [STDERR_REDIRECT] 
2025-11-11 21:18:03,469 [ERROR] LogOutputStream:75 - [STDERR_REDIRECT] [Fatal Error] :1:1: Premature end of file.
2025-11-11 21:18:03,469 [ERROR] LogOutputStream:75 - [STDERR_REDIRECT] 
2025-11-11 21:18:04,465 [ERROR] LogOutputStream:75 - [STDERR_REDIRECT] [Fatal Error] :1:1: Premature end of file.
2025-11-11 21:18:04,465 [ERROR] LogOutputStream:75 - [STDERR_REDIRECT] 
2025-11-11 21:18:05,448 [ERROR] LogOutputStream:75 - [STDERR_REDIRECT] [Fatal Error] :1:1: Premature end of file.
2025-11-11 21:18:05,448 [ERROR] LogOutputStream:75 - [STDERR_REDIRECT] 
2025-11-11 21:18:06,463 [ERROR] LogOutputStream:75 - [STDERR_REDIRECT] [Fatal Error] :1:1: Premature end of file.
2025-11-11 21:18:06,464 [ERROR] LogOutputStream:75 - [STDERR_REDIRECT] 
2025-11-11 21:18:07,452 [ERROR] LogOutputStream:75 - [STDERR_REDIRECT] [Fatal Error] :1:1: Premature end of file.
2025-11-11 21:18:07,452 [ERROR] LogOutputStream:75 - [STDERR_REDIRECT] 
2025-11-11 21:18:08,458 [ERROR] LogOutputStream:75 - [STDERR_REDIRECT] [Fatal Error] :1:1: Premature end of file.
2025-11-11 21:18:08,459 [ERROR] LogOutputStream:75 - [STDERR_REDIRECT] 
2025-11-11 21:18:09,470 [ERROR] LogOutputStream:75 - [STDERR_REDIRECT] [Fatal Error] :1:1: Premature end of file.
2025-11-11 21:18:09,470 [ERROR] LogOutputStream:75 - [STDERR_REDIRECT] 
2025-11-11 21:18:10,463 [ERROR] LogOutputStream:75 - [STDERR_REDIRECT] [Fatal Error] :1:1: Premature end of file.
2025-11-11 21:18:10,463 [ERROR] LogOutputStream:75 - [STDERR_REDIRECT] 
2025-11-11 21:18:11,456 [ERROR] LogOutputStream:75 - [STDERR_REDIRECT] [Fatal Error] :1:1: Premature end of file.
2025-11-11 21:18:11,456 [ERROR] LogOutputStream:75 - [STDERR_REDIRECT] 
2025-11-11 21:18:12,457 [ERROR] LogOutputStream:75 - [STDERR_REDIRECT] [Fatal Error] :1:1: Premature end of file.
2025-11-11 21:18:12,457 [ERROR] LogOutputStream:75 - [STDERR_REDIRECT] 
2025-11-11 21:18:13,450 [ERROR] LogOutputStream:75 - [STDERR_REDIRECT] [Fatal Error] :1:1: Premature end of file.
2025-11-11 21:18:13,450 [ERROR] LogOutputStream:75 - [STDERR_REDIRECT] 
2025-11-11 21:18:14,457 [ERROR] LogOutputStream:75 - [STDERR_REDIRECT] [Fatal Error] :1:1: Premature end of file.
2025-11-11 21:18:14,457 [ERROR] LogOutputStream:75 - [STDERR_REDIRECT] 
2025-11-11 21:18:15,454 [ERROR] LogOutputStream:75 - [STDERR_REDIRECT] [Fatal Error] :1:1: Premature end of file.
2025-11-11 21:18:15,454 [ERROR] LogOutputStream:75 - [STDERR_REDIRECT] 
2025-11-11 21:18:16,435 [ERROR] LogOutputStream:75 - [STDERR_REDIRECT] [Fatal Error] :1:1: Premature end of file.
2025-11-11 21:18:16,435 [ERROR] LogOutputStream:75 - [STDERR_REDIRECT] 
2025-11-11 21:18:17,449 [ERROR] LogOutputStream:75 - [STDERR_REDIRECT] [Fatal Error] :1:1: Premature end of file.
2025-11-11 21:18:17,449 [ERROR] LogOutputStream:75 - [STDERR_REDIRECT] 
2025-11-11 21:18:18,436 [ERROR] LogOutputStream:75 - [STDERR_REDIRECT] [Fatal Error] :1:1: Premature end of file.
2025-11-11 21:18:18,436 [ERROR] LogOutputStream:75 - [STDERR_REDIRECT] 
2025-11-11 21:18:19,432 [ERROR] LogOutputStream:75 - [STDERR_REDIRECT] [Fatal Error] :1:1: Premature end of file.
2025-11-11 21:18:19,432 [ERROR] LogOutputStream:75 - [STDERR_REDIRECT] 
2025-11-11 21:18:20,457 [ERROR] LogOutputStream:75 - [STDERR_REDIRECT] [Fatal Error] :1:1: Premature end of file.
2025-11-11 21:18:20,457 [ERROR] LogOutputStream:75 - [STDERR_REDIRECT] 
2025-11-11 21:18:21,458 [ERROR] LogOutputStream:75 - [STDERR_REDIRECT] [Fatal Error] :1:1: Premature end of file.
2025-11-11 21:18:21,458 [ERROR] LogOutputStream:75 - [STDERR_REDIRECT] 
2025-11-11 21:18:22,459 [ERROR] LogOutputStream:75 - [STDERR_REDIRECT] [Fatal Error] :1:1: Premature end of file.
2025-11-11 21:18:22,461 [ERROR] LogOutputStream:75 - [STDERR_REDIRECT] 
2025-11-11 21:18:23,462 [ERROR] LogOutputStream:75 - [STDERR_REDIRECT] [Fatal Error] :1:1: Premature end of file.
2025-11-11 21:18:23,462 [ERROR] LogOutputStream:75 - [STDERR_REDIRECT] 
2025-11-11 21:18:24,462 [ERROR] LogOutputStream:75 - [STDERR_REDIRECT] [Fatal Error] :1:1: Premature end of file.
2025-11-11 21:18:24,462 [ERROR] LogOutputStream:75 - [STDERR_REDIRECT] 
2025-11-11 21:18:25,456 [ERROR] LogOutputStream:75 - [STDERR_REDIRECT] [Fatal Error] :1:1: Premature end of file.
2025-11-11 21:18:25,456 [ERROR] LogOutputStream:75 - [STDERR_REDIRECT] 
2025-11-11 21:18:26,479 [ERROR] LogOutputStream:75 - [STDERR_REDIRECT] [Fatal Error] :1:1: Premature end of file.
2025-11-11 21:18:26,479 [ERROR] LogOutputStream:75 - [STDERR_REDIRECT] 
2025-11-11 21:18:27,455 [ERROR] LogOutputStream:75 - [STDERR_REDIRECT] [Fatal Error] :1:1: Premature end of file.
2025-11-11 21:18:27,455 [ERROR] LogOutputStream:75 - [STDERR_REDIRECT] 
2025-11-11 21:18:28,458 [ERROR] LogOutputStream:75 - [STDERR_REDIRECT] [Fatal Error] :1:1: Premature end of file.
2025-11-11 21:18:28,458 [ERROR] LogOutputStream:75 - [STDERR_REDIRECT] 
2025-11-11 21:18:29,457 [ERROR] LogOutputStream:75 - [STDERR_REDIRECT] [Fatal Error] :1:1: Premature end of file.
2025-11-11 21:18:29,457 [ERROR] LogOutputStream:75 - [STDERR_REDIRECT] 
2025-11-11 21:18:30,460 [ERROR] LogOutputStream:75 - [STDERR_REDIRECT] [Fatal Error] :1:1: Premature end of file.
2025-11-11 21:18:30,460 [ERROR] LogOutputStream:75 - [STDERR_REDIRECT] 
2025-11-11 21:18:31,454 [ERROR] LogOutputStream:75 - [STDERR_REDIRECT] [Fatal Error] :1:1: Premature end of file.
2025-11-11 21:18:31,454 [ERROR] LogOutputStream:75 - [STDERR_REDIRECT] 
2025-11-11 21:18:32,469 [ERROR] LogOutputStream:75 - [STDERR_REDIRECT] [Fatal Error] :1:1: Premature end of file.
2025-11-11 21:18:32,469 [ERROR] LogOutputStream:75 - [STDERR_REDIRECT] 
2025-11-11 21:18:33,459 [ERROR] LogOutputStream:75 - [STDERR_REDIRECT] [Fatal Error] :1:1: Premature end of file.
2025-11-11 21:18:33,459 [ERROR] LogOutputStream:75 - [STDERR_REDIRECT] 
2025-11-11 21:18:34,457 [ERROR] LogOutputStream:75 - [STDERR_REDIRECT] [Fatal Error] :1:1: Premature end of file.
2025-11-11 21:18:34,457 [ERROR] LogOutputStream:75 - [STDERR_REDIRECT] 
2025-11-11 21:18:35,456 [ERROR] LogOutputStream:75 - [STDERR_REDIRECT] [Fatal Error] :1:1: Premature end of file.
2025-11-11 21:18:35,456 [ERROR] LogOutputStream:75 - [STDERR_REDIRECT] 
2025-11-11 21:18:36,458 [ERROR] LogOutputStream:75 - [STDERR_REDIRECT] [Fatal Error] :1:1: Premature end of file.
2025-11-11 21:18:36,458 [ERROR] LogOutputStream:75 - [STDERR_REDIRECT] 
2025-11-11 21:18:37,454 [ERROR] LogOutputStream:75 - [STDERR_REDIRECT] [Fatal Error] :1:1: Premature end of file.
2025-11-11 21:18:37,454 [ERROR] LogOutputStream:75 - [STDERR_REDIRECT] 
2025-11-11 21:18:38,459 [ERROR] LogOutputStream:75 - [STDERR_REDIRECT] [Fatal Error] :1:1: Premature end of file.
2025-11-11 21:18:38,459 [ERROR] LogOutputStream:75 - [STDERR_REDIRECT] 
2025-11-11 21:18:39,539 [ERROR] LogOutputStream:75 - [STDERR_REDIRECT] [Fatal Error] :1:1: Premature end of file.
2025-11-11 21:18:39,539 [ERROR] LogOutputStream:75 - [STDERR_REDIRECT] 
2025-11-11 21:18:40,460 [ERROR] LogOutputStream:75 - [STDERR_REDIRECT] [Fatal Error] :1:1: Premature end of file.
2025-11-11 21:18:40,461 [ERROR] LogOutputStream:75 - [STDERR_REDIRECT] 
2025-11-11 21:18:41,456 [ERROR] LogOutputStream:75 - [STDERR_REDIRECT] [Fatal Error] :1:1: Premature end of file.
2025-11-11 21:18:41,456 [ERROR] LogOutputStream:75 - [STDERR_REDIRECT] 
2025-11-11 21:18:42,454 [ERROR] LogOutputStream:75 - [STDERR_REDIRECT] [Fatal Error] :1:1: Premature end of file.
2025-11-11 21:18:42,455 [ERROR] LogOutputStream:75 - [STDERR_REDIRECT] 
2025-11-11 21:18:43,455 [ERROR] LogOutputStream:75 - [STDERR_REDIRECT] [Fatal Error] :1:1: Premature end of file.
2025-11-11 21:18:43,455 [ERROR] LogOutputStream:75 - [STDERR_REDIRECT] 
2025-11-11 21:18:44,455 [ERROR] LogOutputStream:75 - [STDERR_REDIRECT] [Fatal Error] :1:1: Premature end of file.
2025-11-11 21:18:44,456 [ERROR] LogOutputStream:75 - [STDERR_REDIRECT] 
2025-11-11 21:18:45,455 [ERROR] LogOutputStream:75 - [STDERR_REDIRECT] [Fatal Error] :1:1: Premature end of file.
2025-11-11 21:18:45,455 [ERROR] LogOutputStream:75 - [STDERR_REDIRECT] 
2025-11-11 21:18:46,469 [ERROR] LogOutputStream:75 - [STDERR_REDIRECT] [Fatal Error] :1:1: Premature end of file.
2025-11-11 21:18:46,469 [ERROR] LogOutputStream:75 - [STDERR_REDIRECT] 
2025-11-11 21:18:47,456 [ERROR] LogOutputStream:75 - [STDERR_REDIRECT] [Fatal Error] :1:1: Premature end of file.
2025-11-11 21:18:47,456 [ERROR] LogOutputStream:75 - [STDERR_REDIRECT] 
2025-11-11 21:18:48,460 [ERROR] LogOutputStream:75 - [STDERR_REDIRECT] [Fatal Error] :1:1: Premature end of file.
2025-11-11 21:18:48,460 [ERROR] LogOutputStream:75 - [STDERR_REDIRECT] 
2025-11-11 21:18:49,456 [ERROR] LogOutputStream:75 - [STDERR_REDIRECT] [Fatal Error] :1:1: Premature end of file.
2025-11-11 21:18:49,456 [ERROR] LogOutputStream:75 - [STDERR_REDIRECT] 
2025-11-11 21:18:50,462 [ERROR] LogOutputStream:75 - [STDERR_REDIRECT] [Fatal Error] :1:1: Premature end of file.
2025-11-11 21:18:50,463 [ERROR] LogOutputStream:75 - [STDERR_REDIRECT] 
2025-11-11 21:18:51,458 [ERROR] LogOutputStream:75 - [STDERR_REDIRECT] [Fatal Error] :1:1: Premature end of file.
2025-11-11 21:18:51,458 [ERROR] LogOutputStream:75 - [STDERR_REDIRECT] 
2025-11-11 21:18:52,455 [ERROR] LogOutputStream:75 - [STDERR_REDIRECT] [Fatal Error] :1:1: Premature end of file.
2025-11-11 21:18:52,455 [ERROR] LogOutputStream:75 - [STDERR_REDIRECT] 
2025-11-11 21:18:53,502 [ERROR] LogOutputStream:75 - [STDERR_REDIRECT] [Fatal Error] :1:1: Premature end of file.
2025-11-11 21:18:53,502 [ERROR] LogOutputStream:75 - [STDERR_REDIRECT] 
2025-11-11 21:18:54,458 [ERROR] LogOutputStream:75 - [STDERR_REDIRECT] [Fatal Error] :1:1: Premature end of file.
2025-11-11 21:18:54,458 [ERROR] LogOutputStream:75 - [STDERR_REDIRECT] 
2025-11-11 21:18:55,458 [ERROR] LogOutputStream:75 - [STDERR_REDIRECT] [Fatal Error] :1:1: Premature end of file.
2025-11-11 21:18:55,458 [ERROR] LogOutputStream:75 - [STDERR_REDIRECT] 
2025-11-11 21:18:56,457 [ERROR] LogOutputStream:75 - [STDERR_REDIRECT] [Fatal Error] :1:1: Premature end of file.
2025-11-11 21:18:56,457 [ERROR] LogOutputStream:75 - [STDERR_REDIRECT] 
2025-11-11 21:18:57,455 [ERROR] LogOutputStream:75 - [STDERR_REDIRECT] [Fatal Error] :1:1: Premature end of file.
2025-11-11 21:18:57,455 [ERROR] LogOutputStream:75 - [STDERR_REDIRECT] 
2025-11-11 21:18:58,452 [ERROR] LogOutputStream:75 - [STDERR_REDIRECT] [Fatal Error] :1:1: Premature end of file.
2025-11-11 21:18:58,453 [ERROR] LogOutputStream:75 - [STDERR_REDIRECT] 
2025-11-11 21:18:59,457 [ERROR] LogOutputStream:75 - [STDERR_REDIRECT] [Fatal Error] :1:1: Premature end of file.
2025-11-11 21:18:59,457 [ERROR] LogOutputStream:75 - [STDERR_REDIRECT] 
2025-11-11 21:19:00,482 [ERROR] LogOutputStream:75 - [STDERR_REDIRECT] [Fatal Error] :1:1: Premature end of file.
2025-11-11 21:19:00,482 [ERROR] LogOutputStream:75 - [STDERR_REDIRECT] 
2025-11-11 21:19:01,456 [ERROR] LogOutputStream:75 - [STDERR_REDIRECT] [Fatal Error] :1:1: Premature end of file.
2025-11-11 21:19:01,456 [ERROR] LogOutputStream:75 - [STDERR_REDIRECT] 
2025-11-11 21:19:02,453 [ERROR] LogOutputStream:75 - [STDERR_REDIRECT] [Fatal Error] :1:1: Premature end of file.
2025-11-11 21:19:02,453 [ERROR] LogOutputStream:75 - [STDERR_REDIRECT] 
2025-11-11 21:19:03,454 [ERROR] LogOutputStream:75 - [STDERR_REDIRECT] [Fatal Error] :1:1: Premature end of file.
2025-11-11 21:19:03,455 [ERROR] LogOutputStream:75 - [STDERR_REDIRECT] 
2025-11-11 21:19:04,466 [ERROR] LogOutputStream:75 - [STDERR_REDIRECT] [Fatal Error] :1:1: Premature end of file.
2025-11-11 21:19:04,466 [ERROR] LogOutputStream:75 - [STDERR_REDIRECT] 
2025-11-11 21:19:05,454 [ERROR] LogOutputStream:75 - [STDERR_REDIRECT] [Fatal Error] :1:1: Premature end of file.
2025-11-11 21:19:05,454 [ERROR] LogOutputStream:75 - [STDERR_REDIRECT] 
2025-11-11 21:19:06,460 [ERROR] LogOutputStream:75 - [STDERR_REDIRECT] [Fatal Error] :1:1: Premature end of file.
2025-11-11 21:19:06,460 [ERROR] LogOutputStream:75 - [STDERR_REDIRECT] 
2025-11-11 21:19:07,469 [ERROR] LogOutputStream:75 - [STDERR_REDIRECT] [Fatal Error] :1:1: Premature end of file.
2025-11-11 21:19:07,469 [ERROR] LogOutputStream:75 - [STDERR_REDIRECT] 
2025-11-11 21:19:08,452 [ERROR] LogOutputStream:75 - [STDERR_REDIRECT] [Fatal Error] :1:1: Premature end of file.
2025-11-11 21:19:08,452 [ERROR] LogOutputStream:75 - [STDERR_REDIRECT] 
2025-11-11 21:19:09,445 [ERROR] LogOutputStream:75 - [STDERR_REDIRECT] [Fatal Error] :1:1: Premature end of file.
2025-11-11 21:19:09,445 [ERROR] LogOutputStream:75 - [STDERR_REDIRECT] 
2025-11-11 21:19:10,441 [ERROR] LogOutputStream:75 - [STDERR_REDIRECT] [Fatal Error] :1:1: Premature end of file.
2025-11-11 21:19:10,441 [ERROR] LogOutputStream:75 - [STDERR_REDIRECT] 
2025-11-11 21:19:11,438 [ERROR] LogOutputStream:75 - [STDERR_REDIRECT] [Fatal Error] :1:1: Premature end of file.
2025-11-11 21:19:11,438 [ERROR] LogOutputStream:75 - [STDERR_REDIRECT] 
2025-11-11 21:19:12,452 [ERROR] LogOutputStream:75 - [STDERR_REDIRECT] [Fatal Error] :1:1: Premature end of file.
2025-11-11 21:19:12,452 [ERROR] LogOutputStream:75 - [STDERR_REDIRECT] 
2025-11-11 21:19:13,506 [ERROR] LogOutputStream:75 - [STDERR_REDIRECT] [Fatal Error] :1:1: Premature end of file.
2025-11-11 21:19:13,506 [ERROR] LogOutputStream:75 - [STDERR_REDIRECT] 
2025-11-11 21:19:14,462 [ERROR] LogOutputStream:75 - [STDERR_REDIRECT] [Fatal Error] :1:1: Premature end of file.
2025-11-11 21:19:14,462 [ERROR] LogOutputStream:75 - [STDERR_REDIRECT] 
2025-11-11 21:19:15,459 [ERROR] LogOutputStream:75 - [STDERR_REDIRECT] [Fatal Error] :1:1: Premature end of file.
2025-11-11 21:19:15,459 [ERROR] LogOutputStream:75 - [STDERR_REDIRECT] 
2025-11-11 21:19:16,459 [ERROR] LogOutputStream:75 - [STDERR_REDIRECT] [Fatal Error] :1:1: Premature end of file.
2025-11-11 21:19:16,459 [ERROR] LogOutputStream:75 - [STDERR_REDIRECT] 
2025-11-11 21:19:17,456 [ERROR] LogOutputStream:75 - [STDERR_REDIRECT] [Fatal Error] :1:1: Premature end of file.
2025-11-11 21:19:17,456 [ERROR] LogOutputStream:75 - [STDERR_REDIRECT] 
2025-11-11 21:19:18,451 [ERROR] LogOutputStream:75 - [STDERR_REDIRECT] [Fatal Error] :1:1: Premature end of file.
2025-11-11 21:19:18,451 [ERROR] LogOutputStream:75 - [STDERR_REDIRECT] 
2025-11-11 21:19:19,453 [ERROR] LogOutputStream:75 - [STDERR_REDIRECT] [Fatal Error] :1:1: Premature end of file.
2025-11-11 21:19:19,453 [ERROR] LogOutputStream:75 - [STDERR_REDIRECT] 
2025-11-11 21:19:20,456 [ERROR] LogOutputStream:75 - [STDERR_REDIRECT] [Fatal Error] :1:1: Premature end of file.
2025-11-11 21:19:20,457 [ERROR] LogOutputStream:75 - [STDERR_REDIRECT] 
2025-11-11 21:19:21,460 [ERROR] LogOutputStream:75 - [STDERR_REDIRECT] [Fatal Error] :1:1: Premature end of file.
2025-11-11 21:19:21,460 [ERROR] LogOutputStream:75 - [STDERR_REDIRECT] 
2025-11-11 21:19:22,459 [ERROR] LogOutputStream:75 - [STDERR_REDIRECT] [Fatal Error] :1:1: Premature end of file.
2025-11-11 21:19:22,459 [ERROR] LogOutputStream:75 - [STDERR_REDIRECT] 
2025-11-11 21:19:23,463 [ERROR] LogOutputStream:75 - [STDERR_REDIRECT] [Fatal Error] :1:1: Premature end of file.
2025-11-11 21:19:23,464 [ERROR] LogOutputStream:75 - [STDERR_REDIRECT] 
2025-11-11 21:19:24,465 [ERROR] LogOutputStream:75 - [STDERR_REDIRECT] [Fatal Error] :1:1: Premature end of file.
2025-11-11 21:19:24,465 [ERROR] LogOutputStream:75 - [STDERR_REDIRECT] 
2025-11-11 21:19:25,461 [ERROR] LogOutputStream:75 - [STDERR_REDIRECT] [Fatal Error] :1:1: Premature end of file.
2025-11-11 21:19:25,462 [ERROR] LogOutputStream:75 - [STDERR_REDIRECT] 
2025-11-11 21:19:26,514 [ERROR] LogOutputStream:75 - [STDERR_REDIRECT] [Fatal Error] :1:1: Premature end of file.
2025-11-11 21:19:26,514 [ERROR] LogOutputStream:75 - [STDERR_REDIRECT] 
2025-11-11 21:19:27,458 [ERROR] LogOutputStream:75 - [STDERR_REDIRECT] [Fatal Error] :1:1: Premature end of file.
2025-11-11 21:19:27,458 [ERROR] LogOutputStream:75 - [STDERR_REDIRECT] 
2025-11-11 21:19:28,459 [ERROR] LogOutputStream:75 - [STDERR_REDIRECT] [Fatal Error] :1:1: Premature end of file.
2025-11-11 21:19:28,459 [ERROR] LogOutputStream:75 - [STDERR_REDIRECT] 
2025-11-11 21:19:29,461 [ERROR] LogOutputStream:75 - [STDERR_REDIRECT] [Fatal Error] :1:1: Premature end of file.
2025-11-11 21:19:29,461 [ERROR] LogOutputStream:75 - [STDERR_REDIRECT] 
2025-11-11 21:19:30,454 [ERROR] LogOutputStream:75 - [STDERR_REDIRECT] [Fatal Error] :1:1: Premature end of file.
2025-11-11 21:19:30,454 [ERROR] LogOutputStream:75 - [STDERR_REDIRECT] 
2025-11-11 21:19:31,463 [ERROR] LogOutputStream:75 - [STDERR_REDIRECT] [Fatal Error] :1:1: Premature end of file.
2025-11-11 21:19:31,463 [ERROR] LogOutputStream:75 - [STDERR_REDIRECT] 
2025-11-11 21:19:32,457 [ERROR] LogOutputStream:75 - [STDERR_REDIRECT] [Fatal Error] :1:1: Premature end of file.
2025-11-11 21:19:32,457 [ERROR] LogOutputStream:75 - [STDERR_REDIRECT] 
2025-11-11 21:19:33,467 [ERROR] LogOutputStream:75 - [STDERR_REDIRECT] [Fatal Error] :1:1: Premature end of file.
2025-11-11 21:19:33,467 [ERROR] LogOutputStream:75 - [STDERR_REDIRECT] 
2025-11-11 21:19:34,446 [ERROR] LogOutputStream:75 - [STDERR_REDIRECT] [Fatal Error] :1:1: Premature end of file.
2025-11-11 21:19:34,446 [ERROR] LogOutputStream:75 - [STDERR_REDIRECT] 
2025-11-11 21:19:35,460 [ERROR] LogOutputStream:75 - [STDERR_REDIRECT] [Fatal Error] :1:1: Premature end of file.
2025-11-11 21:19:35,461 [ERROR] LogOutputStream:75 - [STDERR_REDIRECT] 
2025-11-11 21:19:36,457 [ERROR] LogOutputStream:75 - [STDERR_REDIRECT] [Fatal Error] :1:1: Premature end of file.
2025-11-11 21:19:36,457 [ERROR] LogOutputStream:75 - [STDERR_REDIRECT] 
2025-11-11 21:19:37,456 [ERROR] LogOutputStream:75 - [STDERR_REDIRECT] [Fatal Error] :1:1: Premature end of file.
2025-11-11 21:19:37,456 [ERROR] LogOutputStream:75 - [STDERR_REDIRECT] 
2025-11-11 21:19:38,457 [ERROR] LogOutputStream:75 - [STDERR_REDIRECT] [Fatal Error] :1:1: Premature end of file.
2025-11-11 21:19:38,458 [ERROR] LogOutputStream:75 - [STDERR_REDIRECT] 
2025-11-11 21:19:39,493 [ERROR] LogOutputStream:75 - [STDERR_REDIRECT] [Fatal Error] :1:1: Premature end of file.
2025-11-11 21:19:39,493 [ERROR] LogOutputStream:75 - [STDERR_REDIRECT] 
2025-11-11 21:19:40,452 [ERROR] LogOutputStream:75 - [STDERR_REDIRECT] [Fatal Error] :1:1: Premature end of file.
2025-11-11 21:19:40,453 [ERROR] LogOutputStream:75 - [STDERR_REDIRECT] 
2025-11-11 21:19:41,455 [ERROR] LogOutputStream:75 - [STDERR_REDIRECT] [Fatal Error] :1:1: Premature end of file.
2025-11-11 21:19:41,455 [ERROR] LogOutputStream:75 - [STDERR_REDIRECT] 
2025-11-11 21:19:42,456 [ERROR] LogOutputStream:75 - [STDERR_REDIRECT] [Fatal Error] :1:1: Premature end of file.
2025-11-11 21:19:42,456 [ERROR] LogOutputStream:75 - [STDERR_REDIRECT] 
2025-11-11 21:19:43,455 [ERROR] LogOutputStream:75 - [STDERR_REDIRECT] [Fatal Error] :1:1: Premature end of file.
2025-11-11 21:19:43,455 [ERROR] LogOutputStream:75 - [STDERR_REDIRECT] 
2025-11-11 21:19:44,451 [ERROR] LogOutputStream:75 - [STDERR_REDIRECT] [Fatal Error] :1:1: Premature end of file.
2025-11-11 21:19:44,452 [ERROR] LogOutputStream:75 - [STDERR_REDIRECT] 
2025-11-11 21:19:45,501 [ERROR] LogOutputStream:75 - [STDERR_REDIRECT] [Fatal Error] :1:1: Premature end of file.
2025-11-11 21:19:45,501 [ERROR] LogOutputStream:75 - [STDERR_REDIRECT] 
2025-11-11 21:19:46,449 [ERROR] LogOutputStream:75 - [STDERR_REDIRECT] [Fatal Error] :1:1: Premature end of file.
2025-11-11 21:19:46,449 [ERROR] LogOutputStream:75 - [STDERR_REDIRECT] 
2025-11-11 21:19:47,457 [ERROR] LogOutputStream:75 - [STDERR_REDIRECT] [Fatal Error] :1:1: Premature end of file.
2025-11-11 21:19:47,457 [ERROR] LogOutputStream:75 - [STDERR_REDIRECT] 
2025-11-11 21:19:48,459 [ERROR] LogOutputStream:75 - [STDERR_REDIRECT] [Fatal Error] :1:1: Premature end of file.
2025-11-11 21:19:48,459 [ERROR] LogOutputStream:75 - [STDERR_REDIRECT] 
2025-11-11 21:19:49,457 [ERROR] LogOutputStream:75 - [STDERR_REDIRECT] [Fatal Error] :1:1: Premature end of file.
2025-11-11 21:19:49,457 [ERROR] LogOutputStream:75 - [STDERR_REDIRECT] 
2025-11-11 21:19:50,459 [ERROR] LogOutputStream:75 - [STDERR_REDIRECT] [Fatal Error] :1:1: Premature end of file.
2025-11-11 21:19:50,459 [ERROR] LogOutputStream:75 - [STDERR_REDIRECT] 
2025-11-11 21:19:51,454 [ERROR] LogOutputStream:75 - [STDERR_REDIRECT] [Fatal Error] :1:1: Premature end of file.
2025-11-11 21:19:51,454 [ERROR] LogOutputStream:75 - [STDERR_REDIRECT] 
2025-11-11 21:19:52,496 [ERROR] LogOutputStream:75 - [STDERR_REDIRECT] [Fatal Error] :1:1: Premature end of file.
2025-11-11 21:19:52,497 [ERROR] LogOutputStream:75 - [STDERR_REDIRECT] 
2025-11-11 21:19:53,458 [ERROR] LogOutputStream:75 - [STDERR_REDIRECT] [Fatal Error] :1:1: Premature end of file.
2025-11-11 21:19:53,458 [ERROR] LogOutputStream:75 - [STDERR_REDIRECT] 
2025-11-11 21:19:54,455 [ERROR] LogOutputStream:75 - [STDERR_REDIRECT] [Fatal Error] :1:1: Premature end of file.
2025-11-11 21:19:54,455 [ERROR] LogOutputStream:75 - [STDERR_REDIRECT] 
2025-11-11 21:19:55,461 [ERROR] LogOutputStream:75 - [STDERR_REDIRECT] [Fatal Error] :1:1: Premature end of file.
2025-11-11 21:19:55,461 [ERROR] LogOutputStream:75 - [STDERR_REDIRECT] 
2025-11-11 21:19:56,459 [ERROR] LogOutputStream:75 - [STDERR_REDIRECT] [Fatal Error] :1:1: Premature end of file.
2025-11-11 21:19:56,459 [ERROR] LogOutputStream:75 - [STDERR_REDIRECT] 
2025-11-11 21:19:57,460 [ERROR] LogOutputStream:75 - [STDERR_REDIRECT] [Fatal Error] :1:1: Premature end of file.
2025-11-11 21:19:57,460 [ERROR] LogOutputStream:75 - [STDERR_REDIRECT] 
2025-11-11 21:19:58,475 [ERROR] LogOutputStream:75 - [STDERR_REDIRECT] [Fatal Error] :1:1: Premature end of file.
2025-11-11 21:19:58,475 [ERROR] LogOutputStream:75 - [STDERR_REDIRECT] 
2025-11-11 21:19:59,452 [ERROR] LogOutputStream:75 - [STDERR_REDIRECT] [Fatal Error] :1:1: Premature end of file.
2025-11-11 21:19:59,452 [ERROR] LogOutputStream:75 - [STDERR_REDIRECT] 
2025-11-11 21:20:00,459 [ERROR] LogOutputStream:75 - [STDERR_REDIRECT] [Fatal Error] :1:1: Premature end of file.
2025-11-11 21:20:00,460 [ERROR] LogOutputStream:75 - [STDERR_REDIRECT] 
2025-11-11 21:20:01,453 [ERROR] LogOutputStream:75 - [STDERR_REDIRECT] [Fatal Error] :1:1: Premature end of file.
2025-11-11 21:20:01,453 [ERROR] LogOutputStream:75 - [STDERR_REDIRECT] 
2025-11-11 21:20:02,456 [ERROR] LogOutputStream:75 - [STDERR_REDIRECT] [Fatal Error] :1:1: Premature end of file.
2025-11-11 21:20:02,456 [ERROR] LogOutputStream:75 - [STDERR_REDIRECT] 
2025-11-11 21:20:03,459 [ERROR] LogOutputStream:75 - [STDERR_REDIRECT] [Fatal Error] :1:1: Premature end of file.
2025-11-11 21:20:03,460 [ERROR] LogOutputStream:75 - [STDERR_REDIRECT] 
2025-11-11 21:20:04,454 [ERROR] LogOutputStream:75 - [STDERR_REDIRECT] [Fatal Error] :1:1: Premature end of file.
2025-11-11 21:20:04,454 [ERROR] LogOutputStream:75 - [STDERR_REDIRECT] 
2025-11-11 21:20:05,524 [ERROR] LogOutputStream:75 - [STDERR_REDIRECT] [Fatal Error] :1:1: Premature end of file.
2025-11-11 21:20:05,524 [ERROR] LogOutputStream:75 - [STDERR_REDIRECT] 
2025-11-11 21:20:06,455 [ERROR] LogOutputStream:75 - [STDERR_REDIRECT] [Fatal Error] :1:1: Premature end of file.
2025-11-11 21:20:06,455 [ERROR] LogOutputStream:75 - [STDERR_REDIRECT] 
2025-11-11 21:20:07,458 [ERROR] LogOutputStream:75 - [STDERR_REDIRECT] [Fatal Error] :1:1: Premature end of file.
2025-11-11 21:20:07,458 [ERROR] LogOutputStream:75 - [STDERR_REDIRECT] 
2025-11-11 21:20:08,458 [ERROR] LogOutputStream:75 - [STDERR_REDIRECT] [Fatal Error] :1:1: Premature end of file.
2025-11-11 21:20:08,458 [ERROR] LogOutputStream:75 - [STDERR_REDIRECT] 
2025-11-11 21:20:09,457 [ERROR] LogOutputStream:75 - [STDERR_REDIRECT] [Fatal Error] :1:1: Premature end of file.
2025-11-11 21:20:09,457 [ERROR] LogOutputStream:75 - [STDERR_REDIRECT] 
2025-11-11 21:20:10,457 [ERROR] LogOutputStream:75 - [STDERR_REDIRECT] [Fatal Error] :1:1: Premature end of file.
2025-11-11 21:20:10,457 [ERROR] LogOutputStream:75 - [STDERR_REDIRECT] 
2025-11-11 21:20:11,482 [ERROR] LogOutputStream:75 - [STDERR_REDIRECT] [Fatal Error] :1:1: Premature end of file.
2025-11-11 21:20:11,482 [ERROR] LogOutputStream:75 - [STDERR_REDIRECT] 
2025-11-11 21:20:12,457 [ERROR] LogOutputStream:75 - [STDERR_REDIRECT] [Fatal Error] :1:1: Premature end of file.
2025-11-11 21:20:12,457 [ERROR] LogOutputStream:75 - [STDERR_REDIRECT] 
2025-11-11 21:20:13,458 [ERROR] LogOutputStream:75 - [STDERR_REDIRECT] [Fatal Error] :1:1: Premature end of file.
2025-11-11 21:20:13,458 [ERROR] LogOutputStream:75 - [STDERR_REDIRECT] 
2025-11-11 21:20:14,459 [ERROR] LogOutputStream:75 - [STDERR_REDIRECT] [Fatal Error] :1:1: Premature end of file.
2025-11-11 21:20:14,460 [ERROR] LogOutputStream:75 - [STDERR_REDIRECT] 
2025-11-11 21:20:15,460 [ERROR] LogOutputStream:75 - [STDERR_REDIRECT] [Fatal Error] :1:1: Premature end of file.
2025-11-11 21:20:15,460 [ERROR] LogOutputStream:75 - [STDERR_REDIRECT] 
2025-11-11 21:20:16,462 [ERROR] LogOutputStream:75 - [STDERR_REDIRECT] [Fatal Error] :1:1: Premature end of file.
2025-11-11 21:20:16,462 [ERROR] LogOutputStream:75 - [STDERR_REDIRECT] 
2025-11-11 21:20:17,455 [ERROR] LogOutputStream:75 - [STDERR_REDIRECT] [Fatal Error] :1:1: Premature end of file.
2025-11-11 21:20:17,456 [ERROR] LogOutputStream:75 - [STDERR_REDIRECT] 
2025-11-11 21:20:18,470 [ERROR] LogOutputStream:75 - [STDERR_REDIRECT] [Fatal Error] :1:1: Premature end of file.
2025-11-11 21:20:18,470 [ERROR] LogOutputStream:75 - [STDERR_REDIRECT] 
2025-11-11 21:20:19,456 [ERROR] LogOutputStream:75 - [STDERR_REDIRECT] [Fatal Error] :1:1: Premature end of file.
2025-11-11 21:20:19,456 [ERROR] LogOutputStream:75 - [STDERR_REDIRECT] 
2025-11-11 21:20:20,455 [ERROR] LogOutputStream:75 - [STDERR_REDIRECT] [Fatal Error] :1:1: Premature end of file.
2025-11-11 21:20:20,455 [ERROR] LogOutputStream:75 - [STDERR_REDIRECT] 
2025-11-11 21:20:21,452 [ERROR] LogOutputStream:75 - [STDERR_REDIRECT] [Fatal Error] :1:1: Premature end of file.
2025-11-11 21:20:21,452 [ERROR] LogOutputStream:75 - [STDERR_REDIRECT] 
2025-11-11 21:20:22,455 [ERROR] LogOutputStream:75 - [STDERR_REDIRECT] [Fatal Error] :1:1: Premature end of file.
2025-11-11 21:20:22,455 [ERROR] LogOutputStream:75 - [STDERR_REDIRECT] 
2025-11-11 21:20:23,456 [ERROR] LogOutputStream:75 - [STDERR_REDIRECT] [Fatal Error] :1:1: Premature end of file.
2025-11-11 21:20:23,456 [ERROR] LogOutputStream:75 - [STDERR_REDIRECT] 
2025-11-11 21:20:24,478 [ERROR] LogOutputStream:75 - [STDERR_REDIRECT] [Fatal Error] :1:1: Premature end of file.
2025-11-11 21:20:24,478 [ERROR] LogOutputStream:75 - [STDERR_REDIRECT] 
2025-11-11 21:20:25,458 [ERROR] LogOutputStream:75 - [STDERR_REDIRECT] [Fatal Error] :1:1: Premature end of file.
2025-11-11 21:20:25,458 [ERROR] LogOutputStream:75 - [STDERR_REDIRECT] 
2025-11-11 21:20:26,454 [ERROR] LogOutputStream:75 - [STDERR_REDIRECT] [Fatal Error] :1:1: Premature end of file.
2025-11-11 21:20:26,454 [ERROR] LogOutputStream:75 - [STDERR_REDIRECT] 
2025-11-11 21:20:27,459 [ERROR] LogOutputStream:75 - [STDERR_REDIRECT] [Fatal Error] :1:1: Premature end of file.
2025-11-11 21:20:27,459 [ERROR] LogOutputStream:75 - [STDERR_REDIRECT] 
2025-11-11 21:20:28,460 [ERROR] LogOutputStream:75 - [STDERR_REDIRECT] [Fatal Error] :1:1: Premature end of file.
2025-11-11 21:20:28,460 [ERROR] LogOutputStream:75 - [STDERR_REDIRECT] 
2025-11-11 21:20:29,454 [ERROR] LogOutputStream:75 - [STDERR_REDIRECT] [Fatal Error] :1:1: Premature end of file.
2025-11-11 21:20:29,454 [ERROR] LogOutputStream:75 - [STDERR_REDIRECT] 
2025-11-11 21:20:30,455 [ERROR] LogOutputStream:75 - [STDERR_REDIRECT] [Fatal Error] :1:1: Premature end of file.
2025-11-11 21:20:30,455 [ERROR] LogOutputStream:75 - [STDERR_REDIRECT] 
2025-11-11 21:20:31,489 [ERROR] LogOutputStream:75 - [STDERR_REDIRECT] [Fatal Error] :1:1: Premature end of file.
2025-11-11 21:20:31,489 [ERROR] LogOutputStream:75 - [STDERR_REDIRECT] 
2025-11-11 21:20:32,453 [ERROR] LogOutputStream:75 - [STDERR_REDIRECT] [Fatal Error] :1:1: Premature end of file.
2025-11-11 21:20:32,454 [ERROR] LogOutputStream:75 - [STDERR_REDIRECT] 
2025-11-11 21:20:33,458 [ERROR] LogOutputStream:75 - [STDERR_REDIRECT] [Fatal Error] :1:1: Premature end of file.
2025-11-11 21:20:33,458 [ERROR] LogOutputStream:75 - [STDERR_REDIRECT] 
2025-11-11 21:20:34,458 [ERROR] LogOutputStream:75 - [STDERR_REDIRECT] [Fatal Error] :1:1: Premature end of file.
2025-11-11 21:20:34,458 [ERROR] LogOutputStream:75 - [STDERR_REDIRECT] 
2025-11-11 21:20:35,459 [ERROR] LogOutputStream:75 - [STDERR_REDIRECT] [Fatal Error] :1:1: Premature end of file.
2025-11-11 21:20:35,459 [ERROR] LogOutputStream:75 - [STDERR_REDIRECT] 
2025-11-11 21:20:36,456 [ERROR] LogOutputStream:75 - [STDERR_REDIRECT] [Fatal Error] :1:1: Premature end of file.
2025-11-11 21:20:36,456 [ERROR] LogOutputStream:75 - [STDERR_REDIRECT] 
2025-11-11 21:20:37,463 [ERROR] LogOutputStream:75 - [STDERR_REDIRECT] [Fatal Error] :1:1: Premature end of file.
2025-11-11 21:20:37,463 [ERROR] LogOutputStream:75 - [STDERR_REDIRECT] 
2025-11-11 21:20:38,518 [ERROR] LogOutputStream:75 - [STDERR_REDIRECT] [Fatal Error] :1:1: Premature end of file.
2025-11-11 21:20:38,518 [ERROR] LogOutputStream:75 - [STDERR_REDIRECT] 
2025-11-11 21:20:39,455 [ERROR] LogOutputStream:75 - [STDERR_REDIRECT] [Fatal Error] :1:1: Premature end of file.
2025-11-11 21:20:39,455 [ERROR] LogOutputStream:75 - [STDERR_REDIRECT] 
2025-11-11 21:20:40,451 [ERROR] LogOutputStream:75 - [STDERR_REDIRECT] [Fatal Error] :1:1: Premature end of file.
2025-11-11 21:20:40,451 [ERROR] LogOutputStream:75 - [STDERR_REDIRECT] 
2025-11-11 21:20:41,449 [ERROR] LogOutputStream:75 - [STDERR_REDIRECT] [Fatal Error] :1:1: Premature end of file.
2025-11-11 21:20:41,449 [ERROR] LogOutputStream:75 - [STDERR_REDIRECT] 
2025-11-11 21:20:42,447 [ERROR] LogOutputStream:75 - [STDERR_REDIRECT] [Fatal Error] :1:1: Premature end of file.
2025-11-11 21:20:42,448 [ERROR] LogOutputStream:75 - [STDERR_REDIRECT] 
2025-11-11 21:20:43,455 [ERROR] LogOutputStream:75 - [STDERR_REDIRECT] [Fatal Error] :1:1: Premature end of file.
2025-11-11 21:20:43,455 [ERROR] LogOutputStream:75 - [STDERR_REDIRECT] 
2025-11-11 21:20:44,475 [ERROR] LogOutputStream:75 - [STDERR_REDIRECT] [Fatal Error] :1:1: Premature end of file.
2025-11-11 21:20:44,475 [ERROR] LogOutputStream:75 - [STDERR_REDIRECT] 
2025-11-11 21:20:45,444 [ERROR] LogOutputStream:75 - [STDERR_REDIRECT] [Fatal Error] :1:1: Premature end of file.
2025-11-11 21:20:45,444 [ERROR] LogOutputStream:75 - [STDERR_REDIRECT] 
2025-11-11 21:20:46,454 [ERROR] LogOutputStream:75 - [STDERR_REDIRECT] [Fatal Error] :1:1: Premature end of file.
2025-11-11 21:20:46,454 [ERROR] LogOutputStream:75 - [STDERR_REDIRECT] 
2025-11-11 21:20:47,455 [ERROR] LogOutputStream:75 - [STDERR_REDIRECT] [Fatal Error] :1:1: Premature end of file.
2025-11-11 21:20:47,455 [ERROR] LogOutputStream:75 - [STDERR_REDIRECT] 
2025-11-11 21:20:48,458 [ERROR] LogOutputStream:75 - [STDERR_REDIRECT] [Fatal Error] :1:1: Premature end of file.
2025-11-11 21:20:48,459 [ERROR] LogOutputStream:75 - [STDERR_REDIRECT] 
2025-11-11 21:20:49,457 [ERROR] LogOutputStream:75 - [STDERR_REDIRECT] [Fatal Error] :1:1: Premature end of file.
2025-11-11 21:20:49,458 [ERROR] LogOutputStream:75 - [STDERR_REDIRECT] 
2025-11-11 21:20:50,476 [ERROR] LogOutputStream:75 - [STDERR_REDIRECT] [Fatal Error] :1:1: Premature end of file.
2025-11-11 21:20:50,477 [ERROR] LogOutputStream:75 - [STDERR_REDIRECT] 
2025-11-11 21:20:51,460 [ERROR] LogOutputStream:75 - [STDERR_REDIRECT] [Fatal Error] :1:1: Premature end of file.
2025-11-11 21:20:51,460 [ERROR] LogOutputStream:75 - [STDERR_REDIRECT] 
2025-11-11 21:20:52,459 [ERROR] LogOutputStream:75 - [STDERR_REDIRECT] [Fatal Error] :1:1: Premature end of file.
2025-11-11 21:20:52,460 [ERROR] LogOutputStream:75 - [STDERR_REDIRECT] 
2025-11-11 21:20:53,461 [ERROR] LogOutputStream:75 - [STDERR_REDIRECT] [Fatal Error] :1:1: Premature end of file.
2025-11-11 21:20:53,461 [ERROR] LogOutputStream:75 - [STDERR_REDIRECT] 
2025-11-11 21:20:54,456 [ERROR] LogOutputStream:75 - [STDERR_REDIRECT] [Fatal Error] :1:1: Premature end of file.
2025-11-11 21:20:54,457 [ERROR] LogOutputStream:75 - [STDERR_REDIRECT] 
2025-11-11 21:20:55,458 [ERROR] LogOutputStream:75 - [STDERR_REDIRECT] [Fatal Error] :1:1: Premature end of file.
2025-11-11 21:20:55,458 [ERROR] LogOutputStream:75 - [STDERR_REDIRECT] 
2025-11-11 21:20:56,450 [ERROR] LogOutputStream:75 - [STDERR_REDIRECT] [Fatal Error] :1:1: Premature end of file.
2025-11-11 21:20:56,451 [ERROR] LogOutputStream:75 - [STDERR_REDIRECT] 
2025-11-11 21:20:57,520 [ERROR] LogOutputStream:75 - [STDERR_REDIRECT] [Fatal Error] :1:1: Premature end of file.
2025-11-11 21:20:57,520 [ERROR] LogOutputStream:75 - [STDERR_REDIRECT] 
2025-11-11 21:20:58,457 [ERROR] LogOutputStream:75 - [STDERR_REDIRECT] [Fatal Error] :1:1: Premature end of file.
2025-11-11 21:20:58,457 [ERROR] LogOutputStream:75 - [STDERR_REDIRECT] 
2025-11-11 21:20:59,459 [ERROR] LogOutputStream:75 - [STDERR_REDIRECT] [Fatal Error] :1:1: Premature end of file.
2025-11-11 21:20:59,459 [ERROR] LogOutputStream:75 - [STDERR_REDIRECT] 
2025-11-11 21:21:00,460 [ERROR] LogOutputStream:75 - [STDERR_REDIRECT] [Fatal Error] :1:1: Premature end of file.
2025-11-11 21:21:00,460 [ERROR] LogOutputStream:75 - [STDERR_REDIRECT] 
2025-11-11 21:21:01,457 [ERROR] LogOutputStream:75 - [STDERR_REDIRECT] [Fatal Error] :1:1: Premature end of file.
2025-11-11 21:21:01,457 [ERROR] LogOutputStream:75 - [STDERR_REDIRECT] 
2025-11-11 21:21:02,463 [ERROR] LogOutputStream:75 - [STDERR_REDIRECT] [Fatal Error] :1:1: Premature end of file.
2025-11-11 21:21:02,463 [ERROR] LogOutputStream:75 - [STDERR_REDIRECT] 
2025-11-11 21:21:03,469 [ERROR] LogOutputStream:75 - [STDERR_REDIRECT] [Fatal Error] :1:1: Premature end of file.
2025-11-11 21:21:03,469 [ERROR] LogOutputStream:75 - [STDERR_REDIRECT] 
2025-11-11 21:21:04,458 [ERROR] LogOutputStream:75 - [STDERR_REDIRECT] [Fatal Error] :1:1: Premature end of file.
2025-11-11 21:21:04,458 [ERROR] LogOutputStream:75 - [STDERR_REDIRECT] 
2025-11-11 21:21:05,456 [ERROR] LogOutputStream:75 - [STDERR_REDIRECT] [Fatal Error] :1:1: Premature end of file.
2025-11-11 21:21:05,456 [ERROR] LogOutputStream:75 - [STDERR_REDIRECT] 
2025-11-11 21:21:06,455 [ERROR] LogOutputStream:75 - [STDERR_REDIRECT] [Fatal Error] :1:1: Premature end of file.
2025-11-11 21:21:06,456 [ERROR] LogOutputStream:75 - [STDERR_REDIRECT] 
2025-11-11 21:21:07,459 [ERROR] LogOutputStream:75 - [STDERR_REDIRECT] [Fatal Error] :1:1: Premature end of file.
2025-11-11 21:21:07,459 [ERROR] LogOutputStream:75 - [STDERR_REDIRECT] 
2025-11-11 21:21:08,456 [ERROR] LogOutputStream:75 - [STDERR_REDIRECT] [Fatal Error] :1:1: Premature end of file.
2025-11-11 21:21:08,456 [ERROR] LogOutputStream:75 - [STDERR_REDIRECT] 
2025-11-11 21:21:09,457 [ERROR] LogOutputStream:75 - [STDERR_REDIRECT] [Fatal Error] :1:1: Premature end of file.
2025-11-11 21:21:09,457 [ERROR] LogOutputStream:75 - [STDERR_REDIRECT] 
2025-11-11 21:21:10,486 [ERROR] LogOutputStream:75 - [STDERR_REDIRECT] [Fatal Error] :1:1: Premature end of file.
2025-11-11 21:21:10,486 [ERROR] LogOutputStream:75 - [STDERR_REDIRECT] 
2025-11-11 21:21:11,447 [ERROR] LogOutputStream:75 - [STDERR_REDIRECT] [Fatal Error] :1:1: Premature end of file.
2025-11-11 21:21:11,447 [ERROR] LogOutputStream:75 - [STDERR_REDIRECT] 
2025-11-11 21:21:12,455 [ERROR] LogOutputStream:75 - [STDERR_REDIRECT] [Fatal Error] :1:1: Premature end of file.
2025-11-11 21:21:12,455 [ERROR] LogOutputStream:75 - [STDERR_REDIRECT] 
2025-11-11 21:21:13,455 [ERROR] LogOutputStream:75 - [STDERR_REDIRECT] [Fatal Error] :1:1: Premature end of file.
2025-11-11 21:21:13,455 [ERROR] LogOutputStream:75 - [STDERR_REDIRECT] 
2025-11-11 21:21:14,454 [ERROR] LogOutputStream:75 - [STDERR_REDIRECT] [Fatal Error] :1:1: Premature end of file.
2025-11-11 21:21:14,454 [ERROR] LogOutputStream:75 - [STDERR_REDIRECT] 
2025-11-11 21:21:15,454 [ERROR] LogOutputStream:75 - [STDERR_REDIRECT] [Fatal Error] :1:1: Premature end of file.
2025-11-11 21:21:15,454 [ERROR] LogOutputStream:75 - [STDERR_REDIRECT] 
2025-11-11 21:21:16,491 [ERROR] LogOutputStream:75 - [STDERR_REDIRECT] [Fatal Error] :1:1: Premature end of file.
2025-11-11 21:21:16,491 [ERROR] LogOutputStream:75 - [STDERR_REDIRECT] 
2025-11-11 21:21:17,450 [ERROR] LogOutputStream:75 - [STDERR_REDIRECT] [Fatal Error] :1:1: Premature end of file.
2025-11-11 21:21:17,450 [ERROR] LogOutputStream:75 - [STDERR_REDIRECT] 
2025-11-11 21:21:18,455 [ERROR] LogOutputStream:75 - [STDERR_REDIRECT] [Fatal Error] :1:1: Premature end of file.
2025-11-11 21:21:18,455 [ERROR] LogOutputStream:75 - [STDERR_REDIRECT] 
2025-11-11 21:21:19,459 [ERROR] LogOutputStream:75 - [STDERR_REDIRECT] [Fatal Error] :1:1: Premature end of file.
2025-11-11 21:21:19,459 [ERROR] LogOutputStream:75 - [STDERR_REDIRECT] 
2025-11-11 21:21:20,460 [ERROR] LogOutputStream:75 - [STDERR_REDIRECT] [Fatal Error] :1:1: Premature end of file.
2025-11-11 21:21:20,460 [ERROR] LogOutputStream:75 - [STDERR_REDIRECT] 
2025-11-11 21:21:21,458 [ERROR] LogOutputStream:75 - [STDERR_REDIRECT] [Fatal Error] :1:1: Premature end of file.
2025-11-11 21:21:21,458 [ERROR] LogOutputStream:75 - [STDERR_REDIRECT] 
2025-11-11 21:21:22,459 [ERROR] LogOutputStream:75 - [STDERR_REDIRECT] [Fatal Error] :1:1: Premature end of file.
2025-11-11 21:21:22,459 [ERROR] LogOutputStream:75 - [STDERR_REDIRECT] 
2025-11-11 21:21:23,465 [ERROR] LogOutputStream:75 - [STDERR_REDIRECT] [Fatal Error] :1:1: Premature end of file.
2025-11-11 21:21:23,466 [ERROR] LogOutputStream:75 - [STDERR_REDIRECT] 
2025-11-11 21:21:24,462 [ERROR] LogOutputStream:75 - [STDERR_REDIRECT] [Fatal Error] :1:1: Premature end of file.
2025-11-11 21:21:24,462 [ERROR] LogOutputStream:75 - [STDERR_REDIRECT] 
2025-11-11 21:21:25,459 [ERROR] LogOutputStream:75 - [STDERR_REDIRECT] [Fatal Error] :1:1: Premature end of file.
2025-11-11 21:21:25,459 [ERROR] LogOutputStream:75 - [STDERR_REDIRECT] 
2025-11-11 21:21:26,462 [ERROR] LogOutputStream:75 - [STDERR_REDIRECT] [Fatal Error] :1:1: Premature end of file.
2025-11-11 21:21:26,462 [ERROR] LogOutputStream:75 - [STDERR_REDIRECT] 
2025-11-11 21:21:27,460 [ERROR] LogOutputStream:75 - [STDERR_REDIRECT] [Fatal Error] :1:1: Premature end of file.
2025-11-11 21:21:27,460 [ERROR] LogOutputStream:75 - [STDERR_REDIRECT] 
2025-11-11 21:21:28,461 [ERROR] LogOutputStream:75 - [STDERR_REDIRECT] [Fatal Error] :1:1: Premature end of file.
2025-11-11 21:21:28,462 [ERROR] LogOutputStream:75 - [STDERR_REDIRECT] 
2025-11-11 21:21:29,534 [ERROR] LogOutputStream:75 - [STDERR_REDIRECT] [Fatal Error] :1:1: Premature end of file.
2025-11-11 21:21:29,534 [ERROR] LogOutputStream:75 - [STDERR_REDIRECT] 
2025-11-11 21:21:30,477 [ERROR] LogOutputStream:75 - [STDERR_REDIRECT] [Fatal Error] :1:1: Premature end of file.
2025-11-11 21:21:30,477 [ERROR] LogOutputStream:75 - [STDERR_REDIRECT] 
2025-11-11 21:21:31,455 [ERROR] LogOutputStream:75 - [STDERR_REDIRECT] [Fatal Error] :1:1: Premature end of file.
2025-11-11 21:21:31,455 [ERROR] LogOutputStream:75 - [STDERR_REDIRECT] 
2025-11-11 21:21:32,457 [ERROR] LogOutputStream:75 - [STDERR_REDIRECT] [Fatal Error] :1:1: Premature end of file.
2025-11-11 21:21:32,457 [ERROR] LogOutputStream:75 - [STDERR_REDIRECT] 
2025-11-11 21:21:33,456 [ERROR] LogOutputStream:75 - [STDERR_REDIRECT] [Fatal Error] :1:1: Premature end of file.
2025-11-11 21:21:33,457 [ERROR] LogOutputStream:75 - [STDERR_REDIRECT] 
2025-11-11 21:21:34,455 [ERROR] LogOutputStream:75 - [STDERR_REDIRECT] [Fatal Error] :1:1: Premature end of file.
2025-11-11 21:21:34,456 [ERROR] LogOutputStream:75 - [STDERR_REDIRECT] 
2025-11-11 21:21:35,462 [ERROR] LogOutputStream:75 - [STDERR_REDIRECT] [Fatal Error] :1:1: Premature end of file.
2025-11-11 21:21:35,462 [ERROR] LogOutputStream:75 - [STDERR_REDIRECT] 
2025-11-11 21:21:36,509 [ERROR] LogOutputStream:75 - [STDERR_REDIRECT] [Fatal Error] :1:1: Premature end of file.
2025-11-11 21:21:36,510 [ERROR] LogOutputStream:75 - [STDERR_REDIRECT] 
2025-11-11 21:21:37,457 [ERROR] LogOutputStream:75 - [STDERR_REDIRECT] [Fatal Error] :1:1: Premature end of file.
2025-11-11 21:21:37,457 [ERROR] LogOutputStream:75 - [STDERR_REDIRECT] 
2025-11-11 21:21:38,460 [ERROR] LogOutputStream:75 - [STDERR_REDIRECT] [Fatal Error] :1:1: Premature end of file.
2025-11-11 21:21:38,461 [ERROR] LogOutputStream:75 - [STDERR_REDIRECT] 
2025-11-11 21:21:39,463 [ERROR] LogOutputStream:75 - [STDERR_REDIRECT] [Fatal Error] :1:1: Premature end of file.
2025-11-11 21:21:39,463 [ERROR] LogOutputStream:75 - [STDERR_REDIRECT] 
2025-11-11 21:21:40,456 [ERROR] LogOutputStream:75 - [STDERR_REDIRECT] [Fatal Error] :1:1: Premature end of file.
2025-11-11 21:21:40,456 [ERROR] LogOutputStream:75 - [STDERR_REDIRECT] 
2025-11-11 21:21:41,459 [ERROR] LogOutputStream:75 - [STDERR_REDIRECT] [Fatal Error] :1:1: Premature end of file.
2025-11-11 21:21:41,459 [ERROR] LogOutputStream:75 - [STDERR_REDIRECT] 
2025-11-11 21:21:42,475 [ERROR] LogOutputStream:75 - [STDERR_REDIRECT] [Fatal Error] :1:1: Premature end of file.
2025-11-11 21:21:42,475 [ERROR] LogOutputStream:75 - [STDERR_REDIRECT] 
2025-11-11 21:21:43,465 [ERROR] LogOutputStream:75 - [STDERR_REDIRECT] [Fatal Error] :1:1: Premature end of file.
2025-11-11 21:21:43,465 [ERROR] LogOutputStream:75 - [STDERR_REDIRECT] 
2025-11-11 21:21:44,455 [ERROR] LogOutputStream:75 - [STDERR_REDIRECT] [Fatal Error] :1:1: Premature end of file.
2025-11-11 21:21:44,455 [ERROR] LogOutputStream:75 - [STDERR_REDIRECT] 
2025-11-11 21:21:45,459 [ERROR] LogOutputStream:75 - [STDERR_REDIRECT] [Fatal Error] :1:1: Premature end of file.
2025-11-11 21:21:45,459 [ERROR] LogOutputStream:75 - [STDERR_REDIRECT] 
2025-11-11 21:21:46,460 [ERROR] LogOutputStream:75 - [STDERR_REDIRECT] [Fatal Error] :1:1: Premature end of file.
2025-11-11 21:21:46,460 [ERROR] LogOutputStream:75 - [STDERR_REDIRECT] 
2025-11-11 21:21:47,457 [ERROR] LogOutputStream:75 - [STDERR_REDIRECT] [Fatal Error] :1:1: Premature end of file.
2025-11-11 21:21:47,457 [ERROR] LogOutputStream:75 - [STDERR_REDIRECT] 
2025-11-11 21:21:48,456 [ERROR] LogOutputStream:75 - [STDERR_REDIRECT] [Fatal Error] :1:1: Premature end of file.
2025-11-11 21:21:48,456 [ERROR] LogOutputStream:75 - [STDERR_REDIRECT] 
2025-11-11 21:21:49,490 [ERROR] LogOutputStream:75 - [STDERR_REDIRECT] [Fatal Error] :1:1: Premature end of file.
2025-11-11 21:21:49,490 [ERROR] LogOutputStream:75 - [STDERR_REDIRECT] 
2025-11-11 21:21:50,454 [ERROR] LogOutputStream:75 - [STDERR_REDIRECT] [Fatal Error] :1:1: Premature end of file.
2025-11-11 21:21:50,454 [ERROR] LogOutputStream:75 - [STDERR_REDIRECT] 
2025-11-11 21:21:51,458 [ERROR] LogOutputStream:75 - [STDERR_REDIRECT] [Fatal Error] :1:1: Premature end of file.
2025-11-11 21:21:51,458 [ERROR] LogOutputStream:75 - [STDERR_REDIRECT] 
2025-11-11 21:21:52,460 [ERROR] LogOutputStream:75 - [STDERR_REDIRECT] [Fatal Error] :1:1: Premature end of file.
2025-11-11 21:21:52,460 [ERROR] LogOutputStream:75 - [STDERR_REDIRECT] 
2025-11-11 21:21:53,458 [ERROR] LogOutputStream:75 - [STDERR_REDIRECT] [Fatal Error] :1:1: Premature end of file.
2025-11-11 21:21:53,458 [ERROR] LogOutputStream:75 - [STDERR_REDIRECT] 
2025-11-11 21:21:54,455 [ERROR] LogOutputStream:75 - [STDERR_REDIRECT] [Fatal Error] :1:1: Premature end of file.
2025-11-11 21:21:54,456 [ERROR] LogOutputStream:75 - [STDERR_REDIRECT] 
2025-11-11 21:21:55,494 [ERROR] LogOutputStream:75 - [STDERR_REDIRECT] [Fatal Error] :1:1: Premature end of file.
2025-11-11 21:21:55,494 [ERROR] LogOutputStream:75 - [STDERR_REDIRECT] 
2025-11-11 21:21:56,439 [ERROR] LogOutputStream:75 - [STDERR_REDIRECT] [Fatal Error] :1:1: Premature end of file.
2025-11-11 21:21:56,439 [ERROR] LogOutputStream:75 - [STDERR_REDIRECT] 
2025-11-11 21:21:57,456 [ERROR] LogOutputStream:75 - [STDERR_REDIRECT] [Fatal Error] :1:1: Premature end of file.
2025-11-11 21:21:57,456 [ERROR] LogOutputStream:75 - [STDERR_REDIRECT] 
2025-11-11 21:21:58,461 [ERROR] LogOutputStream:75 - [STDERR_REDIRECT] [Fatal Error] :1:1: Premature end of file.
2025-11-11 21:21:58,461 [ERROR] LogOutputStream:75 - [STDERR_REDIRECT] 
2025-11-11 21:21:59,454 [ERROR] LogOutputStream:75 - [STDERR_REDIRECT] [Fatal Error] :1:1: Premature end of file.
2025-11-11 21:21:59,454 [ERROR] LogOutputStream:75 - [STDERR_REDIRECT] 
2025-11-11 21:22:00,467 [ERROR] LogOutputStream:75 - [STDERR_REDIRECT] [Fatal Error] :1:1: Premature end of file.
2025-11-11 21:22:00,467 [ERROR] LogOutputStream:75 - [STDERR_REDIRECT] 
2025-11-11 21:22:01,469 [ERROR] LogOutputStream:75 - [STDERR_REDIRECT] [Fatal Error] :1:1: Premature end of file.
2025-11-11 21:22:01,469 [ERROR] LogOutputStream:75 - [STDERR_REDIRECT] 
2025-11-11 21:22:02,463 [ERROR] LogOutputStream:75 - [STDERR_REDIRECT] [Fatal Error] :1:1: Premature end of file.
2025-11-11 21:22:02,463 [ERROR] LogOutputStream:75 - [STDERR_REDIRECT] 
2025-11-11 21:22:03,469 [ERROR] LogOutputStream:75 - [STDERR_REDIRECT] [Fatal Error] :1:1: Premature end of file.
2025-11-11 21:22:03,469 [ERROR] LogOutputStream:75 - [STDERR_REDIRECT] 
2025-11-11 21:22:04,495 [ERROR] LogOutputStream:75 - [STDERR_REDIRECT] [Fatal Error] :1:1: Premature end of file.
2025-11-11 21:22:04,495 [ERROR] LogOutputStream:75 - [STDERR_REDIRECT] 
2025-11-11 21:22:05,453 [ERROR] LogOutputStream:75 - [STDERR_REDIRECT] [Fatal Error] :1:1: Premature end of file.
2025-11-11 21:22:05,454 [ERROR] LogOutputStream:75 - [STDERR_REDIRECT] 
2025-11-11 21:22:06,459 [ERROR] LogOutputStream:75 - [STDERR_REDIRECT] [Fatal Error] :1:1: Premature end of file.
2025-11-11 21:22:06,459 [ERROR] LogOutputStream:75 - [STDERR_REDIRECT] 
2025-11-11 21:22:07,455 [ERROR] LogOutputStream:75 - [STDERR_REDIRECT] [Fatal Error] :1:1: Premature end of file.
2025-11-11 21:22:07,455 [ERROR] LogOutputStream:75 - [STDERR_REDIRECT] 
2025-11-11 21:22:08,452 [ERROR] LogOutputStream:75 - [STDERR_REDIRECT] [Fatal Error] :1:1: Premature end of file.
2025-11-11 21:22:08,452 [ERROR] LogOutputStream:75 - [STDERR_REDIRECT] 
2025-11-11 21:22:09,465 [ERROR] LogOutputStream:75 - [STDERR_REDIRECT] [Fatal Error] :1:1: Premature end of file.
2025-11-11 21:22:09,465 [ERROR] LogOutputStream:75 - [STDERR_REDIRECT] 
2025-11-11 21:22:10,464 [ERROR] LogOutputStream:75 - [STDERR_REDIRECT] [Fatal Error] :1:1: Premature end of file.
2025-11-11 21:22:10,464 [ERROR] LogOutputStream:75 - [STDERR_REDIRECT] 
2025-11-11 21:22:11,454 [ERROR] LogOutputStream:75 - [STDERR_REDIRECT] [Fatal Error] :1:1: Premature end of file.
2025-11-11 21:22:11,455 [ERROR] LogOutputStream:75 - [STDERR_REDIRECT] 
2025-11-11 21:22:12,462 [ERROR] LogOutputStream:75 - [STDERR_REDIRECT] [Fatal Error] :1:1: Premature end of file.
2025-11-11 21:22:12,462 [ERROR] LogOutputStream:75 - [STDERR_REDIRECT] 
2025-11-11 21:22:13,448 [ERROR] LogOutputStream:75 - [STDERR_REDIRECT] [Fatal Error] :1:1: Premature end of file.
2025-11-11 21:22:13,448 [ERROR] LogOutputStream:75 - [STDERR_REDIRECT] 
2025-11-11 21:22:14,453 [ERROR] LogOutputStream:75 - [STDERR_REDIRECT] [Fatal Error] :1:1: Premature end of file.
2025-11-11 21:22:14,454 [ERROR] LogOutputStream:75 - [STDERR_REDIRECT] 
2025-11-11 21:22:15,452 [ERROR] LogOutputStream:75 - [STDERR_REDIRECT] [Fatal Error] :1:1: Premature end of file.
2025-11-11 21:22:15,452 [ERROR] LogOutputStream:75 - [STDERR_REDIRECT] 
2025-11-11 21:22:16,462 [ERROR] LogOutputStream:75 - [STDERR_REDIRECT] [Fatal Error] :1:1: Premature end of file.
2025-11-11 21:22:16,462 [ERROR] LogOutputStream:75 - [STDERR_REDIRECT] 
2025-11-11 21:22:17,458 [ERROR] LogOutputStream:75 - [STDERR_REDIRECT] [Fatal Error] :1:1: Premature end of file.
2025-11-11 21:22:17,458 [ERROR] LogOutputStream:75 - [STDERR_REDIRECT] 
2025-11-11 21:22:18,457 [ERROR] LogOutputStream:75 - [STDERR_REDIRECT] [Fatal Error] :1:1: Premature end of file.
2025-11-11 21:22:18,458 [ERROR] LogOutputStream:75 - [STDERR_REDIRECT] 
2025-11-11 21:22:19,461 [ERROR] LogOutputStream:75 - [STDERR_REDIRECT] [Fatal Error] :1:1: Premature end of file.
2025-11-11 21:22:19,461 [ERROR] LogOutputStream:75 - [STDERR_REDIRECT] 
2025-11-11 21:22:20,466 [ERROR] LogOutputStream:75 - [STDERR_REDIRECT] [Fatal Error] :1:1: Premature end of file.
2025-11-11 21:22:20,466 [ERROR] LogOutputStream:75 - [STDERR_REDIRECT] 
2025-11-11 21:22:21,467 [ERROR] LogOutputStream:75 - [STDERR_REDIRECT] [Fatal Error] :1:1: Premature end of file.
2025-11-11 21:22:21,467 [ERROR] LogOutputStream:75 - [STDERR_REDIRECT] 
2025-11-11 21:22:22,469 [ERROR] LogOutputStream:75 - [STDERR_REDIRECT] [Fatal Error] :1:1: Premature end of file.
2025-11-11 21:22:22,469 [ERROR] LogOutputStream:75 - [STDERR_REDIRECT] 
2025-11-11 21:22:23,465 [ERROR] LogOutputStream:75 - [STDERR_REDIRECT] [Fatal Error] :1:1: Premature end of file.
2025-11-11 21:22:23,465 [ERROR] LogOutputStream:75 - [STDERR_REDIRECT] 
2025-11-11 21:22:24,468 [ERROR] LogOutputStream:75 - [STDERR_REDIRECT] [Fatal Error] :1:1: Premature end of file.
2025-11-11 21:22:24,468 [ERROR] LogOutputStream:75 - [STDERR_REDIRECT] 
2025-11-11 21:22:25,475 [ERROR] LogOutputStream:75 - [STDERR_REDIRECT] [Fatal Error] :1:1: Premature end of file.
2025-11-11 21:22:25,476 [ERROR] LogOutputStream:75 - [STDERR_REDIRECT] 
2025-11-11 21:22:26,456 [ERROR] LogOutputStream:75 - [STDERR_REDIRECT] [Fatal Error] :1:1: Premature end of file.
2025-11-11 21:22:26,456 [ERROR] LogOutputStream:75 - [STDERR_REDIRECT] 
2025-11-11 21:22:27,467 [ERROR] LogOutputStream:75 - [STDERR_REDIRECT] [Fatal Error] :1:1: Premature end of file.
2025-11-11 21:22:27,468 [ERROR] LogOutputStream:75 - [STDERR_REDIRECT] 
2025-11-11 21:22:28,460 [ERROR] LogOutputStream:75 - [STDERR_REDIRECT] [Fatal Error] :1:1: Premature end of file.
2025-11-11 21:22:28,460 [ERROR] LogOutputStream:75 - [STDERR_REDIRECT] 
2025-11-11 21:22:29,450 [ERROR] LogOutputStream:75 - [STDERR_REDIRECT] [Fatal Error] :1:1: Premature end of file.
2025-11-11 21:22:29,450 [ERROR] LogOutputStream:75 - [STDERR_REDIRECT] 
2025-11-11 21:22:30,449 [ERROR] LogOutputStream:75 - [STDERR_REDIRECT] [Fatal Error] :1:1: Premature end of file.
2025-11-11 21:22:30,449 [ERROR] LogOutputStream:75 - [STDERR_REDIRECT] 
2025-11-11 21:22:31,461 [ERROR] LogOutputStream:75 - [STDERR_REDIRECT] [Fatal Error] :1:1: Premature end of file.
2025-11-11 21:22:31,461 [ERROR] LogOutputStream:75 - [STDERR_REDIRECT] 
2025-11-11 21:22:32,459 [ERROR] LogOutputStream:75 - [STDERR_REDIRECT] [Fatal Error] :1:1: Premature end of file.
2025-11-11 21:22:32,459 [ERROR] LogOutputStream:75 - [STDERR_REDIRECT] 
2025-11-11 21:22:33,459 [ERROR] LogOutputStream:75 - [STDERR_REDIRECT] [Fatal Error] :1:1: Premature end of file.
2025-11-11 21:22:33,459 [ERROR] LogOutputStream:75 - [STDERR_REDIRECT] 
2025-11-11 21:22:34,466 [ERROR] LogOutputStream:75 - [STDERR_REDIRECT] [Fatal Error] :1:1: Premature end of file.
2025-11-11 21:22:34,467 [ERROR] LogOutputStream:75 - [STDERR_REDIRECT] 
2025-11-11 21:22:35,471 [ERROR] LogOutputStream:75 - [STDERR_REDIRECT] [Fatal Error] :1:1: Premature end of file.
2025-11-11 21:22:35,471 [ERROR] LogOutputStream:75 - [STDERR_REDIRECT] 
2025-11-11 21:22:36,466 [ERROR] LogOutputStream:75 - [STDERR_REDIRECT] [Fatal Error] :1:1: Premature end of file.
2025-11-11 21:22:36,466 [ERROR] LogOutputStream:75 - [STDERR_REDIRECT] 
2025-11-11 21:22:37,462 [ERROR] LogOutputStream:75 - [STDERR_REDIRECT] [Fatal Error] :1:1: Premature end of file.
2025-11-11 21:22:37,463 [ERROR] LogOutputStream:75 - [STDERR_REDIRECT] 
2025-11-11 21:22:38,453 [ERROR] LogOutputStream:75 - [STDERR_REDIRECT] [Fatal Error] :1:1: Premature end of file.
2025-11-11 21:22:38,453 [ERROR] LogOutputStream:75 - [STDERR_REDIRECT] 
2025-11-11 21:22:39,459 [ERROR] LogOutputStream:75 - [STDERR_REDIRECT] [Fatal Error] :1:1: Premature end of file.
2025-11-11 21:22:39,459 [ERROR] LogOutputStream:75 - [STDERR_REDIRECT] 
2025-11-11 21:22:40,456 [ERROR] LogOutputStream:75 - [STDERR_REDIRECT] [Fatal Error] :1:1: Premature end of file.
2025-11-11 21:22:40,457 [ERROR] LogOutputStream:75 - [STDERR_REDIRECT] 
2025-11-11 21:22:41,454 [ERROR] LogOutputStream:75 - [STDERR_REDIRECT] [Fatal Error] :1:1: Premature end of file.
2025-11-11 21:22:41,454 [ERROR] LogOutputStream:75 - [STDERR_REDIRECT] 
2025-11-11 21:22:42,463 [ERROR] LogOutputStream:75 - [STDERR_REDIRECT] [Fatal Error] :1:1: Premature end of file.
2025-11-11 21:22:42,463 [ERROR] LogOutputStream:75 - [STDERR_REDIRECT] 
2025-11-11 21:22:43,466 [ERROR] LogOutputStream:75 - [STDERR_REDIRECT] [Fatal Error] :1:1: Premature end of file.
2025-11-11 21:22:43,467 [ERROR] LogOutputStream:75 - [STDERR_REDIRECT] 
2025-11-11 21:22:44,466 [ERROR] LogOutputStream:75 - [STDERR_REDIRECT] [Fatal Error] :1:1: Premature end of file.
2025-11-11 21:22:44,466 [ERROR] LogOutputStream:75 - [STDERR_REDIRECT] 
2025-11-11 21:22:45,467 [ERROR] LogOutputStream:75 - [STDERR_REDIRECT] [Fatal Error] :1:1: Premature end of file.
2025-11-11 21:22:45,467 [ERROR] LogOutputStream:75 - [STDERR_REDIRECT] 
2025-11-11 21:22:46,468 [ERROR] LogOutputStream:75 - [STDERR_REDIRECT] [Fatal Error] :1:1: Premature end of file.
2025-11-11 21:22:46,468 [ERROR] LogOutputStream:75 - [STDERR_REDIRECT] 
2025-11-11 21:22:47,463 [ERROR] LogOutputStream:75 - [STDERR_REDIRECT] [Fatal Error] :1:1: Premature end of file.
2025-11-11 21:22:47,463 [ERROR] LogOutputStream:75 - [STDERR_REDIRECT] 
2025-11-11 21:22:48,462 [ERROR] LogOutputStream:75 - [STDERR_REDIRECT] [Fatal Error] :1:1: Premature end of file.
2025-11-11 21:22:48,462 [ERROR] LogOutputStream:75 - [STDERR_REDIRECT] 
2025-11-11 21:22:49,465 [ERROR] LogOutputStream:75 - [STDERR_REDIRECT] [Fatal Error] :1:1: Premature end of file.
2025-11-11 21:22:49,465 [ERROR] LogOutputStream:75 - [STDERR_REDIRECT] 
2025-11-11 21:22:50,462 [ERROR] LogOutputStream:75 - [STDERR_REDIRECT] [Fatal Error] :1:1: Premature end of file.
2025-11-11 21:22:50,462 [ERROR] LogOutputStream:75 - [STDERR_REDIRECT] 
2025-11-11 21:22:51,460 [ERROR] LogOutputStream:75 - [STDERR_REDIRECT] [Fatal Error] :1:1: Premature end of file.
2025-11-11 21:22:51,460 [ERROR] LogOutputStream:75 - [STDERR_REDIRECT] 
2025-11-11 21:22:52,453 [ERROR] LogOutputStream:75 - [STDERR_REDIRECT] [Fatal Error] :1:1: Premature end of file.
2025-11-11 21:22:52,453 [ERROR] LogOutputStream:75 - [STDERR_REDIRECT] 
2025-11-11 21:22:53,453 [ERROR] LogOutputStream:75 - [STDERR_REDIRECT] [Fatal Error] :1:1: Premature end of file.
2025-11-11 21:22:53,453 [ERROR] LogOutputStream:75 - [STDERR_REDIRECT] 
2025-11-11 21:22:54,465 [ERROR] LogOutputStream:75 - [STDERR_REDIRECT] [Fatal Error] :1:1: Premature end of file.
2025-11-11 21:22:54,465 [ERROR] LogOutputStream:75 - [STDERR_REDIRECT] 
2025-11-11 21:22:55,466 [ERROR] LogOutputStream:75 - [STDERR_REDIRECT] [Fatal Error] :1:1: Premature end of file.
2025-11-11 21:22:55,467 [ERROR] LogOutputStream:75 - [STDERR_REDIRECT] 
2025-11-11 21:22:56,459 [ERROR] LogOutputStream:75 - [STDERR_REDIRECT] [Fatal Error] :1:1: Premature end of file.
2025-11-11 21:22:56,459 [ERROR] LogOutputStream:75 - [STDERR_REDIRECT] 
2025-11-11 21:22:57,461 [ERROR] LogOutputStream:75 - [STDERR_REDIRECT] [Fatal Error] :1:1: Premature end of file.
2025-11-11 21:22:57,461 [ERROR] LogOutputStream:75 - [STDERR_REDIRECT] 
2025-11-11 21:22:58,455 [ERROR] LogOutputStream:75 - [STDERR_REDIRECT] [Fatal Error] :1:1: Premature end of file.
2025-11-11 21:22:58,455 [ERROR] LogOutputStream:75 - [STDERR_REDIRECT] 
2025-11-11 21:22:59,457 [ERROR] LogOutputStream:75 - [STDERR_REDIRECT] [Fatal Error] :1:1: Premature end of file.
2025-11-11 21:22:59,457 [ERROR] LogOutputStream:75 - [STDERR_REDIRECT] 
2025-11-11 21:23:00,465 [ERROR] LogOutputStream:75 - [STDERR_REDIRECT] [Fatal Error] :1:1: Premature end of file.
2025-11-11 21:23:00,465 [ERROR] LogOutputStream:75 - [STDERR_REDIRECT] 
2025-11-11 21:23:01,455 [ERROR] LogOutputStream:75 - [STDERR_REDIRECT] [Fatal Error] :1:1: Premature end of file.
2025-11-11 21:23:01,455 [ERROR] LogOutputStream:75 - [STDERR_REDIRECT] 
2025-11-11 21:23:02,463 [ERROR] LogOutputStream:75 - [STDERR_REDIRECT] [Fatal Error] :1:1: Premature end of file.
2025-11-11 21:23:02,463 [ERROR] LogOutputStream:75 - [STDERR_REDIRECT] 
2025-11-11 21:23:03,461 [ERROR] LogOutputStream:75 - [STDERR_REDIRECT] [Fatal Error] :1:1: Premature end of file.
2025-11-11 21:23:03,461 [ERROR] LogOutputStream:75 - [STDERR_REDIRECT] 
2025-11-11 21:23:04,455 [ERROR] LogOutputStream:75 - [STDERR_REDIRECT] [Fatal Error] :1:1: Premature end of file.
2025-11-11 21:23:04,455 [ERROR] LogOutputStream:75 - [STDERR_REDIRECT] 
2025-11-11 21:23:05,455 [ERROR] LogOutputStream:75 - [STDERR_REDIRECT] [Fatal Error] :1:1: Premature end of file.
2025-11-11 21:23:05,455 [ERROR] LogOutputStream:75 - [STDERR_REDIRECT] 
2025-11-11 21:23:06,465 [ERROR] LogOutputStream:75 - [STDERR_REDIRECT] [Fatal Error] :1:1: Premature end of file.
2025-11-11 21:23:06,465 [ERROR] LogOutputStream:75 - [STDERR_REDIRECT] 
2025-11-11 21:23:07,470 [ERROR] LogOutputStream:75 - [STDERR_REDIRECT] [Fatal Error] :1:1: Premature end of file.
2025-11-11 21:23:07,470 [ERROR] LogOutputStream:75 - [STDERR_REDIRECT] 
2025-11-11 21:23:08,459 [ERROR] LogOutputStream:75 - [STDERR_REDIRECT] [Fatal Error] :1:1: Premature end of file.
2025-11-11 21:23:08,459 [ERROR] LogOutputStream:75 - [STDERR_REDIRECT] 
2025-11-11 21:23:09,468 [ERROR] LogOutputStream:75 - [STDERR_REDIRECT] [Fatal Error] :1:1: Premature end of file.
2025-11-11 21:23:09,468 [ERROR] LogOutputStream:75 - [STDERR_REDIRECT] 
2025-11-11 21:23:10,455 [ERROR] LogOutputStream:75 - [STDERR_REDIRECT] [Fatal Error] :1:1: Premature end of file.
2025-11-11 21:23:10,455 [ERROR] LogOutputStream:75 - [STDERR_REDIRECT] 
2025-11-11 21:23:11,458 [ERROR] LogOutputStream:75 - [STDERR_REDIRECT] [Fatal Error] :1:1: Premature end of file.
2025-11-11 21:23:11,459 [ERROR] LogOutputStream:75 - [STDERR_REDIRECT] 
2025-11-11 21:23:12,457 [ERROR] LogOutputStream:75 - [STDERR_REDIRECT] [Fatal Error] :1:1: Premature end of file.
2025-11-11 21:23:12,457 [ERROR] LogOutputStream:75 - [STDERR_REDIRECT] 
2025-11-11 21:23:13,453 [ERROR] LogOutputStream:75 - [STDERR_REDIRECT] [Fatal Error] :1:1: Premature end of file.
2025-11-11 21:23:13,453 [ERROR] LogOutputStream:75 - [STDERR_REDIRECT] 
2025-11-11 21:23:14,452 [ERROR] LogOutputStream:75 - [STDERR_REDIRECT] [Fatal Error] :1:1: Premature end of file.
2025-11-11 21:23:14,452 [ERROR] LogOutputStream:75 - [STDERR_REDIRECT] 
2025-11-11 21:23:15,466 [ERROR] LogOutputStream:75 - [STDERR_REDIRECT] [Fatal Error] :1:1: Premature end of file.
2025-11-11 21:23:15,466 [ERROR] LogOutputStream:75 - [STDERR_REDIRECT] 
2025-11-11 21:23:16,468 [ERROR] LogOutputStream:75 - [STDERR_REDIRECT] [Fatal Error] :1:1: Premature end of file.
2025-11-11 21:23:16,468 [ERROR] LogOutputStream:75 - [STDERR_REDIRECT] 
2025-11-11 21:23:17,456 [ERROR] LogOutputStream:75 - [STDERR_REDIRECT] [Fatal Error] :1:1: Premature end of file.
2025-11-11 21:23:17,457 [ERROR] LogOutputStream:75 - [STDERR_REDIRECT] 
2025-11-11 21:23:18,452 [ERROR] LogOutputStream:75 - [STDERR_REDIRECT] [Fatal Error] :1:1: Premature end of file.
2025-11-11 21:23:18,453 [ERROR] LogOutputStream:75 - [STDERR_REDIRECT] 
2025-11-11 21:23:19,461 [ERROR] LogOutputStream:75 - [STDERR_REDIRECT] [Fatal Error] :1:1: Premature end of file.
2025-11-11 21:23:19,461 [ERROR] LogOutputStream:75 - [STDERR_REDIRECT] 
2025-11-11 21:23:20,468 [ERROR] LogOutputStream:75 - [STDERR_REDIRECT] [Fatal Error] :1:1: Premature end of file.
2025-11-11 21:23:20,468 [ERROR] LogOutputStream:75 - [STDERR_REDIRECT] 
2025-11-11 21:23:21,463 [ERROR] LogOutputStream:75 - [STDERR_REDIRECT] [Fatal Error] :1:1: Premature end of file.
2025-11-11 21:23:21,463 [ERROR] LogOutputStream:75 - [STDERR_REDIRECT] 
2025-11-11 21:23:22,469 [ERROR] LogOutputStream:75 - [STDERR_REDIRECT] [Fatal Error] :1:1: Premature end of file.
2025-11-11 21:23:22,469 [ERROR] LogOutputStream:75 - [STDERR_REDIRECT] 
2025-11-11 21:23:23,468 [ERROR] LogOutputStream:75 - [STDERR_REDIRECT] [Fatal Error] :1:1: Premature end of file.
2025-11-11 21:23:23,468 [ERROR] LogOutputStream:75 - [STDERR_REDIRECT] 
2025-11-11 21:23:24,459 [ERROR] LogOutputStream:75 - [STDERR_REDIRECT] [Fatal Error] :1:1: Premature end of file.
2025-11-11 21:23:24,459 [ERROR] LogOutputStream:75 - [STDERR_REDIRECT] 
2025-11-11 21:23:25,457 [ERROR] LogOutputStream:75 - [STDERR_REDIRECT] [Fatal Error] :1:1: Premature end of file.
2025-11-11 21:23:25,458 [ERROR] LogOutputStream:75 - [STDERR_REDIRECT] 
2025-11-11 21:23:26,459 [ERROR] LogOutputStream:75 - [STDERR_REDIRECT] [Fatal Error] :1:1: Premature end of file.
2025-11-11 21:23:26,459 [ERROR] LogOutputStream:75 - [STDERR_REDIRECT] 
2025-11-11 21:23:27,457 [ERROR] LogOutputStream:75 - [STDERR_REDIRECT] [Fatal Error] :1:1: Premature end of file.
2025-11-11 21:23:27,457 [ERROR] LogOutputStream:75 - [STDERR_REDIRECT] 
2025-11-11 21:23:28,436 [ERROR] LogOutputStream:75 - [STDERR_REDIRECT] [Fatal Error] :1:1: Premature end of file.
2025-11-11 21:23:28,436 [ERROR] LogOutputStream:75 - [STDERR_REDIRECT] 
2025-11-11 21:23:29,434 [ERROR] LogOutputStream:75 - [STDERR_REDIRECT] [Fatal Error] :1:1: Premature end of file.
2025-11-11 21:23:29,434 [ERROR] LogOutputStream:75 - [STDERR_REDIRECT] 
2025-11-11 21:23:30,433 [ERROR] LogOutputStream:75 - [STDERR_REDIRECT] [Fatal Error] :1:1: Premature end of file.
2025-11-11 21:23:30,433 [ERROR] LogOutputStream:75 - [STDERR_REDIRECT] 
2025-11-11 21:23:31,434 [ERROR] LogOutputStream:75 - [STDERR_REDIRECT] [Fatal Error] :1:1: Premature end of file.
2025-11-11 21:23:31,434 [ERROR] LogOutputStream:75 - [STDERR_REDIRECT] 
2025-11-11 21:23:32,433 [ERROR] LogOutputStream:75 - [STDERR_REDIRECT] [Fatal Error] :1:1: Premature end of file.
2025-11-11 21:23:32,433 [ERROR] LogOutputStream:75 - [STDERR_REDIRECT] 
2025-11-11 21:23:33,465 [ERROR] LogOutputStream:75 - [STDERR_REDIRECT] [Fatal Error] :1:1: Premature end of file.
2025-11-11 21:23:33,465 [ERROR] LogOutputStream:75 - [STDERR_REDIRECT] 
2025-11-11 21:23:34,465 [ERROR] LogOutputStream:75 - [STDERR_REDIRECT] [Fatal Error] :1:1: Premature end of file.
2025-11-11 21:23:34,466 [ERROR] LogOutputStream:75 - [STDERR_REDIRECT] 
2025-11-11 21:23:35,466 [ERROR] LogOutputStream:75 - [STDERR_REDIRECT] [Fatal Error] :1:1: Premature end of file.
2025-11-11 21:23:35,466 [ERROR] LogOutputStream:75 - [STDERR_REDIRECT] 
2025-11-11 21:23:36,459 [ERROR] LogOutputStream:75 - [STDERR_REDIRECT] [Fatal Error] :1:1: Premature end of file.
2025-11-11 21:23:36,459 [ERROR] LogOutputStream:75 - [STDERR_REDIRECT] 
2025-11-11 21:23:37,466 [ERROR] LogOutputStream:75 - [STDERR_REDIRECT] [Fatal Error] :1:1: Premature end of file.
2025-11-11 21:23:37,466 [ERROR] LogOutputStream:75 - [STDERR_REDIRECT] 
2025-11-11 21:23:38,463 [ERROR] LogOutputStream:75 - [STDERR_REDIRECT] [Fatal Error] :1:1: Premature end of file.
2025-11-11 21:23:38,463 [ERROR] LogOutputStream:75 - [STDERR_REDIRECT] 
2025-11-11 21:23:39,463 [ERROR] LogOutputStream:75 - [STDERR_REDIRECT] [Fatal Error] :1:1: Premature end of file.
2025-11-11 21:23:39,463 [ERROR] LogOutputStream:75 - [STDERR_REDIRECT] 
2025-11-11 21:23:40,466 [ERROR] LogOutputStream:75 - [STDERR_REDIRECT] [Fatal Error] :1:1: Premature end of file.
2025-11-11 21:23:40,467 [ERROR] LogOutputStream:75 - [STDERR_REDIRECT] 
2025-11-11 21:23:41,455 [ERROR] LogOutputStream:75 - [STDERR_REDIRECT] [Fatal Error] :1:1: Premature end of file.
2025-11-11 21:23:41,456 [ERROR] LogOutputStream:75 - [STDERR_REDIRECT] 
2025-11-11 21:23:42,462 [ERROR] LogOutputStream:75 - [STDERR_REDIRECT] [Fatal Error] :1:1: Premature end of file.
2025-11-11 21:23:42,462 [ERROR] LogOutputStream:75 - [STDERR_REDIRECT] 
2025-11-11 21:23:43,466 [ERROR] LogOutputStream:75 - [STDERR_REDIRECT] [Fatal Error] :1:1: Premature end of file.
2025-11-11 21:23:43,467 [ERROR] LogOutputStream:75 - [STDERR_REDIRECT] 
2025-11-11 21:23:44,455 [ERROR] LogOutputStream:75 - [STDERR_REDIRECT] [Fatal Error] :1:1: Premature end of file.
2025-11-11 21:23:44,455 [ERROR] LogOutputStream:75 - [STDERR_REDIRECT] 
2025-11-11 21:23:45,459 [ERROR] LogOutputStream:75 - [STDERR_REDIRECT] [Fatal Error] :1:1: Premature end of file.
2025-11-11 21:23:45,459 [ERROR] LogOutputStream:75 - [STDERR_REDIRECT] 
2025-11-11 21:23:46,459 [ERROR] LogOutputStream:75 - [STDERR_REDIRECT] [Fatal Error] :1:1: Premature end of file.
2025-11-11 21:23:46,459 [ERROR] LogOutputStream:75 - [STDERR_REDIRECT] 
2025-11-11 21:23:47,463 [ERROR] LogOutputStream:75 - [STDERR_REDIRECT] [Fatal Error] :1:1: Premature end of file.
2025-11-11 21:23:47,463 [ERROR] LogOutputStream:75 - [STDERR_REDIRECT] 
2025-11-11 21:23:48,460 [ERROR] LogOutputStream:75 - [STDERR_REDIRECT] [Fatal Error] :1:1: Premature end of file.
2025-11-11 21:23:48,460 [ERROR] LogOutputStream:75 - [STDERR_REDIRECT] 
2025-11-11 21:23:49,464 [ERROR] LogOutputStream:75 - [STDERR_REDIRECT] [Fatal Error] :1:1: Premature end of file.
2025-11-11 21:23:49,464 [ERROR] LogOutputStream:75 - [STDERR_REDIRECT] 
2025-11-11 21:23:50,466 [ERROR] LogOutputStream:75 - [STDERR_REDIRECT] [Fatal Error] :1:1: Premature end of file.
2025-11-11 21:23:50,466 [ERROR] LogOutputStream:75 - [STDERR_REDIRECT] 
2025-11-11 21:23:51,460 [ERROR] LogOutputStream:75 - [STDERR_REDIRECT] [Fatal Error] :1:1: Premature end of file.
2025-11-11 21:23:51,460 [ERROR] LogOutputStream:75 - [STDERR_REDIRECT] 
2025-11-11 21:23:52,466 [ERROR] LogOutputStream:75 - [STDERR_REDIRECT] [Fatal Error] :1:1: Premature end of file.
2025-11-11 21:23:52,466 [ERROR] LogOutputStream:75 - [STDERR_REDIRECT] 
2025-11-11 21:23:53,462 [ERROR] LogOutputStream:75 - [STDERR_REDIRECT] [Fatal Error] :1:1: Premature end of file.
2025-11-11 21:23:53,462 [ERROR] LogOutputStream:75 - [STDERR_REDIRECT] 
2025-11-11 21:23:54,464 [ERROR] LogOutputStream:75 - [STDERR_REDIRECT] [Fatal Error] :1:1: Premature end of file.
2025-11-11 21:23:54,464 [ERROR] LogOutputStream:75 - [STDERR_REDIRECT] 
2025-11-11 21:23:55,464 [ERROR] LogOutputStream:75 - [STDERR_REDIRECT] [Fatal Error] :1:1: Premature end of file.
2025-11-11 21:23:55,464 [ERROR] LogOutputStream:75 - [STDERR_REDIRECT] 
2025-11-11 21:23:56,461 [ERROR] LogOutputStream:75 - [STDERR_REDIRECT] [Fatal Error] :1:1: Premature end of file.
2025-11-11 21:23:56,461 [ERROR] LogOutputStream:75 - [STDERR_REDIRECT] 
2025-11-11 21:23:57,461 [ERROR] LogOutputStream:75 - [STDERR_REDIRECT] [Fatal Error] :1:1: Premature end of file.
2025-11-11 21:23:57,461 [ERROR] LogOutputStream:75 - [STDERR_REDIRECT] 
2025-11-11 21:23:58,464 [ERROR] LogOutputStream:75 - [STDERR_REDIRECT] [Fatal Error] :1:1: Premature end of file.
2025-11-11 21:23:58,465 [ERROR] LogOutputStream:75 - [STDERR_REDIRECT] 
2025-11-11 21:23:59,462 [ERROR] LogOutputStream:75 - [STDERR_REDIRECT] [Fatal Error] :1:1: Premature end of file.
2025-11-11 21:23:59,462 [ERROR] LogOutputStream:75 - [STDERR_REDIRECT] 
2025-11-11 21:24:00,462 [ERROR] LogOutputStream:75 - [STDERR_REDIRECT] [Fatal Error] :1:1: Premature end of file.
2025-11-11 21:24:00,462 [ERROR] LogOutputStream:75 - [STDERR_REDIRECT] 
2025-11-11 21:24:01,462 [ERROR] LogOutputStream:75 - [STDERR_REDIRECT] [Fatal Error] :1:1: Premature end of file.
2025-11-11 21:24:01,462 [ERROR] LogOutputStream:75 - [STDERR_REDIRECT] 
2025-11-11 21:24:02,464 [ERROR] LogOutputStream:75 - [STDERR_REDIRECT] [Fatal Error] :1:1: Premature end of file.
2025-11-11 21:24:02,464 [ERROR] LogOutputStream:75 - [STDERR_REDIRECT] 
2025-11-11 21:24:03,464 [ERROR] LogOutputStream:75 - [STDERR_REDIRECT] [Fatal Error] :1:1: Premature end of file.
2025-11-11 21:24:03,464 [ERROR] LogOutputStream:75 - [STDERR_REDIRECT] 
2025-11-11 21:24:04,461 [ERROR] LogOutputStream:75 - [STDERR_REDIRECT] [Fatal Error] :1:1: Premature end of file.
2025-11-11 21:24:04,461 [ERROR] LogOutputStream:75 - [STDERR_REDIRECT] 
2025-11-11 21:24:05,464 [ERROR] LogOutputStream:75 - [STDERR_REDIRECT] [Fatal Error] :1:1: Premature end of file.
2025-11-11 21:24:05,464 [ERROR] LogOutputStream:75 - [STDERR_REDIRECT] 
2025-11-11 21:24:06,459 [ERROR] LogOutputStream:75 - [STDERR_REDIRECT] [Fatal Error] :1:1: Premature end of file.
2025-11-11 21:24:06,459 [ERROR] LogOutputStream:75 - [STDERR_REDIRECT] 
2025-11-11 21:24:07,468 [ERROR] LogOutputStream:75 - [STDERR_REDIRECT] [Fatal Error] :1:1: Premature end of file.
2025-11-11 21:24:07,468 [ERROR] LogOutputStream:75 - [STDERR_REDIRECT] 
2025-11-11 21:24:08,463 [ERROR] LogOutputStream:75 - [STDERR_REDIRECT] [Fatal Error] :1:1: Premature end of file.
2025-11-11 21:24:08,464 [ERROR] LogOutputStream:75 - [STDERR_REDIRECT] 
2025-11-11 21:24:09,448 [ERROR] LogOutputStream:75 - [STDERR_REDIRECT] [Fatal Error] :1:1: Premature end of file.
2025-11-11 21:24:09,449 [ERROR] LogOutputStream:75 - [STDERR_REDIRECT] 
2025-11-11 21:24:10,481 [ERROR] LogOutputStream:75 - [STDERR_REDIRECT] [Fatal Error] :1:1: Premature end of file.
2025-11-11 21:24:10,481 [ERROR] LogOutputStream:75 - [STDERR_REDIRECT] 
2025-11-11 21:24:11,497 [ERROR] LogOutputStream:75 - [STDERR_REDIRECT] [Fatal Error] :1:1: Premature end of file.
2025-11-11 21:24:11,497 [ERROR] LogOutputStream:75 - [STDERR_REDIRECT] 
2025-11-11 21:24:12,515 [ERROR] LogOutputStream:75 - [STDERR_REDIRECT] [Fatal Error] :1:1: Premature end of file.
2025-11-11 21:24:12,515 [ERROR] LogOutputStream:75 - [STDERR_REDIRECT] 
2025-11-11 21:24:13,503 [ERROR] LogOutputStream:75 - [STDERR_REDIRECT] [Fatal Error] :1:1: Premature end of file.
2025-11-11 21:24:13,503 [ERROR] LogOutputStream:75 - [STDERR_REDIRECT] 
2025-11-11 21:24:14,504 [ERROR] LogOutputStream:75 - [STDERR_REDIRECT] [Fatal Error] :1:1: Premature end of file.
2025-11-11 21:24:14,505 [ERROR] LogOutputStream:75 - [STDERR_REDIRECT] 
2025-11-11 21:24:15,499 [ERROR] LogOutputStream:75 - [STDERR_REDIRECT] [Fatal Error] :1:1: Premature end of file.
2025-11-11 21:24:15,499 [ERROR] LogOutputStream:75 - [STDERR_REDIRECT] 
2025-11-11 21:24:16,493 [ERROR] LogOutputStream:75 - [STDERR_REDIRECT] [Fatal Error] :1:1: Premature end of file.
2025-11-11 21:24:16,493 [ERROR] LogOutputStream:75 - [STDERR_REDIRECT] 
2025-11-11 21:24:17,559 [ERROR] LogOutputStream:75 - [STDERR_REDIRECT] [Fatal Error] :1:1: Premature end of file.
2025-11-11 21:24:17,559 [ERROR] LogOutputStream:75 - [STDERR_REDIRECT] 
2025-11-11 21:24:18,500 [ERROR] LogOutputStream:75 - [STDERR_REDIRECT] [Fatal Error] :1:1: Premature end of file.
2025-11-11 21:24:18,500 [ERROR] LogOutputStream:75 - [STDERR_REDIRECT] 
2025-11-11 21:24:19,497 [ERROR] LogOutputStream:75 - [STDERR_REDIRECT] [Fatal Error] :1:1: Premature end of file.
2025-11-11 21:24:19,497 [ERROR] LogOutputStream:75 - [STDERR_REDIRECT] 
2025-11-11 21:24:20,493 [ERROR] LogOutputStream:75 - [STDERR_REDIRECT] [Fatal Error] :1:1: Premature end of file.
2025-11-11 21:24:20,494 [ERROR] LogOutputStream:75 - [STDERR_REDIRECT] 
2025-11-11 21:24:21,482 [ERROR] LogOutputStream:75 - [STDERR_REDIRECT] [Fatal Error] :1:1: Premature end of file.
2025-11-11 21:24:21,482 [ERROR] LogOutputStream:75 - [STDERR_REDIRECT] 
2025-11-11 21:24:22,505 [ERROR] LogOutputStream:75 - [STDERR_REDIRECT] [Fatal Error] :1:1: Premature end of file.
2025-11-11 21:24:22,505 [ERROR] LogOutputStream:75 - [STDERR_REDIRECT] 
2025-11-11 21:24:23,491 [ERROR] LogOutputStream:75 - [STDERR_REDIRECT] [Fatal Error] :1:1: Premature end of file.
2025-11-11 21:24:23,491 [ERROR] LogOutputStream:75 - [STDERR_REDIRECT] 
2025-11-11 21:24:24,497 [ERROR] LogOutputStream:75 - [STDERR_REDIRECT] [Fatal Error] :1:1: Premature end of file.
2025-11-11 21:24:24,497 [ERROR] LogOutputStream:75 - [STDERR_REDIRECT] 
2025-11-11 21:24:25,605 [ERROR] LogOutputStream:75 - [STDERR_REDIRECT] [Fatal Error] :1:1: Premature end of file.
2025-11-11 21:24:25,606 [ERROR] LogOutputStream:75 - [STDERR_REDIRECT] 
2025-11-11 21:24:26,490 [ERROR] LogOutputStream:75 - [STDERR_REDIRECT] [Fatal Error] :1:1: Premature end of file.
2025-11-11 21:24:26,491 [ERROR] LogOutputStream:75 - [STDERR_REDIRECT] 
2025-11-11 21:24:27,478 [ERROR] LogOutputStream:75 - [STDERR_REDIRECT] [Fatal Error] :1:1: Premature end of file.
2025-11-11 21:24:27,478 [ERROR] LogOutputStream:75 - [STDERR_REDIRECT] 
2025-11-11 21:24:28,501 [ERROR] LogOutputStream:75 - [STDERR_REDIRECT] [Fatal Error] :1:1: Premature end of file.
2025-11-11 21:24:28,501 [ERROR] LogOutputStream:75 - [STDERR_REDIRECT] 
2025-11-11 21:24:29,488 [ERROR] LogOutputStream:75 - [STDERR_REDIRECT] [Fatal Error] :1:1: Premature end of file.
2025-11-11 21:24:29,488 [ERROR] LogOutputStream:75 - [STDERR_REDIRECT] 
2025-11-11 21:24:30,479 [ERROR] LogOutputStream:75 - [STDERR_REDIRECT] [Fatal Error] :1:1: Premature end of file.
2025-11-11 21:24:30,480 [ERROR] LogOutputStream:75 - [STDERR_REDIRECT] 
2025-11-11 21:24:31,494 [ERROR] LogOutputStream:75 - [STDERR_REDIRECT] [Fatal Error] :1:1: Premature end of file.
2025-11-11 21:24:31,494 [ERROR] LogOutputStream:75 - [STDERR_REDIRECT] 
2025-11-11 21:24:32,685 [ERROR] LogOutputStream:75 - [STDERR_REDIRECT] [Fatal Error] :1:1: Premature end of file.
2025-11-11 21:24:32,686 [ERROR] LogOutputStream:75 - [STDERR_REDIRECT] 
2025-11-11 21:24:33,500 [ERROR] LogOutputStream:75 - [STDERR_REDIRECT] [Fatal Error] :1:1: Premature end of file.
2025-11-11 21:24:33,500 [ERROR] LogOutputStream:75 - [STDERR_REDIRECT] 
2025-11-11 21:24:34,627 [ERROR] LogOutputStream:75 - [STDERR_REDIRECT] [Fatal Error] :1:1: Premature end of file.
2025-11-11 21:24:34,628 [ERROR] LogOutputStream:75 - [STDERR_REDIRECT] 
2025-11-11 21:24:35,467 [ERROR] LogOutputStream:75 - [STDERR_REDIRECT] [Fatal Error] :1:1: Premature end of file.
2025-11-11 21:24:35,468 [ERROR] LogOutputStream:75 - [STDERR_REDIRECT] 
2025-11-11 21:24:35,685 [INFO] WebApp:191 - Connection restablished
2025-11-11 21:24:36,491 [ERROR] LogOutputStream:75 - [STDERR_REDIRECT] [Fatal Error] :1:1: Premature end of file.
2025-11-11 21:24:36,491 [ERROR] LogOutputStream:75 - [STDERR_REDIRECT] 
2025-11-11 21:24:37,483 [ERROR] LogOutputStream:75 - [STDERR_REDIRECT] [Fatal Error] :1:1: Premature end of file.
2025-11-11 21:24:37,484 [ERROR] LogOutputStream:75 - [STDERR_REDIRECT] 
2025-11-11 21:24:38,386 [INFO] WebApp:194 - Connection lost
2025-11-11 21:24:38,489 [ERROR] LogOutputStream:75 - [STDERR_REDIRECT] [Fatal Error] :1:1: Premature end of file.
2025-11-11 21:24:38,489 [ERROR] LogOutputStream:75 - [STDERR_REDIRECT] 
2025-11-11 21:24:38,746 [INFO] WebApp:191 - Connection restablished
2025-11-11 21:24:39,484 [ERROR] LogOutputStream:75 - [STDERR_REDIRECT] [Fatal Error] :1:1: Premature end of file.
2025-11-11 21:24:39,484 [ERROR] LogOutputStream:75 - [STDERR_REDIRECT] 
2025-11-11 21:24:40,643 [ERROR] LogOutputStream:75 - [STDERR_REDIRECT] [Fatal Error] :1:1: Premature end of file.
2025-11-11 21:24:40,643 [ERROR] LogOutputStream:75 - [STDERR_REDIRECT] 
2025-11-11 21:24:41,509 [ERROR] LogOutputStream:75 - [STDERR_REDIRECT] [Fatal Error] :1:1: Premature end of file.
2025-11-11 21:24:41,509 [ERROR] LogOutputStream:75 - [STDERR_REDIRECT] 
2025-11-11 21:24:42,511 [ERROR] LogOutputStream:75 - [STDERR_REDIRECT] [Fatal Error] :1:1: Premature end of file.
2025-11-11 21:24:42,511 [ERROR] LogOutputStream:75 - [STDERR_REDIRECT] 
2025-11-11 21:24:43,506 [ERROR] LogOutputStream:75 - [STDERR_REDIRECT] [Fatal Error] :1:1: Premature end of file.
2025-11-11 21:24:43,506 [ERROR] LogOutputStream:75 - [STDERR_REDIRECT] 
2025-11-11 21:24:44,521 [ERROR] LogOutputStream:75 - [STDERR_REDIRECT] [Fatal Error] :1:1: Premature end of file.
2025-11-11 21:24:44,521 [ERROR] LogOutputStream:75 - [STDERR_REDIRECT] 
2025-11-11 21:24:45,487 [ERROR] LogOutputStream:75 - [STDERR_REDIRECT] [Fatal Error] :1:1: Premature end of file.
2025-11-11 21:24:45,487 [ERROR] LogOutputStream:75 - [STDERR_REDIRECT] 
2025-11-11 21:24:46,497 [ERROR] LogOutputStream:75 - [STDERR_REDIRECT] [Fatal Error] :1:1: Premature end of file.
2025-11-11 21:24:46,497 [ERROR] LogOutputStream:75 - [STDERR_REDIRECT] 
2025-11-11 21:24:47,482 [ERROR] LogOutputStream:75 - [STDERR_REDIRECT] [Fatal Error] :1:1: Premature end of file.
2025-11-11 21:24:47,482 [ERROR] LogOutputStream:75 - [STDERR_REDIRECT] 
2025-11-11 21:24:48,517 [ERROR] LogOutputStream:75 - [STDERR_REDIRECT] [Fatal Error] :1:1: Premature end of file.
2025-11-11 21:24:48,517 [ERROR] LogOutputStream:75 - [STDERR_REDIRECT] 
2025-11-11 21:24:49,503 [ERROR] LogOutputStream:75 - [STDERR_REDIRECT] [Fatal Error] :1:1: Premature end of file.
2025-11-11 21:24:49,503 [ERROR] LogOutputStream:75 - [STDERR_REDIRECT] 
2025-11-11 21:24:50,500 [ERROR] LogOutputStream:75 - [STDERR_REDIRECT] [Fatal Error] :1:1: Premature end of file.
2025-11-11 21:24:50,501 [ERROR] LogOutputStream:75 - [STDERR_REDIRECT] 
2025-11-11 21:24:51,510 [ERROR] LogOutputStream:75 - [STDERR_REDIRECT] [Fatal Error] :1:1: Premature end of file.
2025-11-11 21:24:51,511 [ERROR] LogOutputStream:75 - [STDERR_REDIRECT] 
2025-11-11 21:24:52,495 [ERROR] LogOutputStream:75 - [STDERR_REDIRECT] [Fatal Error] :1:1: Premature end of file.
2025-11-11 21:24:52,495 [ERROR] LogOutputStream:75 - [STDERR_REDIRECT] 
2025-11-11 21:24:53,440 [ERROR] LogOutputStream:75 - [STDERR_REDIRECT] [Fatal Error] :1:1: Premature end of file.
2025-11-11 21:24:53,440 [ERROR] LogOutputStream:75 - [STDERR_REDIRECT] 
2025-11-11 21:24:54,463 [ERROR] LogOutputStream:75 - [STDERR_REDIRECT] [Fatal Error] :1:1: Premature end of file.
2025-11-11 21:24:54,463 [ERROR] LogOutputStream:75 - [STDERR_REDIRECT] 
2025-11-11 21:24:55,449 [ERROR] LogOutputStream:75 - [STDERR_REDIRECT] [Fatal Error] :1:1: Premature end of file.
2025-11-11 21:24:55,449 [ERROR] LogOutputStream:75 - [STDERR_REDIRECT] 
2025-11-11 21:24:56,459 [ERROR] LogOutputStream:75 - [STDERR_REDIRECT] [Fatal Error] :1:1: Premature end of file.
2025-11-11 21:24:56,459 [ERROR] LogOutputStream:75 - [STDERR_REDIRECT] 
2025-11-11 21:24:57,462 [ERROR] LogOutputStream:75 - [STDERR_REDIRECT] [Fatal Error] :1:1: Premature end of file.
2025-11-11 21:24:57,462 [ERROR] LogOutputStream:75 - [STDERR_REDIRECT] 
2025-11-11 21:24:58,467 [ERROR] LogOutputStream:75 - [STDERR_REDIRECT] [Fatal Error] :1:1: Premature end of file.
2025-11-11 21:24:58,467 [ERROR] LogOutputStream:75 - [STDERR_REDIRECT] 
2025-11-11 21:24:59,442 [ERROR] LogOutputStream:75 - [STDERR_REDIRECT] [Fatal Error] :1:1: Premature end of file.
2025-11-11 21:24:59,442 [ERROR] LogOutputStream:75 - [STDERR_REDIRECT] 
2025-11-11 21:25:00,465 [ERROR] LogOutputStream:75 - [STDERR_REDIRECT] [Fatal Error] :1:1: Premature end of file.
2025-11-11 21:25:00,466 [ERROR] LogOutputStream:75 - [STDERR_REDIRECT] 
2025-11-11 21:25:01,456 [ERROR] LogOutputStream:75 - [STDERR_REDIRECT] [Fatal Error] :1:1: Premature end of file.
2025-11-11 21:25:01,456 [ERROR] LogOutputStream:75 - [STDERR_REDIRECT] 
2025-11-11 21:25:02,460 [ERROR] LogOutputStream:75 - [STDERR_REDIRECT] [Fatal Error] :1:1: Premature end of file.
2025-11-11 21:25:02,460 [ERROR] LogOutputStream:75 - [STDERR_REDIRECT] 
2025-11-11 21:25:03,465 [ERROR] LogOutputStream:75 - [STDERR_REDIRECT] [Fatal Error] :1:1: Premature end of file.
2025-11-11 21:25:03,465 [ERROR] LogOutputStream:75 - [STDERR_REDIRECT] 
2025-11-11 21:25:04,458 [ERROR] LogOutputStream:75 - [STDERR_REDIRECT] [Fatal Error] :1:1: Premature end of file.
2025-11-11 21:25:04,459 [ERROR] LogOutputStream:75 - [STDERR_REDIRECT] 
