2025-11-05 17:41:27,868 [INFO] Activator:176 - 


2025-11-05 17:41:27,875 [INFO] Activator:177 - !SESSION log4j initialized
2025-11-05 17:41:36,108 [INFO] LogOutputStream:77 - [STDOUT_REDIRECT] 
2025-11-05 17:41:45,559 [ERROR] LogOutputStream:75 - [STDERR_REDIRECT] [Fatal Error] :1:1: Premature end of file.
2025-11-05 17:41:45,562 [ERROR] LogOutputStream:75 - [STDERR_REDIRECT] 
2025-11-05 17:41:46,412 [ERROR] LogOutputStream:75 - [STDERR_REDIRECT] [Fatal Error] :1:1: Premature end of file.
2025-11-05 17:41:46,413 [ERROR] LogOutputStream:75 - [STDERR_REDIRECT] 
2025-11-05 17:41:47,399 [ERROR] LogOutputStream:75 - [STDERR_REDIRECT] [Fatal Error] :1:1: Premature end of file.
2025-11-05 17:41:47,401 [ERROR] LogOutputStream:75 - [STDERR_REDIRECT] 
2025-11-05 17:41:48,002 [INFO] ApplicationProperties:184 - Using Application install path: C:\ST\STM32CubeIDE_1.18.1\STM32CubeIDE\plugins\com.st.stm32cube.common.mx_6.15.0.202507011659
2025-11-05 17:41:48,064 [INFO] DbMcusXml:78 - Set database path to: C:\ST\STM32CubeIDE_1.18.1\STM32CubeIDE\plugins\com.st.stm32cube.common.mx_6.15.0.202507011659\\db\/mcu/
2025-11-05 17:41:48,065 [INFO] ApiDb:274 - Set plugin database path to: C:\ST\STM32CubeIDE_1.18.1\STM32CubeIDE\plugins\com.st.stm32cube.common.mx_6.15.0.202507011659\\db\/plugins/boardmanager/
2025-11-05 17:41:48,065 [WARN] ApiDb:259 - Overriding images path with different value:  => C:\ST\STM32CubeIDE_1.18.1\STM32CubeIDE\plugins\com.st.stm32cube.common.mx_6.15.0.202507011659\\db\/plugins/mcufinder/images/
2025-11-05 17:41:48,103 [INFO] ApiDb:250 - Set database path to: C:\Users\mathe\.stmcufinder\plugins\mcufinder//mcu/
2025-11-05 17:41:48,107 [INFO] DbMcusAds:125 - Set database path to: C:\Users\mathe\.stmcufinder\plugins\mcufinder//mcu/
2025-11-05 17:41:48,116 [INFO] CrossReferenceDbSqlite:203 - Set database path to: C:\Users\mathe\.stmcufinder\plugins\mcufinder//mcu/cs/
2025-11-05 17:41:48,397 [ERROR] LogOutputStream:75 - [STDERR_REDIRECT] [Fatal Error] :1:1: Premature end of file.
2025-11-05 17:41:48,398 [ERROR] LogOutputStream:75 - [STDERR_REDIRECT] 
2025-11-05 17:41:48,547 [INFO] RulesReader:64 - Compatibility file has been processed (317 Rules)
2025-11-05 17:41:48,955 [INFO] DbMcusXml:78 - Set database path to: C:\ST\STM32CubeIDE_1.18.1\STM32CubeIDE\plugins\com.st.stm32cube.common.mx_6.15.0.202507011659\\db\/mcu/
2025-11-05 17:41:48,956 [INFO] ApiDb:274 - Set plugin database path to: C:\ST\STM32CubeIDE_1.18.1\STM32CubeIDE\plugins\com.st.stm32cube.common.mx_6.15.0.202507011659\\db\/plugins/boardmanager/
2025-11-05 17:41:48,956 [INFO] ApiDb:261 - Set plugin images path to: C:\ST\STM32CubeIDE_1.18.1\STM32CubeIDE\plugins\com.st.stm32cube.common.mx_6.15.0.202507011659\\db\/plugins/mcufinder/images/
2025-11-05 17:41:48,957 [WARN] DbFile:41 - Overriding database path with different value: C:\Users\mathe\.stmcufinder\plugins\mcufinder/ => C:\Users\mathe\.stmcufinder\plugins\mcufinder
2025-11-05 17:41:48,957 [INFO] ApiDb:250 - Set database path to: C:\Users\mathe\.stmcufinder\plugins\mcufinder//mcu/
2025-11-05 17:41:48,958 [WARN] DbFile:41 - Overriding database path with different value: C:\Users\mathe\.stmcufinder\plugins\mcufinder/ => C:\Users\mathe\.stmcufinder\plugins\mcufinder
2025-11-05 17:41:48,958 [INFO] DbMcusAds:125 - Set database path to: C:\Users\mathe\.stmcufinder\plugins\mcufinder//mcu/
2025-11-05 17:41:48,958 [WARN] DbFile:41 - Overriding database path with different value: C:\Users\mathe\.stmcufinder\plugins\mcufinder/ => C:\Users\mathe\.stmcufinder\plugins\mcufinder
2025-11-05 17:41:48,958 [WARN] DbFile:41 - Overriding database path with different value: C:\Users\mathe\.stmcufinder\plugins\mcufinder/ => C:\Users\mathe\.stmcufinder\plugins\mcufinder
2025-11-05 17:41:48,960 [INFO] CrossReferenceDbSqlite:203 - Set database path to: C:\Users\mathe\.stmcufinder\plugins\mcufinder//mcu/cs/
2025-11-05 17:41:49,242 [INFO] MainPanel:274 - HeapMemory: 268435456
2025-11-05 17:41:49,392 [ERROR] LogOutputStream:75 - [STDERR_REDIRECT] [Fatal Error] :1:1: Premature end of file.
2025-11-05 17:41:49,393 [ERROR] LogOutputStream:75 - [STDERR_REDIRECT] 
2025-11-05 17:41:49,636 [INFO] DbMcusXml:78 - Set database path to: C:\ST\STM32CubeIDE_1.18.1\STM32CubeIDE\plugins\com.st.stm32cube.common.mx_6.15.0.202507011659\\db\/mcu/
2025-11-05 17:41:49,636 [INFO] ApiDb:274 - Set plugin database path to: C:\ST\STM32CubeIDE_1.18.1\STM32CubeIDE\plugins\com.st.stm32cube.common.mx_6.15.0.202507011659\\db\/plugins/boardmanager/
2025-11-05 17:41:49,637 [INFO] ApiDb:261 - Set plugin images path to: C:\ST\STM32CubeIDE_1.18.1\STM32CubeIDE\plugins\com.st.stm32cube.common.mx_6.15.0.202507011659\\db\/plugins/mcufinder/images/
2025-11-05 17:41:49,638 [WARN] DbFile:41 - Overriding database path with different value: C:\Users\mathe\.stmcufinder\plugins\mcufinder/ => C:\Users\mathe\.stmcufinder\plugins\mcufinder
2025-11-05 17:41:49,638 [INFO] ApiDb:250 - Set database path to: C:\Users\mathe\.stmcufinder\plugins\mcufinder//mcu/
2025-11-05 17:41:49,639 [WARN] DbFile:41 - Overriding database path with different value: C:\Users\mathe\.stmcufinder\plugins\mcufinder/ => C:\Users\mathe\.stmcufinder\plugins\mcufinder
2025-11-05 17:41:49,639 [INFO] DbMcusAds:125 - Set database path to: C:\Users\mathe\.stmcufinder\plugins\mcufinder//mcu/
2025-11-05 17:41:49,639 [WARN] DbFile:41 - Overriding database path with different value: C:\Users\mathe\.stmcufinder\plugins\mcufinder/ => C:\Users\mathe\.stmcufinder\plugins\mcufinder
2025-11-05 17:41:49,640 [WARN] DbFile:41 - Overriding database path with different value: C:\Users\mathe\.stmcufinder\plugins\mcufinder/ => C:\Users\mathe\.stmcufinder\plugins\mcufinder
2025-11-05 17:41:49,668 [INFO] CrossReferenceDbSqlite:203 - Set database path to: C:\Users\mathe\.stmcufinder\plugins\mcufinder//mcu/cs/
2025-11-05 17:41:49,744 [INFO] ApplicationProperties:184 - Using Application install path: C:\ST\STM32CubeIDE_1.18.1\STM32CubeIDE\plugins\com.st.stm32cube.common.mx_6.15.0.202507011659
2025-11-05 17:41:49,749 [INFO] PluginManage:196 - Search for loadable plugins [exclusion list=, ]
2025-11-05 17:41:49,754 [INFO] PluginManage:310 - Check plugin analytics
2025-11-05 17:41:50,426 [ERROR] LogOutputStream:75 - [STDERR_REDIRECT] [Fatal Error] :1:1: Premature end of file.
2025-11-05 17:41:50,427 [ERROR] LogOutputStream:75 - [STDERR_REDIRECT] 
2025-11-05 17:41:51,407 [ERROR] LogOutputStream:75 - [STDERR_REDIRECT] [Fatal Error] :1:1: Premature end of file.
2025-11-05 17:41:51,408 [ERROR] LogOutputStream:75 - [STDERR_REDIRECT] 
2025-11-05 17:41:52,412 [ERROR] LogOutputStream:75 - [STDERR_REDIRECT] [Fatal Error] :1:1: Premature end of file.
2025-11-05 17:41:52,413 [ERROR] LogOutputStream:75 - [STDERR_REDIRECT] 
2025-11-05 17:41:53,406 [ERROR] LogOutputStream:75 - [STDERR_REDIRECT] [Fatal Error] :1:1: Premature end of file.
2025-11-05 17:41:53,406 [ERROR] LogOutputStream:75 - [STDERR_REDIRECT] 
2025-11-05 17:41:54,402 [ERROR] LogOutputStream:75 - [STDERR_REDIRECT] [Fatal Error] :1:1: Premature end of file.
2025-11-05 17:41:54,403 [ERROR] LogOutputStream:75 - [STDERR_REDIRECT] 
2025-11-05 17:41:55,400 [ERROR] LogOutputStream:75 - [STDERR_REDIRECT] [Fatal Error] :1:1: Premature end of file.
2025-11-05 17:41:55,402 [ERROR] LogOutputStream:75 - [STDERR_REDIRECT] 
2025-11-05 17:41:55,638 [INFO] AnalyticsPlugin:253 - Accepted Software Licenses: 
2025-11-05 17:41:55,639 [INFO] AnalyticsPlugin:255 - Accepted CMSIS Pack Licenses: 
2025-11-05 17:41:55,639 [INFO] AnalyticsPlugin:257 - Accepted Firmware Licenses: 
2025-11-05 17:41:55,652 [INFO] PluginManage:359 - Loaded plugin analytics (category:tool,tabindex:-1)
2025-11-05 17:41:55,654 [INFO] PluginManage:310 - Check plugin cadmodel
2025-11-05 17:41:55,670 [INFO] CADModel:105 - Init CAD model plugin
2025-11-05 17:41:55,671 [INFO] PluginManage:359 - Loaded plugin cadmodel (category:power,tabindex:5)
2025-11-05 17:41:55,673 [INFO] PluginManage:310 - Check plugin clock
2025-11-05 17:41:55,707 [INFO] PluginManage:359 - Loaded plugin clock (category:base,tabindex:2)
2025-11-05 17:41:55,707 [INFO] PluginManage:310 - Check plugin ddr
2025-11-05 17:41:55,715 [INFO] PluginManage:359 - Loaded plugin ddr (category:tool,tabindex:6)
2025-11-05 17:41:55,716 [INFO] PluginManage:310 - Check plugin filemanager
2025-11-05 17:41:56,228 [INFO] PluginManage:359 - Loaded plugin filemanager (category:base,tabindex:10)
2025-11-05 17:41:56,228 [INFO] PluginManage:310 - Check plugin ipmanager
2025-11-05 17:41:56,258 [INFO] PluginManage:359 - Loaded plugin ipmanager (category:base,tabindex:5)
2025-11-05 17:41:56,260 [INFO] PluginManage:310 - Check plugin lpbam
2025-11-05 17:41:56,290 [INFO] PluginManage:359 - Loaded plugin lpbam (category:base,tabindex:0)
2025-11-05 17:41:56,291 [INFO] PluginManage:310 - Check plugin memorymap
2025-11-05 17:41:56,355 [INFO] PluginManage:359 - Loaded plugin memorymap (category:base,tabindex:4)
2025-11-05 17:41:56,356 [INFO] PluginManage:310 - Check plugin pinoutandconfiguration
2025-11-05 17:41:56,388 [INFO] PluginManage:359 - Loaded plugin pinoutandconfiguration (category:base,tabindex:1)
2025-11-05 17:41:56,388 [INFO] PluginManage:310 - Check plugin pinoutconfig
2025-11-05 17:41:56,407 [ERROR] LogOutputStream:75 - [STDERR_REDIRECT] [Fatal Error] :1:1: Premature end of file.
2025-11-05 17:41:56,408 [ERROR] LogOutputStream:75 - [STDERR_REDIRECT] 
2025-11-05 17:41:56,688 [WARN] SupportedApi:132 - Cannot load RTOS API schema: s4s-elt-must-match.1: The content of 'definitions' must match (annotation?, (simpleType | complexType)?, (unique | key | keyref)*)). A problem was found starting at: attribute.
2025-11-05 17:41:57,199 [INFO] PluginManage:359 - Loaded plugin pinoutconfig (category:base,tabindex:0)
2025-11-05 17:41:57,200 [INFO] PluginManage:310 - Check plugin power
2025-11-05 17:41:57,243 [INFO] PluginManage:359 - Loaded plugin power (category:power,tabindex:4)
2025-11-05 17:41:57,244 [INFO] PluginManage:310 - Check plugin projectmanager
2025-11-05 17:41:57,312 [INFO] PluginManage:359 - Loaded plugin projectmanager (category:projectmanager,tabindex:4)
2025-11-05 17:41:57,313 [INFO] PluginManage:310 - Check plugin rif
2025-11-05 17:41:57,354 [INFO] PluginManage:359 - Loaded plugin rif (category:base,tabindex:3)
2025-11-05 17:41:57,355 [INFO] PluginManage:310 - Check plugin thirdparty
2025-11-05 17:41:57,393 [ERROR] LogOutputStream:75 - [STDERR_REDIRECT] [Fatal Error] :1:1: Premature end of file.
2025-11-05 17:41:57,394 [ERROR] LogOutputStream:75 - [STDERR_REDIRECT] 
2025-11-05 17:41:57,897 [INFO] PluginManage:359 - Loaded plugin thirdparty (category:base,tabindex:-1)
2025-11-05 17:41:57,898 [INFO] PluginManage:310 - Check plugin tools
2025-11-05 17:41:57,897 [WARN] IntegrityCheckThread:84 - waiting for thirdparty lock release [integrity check]
2025-11-05 17:41:57,898 [INFO] IntegrityCheckThread:86 - entering critical section [integrity check]
2025-11-05 17:41:57,900 [INFO] ThirdPartyUpdaterWithRetryManager:70 - Updater plugin not ready yet. [1/15]
2025-11-05 17:41:57,918 [INFO] PluginManage:359 - Loaded plugin tools (category:base,tabindex:7)
2025-11-05 17:41:57,919 [INFO] PluginManage:310 - Check plugin tutovideos
2025-11-05 17:41:58,389 [ERROR] LogOutputStream:75 - [STDERR_REDIRECT] [Fatal Error] :1:1: Premature end of file.
2025-11-05 17:41:58,390 [ERROR] LogOutputStream:75 - [STDERR_REDIRECT] 
2025-11-05 17:41:58,708 [INFO] PluginManage:359 - Loaded plugin tutovideos (category:base,tabindex:-1)
2025-11-05 17:41:58,708 [INFO] PluginManage:310 - Check plugin updater
2025-11-05 17:41:58,787 [INFO] PluginManage:359 - Loaded plugin updater (category:base,tabindex:12)
2025-11-05 17:41:58,787 [INFO] PluginManage:310 - Check plugin userauth
2025-11-05 17:41:58,801 [INFO] UserAuth:118 - Init User Auth plugin
2025-11-05 17:41:58,807 [INFO] PluginManage:359 - Loaded plugin userauth (category:base,tabindex:14)
2025-11-05 17:41:58,811 [INFO] PluginManage:283 - PluginManage : Loaded plugins [18]
2025-11-05 17:41:59,417 [ERROR] LogOutputStream:75 - [STDERR_REDIRECT] [Fatal Error] :1:1: Premature end of file.
2025-11-05 17:41:59,418 [ERROR] LogOutputStream:75 - [STDERR_REDIRECT] 
2025-11-05 17:41:59,643 [INFO] PinOutPanel:1589 - setPackage(No Configuration,No Configuration)
2025-11-05 17:42:00,022 [INFO] CADModel:165 - CPN selected for project level
2025-11-05 17:42:00,023 [INFO] CADModel:114 - Register for checkConnection events
2025-11-05 17:42:00,119 [INFO] IPUIPlugin:80 - create IPUIPlugin
2025-11-05 17:42:00,121 [INFO] PluginManager:220 - loadIPPluginJar : add adc
2025-11-05 17:42:00,131 [INFO] IPUIPlugin:80 - create IPUIPlugin
2025-11-05 17:42:00,132 [INFO] PluginManager:220 - loadIPPluginJar : add aes
2025-11-05 17:42:00,142 [INFO] IPUIPlugin:80 - create IPUIPlugin
2025-11-05 17:42:00,143 [INFO] PluginManager:220 - loadIPPluginJar : add can
2025-11-05 17:42:00,150 [INFO] IPUIPlugin:80 - create IPUIPlugin
2025-11-05 17:42:00,150 [INFO] PluginManager:220 - loadIPPluginJar : add comp
2025-11-05 17:42:00,159 [INFO] IPUIPlugin:80 - create IPUIPlugin
2025-11-05 17:42:00,160 [INFO] PluginManager:220 - loadIPPluginJar : add cryp
2025-11-05 17:42:00,171 [INFO] IPUIPlugin:80 - create IPUIPlugin
2025-11-05 17:42:00,172 [INFO] PluginManager:220 - loadIPPluginJar : add ddr_ctrl_phy
2025-11-05 17:42:00,184 [INFO] IPUIPlugin:80 - create IPUIPlugin
2025-11-05 17:42:00,184 [INFO] PluginManager:220 - loadIPPluginJar : add dfsdm
2025-11-05 17:42:00,202 [INFO] IPUIPlugin:80 - create IPUIPlugin
2025-11-05 17:42:00,204 [INFO] PluginManager:220 - loadIPPluginJar : add dma
2025-11-05 17:42:00,219 [INFO] IPUIPlugin:80 - create IPUIPlugin
2025-11-05 17:42:00,220 [INFO] PluginManager:220 - loadIPPluginJar : add dma3
2025-11-05 17:42:00,232 [INFO] IPUIPlugin:80 - create IPUIPlugin
2025-11-05 17:42:00,233 [INFO] PluginManager:220 - loadIPPluginJar : add extmemmanager
2025-11-05 17:42:00,240 [INFO] IPUIPlugin:80 - create IPUIPlugin
2025-11-05 17:42:00,242 [INFO] PluginManager:220 - loadIPPluginJar : add fatfs
2025-11-05 17:42:00,258 [INFO] IPUIPlugin:80 - create IPUIPlugin
2025-11-05 17:42:00,258 [INFO] PluginManager:220 - loadIPPluginJar : add fmc
2025-11-05 17:42:00,280 [INFO] IPUIPlugin:80 - create IPUIPlugin
2025-11-05 17:42:00,281 [INFO] PluginManager:220 - loadIPPluginJar : add freertos
2025-11-05 17:42:00,287 [INFO] IPUIPlugin:80 - create IPUIPlugin
2025-11-05 17:42:00,287 [INFO] PluginManager:220 - loadIPPluginJar : add genericplugin
2025-11-05 17:42:00,296 [INFO] IPUIPlugin:80 - create IPUIPlugin
2025-11-05 17:42:00,297 [INFO] PluginManager:220 - loadIPPluginJar : add gfxmmu
2025-11-05 17:42:00,313 [INFO] IPUIPlugin:80 - create IPUIPlugin
2025-11-05 17:42:00,314 [INFO] PluginManager:220 - loadIPPluginJar : add gic
2025-11-05 17:42:00,333 [INFO] IPUIPlugin:80 - create IPUIPlugin
2025-11-05 17:42:00,334 [INFO] PluginManager:220 - loadIPPluginJar : add gpio
2025-11-05 17:42:00,346 [INFO] IPUIPlugin:80 - create IPUIPlugin
2025-11-05 17:42:00,347 [INFO] PluginManager:220 - loadIPPluginJar : add gtzc
2025-11-05 17:42:00,357 [INFO] IPUIPlugin:80 - create IPUIPlugin
2025-11-05 17:42:00,358 [INFO] PluginManager:220 - loadIPPluginJar : add hash
2025-11-05 17:42:00,368 [INFO] IPUIPlugin:80 - create IPUIPlugin
2025-11-05 17:42:00,369 [INFO] PluginManager:220 - loadIPPluginJar : add i2c
2025-11-05 17:42:00,378 [INFO] IPUIPlugin:80 - create IPUIPlugin
2025-11-05 17:42:00,378 [INFO] PluginManager:220 - loadIPPluginJar : add i2s
2025-11-05 17:42:00,390 [INFO] IPUIPlugin:80 - create IPUIPlugin
2025-11-05 17:42:00,391 [INFO] PluginManager:220 - loadIPPluginJar : add i3c
2025-11-05 17:42:00,403 [INFO] IPUIPlugin:80 - create IPUIPlugin
2025-11-05 17:42:00,404 [INFO] PluginManager:220 - loadIPPluginJar : add ipddr
2025-11-05 17:42:00,406 [ERROR] LogOutputStream:75 - [STDERR_REDIRECT] [Fatal Error] :1:1: Premature end of file.
2025-11-05 17:42:00,407 [ERROR] LogOutputStream:75 - [STDERR_REDIRECT] 
2025-11-05 17:42:00,433 [INFO] IPUIPlugin:80 - create IPUIPlugin
2025-11-05 17:42:00,434 [INFO] PluginManager:220 - loadIPPluginJar : add linkedlist
2025-11-05 17:42:00,451 [INFO] IPUIPlugin:80 - create IPUIPlugin
2025-11-05 17:42:00,451 [INFO] PluginManager:220 - loadIPPluginJar : add lorawan
2025-11-05 17:42:00,457 [INFO] IPUIPlugin:80 - create IPUIPlugin
2025-11-05 17:42:00,458 [INFO] PluginManager:220 - loadIPPluginJar : add ltdc
2025-11-05 17:42:00,478 [INFO] IPUIPlugin:80 - create IPUIPlugin
2025-11-05 17:42:00,478 [INFO] PluginManager:220 - loadIPPluginJar : add mdma
2025-11-05 17:42:00,491 [INFO] IPUIPlugin:80 - create IPUIPlugin
2025-11-05 17:42:00,492 [INFO] PluginManager:220 - loadIPPluginJar : add nvic
2025-11-05 17:42:00,503 [INFO] IPUIPlugin:80 - create IPUIPlugin
2025-11-05 17:42:00,503 [INFO] PluginManager:220 - loadIPPluginJar : add opamp
2025-11-05 17:42:00,515 [INFO] IPUIPlugin:80 - create IPUIPlugin
2025-11-05 17:42:00,516 [INFO] PluginManager:220 - loadIPPluginJar : add openamp
2025-11-05 17:42:00,528 [INFO] IPUIPlugin:80 - create IPUIPlugin
2025-11-05 17:42:00,528 [INFO] PluginManager:220 - loadIPPluginJar : add pdm2pcm
2025-11-05 17:42:00,552 [INFO] IPUIPlugin:80 - create IPUIPlugin
2025-11-05 17:42:00,561 [INFO] PluginManager:220 - loadIPPluginJar : add plateformsettings
2025-11-05 17:42:00,568 [INFO] IPUIPlugin:80 - create IPUIPlugin
2025-11-05 17:42:00,569 [INFO] PluginManager:220 - loadIPPluginJar : add quadspi
2025-11-05 17:42:00,578 [INFO] IPUIPlugin:80 - create IPUIPlugin
2025-11-05 17:42:00,583 [INFO] PluginManager:220 - loadIPPluginJar : add radio
2025-11-05 17:42:00,603 [INFO] IPUIPlugin:80 - create IPUIPlugin
2025-11-05 17:42:00,604 [INFO] PluginManager:220 - loadIPPluginJar : add resmgrutility
2025-11-05 17:42:00,617 [INFO] IPUIPlugin:80 - create IPUIPlugin
2025-11-05 17:42:00,618 [INFO] PluginManager:220 - loadIPPluginJar : add sai
2025-11-05 17:42:00,630 [INFO] IPUIPlugin:80 - create IPUIPlugin
2025-11-05 17:42:00,631 [INFO] PluginManager:220 - loadIPPluginJar : add spi
2025-11-05 17:42:00,661 [INFO] IPUIPlugin:80 - create IPUIPlugin
2025-11-05 17:42:00,662 [INFO] PluginManager:220 - loadIPPluginJar : add stm32_wpan
2025-11-05 17:42:00,670 [INFO] IPUIPlugin:80 - create IPUIPlugin
2025-11-05 17:42:00,671 [INFO] PluginManager:220 - loadIPPluginJar : add tim
2025-11-05 17:42:00,683 [INFO] IPUIPlugin:80 - create IPUIPlugin
2025-11-05 17:42:00,684 [INFO] PluginManager:220 - loadIPPluginJar : add touchsensing
2025-11-05 17:42:00,692 [INFO] IPUIPlugin:80 - create IPUIPlugin
2025-11-05 17:42:00,693 [INFO] PluginManager:220 - loadIPPluginJar : add tracer_emb
2025-11-05 17:42:00,700 [INFO] IPUIPlugin:80 - create IPUIPlugin
2025-11-05 17:42:00,701 [INFO] PluginManager:220 - loadIPPluginJar : add ts
2025-11-05 17:42:00,709 [INFO] IPUIPlugin:80 - create IPUIPlugin
2025-11-05 17:42:00,710 [INFO] PluginManager:220 - loadIPPluginJar : add tsc
2025-11-05 17:42:00,718 [INFO] IPUIPlugin:80 - create IPUIPlugin
2025-11-05 17:42:00,719 [INFO] PluginManager:220 - loadIPPluginJar : add ucpd
2025-11-05 17:42:00,729 [INFO] IPUIPlugin:80 - create IPUIPlugin
2025-11-05 17:42:00,730 [INFO] PluginManager:220 - loadIPPluginJar : add usart
2025-11-05 17:42:00,743 [INFO] IPUIPlugin:80 - create IPUIPlugin
2025-11-05 17:42:00,744 [INFO] PluginManager:220 - loadIPPluginJar : add usbx
2025-11-05 17:42:00,906 [INFO] ThirdPartyUpdaterWithRetryManager:70 - Updater plugin not ready yet. [2/15]
2025-11-05 17:42:01,103 [FATAL] Updater:351 - Updater called before beeing initialized
2025-11-05 17:42:01,254 [INFO] RulesReader:64 - Compatibility file has been processed (317 Rules)
2025-11-05 17:42:01,319 [INFO] RulesReader:64 - Compatibility file has been processed (317 Rules)
2025-11-05 17:42:01,367 [INFO] CADModel:165 - CPN selected for project level
2025-11-05 17:42:01,367 [INFO] CADModel:114 - Register for checkConnection events
2025-11-05 17:42:01,368 [FATAL] Updater:351 - Updater called before beeing initialized
2025-11-05 17:42:01,368 [ERROR] CADModel:125 - Updater not yet initialized, retry later 
2025-11-05 17:42:01,427 [ERROR] LogOutputStream:75 - [STDERR_REDIRECT] [Fatal Error] :1:1: Premature end of file.
2025-11-05 17:42:01,430 [ERROR] LogOutputStream:75 - [STDERR_REDIRECT] 
2025-11-05 17:42:02,221 [FATAL] Updater:351 - Updater called before beeing initialized
2025-11-05 17:42:02,231 [INFO] CADModel:165 - CPN selected for project level
2025-11-05 17:42:02,231 [INFO] CADModel:114 - Register for checkConnection events
2025-11-05 17:42:02,231 [FATAL] Updater:351 - Updater called before beeing initialized
2025-11-05 17:42:02,231 [ERROR] CADModel:125 - Updater not yet initialized, retry later 
2025-11-05 17:42:02,245 [FATAL] Updater:351 - Updater called before beeing initialized
2025-11-05 17:42:02,431 [ERROR] LogOutputStream:75 - [STDERR_REDIRECT] [Fatal Error] :1:1: Premature end of file.
2025-11-05 17:42:02,432 [ERROR] LogOutputStream:75 - [STDERR_REDIRECT] 
2025-11-05 17:42:02,787 [FATAL] Updater:351 - Updater called before beeing initialized
2025-11-05 17:42:02,794 [INFO] DbMcusAds:53 - JSON generation date=Thu Oct 02 15:06:05 IST 2025 (1759397765645)
2025-11-05 17:42:02,795 [FATAL] Updater:351 - Updater called before beeing initialized
2025-11-05 17:42:02,911 [WARN] DetailPanel:346 - Failed to get advertising image, set to default
2025-11-05 17:42:03,240 [FATAL] Updater:351 - Updater called before beeing initialized
2025-11-05 17:42:03,245 [FATAL] Updater:351 - Updater called before beeing initialized
2025-11-05 17:42:03,247 [FATAL] Updater:351 - Updater called before beeing initialized
2025-11-05 17:42:03,247 [WARN] DetailPanel:346 - Failed to get advertising image, set to default
2025-11-05 17:42:03,251 [FATAL] Updater:351 - Updater called before beeing initialized
2025-11-05 17:42:03,406 [ERROR] LogOutputStream:75 - [STDERR_REDIRECT] [Fatal Error] :1:1: Premature end of file.
2025-11-05 17:42:03,407 [ERROR] LogOutputStream:75 - [STDERR_REDIRECT] 
2025-11-05 17:42:03,458 [ERROR] Updater:1198 - MainUpdater not yet initialized. External WinMGr cannot be set.
2025-11-05 17:42:03,464 [INFO] Updater:1134 - Updater Version found : 6.15.0
2025-11-05 17:42:03,506 [INFO] ApplicationProperties:184 - Using Application install path: C:\ST\STM32CubeIDE_1.18.1\STM32CubeIDE\plugins\com.st.stm32cube.common.mx_6.15.0.202507011659
2025-11-05 17:42:03,922 [FATAL] Updater:351 - Updater called before beeing initialized
2025-11-05 17:42:03,924 [ERROR] IntegrityCheckThread:130 - Cannot retrieve database content from updater: error 21
2025-11-05 17:42:03,925 [INFO] ThirdParty:978 - Integrity check success = false
2025-11-05 17:42:03,925 [INFO] IntegrityCheckThread:100 - exiting critical section [integrity check]
2025-11-05 17:42:03,925 [INFO] IntegrityCheckThread:103 - End integrity checks thread
2025-11-05 17:42:04,402 [ERROR] LogOutputStream:75 - [STDERR_REDIRECT] [Fatal Error] :1:1: Premature end of file.
2025-11-05 17:42:04,402 [ERROR] LogOutputStream:75 - [STDERR_REDIRECT] 
2025-11-05 17:42:05,185 [ERROR] LogOutputStream:75 - [STDERR_REDIRECT] Nov 05, 2025 5:42:05 PM java.util.prefs.WindowsPreferences <init>
2025-11-05 17:42:05,192 [ERROR] LogOutputStream:75 - [STDERR_REDIRECT] WARNING: Could not open/create prefs root node Software\JavaSoft\Prefs at root 0xffffffff80000002. Windows RegCreateKeyEx(...) returned error code 5.
2025-11-05 17:42:05,193 [ERROR] LogOutputStream:75 - [STDERR_REDIRECT] 
2025-11-05 17:42:05,417 [ERROR] LogOutputStream:75 - [STDERR_REDIRECT] [Fatal Error] :1:1: Premature end of file.
2025-11-05 17:42:05,422 [ERROR] LogOutputStream:75 - [STDERR_REDIRECT] 
2025-11-05 17:42:06,423 [ERROR] LogOutputStream:75 - [STDERR_REDIRECT] [Fatal Error] :1:1: Premature end of file.
2025-11-05 17:42:06,427 [ERROR] LogOutputStream:75 - [STDERR_REDIRECT] 
2025-11-05 17:42:07,462 [ERROR] LogOutputStream:75 - [STDERR_REDIRECT] [Fatal Error] :1:1: Premature end of file.
2025-11-05 17:42:07,465 [ERROR] LogOutputStream:75 - [STDERR_REDIRECT] 
2025-11-05 17:42:08,451 [ERROR] LogOutputStream:75 - [STDERR_REDIRECT] [Fatal Error] :1:1: Premature end of file.
2025-11-05 17:42:08,457 [ERROR] LogOutputStream:75 - [STDERR_REDIRECT] 
2025-11-05 17:42:08,499 [INFO] MainUpdater:2872 - connection check result : 10
2025-11-05 17:42:08,502 [INFO] MainUpdater:3604 - Updater definition file requires update
2025-11-05 17:42:08,511 [INFO] MainUpdater:289 - Updater Check For Update Now.
2025-11-05 17:42:08,512 [INFO] MicroXplorer:498 - Change Database Version : DB.6.0.150
2025-11-05 17:42:08,623 [INFO] McuFinderGlobals:63 - Set McuFinder mode to 2 (CubeIDE integrated)
2025-11-05 17:42:08,629 [INFO] UserAuth:487 - Internet connection configuration mode: 1
2025-11-05 17:42:08,859 [INFO] JxBrowserEngine:152 - Initiate JxBrowser Engine with user profile folder
2025-11-05 17:42:09,408 [ERROR] LogOutputStream:75 - [STDERR_REDIRECT] [Fatal Error] :1:1: Premature end of file.
2025-11-05 17:42:09,408 [ERROR] LogOutputStream:75 - [STDERR_REDIRECT] 
2025-11-05 17:42:09,663 [INFO] ServerAccessManage:452 - Complete download http(s) 200
2025-11-05 17:42:09,666 [INFO] ServerAccessManage:509 - Download File updaters.zip
2025-11-05 17:42:10,396 [ERROR] LogOutputStream:75 - [STDERR_REDIRECT] [Fatal Error] :1:1: Premature end of file.
2025-11-05 17:42:10,397 [ERROR] LogOutputStream:75 - [STDERR_REDIRECT] 
2025-11-05 17:42:11,118 [INFO] FileExtend:248 - Unzip File : updaters.zip
2025-11-05 17:42:11,119 [INFO] FileExtend:263 - Standard Zip Deflate
2025-11-05 17:42:11,462 [ERROR] LogOutputStream:75 - [STDERR_REDIRECT] [Fatal Error] :1:1: Premature end of file.
2025-11-05 17:42:11,463 [ERROR] LogOutputStream:75 - [STDERR_REDIRECT] 
2025-11-05 17:42:12,407 [ERROR] LogOutputStream:75 - [STDERR_REDIRECT] [Fatal Error] :1:1: Premature end of file.
2025-11-05 17:42:12,408 [ERROR] LogOutputStream:75 - [STDERR_REDIRECT] 
2025-11-05 17:42:13,185 [INFO] ServerAccessManage:452 - Complete download http(s) 200
2025-11-05 17:42:13,185 [INFO] ServerAccessManage:509 - Download File PacksControlFlags.xml
2025-11-05 17:42:13,435 [INFO] WebApp:169 - Instantiating new browser for Auth
2025-11-05 17:42:13,474 [ERROR] LogOutputStream:75 - [STDERR_REDIRECT] [Fatal Error] :1:1: Premature end of file.
2025-11-05 17:42:13,475 [ERROR] LogOutputStream:75 - [STDERR_REDIRECT] 
2025-11-05 17:42:13,840 [INFO] ServerAccessManage:452 - Complete download http(s) 200
2025-11-05 17:42:13,841 [INFO] ServerAccessManage:509 - Download File cubemx.pidx
2025-11-05 17:42:14,412 [ERROR] LogOutputStream:75 - [STDERR_REDIRECT] [Fatal Error] :1:1: Premature end of file.
2025-11-05 17:42:14,416 [ERROR] LogOutputStream:75 - [STDERR_REDIRECT] 
2025-11-05 17:42:14,500 [INFO] LoadServerUpdatesThread:375 - End of LoadServerUpdate Thread
2025-11-05 17:42:15,106 [INFO] CheckServerUpdateThread:120 - End of CheckServer Thread
2025-11-05 17:42:15,410 [ERROR] LogOutputStream:75 - [STDERR_REDIRECT] [Fatal Error] :1:1: Premature end of file.
2025-11-05 17:42:15,413 [ERROR] LogOutputStream:75 - [STDERR_REDIRECT] 
2025-11-05 17:42:16,420 [ERROR] LogOutputStream:75 - [STDERR_REDIRECT] [Fatal Error] :1:1: Premature end of file.
2025-11-05 17:42:16,420 [ERROR] LogOutputStream:75 - [STDERR_REDIRECT] 
2025-11-05 17:42:17,399 [ERROR] LogOutputStream:75 - [STDERR_REDIRECT] [Fatal Error] :1:1: Premature end of file.
2025-11-05 17:42:17,400 [ERROR] LogOutputStream:75 - [STDERR_REDIRECT] 
2025-11-05 17:42:18,145 [INFO] WebApp:463 - Apply proxy settings
2025-11-05 17:42:18,148 [INFO] WebApp:548 - Chromium requires no authentication
2025-11-05 17:42:18,181 [INFO] WebApp:491 - Direct internet connection detected
2025-11-05 17:42:18,256 [INFO] WebApp:900 - Register for checkConnection events
2025-11-05 17:42:18,256 [INFO] WebApp:463 - Apply proxy settings
2025-11-05 17:42:18,257 [INFO] WebApp:548 - Chromium requires no authentication
2025-11-05 17:42:18,258 [INFO] WebApp:491 - Direct internet connection detected
2025-11-05 17:42:18,398 [ERROR] LogOutputStream:75 - [STDERR_REDIRECT] [Fatal Error] :1:1: Premature end of file.
2025-11-05 17:42:18,399 [ERROR] LogOutputStream:75 - [STDERR_REDIRECT] 
2025-11-05 17:42:18,921 [INFO] WebApp:225 - Starting web application
2025-11-05 17:42:18,922 [INFO] WebApp:593 - Web application path used C:\ST\STM32CubeIDE_1.18.1\STM32CubeIDE\plugins\com.st.stm32cube.common.mx_6.15.0.202507011659\db\plugins\mcufinder\reactClient1\index.html
2025-11-05 17:42:19,396 [ERROR] LogOutputStream:75 - [STDERR_REDIRECT] [Fatal Error] :1:1: Premature end of file.
2025-11-05 17:42:19,397 [ERROR] LogOutputStream:75 - [STDERR_REDIRECT] 
2025-11-05 17:42:19,414 [INFO] UserAuth:487 - Internet connection configuration mode: 1
2025-11-05 17:42:19,762 [INFO] WebApp:191 - Connection restablished
2025-11-05 17:42:20,410 [ERROR] LogOutputStream:75 - [STDERR_REDIRECT] [Fatal Error] :1:1: Premature end of file.
2025-11-05 17:42:20,411 [ERROR] LogOutputStream:75 - [STDERR_REDIRECT] 
2025-11-05 17:42:21,405 [ERROR] LogOutputStream:75 - [STDERR_REDIRECT] [Fatal Error] :1:1: Premature end of file.
2025-11-05 17:42:21,406 [ERROR] LogOutputStream:75 - [STDERR_REDIRECT] 
2025-11-05 17:42:22,506 [ERROR] LogOutputStream:75 - [STDERR_REDIRECT] [Fatal Error] :1:1: Premature end of file.
2025-11-05 17:42:22,507 [ERROR] LogOutputStream:75 - [STDERR_REDIRECT] 
2025-11-05 17:42:23,398 [ERROR] LogOutputStream:75 - [STDERR_REDIRECT] [Fatal Error] :1:1: Premature end of file.
2025-11-05 17:42:23,398 [ERROR] LogOutputStream:75 - [STDERR_REDIRECT] 
2025-11-05 17:42:24,396 [ERROR] LogOutputStream:75 - [STDERR_REDIRECT] [Fatal Error] :1:1: Premature end of file.
2025-11-05 17:42:24,397 [ERROR] LogOutputStream:75 - [STDERR_REDIRECT] 
2025-11-05 17:42:25,399 [ERROR] LogOutputStream:75 - [STDERR_REDIRECT] [Fatal Error] :1:1: Premature end of file.
2025-11-05 17:42:25,400 [ERROR] LogOutputStream:75 - [STDERR_REDIRECT] 
2025-11-05 17:42:26,413 [ERROR] LogOutputStream:75 - [STDERR_REDIRECT] [Fatal Error] :1:1: Premature end of file.
2025-11-05 17:42:26,414 [ERROR] LogOutputStream:75 - [STDERR_REDIRECT] 
2025-11-05 17:42:27,406 [ERROR] LogOutputStream:75 - [STDERR_REDIRECT] [Fatal Error] :1:1: Premature end of file.
2025-11-05 17:42:27,407 [ERROR] LogOutputStream:75 - [STDERR_REDIRECT] 
2025-11-05 17:42:28,404 [ERROR] LogOutputStream:75 - [STDERR_REDIRECT] [Fatal Error] :1:1: Premature end of file.
2025-11-05 17:42:28,407 [ERROR] LogOutputStream:75 - [STDERR_REDIRECT] 
2025-11-05 17:42:29,396 [ERROR] LogOutputStream:75 - [STDERR_REDIRECT] [Fatal Error] :1:1: Premature end of file.
2025-11-05 17:42:29,397 [ERROR] LogOutputStream:75 - [STDERR_REDIRECT] 
2025-11-05 17:42:30,393 [ERROR] LogOutputStream:75 - [STDERR_REDIRECT] [Fatal Error] :1:1: Premature end of file.
2025-11-05 17:42:30,393 [ERROR] LogOutputStream:75 - [STDERR_REDIRECT] 
2025-11-05 17:42:31,386 [ERROR] LogOutputStream:75 - [STDERR_REDIRECT] [Fatal Error] :1:1: Premature end of file.
2025-11-05 17:42:31,386 [ERROR] LogOutputStream:75 - [STDERR_REDIRECT] 
2025-11-05 17:42:32,404 [ERROR] LogOutputStream:75 - [STDERR_REDIRECT] [Fatal Error] :1:1: Premature end of file.
2025-11-05 17:42:32,405 [ERROR] LogOutputStream:75 - [STDERR_REDIRECT] 
2025-11-05 17:42:33,400 [ERROR] LogOutputStream:75 - [STDERR_REDIRECT] [Fatal Error] :1:1: Premature end of file.
2025-11-05 17:42:33,401 [ERROR] LogOutputStream:75 - [STDERR_REDIRECT] 
2025-11-05 17:42:34,404 [ERROR] LogOutputStream:75 - [STDERR_REDIRECT] [Fatal Error] :1:1: Premature end of file.
2025-11-05 17:42:34,405 [ERROR] LogOutputStream:75 - [STDERR_REDIRECT] 
2025-11-05 17:42:35,406 [ERROR] LogOutputStream:75 - [STDERR_REDIRECT] [Fatal Error] :1:1: Premature end of file.
2025-11-05 17:42:35,408 [ERROR] LogOutputStream:75 - [STDERR_REDIRECT] 
2025-11-05 17:42:36,403 [ERROR] LogOutputStream:75 - [STDERR_REDIRECT] [Fatal Error] :1:1: Premature end of file.
2025-11-05 17:42:36,404 [ERROR] LogOutputStream:75 - [STDERR_REDIRECT] 
2025-11-05 17:42:37,406 [ERROR] LogOutputStream:75 - [STDERR_REDIRECT] [Fatal Error] :1:1: Premature end of file.
2025-11-05 17:42:37,408 [ERROR] LogOutputStream:75 - [STDERR_REDIRECT] 
2025-11-05 17:42:38,394 [ERROR] LogOutputStream:75 - [STDERR_REDIRECT] [Fatal Error] :1:1: Premature end of file.
2025-11-05 17:42:38,395 [ERROR] LogOutputStream:75 - [STDERR_REDIRECT] 
2025-11-05 17:42:39,405 [ERROR] LogOutputStream:75 - [STDERR_REDIRECT] [Fatal Error] :1:1: Premature end of file.
2025-11-05 17:42:39,405 [ERROR] LogOutputStream:75 - [STDERR_REDIRECT] 
2025-11-05 17:42:40,414 [ERROR] LogOutputStream:75 - [STDERR_REDIRECT] [Fatal Error] :1:1: Premature end of file.
2025-11-05 17:42:40,415 [ERROR] LogOutputStream:75 - [STDERR_REDIRECT] 
2025-11-05 17:42:41,399 [ERROR] LogOutputStream:75 - [STDERR_REDIRECT] [Fatal Error] :1:1: Premature end of file.
2025-11-05 17:42:41,399 [ERROR] LogOutputStream:75 - [STDERR_REDIRECT] 
2025-11-05 17:42:42,413 [ERROR] LogOutputStream:75 - [STDERR_REDIRECT] [Fatal Error] :1:1: Premature end of file.
2025-11-05 17:42:42,414 [ERROR] LogOutputStream:75 - [STDERR_REDIRECT] 
2025-11-05 17:42:43,405 [ERROR] LogOutputStream:75 - [STDERR_REDIRECT] [Fatal Error] :1:1: Premature end of file.
2025-11-05 17:42:43,406 [ERROR] LogOutputStream:75 - [STDERR_REDIRECT] 
2025-11-05 17:42:44,402 [ERROR] LogOutputStream:75 - [STDERR_REDIRECT] [Fatal Error] :1:1: Premature end of file.
2025-11-05 17:42:44,405 [ERROR] LogOutputStream:75 - [STDERR_REDIRECT] 
2025-11-05 17:42:45,394 [ERROR] LogOutputStream:75 - [STDERR_REDIRECT] [Fatal Error] :1:1: Premature end of file.
2025-11-05 17:42:45,395 [ERROR] LogOutputStream:75 - [STDERR_REDIRECT] 
2025-11-05 17:42:46,405 [ERROR] LogOutputStream:75 - [STDERR_REDIRECT] [Fatal Error] :1:1: Premature end of file.
2025-11-05 17:42:46,406 [ERROR] LogOutputStream:75 - [STDERR_REDIRECT] 
2025-11-05 17:42:47,392 [ERROR] LogOutputStream:75 - [STDERR_REDIRECT] [Fatal Error] :1:1: Premature end of file.
2025-11-05 17:42:47,393 [ERROR] LogOutputStream:75 - [STDERR_REDIRECT] 
2025-11-05 17:42:48,406 [ERROR] LogOutputStream:75 - [STDERR_REDIRECT] [Fatal Error] :1:1: Premature end of file.
2025-11-05 17:42:48,407 [ERROR] LogOutputStream:75 - [STDERR_REDIRECT] 
2025-11-05 17:42:49,397 [ERROR] LogOutputStream:75 - [STDERR_REDIRECT] [Fatal Error] :1:1: Premature end of file.
2025-11-05 17:42:49,397 [ERROR] LogOutputStream:75 - [STDERR_REDIRECT] 
2025-11-05 17:42:50,409 [ERROR] LogOutputStream:75 - [STDERR_REDIRECT] [Fatal Error] :1:1: Premature end of file.
2025-11-05 17:42:50,410 [ERROR] LogOutputStream:75 - [STDERR_REDIRECT] 
2025-11-05 17:42:51,400 [ERROR] LogOutputStream:75 - [STDERR_REDIRECT] [Fatal Error] :1:1: Premature end of file.
2025-11-05 17:42:51,400 [ERROR] LogOutputStream:75 - [STDERR_REDIRECT] 
2025-11-05 17:42:52,405 [ERROR] LogOutputStream:75 - [STDERR_REDIRECT] [Fatal Error] :1:1: Premature end of file.
2025-11-05 17:42:52,405 [ERROR] LogOutputStream:75 - [STDERR_REDIRECT] 
2025-11-05 17:42:53,393 [ERROR] LogOutputStream:75 - [STDERR_REDIRECT] [Fatal Error] :1:1: Premature end of file.
2025-11-05 17:42:53,394 [ERROR] LogOutputStream:75 - [STDERR_REDIRECT] 
2025-11-05 17:42:54,411 [ERROR] LogOutputStream:75 - [STDERR_REDIRECT] [Fatal Error] :1:1: Premature end of file.
2025-11-05 17:42:54,412 [ERROR] LogOutputStream:75 - [STDERR_REDIRECT] 
2025-11-05 17:42:55,415 [ERROR] LogOutputStream:75 - [STDERR_REDIRECT] [Fatal Error] :1:1: Premature end of file.
2025-11-05 17:42:55,416 [ERROR] LogOutputStream:75 - [STDERR_REDIRECT] 
2025-11-05 17:42:56,465 [ERROR] LogOutputStream:75 - [STDERR_REDIRECT] [Fatal Error] :1:1: Premature end of file.
2025-11-05 17:42:56,466 [ERROR] LogOutputStream:75 - [STDERR_REDIRECT] 
2025-11-05 17:42:57,396 [ERROR] LogOutputStream:75 - [STDERR_REDIRECT] [Fatal Error] :1:1: Premature end of file.
2025-11-05 17:42:57,397 [ERROR] LogOutputStream:75 - [STDERR_REDIRECT] 
2025-11-05 17:42:58,404 [ERROR] LogOutputStream:75 - [STDERR_REDIRECT] [Fatal Error] :1:1: Premature end of file.
2025-11-05 17:42:58,405 [ERROR] LogOutputStream:75 - [STDERR_REDIRECT] 
2025-11-05 17:42:59,406 [ERROR] LogOutputStream:75 - [STDERR_REDIRECT] [Fatal Error] :1:1: Premature end of file.
2025-11-05 17:42:59,407 [ERROR] LogOutputStream:75 - [STDERR_REDIRECT] 
2025-11-05 17:43:00,414 [ERROR] LogOutputStream:75 - [STDERR_REDIRECT] [Fatal Error] :1:1: Premature end of file.
2025-11-05 17:43:00,415 [ERROR] LogOutputStream:75 - [STDERR_REDIRECT] 
2025-11-05 17:43:01,417 [ERROR] LogOutputStream:75 - [STDERR_REDIRECT] [Fatal Error] :1:1: Premature end of file.
2025-11-05 17:43:01,419 [ERROR] LogOutputStream:75 - [STDERR_REDIRECT] 
2025-11-05 17:43:02,396 [ERROR] LogOutputStream:75 - [STDERR_REDIRECT] [Fatal Error] :1:1: Premature end of file.
2025-11-05 17:43:02,397 [ERROR] LogOutputStream:75 - [STDERR_REDIRECT] 
2025-11-05 17:43:03,388 [ERROR] LogOutputStream:75 - [STDERR_REDIRECT] [Fatal Error] :1:1: Premature end of file.
2025-11-05 17:43:03,388 [ERROR] LogOutputStream:75 - [STDERR_REDIRECT] 
2025-11-05 17:43:04,403 [ERROR] LogOutputStream:75 - [STDERR_REDIRECT] [Fatal Error] :1:1: Premature end of file.
2025-11-05 17:43:04,404 [ERROR] LogOutputStream:75 - [STDERR_REDIRECT] 
2025-11-05 17:43:05,393 [ERROR] LogOutputStream:75 - [STDERR_REDIRECT] [Fatal Error] :1:1: Premature end of file.
2025-11-05 17:43:05,393 [ERROR] LogOutputStream:75 - [STDERR_REDIRECT] 
2025-11-05 17:43:06,395 [ERROR] LogOutputStream:75 - [STDERR_REDIRECT] [Fatal Error] :1:1: Premature end of file.
2025-11-05 17:43:06,396 [ERROR] LogOutputStream:75 - [STDERR_REDIRECT] 
2025-11-05 17:43:07,397 [ERROR] LogOutputStream:75 - [STDERR_REDIRECT] [Fatal Error] :1:1: Premature end of file.
2025-11-05 17:43:07,398 [ERROR] LogOutputStream:75 - [STDERR_REDIRECT] 
2025-11-05 17:43:08,407 [ERROR] LogOutputStream:75 - [STDERR_REDIRECT] [Fatal Error] :1:1: Premature end of file.
2025-11-05 17:43:08,407 [ERROR] LogOutputStream:75 - [STDERR_REDIRECT] 
2025-11-05 17:43:09,413 [ERROR] LogOutputStream:75 - [STDERR_REDIRECT] [Fatal Error] :1:1: Premature end of file.
2025-11-05 17:43:09,415 [ERROR] LogOutputStream:75 - [STDERR_REDIRECT] 
2025-11-05 17:43:10,396 [ERROR] LogOutputStream:75 - [STDERR_REDIRECT] [Fatal Error] :1:1: Premature end of file.
2025-11-05 17:43:10,396 [ERROR] LogOutputStream:75 - [STDERR_REDIRECT] 
2025-11-05 17:43:11,399 [ERROR] LogOutputStream:75 - [STDERR_REDIRECT] [Fatal Error] :1:1: Premature end of file.
2025-11-05 17:43:11,400 [ERROR] LogOutputStream:75 - [STDERR_REDIRECT] 
2025-11-05 17:43:12,391 [ERROR] LogOutputStream:75 - [STDERR_REDIRECT] [Fatal Error] :1:1: Premature end of file.
2025-11-05 17:43:12,392 [ERROR] LogOutputStream:75 - [STDERR_REDIRECT] 
2025-11-05 17:43:13,406 [ERROR] LogOutputStream:75 - [STDERR_REDIRECT] [Fatal Error] :1:1: Premature end of file.
2025-11-05 17:43:13,407 [ERROR] LogOutputStream:75 - [STDERR_REDIRECT] 
2025-11-05 17:43:14,392 [ERROR] LogOutputStream:75 - [STDERR_REDIRECT] [Fatal Error] :1:1: Premature end of file.
2025-11-05 17:43:14,393 [ERROR] LogOutputStream:75 - [STDERR_REDIRECT] 
2025-11-05 17:43:15,415 [ERROR] LogOutputStream:75 - [STDERR_REDIRECT] [Fatal Error] :1:1: Premature end of file.
2025-11-05 17:43:15,416 [ERROR] LogOutputStream:75 - [STDERR_REDIRECT] 
2025-11-05 17:43:16,402 [ERROR] LogOutputStream:75 - [STDERR_REDIRECT] [Fatal Error] :1:1: Premature end of file.
2025-11-05 17:43:16,403 [ERROR] LogOutputStream:75 - [STDERR_REDIRECT] 
2025-11-05 17:43:17,396 [ERROR] LogOutputStream:75 - [STDERR_REDIRECT] [Fatal Error] :1:1: Premature end of file.
2025-11-05 17:43:17,396 [ERROR] LogOutputStream:75 - [STDERR_REDIRECT] 
2025-11-05 17:43:18,448 [ERROR] LogOutputStream:75 - [STDERR_REDIRECT] [Fatal Error] :1:1: Premature end of file.
2025-11-05 17:43:18,449 [ERROR] LogOutputStream:75 - [STDERR_REDIRECT] 
2025-11-05 17:43:19,403 [ERROR] LogOutputStream:75 - [STDERR_REDIRECT] [Fatal Error] :1:1: Premature end of file.
2025-11-05 17:43:19,404 [ERROR] LogOutputStream:75 - [STDERR_REDIRECT] 
2025-11-05 17:43:20,404 [ERROR] LogOutputStream:75 - [STDERR_REDIRECT] [Fatal Error] :1:1: Premature end of file.
2025-11-05 17:43:20,404 [ERROR] LogOutputStream:75 - [STDERR_REDIRECT] 
2025-11-05 17:43:21,396 [ERROR] LogOutputStream:75 - [STDERR_REDIRECT] [Fatal Error] :1:1: Premature end of file.
2025-11-05 17:43:21,396 [ERROR] LogOutputStream:75 - [STDERR_REDIRECT] 
2025-11-05 17:43:22,400 [ERROR] LogOutputStream:75 - [STDERR_REDIRECT] [Fatal Error] :1:1: Premature end of file.
2025-11-05 17:43:22,400 [ERROR] LogOutputStream:75 - [STDERR_REDIRECT] 
2025-11-05 17:43:23,399 [ERROR] LogOutputStream:75 - [STDERR_REDIRECT] [Fatal Error] :1:1: Premature end of file.
2025-11-05 17:43:23,400 [ERROR] LogOutputStream:75 - [STDERR_REDIRECT] 
2025-11-05 17:43:24,391 [ERROR] LogOutputStream:75 - [STDERR_REDIRECT] [Fatal Error] :1:1: Premature end of file.
2025-11-05 17:43:24,392 [ERROR] LogOutputStream:75 - [STDERR_REDIRECT] 
2025-11-05 17:43:25,396 [ERROR] LogOutputStream:75 - [STDERR_REDIRECT] [Fatal Error] :1:1: Premature end of file.
2025-11-05 17:43:25,398 [ERROR] LogOutputStream:75 - [STDERR_REDIRECT] 
2025-11-05 17:43:26,410 [ERROR] LogOutputStream:75 - [STDERR_REDIRECT] [Fatal Error] :1:1: Premature end of file.
2025-11-05 17:43:26,411 [ERROR] LogOutputStream:75 - [STDERR_REDIRECT] 
2025-11-05 17:43:27,401 [ERROR] LogOutputStream:75 - [STDERR_REDIRECT] [Fatal Error] :1:1: Premature end of file.
2025-11-05 17:43:27,401 [ERROR] LogOutputStream:75 - [STDERR_REDIRECT] 
2025-11-05 17:43:28,396 [ERROR] LogOutputStream:75 - [STDERR_REDIRECT] [Fatal Error] :1:1: Premature end of file.
2025-11-05 17:43:28,397 [ERROR] LogOutputStream:75 - [STDERR_REDIRECT] 
2025-11-05 17:43:29,407 [ERROR] LogOutputStream:75 - [STDERR_REDIRECT] [Fatal Error] :1:1: Premature end of file.
2025-11-05 17:43:29,408 [ERROR] LogOutputStream:75 - [STDERR_REDIRECT] 
2025-11-05 17:43:30,400 [ERROR] LogOutputStream:75 - [STDERR_REDIRECT] [Fatal Error] :1:1: Premature end of file.
2025-11-05 17:43:30,401 [ERROR] LogOutputStream:75 - [STDERR_REDIRECT] 
2025-11-05 17:43:31,392 [ERROR] LogOutputStream:75 - [STDERR_REDIRECT] [Fatal Error] :1:1: Premature end of file.
2025-11-05 17:43:31,393 [ERROR] LogOutputStream:75 - [STDERR_REDIRECT] 
2025-11-05 17:43:32,407 [ERROR] LogOutputStream:75 - [STDERR_REDIRECT] [Fatal Error] :1:1: Premature end of file.
2025-11-05 17:43:32,408 [ERROR] LogOutputStream:75 - [STDERR_REDIRECT] 
2025-11-05 17:43:33,407 [ERROR] LogOutputStream:75 - [STDERR_REDIRECT] [Fatal Error] :1:1: Premature end of file.
2025-11-05 17:43:33,408 [ERROR] LogOutputStream:75 - [STDERR_REDIRECT] 
2025-11-05 17:43:34,401 [ERROR] LogOutputStream:75 - [STDERR_REDIRECT] [Fatal Error] :1:1: Premature end of file.
2025-11-05 17:43:34,402 [ERROR] LogOutputStream:75 - [STDERR_REDIRECT] 
2025-11-05 17:43:35,394 [ERROR] LogOutputStream:75 - [STDERR_REDIRECT] [Fatal Error] :1:1: Premature end of file.
2025-11-05 17:43:35,395 [ERROR] LogOutputStream:75 - [STDERR_REDIRECT] 
2025-11-05 17:43:36,421 [ERROR] LogOutputStream:75 - [STDERR_REDIRECT] [Fatal Error] :1:1: Premature end of file.
2025-11-05 17:43:36,421 [ERROR] LogOutputStream:75 - [STDERR_REDIRECT] 
2025-11-05 17:43:37,421 [ERROR] LogOutputStream:75 - [STDERR_REDIRECT] [Fatal Error] :1:1: Premature end of file.
2025-11-05 17:43:37,422 [ERROR] LogOutputStream:75 - [STDERR_REDIRECT] 
2025-11-05 17:43:38,394 [ERROR] LogOutputStream:75 - [STDERR_REDIRECT] [Fatal Error] :1:1: Premature end of file.
2025-11-05 17:43:38,395 [ERROR] LogOutputStream:75 - [STDERR_REDIRECT] 
2025-11-05 17:43:39,410 [ERROR] LogOutputStream:75 - [STDERR_REDIRECT] [Fatal Error] :1:1: Premature end of file.
2025-11-05 17:43:39,411 [ERROR] LogOutputStream:75 - [STDERR_REDIRECT] 
2025-11-05 17:43:40,395 [ERROR] LogOutputStream:75 - [STDERR_REDIRECT] [Fatal Error] :1:1: Premature end of file.
2025-11-05 17:43:40,395 [ERROR] LogOutputStream:75 - [STDERR_REDIRECT] 
2025-11-05 17:43:41,393 [ERROR] LogOutputStream:75 - [STDERR_REDIRECT] [Fatal Error] :1:1: Premature end of file.
2025-11-05 17:43:41,394 [ERROR] LogOutputStream:75 - [STDERR_REDIRECT] 
2025-11-05 17:43:42,398 [ERROR] LogOutputStream:75 - [STDERR_REDIRECT] [Fatal Error] :1:1: Premature end of file.
2025-11-05 17:43:42,398 [ERROR] LogOutputStream:75 - [STDERR_REDIRECT] 
2025-11-05 17:43:43,399 [ERROR] LogOutputStream:75 - [STDERR_REDIRECT] [Fatal Error] :1:1: Premature end of file.
2025-11-05 17:43:43,400 [ERROR] LogOutputStream:75 - [STDERR_REDIRECT] 
2025-11-05 17:43:44,404 [ERROR] LogOutputStream:75 - [STDERR_REDIRECT] [Fatal Error] :1:1: Premature end of file.
2025-11-05 17:43:44,405 [ERROR] LogOutputStream:75 - [STDERR_REDIRECT] 
2025-11-05 17:43:45,402 [ERROR] LogOutputStream:75 - [STDERR_REDIRECT] [Fatal Error] :1:1: Premature end of file.
2025-11-05 17:43:45,403 [ERROR] LogOutputStream:75 - [STDERR_REDIRECT] 
2025-11-05 17:43:46,421 [ERROR] LogOutputStream:75 - [STDERR_REDIRECT] [Fatal Error] :1:1: Premature end of file.
2025-11-05 17:43:46,422 [ERROR] LogOutputStream:75 - [STDERR_REDIRECT] 
2025-11-05 17:43:47,414 [ERROR] LogOutputStream:75 - [STDERR_REDIRECT] [Fatal Error] :1:1: Premature end of file.
2025-11-05 17:43:47,414 [ERROR] LogOutputStream:75 - [STDERR_REDIRECT] 
2025-11-05 17:43:48,412 [ERROR] LogOutputStream:75 - [STDERR_REDIRECT] [Fatal Error] :1:1: Premature end of file.
2025-11-05 17:43:48,414 [ERROR] LogOutputStream:75 - [STDERR_REDIRECT] 
2025-11-05 17:43:49,400 [ERROR] LogOutputStream:75 - [STDERR_REDIRECT] [Fatal Error] :1:1: Premature end of file.
2025-11-05 17:43:49,401 [ERROR] LogOutputStream:75 - [STDERR_REDIRECT] 
2025-11-05 17:43:50,401 [ERROR] LogOutputStream:75 - [STDERR_REDIRECT] [Fatal Error] :1:1: Premature end of file.
2025-11-05 17:43:50,402 [ERROR] LogOutputStream:75 - [STDERR_REDIRECT] 
2025-11-05 17:43:51,391 [ERROR] LogOutputStream:75 - [STDERR_REDIRECT] [Fatal Error] :1:1: Premature end of file.
2025-11-05 17:43:51,392 [ERROR] LogOutputStream:75 - [STDERR_REDIRECT] 
2025-11-05 17:43:52,399 [ERROR] LogOutputStream:75 - [STDERR_REDIRECT] [Fatal Error] :1:1: Premature end of file.
2025-11-05 17:43:52,400 [ERROR] LogOutputStream:75 - [STDERR_REDIRECT] 
2025-11-05 17:43:53,407 [ERROR] LogOutputStream:75 - [STDERR_REDIRECT] [Fatal Error] :1:1: Premature end of file.
2025-11-05 17:43:53,408 [ERROR] LogOutputStream:75 - [STDERR_REDIRECT] 
2025-11-05 17:43:54,418 [ERROR] LogOutputStream:75 - [STDERR_REDIRECT] [Fatal Error] :1:1: Premature end of file.
2025-11-05 17:43:54,419 [ERROR] LogOutputStream:75 - [STDERR_REDIRECT] 
2025-11-05 17:43:55,417 [ERROR] LogOutputStream:75 - [STDERR_REDIRECT] [Fatal Error] :1:1: Premature end of file.
2025-11-05 17:43:55,418 [ERROR] LogOutputStream:75 - [STDERR_REDIRECT] 
2025-11-05 17:43:56,405 [ERROR] LogOutputStream:75 - [STDERR_REDIRECT] [Fatal Error] :1:1: Premature end of file.
2025-11-05 17:43:56,406 [ERROR] LogOutputStream:75 - [STDERR_REDIRECT] 
2025-11-05 17:43:57,395 [ERROR] LogOutputStream:75 - [STDERR_REDIRECT] [Fatal Error] :1:1: Premature end of file.
2025-11-05 17:43:57,395 [ERROR] LogOutputStream:75 - [STDERR_REDIRECT] 
2025-11-05 17:43:58,411 [ERROR] LogOutputStream:75 - [STDERR_REDIRECT] [Fatal Error] :1:1: Premature end of file.
2025-11-05 17:43:58,412 [ERROR] LogOutputStream:75 - [STDERR_REDIRECT] 
2025-11-05 17:43:59,413 [ERROR] LogOutputStream:75 - [STDERR_REDIRECT] [Fatal Error] :1:1: Premature end of file.
2025-11-05 17:43:59,414 [ERROR] LogOutputStream:75 - [STDERR_REDIRECT] 
2025-11-05 17:44:00,398 [ERROR] LogOutputStream:75 - [STDERR_REDIRECT] [Fatal Error] :1:1: Premature end of file.
2025-11-05 17:44:00,399 [ERROR] LogOutputStream:75 - [STDERR_REDIRECT] 
2025-11-05 17:44:01,394 [ERROR] LogOutputStream:75 - [STDERR_REDIRECT] [Fatal Error] :1:1: Premature end of file.
2025-11-05 17:44:01,395 [ERROR] LogOutputStream:75 - [STDERR_REDIRECT] 
2025-11-05 17:44:02,390 [ERROR] LogOutputStream:75 - [STDERR_REDIRECT] [Fatal Error] :1:1: Premature end of file.
2025-11-05 17:44:02,390 [ERROR] LogOutputStream:75 - [STDERR_REDIRECT] 
2025-11-05 17:44:03,408 [ERROR] LogOutputStream:75 - [STDERR_REDIRECT] [Fatal Error] :1:1: Premature end of file.
2025-11-05 17:44:03,409 [ERROR] LogOutputStream:75 - [STDERR_REDIRECT] 
2025-11-05 17:44:04,403 [ERROR] LogOutputStream:75 - [STDERR_REDIRECT] [Fatal Error] :1:1: Premature end of file.
2025-11-05 17:44:04,404 [ERROR] LogOutputStream:75 - [STDERR_REDIRECT] 
2025-11-05 17:44:05,411 [ERROR] LogOutputStream:75 - [STDERR_REDIRECT] [Fatal Error] :1:1: Premature end of file.
2025-11-05 17:44:05,412 [ERROR] LogOutputStream:75 - [STDERR_REDIRECT] 
2025-11-05 17:44:06,410 [ERROR] LogOutputStream:75 - [STDERR_REDIRECT] [Fatal Error] :1:1: Premature end of file.
2025-11-05 17:44:06,411 [ERROR] LogOutputStream:75 - [STDERR_REDIRECT] 
2025-11-05 17:44:07,424 [ERROR] LogOutputStream:75 - [STDERR_REDIRECT] [Fatal Error] :1:1: Premature end of file.
2025-11-05 17:44:07,427 [ERROR] LogOutputStream:75 - [STDERR_REDIRECT] 
2025-11-05 17:44:08,396 [ERROR] LogOutputStream:75 - [STDERR_REDIRECT] [Fatal Error] :1:1: Premature end of file.
2025-11-05 17:44:08,397 [ERROR] LogOutputStream:75 - [STDERR_REDIRECT] 
2025-11-05 17:44:09,391 [ERROR] LogOutputStream:75 - [STDERR_REDIRECT] [Fatal Error] :1:1: Premature end of file.
2025-11-05 17:44:09,392 [ERROR] LogOutputStream:75 - [STDERR_REDIRECT] 
2025-11-05 17:44:10,401 [ERROR] LogOutputStream:75 - [STDERR_REDIRECT] [Fatal Error] :1:1: Premature end of file.
2025-11-05 17:44:10,402 [ERROR] LogOutputStream:75 - [STDERR_REDIRECT] 
2025-11-05 17:44:11,440 [ERROR] LogOutputStream:75 - [STDERR_REDIRECT] [Fatal Error] :1:1: Premature end of file.
2025-11-05 17:44:11,441 [ERROR] LogOutputStream:75 - [STDERR_REDIRECT] 
2025-11-05 17:44:12,398 [ERROR] LogOutputStream:75 - [STDERR_REDIRECT] [Fatal Error] :1:1: Premature end of file.
2025-11-05 17:44:12,398 [ERROR] LogOutputStream:75 - [STDERR_REDIRECT] 
2025-11-05 17:44:13,390 [ERROR] LogOutputStream:75 - [STDERR_REDIRECT] [Fatal Error] :1:1: Premature end of file.
2025-11-05 17:44:13,391 [ERROR] LogOutputStream:75 - [STDERR_REDIRECT] 
2025-11-05 17:44:14,405 [ERROR] LogOutputStream:75 - [STDERR_REDIRECT] [Fatal Error] :1:1: Premature end of file.
2025-11-05 17:44:14,405 [ERROR] LogOutputStream:75 - [STDERR_REDIRECT] 
2025-11-05 17:44:15,396 [ERROR] LogOutputStream:75 - [STDERR_REDIRECT] [Fatal Error] :1:1: Premature end of file.
2025-11-05 17:44:15,397 [ERROR] LogOutputStream:75 - [STDERR_REDIRECT] 
2025-11-05 17:44:16,399 [ERROR] LogOutputStream:75 - [STDERR_REDIRECT] [Fatal Error] :1:1: Premature end of file.
2025-11-05 17:44:16,400 [ERROR] LogOutputStream:75 - [STDERR_REDIRECT] 
2025-11-05 17:44:17,368 [ERROR] LogOutputStream:75 - [STDERR_REDIRECT] [Fatal Error] :1:1: Premature end of file.
2025-11-05 17:44:17,368 [ERROR] LogOutputStream:75 - [STDERR_REDIRECT] 
2025-11-05 17:44:18,424 [ERROR] LogOutputStream:75 - [STDERR_REDIRECT] [Fatal Error] :1:1: Premature end of file.
2025-11-05 17:44:18,425 [ERROR] LogOutputStream:75 - [STDERR_REDIRECT] 
2025-11-05 17:44:19,392 [ERROR] LogOutputStream:75 - [STDERR_REDIRECT] [Fatal Error] :1:1: Premature end of file.
2025-11-05 17:44:19,393 [ERROR] LogOutputStream:75 - [STDERR_REDIRECT] 
2025-11-05 17:44:20,404 [ERROR] LogOutputStream:75 - [STDERR_REDIRECT] [Fatal Error] :1:1: Premature end of file.
2025-11-05 17:44:20,406 [ERROR] LogOutputStream:75 - [STDERR_REDIRECT] 
2025-11-05 17:44:21,408 [ERROR] LogOutputStream:75 - [STDERR_REDIRECT] [Fatal Error] :1:1: Premature end of file.
2025-11-05 17:44:21,409 [ERROR] LogOutputStream:75 - [STDERR_REDIRECT] 
2025-11-05 17:44:22,439 [ERROR] LogOutputStream:75 - [STDERR_REDIRECT] [Fatal Error] :1:1: Premature end of file.
2025-11-05 17:44:22,441 [ERROR] LogOutputStream:75 - [STDERR_REDIRECT] 
2025-11-05 17:44:23,422 [ERROR] LogOutputStream:75 - [STDERR_REDIRECT] [Fatal Error] :1:1: Premature end of file.
2025-11-05 17:44:23,423 [ERROR] LogOutputStream:75 - [STDERR_REDIRECT] 
2025-11-05 17:44:24,393 [ERROR] LogOutputStream:75 - [STDERR_REDIRECT] [Fatal Error] :1:1: Premature end of file.
2025-11-05 17:44:24,394 [ERROR] LogOutputStream:75 - [STDERR_REDIRECT] 
2025-11-05 17:44:25,399 [ERROR] LogOutputStream:75 - [STDERR_REDIRECT] [Fatal Error] :1:1: Premature end of file.
2025-11-05 17:44:25,399 [ERROR] LogOutputStream:75 - [STDERR_REDIRECT] 
2025-11-05 17:44:26,406 [ERROR] LogOutputStream:75 - [STDERR_REDIRECT] [Fatal Error] :1:1: Premature end of file.
2025-11-05 17:44:26,406 [ERROR] LogOutputStream:75 - [STDERR_REDIRECT] 
2025-11-05 17:44:27,389 [ERROR] LogOutputStream:75 - [STDERR_REDIRECT] [Fatal Error] :1:1: Premature end of file.
2025-11-05 17:44:27,390 [ERROR] LogOutputStream:75 - [STDERR_REDIRECT] 
2025-11-05 17:44:28,384 [ERROR] LogOutputStream:75 - [STDERR_REDIRECT] [Fatal Error] :1:1: Premature end of file.
2025-11-05 17:44:28,385 [ERROR] LogOutputStream:75 - [STDERR_REDIRECT] 
2025-11-05 17:44:29,403 [ERROR] LogOutputStream:75 - [STDERR_REDIRECT] [Fatal Error] :1:1: Premature end of file.
2025-11-05 17:44:29,403 [ERROR] LogOutputStream:75 - [STDERR_REDIRECT] 
2025-11-05 17:44:30,404 [ERROR] LogOutputStream:75 - [STDERR_REDIRECT] [Fatal Error] :1:1: Premature end of file.
2025-11-05 17:44:30,405 [ERROR] LogOutputStream:75 - [STDERR_REDIRECT] 
2025-11-05 17:44:31,398 [ERROR] LogOutputStream:75 - [STDERR_REDIRECT] [Fatal Error] :1:1: Premature end of file.
2025-11-05 17:44:31,398 [ERROR] LogOutputStream:75 - [STDERR_REDIRECT] 
2025-11-05 17:44:32,411 [ERROR] LogOutputStream:75 - [STDERR_REDIRECT] [Fatal Error] :1:1: Premature end of file.
2025-11-05 17:44:32,411 [ERROR] LogOutputStream:75 - [STDERR_REDIRECT] 
2025-11-05 17:44:33,403 [ERROR] LogOutputStream:75 - [STDERR_REDIRECT] [Fatal Error] :1:1: Premature end of file.
2025-11-05 17:44:33,404 [ERROR] LogOutputStream:75 - [STDERR_REDIRECT] 
2025-11-05 17:44:34,403 [ERROR] LogOutputStream:75 - [STDERR_REDIRECT] [Fatal Error] :1:1: Premature end of file.
2025-11-05 17:44:34,403 [ERROR] LogOutputStream:75 - [STDERR_REDIRECT] 
2025-11-05 17:44:35,407 [ERROR] LogOutputStream:75 - [STDERR_REDIRECT] [Fatal Error] :1:1: Premature end of file.
2025-11-05 17:44:35,408 [ERROR] LogOutputStream:75 - [STDERR_REDIRECT] 
2025-11-05 17:44:36,396 [ERROR] LogOutputStream:75 - [STDERR_REDIRECT] [Fatal Error] :1:1: Premature end of file.
2025-11-05 17:44:36,396 [ERROR] LogOutputStream:75 - [STDERR_REDIRECT] 
2025-11-05 17:44:37,389 [ERROR] LogOutputStream:75 - [STDERR_REDIRECT] [Fatal Error] :1:1: Premature end of file.
2025-11-05 17:44:37,390 [ERROR] LogOutputStream:75 - [STDERR_REDIRECT] 
2025-11-05 17:44:38,396 [ERROR] LogOutputStream:75 - [STDERR_REDIRECT] [Fatal Error] :1:1: Premature end of file.
2025-11-05 17:44:38,397 [ERROR] LogOutputStream:75 - [STDERR_REDIRECT] 
2025-11-05 17:44:39,403 [ERROR] LogOutputStream:75 - [STDERR_REDIRECT] [Fatal Error] :1:1: Premature end of file.
2025-11-05 17:44:39,404 [ERROR] LogOutputStream:75 - [STDERR_REDIRECT] 
2025-11-05 17:44:40,396 [ERROR] LogOutputStream:75 - [STDERR_REDIRECT] [Fatal Error] :1:1: Premature end of file.
2025-11-05 17:44:40,396 [ERROR] LogOutputStream:75 - [STDERR_REDIRECT] 
2025-11-05 17:44:41,400 [ERROR] LogOutputStream:75 - [STDERR_REDIRECT] [Fatal Error] :1:1: Premature end of file.
2025-11-05 17:44:41,401 [ERROR] LogOutputStream:75 - [STDERR_REDIRECT] 
2025-11-05 17:44:42,398 [ERROR] LogOutputStream:75 - [STDERR_REDIRECT] [Fatal Error] :1:1: Premature end of file.
2025-11-05 17:44:42,398 [ERROR] LogOutputStream:75 - [STDERR_REDIRECT] 
2025-11-05 17:44:43,417 [ERROR] LogOutputStream:75 - [STDERR_REDIRECT] [Fatal Error] :1:1: Premature end of file.
2025-11-05 17:44:43,418 [ERROR] LogOutputStream:75 - [STDERR_REDIRECT] 
2025-11-05 17:44:44,410 [ERROR] LogOutputStream:75 - [STDERR_REDIRECT] [Fatal Error] :1:1: Premature end of file.
2025-11-05 17:44:44,411 [ERROR] LogOutputStream:75 - [STDERR_REDIRECT] 
2025-11-05 17:44:45,400 [ERROR] LogOutputStream:75 - [STDERR_REDIRECT] [Fatal Error] :1:1: Premature end of file.
2025-11-05 17:44:45,402 [ERROR] LogOutputStream:75 - [STDERR_REDIRECT] 
2025-11-05 17:44:46,405 [ERROR] LogOutputStream:75 - [STDERR_REDIRECT] [Fatal Error] :1:1: Premature end of file.
2025-11-05 17:44:46,406 [ERROR] LogOutputStream:75 - [STDERR_REDIRECT] 
2025-11-05 17:44:47,404 [ERROR] LogOutputStream:75 - [STDERR_REDIRECT] [Fatal Error] :1:1: Premature end of file.
2025-11-05 17:44:47,405 [ERROR] LogOutputStream:75 - [STDERR_REDIRECT] 
2025-11-05 17:44:48,399 [ERROR] LogOutputStream:75 - [STDERR_REDIRECT] [Fatal Error] :1:1: Premature end of file.
2025-11-05 17:44:48,400 [ERROR] LogOutputStream:75 - [STDERR_REDIRECT] 
2025-11-05 17:44:49,400 [ERROR] LogOutputStream:75 - [STDERR_REDIRECT] [Fatal Error] :1:1: Premature end of file.
2025-11-05 17:44:49,401 [ERROR] LogOutputStream:75 - [STDERR_REDIRECT] 
2025-11-05 17:44:50,400 [ERROR] LogOutputStream:75 - [STDERR_REDIRECT] [Fatal Error] :1:1: Premature end of file.
2025-11-05 17:44:50,402 [ERROR] LogOutputStream:75 - [STDERR_REDIRECT] 
2025-11-05 17:44:51,410 [ERROR] LogOutputStream:75 - [STDERR_REDIRECT] [Fatal Error] :1:1: Premature end of file.
2025-11-05 17:44:51,410 [ERROR] LogOutputStream:75 - [STDERR_REDIRECT] 
2025-11-05 17:44:52,398 [ERROR] LogOutputStream:75 - [STDERR_REDIRECT] [Fatal Error] :1:1: Premature end of file.
2025-11-05 17:44:52,399 [ERROR] LogOutputStream:75 - [STDERR_REDIRECT] 
2025-11-05 17:44:53,401 [ERROR] LogOutputStream:75 - [STDERR_REDIRECT] [Fatal Error] :1:1: Premature end of file.
2025-11-05 17:44:53,402 [ERROR] LogOutputStream:75 - [STDERR_REDIRECT] 
2025-11-05 17:44:54,402 [ERROR] LogOutputStream:75 - [STDERR_REDIRECT] [Fatal Error] :1:1: Premature end of file.
2025-11-05 17:44:54,403 [ERROR] LogOutputStream:75 - [STDERR_REDIRECT] 
2025-11-05 17:44:55,399 [ERROR] LogOutputStream:75 - [STDERR_REDIRECT] [Fatal Error] :1:1: Premature end of file.
2025-11-05 17:44:55,400 [ERROR] LogOutputStream:75 - [STDERR_REDIRECT] 
2025-11-05 17:44:56,400 [ERROR] LogOutputStream:75 - [STDERR_REDIRECT] [Fatal Error] :1:1: Premature end of file.
2025-11-05 17:44:56,401 [ERROR] LogOutputStream:75 - [STDERR_REDIRECT] 
2025-11-05 17:44:57,414 [ERROR] LogOutputStream:75 - [STDERR_REDIRECT] [Fatal Error] :1:1: Premature end of file.
2025-11-05 17:44:57,414 [ERROR] LogOutputStream:75 - [STDERR_REDIRECT] 
2025-11-05 17:44:58,407 [ERROR] LogOutputStream:75 - [STDERR_REDIRECT] [Fatal Error] :1:1: Premature end of file.
2025-11-05 17:44:58,409 [ERROR] LogOutputStream:75 - [STDERR_REDIRECT] 
2025-11-05 17:44:59,396 [ERROR] LogOutputStream:75 - [STDERR_REDIRECT] [Fatal Error] :1:1: Premature end of file.
2025-11-05 17:44:59,396 [ERROR] LogOutputStream:75 - [STDERR_REDIRECT] 
2025-11-05 17:45:00,397 [ERROR] LogOutputStream:75 - [STDERR_REDIRECT] [Fatal Error] :1:1: Premature end of file.
2025-11-05 17:45:00,397 [ERROR] LogOutputStream:75 - [STDERR_REDIRECT] 
2025-11-05 17:45:01,397 [ERROR] LogOutputStream:75 - [STDERR_REDIRECT] [Fatal Error] :1:1: Premature end of file.
2025-11-05 17:45:01,398 [ERROR] LogOutputStream:75 - [STDERR_REDIRECT] 
2025-11-05 17:45:02,395 [ERROR] LogOutputStream:75 - [STDERR_REDIRECT] [Fatal Error] :1:1: Premature end of file.
2025-11-05 17:45:02,395 [ERROR] LogOutputStream:75 - [STDERR_REDIRECT] 
2025-11-05 17:45:03,413 [ERROR] LogOutputStream:75 - [STDERR_REDIRECT] [Fatal Error] :1:1: Premature end of file.
2025-11-05 17:45:03,414 [ERROR] LogOutputStream:75 - [STDERR_REDIRECT] 
2025-11-05 17:45:04,394 [ERROR] LogOutputStream:75 - [STDERR_REDIRECT] [Fatal Error] :1:1: Premature end of file.
2025-11-05 17:45:04,394 [ERROR] LogOutputStream:75 - [STDERR_REDIRECT] 
2025-11-05 17:45:05,406 [ERROR] LogOutputStream:75 - [STDERR_REDIRECT] [Fatal Error] :1:1: Premature end of file.
2025-11-05 17:45:05,407 [ERROR] LogOutputStream:75 - [STDERR_REDIRECT] 
2025-11-05 17:45:06,400 [ERROR] LogOutputStream:75 - [STDERR_REDIRECT] [Fatal Error] :1:1: Premature end of file.
2025-11-05 17:45:06,401 [ERROR] LogOutputStream:75 - [STDERR_REDIRECT] 
2025-11-05 17:45:07,393 [ERROR] LogOutputStream:75 - [STDERR_REDIRECT] [Fatal Error] :1:1: Premature end of file.
2025-11-05 17:45:07,394 [ERROR] LogOutputStream:75 - [STDERR_REDIRECT] 
2025-11-05 17:45:08,402 [ERROR] LogOutputStream:75 - [STDERR_REDIRECT] [Fatal Error] :1:1: Premature end of file.
2025-11-05 17:45:08,403 [ERROR] LogOutputStream:75 - [STDERR_REDIRECT] 
2025-11-05 17:45:09,407 [ERROR] LogOutputStream:75 - [STDERR_REDIRECT] [Fatal Error] :1:1: Premature end of file.
2025-11-05 17:45:09,408 [ERROR] LogOutputStream:75 - [STDERR_REDIRECT] 
2025-11-05 17:45:10,400 [ERROR] LogOutputStream:75 - [STDERR_REDIRECT] [Fatal Error] :1:1: Premature end of file.
2025-11-05 17:45:10,401 [ERROR] LogOutputStream:75 - [STDERR_REDIRECT] 
2025-11-05 17:45:11,396 [ERROR] LogOutputStream:75 - [STDERR_REDIRECT] [Fatal Error] :1:1: Premature end of file.
2025-11-05 17:45:11,397 [ERROR] LogOutputStream:75 - [STDERR_REDIRECT] 
2025-11-05 17:45:12,400 [ERROR] LogOutputStream:75 - [STDERR_REDIRECT] [Fatal Error] :1:1: Premature end of file.
2025-11-05 17:45:12,401 [ERROR] LogOutputStream:75 - [STDERR_REDIRECT] 
2025-11-05 17:45:13,403 [ERROR] LogOutputStream:75 - [STDERR_REDIRECT] [Fatal Error] :1:1: Premature end of file.
2025-11-05 17:45:13,403 [ERROR] LogOutputStream:75 - [STDERR_REDIRECT] 
2025-11-05 17:45:14,404 [ERROR] LogOutputStream:75 - [STDERR_REDIRECT] [Fatal Error] :1:1: Premature end of file.
2025-11-05 17:45:14,405 [ERROR] LogOutputStream:75 - [STDERR_REDIRECT] 
2025-11-05 17:45:15,404 [ERROR] LogOutputStream:75 - [STDERR_REDIRECT] [Fatal Error] :1:1: Premature end of file.
2025-11-05 17:45:15,405 [ERROR] LogOutputStream:75 - [STDERR_REDIRECT] 
2025-11-05 17:45:16,392 [ERROR] LogOutputStream:75 - [STDERR_REDIRECT] [Fatal Error] :1:1: Premature end of file.
2025-11-05 17:45:16,393 [ERROR] LogOutputStream:75 - [STDERR_REDIRECT] 
2025-11-05 17:45:17,389 [ERROR] LogOutputStream:75 - [STDERR_REDIRECT] [Fatal Error] :1:1: Premature end of file.
2025-11-05 17:45:17,389 [ERROR] LogOutputStream:75 - [STDERR_REDIRECT] 
2025-11-05 17:45:18,392 [ERROR] LogOutputStream:75 - [STDERR_REDIRECT] [Fatal Error] :1:1: Premature end of file.
2025-11-05 17:45:18,392 [ERROR] LogOutputStream:75 - [STDERR_REDIRECT] 
2025-11-05 17:45:19,407 [ERROR] LogOutputStream:75 - [STDERR_REDIRECT] [Fatal Error] :1:1: Premature end of file.
2025-11-05 17:45:19,408 [ERROR] LogOutputStream:75 - [STDERR_REDIRECT] 
2025-11-05 17:45:20,387 [ERROR] LogOutputStream:75 - [STDERR_REDIRECT] [Fatal Error] :1:1: Premature end of file.
2025-11-05 17:45:20,387 [ERROR] LogOutputStream:75 - [STDERR_REDIRECT] 
2025-11-05 17:45:21,403 [ERROR] LogOutputStream:75 - [STDERR_REDIRECT] [Fatal Error] :1:1: Premature end of file.
2025-11-05 17:45:21,403 [ERROR] LogOutputStream:75 - [STDERR_REDIRECT] 
2025-11-05 17:45:22,401 [ERROR] LogOutputStream:75 - [STDERR_REDIRECT] [Fatal Error] :1:1: Premature end of file.
2025-11-05 17:45:22,402 [ERROR] LogOutputStream:75 - [STDERR_REDIRECT] 
2025-11-05 17:45:23,406 [ERROR] LogOutputStream:75 - [STDERR_REDIRECT] [Fatal Error] :1:1: Premature end of file.
2025-11-05 17:45:23,407 [ERROR] LogOutputStream:75 - [STDERR_REDIRECT] 
2025-11-05 17:45:24,402 [ERROR] LogOutputStream:75 - [STDERR_REDIRECT] [Fatal Error] :1:1: Premature end of file.
2025-11-05 17:45:24,402 [ERROR] LogOutputStream:75 - [STDERR_REDIRECT] 
2025-11-05 17:45:25,401 [ERROR] LogOutputStream:75 - [STDERR_REDIRECT] [Fatal Error] :1:1: Premature end of file.
2025-11-05 17:45:25,402 [ERROR] LogOutputStream:75 - [STDERR_REDIRECT] 
2025-11-05 17:45:26,397 [ERROR] LogOutputStream:75 - [STDERR_REDIRECT] [Fatal Error] :1:1: Premature end of file.
2025-11-05 17:45:26,398 [ERROR] LogOutputStream:75 - [STDERR_REDIRECT] 
2025-11-05 17:45:27,400 [ERROR] LogOutputStream:75 - [STDERR_REDIRECT] [Fatal Error] :1:1: Premature end of file.
2025-11-05 17:45:27,400 [ERROR] LogOutputStream:75 - [STDERR_REDIRECT] 
2025-11-05 17:45:28,397 [ERROR] LogOutputStream:75 - [STDERR_REDIRECT] [Fatal Error] :1:1: Premature end of file.
2025-11-05 17:45:28,397 [ERROR] LogOutputStream:75 - [STDERR_REDIRECT] 
2025-11-05 17:45:29,412 [ERROR] LogOutputStream:75 - [STDERR_REDIRECT] [Fatal Error] :1:1: Premature end of file.
2025-11-05 17:45:29,414 [ERROR] LogOutputStream:75 - [STDERR_REDIRECT] 
2025-11-05 17:45:30,409 [ERROR] LogOutputStream:75 - [STDERR_REDIRECT] [Fatal Error] :1:1: Premature end of file.
2025-11-05 17:45:30,410 [ERROR] LogOutputStream:75 - [STDERR_REDIRECT] 
2025-11-05 17:45:31,409 [ERROR] LogOutputStream:75 - [STDERR_REDIRECT] [Fatal Error] :1:1: Premature end of file.
2025-11-05 17:45:31,410 [ERROR] LogOutputStream:75 - [STDERR_REDIRECT] 
2025-11-05 17:45:32,394 [ERROR] LogOutputStream:75 - [STDERR_REDIRECT] [Fatal Error] :1:1: Premature end of file.
2025-11-05 17:45:32,394 [ERROR] LogOutputStream:75 - [STDERR_REDIRECT] 
2025-11-05 17:45:33,399 [ERROR] LogOutputStream:75 - [STDERR_REDIRECT] [Fatal Error] :1:1: Premature end of file.
2025-11-05 17:45:33,400 [ERROR] LogOutputStream:75 - [STDERR_REDIRECT] 
2025-11-05 17:45:34,407 [ERROR] LogOutputStream:75 - [STDERR_REDIRECT] [Fatal Error] :1:1: Premature end of file.
2025-11-05 17:45:34,407 [ERROR] LogOutputStream:75 - [STDERR_REDIRECT] 
2025-11-05 17:45:35,398 [ERROR] LogOutputStream:75 - [STDERR_REDIRECT] [Fatal Error] :1:1: Premature end of file.
2025-11-05 17:45:35,399 [ERROR] LogOutputStream:75 - [STDERR_REDIRECT] 
2025-11-05 17:45:36,397 [ERROR] LogOutputStream:75 - [STDERR_REDIRECT] [Fatal Error] :1:1: Premature end of file.
2025-11-05 17:45:36,398 [ERROR] LogOutputStream:75 - [STDERR_REDIRECT] 
2025-11-05 17:45:37,389 [ERROR] LogOutputStream:75 - [STDERR_REDIRECT] [Fatal Error] :1:1: Premature end of file.
2025-11-05 17:45:37,391 [ERROR] LogOutputStream:75 - [STDERR_REDIRECT] 
2025-11-05 17:45:38,392 [ERROR] LogOutputStream:75 - [STDERR_REDIRECT] [Fatal Error] :1:1: Premature end of file.
2025-11-05 17:45:38,393 [ERROR] LogOutputStream:75 - [STDERR_REDIRECT] 
2025-11-05 17:45:39,401 [ERROR] LogOutputStream:75 - [STDERR_REDIRECT] [Fatal Error] :1:1: Premature end of file.
2025-11-05 17:45:39,401 [ERROR] LogOutputStream:75 - [STDERR_REDIRECT] 
2025-11-05 17:45:40,404 [ERROR] LogOutputStream:75 - [STDERR_REDIRECT] [Fatal Error] :1:1: Premature end of file.
2025-11-05 17:45:40,405 [ERROR] LogOutputStream:75 - [STDERR_REDIRECT] 
2025-11-05 17:45:41,412 [ERROR] LogOutputStream:75 - [STDERR_REDIRECT] [Fatal Error] :1:1: Premature end of file.
2025-11-05 17:45:41,413 [ERROR] LogOutputStream:75 - [STDERR_REDIRECT] 
2025-11-05 17:45:42,398 [ERROR] LogOutputStream:75 - [STDERR_REDIRECT] [Fatal Error] :1:1: Premature end of file.
2025-11-05 17:45:42,398 [ERROR] LogOutputStream:75 - [STDERR_REDIRECT] 
2025-11-05 17:45:43,403 [ERROR] LogOutputStream:75 - [STDERR_REDIRECT] [Fatal Error] :1:1: Premature end of file.
2025-11-05 17:45:43,403 [ERROR] LogOutputStream:75 - [STDERR_REDIRECT] 
2025-11-05 17:45:44,400 [ERROR] LogOutputStream:75 - [STDERR_REDIRECT] [Fatal Error] :1:1: Premature end of file.
2025-11-05 17:45:44,400 [ERROR] LogOutputStream:75 - [STDERR_REDIRECT] 
2025-11-05 17:45:45,404 [ERROR] LogOutputStream:75 - [STDERR_REDIRECT] [Fatal Error] :1:1: Premature end of file.
2025-11-05 17:45:45,404 [ERROR] LogOutputStream:75 - [STDERR_REDIRECT] 
2025-11-05 17:45:46,415 [ERROR] LogOutputStream:75 - [STDERR_REDIRECT] [Fatal Error] :1:1: Premature end of file.
2025-11-05 17:45:46,416 [ERROR] LogOutputStream:75 - [STDERR_REDIRECT] 
2025-11-05 17:45:47,411 [ERROR] LogOutputStream:75 - [STDERR_REDIRECT] [Fatal Error] :1:1: Premature end of file.
2025-11-05 17:45:47,412 [ERROR] LogOutputStream:75 - [STDERR_REDIRECT] 
2025-11-05 17:45:48,409 [ERROR] LogOutputStream:75 - [STDERR_REDIRECT] [Fatal Error] :1:1: Premature end of file.
2025-11-05 17:45:48,410 [ERROR] LogOutputStream:75 - [STDERR_REDIRECT] 
2025-11-05 17:45:49,399 [ERROR] LogOutputStream:75 - [STDERR_REDIRECT] [Fatal Error] :1:1: Premature end of file.
2025-11-05 17:45:49,400 [ERROR] LogOutputStream:75 - [STDERR_REDIRECT] 
2025-11-05 17:45:50,391 [ERROR] LogOutputStream:75 - [STDERR_REDIRECT] [Fatal Error] :1:1: Premature end of file.
2025-11-05 17:45:50,392 [ERROR] LogOutputStream:75 - [STDERR_REDIRECT] 
2025-11-05 17:45:51,418 [ERROR] LogOutputStream:75 - [STDERR_REDIRECT] [Fatal Error] :1:1: Premature end of file.
2025-11-05 17:45:51,419 [ERROR] LogOutputStream:75 - [STDERR_REDIRECT] 
2025-11-05 17:45:52,410 [ERROR] LogOutputStream:75 - [STDERR_REDIRECT] [Fatal Error] :1:1: Premature end of file.
2025-11-05 17:45:52,410 [ERROR] LogOutputStream:75 - [STDERR_REDIRECT] 
2025-11-05 17:45:53,397 [ERROR] LogOutputStream:75 - [STDERR_REDIRECT] [Fatal Error] :1:1: Premature end of file.
2025-11-05 17:45:53,398 [ERROR] LogOutputStream:75 - [STDERR_REDIRECT] 
2025-11-05 17:45:54,404 [ERROR] LogOutputStream:75 - [STDERR_REDIRECT] [Fatal Error] :1:1: Premature end of file.
2025-11-05 17:45:54,404 [ERROR] LogOutputStream:75 - [STDERR_REDIRECT] 
2025-11-05 17:45:55,400 [ERROR] LogOutputStream:75 - [STDERR_REDIRECT] [Fatal Error] :1:1: Premature end of file.
2025-11-05 17:45:55,400 [ERROR] LogOutputStream:75 - [STDERR_REDIRECT] 
2025-11-05 17:45:56,396 [ERROR] LogOutputStream:75 - [STDERR_REDIRECT] [Fatal Error] :1:1: Premature end of file.
2025-11-05 17:45:56,397 [ERROR] LogOutputStream:75 - [STDERR_REDIRECT] 
2025-11-05 17:45:57,395 [ERROR] LogOutputStream:75 - [STDERR_REDIRECT] [Fatal Error] :1:1: Premature end of file.
2025-11-05 17:45:57,396 [ERROR] LogOutputStream:75 - [STDERR_REDIRECT] 
2025-11-05 17:45:58,405 [ERROR] LogOutputStream:75 - [STDERR_REDIRECT] [Fatal Error] :1:1: Premature end of file.
2025-11-05 17:45:58,406 [ERROR] LogOutputStream:75 - [STDERR_REDIRECT] 
2025-11-05 17:45:59,417 [ERROR] LogOutputStream:75 - [STDERR_REDIRECT] [Fatal Error] :1:1: Premature end of file.
2025-11-05 17:45:59,417 [ERROR] LogOutputStream:75 - [STDERR_REDIRECT] 
2025-11-05 17:46:00,395 [ERROR] LogOutputStream:75 - [STDERR_REDIRECT] [Fatal Error] :1:1: Premature end of file.
2025-11-05 17:46:00,396 [ERROR] LogOutputStream:75 - [STDERR_REDIRECT] 
2025-11-05 17:46:01,417 [ERROR] LogOutputStream:75 - [STDERR_REDIRECT] [Fatal Error] :1:1: Premature end of file.
2025-11-05 17:46:01,418 [ERROR] LogOutputStream:75 - [STDERR_REDIRECT] 
2025-11-05 17:46:02,401 [ERROR] LogOutputStream:75 - [STDERR_REDIRECT] [Fatal Error] :1:1: Premature end of file.
2025-11-05 17:46:02,401 [ERROR] LogOutputStream:75 - [STDERR_REDIRECT] 
2025-11-05 17:46:03,399 [ERROR] LogOutputStream:75 - [STDERR_REDIRECT] [Fatal Error] :1:1: Premature end of file.
2025-11-05 17:46:03,399 [ERROR] LogOutputStream:75 - [STDERR_REDIRECT] 
2025-11-05 17:46:04,392 [ERROR] LogOutputStream:75 - [STDERR_REDIRECT] [Fatal Error] :1:1: Premature end of file.
2025-11-05 17:46:04,393 [ERROR] LogOutputStream:75 - [STDERR_REDIRECT] 
2025-11-05 17:46:05,403 [ERROR] LogOutputStream:75 - [STDERR_REDIRECT] [Fatal Error] :1:1: Premature end of file.
2025-11-05 17:46:05,404 [ERROR] LogOutputStream:75 - [STDERR_REDIRECT] 
2025-11-05 17:46:06,393 [ERROR] LogOutputStream:75 - [STDERR_REDIRECT] [Fatal Error] :1:1: Premature end of file.
2025-11-05 17:46:06,393 [ERROR] LogOutputStream:75 - [STDERR_REDIRECT] 
2025-11-05 17:46:07,384 [ERROR] LogOutputStream:75 - [STDERR_REDIRECT] [Fatal Error] :1:1: Premature end of file.
2025-11-05 17:46:07,384 [ERROR] LogOutputStream:75 - [STDERR_REDIRECT] 
2025-11-05 17:46:08,393 [ERROR] LogOutputStream:75 - [STDERR_REDIRECT] [Fatal Error] :1:1: Premature end of file.
2025-11-05 17:46:08,394 [ERROR] LogOutputStream:75 - [STDERR_REDIRECT] 
2025-11-05 17:46:09,392 [ERROR] LogOutputStream:75 - [STDERR_REDIRECT] [Fatal Error] :1:1: Premature end of file.
2025-11-05 17:46:09,392 [ERROR] LogOutputStream:75 - [STDERR_REDIRECT] 
2025-11-05 17:46:10,403 [ERROR] LogOutputStream:75 - [STDERR_REDIRECT] [Fatal Error] :1:1: Premature end of file.
2025-11-05 17:46:10,403 [ERROR] LogOutputStream:75 - [STDERR_REDIRECT] 
2025-11-05 17:46:11,386 [ERROR] LogOutputStream:75 - [STDERR_REDIRECT] [Fatal Error] :1:1: Premature end of file.
2025-11-05 17:46:11,386 [ERROR] LogOutputStream:75 - [STDERR_REDIRECT] 
2025-11-05 17:46:12,410 [ERROR] LogOutputStream:75 - [STDERR_REDIRECT] [Fatal Error] :1:1: Premature end of file.
2025-11-05 17:46:12,410 [ERROR] LogOutputStream:75 - [STDERR_REDIRECT] 
2025-11-05 17:46:13,402 [ERROR] LogOutputStream:75 - [STDERR_REDIRECT] [Fatal Error] :1:1: Premature end of file.
2025-11-05 17:46:13,403 [ERROR] LogOutputStream:75 - [STDERR_REDIRECT] 
2025-11-05 17:46:14,412 [ERROR] LogOutputStream:75 - [STDERR_REDIRECT] [Fatal Error] :1:1: Premature end of file.
2025-11-05 17:46:14,412 [ERROR] LogOutputStream:75 - [STDERR_REDIRECT] 
2025-11-05 17:46:15,399 [ERROR] LogOutputStream:75 - [STDERR_REDIRECT] [Fatal Error] :1:1: Premature end of file.
2025-11-05 17:46:15,399 [ERROR] LogOutputStream:75 - [STDERR_REDIRECT] 
2025-11-05 17:46:16,396 [ERROR] LogOutputStream:75 - [STDERR_REDIRECT] [Fatal Error] :1:1: Premature end of file.
2025-11-05 17:46:16,397 [ERROR] LogOutputStream:75 - [STDERR_REDIRECT] 
2025-11-05 17:46:17,391 [ERROR] LogOutputStream:75 - [STDERR_REDIRECT] [Fatal Error] :1:1: Premature end of file.
2025-11-05 17:46:17,392 [ERROR] LogOutputStream:75 - [STDERR_REDIRECT] 
2025-11-05 17:46:18,403 [ERROR] LogOutputStream:75 - [STDERR_REDIRECT] [Fatal Error] :1:1: Premature end of file.
2025-11-05 17:46:18,403 [ERROR] LogOutputStream:75 - [STDERR_REDIRECT] 
2025-11-05 17:46:19,413 [ERROR] LogOutputStream:75 - [STDERR_REDIRECT] [Fatal Error] :1:1: Premature end of file.
2025-11-05 17:46:19,413 [ERROR] LogOutputStream:75 - [STDERR_REDIRECT] 
2025-11-05 17:46:20,394 [ERROR] LogOutputStream:75 - [STDERR_REDIRECT] [Fatal Error] :1:1: Premature end of file.
2025-11-05 17:46:20,395 [ERROR] LogOutputStream:75 - [STDERR_REDIRECT] 
2025-11-05 17:46:21,402 [ERROR] LogOutputStream:75 - [STDERR_REDIRECT] [Fatal Error] :1:1: Premature end of file.
2025-11-05 17:46:21,402 [ERROR] LogOutputStream:75 - [STDERR_REDIRECT] 
2025-11-05 17:46:22,416 [ERROR] LogOutputStream:75 - [STDERR_REDIRECT] [Fatal Error] :1:1: Premature end of file.
2025-11-05 17:46:22,416 [ERROR] LogOutputStream:75 - [STDERR_REDIRECT] 
2025-11-05 17:46:23,396 [ERROR] LogOutputStream:75 - [STDERR_REDIRECT] [Fatal Error] :1:1: Premature end of file.
2025-11-05 17:46:23,397 [ERROR] LogOutputStream:75 - [STDERR_REDIRECT] 
2025-11-05 17:46:24,391 [ERROR] LogOutputStream:75 - [STDERR_REDIRECT] [Fatal Error] :1:1: Premature end of file.
2025-11-05 17:46:24,392 [ERROR] LogOutputStream:75 - [STDERR_REDIRECT] 
2025-11-05 17:46:25,393 [ERROR] LogOutputStream:75 - [STDERR_REDIRECT] [Fatal Error] :1:1: Premature end of file.
2025-11-05 17:46:25,394 [ERROR] LogOutputStream:75 - [STDERR_REDIRECT] 
2025-11-05 17:46:26,512 [ERROR] LogOutputStream:75 - [STDERR_REDIRECT] [Fatal Error] :1:1: Premature end of file.
2025-11-05 17:46:26,519 [ERROR] LogOutputStream:75 - [STDERR_REDIRECT] 
2025-11-05 17:46:27,411 [ERROR] LogOutputStream:75 - [STDERR_REDIRECT] [Fatal Error] :1:1: Premature end of file.
2025-11-05 17:46:27,414 [ERROR] LogOutputStream:75 - [STDERR_REDIRECT] 
2025-11-05 17:46:28,402 [ERROR] LogOutputStream:75 - [STDERR_REDIRECT] [Fatal Error] :1:1: Premature end of file.
2025-11-05 17:46:28,404 [ERROR] LogOutputStream:75 - [STDERR_REDIRECT] 
2025-11-05 17:46:29,405 [ERROR] LogOutputStream:75 - [STDERR_REDIRECT] [Fatal Error] :1:1: Premature end of file.
2025-11-05 17:46:29,406 [ERROR] LogOutputStream:75 - [STDERR_REDIRECT] 
2025-11-05 17:46:30,403 [ERROR] LogOutputStream:75 - [STDERR_REDIRECT] [Fatal Error] :1:1: Premature end of file.
2025-11-05 17:46:30,403 [ERROR] LogOutputStream:75 - [STDERR_REDIRECT] 
2025-11-05 17:46:31,400 [ERROR] LogOutputStream:75 - [STDERR_REDIRECT] [Fatal Error] :1:1: Premature end of file.
2025-11-05 17:46:31,400 [ERROR] LogOutputStream:75 - [STDERR_REDIRECT] 
2025-11-05 17:46:32,390 [ERROR] LogOutputStream:75 - [STDERR_REDIRECT] [Fatal Error] :1:1: Premature end of file.
2025-11-05 17:46:32,390 [ERROR] LogOutputStream:75 - [STDERR_REDIRECT] 
2025-11-05 17:46:33,400 [ERROR] LogOutputStream:75 - [STDERR_REDIRECT] [Fatal Error] :1:1: Premature end of file.
2025-11-05 17:46:33,400 [ERROR] LogOutputStream:75 - [STDERR_REDIRECT] 
2025-11-05 17:46:34,395 [ERROR] LogOutputStream:75 - [STDERR_REDIRECT] [Fatal Error] :1:1: Premature end of file.
2025-11-05 17:46:34,395 [ERROR] LogOutputStream:75 - [STDERR_REDIRECT] 
2025-11-05 17:46:35,395 [ERROR] LogOutputStream:75 - [STDERR_REDIRECT] [Fatal Error] :1:1: Premature end of file.
2025-11-05 17:46:35,395 [ERROR] LogOutputStream:75 - [STDERR_REDIRECT] 
2025-11-05 17:46:36,392 [ERROR] LogOutputStream:75 - [STDERR_REDIRECT] [Fatal Error] :1:1: Premature end of file.
2025-11-05 17:46:36,393 [ERROR] LogOutputStream:75 - [STDERR_REDIRECT] 
2025-11-05 17:46:37,398 [ERROR] LogOutputStream:75 - [STDERR_REDIRECT] [Fatal Error] :1:1: Premature end of file.
2025-11-05 17:46:37,399 [ERROR] LogOutputStream:75 - [STDERR_REDIRECT] 
2025-11-05 17:46:38,395 [ERROR] LogOutputStream:75 - [STDERR_REDIRECT] [Fatal Error] :1:1: Premature end of file.
2025-11-05 17:46:38,395 [ERROR] LogOutputStream:75 - [STDERR_REDIRECT] 
2025-11-05 17:46:39,390 [ERROR] LogOutputStream:75 - [STDERR_REDIRECT] [Fatal Error] :1:1: Premature end of file.
2025-11-05 17:46:39,390 [ERROR] LogOutputStream:75 - [STDERR_REDIRECT] 
2025-11-05 17:46:40,406 [ERROR] LogOutputStream:75 - [STDERR_REDIRECT] [Fatal Error] :1:1: Premature end of file.
2025-11-05 17:46:40,407 [ERROR] LogOutputStream:75 - [STDERR_REDIRECT] 
2025-11-05 17:46:41,398 [ERROR] LogOutputStream:75 - [STDERR_REDIRECT] [Fatal Error] :1:1: Premature end of file.
2025-11-05 17:46:41,398 [ERROR] LogOutputStream:75 - [STDERR_REDIRECT] 
2025-11-05 17:46:42,392 [ERROR] LogOutputStream:75 - [STDERR_REDIRECT] [Fatal Error] :1:1: Premature end of file.
2025-11-05 17:46:42,393 [ERROR] LogOutputStream:75 - [STDERR_REDIRECT] 
2025-11-05 17:46:43,386 [ERROR] LogOutputStream:75 - [STDERR_REDIRECT] [Fatal Error] :1:1: Premature end of file.
2025-11-05 17:46:43,387 [ERROR] LogOutputStream:75 - [STDERR_REDIRECT] 
2025-11-05 17:46:44,396 [ERROR] LogOutputStream:75 - [STDERR_REDIRECT] [Fatal Error] :1:1: Premature end of file.
2025-11-05 17:46:44,396 [ERROR] LogOutputStream:75 - [STDERR_REDIRECT] 
2025-11-05 17:46:45,395 [ERROR] LogOutputStream:75 - [STDERR_REDIRECT] [Fatal Error] :1:1: Premature end of file.
2025-11-05 17:46:45,396 [ERROR] LogOutputStream:75 - [STDERR_REDIRECT] 
2025-11-05 17:46:46,394 [ERROR] LogOutputStream:75 - [STDERR_REDIRECT] [Fatal Error] :1:1: Premature end of file.
2025-11-05 17:46:46,395 [ERROR] LogOutputStream:75 - [STDERR_REDIRECT] 
2025-11-05 17:46:47,393 [ERROR] LogOutputStream:75 - [STDERR_REDIRECT] [Fatal Error] :1:1: Premature end of file.
2025-11-05 17:46:47,394 [ERROR] LogOutputStream:75 - [STDERR_REDIRECT] 
2025-11-05 17:46:48,384 [ERROR] LogOutputStream:75 - [STDERR_REDIRECT] [Fatal Error] :1:1: Premature end of file.
2025-11-05 17:46:48,385 [ERROR] LogOutputStream:75 - [STDERR_REDIRECT] 
2025-11-05 17:46:49,389 [ERROR] LogOutputStream:75 - [STDERR_REDIRECT] [Fatal Error] :1:1: Premature end of file.
2025-11-05 17:46:49,390 [ERROR] LogOutputStream:75 - [STDERR_REDIRECT] 
2025-11-05 17:46:50,388 [ERROR] LogOutputStream:75 - [STDERR_REDIRECT] [Fatal Error] :1:1: Premature end of file.
2025-11-05 17:46:50,388 [ERROR] LogOutputStream:75 - [STDERR_REDIRECT] 
2025-11-05 17:46:51,404 [ERROR] LogOutputStream:75 - [STDERR_REDIRECT] [Fatal Error] :1:1: Premature end of file.
2025-11-05 17:46:51,405 [ERROR] LogOutputStream:75 - [STDERR_REDIRECT] 
2025-11-05 17:46:52,391 [ERROR] LogOutputStream:75 - [STDERR_REDIRECT] [Fatal Error] :1:1: Premature end of file.
2025-11-05 17:46:52,392 [ERROR] LogOutputStream:75 - [STDERR_REDIRECT] 
2025-11-05 17:46:53,400 [ERROR] LogOutputStream:75 - [STDERR_REDIRECT] [Fatal Error] :1:1: Premature end of file.
2025-11-05 17:46:53,400 [ERROR] LogOutputStream:75 - [STDERR_REDIRECT] 
2025-11-05 17:46:54,399 [ERROR] LogOutputStream:75 - [STDERR_REDIRECT] [Fatal Error] :1:1: Premature end of file.
2025-11-05 17:46:54,400 [ERROR] LogOutputStream:75 - [STDERR_REDIRECT] 
2025-11-05 17:46:55,398 [ERROR] LogOutputStream:75 - [STDERR_REDIRECT] [Fatal Error] :1:1: Premature end of file.
2025-11-05 17:46:55,398 [ERROR] LogOutputStream:75 - [STDERR_REDIRECT] 
2025-11-05 17:46:56,395 [ERROR] LogOutputStream:75 - [STDERR_REDIRECT] [Fatal Error] :1:1: Premature end of file.
2025-11-05 17:46:56,395 [ERROR] LogOutputStream:75 - [STDERR_REDIRECT] 
2025-11-05 17:46:57,407 [ERROR] LogOutputStream:75 - [STDERR_REDIRECT] [Fatal Error] :1:1: Premature end of file.
2025-11-05 17:46:57,408 [ERROR] LogOutputStream:75 - [STDERR_REDIRECT] 
2025-11-05 17:46:58,390 [ERROR] LogOutputStream:75 - [STDERR_REDIRECT] [Fatal Error] :1:1: Premature end of file.
2025-11-05 17:46:58,391 [ERROR] LogOutputStream:75 - [STDERR_REDIRECT] 
2025-11-05 17:46:59,327 [ERROR] LogOutputStream:75 - [STDERR_REDIRECT] [Fatal Error] :1:1: Premature end of file.
2025-11-05 17:46:59,327 [ERROR] LogOutputStream:75 - [STDERR_REDIRECT] 
2025-11-05 17:47:00,394 [ERROR] LogOutputStream:75 - [STDERR_REDIRECT] [Fatal Error] :1:1: Premature end of file.
2025-11-05 17:47:00,394 [ERROR] LogOutputStream:75 - [STDERR_REDIRECT] 
2025-11-05 17:47:01,399 [ERROR] LogOutputStream:75 - [STDERR_REDIRECT] [Fatal Error] :1:1: Premature end of file.
2025-11-05 17:47:01,400 [ERROR] LogOutputStream:75 - [STDERR_REDIRECT] 
2025-11-05 17:47:02,408 [ERROR] LogOutputStream:75 - [STDERR_REDIRECT] [Fatal Error] :1:1: Premature end of file.
2025-11-05 17:47:02,409 [ERROR] LogOutputStream:75 - [STDERR_REDIRECT] 
2025-11-05 17:47:03,389 [ERROR] LogOutputStream:75 - [STDERR_REDIRECT] [Fatal Error] :1:1: Premature end of file.
2025-11-05 17:47:03,389 [ERROR] LogOutputStream:75 - [STDERR_REDIRECT] 
2025-11-05 17:47:04,392 [ERROR] LogOutputStream:75 - [STDERR_REDIRECT] [Fatal Error] :1:1: Premature end of file.
2025-11-05 17:47:04,393 [ERROR] LogOutputStream:75 - [STDERR_REDIRECT] 
2025-11-05 17:47:05,411 [ERROR] LogOutputStream:75 - [STDERR_REDIRECT] [Fatal Error] :1:1: Premature end of file.
2025-11-05 17:47:05,411 [ERROR] LogOutputStream:75 - [STDERR_REDIRECT] 
2025-11-05 17:47:06,396 [ERROR] LogOutputStream:75 - [STDERR_REDIRECT] [Fatal Error] :1:1: Premature end of file.
2025-11-05 17:47:06,397 [ERROR] LogOutputStream:75 - [STDERR_REDIRECT] 
2025-11-05 17:47:07,398 [ERROR] LogOutputStream:75 - [STDERR_REDIRECT] [Fatal Error] :1:1: Premature end of file.
2025-11-05 17:47:07,398 [ERROR] LogOutputStream:75 - [STDERR_REDIRECT] 
2025-11-05 17:47:08,382 [ERROR] LogOutputStream:75 - [STDERR_REDIRECT] [Fatal Error] :1:1: Premature end of file.
2025-11-05 17:47:08,382 [ERROR] LogOutputStream:75 - [STDERR_REDIRECT] 
2025-11-05 17:47:09,402 [ERROR] LogOutputStream:75 - [STDERR_REDIRECT] [Fatal Error] :1:1: Premature end of file.
2025-11-05 17:47:09,403 [ERROR] LogOutputStream:75 - [STDERR_REDIRECT] 
2025-11-05 17:47:10,388 [ERROR] LogOutputStream:75 - [STDERR_REDIRECT] [Fatal Error] :1:1: Premature end of file.
2025-11-05 17:47:10,388 [ERROR] LogOutputStream:75 - [STDERR_REDIRECT] 
2025-11-05 17:47:11,446 [ERROR] LogOutputStream:75 - [STDERR_REDIRECT] [Fatal Error] :1:1: Premature end of file.
2025-11-05 17:47:11,448 [ERROR] LogOutputStream:75 - [STDERR_REDIRECT] 
2025-11-05 17:47:12,460 [ERROR] LogOutputStream:75 - [STDERR_REDIRECT] [Fatal Error] :1:1: Premature end of file.
2025-11-05 17:47:12,461 [ERROR] LogOutputStream:75 - [STDERR_REDIRECT] 
2025-11-05 17:47:13,409 [ERROR] LogOutputStream:75 - [STDERR_REDIRECT] [Fatal Error] :1:1: Premature end of file.
2025-11-05 17:47:13,409 [ERROR] LogOutputStream:75 - [STDERR_REDIRECT] 
2025-11-05 17:47:14,393 [ERROR] LogOutputStream:75 - [STDERR_REDIRECT] [Fatal Error] :1:1: Premature end of file.
2025-11-05 17:47:14,394 [ERROR] LogOutputStream:75 - [STDERR_REDIRECT] 
2025-11-05 17:47:15,392 [ERROR] LogOutputStream:75 - [STDERR_REDIRECT] [Fatal Error] :1:1: Premature end of file.
2025-11-05 17:47:15,392 [ERROR] LogOutputStream:75 - [STDERR_REDIRECT] 
2025-11-05 17:47:16,402 [ERROR] LogOutputStream:75 - [STDERR_REDIRECT] [Fatal Error] :1:1: Premature end of file.
2025-11-05 17:47:16,403 [ERROR] LogOutputStream:75 - [STDERR_REDIRECT] 
2025-11-05 17:47:17,403 [ERROR] LogOutputStream:75 - [STDERR_REDIRECT] [Fatal Error] :1:1: Premature end of file.
2025-11-05 17:47:17,404 [ERROR] LogOutputStream:75 - [STDERR_REDIRECT] 
2025-11-05 17:47:18,401 [ERROR] LogOutputStream:75 - [STDERR_REDIRECT] [Fatal Error] :1:1: Premature end of file.
2025-11-05 17:47:18,401 [ERROR] LogOutputStream:75 - [STDERR_REDIRECT] 
2025-11-05 17:47:19,412 [ERROR] LogOutputStream:75 - [STDERR_REDIRECT] [Fatal Error] :1:1: Premature end of file.
2025-11-05 17:47:19,412 [ERROR] LogOutputStream:75 - [STDERR_REDIRECT] 
2025-11-05 17:47:20,411 [ERROR] LogOutputStream:75 - [STDERR_REDIRECT] [Fatal Error] :1:1: Premature end of file.
2025-11-05 17:47:20,412 [ERROR] LogOutputStream:75 - [STDERR_REDIRECT] 
2025-11-05 17:47:21,388 [ERROR] LogOutputStream:75 - [STDERR_REDIRECT] [Fatal Error] :1:1: Premature end of file.
2025-11-05 17:47:21,389 [ERROR] LogOutputStream:75 - [STDERR_REDIRECT] 
2025-11-05 17:47:22,387 [ERROR] LogOutputStream:75 - [STDERR_REDIRECT] [Fatal Error] :1:1: Premature end of file.
2025-11-05 17:47:22,387 [ERROR] LogOutputStream:75 - [STDERR_REDIRECT] 
2025-11-05 17:47:23,379 [ERROR] LogOutputStream:75 - [STDERR_REDIRECT] [Fatal Error] :1:1: Premature end of file.
2025-11-05 17:47:23,379 [ERROR] LogOutputStream:75 - [STDERR_REDIRECT] 
2025-11-05 17:47:24,400 [ERROR] LogOutputStream:75 - [STDERR_REDIRECT] [Fatal Error] :1:1: Premature end of file.
2025-11-05 17:47:24,400 [ERROR] LogOutputStream:75 - [STDERR_REDIRECT] 
2025-11-05 17:47:25,400 [ERROR] LogOutputStream:75 - [STDERR_REDIRECT] [Fatal Error] :1:1: Premature end of file.
2025-11-05 17:47:25,401 [ERROR] LogOutputStream:75 - [STDERR_REDIRECT] 
2025-11-05 17:47:26,388 [ERROR] LogOutputStream:75 - [STDERR_REDIRECT] [Fatal Error] :1:1: Premature end of file.
2025-11-05 17:47:26,388 [ERROR] LogOutputStream:75 - [STDERR_REDIRECT] 
2025-11-05 17:47:27,394 [ERROR] LogOutputStream:75 - [STDERR_REDIRECT] [Fatal Error] :1:1: Premature end of file.
2025-11-05 17:47:27,395 [ERROR] LogOutputStream:75 - [STDERR_REDIRECT] 
2025-11-05 17:47:28,384 [ERROR] LogOutputStream:75 - [STDERR_REDIRECT] [Fatal Error] :1:1: Premature end of file.
2025-11-05 17:47:28,385 [ERROR] LogOutputStream:75 - [STDERR_REDIRECT] 
2025-11-05 17:47:29,394 [ERROR] LogOutputStream:75 - [STDERR_REDIRECT] [Fatal Error] :1:1: Premature end of file.
2025-11-05 17:47:29,395 [ERROR] LogOutputStream:75 - [STDERR_REDIRECT] 
2025-11-05 17:47:30,393 [ERROR] LogOutputStream:75 - [STDERR_REDIRECT] [Fatal Error] :1:1: Premature end of file.
2025-11-05 17:47:30,394 [ERROR] LogOutputStream:75 - [STDERR_REDIRECT] 
2025-11-05 17:47:31,397 [ERROR] LogOutputStream:75 - [STDERR_REDIRECT] [Fatal Error] :1:1: Premature end of file.
2025-11-05 17:47:31,397 [ERROR] LogOutputStream:75 - [STDERR_REDIRECT] 
2025-11-05 17:47:32,398 [ERROR] LogOutputStream:75 - [STDERR_REDIRECT] [Fatal Error] :1:1: Premature end of file.
2025-11-05 17:47:32,399 [ERROR] LogOutputStream:75 - [STDERR_REDIRECT] 
2025-11-05 17:47:33,390 [ERROR] LogOutputStream:75 - [STDERR_REDIRECT] [Fatal Error] :1:1: Premature end of file.
2025-11-05 17:47:33,390 [ERROR] LogOutputStream:75 - [STDERR_REDIRECT] 
2025-11-05 17:47:34,403 [ERROR] LogOutputStream:75 - [STDERR_REDIRECT] [Fatal Error] :1:1: Premature end of file.
2025-11-05 17:47:34,403 [ERROR] LogOutputStream:75 - [STDERR_REDIRECT] 
2025-11-05 17:47:35,398 [ERROR] LogOutputStream:75 - [STDERR_REDIRECT] [Fatal Error] :1:1: Premature end of file.
2025-11-05 17:47:35,399 [ERROR] LogOutputStream:75 - [STDERR_REDIRECT] 
2025-11-05 17:47:36,390 [ERROR] LogOutputStream:75 - [STDERR_REDIRECT] [Fatal Error] :1:1: Premature end of file.
2025-11-05 17:47:36,390 [ERROR] LogOutputStream:75 - [STDERR_REDIRECT] 
2025-11-05 17:47:37,401 [ERROR] LogOutputStream:75 - [STDERR_REDIRECT] [Fatal Error] :1:1: Premature end of file.
2025-11-05 17:47:37,402 [ERROR] LogOutputStream:75 - [STDERR_REDIRECT] 
2025-11-05 17:47:38,388 [ERROR] LogOutputStream:75 - [STDERR_REDIRECT] [Fatal Error] :1:1: Premature end of file.
2025-11-05 17:47:38,388 [ERROR] LogOutputStream:75 - [STDERR_REDIRECT] 
2025-11-05 17:47:39,396 [ERROR] LogOutputStream:75 - [STDERR_REDIRECT] [Fatal Error] :1:1: Premature end of file.
2025-11-05 17:47:39,396 [ERROR] LogOutputStream:75 - [STDERR_REDIRECT] 
2025-11-05 17:47:40,386 [ERROR] LogOutputStream:75 - [STDERR_REDIRECT] [Fatal Error] :1:1: Premature end of file.
2025-11-05 17:47:40,387 [ERROR] LogOutputStream:75 - [STDERR_REDIRECT] 
2025-11-05 17:47:41,388 [ERROR] LogOutputStream:75 - [STDERR_REDIRECT] [Fatal Error] :1:1: Premature end of file.
2025-11-05 17:47:41,388 [ERROR] LogOutputStream:75 - [STDERR_REDIRECT] 
2025-11-05 17:47:42,393 [ERROR] LogOutputStream:75 - [STDERR_REDIRECT] [Fatal Error] :1:1: Premature end of file.
2025-11-05 17:47:42,394 [ERROR] LogOutputStream:75 - [STDERR_REDIRECT] 
2025-11-05 17:47:43,408 [ERROR] LogOutputStream:75 - [STDERR_REDIRECT] [Fatal Error] :1:1: Premature end of file.
2025-11-05 17:47:43,410 [ERROR] LogOutputStream:75 - [STDERR_REDIRECT] 
2025-11-05 17:47:44,382 [ERROR] LogOutputStream:75 - [STDERR_REDIRECT] [Fatal Error] :1:1: Premature end of file.
2025-11-05 17:47:44,382 [ERROR] LogOutputStream:75 - [STDERR_REDIRECT] 
2025-11-05 17:47:45,408 [ERROR] LogOutputStream:75 - [STDERR_REDIRECT] [Fatal Error] :1:1: Premature end of file.
2025-11-05 17:47:45,410 [ERROR] LogOutputStream:75 - [STDERR_REDIRECT] 
2025-11-05 17:47:46,410 [ERROR] LogOutputStream:75 - [STDERR_REDIRECT] [Fatal Error] :1:1: Premature end of file.
2025-11-05 17:47:46,410 [ERROR] LogOutputStream:75 - [STDERR_REDIRECT] 
2025-11-05 17:47:47,393 [ERROR] LogOutputStream:75 - [STDERR_REDIRECT] [Fatal Error] :1:1: Premature end of file.
2025-11-05 17:47:47,394 [ERROR] LogOutputStream:75 - [STDERR_REDIRECT] 
2025-11-05 17:47:48,398 [ERROR] LogOutputStream:75 - [STDERR_REDIRECT] [Fatal Error] :1:1: Premature end of file.
2025-11-05 17:47:48,399 [ERROR] LogOutputStream:75 - [STDERR_REDIRECT] 
2025-11-05 17:47:49,401 [ERROR] LogOutputStream:75 - [STDERR_REDIRECT] [Fatal Error] :1:1: Premature end of file.
2025-11-05 17:47:49,402 [ERROR] LogOutputStream:75 - [STDERR_REDIRECT] 
2025-11-05 17:47:50,393 [ERROR] LogOutputStream:75 - [STDERR_REDIRECT] [Fatal Error] :1:1: Premature end of file.
2025-11-05 17:47:50,393 [ERROR] LogOutputStream:75 - [STDERR_REDIRECT] 
2025-11-05 17:47:51,399 [ERROR] LogOutputStream:75 - [STDERR_REDIRECT] [Fatal Error] :1:1: Premature end of file.
2025-11-05 17:47:51,400 [ERROR] LogOutputStream:75 - [STDERR_REDIRECT] 
2025-11-05 17:47:52,394 [ERROR] LogOutputStream:75 - [STDERR_REDIRECT] [Fatal Error] :1:1: Premature end of file.
2025-11-05 17:47:52,395 [ERROR] LogOutputStream:75 - [STDERR_REDIRECT] 
2025-11-05 17:47:53,404 [ERROR] LogOutputStream:75 - [STDERR_REDIRECT] [Fatal Error] :1:1: Premature end of file.
2025-11-05 17:47:53,405 [ERROR] LogOutputStream:75 - [STDERR_REDIRECT] 
2025-11-05 17:47:54,394 [ERROR] LogOutputStream:75 - [STDERR_REDIRECT] [Fatal Error] :1:1: Premature end of file.
2025-11-05 17:47:54,394 [ERROR] LogOutputStream:75 - [STDERR_REDIRECT] 
2025-11-05 17:47:55,395 [ERROR] LogOutputStream:75 - [STDERR_REDIRECT] [Fatal Error] :1:1: Premature end of file.
2025-11-05 17:47:55,395 [ERROR] LogOutputStream:75 - [STDERR_REDIRECT] 
2025-11-05 17:47:56,388 [ERROR] LogOutputStream:75 - [STDERR_REDIRECT] [Fatal Error] :1:1: Premature end of file.
2025-11-05 17:47:56,389 [ERROR] LogOutputStream:75 - [STDERR_REDIRECT] 
2025-11-05 17:47:57,405 [ERROR] LogOutputStream:75 - [STDERR_REDIRECT] [Fatal Error] :1:1: Premature end of file.
2025-11-05 17:47:57,406 [ERROR] LogOutputStream:75 - [STDERR_REDIRECT] 
2025-11-05 17:47:58,385 [ERROR] LogOutputStream:75 - [STDERR_REDIRECT] [Fatal Error] :1:1: Premature end of file.
2025-11-05 17:47:58,385 [ERROR] LogOutputStream:75 - [STDERR_REDIRECT] 
2025-11-05 17:47:59,390 [ERROR] LogOutputStream:75 - [STDERR_REDIRECT] [Fatal Error] :1:1: Premature end of file.
2025-11-05 17:47:59,390 [ERROR] LogOutputStream:75 - [STDERR_REDIRECT] 
2025-11-05 17:48:00,395 [ERROR] LogOutputStream:75 - [STDERR_REDIRECT] [Fatal Error] :1:1: Premature end of file.
2025-11-05 17:48:00,395 [ERROR] LogOutputStream:75 - [STDERR_REDIRECT] 
2025-11-05 17:48:01,393 [ERROR] LogOutputStream:75 - [STDERR_REDIRECT] [Fatal Error] :1:1: Premature end of file.
2025-11-05 17:48:01,394 [ERROR] LogOutputStream:75 - [STDERR_REDIRECT] 
2025-11-05 17:48:02,409 [ERROR] LogOutputStream:75 - [STDERR_REDIRECT] [Fatal Error] :1:1: Premature end of file.
2025-11-05 17:48:02,410 [ERROR] LogOutputStream:75 - [STDERR_REDIRECT] 
2025-11-05 17:48:03,400 [ERROR] LogOutputStream:75 - [STDERR_REDIRECT] [Fatal Error] :1:1: Premature end of file.
2025-11-05 17:48:03,401 [ERROR] LogOutputStream:75 - [STDERR_REDIRECT] 
2025-11-05 17:48:04,399 [ERROR] LogOutputStream:75 - [STDERR_REDIRECT] [Fatal Error] :1:1: Premature end of file.
2025-11-05 17:48:04,399 [ERROR] LogOutputStream:75 - [STDERR_REDIRECT] 
2025-11-05 17:48:05,413 [ERROR] LogOutputStream:75 - [STDERR_REDIRECT] [Fatal Error] :1:1: Premature end of file.
2025-11-05 17:48:05,413 [ERROR] LogOutputStream:75 - [STDERR_REDIRECT] 
2025-11-05 17:48:06,399 [ERROR] LogOutputStream:75 - [STDERR_REDIRECT] [Fatal Error] :1:1: Premature end of file.
2025-11-05 17:48:06,400 [ERROR] LogOutputStream:75 - [STDERR_REDIRECT] 
2025-11-05 17:48:07,408 [ERROR] LogOutputStream:75 - [STDERR_REDIRECT] [Fatal Error] :1:1: Premature end of file.
2025-11-05 17:48:07,408 [ERROR] LogOutputStream:75 - [STDERR_REDIRECT] 
2025-11-05 17:48:08,391 [ERROR] LogOutputStream:75 - [STDERR_REDIRECT] [Fatal Error] :1:1: Premature end of file.
2025-11-05 17:48:08,392 [ERROR] LogOutputStream:75 - [STDERR_REDIRECT] 
2025-11-05 17:48:09,397 [ERROR] LogOutputStream:75 - [STDERR_REDIRECT] [Fatal Error] :1:1: Premature end of file.
2025-11-05 17:48:09,398 [ERROR] LogOutputStream:75 - [STDERR_REDIRECT] 
2025-11-05 17:48:10,407 [ERROR] LogOutputStream:75 - [STDERR_REDIRECT] [Fatal Error] :1:1: Premature end of file.
2025-11-05 17:48:10,407 [ERROR] LogOutputStream:75 - [STDERR_REDIRECT] 
2025-11-05 17:48:11,405 [ERROR] LogOutputStream:75 - [STDERR_REDIRECT] [Fatal Error] :1:1: Premature end of file.
2025-11-05 17:48:11,405 [ERROR] LogOutputStream:75 - [STDERR_REDIRECT] 
2025-11-05 17:48:12,395 [ERROR] LogOutputStream:75 - [STDERR_REDIRECT] [Fatal Error] :1:1: Premature end of file.
2025-11-05 17:48:12,395 [ERROR] LogOutputStream:75 - [STDERR_REDIRECT] 
2025-11-05 17:48:13,396 [ERROR] LogOutputStream:75 - [STDERR_REDIRECT] [Fatal Error] :1:1: Premature end of file.
2025-11-05 17:48:13,396 [ERROR] LogOutputStream:75 - [STDERR_REDIRECT] 
2025-11-05 17:48:14,412 [ERROR] LogOutputStream:75 - [STDERR_REDIRECT] [Fatal Error] :1:1: Premature end of file.
2025-11-05 17:48:14,412 [ERROR] LogOutputStream:75 - [STDERR_REDIRECT] 
2025-11-05 17:48:15,402 [ERROR] LogOutputStream:75 - [STDERR_REDIRECT] [Fatal Error] :1:1: Premature end of file.
2025-11-05 17:48:15,403 [ERROR] LogOutputStream:75 - [STDERR_REDIRECT] 
2025-11-05 17:48:16,408 [ERROR] LogOutputStream:75 - [STDERR_REDIRECT] [Fatal Error] :1:1: Premature end of file.
2025-11-05 17:48:16,409 [ERROR] LogOutputStream:75 - [STDERR_REDIRECT] 
2025-11-05 17:48:17,392 [ERROR] LogOutputStream:75 - [STDERR_REDIRECT] [Fatal Error] :1:1: Premature end of file.
2025-11-05 17:48:17,392 [ERROR] LogOutputStream:75 - [STDERR_REDIRECT] 
2025-11-05 17:48:18,418 [ERROR] LogOutputStream:75 - [STDERR_REDIRECT] [Fatal Error] :1:1: Premature end of file.
2025-11-05 17:48:18,418 [ERROR] LogOutputStream:75 - [STDERR_REDIRECT] 
2025-11-05 17:48:19,413 [ERROR] LogOutputStream:75 - [STDERR_REDIRECT] [Fatal Error] :1:1: Premature end of file.
2025-11-05 17:48:19,413 [ERROR] LogOutputStream:75 - [STDERR_REDIRECT] 
2025-11-05 17:48:20,411 [ERROR] LogOutputStream:75 - [STDERR_REDIRECT] [Fatal Error] :1:1: Premature end of file.
2025-11-05 17:48:20,411 [ERROR] LogOutputStream:75 - [STDERR_REDIRECT] 
2025-11-05 17:48:21,396 [ERROR] LogOutputStream:75 - [STDERR_REDIRECT] [Fatal Error] :1:1: Premature end of file.
2025-11-05 17:48:21,397 [ERROR] LogOutputStream:75 - [STDERR_REDIRECT] 
2025-11-05 17:48:22,402 [ERROR] LogOutputStream:75 - [STDERR_REDIRECT] [Fatal Error] :1:1: Premature end of file.
2025-11-05 17:48:22,403 [ERROR] LogOutputStream:75 - [STDERR_REDIRECT] 
2025-11-05 17:48:23,403 [ERROR] LogOutputStream:75 - [STDERR_REDIRECT] [Fatal Error] :1:1: Premature end of file.
2025-11-05 17:48:23,404 [ERROR] LogOutputStream:75 - [STDERR_REDIRECT] 
2025-11-05 17:48:24,408 [ERROR] LogOutputStream:75 - [STDERR_REDIRECT] [Fatal Error] :1:1: Premature end of file.
2025-11-05 17:48:24,408 [ERROR] LogOutputStream:75 - [STDERR_REDIRECT] 
2025-11-05 17:48:25,393 [ERROR] LogOutputStream:75 - [STDERR_REDIRECT] [Fatal Error] :1:1: Premature end of file.
2025-11-05 17:48:25,394 [ERROR] LogOutputStream:75 - [STDERR_REDIRECT] 
2025-11-05 17:48:26,402 [ERROR] LogOutputStream:75 - [STDERR_REDIRECT] [Fatal Error] :1:1: Premature end of file.
2025-11-05 17:48:26,402 [ERROR] LogOutputStream:75 - [STDERR_REDIRECT] 
2025-11-05 17:48:27,392 [ERROR] LogOutputStream:75 - [STDERR_REDIRECT] [Fatal Error] :1:1: Premature end of file.
2025-11-05 17:48:27,393 [ERROR] LogOutputStream:75 - [STDERR_REDIRECT] 
2025-11-05 17:48:28,397 [ERROR] LogOutputStream:75 - [STDERR_REDIRECT] [Fatal Error] :1:1: Premature end of file.
2025-11-05 17:48:28,398 [ERROR] LogOutputStream:75 - [STDERR_REDIRECT] 
2025-11-05 17:48:29,398 [ERROR] LogOutputStream:75 - [STDERR_REDIRECT] [Fatal Error] :1:1: Premature end of file.
2025-11-05 17:48:29,398 [ERROR] LogOutputStream:75 - [STDERR_REDIRECT] 
2025-11-05 17:48:30,396 [ERROR] LogOutputStream:75 - [STDERR_REDIRECT] [Fatal Error] :1:1: Premature end of file.
2025-11-05 17:48:30,396 [ERROR] LogOutputStream:75 - [STDERR_REDIRECT] 
2025-11-05 17:48:31,394 [ERROR] LogOutputStream:75 - [STDERR_REDIRECT] [Fatal Error] :1:1: Premature end of file.
2025-11-05 17:48:31,394 [ERROR] LogOutputStream:75 - [STDERR_REDIRECT] 
2025-11-05 17:48:32,389 [ERROR] LogOutputStream:75 - [STDERR_REDIRECT] [Fatal Error] :1:1: Premature end of file.
2025-11-05 17:48:32,390 [ERROR] LogOutputStream:75 - [STDERR_REDIRECT] 
2025-11-05 17:48:33,395 [ERROR] LogOutputStream:75 - [STDERR_REDIRECT] [Fatal Error] :1:1: Premature end of file.
2025-11-05 17:48:33,396 [ERROR] LogOutputStream:75 - [STDERR_REDIRECT] 
2025-11-05 17:48:34,398 [ERROR] LogOutputStream:75 - [STDERR_REDIRECT] [Fatal Error] :1:1: Premature end of file.
2025-11-05 17:48:34,398 [ERROR] LogOutputStream:75 - [STDERR_REDIRECT] 
2025-11-05 17:48:35,397 [ERROR] LogOutputStream:75 - [STDERR_REDIRECT] [Fatal Error] :1:1: Premature end of file.
2025-11-05 17:48:35,398 [ERROR] LogOutputStream:75 - [STDERR_REDIRECT] 
2025-11-05 17:48:36,385 [ERROR] LogOutputStream:75 - [STDERR_REDIRECT] [Fatal Error] :1:1: Premature end of file.
2025-11-05 17:48:36,385 [ERROR] LogOutputStream:75 - [STDERR_REDIRECT] 
2025-11-05 17:48:37,401 [ERROR] LogOutputStream:75 - [STDERR_REDIRECT] [Fatal Error] :1:1: Premature end of file.
2025-11-05 17:48:37,401 [ERROR] LogOutputStream:75 - [STDERR_REDIRECT] 
2025-11-05 17:48:38,395 [ERROR] LogOutputStream:75 - [STDERR_REDIRECT] [Fatal Error] :1:1: Premature end of file.
2025-11-05 17:48:38,396 [ERROR] LogOutputStream:75 - [STDERR_REDIRECT] 
2025-11-05 17:48:39,400 [ERROR] LogOutputStream:75 - [STDERR_REDIRECT] [Fatal Error] :1:1: Premature end of file.
2025-11-05 17:48:39,400 [ERROR] LogOutputStream:75 - [STDERR_REDIRECT] 
2025-11-05 17:48:40,406 [ERROR] LogOutputStream:75 - [STDERR_REDIRECT] [Fatal Error] :1:1: Premature end of file.
2025-11-05 17:48:40,407 [ERROR] LogOutputStream:75 - [STDERR_REDIRECT] 
2025-11-05 17:48:41,408 [ERROR] LogOutputStream:75 - [STDERR_REDIRECT] [Fatal Error] :1:1: Premature end of file.
2025-11-05 17:48:41,409 [ERROR] LogOutputStream:75 - [STDERR_REDIRECT] 
2025-11-05 17:48:42,408 [ERROR] LogOutputStream:75 - [STDERR_REDIRECT] [Fatal Error] :1:1: Premature end of file.
2025-11-05 17:48:42,408 [ERROR] LogOutputStream:75 - [STDERR_REDIRECT] 
2025-11-05 17:48:43,397 [ERROR] LogOutputStream:75 - [STDERR_REDIRECT] [Fatal Error] :1:1: Premature end of file.
2025-11-05 17:48:43,398 [ERROR] LogOutputStream:75 - [STDERR_REDIRECT] 
2025-11-05 17:48:44,388 [ERROR] LogOutputStream:75 - [STDERR_REDIRECT] [Fatal Error] :1:1: Premature end of file.
2025-11-05 17:48:44,388 [ERROR] LogOutputStream:75 - [STDERR_REDIRECT] 
2025-11-05 17:48:45,398 [ERROR] LogOutputStream:75 - [STDERR_REDIRECT] [Fatal Error] :1:1: Premature end of file.
2025-11-05 17:48:45,398 [ERROR] LogOutputStream:75 - [STDERR_REDIRECT] 
2025-11-05 17:48:46,395 [ERROR] LogOutputStream:75 - [STDERR_REDIRECT] [Fatal Error] :1:1: Premature end of file.
2025-11-05 17:48:46,395 [ERROR] LogOutputStream:75 - [STDERR_REDIRECT] 
2025-11-05 17:48:47,408 [ERROR] LogOutputStream:75 - [STDERR_REDIRECT] [Fatal Error] :1:1: Premature end of file.
2025-11-05 17:48:47,409 [ERROR] LogOutputStream:75 - [STDERR_REDIRECT] 
2025-11-05 17:48:48,399 [ERROR] LogOutputStream:75 - [STDERR_REDIRECT] [Fatal Error] :1:1: Premature end of file.
2025-11-05 17:48:48,399 [ERROR] LogOutputStream:75 - [STDERR_REDIRECT] 
2025-11-05 17:48:49,391 [ERROR] LogOutputStream:75 - [STDERR_REDIRECT] [Fatal Error] :1:1: Premature end of file.
2025-11-05 17:48:49,392 [ERROR] LogOutputStream:75 - [STDERR_REDIRECT] 
2025-11-05 17:48:50,397 [ERROR] LogOutputStream:75 - [STDERR_REDIRECT] [Fatal Error] :1:1: Premature end of file.
2025-11-05 17:48:50,397 [ERROR] LogOutputStream:75 - [STDERR_REDIRECT] 
2025-11-05 17:48:51,389 [ERROR] LogOutputStream:75 - [STDERR_REDIRECT] [Fatal Error] :1:1: Premature end of file.
2025-11-05 17:48:51,390 [ERROR] LogOutputStream:75 - [STDERR_REDIRECT] 
2025-11-05 17:48:52,395 [ERROR] LogOutputStream:75 - [STDERR_REDIRECT] [Fatal Error] :1:1: Premature end of file.
2025-11-05 17:48:52,395 [ERROR] LogOutputStream:75 - [STDERR_REDIRECT] 
2025-11-05 17:48:53,404 [ERROR] LogOutputStream:75 - [STDERR_REDIRECT] [Fatal Error] :1:1: Premature end of file.
2025-11-05 17:48:53,404 [ERROR] LogOutputStream:75 - [STDERR_REDIRECT] 
2025-11-05 17:48:54,405 [ERROR] LogOutputStream:75 - [STDERR_REDIRECT] [Fatal Error] :1:1: Premature end of file.
2025-11-05 17:48:54,405 [ERROR] LogOutputStream:75 - [STDERR_REDIRECT] 
2025-11-05 17:48:55,396 [ERROR] LogOutputStream:75 - [STDERR_REDIRECT] [Fatal Error] :1:1: Premature end of file.
2025-11-05 17:48:55,396 [ERROR] LogOutputStream:75 - [STDERR_REDIRECT] 
2025-11-05 17:48:56,397 [ERROR] LogOutputStream:75 - [STDERR_REDIRECT] [Fatal Error] :1:1: Premature end of file.
2025-11-05 17:48:56,397 [ERROR] LogOutputStream:75 - [STDERR_REDIRECT] 
2025-11-05 17:48:57,399 [ERROR] LogOutputStream:75 - [STDERR_REDIRECT] [Fatal Error] :1:1: Premature end of file.
2025-11-05 17:48:57,400 [ERROR] LogOutputStream:75 - [STDERR_REDIRECT] 
2025-11-05 17:48:58,393 [ERROR] LogOutputStream:75 - [STDERR_REDIRECT] [Fatal Error] :1:1: Premature end of file.
2025-11-05 17:48:58,394 [ERROR] LogOutputStream:75 - [STDERR_REDIRECT] 
2025-11-05 17:48:59,408 [ERROR] LogOutputStream:75 - [STDERR_REDIRECT] [Fatal Error] :1:1: Premature end of file.
2025-11-05 17:48:59,408 [ERROR] LogOutputStream:75 - [STDERR_REDIRECT] 
2025-11-05 17:49:00,397 [ERROR] LogOutputStream:75 - [STDERR_REDIRECT] [Fatal Error] :1:1: Premature end of file.
2025-11-05 17:49:00,398 [ERROR] LogOutputStream:75 - [STDERR_REDIRECT] 
2025-11-05 17:49:01,411 [ERROR] LogOutputStream:75 - [STDERR_REDIRECT] [Fatal Error] :1:1: Premature end of file.
2025-11-05 17:49:01,412 [ERROR] LogOutputStream:75 - [STDERR_REDIRECT] 
2025-11-05 17:49:02,399 [ERROR] LogOutputStream:75 - [STDERR_REDIRECT] [Fatal Error] :1:1: Premature end of file.
2025-11-05 17:49:02,400 [ERROR] LogOutputStream:75 - [STDERR_REDIRECT] 
2025-11-05 17:49:03,394 [ERROR] LogOutputStream:75 - [STDERR_REDIRECT] [Fatal Error] :1:1: Premature end of file.
2025-11-05 17:49:03,394 [ERROR] LogOutputStream:75 - [STDERR_REDIRECT] 
2025-11-05 17:49:04,389 [ERROR] LogOutputStream:75 - [STDERR_REDIRECT] [Fatal Error] :1:1: Premature end of file.
2025-11-05 17:49:04,390 [ERROR] LogOutputStream:75 - [STDERR_REDIRECT] 
2025-11-05 17:49:05,407 [ERROR] LogOutputStream:75 - [STDERR_REDIRECT] [Fatal Error] :1:1: Premature end of file.
2025-11-05 17:49:05,408 [ERROR] LogOutputStream:75 - [STDERR_REDIRECT] 
2025-11-05 17:49:06,406 [ERROR] LogOutputStream:75 - [STDERR_REDIRECT] [Fatal Error] :1:1: Premature end of file.
2025-11-05 17:49:06,407 [ERROR] LogOutputStream:75 - [STDERR_REDIRECT] 
2025-11-05 17:49:07,402 [ERROR] LogOutputStream:75 - [STDERR_REDIRECT] [Fatal Error] :1:1: Premature end of file.
2025-11-05 17:49:07,402 [ERROR] LogOutputStream:75 - [STDERR_REDIRECT] 
2025-11-05 17:49:08,398 [ERROR] LogOutputStream:75 - [STDERR_REDIRECT] [Fatal Error] :1:1: Premature end of file.
2025-11-05 17:49:08,398 [ERROR] LogOutputStream:75 - [STDERR_REDIRECT] 
2025-11-05 17:49:09,392 [ERROR] LogOutputStream:75 - [STDERR_REDIRECT] [Fatal Error] :1:1: Premature end of file.
2025-11-05 17:49:09,393 [ERROR] LogOutputStream:75 - [STDERR_REDIRECT] 
2025-11-05 17:49:10,401 [ERROR] LogOutputStream:75 - [STDERR_REDIRECT] [Fatal Error] :1:1: Premature end of file.
2025-11-05 17:49:10,401 [ERROR] LogOutputStream:75 - [STDERR_REDIRECT] 
2025-11-05 17:49:11,393 [ERROR] LogOutputStream:75 - [STDERR_REDIRECT] [Fatal Error] :1:1: Premature end of file.
2025-11-05 17:49:11,393 [ERROR] LogOutputStream:75 - [STDERR_REDIRECT] 
2025-11-05 17:49:12,407 [ERROR] LogOutputStream:75 - [STDERR_REDIRECT] [Fatal Error] :1:1: Premature end of file.
2025-11-05 17:49:12,408 [ERROR] LogOutputStream:75 - [STDERR_REDIRECT] 
2025-11-05 17:49:13,395 [ERROR] LogOutputStream:75 - [STDERR_REDIRECT] [Fatal Error] :1:1: Premature end of file.
2025-11-05 17:49:13,395 [ERROR] LogOutputStream:75 - [STDERR_REDIRECT] 
2025-11-05 17:49:14,412 [ERROR] LogOutputStream:75 - [STDERR_REDIRECT] [Fatal Error] :1:1: Premature end of file.
2025-11-05 17:49:14,413 [ERROR] LogOutputStream:75 - [STDERR_REDIRECT] 
2025-11-05 17:49:15,388 [ERROR] LogOutputStream:75 - [STDERR_REDIRECT] [Fatal Error] :1:1: Premature end of file.
2025-11-05 17:49:15,388 [ERROR] LogOutputStream:75 - [STDERR_REDIRECT] 
2025-11-05 17:49:16,398 [ERROR] LogOutputStream:75 - [STDERR_REDIRECT] [Fatal Error] :1:1: Premature end of file.
2025-11-05 17:49:16,398 [ERROR] LogOutputStream:75 - [STDERR_REDIRECT] 
2025-11-05 17:49:17,414 [ERROR] LogOutputStream:75 - [STDERR_REDIRECT] [Fatal Error] :1:1: Premature end of file.
2025-11-05 17:49:17,414 [ERROR] LogOutputStream:75 - [STDERR_REDIRECT] 
2025-11-05 17:49:18,400 [ERROR] LogOutputStream:75 - [STDERR_REDIRECT] [Fatal Error] :1:1: Premature end of file.
2025-11-05 17:49:18,400 [ERROR] LogOutputStream:75 - [STDERR_REDIRECT] 
2025-11-05 17:49:19,412 [ERROR] LogOutputStream:75 - [STDERR_REDIRECT] [Fatal Error] :1:1: Premature end of file.
2025-11-05 17:49:19,413 [ERROR] LogOutputStream:75 - [STDERR_REDIRECT] 
2025-11-05 17:49:20,390 [ERROR] LogOutputStream:75 - [STDERR_REDIRECT] [Fatal Error] :1:1: Premature end of file.
2025-11-05 17:49:20,391 [ERROR] LogOutputStream:75 - [STDERR_REDIRECT] 
2025-11-05 17:49:21,396 [ERROR] LogOutputStream:75 - [STDERR_REDIRECT] [Fatal Error] :1:1: Premature end of file.
2025-11-05 17:49:21,397 [ERROR] LogOutputStream:75 - [STDERR_REDIRECT] 
2025-11-05 17:49:22,419 [ERROR] LogOutputStream:75 - [STDERR_REDIRECT] [Fatal Error] :1:1: Premature end of file.
2025-11-05 17:49:22,419 [ERROR] LogOutputStream:75 - [STDERR_REDIRECT] 
2025-11-05 17:49:23,414 [ERROR] LogOutputStream:75 - [STDERR_REDIRECT] [Fatal Error] :1:1: Premature end of file.
2025-11-05 17:49:23,414 [ERROR] LogOutputStream:75 - [STDERR_REDIRECT] 
2025-11-05 17:49:24,415 [ERROR] LogOutputStream:75 - [STDERR_REDIRECT] [Fatal Error] :1:1: Premature end of file.
2025-11-05 17:49:24,416 [ERROR] LogOutputStream:75 - [STDERR_REDIRECT] 
2025-11-05 17:49:25,400 [ERROR] LogOutputStream:75 - [STDERR_REDIRECT] [Fatal Error] :1:1: Premature end of file.
2025-11-05 17:49:25,400 [ERROR] LogOutputStream:75 - [STDERR_REDIRECT] 
2025-11-05 17:49:26,410 [ERROR] LogOutputStream:75 - [STDERR_REDIRECT] [Fatal Error] :1:1: Premature end of file.
2025-11-05 17:49:26,410 [ERROR] LogOutputStream:75 - [STDERR_REDIRECT] 
2025-11-05 17:49:27,402 [ERROR] LogOutputStream:75 - [STDERR_REDIRECT] [Fatal Error] :1:1: Premature end of file.
2025-11-05 17:49:27,402 [ERROR] LogOutputStream:75 - [STDERR_REDIRECT] 
2025-11-05 17:49:28,399 [ERROR] LogOutputStream:75 - [STDERR_REDIRECT] [Fatal Error] :1:1: Premature end of file.
2025-11-05 17:49:28,400 [ERROR] LogOutputStream:75 - [STDERR_REDIRECT] 
2025-11-05 17:49:29,390 [ERROR] LogOutputStream:75 - [STDERR_REDIRECT] [Fatal Error] :1:1: Premature end of file.
2025-11-05 17:49:29,390 [ERROR] LogOutputStream:75 - [STDERR_REDIRECT] 
2025-11-05 17:49:30,410 [ERROR] LogOutputStream:75 - [STDERR_REDIRECT] [Fatal Error] :1:1: Premature end of file.
2025-11-05 17:49:30,410 [ERROR] LogOutputStream:75 - [STDERR_REDIRECT] 
2025-11-05 17:49:31,398 [ERROR] LogOutputStream:75 - [STDERR_REDIRECT] [Fatal Error] :1:1: Premature end of file.
2025-11-05 17:49:31,398 [ERROR] LogOutputStream:75 - [STDERR_REDIRECT] 
2025-11-05 17:49:32,405 [ERROR] LogOutputStream:75 - [STDERR_REDIRECT] [Fatal Error] :1:1: Premature end of file.
2025-11-05 17:49:32,406 [ERROR] LogOutputStream:75 - [STDERR_REDIRECT] 
2025-11-05 17:49:33,412 [ERROR] LogOutputStream:75 - [STDERR_REDIRECT] [Fatal Error] :1:1: Premature end of file.
2025-11-05 17:49:33,413 [ERROR] LogOutputStream:75 - [STDERR_REDIRECT] 
2025-11-05 17:49:34,405 [ERROR] LogOutputStream:75 - [STDERR_REDIRECT] [Fatal Error] :1:1: Premature end of file.
2025-11-05 17:49:34,405 [ERROR] LogOutputStream:75 - [STDERR_REDIRECT] 
2025-11-05 17:49:35,409 [ERROR] LogOutputStream:75 - [STDERR_REDIRECT] [Fatal Error] :1:1: Premature end of file.
2025-11-05 17:49:35,410 [ERROR] LogOutputStream:75 - [STDERR_REDIRECT] 
2025-11-05 17:49:36,396 [ERROR] LogOutputStream:75 - [STDERR_REDIRECT] [Fatal Error] :1:1: Premature end of file.
2025-11-05 17:49:36,397 [ERROR] LogOutputStream:75 - [STDERR_REDIRECT] 
2025-11-05 17:49:37,413 [ERROR] LogOutputStream:75 - [STDERR_REDIRECT] [Fatal Error] :1:1: Premature end of file.
2025-11-05 17:49:37,414 [ERROR] LogOutputStream:75 - [STDERR_REDIRECT] 
2025-11-05 17:49:38,411 [ERROR] LogOutputStream:75 - [STDERR_REDIRECT] [Fatal Error] :1:1: Premature end of file.
2025-11-05 17:49:38,412 [ERROR] LogOutputStream:75 - [STDERR_REDIRECT] 
2025-11-05 17:49:39,408 [ERROR] LogOutputStream:75 - [STDERR_REDIRECT] [Fatal Error] :1:1: Premature end of file.
2025-11-05 17:49:39,408 [ERROR] LogOutputStream:75 - [STDERR_REDIRECT] 
2025-11-05 17:49:40,424 [ERROR] LogOutputStream:75 - [STDERR_REDIRECT] [Fatal Error] :1:1: Premature end of file.
2025-11-05 17:49:40,425 [ERROR] LogOutputStream:75 - [STDERR_REDIRECT] 
2025-11-05 17:49:41,402 [ERROR] LogOutputStream:75 - [STDERR_REDIRECT] [Fatal Error] :1:1: Premature end of file.
2025-11-05 17:49:41,403 [ERROR] LogOutputStream:75 - [STDERR_REDIRECT] 
2025-11-05 17:49:42,410 [ERROR] LogOutputStream:75 - [STDERR_REDIRECT] [Fatal Error] :1:1: Premature end of file.
2025-11-05 17:49:42,411 [ERROR] LogOutputStream:75 - [STDERR_REDIRECT] 
2025-11-05 17:49:43,398 [ERROR] LogOutputStream:75 - [STDERR_REDIRECT] [Fatal Error] :1:1: Premature end of file.
2025-11-05 17:49:43,398 [ERROR] LogOutputStream:75 - [STDERR_REDIRECT] 
2025-11-05 17:49:44,410 [ERROR] LogOutputStream:75 - [STDERR_REDIRECT] [Fatal Error] :1:1: Premature end of file.
2025-11-05 17:49:44,411 [ERROR] LogOutputStream:75 - [STDERR_REDIRECT] 
2025-11-05 17:49:45,420 [ERROR] LogOutputStream:75 - [STDERR_REDIRECT] [Fatal Error] :1:1: Premature end of file.
2025-11-05 17:49:45,420 [ERROR] LogOutputStream:75 - [STDERR_REDIRECT] 
2025-11-05 17:49:46,415 [ERROR] LogOutputStream:75 - [STDERR_REDIRECT] [Fatal Error] :1:1: Premature end of file.
2025-11-05 17:49:46,416 [ERROR] LogOutputStream:75 - [STDERR_REDIRECT] 
2025-11-05 17:49:47,417 [ERROR] LogOutputStream:75 - [STDERR_REDIRECT] [Fatal Error] :1:1: Premature end of file.
2025-11-05 17:49:47,418 [ERROR] LogOutputStream:75 - [STDERR_REDIRECT] 
2025-11-05 17:49:48,390 [ERROR] LogOutputStream:75 - [STDERR_REDIRECT] [Fatal Error] :1:1: Premature end of file.
2025-11-05 17:49:48,392 [ERROR] LogOutputStream:75 - [STDERR_REDIRECT] 
2025-11-05 17:49:49,408 [ERROR] LogOutputStream:75 - [STDERR_REDIRECT] [Fatal Error] :1:1: Premature end of file.
2025-11-05 17:49:49,408 [ERROR] LogOutputStream:75 - [STDERR_REDIRECT] 
2025-11-05 17:49:50,406 [ERROR] LogOutputStream:75 - [STDERR_REDIRECT] [Fatal Error] :1:1: Premature end of file.
2025-11-05 17:49:50,407 [ERROR] LogOutputStream:75 - [STDERR_REDIRECT] 
2025-11-05 17:49:51,410 [ERROR] LogOutputStream:75 - [STDERR_REDIRECT] [Fatal Error] :1:1: Premature end of file.
2025-11-05 17:49:51,411 [ERROR] LogOutputStream:75 - [STDERR_REDIRECT] 
2025-11-05 17:49:52,398 [ERROR] LogOutputStream:75 - [STDERR_REDIRECT] [Fatal Error] :1:1: Premature end of file.
2025-11-05 17:49:52,399 [ERROR] LogOutputStream:75 - [STDERR_REDIRECT] 
2025-11-05 17:49:53,407 [ERROR] LogOutputStream:75 - [STDERR_REDIRECT] [Fatal Error] :1:1: Premature end of file.
2025-11-05 17:49:53,408 [ERROR] LogOutputStream:75 - [STDERR_REDIRECT] 
2025-11-05 17:49:54,404 [ERROR] LogOutputStream:75 - [STDERR_REDIRECT] [Fatal Error] :1:1: Premature end of file.
2025-11-05 17:49:54,405 [ERROR] LogOutputStream:75 - [STDERR_REDIRECT] 
2025-11-05 17:49:55,397 [ERROR] LogOutputStream:75 - [STDERR_REDIRECT] [Fatal Error] :1:1: Premature end of file.
2025-11-05 17:49:55,398 [ERROR] LogOutputStream:75 - [STDERR_REDIRECT] 
2025-11-05 17:49:56,413 [ERROR] LogOutputStream:75 - [STDERR_REDIRECT] [Fatal Error] :1:1: Premature end of file.
2025-11-05 17:49:56,414 [ERROR] LogOutputStream:75 - [STDERR_REDIRECT] 
2025-11-05 17:49:57,392 [ERROR] LogOutputStream:75 - [STDERR_REDIRECT] [Fatal Error] :1:1: Premature end of file.
2025-11-05 17:49:57,393 [ERROR] LogOutputStream:75 - [STDERR_REDIRECT] 
2025-11-05 17:49:58,392 [ERROR] LogOutputStream:75 - [STDERR_REDIRECT] [Fatal Error] :1:1: Premature end of file.
2025-11-05 17:49:58,392 [ERROR] LogOutputStream:75 - [STDERR_REDIRECT] 
2025-11-05 17:49:59,403 [ERROR] LogOutputStream:75 - [STDERR_REDIRECT] [Fatal Error] :1:1: Premature end of file.
2025-11-05 17:49:59,403 [ERROR] LogOutputStream:75 - [STDERR_REDIRECT] 
2025-11-05 17:50:00,395 [ERROR] LogOutputStream:75 - [STDERR_REDIRECT] [Fatal Error] :1:1: Premature end of file.
2025-11-05 17:50:00,396 [ERROR] LogOutputStream:75 - [STDERR_REDIRECT] 
2025-11-05 17:50:01,386 [ERROR] LogOutputStream:75 - [STDERR_REDIRECT] [Fatal Error] :1:1: Premature end of file.
2025-11-05 17:50:01,387 [ERROR] LogOutputStream:75 - [STDERR_REDIRECT] 
2025-11-05 17:50:02,408 [ERROR] LogOutputStream:75 - [STDERR_REDIRECT] [Fatal Error] :1:1: Premature end of file.
2025-11-05 17:50:02,409 [ERROR] LogOutputStream:75 - [STDERR_REDIRECT] 
2025-11-05 17:50:03,395 [ERROR] LogOutputStream:75 - [STDERR_REDIRECT] [Fatal Error] :1:1: Premature end of file.
2025-11-05 17:50:03,396 [ERROR] LogOutputStream:75 - [STDERR_REDIRECT] 
2025-11-05 17:50:04,403 [ERROR] LogOutputStream:75 - [STDERR_REDIRECT] [Fatal Error] :1:1: Premature end of file.
2025-11-05 17:50:04,404 [ERROR] LogOutputStream:75 - [STDERR_REDIRECT] 
2025-11-05 17:50:05,394 [ERROR] LogOutputStream:75 - [STDERR_REDIRECT] [Fatal Error] :1:1: Premature end of file.
2025-11-05 17:50:05,394 [ERROR] LogOutputStream:75 - [STDERR_REDIRECT] 
2025-11-05 17:50:06,408 [ERROR] LogOutputStream:75 - [STDERR_REDIRECT] [Fatal Error] :1:1: Premature end of file.
2025-11-05 17:50:06,409 [ERROR] LogOutputStream:75 - [STDERR_REDIRECT] 
2025-11-05 17:50:07,401 [ERROR] LogOutputStream:75 - [STDERR_REDIRECT] [Fatal Error] :1:1: Premature end of file.
2025-11-05 17:50:07,403 [ERROR] LogOutputStream:75 - [STDERR_REDIRECT] 
2025-11-05 17:50:08,395 [ERROR] LogOutputStream:75 - [STDERR_REDIRECT] [Fatal Error] :1:1: Premature end of file.
2025-11-05 17:50:08,395 [ERROR] LogOutputStream:75 - [STDERR_REDIRECT] 
2025-11-05 17:50:09,400 [ERROR] LogOutputStream:75 - [STDERR_REDIRECT] [Fatal Error] :1:1: Premature end of file.
2025-11-05 17:50:09,400 [ERROR] LogOutputStream:75 - [STDERR_REDIRECT] 
2025-11-05 17:50:10,392 [ERROR] LogOutputStream:75 - [STDERR_REDIRECT] [Fatal Error] :1:1: Premature end of file.
2025-11-05 17:50:10,393 [ERROR] LogOutputStream:75 - [STDERR_REDIRECT] 
2025-11-05 17:50:11,406 [ERROR] LogOutputStream:75 - [STDERR_REDIRECT] [Fatal Error] :1:1: Premature end of file.
2025-11-05 17:50:11,406 [ERROR] LogOutputStream:75 - [STDERR_REDIRECT] 
2025-11-05 17:50:12,406 [ERROR] LogOutputStream:75 - [STDERR_REDIRECT] [Fatal Error] :1:1: Premature end of file.
2025-11-05 17:50:12,407 [ERROR] LogOutputStream:75 - [STDERR_REDIRECT] 
2025-11-05 17:50:13,408 [ERROR] LogOutputStream:75 - [STDERR_REDIRECT] [Fatal Error] :1:1: Premature end of file.
2025-11-05 17:50:13,409 [ERROR] LogOutputStream:75 - [STDERR_REDIRECT] 
2025-11-05 17:50:14,396 [ERROR] LogOutputStream:75 - [STDERR_REDIRECT] [Fatal Error] :1:1: Premature end of file.
2025-11-05 17:50:14,396 [ERROR] LogOutputStream:75 - [STDERR_REDIRECT] 
2025-11-05 17:50:15,389 [ERROR] LogOutputStream:75 - [STDERR_REDIRECT] [Fatal Error] :1:1: Premature end of file.
2025-11-05 17:50:15,389 [ERROR] LogOutputStream:75 - [STDERR_REDIRECT] 
2025-11-05 17:50:16,396 [ERROR] LogOutputStream:75 - [STDERR_REDIRECT] [Fatal Error] :1:1: Premature end of file.
2025-11-05 17:50:16,397 [ERROR] LogOutputStream:75 - [STDERR_REDIRECT] 
2025-11-05 17:50:17,416 [ERROR] LogOutputStream:75 - [STDERR_REDIRECT] [Fatal Error] :1:1: Premature end of file.
2025-11-05 17:50:17,417 [ERROR] LogOutputStream:75 - [STDERR_REDIRECT] 
2025-11-05 17:50:18,400 [ERROR] LogOutputStream:75 - [STDERR_REDIRECT] [Fatal Error] :1:1: Premature end of file.
2025-11-05 17:50:18,400 [ERROR] LogOutputStream:75 - [STDERR_REDIRECT] 
2025-11-05 17:50:19,406 [ERROR] LogOutputStream:75 - [STDERR_REDIRECT] [Fatal Error] :1:1: Premature end of file.
2025-11-05 17:50:19,406 [ERROR] LogOutputStream:75 - [STDERR_REDIRECT] 
2025-11-05 17:50:20,406 [ERROR] LogOutputStream:75 - [STDERR_REDIRECT] [Fatal Error] :1:1: Premature end of file.
2025-11-05 17:50:20,408 [ERROR] LogOutputStream:75 - [STDERR_REDIRECT] 
2025-11-05 17:50:21,396 [ERROR] LogOutputStream:75 - [STDERR_REDIRECT] [Fatal Error] :1:1: Premature end of file.
2025-11-05 17:50:21,396 [ERROR] LogOutputStream:75 - [STDERR_REDIRECT] 
2025-11-05 17:50:22,405 [ERROR] LogOutputStream:75 - [STDERR_REDIRECT] [Fatal Error] :1:1: Premature end of file.
2025-11-05 17:50:22,406 [ERROR] LogOutputStream:75 - [STDERR_REDIRECT] 
2025-11-05 17:50:23,395 [ERROR] LogOutputStream:75 - [STDERR_REDIRECT] [Fatal Error] :1:1: Premature end of file.
2025-11-05 17:50:23,396 [ERROR] LogOutputStream:75 - [STDERR_REDIRECT] 
2025-11-05 17:50:24,400 [ERROR] LogOutputStream:75 - [STDERR_REDIRECT] [Fatal Error] :1:1: Premature end of file.
2025-11-05 17:50:24,400 [ERROR] LogOutputStream:75 - [STDERR_REDIRECT] 
2025-11-05 17:50:25,395 [ERROR] LogOutputStream:75 - [STDERR_REDIRECT] [Fatal Error] :1:1: Premature end of file.
2025-11-05 17:50:25,395 [ERROR] LogOutputStream:75 - [STDERR_REDIRECT] 
2025-11-05 17:50:26,399 [ERROR] LogOutputStream:75 - [STDERR_REDIRECT] [Fatal Error] :1:1: Premature end of file.
2025-11-05 17:50:26,400 [ERROR] LogOutputStream:75 - [STDERR_REDIRECT] 
2025-11-05 17:50:27,394 [ERROR] LogOutputStream:75 - [STDERR_REDIRECT] [Fatal Error] :1:1: Premature end of file.
2025-11-05 17:50:27,395 [ERROR] LogOutputStream:75 - [STDERR_REDIRECT] 
2025-11-05 17:50:28,385 [ERROR] LogOutputStream:75 - [STDERR_REDIRECT] [Fatal Error] :1:1: Premature end of file.
2025-11-05 17:50:28,386 [ERROR] LogOutputStream:75 - [STDERR_REDIRECT] 
2025-11-05 17:50:29,392 [ERROR] LogOutputStream:75 - [STDERR_REDIRECT] [Fatal Error] :1:1: Premature end of file.
2025-11-05 17:50:29,392 [ERROR] LogOutputStream:75 - [STDERR_REDIRECT] 
2025-11-05 17:50:30,399 [ERROR] LogOutputStream:75 - [STDERR_REDIRECT] [Fatal Error] :1:1: Premature end of file.
2025-11-05 17:50:30,399 [ERROR] LogOutputStream:75 - [STDERR_REDIRECT] 
2025-11-05 17:50:31,397 [ERROR] LogOutputStream:75 - [STDERR_REDIRECT] [Fatal Error] :1:1: Premature end of file.
2025-11-05 17:50:31,397 [ERROR] LogOutputStream:75 - [STDERR_REDIRECT] 
2025-11-05 17:50:32,390 [ERROR] LogOutputStream:75 - [STDERR_REDIRECT] [Fatal Error] :1:1: Premature end of file.
2025-11-05 17:50:32,390 [ERROR] LogOutputStream:75 - [STDERR_REDIRECT] 
2025-11-05 17:50:33,395 [ERROR] LogOutputStream:75 - [STDERR_REDIRECT] [Fatal Error] :1:1: Premature end of file.
2025-11-05 17:50:33,396 [ERROR] LogOutputStream:75 - [STDERR_REDIRECT] 
2025-11-05 17:50:34,393 [ERROR] LogOutputStream:75 - [STDERR_REDIRECT] [Fatal Error] :1:1: Premature end of file.
2025-11-05 17:50:34,394 [ERROR] LogOutputStream:75 - [STDERR_REDIRECT] 
2025-11-05 17:50:35,403 [ERROR] LogOutputStream:75 - [STDERR_REDIRECT] [Fatal Error] :1:1: Premature end of file.
2025-11-05 17:50:35,404 [ERROR] LogOutputStream:75 - [STDERR_REDIRECT] 
2025-11-05 17:50:36,406 [ERROR] LogOutputStream:75 - [STDERR_REDIRECT] [Fatal Error] :1:1: Premature end of file.
2025-11-05 17:50:36,406 [ERROR] LogOutputStream:75 - [STDERR_REDIRECT] 
2025-11-05 17:50:37,397 [ERROR] LogOutputStream:75 - [STDERR_REDIRECT] [Fatal Error] :1:1: Premature end of file.
2025-11-05 17:50:37,398 [ERROR] LogOutputStream:75 - [STDERR_REDIRECT] 
2025-11-05 17:50:38,391 [ERROR] LogOutputStream:75 - [STDERR_REDIRECT] [Fatal Error] :1:1: Premature end of file.
2025-11-05 17:50:38,391 [ERROR] LogOutputStream:75 - [STDERR_REDIRECT] 
2025-11-05 17:50:39,410 [ERROR] LogOutputStream:75 - [STDERR_REDIRECT] [Fatal Error] :1:1: Premature end of file.
2025-11-05 17:50:39,410 [ERROR] LogOutputStream:75 - [STDERR_REDIRECT] 
2025-11-05 17:50:40,402 [ERROR] LogOutputStream:75 - [STDERR_REDIRECT] [Fatal Error] :1:1: Premature end of file.
2025-11-05 17:50:40,403 [ERROR] LogOutputStream:75 - [STDERR_REDIRECT] 
2025-11-05 17:50:41,401 [ERROR] LogOutputStream:75 - [STDERR_REDIRECT] [Fatal Error] :1:1: Premature end of file.
2025-11-05 17:50:41,401 [ERROR] LogOutputStream:75 - [STDERR_REDIRECT] 
2025-11-05 17:50:42,391 [ERROR] LogOutputStream:75 - [STDERR_REDIRECT] [Fatal Error] :1:1: Premature end of file.
2025-11-05 17:50:42,392 [ERROR] LogOutputStream:75 - [STDERR_REDIRECT] 
2025-11-05 17:50:43,402 [ERROR] LogOutputStream:75 - [STDERR_REDIRECT] [Fatal Error] :1:1: Premature end of file.
2025-11-05 17:50:43,402 [ERROR] LogOutputStream:75 - [STDERR_REDIRECT] 
2025-11-05 17:50:44,403 [ERROR] LogOutputStream:75 - [STDERR_REDIRECT] [Fatal Error] :1:1: Premature end of file.
2025-11-05 17:50:44,403 [ERROR] LogOutputStream:75 - [STDERR_REDIRECT] 
2025-11-05 17:50:45,395 [ERROR] LogOutputStream:75 - [STDERR_REDIRECT] [Fatal Error] :1:1: Premature end of file.
2025-11-05 17:50:45,395 [ERROR] LogOutputStream:75 - [STDERR_REDIRECT] 
2025-11-05 17:50:46,404 [ERROR] LogOutputStream:75 - [STDERR_REDIRECT] [Fatal Error] :1:1: Premature end of file.
2025-11-05 17:50:46,405 [ERROR] LogOutputStream:75 - [STDERR_REDIRECT] 
2025-11-05 17:50:47,398 [ERROR] LogOutputStream:75 - [STDERR_REDIRECT] [Fatal Error] :1:1: Premature end of file.
2025-11-05 17:50:47,399 [ERROR] LogOutputStream:75 - [STDERR_REDIRECT] 
2025-11-05 17:50:48,395 [ERROR] LogOutputStream:75 - [STDERR_REDIRECT] [Fatal Error] :1:1: Premature end of file.
2025-11-05 17:50:48,395 [ERROR] LogOutputStream:75 - [STDERR_REDIRECT] 
2025-11-05 17:50:49,391 [ERROR] LogOutputStream:75 - [STDERR_REDIRECT] [Fatal Error] :1:1: Premature end of file.
2025-11-05 17:50:49,392 [ERROR] LogOutputStream:75 - [STDERR_REDIRECT] 
2025-11-05 17:50:50,400 [ERROR] LogOutputStream:75 - [STDERR_REDIRECT] [Fatal Error] :1:1: Premature end of file.
2025-11-05 17:50:50,400 [ERROR] LogOutputStream:75 - [STDERR_REDIRECT] 
2025-11-05 17:50:51,390 [ERROR] LogOutputStream:75 - [STDERR_REDIRECT] [Fatal Error] :1:1: Premature end of file.
2025-11-05 17:50:51,391 [ERROR] LogOutputStream:75 - [STDERR_REDIRECT] 
2025-11-05 17:50:52,396 [ERROR] LogOutputStream:75 - [STDERR_REDIRECT] [Fatal Error] :1:1: Premature end of file.
2025-11-05 17:50:52,396 [ERROR] LogOutputStream:75 - [STDERR_REDIRECT] 
2025-11-05 17:50:53,409 [ERROR] LogOutputStream:75 - [STDERR_REDIRECT] [Fatal Error] :1:1: Premature end of file.
2025-11-05 17:50:53,409 [ERROR] LogOutputStream:75 - [STDERR_REDIRECT] 
2025-11-05 17:50:54,409 [ERROR] LogOutputStream:75 - [STDERR_REDIRECT] [Fatal Error] :1:1: Premature end of file.
2025-11-05 17:50:54,409 [ERROR] LogOutputStream:75 - [STDERR_REDIRECT] 
2025-11-05 17:50:55,402 [ERROR] LogOutputStream:75 - [STDERR_REDIRECT] [Fatal Error] :1:1: Premature end of file.
2025-11-05 17:50:55,403 [ERROR] LogOutputStream:75 - [STDERR_REDIRECT] 
2025-11-05 17:50:56,391 [ERROR] LogOutputStream:75 - [STDERR_REDIRECT] [Fatal Error] :1:1: Premature end of file.
2025-11-05 17:50:56,392 [ERROR] LogOutputStream:75 - [STDERR_REDIRECT] 
2025-11-05 17:50:57,401 [ERROR] LogOutputStream:75 - [STDERR_REDIRECT] [Fatal Error] :1:1: Premature end of file.
2025-11-05 17:50:57,402 [ERROR] LogOutputStream:75 - [STDERR_REDIRECT] 
2025-11-05 17:50:58,399 [ERROR] LogOutputStream:75 - [STDERR_REDIRECT] [Fatal Error] :1:1: Premature end of file.
2025-11-05 17:50:58,399 [ERROR] LogOutputStream:75 - [STDERR_REDIRECT] 
2025-11-05 17:50:59,407 [ERROR] LogOutputStream:75 - [STDERR_REDIRECT] [Fatal Error] :1:1: Premature end of file.
2025-11-05 17:50:59,408 [ERROR] LogOutputStream:75 - [STDERR_REDIRECT] 
2025-11-05 17:51:00,394 [ERROR] LogOutputStream:75 - [STDERR_REDIRECT] [Fatal Error] :1:1: Premature end of file.
2025-11-05 17:51:00,394 [ERROR] LogOutputStream:75 - [STDERR_REDIRECT] 
2025-11-05 17:51:01,400 [ERROR] LogOutputStream:75 - [STDERR_REDIRECT] [Fatal Error] :1:1: Premature end of file.
2025-11-05 17:51:01,400 [ERROR] LogOutputStream:75 - [STDERR_REDIRECT] 
2025-11-05 17:51:02,395 [ERROR] LogOutputStream:75 - [STDERR_REDIRECT] [Fatal Error] :1:1: Premature end of file.
2025-11-05 17:51:02,396 [ERROR] LogOutputStream:75 - [STDERR_REDIRECT] 
2025-11-05 17:51:03,386 [ERROR] LogOutputStream:75 - [STDERR_REDIRECT] [Fatal Error] :1:1: Premature end of file.
2025-11-05 17:51:03,387 [ERROR] LogOutputStream:75 - [STDERR_REDIRECT] 
2025-11-05 17:51:04,391 [ERROR] LogOutputStream:75 - [STDERR_REDIRECT] [Fatal Error] :1:1: Premature end of file.
2025-11-05 17:51:04,392 [ERROR] LogOutputStream:75 - [STDERR_REDIRECT] 
2025-11-05 17:51:05,407 [ERROR] LogOutputStream:75 - [STDERR_REDIRECT] [Fatal Error] :1:1: Premature end of file.
2025-11-05 17:51:05,408 [ERROR] LogOutputStream:75 - [STDERR_REDIRECT] 
2025-11-05 17:51:06,397 [ERROR] LogOutputStream:75 - [STDERR_REDIRECT] [Fatal Error] :1:1: Premature end of file.
2025-11-05 17:51:06,397 [ERROR] LogOutputStream:75 - [STDERR_REDIRECT] 
2025-11-05 17:51:07,397 [ERROR] LogOutputStream:75 - [STDERR_REDIRECT] [Fatal Error] :1:1: Premature end of file.
2025-11-05 17:51:07,398 [ERROR] LogOutputStream:75 - [STDERR_REDIRECT] 
2025-11-05 17:51:08,392 [ERROR] LogOutputStream:75 - [STDERR_REDIRECT] [Fatal Error] :1:1: Premature end of file.
2025-11-05 17:51:08,392 [ERROR] LogOutputStream:75 - [STDERR_REDIRECT] 
2025-11-05 17:51:09,390 [ERROR] LogOutputStream:75 - [STDERR_REDIRECT] [Fatal Error] :1:1: Premature end of file.
2025-11-05 17:51:09,390 [ERROR] LogOutputStream:75 - [STDERR_REDIRECT] 
2025-11-05 17:51:10,403 [ERROR] LogOutputStream:75 - [STDERR_REDIRECT] [Fatal Error] :1:1: Premature end of file.
2025-11-05 17:51:10,404 [ERROR] LogOutputStream:75 - [STDERR_REDIRECT] 
2025-11-05 17:51:11,396 [ERROR] LogOutputStream:75 - [STDERR_REDIRECT] [Fatal Error] :1:1: Premature end of file.
2025-11-05 17:51:11,396 [ERROR] LogOutputStream:75 - [STDERR_REDIRECT] 
2025-11-05 17:51:12,410 [ERROR] LogOutputStream:75 - [STDERR_REDIRECT] [Fatal Error] :1:1: Premature end of file.
2025-11-05 17:51:12,410 [ERROR] LogOutputStream:75 - [STDERR_REDIRECT] 
2025-11-05 17:51:13,402 [ERROR] LogOutputStream:75 - [STDERR_REDIRECT] [Fatal Error] :1:1: Premature end of file.
2025-11-05 17:51:13,402 [ERROR] LogOutputStream:75 - [STDERR_REDIRECT] 
2025-11-05 17:51:14,403 [ERROR] LogOutputStream:75 - [STDERR_REDIRECT] [Fatal Error] :1:1: Premature end of file.
2025-11-05 17:51:14,403 [ERROR] LogOutputStream:75 - [STDERR_REDIRECT] 
2025-11-05 17:51:15,390 [ERROR] LogOutputStream:75 - [STDERR_REDIRECT] [Fatal Error] :1:1: Premature end of file.
2025-11-05 17:51:15,391 [ERROR] LogOutputStream:75 - [STDERR_REDIRECT] 
2025-11-05 17:51:16,407 [ERROR] LogOutputStream:75 - [STDERR_REDIRECT] [Fatal Error] :1:1: Premature end of file.
2025-11-05 17:51:16,408 [ERROR] LogOutputStream:75 - [STDERR_REDIRECT] 
2025-11-05 17:51:17,407 [ERROR] LogOutputStream:75 - [STDERR_REDIRECT] [Fatal Error] :1:1: Premature end of file.
2025-11-05 17:51:17,408 [ERROR] LogOutputStream:75 - [STDERR_REDIRECT] 
2025-11-05 17:51:18,391 [ERROR] LogOutputStream:75 - [STDERR_REDIRECT] [Fatal Error] :1:1: Premature end of file.
2025-11-05 17:51:18,391 [ERROR] LogOutputStream:75 - [STDERR_REDIRECT] 
2025-11-05 17:51:19,400 [ERROR] LogOutputStream:75 - [STDERR_REDIRECT] [Fatal Error] :1:1: Premature end of file.
2025-11-05 17:51:19,400 [ERROR] LogOutputStream:75 - [STDERR_REDIRECT] 
2025-11-05 17:51:20,412 [ERROR] LogOutputStream:75 - [STDERR_REDIRECT] [Fatal Error] :1:1: Premature end of file.
2025-11-05 17:51:20,413 [ERROR] LogOutputStream:75 - [STDERR_REDIRECT] 
2025-11-05 17:51:21,402 [ERROR] LogOutputStream:75 - [STDERR_REDIRECT] [Fatal Error] :1:1: Premature end of file.
2025-11-05 17:51:21,403 [ERROR] LogOutputStream:75 - [STDERR_REDIRECT] 
2025-11-05 17:51:22,409 [ERROR] LogOutputStream:75 - [STDERR_REDIRECT] [Fatal Error] :1:1: Premature end of file.
2025-11-05 17:51:22,409 [ERROR] LogOutputStream:75 - [STDERR_REDIRECT] 
2025-11-05 17:51:23,407 [ERROR] LogOutputStream:75 - [STDERR_REDIRECT] [Fatal Error] :1:1: Premature end of file.
2025-11-05 17:51:23,408 [ERROR] LogOutputStream:75 - [STDERR_REDIRECT] 
2025-11-05 17:51:24,397 [ERROR] LogOutputStream:75 - [STDERR_REDIRECT] [Fatal Error] :1:1: Premature end of file.
2025-11-05 17:51:24,398 [ERROR] LogOutputStream:75 - [STDERR_REDIRECT] 
2025-11-05 17:51:25,415 [ERROR] LogOutputStream:75 - [STDERR_REDIRECT] [Fatal Error] :1:1: Premature end of file.
2025-11-05 17:51:25,415 [ERROR] LogOutputStream:75 - [STDERR_REDIRECT] 
2025-11-05 17:51:26,414 [ERROR] LogOutputStream:75 - [STDERR_REDIRECT] [Fatal Error] :1:1: Premature end of file.
2025-11-05 17:51:26,414 [ERROR] LogOutputStream:75 - [STDERR_REDIRECT] 
2025-11-05 17:51:27,394 [ERROR] LogOutputStream:75 - [STDERR_REDIRECT] [Fatal Error] :1:1: Premature end of file.
2025-11-05 17:51:27,394 [ERROR] LogOutputStream:75 - [STDERR_REDIRECT] 
2025-11-05 17:51:28,410 [ERROR] LogOutputStream:75 - [STDERR_REDIRECT] [Fatal Error] :1:1: Premature end of file.
2025-11-05 17:51:28,411 [ERROR] LogOutputStream:75 - [STDERR_REDIRECT] 
2025-11-05 17:51:29,416 [ERROR] LogOutputStream:75 - [STDERR_REDIRECT] [Fatal Error] :1:1: Premature end of file.
2025-11-05 17:51:29,417 [ERROR] LogOutputStream:75 - [STDERR_REDIRECT] 
2025-11-05 17:51:30,411 [ERROR] LogOutputStream:75 - [STDERR_REDIRECT] [Fatal Error] :1:1: Premature end of file.
2025-11-05 17:51:30,412 [ERROR] LogOutputStream:75 - [STDERR_REDIRECT] 
2025-11-05 17:51:31,411 [ERROR] LogOutputStream:75 - [STDERR_REDIRECT] [Fatal Error] :1:1: Premature end of file.
2025-11-05 17:51:31,411 [ERROR] LogOutputStream:75 - [STDERR_REDIRECT] 
2025-11-05 17:51:32,403 [ERROR] LogOutputStream:75 - [STDERR_REDIRECT] [Fatal Error] :1:1: Premature end of file.
2025-11-05 17:51:32,404 [ERROR] LogOutputStream:75 - [STDERR_REDIRECT] 
2025-11-05 17:51:33,404 [ERROR] LogOutputStream:75 - [STDERR_REDIRECT] [Fatal Error] :1:1: Premature end of file.
2025-11-05 17:51:33,404 [ERROR] LogOutputStream:75 - [STDERR_REDIRECT] 
2025-11-05 17:51:34,400 [ERROR] LogOutputStream:75 - [STDERR_REDIRECT] [Fatal Error] :1:1: Premature end of file.
2025-11-05 17:51:34,400 [ERROR] LogOutputStream:75 - [STDERR_REDIRECT] 
2025-11-05 17:51:35,399 [ERROR] LogOutputStream:75 - [STDERR_REDIRECT] [Fatal Error] :1:1: Premature end of file.
2025-11-05 17:51:35,400 [ERROR] LogOutputStream:75 - [STDERR_REDIRECT] 
2025-11-05 17:51:36,396 [ERROR] LogOutputStream:75 - [STDERR_REDIRECT] [Fatal Error] :1:1: Premature end of file.
2025-11-05 17:51:36,397 [ERROR] LogOutputStream:75 - [STDERR_REDIRECT] 
2025-11-05 17:51:37,391 [ERROR] LogOutputStream:75 - [STDERR_REDIRECT] [Fatal Error] :1:1: Premature end of file.
2025-11-05 17:51:37,391 [ERROR] LogOutputStream:75 - [STDERR_REDIRECT] 
2025-11-05 17:51:38,398 [ERROR] LogOutputStream:75 - [STDERR_REDIRECT] [Fatal Error] :1:1: Premature end of file.
2025-11-05 17:51:38,399 [ERROR] LogOutputStream:75 - [STDERR_REDIRECT] 
2025-11-05 17:51:39,397 [ERROR] LogOutputStream:75 - [STDERR_REDIRECT] [Fatal Error] :1:1: Premature end of file.
2025-11-05 17:51:39,397 [ERROR] LogOutputStream:75 - [STDERR_REDIRECT] 
2025-11-05 17:51:40,403 [ERROR] LogOutputStream:75 - [STDERR_REDIRECT] [Fatal Error] :1:1: Premature end of file.
2025-11-05 17:51:40,403 [ERROR] LogOutputStream:75 - [STDERR_REDIRECT] 
2025-11-05 17:51:41,412 [ERROR] LogOutputStream:75 - [STDERR_REDIRECT] [Fatal Error] :1:1: Premature end of file.
2025-11-05 17:51:41,412 [ERROR] LogOutputStream:75 - [STDERR_REDIRECT] 
2025-11-05 17:51:42,409 [ERROR] LogOutputStream:75 - [STDERR_REDIRECT] [Fatal Error] :1:1: Premature end of file.
2025-11-05 17:51:42,409 [ERROR] LogOutputStream:75 - [STDERR_REDIRECT] 
2025-11-05 17:51:43,407 [ERROR] LogOutputStream:75 - [STDERR_REDIRECT] [Fatal Error] :1:1: Premature end of file.
2025-11-05 17:51:43,408 [ERROR] LogOutputStream:75 - [STDERR_REDIRECT] 
2025-11-05 17:51:44,419 [ERROR] LogOutputStream:75 - [STDERR_REDIRECT] [Fatal Error] :1:1: Premature end of file.
2025-11-05 17:51:44,420 [ERROR] LogOutputStream:75 - [STDERR_REDIRECT] 
2025-11-05 17:51:45,399 [ERROR] LogOutputStream:75 - [STDERR_REDIRECT] [Fatal Error] :1:1: Premature end of file.
2025-11-05 17:51:45,400 [ERROR] LogOutputStream:75 - [STDERR_REDIRECT] 
2025-11-05 17:51:46,407 [ERROR] LogOutputStream:75 - [STDERR_REDIRECT] [Fatal Error] :1:1: Premature end of file.
2025-11-05 17:51:46,408 [ERROR] LogOutputStream:75 - [STDERR_REDIRECT] 
2025-11-05 17:51:47,412 [ERROR] LogOutputStream:75 - [STDERR_REDIRECT] [Fatal Error] :1:1: Premature end of file.
2025-11-05 17:51:47,412 [ERROR] LogOutputStream:75 - [STDERR_REDIRECT] 
2025-11-05 17:51:48,413 [ERROR] LogOutputStream:75 - [STDERR_REDIRECT] [Fatal Error] :1:1: Premature end of file.
2025-11-05 17:51:48,414 [ERROR] LogOutputStream:75 - [STDERR_REDIRECT] 
2025-11-05 17:51:49,408 [ERROR] LogOutputStream:75 - [STDERR_REDIRECT] [Fatal Error] :1:1: Premature end of file.
2025-11-05 17:51:49,408 [ERROR] LogOutputStream:75 - [STDERR_REDIRECT] 
2025-11-05 17:51:50,390 [ERROR] LogOutputStream:75 - [STDERR_REDIRECT] [Fatal Error] :1:1: Premature end of file.
2025-11-05 17:51:50,391 [ERROR] LogOutputStream:75 - [STDERR_REDIRECT] 
2025-11-05 17:51:51,411 [ERROR] LogOutputStream:75 - [STDERR_REDIRECT] [Fatal Error] :1:1: Premature end of file.
2025-11-05 17:51:51,412 [ERROR] LogOutputStream:75 - [STDERR_REDIRECT] 
2025-11-05 17:51:52,403 [ERROR] LogOutputStream:75 - [STDERR_REDIRECT] [Fatal Error] :1:1: Premature end of file.
2025-11-05 17:51:52,404 [ERROR] LogOutputStream:75 - [STDERR_REDIRECT] 
2025-11-05 17:51:53,405 [ERROR] LogOutputStream:75 - [STDERR_REDIRECT] [Fatal Error] :1:1: Premature end of file.
2025-11-05 17:51:53,405 [ERROR] LogOutputStream:75 - [STDERR_REDIRECT] 
2025-11-05 17:51:54,401 [ERROR] LogOutputStream:75 - [STDERR_REDIRECT] [Fatal Error] :1:1: Premature end of file.
2025-11-05 17:51:54,402 [ERROR] LogOutputStream:75 - [STDERR_REDIRECT] 
2025-11-05 17:51:55,402 [ERROR] LogOutputStream:75 - [STDERR_REDIRECT] [Fatal Error] :1:1: Premature end of file.
2025-11-05 17:51:55,403 [ERROR] LogOutputStream:75 - [STDERR_REDIRECT] 
2025-11-05 17:51:56,395 [ERROR] LogOutputStream:75 - [STDERR_REDIRECT] [Fatal Error] :1:1: Premature end of file.
2025-11-05 17:51:56,397 [ERROR] LogOutputStream:75 - [STDERR_REDIRECT] 
2025-11-05 17:51:57,419 [ERROR] LogOutputStream:75 - [STDERR_REDIRECT] [Fatal Error] :1:1: Premature end of file.
2025-11-05 17:51:57,419 [ERROR] LogOutputStream:75 - [STDERR_REDIRECT] 
2025-11-05 17:51:58,416 [ERROR] LogOutputStream:75 - [STDERR_REDIRECT] [Fatal Error] :1:1: Premature end of file.
2025-11-05 17:51:58,416 [ERROR] LogOutputStream:75 - [STDERR_REDIRECT] 
2025-11-05 17:51:59,412 [ERROR] LogOutputStream:75 - [STDERR_REDIRECT] [Fatal Error] :1:1: Premature end of file.
2025-11-05 17:51:59,413 [ERROR] LogOutputStream:75 - [STDERR_REDIRECT] 
2025-11-05 17:52:00,414 [ERROR] LogOutputStream:75 - [STDERR_REDIRECT] [Fatal Error] :1:1: Premature end of file.
2025-11-05 17:52:00,415 [ERROR] LogOutputStream:75 - [STDERR_REDIRECT] 
2025-11-05 17:52:01,404 [ERROR] LogOutputStream:75 - [STDERR_REDIRECT] [Fatal Error] :1:1: Premature end of file.
2025-11-05 17:52:01,406 [ERROR] LogOutputStream:75 - [STDERR_REDIRECT] 
2025-11-05 17:52:02,396 [ERROR] LogOutputStream:75 - [STDERR_REDIRECT] [Fatal Error] :1:1: Premature end of file.
2025-11-05 17:52:02,397 [ERROR] LogOutputStream:75 - [STDERR_REDIRECT] 
2025-11-05 17:52:03,401 [ERROR] LogOutputStream:75 - [STDERR_REDIRECT] [Fatal Error] :1:1: Premature end of file.
2025-11-05 17:52:03,401 [ERROR] LogOutputStream:75 - [STDERR_REDIRECT] 
2025-11-05 17:52:04,395 [ERROR] LogOutputStream:75 - [STDERR_REDIRECT] [Fatal Error] :1:1: Premature end of file.
2025-11-05 17:52:04,396 [ERROR] LogOutputStream:75 - [STDERR_REDIRECT] 
2025-11-05 17:52:05,401 [ERROR] LogOutputStream:75 - [STDERR_REDIRECT] [Fatal Error] :1:1: Premature end of file.
2025-11-05 17:52:05,402 [ERROR] LogOutputStream:75 - [STDERR_REDIRECT] 
2025-11-05 17:52:06,400 [ERROR] LogOutputStream:75 - [STDERR_REDIRECT] [Fatal Error] :1:1: Premature end of file.
2025-11-05 17:52:06,400 [ERROR] LogOutputStream:75 - [STDERR_REDIRECT] 
2025-11-05 17:52:07,400 [ERROR] LogOutputStream:75 - [STDERR_REDIRECT] [Fatal Error] :1:1: Premature end of file.
2025-11-05 17:52:07,400 [ERROR] LogOutputStream:75 - [STDERR_REDIRECT] 
2025-11-05 17:52:08,413 [ERROR] LogOutputStream:75 - [STDERR_REDIRECT] [Fatal Error] :1:1: Premature end of file.
2025-11-05 17:52:08,414 [ERROR] LogOutputStream:75 - [STDERR_REDIRECT] 
2025-11-05 17:52:09,406 [ERROR] LogOutputStream:75 - [STDERR_REDIRECT] [Fatal Error] :1:1: Premature end of file.
2025-11-05 17:52:09,406 [ERROR] LogOutputStream:75 - [STDERR_REDIRECT] 
2025-11-05 17:52:10,407 [ERROR] LogOutputStream:75 - [STDERR_REDIRECT] [Fatal Error] :1:1: Premature end of file.
2025-11-05 17:52:10,408 [ERROR] LogOutputStream:75 - [STDERR_REDIRECT] 
2025-11-05 17:52:11,409 [ERROR] LogOutputStream:75 - [STDERR_REDIRECT] [Fatal Error] :1:1: Premature end of file.
2025-11-05 17:52:11,409 [ERROR] LogOutputStream:75 - [STDERR_REDIRECT] 
2025-11-05 17:52:12,406 [ERROR] LogOutputStream:75 - [STDERR_REDIRECT] [Fatal Error] :1:1: Premature end of file.
2025-11-05 17:52:12,406 [ERROR] LogOutputStream:75 - [STDERR_REDIRECT] 
2025-11-05 17:52:13,405 [ERROR] LogOutputStream:75 - [STDERR_REDIRECT] [Fatal Error] :1:1: Premature end of file.
2025-11-05 17:52:13,406 [ERROR] LogOutputStream:75 - [STDERR_REDIRECT] 
2025-11-05 17:52:14,405 [ERROR] LogOutputStream:75 - [STDERR_REDIRECT] [Fatal Error] :1:1: Premature end of file.
2025-11-05 17:52:14,405 [ERROR] LogOutputStream:75 - [STDERR_REDIRECT] 
2025-11-05 17:52:15,396 [ERROR] LogOutputStream:75 - [STDERR_REDIRECT] [Fatal Error] :1:1: Premature end of file.
2025-11-05 17:52:15,396 [ERROR] LogOutputStream:75 - [STDERR_REDIRECT] 
2025-11-05 17:52:16,404 [ERROR] LogOutputStream:75 - [STDERR_REDIRECT] [Fatal Error] :1:1: Premature end of file.
2025-11-05 17:52:16,404 [ERROR] LogOutputStream:75 - [STDERR_REDIRECT] 
2025-11-05 17:52:17,395 [ERROR] LogOutputStream:75 - [STDERR_REDIRECT] [Fatal Error] :1:1: Premature end of file.
2025-11-05 17:52:17,396 [ERROR] LogOutputStream:75 - [STDERR_REDIRECT] 
2025-11-05 17:52:18,389 [ERROR] LogOutputStream:75 - [STDERR_REDIRECT] [Fatal Error] :1:1: Premature end of file.
2025-11-05 17:52:18,390 [ERROR] LogOutputStream:75 - [STDERR_REDIRECT] 
2025-11-05 17:52:19,388 [ERROR] LogOutputStream:75 - [STDERR_REDIRECT] [Fatal Error] :1:1: Premature end of file.
2025-11-05 17:52:19,389 [ERROR] LogOutputStream:75 - [STDERR_REDIRECT] 
2025-11-05 17:52:20,393 [ERROR] LogOutputStream:75 - [STDERR_REDIRECT] [Fatal Error] :1:1: Premature end of file.
2025-11-05 17:52:20,393 [ERROR] LogOutputStream:75 - [STDERR_REDIRECT] 
2025-11-05 17:52:21,398 [ERROR] LogOutputStream:75 - [STDERR_REDIRECT] [Fatal Error] :1:1: Premature end of file.
2025-11-05 17:52:21,399 [ERROR] LogOutputStream:75 - [STDERR_REDIRECT] 
2025-11-05 17:52:22,394 [ERROR] LogOutputStream:75 - [STDERR_REDIRECT] [Fatal Error] :1:1: Premature end of file.
2025-11-05 17:52:22,394 [ERROR] LogOutputStream:75 - [STDERR_REDIRECT] 
2025-11-05 17:52:23,394 [ERROR] LogOutputStream:75 - [STDERR_REDIRECT] [Fatal Error] :1:1: Premature end of file.
2025-11-05 17:52:23,395 [ERROR] LogOutputStream:75 - [STDERR_REDIRECT] 
2025-11-05 17:52:24,396 [ERROR] LogOutputStream:75 - [STDERR_REDIRECT] [Fatal Error] :1:1: Premature end of file.
2025-11-05 17:52:24,396 [ERROR] LogOutputStream:75 - [STDERR_REDIRECT] 
2025-11-05 17:52:25,395 [ERROR] LogOutputStream:75 - [STDERR_REDIRECT] [Fatal Error] :1:1: Premature end of file.
2025-11-05 17:52:25,396 [ERROR] LogOutputStream:75 - [STDERR_REDIRECT] 
2025-11-05 17:52:26,389 [ERROR] LogOutputStream:75 - [STDERR_REDIRECT] [Fatal Error] :1:1: Premature end of file.
2025-11-05 17:52:26,390 [ERROR] LogOutputStream:75 - [STDERR_REDIRECT] 
2025-11-05 17:52:27,397 [ERROR] LogOutputStream:75 - [STDERR_REDIRECT] [Fatal Error] :1:1: Premature end of file.
2025-11-05 17:52:27,397 [ERROR] LogOutputStream:75 - [STDERR_REDIRECT] 
2025-11-05 17:52:28,399 [ERROR] LogOutputStream:75 - [STDERR_REDIRECT] [Fatal Error] :1:1: Premature end of file.
2025-11-05 17:52:28,399 [ERROR] LogOutputStream:75 - [STDERR_REDIRECT] 
2025-11-05 17:52:29,406 [ERROR] LogOutputStream:75 - [STDERR_REDIRECT] [Fatal Error] :1:1: Premature end of file.
2025-11-05 17:52:29,406 [ERROR] LogOutputStream:75 - [STDERR_REDIRECT] 
2025-11-05 17:52:30,403 [ERROR] LogOutputStream:75 - [STDERR_REDIRECT] [Fatal Error] :1:1: Premature end of file.
2025-11-05 17:52:30,403 [ERROR] LogOutputStream:75 - [STDERR_REDIRECT] 
2025-11-05 17:52:31,408 [ERROR] LogOutputStream:75 - [STDERR_REDIRECT] [Fatal Error] :1:1: Premature end of file.
2025-11-05 17:52:31,408 [ERROR] LogOutputStream:75 - [STDERR_REDIRECT] 
2025-11-05 17:52:32,402 [ERROR] LogOutputStream:75 - [STDERR_REDIRECT] [Fatal Error] :1:1: Premature end of file.
2025-11-05 17:52:32,402 [ERROR] LogOutputStream:75 - [STDERR_REDIRECT] 
2025-11-05 17:52:33,400 [ERROR] LogOutputStream:75 - [STDERR_REDIRECT] [Fatal Error] :1:1: Premature end of file.
2025-11-05 17:52:33,400 [ERROR] LogOutputStream:75 - [STDERR_REDIRECT] 
2025-11-05 17:52:34,392 [ERROR] LogOutputStream:75 - [STDERR_REDIRECT] [Fatal Error] :1:1: Premature end of file.
2025-11-05 17:52:34,393 [ERROR] LogOutputStream:75 - [STDERR_REDIRECT] 
2025-11-05 17:52:35,390 [ERROR] LogOutputStream:75 - [STDERR_REDIRECT] [Fatal Error] :1:1: Premature end of file.
2025-11-05 17:52:35,391 [ERROR] LogOutputStream:75 - [STDERR_REDIRECT] 
2025-11-05 17:52:36,393 [ERROR] LogOutputStream:75 - [STDERR_REDIRECT] [Fatal Error] :1:1: Premature end of file.
2025-11-05 17:52:36,394 [ERROR] LogOutputStream:75 - [STDERR_REDIRECT] 
2025-11-05 17:52:37,408 [ERROR] LogOutputStream:75 - [STDERR_REDIRECT] [Fatal Error] :1:1: Premature end of file.
2025-11-05 17:52:37,408 [ERROR] LogOutputStream:75 - [STDERR_REDIRECT] 
2025-11-05 17:52:38,410 [ERROR] LogOutputStream:75 - [STDERR_REDIRECT] [Fatal Error] :1:1: Premature end of file.
2025-11-05 17:52:38,410 [ERROR] LogOutputStream:75 - [STDERR_REDIRECT] 
2025-11-05 17:52:39,400 [ERROR] LogOutputStream:75 - [STDERR_REDIRECT] [Fatal Error] :1:1: Premature end of file.
2025-11-05 17:52:39,400 [ERROR] LogOutputStream:75 - [STDERR_REDIRECT] 
2025-11-05 17:52:40,395 [ERROR] LogOutputStream:75 - [STDERR_REDIRECT] [Fatal Error] :1:1: Premature end of file.
2025-11-05 17:52:40,395 [ERROR] LogOutputStream:75 - [STDERR_REDIRECT] 
2025-11-05 17:52:41,392 [ERROR] LogOutputStream:75 - [STDERR_REDIRECT] [Fatal Error] :1:1: Premature end of file.
2025-11-05 17:52:41,392 [ERROR] LogOutputStream:75 - [STDERR_REDIRECT] 
2025-11-05 17:52:42,409 [ERROR] LogOutputStream:75 - [STDERR_REDIRECT] [Fatal Error] :1:1: Premature end of file.
2025-11-05 17:52:42,409 [ERROR] LogOutputStream:75 - [STDERR_REDIRECT] 
2025-11-05 17:52:43,398 [ERROR] LogOutputStream:75 - [STDERR_REDIRECT] [Fatal Error] :1:1: Premature end of file.
2025-11-05 17:52:43,398 [ERROR] LogOutputStream:75 - [STDERR_REDIRECT] 
2025-11-05 17:52:44,391 [ERROR] LogOutputStream:75 - [STDERR_REDIRECT] [Fatal Error] :1:1: Premature end of file.
2025-11-05 17:52:44,392 [ERROR] LogOutputStream:75 - [STDERR_REDIRECT] 
2025-11-05 17:52:45,391 [ERROR] LogOutputStream:75 - [STDERR_REDIRECT] [Fatal Error] :1:1: Premature end of file.
2025-11-05 17:52:45,391 [ERROR] LogOutputStream:75 - [STDERR_REDIRECT] 
2025-11-05 17:52:46,394 [ERROR] LogOutputStream:75 - [STDERR_REDIRECT] [Fatal Error] :1:1: Premature end of file.
2025-11-05 17:52:46,394 [ERROR] LogOutputStream:75 - [STDERR_REDIRECT] 
2025-11-05 17:52:47,413 [ERROR] LogOutputStream:75 - [STDERR_REDIRECT] [Fatal Error] :1:1: Premature end of file.
2025-11-05 17:52:47,414 [ERROR] LogOutputStream:75 - [STDERR_REDIRECT] 
2025-11-05 17:52:48,404 [ERROR] LogOutputStream:75 - [STDERR_REDIRECT] [Fatal Error] :1:1: Premature end of file.
2025-11-05 17:52:48,404 [ERROR] LogOutputStream:75 - [STDERR_REDIRECT] 
2025-11-05 17:52:49,399 [ERROR] LogOutputStream:75 - [STDERR_REDIRECT] [Fatal Error] :1:1: Premature end of file.
2025-11-05 17:52:49,399 [ERROR] LogOutputStream:75 - [STDERR_REDIRECT] 
2025-11-05 17:52:50,406 [ERROR] LogOutputStream:75 - [STDERR_REDIRECT] [Fatal Error] :1:1: Premature end of file.
2025-11-05 17:52:50,406 [ERROR] LogOutputStream:75 - [STDERR_REDIRECT] 
2025-11-05 17:52:51,401 [ERROR] LogOutputStream:75 - [STDERR_REDIRECT] [Fatal Error] :1:1: Premature end of file.
2025-11-05 17:52:51,402 [ERROR] LogOutputStream:75 - [STDERR_REDIRECT] 
2025-11-05 17:52:52,416 [ERROR] LogOutputStream:75 - [STDERR_REDIRECT] [Fatal Error] :1:1: Premature end of file.
2025-11-05 17:52:52,417 [ERROR] LogOutputStream:75 - [STDERR_REDIRECT] 
2025-11-05 17:52:53,407 [ERROR] LogOutputStream:75 - [STDERR_REDIRECT] [Fatal Error] :1:1: Premature end of file.
2025-11-05 17:52:53,408 [ERROR] LogOutputStream:75 - [STDERR_REDIRECT] 
2025-11-05 17:52:54,401 [ERROR] LogOutputStream:75 - [STDERR_REDIRECT] [Fatal Error] :1:1: Premature end of file.
2025-11-05 17:52:54,402 [ERROR] LogOutputStream:75 - [STDERR_REDIRECT] 
2025-11-05 17:52:55,399 [ERROR] LogOutputStream:75 - [STDERR_REDIRECT] [Fatal Error] :1:1: Premature end of file.
2025-11-05 17:52:55,400 [ERROR] LogOutputStream:75 - [STDERR_REDIRECT] 
2025-11-05 17:52:56,397 [ERROR] LogOutputStream:75 - [STDERR_REDIRECT] [Fatal Error] :1:1: Premature end of file.
2025-11-05 17:52:56,397 [ERROR] LogOutputStream:75 - [STDERR_REDIRECT] 
2025-11-05 17:52:57,420 [ERROR] LogOutputStream:75 - [STDERR_REDIRECT] [Fatal Error] :1:1: Premature end of file.
2025-11-05 17:52:57,420 [ERROR] LogOutputStream:75 - [STDERR_REDIRECT] 
2025-11-05 17:52:58,399 [ERROR] LogOutputStream:75 - [STDERR_REDIRECT] [Fatal Error] :1:1: Premature end of file.
2025-11-05 17:52:58,399 [ERROR] LogOutputStream:75 - [STDERR_REDIRECT] 
2025-11-05 17:52:59,383 [ERROR] LogOutputStream:75 - [STDERR_REDIRECT] [Fatal Error] :1:1: Premature end of file.
2025-11-05 17:52:59,383 [ERROR] LogOutputStream:75 - [STDERR_REDIRECT] 
2025-11-05 17:53:00,393 [ERROR] LogOutputStream:75 - [STDERR_REDIRECT] [Fatal Error] :1:1: Premature end of file.
2025-11-05 17:53:00,394 [ERROR] LogOutputStream:75 - [STDERR_REDIRECT] 
2025-11-05 17:53:01,386 [ERROR] LogOutputStream:75 - [STDERR_REDIRECT] [Fatal Error] :1:1: Premature end of file.
2025-11-05 17:53:01,387 [ERROR] LogOutputStream:75 - [STDERR_REDIRECT] 
2025-11-05 17:53:02,400 [ERROR] LogOutputStream:75 - [STDERR_REDIRECT] [Fatal Error] :1:1: Premature end of file.
2025-11-05 17:53:02,400 [ERROR] LogOutputStream:75 - [STDERR_REDIRECT] 
2025-11-05 17:53:03,401 [ERROR] LogOutputStream:75 - [STDERR_REDIRECT] [Fatal Error] :1:1: Premature end of file.
2025-11-05 17:53:03,401 [ERROR] LogOutputStream:75 - [STDERR_REDIRECT] 
2025-11-05 17:53:04,385 [ERROR] LogOutputStream:75 - [STDERR_REDIRECT] [Fatal Error] :1:1: Premature end of file.
2025-11-05 17:53:04,385 [ERROR] LogOutputStream:75 - [STDERR_REDIRECT] 
2025-11-05 17:53:05,400 [ERROR] LogOutputStream:75 - [STDERR_REDIRECT] [Fatal Error] :1:1: Premature end of file.
2025-11-05 17:53:05,400 [ERROR] LogOutputStream:75 - [STDERR_REDIRECT] 
2025-11-05 17:53:06,387 [ERROR] LogOutputStream:75 - [STDERR_REDIRECT] [Fatal Error] :1:1: Premature end of file.
2025-11-05 17:53:06,388 [ERROR] LogOutputStream:75 - [STDERR_REDIRECT] 
2025-11-05 17:53:07,404 [ERROR] LogOutputStream:75 - [STDERR_REDIRECT] [Fatal Error] :1:1: Premature end of file.
2025-11-05 17:53:07,404 [ERROR] LogOutputStream:75 - [STDERR_REDIRECT] 
2025-11-05 17:53:08,398 [ERROR] LogOutputStream:75 - [STDERR_REDIRECT] [Fatal Error] :1:1: Premature end of file.
2025-11-05 17:53:08,399 [ERROR] LogOutputStream:75 - [STDERR_REDIRECT] 
2025-11-05 17:53:09,391 [ERROR] LogOutputStream:75 - [STDERR_REDIRECT] [Fatal Error] :1:1: Premature end of file.
2025-11-05 17:53:09,391 [ERROR] LogOutputStream:75 - [STDERR_REDIRECT] 
2025-11-05 17:53:10,407 [ERROR] LogOutputStream:75 - [STDERR_REDIRECT] [Fatal Error] :1:1: Premature end of file.
2025-11-05 17:53:10,408 [ERROR] LogOutputStream:75 - [STDERR_REDIRECT] 
2025-11-05 17:53:11,417 [ERROR] LogOutputStream:75 - [STDERR_REDIRECT] [Fatal Error] :1:1: Premature end of file.
2025-11-05 17:53:11,418 [ERROR] LogOutputStream:75 - [STDERR_REDIRECT] 
2025-11-05 17:53:12,401 [ERROR] LogOutputStream:75 - [STDERR_REDIRECT] [Fatal Error] :1:1: Premature end of file.
2025-11-05 17:53:12,402 [ERROR] LogOutputStream:75 - [STDERR_REDIRECT] 
2025-11-05 17:53:13,388 [ERROR] LogOutputStream:75 - [STDERR_REDIRECT] [Fatal Error] :1:1: Premature end of file.
2025-11-05 17:53:13,389 [ERROR] LogOutputStream:75 - [STDERR_REDIRECT] 
2025-11-05 17:53:14,401 [ERROR] LogOutputStream:75 - [STDERR_REDIRECT] [Fatal Error] :1:1: Premature end of file.
2025-11-05 17:53:14,401 [ERROR] LogOutputStream:75 - [STDERR_REDIRECT] 
2025-11-05 17:53:15,409 [ERROR] LogOutputStream:75 - [STDERR_REDIRECT] [Fatal Error] :1:1: Premature end of file.
2025-11-05 17:53:15,409 [ERROR] LogOutputStream:75 - [STDERR_REDIRECT] 
2025-11-05 17:53:16,395 [ERROR] LogOutputStream:75 - [STDERR_REDIRECT] [Fatal Error] :1:1: Premature end of file.
2025-11-05 17:53:16,396 [ERROR] LogOutputStream:75 - [STDERR_REDIRECT] 
2025-11-05 17:53:17,391 [ERROR] LogOutputStream:75 - [STDERR_REDIRECT] [Fatal Error] :1:1: Premature end of file.
2025-11-05 17:53:17,391 [ERROR] LogOutputStream:75 - [STDERR_REDIRECT] 
2025-11-05 17:53:18,406 [ERROR] LogOutputStream:75 - [STDERR_REDIRECT] [Fatal Error] :1:1: Premature end of file.
2025-11-05 17:53:18,407 [ERROR] LogOutputStream:75 - [STDERR_REDIRECT] 
2025-11-05 17:53:19,409 [ERROR] LogOutputStream:75 - [STDERR_REDIRECT] [Fatal Error] :1:1: Premature end of file.
2025-11-05 17:53:19,409 [ERROR] LogOutputStream:75 - [STDERR_REDIRECT] 
2025-11-05 17:53:20,390 [ERROR] LogOutputStream:75 - [STDERR_REDIRECT] [Fatal Error] :1:1: Premature end of file.
2025-11-05 17:53:20,391 [ERROR] LogOutputStream:75 - [STDERR_REDIRECT] 
2025-11-05 17:53:21,403 [ERROR] LogOutputStream:75 - [STDERR_REDIRECT] [Fatal Error] :1:1: Premature end of file.
2025-11-05 17:53:21,403 [ERROR] LogOutputStream:75 - [STDERR_REDIRECT] 
2025-11-05 17:53:22,392 [ERROR] LogOutputStream:75 - [STDERR_REDIRECT] [Fatal Error] :1:1: Premature end of file.
2025-11-05 17:53:22,392 [ERROR] LogOutputStream:75 - [STDERR_REDIRECT] 
2025-11-05 17:53:23,387 [ERROR] LogOutputStream:75 - [STDERR_REDIRECT] [Fatal Error] :1:1: Premature end of file.
2025-11-05 17:53:23,387 [ERROR] LogOutputStream:75 - [STDERR_REDIRECT] 
2025-11-05 17:53:24,400 [ERROR] LogOutputStream:75 - [STDERR_REDIRECT] [Fatal Error] :1:1: Premature end of file.
2025-11-05 17:53:24,401 [ERROR] LogOutputStream:75 - [STDERR_REDIRECT] 
2025-11-05 17:53:25,395 [ERROR] LogOutputStream:75 - [STDERR_REDIRECT] [Fatal Error] :1:1: Premature end of file.
2025-11-05 17:53:25,396 [ERROR] LogOutputStream:75 - [STDERR_REDIRECT] 
2025-11-05 17:53:26,404 [ERROR] LogOutputStream:75 - [STDERR_REDIRECT] [Fatal Error] :1:1: Premature end of file.
2025-11-05 17:53:26,404 [ERROR] LogOutputStream:75 - [STDERR_REDIRECT] 
2025-11-05 17:53:27,385 [ERROR] LogOutputStream:75 - [STDERR_REDIRECT] [Fatal Error] :1:1: Premature end of file.
2025-11-05 17:53:27,385 [ERROR] LogOutputStream:75 - [STDERR_REDIRECT] 
2025-11-05 17:53:28,403 [ERROR] LogOutputStream:75 - [STDERR_REDIRECT] [Fatal Error] :1:1: Premature end of file.
2025-11-05 17:53:28,403 [ERROR] LogOutputStream:75 - [STDERR_REDIRECT] 
2025-11-05 17:53:29,412 [ERROR] LogOutputStream:75 - [STDERR_REDIRECT] [Fatal Error] :1:1: Premature end of file.
2025-11-05 17:53:29,413 [ERROR] LogOutputStream:75 - [STDERR_REDIRECT] 
2025-11-05 17:53:30,389 [ERROR] LogOutputStream:75 - [STDERR_REDIRECT] [Fatal Error] :1:1: Premature end of file.
2025-11-05 17:53:30,390 [ERROR] LogOutputStream:75 - [STDERR_REDIRECT] 
2025-11-05 17:53:31,400 [ERROR] LogOutputStream:75 - [STDERR_REDIRECT] [Fatal Error] :1:1: Premature end of file.
2025-11-05 17:53:31,400 [ERROR] LogOutputStream:75 - [STDERR_REDIRECT] 
2025-11-05 17:53:32,397 [ERROR] LogOutputStream:75 - [STDERR_REDIRECT] [Fatal Error] :1:1: Premature end of file.
2025-11-05 17:53:32,397 [ERROR] LogOutputStream:75 - [STDERR_REDIRECT] 
2025-11-05 17:53:33,398 [ERROR] LogOutputStream:75 - [STDERR_REDIRECT] [Fatal Error] :1:1: Premature end of file.
2025-11-05 17:53:33,399 [ERROR] LogOutputStream:75 - [STDERR_REDIRECT] 
2025-11-05 17:53:34,412 [ERROR] LogOutputStream:75 - [STDERR_REDIRECT] [Fatal Error] :1:1: Premature end of file.
2025-11-05 17:53:34,412 [ERROR] LogOutputStream:75 - [STDERR_REDIRECT] 
2025-11-05 17:53:35,397 [ERROR] LogOutputStream:75 - [STDERR_REDIRECT] [Fatal Error] :1:1: Premature end of file.
2025-11-05 17:53:35,397 [ERROR] LogOutputStream:75 - [STDERR_REDIRECT] 
2025-11-05 17:53:36,397 [ERROR] LogOutputStream:75 - [STDERR_REDIRECT] [Fatal Error] :1:1: Premature end of file.
2025-11-05 17:53:36,397 [ERROR] LogOutputStream:75 - [STDERR_REDIRECT] 
2025-11-05 17:53:37,399 [ERROR] LogOutputStream:75 - [STDERR_REDIRECT] [Fatal Error] :1:1: Premature end of file.
2025-11-05 17:53:37,399 [ERROR] LogOutputStream:75 - [STDERR_REDIRECT] 
2025-11-05 17:53:38,394 [ERROR] LogOutputStream:75 - [STDERR_REDIRECT] [Fatal Error] :1:1: Premature end of file.
2025-11-05 17:53:38,395 [ERROR] LogOutputStream:75 - [STDERR_REDIRECT] 
2025-11-05 17:53:39,388 [ERROR] LogOutputStream:75 - [STDERR_REDIRECT] [Fatal Error] :1:1: Premature end of file.
2025-11-05 17:53:39,388 [ERROR] LogOutputStream:75 - [STDERR_REDIRECT] 
2025-11-05 17:53:40,403 [ERROR] LogOutputStream:75 - [STDERR_REDIRECT] [Fatal Error] :1:1: Premature end of file.
2025-11-05 17:53:40,403 [ERROR] LogOutputStream:75 - [STDERR_REDIRECT] 
2025-11-05 17:53:41,382 [ERROR] LogOutputStream:75 - [STDERR_REDIRECT] [Fatal Error] :1:1: Premature end of file.
2025-11-05 17:53:41,382 [ERROR] LogOutputStream:75 - [STDERR_REDIRECT] 
2025-11-05 17:53:42,401 [ERROR] LogOutputStream:75 - [STDERR_REDIRECT] [Fatal Error] :1:1: Premature end of file.
2025-11-05 17:53:42,401 [ERROR] LogOutputStream:75 - [STDERR_REDIRECT] 
2025-11-05 17:53:43,396 [ERROR] LogOutputStream:75 - [STDERR_REDIRECT] [Fatal Error] :1:1: Premature end of file.
2025-11-05 17:53:43,396 [ERROR] LogOutputStream:75 - [STDERR_REDIRECT] 
2025-11-05 17:53:44,389 [ERROR] LogOutputStream:75 - [STDERR_REDIRECT] [Fatal Error] :1:1: Premature end of file.
2025-11-05 17:53:44,389 [ERROR] LogOutputStream:75 - [STDERR_REDIRECT] 
2025-11-05 17:53:45,394 [ERROR] LogOutputStream:75 - [STDERR_REDIRECT] [Fatal Error] :1:1: Premature end of file.
2025-11-05 17:53:45,394 [ERROR] LogOutputStream:75 - [STDERR_REDIRECT] 
2025-11-05 17:53:46,392 [ERROR] LogOutputStream:75 - [STDERR_REDIRECT] [Fatal Error] :1:1: Premature end of file.
2025-11-05 17:53:46,393 [ERROR] LogOutputStream:75 - [STDERR_REDIRECT] 
2025-11-05 17:53:47,403 [ERROR] LogOutputStream:75 - [STDERR_REDIRECT] [Fatal Error] :1:1: Premature end of file.
2025-11-05 17:53:47,404 [ERROR] LogOutputStream:75 - [STDERR_REDIRECT] 
2025-11-05 17:53:48,405 [ERROR] LogOutputStream:75 - [STDERR_REDIRECT] [Fatal Error] :1:1: Premature end of file.
2025-11-05 17:53:48,406 [ERROR] LogOutputStream:75 - [STDERR_REDIRECT] 
2025-11-05 17:53:49,400 [ERROR] LogOutputStream:75 - [STDERR_REDIRECT] [Fatal Error] :1:1: Premature end of file.
2025-11-05 17:53:49,400 [ERROR] LogOutputStream:75 - [STDERR_REDIRECT] 
2025-11-05 17:53:50,400 [ERROR] LogOutputStream:75 - [STDERR_REDIRECT] [Fatal Error] :1:1: Premature end of file.
2025-11-05 17:53:50,401 [ERROR] LogOutputStream:75 - [STDERR_REDIRECT] 
2025-11-05 17:53:51,406 [ERROR] LogOutputStream:75 - [STDERR_REDIRECT] [Fatal Error] :1:1: Premature end of file.
2025-11-05 17:53:51,407 [ERROR] LogOutputStream:75 - [STDERR_REDIRECT] 
2025-11-05 17:53:52,411 [ERROR] LogOutputStream:75 - [STDERR_REDIRECT] [Fatal Error] :1:1: Premature end of file.
2025-11-05 17:53:52,412 [ERROR] LogOutputStream:75 - [STDERR_REDIRECT] 
2025-11-05 17:53:53,397 [ERROR] LogOutputStream:75 - [STDERR_REDIRECT] [Fatal Error] :1:1: Premature end of file.
2025-11-05 17:53:53,398 [ERROR] LogOutputStream:75 - [STDERR_REDIRECT] 
2025-11-05 17:53:54,395 [ERROR] LogOutputStream:75 - [STDERR_REDIRECT] [Fatal Error] :1:1: Premature end of file.
2025-11-05 17:53:54,396 [ERROR] LogOutputStream:75 - [STDERR_REDIRECT] 
2025-11-05 17:53:55,408 [ERROR] LogOutputStream:75 - [STDERR_REDIRECT] [Fatal Error] :1:1: Premature end of file.
2025-11-05 17:53:55,408 [ERROR] LogOutputStream:75 - [STDERR_REDIRECT] 
2025-11-05 17:53:56,399 [ERROR] LogOutputStream:75 - [STDERR_REDIRECT] [Fatal Error] :1:1: Premature end of file.
2025-11-05 17:53:56,399 [ERROR] LogOutputStream:75 - [STDERR_REDIRECT] 
2025-11-05 17:53:57,405 [ERROR] LogOutputStream:75 - [STDERR_REDIRECT] [Fatal Error] :1:1: Premature end of file.
2025-11-05 17:53:57,407 [ERROR] LogOutputStream:75 - [STDERR_REDIRECT] 
2025-11-05 17:53:58,389 [ERROR] LogOutputStream:75 - [STDERR_REDIRECT] [Fatal Error] :1:1: Premature end of file.
2025-11-05 17:53:58,389 [ERROR] LogOutputStream:75 - [STDERR_REDIRECT] 
2025-11-05 17:53:59,394 [ERROR] LogOutputStream:75 - [STDERR_REDIRECT] [Fatal Error] :1:1: Premature end of file.
2025-11-05 17:53:59,395 [ERROR] LogOutputStream:75 - [STDERR_REDIRECT] 
2025-11-05 17:54:00,391 [ERROR] LogOutputStream:75 - [STDERR_REDIRECT] [Fatal Error] :1:1: Premature end of file.
2025-11-05 17:54:00,392 [ERROR] LogOutputStream:75 - [STDERR_REDIRECT] 
2025-11-05 17:54:01,379 [ERROR] LogOutputStream:75 - [STDERR_REDIRECT] [Fatal Error] :1:1: Premature end of file.
2025-11-05 17:54:01,379 [ERROR] LogOutputStream:75 - [STDERR_REDIRECT] 
2025-11-05 17:54:02,401 [ERROR] LogOutputStream:75 - [STDERR_REDIRECT] [Fatal Error] :1:1: Premature end of file.
2025-11-05 17:54:02,402 [ERROR] LogOutputStream:75 - [STDERR_REDIRECT] 
2025-11-05 17:54:03,389 [ERROR] LogOutputStream:75 - [STDERR_REDIRECT] [Fatal Error] :1:1: Premature end of file.
2025-11-05 17:54:03,390 [ERROR] LogOutputStream:75 - [STDERR_REDIRECT] 
2025-11-05 17:54:04,389 [ERROR] LogOutputStream:75 - [STDERR_REDIRECT] [Fatal Error] :1:1: Premature end of file.
2025-11-05 17:54:04,390 [ERROR] LogOutputStream:75 - [STDERR_REDIRECT] 
2025-11-05 17:54:05,397 [ERROR] LogOutputStream:75 - [STDERR_REDIRECT] [Fatal Error] :1:1: Premature end of file.
2025-11-05 17:54:05,397 [ERROR] LogOutputStream:75 - [STDERR_REDIRECT] 
2025-11-05 17:54:06,402 [ERROR] LogOutputStream:75 - [STDERR_REDIRECT] [Fatal Error] :1:1: Premature end of file.
2025-11-05 17:54:06,403 [ERROR] LogOutputStream:75 - [STDERR_REDIRECT] 
2025-11-05 17:54:07,392 [ERROR] LogOutputStream:75 - [STDERR_REDIRECT] [Fatal Error] :1:1: Premature end of file.
2025-11-05 17:54:07,393 [ERROR] LogOutputStream:75 - [STDERR_REDIRECT] 
2025-11-05 17:54:08,389 [ERROR] LogOutputStream:75 - [STDERR_REDIRECT] [Fatal Error] :1:1: Premature end of file.
2025-11-05 17:54:08,389 [ERROR] LogOutputStream:75 - [STDERR_REDIRECT] 
2025-11-05 17:54:09,411 [ERROR] LogOutputStream:75 - [STDERR_REDIRECT] [Fatal Error] :1:1: Premature end of file.
2025-11-05 17:54:09,412 [ERROR] LogOutputStream:75 - [STDERR_REDIRECT] 
2025-11-05 17:54:10,411 [ERROR] LogOutputStream:75 - [STDERR_REDIRECT] [Fatal Error] :1:1: Premature end of file.
2025-11-05 17:54:10,411 [ERROR] LogOutputStream:75 - [STDERR_REDIRECT] 
2025-11-05 17:54:11,402 [ERROR] LogOutputStream:75 - [STDERR_REDIRECT] [Fatal Error] :1:1: Premature end of file.
2025-11-05 17:54:11,402 [ERROR] LogOutputStream:75 - [STDERR_REDIRECT] 
2025-11-05 17:54:12,409 [ERROR] LogOutputStream:75 - [STDERR_REDIRECT] [Fatal Error] :1:1: Premature end of file.
2025-11-05 17:54:12,409 [ERROR] LogOutputStream:75 - [STDERR_REDIRECT] 
2025-11-05 17:54:13,403 [ERROR] LogOutputStream:75 - [STDERR_REDIRECT] [Fatal Error] :1:1: Premature end of file.
2025-11-05 17:54:13,403 [ERROR] LogOutputStream:75 - [STDERR_REDIRECT] 
2025-11-05 17:54:14,401 [ERROR] LogOutputStream:75 - [STDERR_REDIRECT] [Fatal Error] :1:1: Premature end of file.
2025-11-05 17:54:14,402 [ERROR] LogOutputStream:75 - [STDERR_REDIRECT] 
2025-11-05 17:54:15,418 [ERROR] LogOutputStream:75 - [STDERR_REDIRECT] [Fatal Error] :1:1: Premature end of file.
2025-11-05 17:54:15,418 [ERROR] LogOutputStream:75 - [STDERR_REDIRECT] 
2025-11-05 17:54:16,402 [ERROR] LogOutputStream:75 - [STDERR_REDIRECT] [Fatal Error] :1:1: Premature end of file.
2025-11-05 17:54:16,402 [ERROR] LogOutputStream:75 - [STDERR_REDIRECT] 
2025-11-05 17:54:17,392 [ERROR] LogOutputStream:75 - [STDERR_REDIRECT] [Fatal Error] :1:1: Premature end of file.
2025-11-05 17:54:17,392 [ERROR] LogOutputStream:75 - [STDERR_REDIRECT] 
2025-11-05 17:54:18,401 [ERROR] LogOutputStream:75 - [STDERR_REDIRECT] [Fatal Error] :1:1: Premature end of file.
2025-11-05 17:54:18,402 [ERROR] LogOutputStream:75 - [STDERR_REDIRECT] 
2025-11-05 17:54:19,408 [ERROR] LogOutputStream:75 - [STDERR_REDIRECT] [Fatal Error] :1:1: Premature end of file.
2025-11-05 17:54:19,408 [ERROR] LogOutputStream:75 - [STDERR_REDIRECT] 
2025-11-05 17:54:20,407 [ERROR] LogOutputStream:75 - [STDERR_REDIRECT] [Fatal Error] :1:1: Premature end of file.
2025-11-05 17:54:20,408 [ERROR] LogOutputStream:75 - [STDERR_REDIRECT] 
2025-11-05 17:54:21,393 [ERROR] LogOutputStream:75 - [STDERR_REDIRECT] [Fatal Error] :1:1: Premature end of file.
2025-11-05 17:54:21,394 [ERROR] LogOutputStream:75 - [STDERR_REDIRECT] 
2025-11-05 17:54:22,408 [ERROR] LogOutputStream:75 - [STDERR_REDIRECT] [Fatal Error] :1:1: Premature end of file.
2025-11-05 17:54:22,408 [ERROR] LogOutputStream:75 - [STDERR_REDIRECT] 
2025-11-05 17:54:23,402 [ERROR] LogOutputStream:75 - [STDERR_REDIRECT] [Fatal Error] :1:1: Premature end of file.
2025-11-05 17:54:23,402 [ERROR] LogOutputStream:75 - [STDERR_REDIRECT] 
2025-11-05 17:54:24,394 [ERROR] LogOutputStream:75 - [STDERR_REDIRECT] [Fatal Error] :1:1: Premature end of file.
2025-11-05 17:54:24,395 [ERROR] LogOutputStream:75 - [STDERR_REDIRECT] 
2025-11-05 17:54:25,417 [ERROR] LogOutputStream:75 - [STDERR_REDIRECT] [Fatal Error] :1:1: Premature end of file.
2025-11-05 17:54:25,418 [ERROR] LogOutputStream:75 - [STDERR_REDIRECT] 
2025-11-05 17:54:26,411 [ERROR] LogOutputStream:75 - [STDERR_REDIRECT] [Fatal Error] :1:1: Premature end of file.
2025-11-05 17:54:26,412 [ERROR] LogOutputStream:75 - [STDERR_REDIRECT] 
2025-11-05 17:54:27,388 [ERROR] LogOutputStream:75 - [STDERR_REDIRECT] [Fatal Error] :1:1: Premature end of file.
2025-11-05 17:54:27,389 [ERROR] LogOutputStream:75 - [STDERR_REDIRECT] 
2025-11-05 17:54:28,399 [ERROR] LogOutputStream:75 - [STDERR_REDIRECT] [Fatal Error] :1:1: Premature end of file.
2025-11-05 17:54:28,400 [ERROR] LogOutputStream:75 - [STDERR_REDIRECT] 
2025-11-05 17:54:29,374 [ERROR] LogOutputStream:75 - [STDERR_REDIRECT] [Fatal Error] :1:1: Premature end of file.
2025-11-05 17:54:29,374 [ERROR] LogOutputStream:75 - [STDERR_REDIRECT] 
2025-11-05 17:54:30,389 [ERROR] LogOutputStream:75 - [STDERR_REDIRECT] [Fatal Error] :1:1: Premature end of file.
2025-11-05 17:54:30,390 [ERROR] LogOutputStream:75 - [STDERR_REDIRECT] 
2025-11-05 17:54:31,380 [ERROR] LogOutputStream:75 - [STDERR_REDIRECT] [Fatal Error] :1:1: Premature end of file.
2025-11-05 17:54:31,380 [ERROR] LogOutputStream:75 - [STDERR_REDIRECT] 
2025-11-05 17:54:32,394 [ERROR] LogOutputStream:75 - [STDERR_REDIRECT] [Fatal Error] :1:1: Premature end of file.
2025-11-05 17:54:32,395 [ERROR] LogOutputStream:75 - [STDERR_REDIRECT] 
2025-11-05 17:54:33,386 [ERROR] LogOutputStream:75 - [STDERR_REDIRECT] [Fatal Error] :1:1: Premature end of file.
2025-11-05 17:54:33,386 [ERROR] LogOutputStream:75 - [STDERR_REDIRECT] 
2025-11-05 17:54:34,389 [ERROR] LogOutputStream:75 - [STDERR_REDIRECT] [Fatal Error] :1:1: Premature end of file.
2025-11-05 17:54:34,389 [ERROR] LogOutputStream:75 - [STDERR_REDIRECT] 
2025-11-05 17:54:35,386 [ERROR] LogOutputStream:75 - [STDERR_REDIRECT] [Fatal Error] :1:1: Premature end of file.
2025-11-05 17:54:35,386 [ERROR] LogOutputStream:75 - [STDERR_REDIRECT] 
2025-11-05 17:54:36,375 [ERROR] LogOutputStream:75 - [STDERR_REDIRECT] [Fatal Error] :1:1: Premature end of file.
2025-11-05 17:54:36,375 [ERROR] LogOutputStream:75 - [STDERR_REDIRECT] 
2025-11-05 17:54:37,385 [ERROR] LogOutputStream:75 - [STDERR_REDIRECT] [Fatal Error] :1:1: Premature end of file.
2025-11-05 17:54:37,386 [ERROR] LogOutputStream:75 - [STDERR_REDIRECT] 
2025-11-05 17:54:38,401 [ERROR] LogOutputStream:75 - [STDERR_REDIRECT] [Fatal Error] :1:1: Premature end of file.
2025-11-05 17:54:38,402 [ERROR] LogOutputStream:75 - [STDERR_REDIRECT] 
2025-11-05 17:54:39,396 [ERROR] LogOutputStream:75 - [STDERR_REDIRECT] [Fatal Error] :1:1: Premature end of file.
2025-11-05 17:54:39,397 [ERROR] LogOutputStream:75 - [STDERR_REDIRECT] 
2025-11-05 17:54:40,412 [ERROR] LogOutputStream:75 - [STDERR_REDIRECT] [Fatal Error] :1:1: Premature end of file.
2025-11-05 17:54:40,412 [ERROR] LogOutputStream:75 - [STDERR_REDIRECT] 
2025-11-05 17:54:41,397 [ERROR] LogOutputStream:75 - [STDERR_REDIRECT] [Fatal Error] :1:1: Premature end of file.
2025-11-05 17:54:41,397 [ERROR] LogOutputStream:75 - [STDERR_REDIRECT] 
2025-11-05 17:54:42,402 [ERROR] LogOutputStream:75 - [STDERR_REDIRECT] [Fatal Error] :1:1: Premature end of file.
2025-11-05 17:54:42,403 [ERROR] LogOutputStream:75 - [STDERR_REDIRECT] 
2025-11-05 17:54:43,396 [ERROR] LogOutputStream:75 - [STDERR_REDIRECT] [Fatal Error] :1:1: Premature end of file.
2025-11-05 17:54:43,397 [ERROR] LogOutputStream:75 - [STDERR_REDIRECT] 
2025-11-05 17:54:44,395 [ERROR] LogOutputStream:75 - [STDERR_REDIRECT] [Fatal Error] :1:1: Premature end of file.
2025-11-05 17:54:44,396 [ERROR] LogOutputStream:75 - [STDERR_REDIRECT] 
2025-11-05 17:54:45,403 [ERROR] LogOutputStream:75 - [STDERR_REDIRECT] [Fatal Error] :1:1: Premature end of file.
2025-11-05 17:54:45,403 [ERROR] LogOutputStream:75 - [STDERR_REDIRECT] 
2025-11-05 17:54:46,396 [ERROR] LogOutputStream:75 - [STDERR_REDIRECT] [Fatal Error] :1:1: Premature end of file.
2025-11-05 17:54:46,396 [ERROR] LogOutputStream:75 - [STDERR_REDIRECT] 
2025-11-05 17:54:47,391 [ERROR] LogOutputStream:75 - [STDERR_REDIRECT] [Fatal Error] :1:1: Premature end of file.
2025-11-05 17:54:47,391 [ERROR] LogOutputStream:75 - [STDERR_REDIRECT] 
2025-11-05 17:54:48,388 [ERROR] LogOutputStream:75 - [STDERR_REDIRECT] [Fatal Error] :1:1: Premature end of file.
2025-11-05 17:54:48,389 [ERROR] LogOutputStream:75 - [STDERR_REDIRECT] 
2025-11-05 17:54:49,396 [ERROR] LogOutputStream:75 - [STDERR_REDIRECT] [Fatal Error] :1:1: Premature end of file.
2025-11-05 17:54:49,397 [ERROR] LogOutputStream:75 - [STDERR_REDIRECT] 
2025-11-05 17:54:50,418 [ERROR] LogOutputStream:75 - [STDERR_REDIRECT] [Fatal Error] :1:1: Premature end of file.
2025-11-05 17:54:50,418 [ERROR] LogOutputStream:75 - [STDERR_REDIRECT] 
2025-11-05 17:54:51,406 [ERROR] LogOutputStream:75 - [STDERR_REDIRECT] [Fatal Error] :1:1: Premature end of file.
2025-11-05 17:54:51,407 [ERROR] LogOutputStream:75 - [STDERR_REDIRECT] 
2025-11-05 17:54:52,388 [ERROR] LogOutputStream:75 - [STDERR_REDIRECT] [Fatal Error] :1:1: Premature end of file.
2025-11-05 17:54:52,388 [ERROR] LogOutputStream:75 - [STDERR_REDIRECT] 
2025-11-05 17:54:53,397 [ERROR] LogOutputStream:75 - [STDERR_REDIRECT] [Fatal Error] :1:1: Premature end of file.
2025-11-05 17:54:53,397 [ERROR] LogOutputStream:75 - [STDERR_REDIRECT] 
2025-11-05 17:54:54,402 [ERROR] LogOutputStream:75 - [STDERR_REDIRECT] [Fatal Error] :1:1: Premature end of file.
2025-11-05 17:54:54,403 [ERROR] LogOutputStream:75 - [STDERR_REDIRECT] 
2025-11-05 17:54:55,397 [ERROR] LogOutputStream:75 - [STDERR_REDIRECT] [Fatal Error] :1:1: Premature end of file.
2025-11-05 17:54:55,397 [ERROR] LogOutputStream:75 - [STDERR_REDIRECT] 
2025-11-05 17:54:56,392 [ERROR] LogOutputStream:75 - [STDERR_REDIRECT] [Fatal Error] :1:1: Premature end of file.
2025-11-05 17:54:56,392 [ERROR] LogOutputStream:75 - [STDERR_REDIRECT] 
2025-11-05 17:54:57,396 [ERROR] LogOutputStream:75 - [STDERR_REDIRECT] [Fatal Error] :1:1: Premature end of file.
2025-11-05 17:54:57,397 [ERROR] LogOutputStream:75 - [STDERR_REDIRECT] 
2025-11-05 17:54:58,392 [ERROR] LogOutputStream:75 - [STDERR_REDIRECT] [Fatal Error] :1:1: Premature end of file.
2025-11-05 17:54:58,393 [ERROR] LogOutputStream:75 - [STDERR_REDIRECT] 
2025-11-05 17:54:59,400 [ERROR] LogOutputStream:75 - [STDERR_REDIRECT] [Fatal Error] :1:1: Premature end of file.
2025-11-05 17:54:59,400 [ERROR] LogOutputStream:75 - [STDERR_REDIRECT] 
2025-11-05 17:55:00,386 [ERROR] LogOutputStream:75 - [STDERR_REDIRECT] [Fatal Error] :1:1: Premature end of file.
2025-11-05 17:55:00,387 [ERROR] LogOutputStream:75 - [STDERR_REDIRECT] 
2025-11-05 17:55:01,405 [ERROR] LogOutputStream:75 - [STDERR_REDIRECT] [Fatal Error] :1:1: Premature end of file.
2025-11-05 17:55:01,405 [ERROR] LogOutputStream:75 - [STDERR_REDIRECT] 
2025-11-05 17:55:02,399 [ERROR] LogOutputStream:75 - [STDERR_REDIRECT] [Fatal Error] :1:1: Premature end of file.
2025-11-05 17:55:02,399 [ERROR] LogOutputStream:75 - [STDERR_REDIRECT] 
2025-11-05 17:55:03,405 [ERROR] LogOutputStream:75 - [STDERR_REDIRECT] [Fatal Error] :1:1: Premature end of file.
2025-11-05 17:55:03,405 [ERROR] LogOutputStream:75 - [STDERR_REDIRECT] 
2025-11-05 17:55:04,390 [ERROR] LogOutputStream:75 - [STDERR_REDIRECT] [Fatal Error] :1:1: Premature end of file.
2025-11-05 17:55:04,390 [ERROR] LogOutputStream:75 - [STDERR_REDIRECT] 
2025-11-05 17:55:05,393 [ERROR] LogOutputStream:75 - [STDERR_REDIRECT] [Fatal Error] :1:1: Premature end of file.
2025-11-05 17:55:05,393 [ERROR] LogOutputStream:75 - [STDERR_REDIRECT] 
2025-11-05 17:55:06,408 [ERROR] LogOutputStream:75 - [STDERR_REDIRECT] [Fatal Error] :1:1: Premature end of file.
2025-11-05 17:55:06,408 [ERROR] LogOutputStream:75 - [STDERR_REDIRECT] 
2025-11-05 17:55:07,404 [ERROR] LogOutputStream:75 - [STDERR_REDIRECT] [Fatal Error] :1:1: Premature end of file.
2025-11-05 17:55:07,404 [ERROR] LogOutputStream:75 - [STDERR_REDIRECT] 
2025-11-05 17:55:08,397 [ERROR] LogOutputStream:75 - [STDERR_REDIRECT] [Fatal Error] :1:1: Premature end of file.
2025-11-05 17:55:08,398 [ERROR] LogOutputStream:75 - [STDERR_REDIRECT] 
2025-11-05 17:55:09,397 [ERROR] LogOutputStream:75 - [STDERR_REDIRECT] [Fatal Error] :1:1: Premature end of file.
2025-11-05 17:55:09,397 [ERROR] LogOutputStream:75 - [STDERR_REDIRECT] 
2025-11-05 17:55:10,398 [ERROR] LogOutputStream:75 - [STDERR_REDIRECT] [Fatal Error] :1:1: Premature end of file.
2025-11-05 17:55:10,399 [ERROR] LogOutputStream:75 - [STDERR_REDIRECT] 
2025-11-05 17:55:11,416 [ERROR] LogOutputStream:75 - [STDERR_REDIRECT] [Fatal Error] :1:1: Premature end of file.
2025-11-05 17:55:11,416 [ERROR] LogOutputStream:75 - [STDERR_REDIRECT] 
2025-11-05 17:55:12,389 [ERROR] LogOutputStream:75 - [STDERR_REDIRECT] [Fatal Error] :1:1: Premature end of file.
2025-11-05 17:55:12,389 [ERROR] LogOutputStream:75 - [STDERR_REDIRECT] 
2025-11-05 17:55:13,411 [ERROR] LogOutputStream:75 - [STDERR_REDIRECT] [Fatal Error] :1:1: Premature end of file.
2025-11-05 17:55:13,412 [ERROR] LogOutputStream:75 - [STDERR_REDIRECT] 
2025-11-05 17:55:14,394 [ERROR] LogOutputStream:75 - [STDERR_REDIRECT] [Fatal Error] :1:1: Premature end of file.
2025-11-05 17:55:14,394 [ERROR] LogOutputStream:75 - [STDERR_REDIRECT] 
2025-11-05 17:55:15,400 [ERROR] LogOutputStream:75 - [STDERR_REDIRECT] [Fatal Error] :1:1: Premature end of file.
2025-11-05 17:55:15,400 [ERROR] LogOutputStream:75 - [STDERR_REDIRECT] 
2025-11-05 17:55:16,409 [ERROR] LogOutputStream:75 - [STDERR_REDIRECT] [Fatal Error] :1:1: Premature end of file.
2025-11-05 17:55:16,410 [ERROR] LogOutputStream:75 - [STDERR_REDIRECT] 
2025-11-05 17:55:17,394 [ERROR] LogOutputStream:75 - [STDERR_REDIRECT] [Fatal Error] :1:1: Premature end of file.
2025-11-05 17:55:17,395 [ERROR] LogOutputStream:75 - [STDERR_REDIRECT] 
2025-11-05 17:55:18,406 [ERROR] LogOutputStream:75 - [STDERR_REDIRECT] [Fatal Error] :1:1: Premature end of file.
2025-11-05 17:55:18,407 [ERROR] LogOutputStream:75 - [STDERR_REDIRECT] 
2025-11-05 17:55:19,393 [ERROR] LogOutputStream:75 - [STDERR_REDIRECT] [Fatal Error] :1:1: Premature end of file.
2025-11-05 17:55:19,394 [ERROR] LogOutputStream:75 - [STDERR_REDIRECT] 
2025-11-05 17:55:20,410 [ERROR] LogOutputStream:75 - [STDERR_REDIRECT] [Fatal Error] :1:1: Premature end of file.
2025-11-05 17:55:20,410 [ERROR] LogOutputStream:75 - [STDERR_REDIRECT] 
2025-11-05 17:55:21,410 [ERROR] LogOutputStream:75 - [STDERR_REDIRECT] [Fatal Error] :1:1: Premature end of file.
2025-11-05 17:55:21,411 [ERROR] LogOutputStream:75 - [STDERR_REDIRECT] 
2025-11-05 17:55:22,404 [ERROR] LogOutputStream:75 - [STDERR_REDIRECT] [Fatal Error] :1:1: Premature end of file.
2025-11-05 17:55:22,404 [ERROR] LogOutputStream:75 - [STDERR_REDIRECT] 
2025-11-05 17:55:23,409 [ERROR] LogOutputStream:75 - [STDERR_REDIRECT] [Fatal Error] :1:1: Premature end of file.
2025-11-05 17:55:23,409 [ERROR] LogOutputStream:75 - [STDERR_REDIRECT] 
2025-11-05 17:55:24,399 [ERROR] LogOutputStream:75 - [STDERR_REDIRECT] [Fatal Error] :1:1: Premature end of file.
2025-11-05 17:55:24,399 [ERROR] LogOutputStream:75 - [STDERR_REDIRECT] 
2025-11-05 17:55:25,405 [ERROR] LogOutputStream:75 - [STDERR_REDIRECT] [Fatal Error] :1:1: Premature end of file.
2025-11-05 17:55:25,406 [ERROR] LogOutputStream:75 - [STDERR_REDIRECT] 
2025-11-05 17:55:26,398 [ERROR] LogOutputStream:75 - [STDERR_REDIRECT] [Fatal Error] :1:1: Premature end of file.
2025-11-05 17:55:26,398 [ERROR] LogOutputStream:75 - [STDERR_REDIRECT] 
2025-11-05 17:55:27,406 [ERROR] LogOutputStream:75 - [STDERR_REDIRECT] [Fatal Error] :1:1: Premature end of file.
2025-11-05 17:55:27,406 [ERROR] LogOutputStream:75 - [STDERR_REDIRECT] 
2025-11-05 17:55:28,393 [ERROR] LogOutputStream:75 - [STDERR_REDIRECT] [Fatal Error] :1:1: Premature end of file.
2025-11-05 17:55:28,394 [ERROR] LogOutputStream:75 - [STDERR_REDIRECT] 
2025-11-05 17:55:29,392 [ERROR] LogOutputStream:75 - [STDERR_REDIRECT] [Fatal Error] :1:1: Premature end of file.
2025-11-05 17:55:29,392 [ERROR] LogOutputStream:75 - [STDERR_REDIRECT] 
2025-11-05 17:55:30,400 [ERROR] LogOutputStream:75 - [STDERR_REDIRECT] [Fatal Error] :1:1: Premature end of file.
2025-11-05 17:55:30,400 [ERROR] LogOutputStream:75 - [STDERR_REDIRECT] 
2025-11-05 17:55:31,399 [ERROR] LogOutputStream:75 - [STDERR_REDIRECT] [Fatal Error] :1:1: Premature end of file.
2025-11-05 17:55:31,400 [ERROR] LogOutputStream:75 - [STDERR_REDIRECT] 
2025-11-05 17:55:32,401 [ERROR] LogOutputStream:75 - [STDERR_REDIRECT] [Fatal Error] :1:1: Premature end of file.
2025-11-05 17:55:32,401 [ERROR] LogOutputStream:75 - [STDERR_REDIRECT] 
2025-11-05 17:55:33,399 [ERROR] LogOutputStream:75 - [STDERR_REDIRECT] [Fatal Error] :1:1: Premature end of file.
2025-11-05 17:55:33,400 [ERROR] LogOutputStream:75 - [STDERR_REDIRECT] 
2025-11-05 17:55:34,394 [ERROR] LogOutputStream:75 - [STDERR_REDIRECT] [Fatal Error] :1:1: Premature end of file.
2025-11-05 17:55:34,394 [ERROR] LogOutputStream:75 - [STDERR_REDIRECT] 
2025-11-05 17:55:35,413 [ERROR] LogOutputStream:75 - [STDERR_REDIRECT] [Fatal Error] :1:1: Premature end of file.
2025-11-05 17:55:35,413 [ERROR] LogOutputStream:75 - [STDERR_REDIRECT] 
2025-11-05 17:55:36,406 [ERROR] LogOutputStream:75 - [STDERR_REDIRECT] [Fatal Error] :1:1: Premature end of file.
2025-11-05 17:55:36,407 [ERROR] LogOutputStream:75 - [STDERR_REDIRECT] 
2025-11-05 17:55:37,404 [ERROR] LogOutputStream:75 - [STDERR_REDIRECT] [Fatal Error] :1:1: Premature end of file.
2025-11-05 17:55:37,404 [ERROR] LogOutputStream:75 - [STDERR_REDIRECT] 
2025-11-05 17:55:38,399 [ERROR] LogOutputStream:75 - [STDERR_REDIRECT] [Fatal Error] :1:1: Premature end of file.
2025-11-05 17:55:38,399 [ERROR] LogOutputStream:75 - [STDERR_REDIRECT] 
2025-11-05 17:55:39,409 [ERROR] LogOutputStream:75 - [STDERR_REDIRECT] [Fatal Error] :1:1: Premature end of file.
2025-11-05 17:55:39,409 [ERROR] LogOutputStream:75 - [STDERR_REDIRECT] 
2025-11-05 17:55:40,402 [ERROR] LogOutputStream:75 - [STDERR_REDIRECT] [Fatal Error] :1:1: Premature end of file.
2025-11-05 17:55:40,403 [ERROR] LogOutputStream:75 - [STDERR_REDIRECT] 
2025-11-05 17:55:41,416 [ERROR] LogOutputStream:75 - [STDERR_REDIRECT] [Fatal Error] :1:1: Premature end of file.
2025-11-05 17:55:41,416 [ERROR] LogOutputStream:75 - [STDERR_REDIRECT] 
2025-11-05 17:55:42,387 [ERROR] LogOutputStream:75 - [STDERR_REDIRECT] [Fatal Error] :1:1: Premature end of file.
2025-11-05 17:55:42,387 [ERROR] LogOutputStream:75 - [STDERR_REDIRECT] 
2025-11-05 17:55:43,409 [ERROR] LogOutputStream:75 - [STDERR_REDIRECT] [Fatal Error] :1:1: Premature end of file.
2025-11-05 17:55:43,410 [ERROR] LogOutputStream:75 - [STDERR_REDIRECT] 
2025-11-05 17:55:44,416 [ERROR] LogOutputStream:75 - [STDERR_REDIRECT] [Fatal Error] :1:1: Premature end of file.
2025-11-05 17:55:44,416 [ERROR] LogOutputStream:75 - [STDERR_REDIRECT] 
2025-11-05 17:55:45,410 [ERROR] LogOutputStream:75 - [STDERR_REDIRECT] [Fatal Error] :1:1: Premature end of file.
2025-11-05 17:55:45,411 [ERROR] LogOutputStream:75 - [STDERR_REDIRECT] 
2025-11-05 17:55:46,408 [ERROR] LogOutputStream:75 - [STDERR_REDIRECT] [Fatal Error] :1:1: Premature end of file.
2025-11-05 17:55:46,408 [ERROR] LogOutputStream:75 - [STDERR_REDIRECT] 
2025-11-05 17:55:47,422 [ERROR] LogOutputStream:75 - [STDERR_REDIRECT] [Fatal Error] :1:1: Premature end of file.
2025-11-05 17:55:47,423 [ERROR] LogOutputStream:75 - [STDERR_REDIRECT] 
2025-11-05 17:55:48,411 [ERROR] LogOutputStream:75 - [STDERR_REDIRECT] [Fatal Error] :1:1: Premature end of file.
2025-11-05 17:55:48,411 [ERROR] LogOutputStream:75 - [STDERR_REDIRECT] 
2025-11-05 17:55:49,393 [ERROR] LogOutputStream:75 - [STDERR_REDIRECT] [Fatal Error] :1:1: Premature end of file.
2025-11-05 17:55:49,394 [ERROR] LogOutputStream:75 - [STDERR_REDIRECT] 
2025-11-05 17:55:50,396 [ERROR] LogOutputStream:75 - [STDERR_REDIRECT] [Fatal Error] :1:1: Premature end of file.
2025-11-05 17:55:50,397 [ERROR] LogOutputStream:75 - [STDERR_REDIRECT] 
2025-11-05 17:55:51,397 [ERROR] LogOutputStream:75 - [STDERR_REDIRECT] [Fatal Error] :1:1: Premature end of file.
2025-11-05 17:55:51,398 [ERROR] LogOutputStream:75 - [STDERR_REDIRECT] 
2025-11-05 17:55:52,406 [ERROR] LogOutputStream:75 - [STDERR_REDIRECT] [Fatal Error] :1:1: Premature end of file.
2025-11-05 17:55:52,407 [ERROR] LogOutputStream:75 - [STDERR_REDIRECT] 
2025-11-05 17:55:53,400 [ERROR] LogOutputStream:75 - [STDERR_REDIRECT] [Fatal Error] :1:1: Premature end of file.
2025-11-05 17:55:53,400 [ERROR] LogOutputStream:75 - [STDERR_REDIRECT] 
2025-11-05 17:55:54,414 [ERROR] LogOutputStream:75 - [STDERR_REDIRECT] [Fatal Error] :1:1: Premature end of file.
2025-11-05 17:55:54,414 [ERROR] LogOutputStream:75 - [STDERR_REDIRECT] 
2025-11-05 17:55:55,399 [ERROR] LogOutputStream:75 - [STDERR_REDIRECT] [Fatal Error] :1:1: Premature end of file.
2025-11-05 17:55:55,399 [ERROR] LogOutputStream:75 - [STDERR_REDIRECT] 
2025-11-05 17:55:56,393 [ERROR] LogOutputStream:75 - [STDERR_REDIRECT] [Fatal Error] :1:1: Premature end of file.
2025-11-05 17:55:56,394 [ERROR] LogOutputStream:75 - [STDERR_REDIRECT] 
2025-11-05 17:55:57,417 [ERROR] LogOutputStream:75 - [STDERR_REDIRECT] [Fatal Error] :1:1: Premature end of file.
2025-11-05 17:55:57,417 [ERROR] LogOutputStream:75 - [STDERR_REDIRECT] 
2025-11-05 17:55:58,398 [ERROR] LogOutputStream:75 - [STDERR_REDIRECT] [Fatal Error] :1:1: Premature end of file.
2025-11-05 17:55:58,398 [ERROR] LogOutputStream:75 - [STDERR_REDIRECT] 
2025-11-05 17:55:59,408 [ERROR] LogOutputStream:75 - [STDERR_REDIRECT] [Fatal Error] :1:1: Premature end of file.
2025-11-05 17:55:59,408 [ERROR] LogOutputStream:75 - [STDERR_REDIRECT] 
2025-11-05 17:56:00,412 [ERROR] LogOutputStream:75 - [STDERR_REDIRECT] [Fatal Error] :1:1: Premature end of file.
2025-11-05 17:56:00,412 [ERROR] LogOutputStream:75 - [STDERR_REDIRECT] 
2025-11-05 17:56:01,409 [ERROR] LogOutputStream:75 - [STDERR_REDIRECT] [Fatal Error] :1:1: Premature end of file.
2025-11-05 17:56:01,410 [ERROR] LogOutputStream:75 - [STDERR_REDIRECT] 
2025-11-05 17:56:02,400 [ERROR] LogOutputStream:75 - [STDERR_REDIRECT] [Fatal Error] :1:1: Premature end of file.
2025-11-05 17:56:02,400 [ERROR] LogOutputStream:75 - [STDERR_REDIRECT] 
2025-11-05 17:56:03,393 [ERROR] LogOutputStream:75 - [STDERR_REDIRECT] [Fatal Error] :1:1: Premature end of file.
2025-11-05 17:56:03,393 [ERROR] LogOutputStream:75 - [STDERR_REDIRECT] 
2025-11-05 17:56:04,401 [ERROR] LogOutputStream:75 - [STDERR_REDIRECT] [Fatal Error] :1:1: Premature end of file.
2025-11-05 17:56:04,401 [ERROR] LogOutputStream:75 - [STDERR_REDIRECT] 
2025-11-05 17:56:05,396 [ERROR] LogOutputStream:75 - [STDERR_REDIRECT] [Fatal Error] :1:1: Premature end of file.
2025-11-05 17:56:05,397 [ERROR] LogOutputStream:75 - [STDERR_REDIRECT] 
2025-11-05 17:56:06,404 [ERROR] LogOutputStream:75 - [STDERR_REDIRECT] [Fatal Error] :1:1: Premature end of file.
2025-11-05 17:56:06,404 [ERROR] LogOutputStream:75 - [STDERR_REDIRECT] 
2025-11-05 17:56:07,398 [ERROR] LogOutputStream:75 - [STDERR_REDIRECT] [Fatal Error] :1:1: Premature end of file.
2025-11-05 17:56:07,398 [ERROR] LogOutputStream:75 - [STDERR_REDIRECT] 
2025-11-05 17:56:08,412 [ERROR] LogOutputStream:75 - [STDERR_REDIRECT] [Fatal Error] :1:1: Premature end of file.
2025-11-05 17:56:08,413 [ERROR] LogOutputStream:75 - [STDERR_REDIRECT] 
2025-11-05 17:56:09,388 [ERROR] LogOutputStream:75 - [STDERR_REDIRECT] [Fatal Error] :1:1: Premature end of file.
2025-11-05 17:56:09,389 [ERROR] LogOutputStream:75 - [STDERR_REDIRECT] 
2025-11-05 17:56:10,413 [ERROR] LogOutputStream:75 - [STDERR_REDIRECT] [Fatal Error] :1:1: Premature end of file.
2025-11-05 17:56:10,413 [ERROR] LogOutputStream:75 - [STDERR_REDIRECT] 
2025-11-05 17:56:11,404 [ERROR] LogOutputStream:75 - [STDERR_REDIRECT] [Fatal Error] :1:1: Premature end of file.
2025-11-05 17:56:11,405 [ERROR] LogOutputStream:75 - [STDERR_REDIRECT] 
2025-11-05 17:56:12,391 [ERROR] LogOutputStream:75 - [STDERR_REDIRECT] [Fatal Error] :1:1: Premature end of file.
2025-11-05 17:56:12,391 [ERROR] LogOutputStream:75 - [STDERR_REDIRECT] 
2025-11-05 17:56:13,405 [ERROR] LogOutputStream:75 - [STDERR_REDIRECT] [Fatal Error] :1:1: Premature end of file.
2025-11-05 17:56:13,405 [ERROR] LogOutputStream:75 - [STDERR_REDIRECT] 
2025-11-05 17:56:14,394 [ERROR] LogOutputStream:75 - [STDERR_REDIRECT] [Fatal Error] :1:1: Premature end of file.
2025-11-05 17:56:14,395 [ERROR] LogOutputStream:75 - [STDERR_REDIRECT] 
2025-11-05 17:56:15,401 [ERROR] LogOutputStream:75 - [STDERR_REDIRECT] [Fatal Error] :1:1: Premature end of file.
2025-11-05 17:56:15,401 [ERROR] LogOutputStream:75 - [STDERR_REDIRECT] 
2025-11-05 17:56:16,414 [ERROR] LogOutputStream:75 - [STDERR_REDIRECT] [Fatal Error] :1:1: Premature end of file.
2025-11-05 17:56:16,414 [ERROR] LogOutputStream:75 - [STDERR_REDIRECT] 
2025-11-05 17:56:17,407 [ERROR] LogOutputStream:75 - [STDERR_REDIRECT] [Fatal Error] :1:1: Premature end of file.
2025-11-05 17:56:17,407 [ERROR] LogOutputStream:75 - [STDERR_REDIRECT] 
2025-11-05 17:56:18,400 [ERROR] LogOutputStream:75 - [STDERR_REDIRECT] [Fatal Error] :1:1: Premature end of file.
2025-11-05 17:56:18,400 [ERROR] LogOutputStream:75 - [STDERR_REDIRECT] 
2025-11-05 17:56:19,402 [ERROR] LogOutputStream:75 - [STDERR_REDIRECT] [Fatal Error] :1:1: Premature end of file.
2025-11-05 17:56:19,402 [ERROR] LogOutputStream:75 - [STDERR_REDIRECT] 
2025-11-05 17:56:20,395 [ERROR] LogOutputStream:75 - [STDERR_REDIRECT] [Fatal Error] :1:1: Premature end of file.
2025-11-05 17:56:20,395 [ERROR] LogOutputStream:75 - [STDERR_REDIRECT] 
2025-11-05 17:56:21,389 [ERROR] LogOutputStream:75 - [STDERR_REDIRECT] [Fatal Error] :1:1: Premature end of file.
2025-11-05 17:56:21,389 [ERROR] LogOutputStream:75 - [STDERR_REDIRECT] 
2025-11-05 17:56:22,415 [ERROR] LogOutputStream:75 - [STDERR_REDIRECT] [Fatal Error] :1:1: Premature end of file.
2025-11-05 17:56:22,415 [ERROR] LogOutputStream:75 - [STDERR_REDIRECT] 
2025-11-05 17:56:23,404 [ERROR] LogOutputStream:75 - [STDERR_REDIRECT] [Fatal Error] :1:1: Premature end of file.
2025-11-05 17:56:23,405 [ERROR] LogOutputStream:75 - [STDERR_REDIRECT] 
2025-11-05 17:56:24,396 [ERROR] LogOutputStream:75 - [STDERR_REDIRECT] [Fatal Error] :1:1: Premature end of file.
2025-11-05 17:56:24,397 [ERROR] LogOutputStream:75 - [STDERR_REDIRECT] 
2025-11-05 17:56:25,401 [ERROR] LogOutputStream:75 - [STDERR_REDIRECT] [Fatal Error] :1:1: Premature end of file.
2025-11-05 17:56:25,401 [ERROR] LogOutputStream:75 - [STDERR_REDIRECT] 
2025-11-05 17:56:26,397 [ERROR] LogOutputStream:75 - [STDERR_REDIRECT] [Fatal Error] :1:1: Premature end of file.
2025-11-05 17:56:26,397 [ERROR] LogOutputStream:75 - [STDERR_REDIRECT] 
2025-11-05 17:56:27,390 [ERROR] LogOutputStream:75 - [STDERR_REDIRECT] [Fatal Error] :1:1: Premature end of file.
2025-11-05 17:56:27,391 [ERROR] LogOutputStream:75 - [STDERR_REDIRECT] 
2025-11-05 17:56:28,426 [ERROR] LogOutputStream:75 - [STDERR_REDIRECT] [Fatal Error] :1:1: Premature end of file.
2025-11-05 17:56:28,426 [ERROR] LogOutputStream:75 - [STDERR_REDIRECT] 
2025-11-05 17:56:29,416 [ERROR] LogOutputStream:75 - [STDERR_REDIRECT] [Fatal Error] :1:1: Premature end of file.
2025-11-05 17:56:29,417 [ERROR] LogOutputStream:75 - [STDERR_REDIRECT] 
2025-11-05 17:56:30,408 [ERROR] LogOutputStream:75 - [STDERR_REDIRECT] [Fatal Error] :1:1: Premature end of file.
2025-11-05 17:56:30,409 [ERROR] LogOutputStream:75 - [STDERR_REDIRECT] 
2025-11-05 17:56:31,399 [ERROR] LogOutputStream:75 - [STDERR_REDIRECT] [Fatal Error] :1:1: Premature end of file.
2025-11-05 17:56:31,399 [ERROR] LogOutputStream:75 - [STDERR_REDIRECT] 
2025-11-05 17:56:32,411 [ERROR] LogOutputStream:75 - [STDERR_REDIRECT] [Fatal Error] :1:1: Premature end of file.
2025-11-05 17:56:32,411 [ERROR] LogOutputStream:75 - [STDERR_REDIRECT] 
2025-11-05 17:56:33,397 [ERROR] LogOutputStream:75 - [STDERR_REDIRECT] [Fatal Error] :1:1: Premature end of file.
2025-11-05 17:56:33,397 [ERROR] LogOutputStream:75 - [STDERR_REDIRECT] 
2025-11-05 17:56:34,406 [ERROR] LogOutputStream:75 - [STDERR_REDIRECT] [Fatal Error] :1:1: Premature end of file.
2025-11-05 17:56:34,407 [ERROR] LogOutputStream:75 - [STDERR_REDIRECT] 
2025-11-05 17:56:35,393 [ERROR] LogOutputStream:75 - [STDERR_REDIRECT] [Fatal Error] :1:1: Premature end of file.
2025-11-05 17:56:35,393 [ERROR] LogOutputStream:75 - [STDERR_REDIRECT] 
2025-11-05 17:56:36,392 [ERROR] LogOutputStream:75 - [STDERR_REDIRECT] [Fatal Error] :1:1: Premature end of file.
2025-11-05 17:56:36,392 [ERROR] LogOutputStream:75 - [STDERR_REDIRECT] 
2025-11-05 17:56:37,401 [ERROR] LogOutputStream:75 - [STDERR_REDIRECT] [Fatal Error] :1:1: Premature end of file.
2025-11-05 17:56:37,401 [ERROR] LogOutputStream:75 - [STDERR_REDIRECT] 
2025-11-05 17:56:38,393 [ERROR] LogOutputStream:75 - [STDERR_REDIRECT] [Fatal Error] :1:1: Premature end of file.
2025-11-05 17:56:38,393 [ERROR] LogOutputStream:75 - [STDERR_REDIRECT] 
2025-11-05 17:56:39,404 [ERROR] LogOutputStream:75 - [STDERR_REDIRECT] [Fatal Error] :1:1: Premature end of file.
2025-11-05 17:56:39,405 [ERROR] LogOutputStream:75 - [STDERR_REDIRECT] 
2025-11-05 17:56:40,393 [ERROR] LogOutputStream:75 - [STDERR_REDIRECT] [Fatal Error] :1:1: Premature end of file.
2025-11-05 17:56:40,393 [ERROR] LogOutputStream:75 - [STDERR_REDIRECT] 
2025-11-05 17:56:41,405 [ERROR] LogOutputStream:75 - [STDERR_REDIRECT] [Fatal Error] :1:1: Premature end of file.
2025-11-05 17:56:41,406 [ERROR] LogOutputStream:75 - [STDERR_REDIRECT] 
2025-11-05 17:56:42,400 [ERROR] LogOutputStream:75 - [STDERR_REDIRECT] [Fatal Error] :1:1: Premature end of file.
2025-11-05 17:56:42,400 [ERROR] LogOutputStream:75 - [STDERR_REDIRECT] 
2025-11-05 17:56:43,396 [ERROR] LogOutputStream:75 - [STDERR_REDIRECT] [Fatal Error] :1:1: Premature end of file.
2025-11-05 17:56:43,397 [ERROR] LogOutputStream:75 - [STDERR_REDIRECT] 
2025-11-05 17:56:44,409 [ERROR] LogOutputStream:75 - [STDERR_REDIRECT] [Fatal Error] :1:1: Premature end of file.
2025-11-05 17:56:44,409 [ERROR] LogOutputStream:75 - [STDERR_REDIRECT] 
2025-11-05 17:56:45,404 [ERROR] LogOutputStream:75 - [STDERR_REDIRECT] [Fatal Error] :1:1: Premature end of file.
2025-11-05 17:56:45,405 [ERROR] LogOutputStream:75 - [STDERR_REDIRECT] 
2025-11-05 17:56:46,435 [ERROR] LogOutputStream:75 - [STDERR_REDIRECT] [Fatal Error] :1:1: Premature end of file.
2025-11-05 17:56:46,435 [ERROR] LogOutputStream:75 - [STDERR_REDIRECT] 
2025-11-05 17:56:47,402 [ERROR] LogOutputStream:75 - [STDERR_REDIRECT] [Fatal Error] :1:1: Premature end of file.
2025-11-05 17:56:47,402 [ERROR] LogOutputStream:75 - [STDERR_REDIRECT] 
2025-11-05 17:56:48,389 [ERROR] LogOutputStream:75 - [STDERR_REDIRECT] [Fatal Error] :1:1: Premature end of file.
2025-11-05 17:56:48,389 [ERROR] LogOutputStream:75 - [STDERR_REDIRECT] 
2025-11-05 17:56:49,394 [ERROR] LogOutputStream:75 - [STDERR_REDIRECT] [Fatal Error] :1:1: Premature end of file.
2025-11-05 17:56:49,396 [ERROR] LogOutputStream:75 - [STDERR_REDIRECT] 
2025-11-05 17:56:50,402 [ERROR] LogOutputStream:75 - [STDERR_REDIRECT] [Fatal Error] :1:1: Premature end of file.
2025-11-05 17:56:50,403 [ERROR] LogOutputStream:75 - [STDERR_REDIRECT] 
2025-11-05 17:56:51,401 [ERROR] LogOutputStream:75 - [STDERR_REDIRECT] [Fatal Error] :1:1: Premature end of file.
2025-11-05 17:56:51,402 [ERROR] LogOutputStream:75 - [STDERR_REDIRECT] 
2025-11-05 17:56:52,397 [ERROR] LogOutputStream:75 - [STDERR_REDIRECT] [Fatal Error] :1:1: Premature end of file.
2025-11-05 17:56:52,397 [ERROR] LogOutputStream:75 - [STDERR_REDIRECT] 
2025-11-05 17:56:53,408 [ERROR] LogOutputStream:75 - [STDERR_REDIRECT] [Fatal Error] :1:1: Premature end of file.
2025-11-05 17:56:53,408 [ERROR] LogOutputStream:75 - [STDERR_REDIRECT] 
2025-11-05 17:56:54,400 [ERROR] LogOutputStream:75 - [STDERR_REDIRECT] [Fatal Error] :1:1: Premature end of file.
2025-11-05 17:56:54,400 [ERROR] LogOutputStream:75 - [STDERR_REDIRECT] 
2025-11-05 17:56:55,397 [ERROR] LogOutputStream:75 - [STDERR_REDIRECT] [Fatal Error] :1:1: Premature end of file.
2025-11-05 17:56:55,398 [ERROR] LogOutputStream:75 - [STDERR_REDIRECT] 
2025-11-05 17:56:56,409 [ERROR] LogOutputStream:75 - [STDERR_REDIRECT] [Fatal Error] :1:1: Premature end of file.
2025-11-05 17:56:56,409 [ERROR] LogOutputStream:75 - [STDERR_REDIRECT] 
2025-11-05 17:56:57,398 [ERROR] LogOutputStream:75 - [STDERR_REDIRECT] [Fatal Error] :1:1: Premature end of file.
2025-11-05 17:56:57,398 [ERROR] LogOutputStream:75 - [STDERR_REDIRECT] 
2025-11-05 17:56:58,394 [ERROR] LogOutputStream:75 - [STDERR_REDIRECT] [Fatal Error] :1:1: Premature end of file.
2025-11-05 17:56:58,394 [ERROR] LogOutputStream:75 - [STDERR_REDIRECT] 
2025-11-05 17:56:59,408 [ERROR] LogOutputStream:75 - [STDERR_REDIRECT] [Fatal Error] :1:1: Premature end of file.
2025-11-05 17:56:59,408 [ERROR] LogOutputStream:75 - [STDERR_REDIRECT] 
2025-11-05 17:57:00,401 [ERROR] LogOutputStream:75 - [STDERR_REDIRECT] [Fatal Error] :1:1: Premature end of file.
2025-11-05 17:57:00,402 [ERROR] LogOutputStream:75 - [STDERR_REDIRECT] 
2025-11-05 17:57:01,393 [ERROR] LogOutputStream:75 - [STDERR_REDIRECT] [Fatal Error] :1:1: Premature end of file.
2025-11-05 17:57:01,393 [ERROR] LogOutputStream:75 - [STDERR_REDIRECT] 
2025-11-05 17:57:02,395 [ERROR] LogOutputStream:75 - [STDERR_REDIRECT] [Fatal Error] :1:1: Premature end of file.
2025-11-05 17:57:02,395 [ERROR] LogOutputStream:75 - [STDERR_REDIRECT] 
2025-11-05 17:57:03,391 [ERROR] LogOutputStream:75 - [STDERR_REDIRECT] [Fatal Error] :1:1: Premature end of file.
2025-11-05 17:57:03,391 [ERROR] LogOutputStream:75 - [STDERR_REDIRECT] 
2025-11-05 17:57:04,401 [ERROR] LogOutputStream:75 - [STDERR_REDIRECT] [Fatal Error] :1:1: Premature end of file.
2025-11-05 17:57:04,402 [ERROR] LogOutputStream:75 - [STDERR_REDIRECT] 
2025-11-05 17:57:05,404 [ERROR] LogOutputStream:75 - [STDERR_REDIRECT] [Fatal Error] :1:1: Premature end of file.
2025-11-05 17:57:05,405 [ERROR] LogOutputStream:75 - [STDERR_REDIRECT] 
2025-11-05 17:57:06,390 [ERROR] LogOutputStream:75 - [STDERR_REDIRECT] [Fatal Error] :1:1: Premature end of file.
2025-11-05 17:57:06,391 [ERROR] LogOutputStream:75 - [STDERR_REDIRECT] 
2025-11-05 17:57:07,396 [ERROR] LogOutputStream:75 - [STDERR_REDIRECT] [Fatal Error] :1:1: Premature end of file.
2025-11-05 17:57:07,397 [ERROR] LogOutputStream:75 - [STDERR_REDIRECT] 
2025-11-05 17:57:08,397 [ERROR] LogOutputStream:75 - [STDERR_REDIRECT] [Fatal Error] :1:1: Premature end of file.
2025-11-05 17:57:08,397 [ERROR] LogOutputStream:75 - [STDERR_REDIRECT] 
2025-11-05 17:57:09,410 [ERROR] LogOutputStream:75 - [STDERR_REDIRECT] [Fatal Error] :1:1: Premature end of file.
2025-11-05 17:57:09,411 [ERROR] LogOutputStream:75 - [STDERR_REDIRECT] 
2025-11-05 17:57:10,403 [ERROR] LogOutputStream:75 - [STDERR_REDIRECT] [Fatal Error] :1:1: Premature end of file.
2025-11-05 17:57:10,403 [ERROR] LogOutputStream:75 - [STDERR_REDIRECT] 
2025-11-05 17:57:11,402 [ERROR] LogOutputStream:75 - [STDERR_REDIRECT] [Fatal Error] :1:1: Premature end of file.
2025-11-05 17:57:11,403 [ERROR] LogOutputStream:75 - [STDERR_REDIRECT] 
2025-11-05 17:57:12,404 [ERROR] LogOutputStream:75 - [STDERR_REDIRECT] [Fatal Error] :1:1: Premature end of file.
2025-11-05 17:57:12,405 [ERROR] LogOutputStream:75 - [STDERR_REDIRECT] 
2025-11-05 17:57:13,392 [ERROR] LogOutputStream:75 - [STDERR_REDIRECT] [Fatal Error] :1:1: Premature end of file.
2025-11-05 17:57:13,393 [ERROR] LogOutputStream:75 - [STDERR_REDIRECT] 
2025-11-05 17:57:14,409 [ERROR] LogOutputStream:75 - [STDERR_REDIRECT] [Fatal Error] :1:1: Premature end of file.
2025-11-05 17:57:14,410 [ERROR] LogOutputStream:75 - [STDERR_REDIRECT] 
2025-11-05 17:57:15,399 [ERROR] LogOutputStream:75 - [STDERR_REDIRECT] [Fatal Error] :1:1: Premature end of file.
2025-11-05 17:57:15,399 [ERROR] LogOutputStream:75 - [STDERR_REDIRECT] 
2025-11-05 17:57:16,404 [ERROR] LogOutputStream:75 - [STDERR_REDIRECT] [Fatal Error] :1:1: Premature end of file.
2025-11-05 17:57:16,404 [ERROR] LogOutputStream:75 - [STDERR_REDIRECT] 
2025-11-05 17:57:17,395 [ERROR] LogOutputStream:75 - [STDERR_REDIRECT] [Fatal Error] :1:1: Premature end of file.
2025-11-05 17:57:17,395 [ERROR] LogOutputStream:75 - [STDERR_REDIRECT] 
2025-11-05 17:57:18,401 [ERROR] LogOutputStream:75 - [STDERR_REDIRECT] [Fatal Error] :1:1: Premature end of file.
2025-11-05 17:57:18,402 [ERROR] LogOutputStream:75 - [STDERR_REDIRECT] 
2025-11-05 17:57:19,388 [ERROR] LogOutputStream:75 - [STDERR_REDIRECT] [Fatal Error] :1:1: Premature end of file.
2025-11-05 17:57:19,389 [ERROR] LogOutputStream:75 - [STDERR_REDIRECT] 
2025-11-05 17:57:20,393 [ERROR] LogOutputStream:75 - [STDERR_REDIRECT] [Fatal Error] :1:1: Premature end of file.
2025-11-05 17:57:20,393 [ERROR] LogOutputStream:75 - [STDERR_REDIRECT] 
2025-11-05 17:57:21,394 [ERROR] LogOutputStream:75 - [STDERR_REDIRECT] [Fatal Error] :1:1: Premature end of file.
2025-11-05 17:57:21,394 [ERROR] LogOutputStream:75 - [STDERR_REDIRECT] 
2025-11-05 17:57:22,401 [ERROR] LogOutputStream:75 - [STDERR_REDIRECT] [Fatal Error] :1:1: Premature end of file.
2025-11-05 17:57:22,401 [ERROR] LogOutputStream:75 - [STDERR_REDIRECT] 
2025-11-05 17:57:23,400 [ERROR] LogOutputStream:75 - [STDERR_REDIRECT] [Fatal Error] :1:1: Premature end of file.
2025-11-05 17:57:23,401 [ERROR] LogOutputStream:75 - [STDERR_REDIRECT] 
2025-11-05 17:57:24,411 [ERROR] LogOutputStream:75 - [STDERR_REDIRECT] [Fatal Error] :1:1: Premature end of file.
2025-11-05 17:57:24,412 [ERROR] LogOutputStream:75 - [STDERR_REDIRECT] 
2025-11-05 17:57:25,399 [ERROR] LogOutputStream:75 - [STDERR_REDIRECT] [Fatal Error] :1:1: Premature end of file.
2025-11-05 17:57:25,399 [ERROR] LogOutputStream:75 - [STDERR_REDIRECT] 
2025-11-05 17:57:26,390 [ERROR] LogOutputStream:75 - [STDERR_REDIRECT] [Fatal Error] :1:1: Premature end of file.
2025-11-05 17:57:26,391 [ERROR] LogOutputStream:75 - [STDERR_REDIRECT] 
2025-11-05 17:57:27,416 [ERROR] LogOutputStream:75 - [STDERR_REDIRECT] [Fatal Error] :1:1: Premature end of file.
2025-11-05 17:57:27,417 [ERROR] LogOutputStream:75 - [STDERR_REDIRECT] 
2025-11-05 17:57:28,393 [ERROR] LogOutputStream:75 - [STDERR_REDIRECT] [Fatal Error] :1:1: Premature end of file.
2025-11-05 17:57:28,393 [ERROR] LogOutputStream:75 - [STDERR_REDIRECT] 
2025-11-05 17:57:29,392 [ERROR] LogOutputStream:75 - [STDERR_REDIRECT] [Fatal Error] :1:1: Premature end of file.
2025-11-05 17:57:29,393 [ERROR] LogOutputStream:75 - [STDERR_REDIRECT] 
2025-11-05 17:57:30,397 [ERROR] LogOutputStream:75 - [STDERR_REDIRECT] [Fatal Error] :1:1: Premature end of file.
2025-11-05 17:57:30,398 [ERROR] LogOutputStream:75 - [STDERR_REDIRECT] 
2025-11-05 17:57:31,389 [ERROR] LogOutputStream:75 - [STDERR_REDIRECT] [Fatal Error] :1:1: Premature end of file.
2025-11-05 17:57:31,391 [ERROR] LogOutputStream:75 - [STDERR_REDIRECT] 
2025-11-05 17:57:32,409 [ERROR] LogOutputStream:75 - [STDERR_REDIRECT] [Fatal Error] :1:1: Premature end of file.
2025-11-05 17:57:32,410 [ERROR] LogOutputStream:75 - [STDERR_REDIRECT] 
2025-11-05 17:57:33,404 [ERROR] LogOutputStream:75 - [STDERR_REDIRECT] [Fatal Error] :1:1: Premature end of file.
2025-11-05 17:57:33,404 [ERROR] LogOutputStream:75 - [STDERR_REDIRECT] 
2025-11-05 17:57:34,398 [ERROR] LogOutputStream:75 - [STDERR_REDIRECT] [Fatal Error] :1:1: Premature end of file.
2025-11-05 17:57:34,398 [ERROR] LogOutputStream:75 - [STDERR_REDIRECT] 
2025-11-05 17:57:35,386 [ERROR] LogOutputStream:75 - [STDERR_REDIRECT] [Fatal Error] :1:1: Premature end of file.
2025-11-05 17:57:35,387 [ERROR] LogOutputStream:75 - [STDERR_REDIRECT] 
2025-11-05 17:57:36,401 [ERROR] LogOutputStream:75 - [STDERR_REDIRECT] [Fatal Error] :1:1: Premature end of file.
2025-11-05 17:57:36,402 [ERROR] LogOutputStream:75 - [STDERR_REDIRECT] 
2025-11-05 17:57:37,372 [ERROR] LogOutputStream:75 - [STDERR_REDIRECT] [Fatal Error] :1:1: Premature end of file.
2025-11-05 17:57:37,372 [ERROR] LogOutputStream:75 - [STDERR_REDIRECT] 
2025-11-05 17:57:38,427 [ERROR] LogOutputStream:75 - [STDERR_REDIRECT] [Fatal Error] :1:1: Premature end of file.
2025-11-05 17:57:38,428 [ERROR] LogOutputStream:75 - [STDERR_REDIRECT] 
2025-11-05 17:57:39,395 [ERROR] LogOutputStream:75 - [STDERR_REDIRECT] [Fatal Error] :1:1: Premature end of file.
2025-11-05 17:57:39,395 [ERROR] LogOutputStream:75 - [STDERR_REDIRECT] 
2025-11-05 17:57:40,403 [ERROR] LogOutputStream:75 - [STDERR_REDIRECT] [Fatal Error] :1:1: Premature end of file.
2025-11-05 17:57:40,404 [ERROR] LogOutputStream:75 - [STDERR_REDIRECT] 
2025-11-05 17:57:41,416 [ERROR] LogOutputStream:75 - [STDERR_REDIRECT] [Fatal Error] :1:1: Premature end of file.
2025-11-05 17:57:41,417 [ERROR] LogOutputStream:75 - [STDERR_REDIRECT] 
2025-11-05 17:57:42,404 [ERROR] LogOutputStream:75 - [STDERR_REDIRECT] [Fatal Error] :1:1: Premature end of file.
2025-11-05 17:57:42,404 [ERROR] LogOutputStream:75 - [STDERR_REDIRECT] 
2025-11-05 17:57:43,401 [ERROR] LogOutputStream:75 - [STDERR_REDIRECT] [Fatal Error] :1:1: Premature end of file.
2025-11-05 17:57:43,402 [ERROR] LogOutputStream:75 - [STDERR_REDIRECT] 
2025-11-05 17:57:44,395 [ERROR] LogOutputStream:75 - [STDERR_REDIRECT] [Fatal Error] :1:1: Premature end of file.
2025-11-05 17:57:44,395 [ERROR] LogOutputStream:75 - [STDERR_REDIRECT] 
2025-11-05 17:57:45,397 [ERROR] LogOutputStream:75 - [STDERR_REDIRECT] [Fatal Error] :1:1: Premature end of file.
2025-11-05 17:57:45,397 [ERROR] LogOutputStream:75 - [STDERR_REDIRECT] 
2025-11-05 17:57:46,393 [ERROR] LogOutputStream:75 - [STDERR_REDIRECT] [Fatal Error] :1:1: Premature end of file.
2025-11-05 17:57:46,394 [ERROR] LogOutputStream:75 - [STDERR_REDIRECT] 
2025-11-05 17:57:47,403 [ERROR] LogOutputStream:75 - [STDERR_REDIRECT] [Fatal Error] :1:1: Premature end of file.
2025-11-05 17:57:47,404 [ERROR] LogOutputStream:75 - [STDERR_REDIRECT] 
2025-11-05 17:57:48,401 [ERROR] LogOutputStream:75 - [STDERR_REDIRECT] [Fatal Error] :1:1: Premature end of file.
2025-11-05 17:57:48,401 [ERROR] LogOutputStream:75 - [STDERR_REDIRECT] 
2025-11-05 17:57:49,396 [ERROR] LogOutputStream:75 - [STDERR_REDIRECT] [Fatal Error] :1:1: Premature end of file.
2025-11-05 17:57:49,397 [ERROR] LogOutputStream:75 - [STDERR_REDIRECT] 
2025-11-05 17:57:50,407 [ERROR] LogOutputStream:75 - [STDERR_REDIRECT] [Fatal Error] :1:1: Premature end of file.
2025-11-05 17:57:50,408 [ERROR] LogOutputStream:75 - [STDERR_REDIRECT] 
2025-11-05 17:57:51,395 [ERROR] LogOutputStream:75 - [STDERR_REDIRECT] [Fatal Error] :1:1: Premature end of file.
2025-11-05 17:57:51,396 [ERROR] LogOutputStream:75 - [STDERR_REDIRECT] 
2025-11-05 17:57:52,402 [ERROR] LogOutputStream:75 - [STDERR_REDIRECT] [Fatal Error] :1:1: Premature end of file.
2025-11-05 17:57:52,403 [ERROR] LogOutputStream:75 - [STDERR_REDIRECT] 
2025-11-05 17:57:53,398 [ERROR] LogOutputStream:75 - [STDERR_REDIRECT] [Fatal Error] :1:1: Premature end of file.
2025-11-05 17:57:53,398 [ERROR] LogOutputStream:75 - [STDERR_REDIRECT] 
2025-11-05 17:57:54,392 [ERROR] LogOutputStream:75 - [STDERR_REDIRECT] [Fatal Error] :1:1: Premature end of file.
2025-11-05 17:57:54,392 [ERROR] LogOutputStream:75 - [STDERR_REDIRECT] 
2025-11-05 17:57:55,412 [ERROR] LogOutputStream:75 - [STDERR_REDIRECT] [Fatal Error] :1:1: Premature end of file.
2025-11-05 17:57:55,412 [ERROR] LogOutputStream:75 - [STDERR_REDIRECT] 
2025-11-05 17:57:56,393 [ERROR] LogOutputStream:75 - [STDERR_REDIRECT] [Fatal Error] :1:1: Premature end of file.
2025-11-05 17:57:56,393 [ERROR] LogOutputStream:75 - [STDERR_REDIRECT] 
2025-11-05 17:57:57,407 [ERROR] LogOutputStream:75 - [STDERR_REDIRECT] [Fatal Error] :1:1: Premature end of file.
2025-11-05 17:57:57,407 [ERROR] LogOutputStream:75 - [STDERR_REDIRECT] 
2025-11-05 17:57:58,395 [ERROR] LogOutputStream:75 - [STDERR_REDIRECT] [Fatal Error] :1:1: Premature end of file.
2025-11-05 17:57:58,395 [ERROR] LogOutputStream:75 - [STDERR_REDIRECT] 
2025-11-05 17:57:59,396 [ERROR] LogOutputStream:75 - [STDERR_REDIRECT] [Fatal Error] :1:1: Premature end of file.
2025-11-05 17:57:59,397 [ERROR] LogOutputStream:75 - [STDERR_REDIRECT] 
2025-11-05 17:58:00,412 [ERROR] LogOutputStream:75 - [STDERR_REDIRECT] [Fatal Error] :1:1: Premature end of file.
2025-11-05 17:58:00,412 [ERROR] LogOutputStream:75 - [STDERR_REDIRECT] 
2025-11-05 17:58:01,420 [ERROR] LogOutputStream:75 - [STDERR_REDIRECT] [Fatal Error] :1:1: Premature end of file.
2025-11-05 17:58:01,420 [ERROR] LogOutputStream:75 - [STDERR_REDIRECT] 
2025-11-05 17:58:02,401 [ERROR] LogOutputStream:75 - [STDERR_REDIRECT] [Fatal Error] :1:1: Premature end of file.
2025-11-05 17:58:02,402 [ERROR] LogOutputStream:75 - [STDERR_REDIRECT] 
2025-11-05 17:58:03,397 [ERROR] LogOutputStream:75 - [STDERR_REDIRECT] [Fatal Error] :1:1: Premature end of file.
2025-11-05 17:58:03,398 [ERROR] LogOutputStream:75 - [STDERR_REDIRECT] 
2025-11-05 17:58:04,390 [ERROR] LogOutputStream:75 - [STDERR_REDIRECT] [Fatal Error] :1:1: Premature end of file.
2025-11-05 17:58:04,391 [ERROR] LogOutputStream:75 - [STDERR_REDIRECT] 
2025-11-05 17:58:05,400 [ERROR] LogOutputStream:75 - [STDERR_REDIRECT] [Fatal Error] :1:1: Premature end of file.
2025-11-05 17:58:05,400 [ERROR] LogOutputStream:75 - [STDERR_REDIRECT] 
2025-11-05 17:58:06,390 [ERROR] LogOutputStream:75 - [STDERR_REDIRECT] [Fatal Error] :1:1: Premature end of file.
2025-11-05 17:58:06,391 [ERROR] LogOutputStream:75 - [STDERR_REDIRECT] 
2025-11-05 17:58:07,409 [ERROR] LogOutputStream:75 - [STDERR_REDIRECT] [Fatal Error] :1:1: Premature end of file.
2025-11-05 17:58:07,409 [ERROR] LogOutputStream:75 - [STDERR_REDIRECT] 
2025-11-05 17:58:08,392 [ERROR] LogOutputStream:75 - [STDERR_REDIRECT] [Fatal Error] :1:1: Premature end of file.
2025-11-05 17:58:08,393 [ERROR] LogOutputStream:75 - [STDERR_REDIRECT] 
2025-11-05 17:58:09,402 [ERROR] LogOutputStream:75 - [STDERR_REDIRECT] [Fatal Error] :1:1: Premature end of file.
2025-11-05 17:58:09,402 [ERROR] LogOutputStream:75 - [STDERR_REDIRECT] 
2025-11-05 17:58:10,409 [ERROR] LogOutputStream:75 - [STDERR_REDIRECT] [Fatal Error] :1:1: Premature end of file.
2025-11-05 17:58:10,409 [ERROR] LogOutputStream:75 - [STDERR_REDIRECT] 
2025-11-05 17:58:11,391 [ERROR] LogOutputStream:75 - [STDERR_REDIRECT] [Fatal Error] :1:1: Premature end of file.
2025-11-05 17:58:11,392 [ERROR] LogOutputStream:75 - [STDERR_REDIRECT] 
2025-11-05 17:58:12,405 [ERROR] LogOutputStream:75 - [STDERR_REDIRECT] [Fatal Error] :1:1: Premature end of file.
2025-11-05 17:58:12,406 [ERROR] LogOutputStream:75 - [STDERR_REDIRECT] 
2025-11-05 17:58:13,398 [ERROR] LogOutputStream:75 - [STDERR_REDIRECT] [Fatal Error] :1:1: Premature end of file.
2025-11-05 17:58:13,399 [ERROR] LogOutputStream:75 - [STDERR_REDIRECT] 
2025-11-05 17:58:14,392 [ERROR] LogOutputStream:75 - [STDERR_REDIRECT] [Fatal Error] :1:1: Premature end of file.
2025-11-05 17:58:14,392 [ERROR] LogOutputStream:75 - [STDERR_REDIRECT] 
2025-11-05 17:58:15,398 [ERROR] LogOutputStream:75 - [STDERR_REDIRECT] [Fatal Error] :1:1: Premature end of file.
2025-11-05 17:58:15,398 [ERROR] LogOutputStream:75 - [STDERR_REDIRECT] 
2025-11-05 17:58:16,395 [ERROR] LogOutputStream:75 - [STDERR_REDIRECT] [Fatal Error] :1:1: Premature end of file.
2025-11-05 17:58:16,396 [ERROR] LogOutputStream:75 - [STDERR_REDIRECT] 
2025-11-05 17:58:17,392 [ERROR] LogOutputStream:75 - [STDERR_REDIRECT] [Fatal Error] :1:1: Premature end of file.
2025-11-05 17:58:17,392 [ERROR] LogOutputStream:75 - [STDERR_REDIRECT] 
2025-11-05 17:58:18,404 [ERROR] LogOutputStream:75 - [STDERR_REDIRECT] [Fatal Error] :1:1: Premature end of file.
2025-11-05 17:58:18,405 [ERROR] LogOutputStream:75 - [STDERR_REDIRECT] 
2025-11-05 17:58:19,411 [ERROR] LogOutputStream:75 - [STDERR_REDIRECT] [Fatal Error] :1:1: Premature end of file.
2025-11-05 17:58:19,412 [ERROR] LogOutputStream:75 - [STDERR_REDIRECT] 
2025-11-05 17:58:20,389 [ERROR] LogOutputStream:75 - [STDERR_REDIRECT] [Fatal Error] :1:1: Premature end of file.
2025-11-05 17:58:20,389 [ERROR] LogOutputStream:75 - [STDERR_REDIRECT] 
2025-11-05 17:58:21,409 [ERROR] LogOutputStream:75 - [STDERR_REDIRECT] [Fatal Error] :1:1: Premature end of file.
2025-11-05 17:58:21,409 [ERROR] LogOutputStream:75 - [STDERR_REDIRECT] 
2025-11-05 17:58:22,395 [ERROR] LogOutputStream:75 - [STDERR_REDIRECT] [Fatal Error] :1:1: Premature end of file.
2025-11-05 17:58:22,395 [ERROR] LogOutputStream:75 - [STDERR_REDIRECT] 
2025-11-05 17:58:23,400 [ERROR] LogOutputStream:75 - [STDERR_REDIRECT] [Fatal Error] :1:1: Premature end of file.
2025-11-05 17:58:23,401 [ERROR] LogOutputStream:75 - [STDERR_REDIRECT] 
2025-11-05 17:58:24,390 [ERROR] LogOutputStream:75 - [STDERR_REDIRECT] [Fatal Error] :1:1: Premature end of file.
2025-11-05 17:58:24,390 [ERROR] LogOutputStream:75 - [STDERR_REDIRECT] 
2025-11-05 17:58:25,393 [ERROR] LogOutputStream:75 - [STDERR_REDIRECT] [Fatal Error] :1:1: Premature end of file.
2025-11-05 17:58:25,394 [ERROR] LogOutputStream:75 - [STDERR_REDIRECT] 
2025-11-05 17:58:26,395 [ERROR] LogOutputStream:75 - [STDERR_REDIRECT] [Fatal Error] :1:1: Premature end of file.
2025-11-05 17:58:26,395 [ERROR] LogOutputStream:75 - [STDERR_REDIRECT] 
2025-11-05 17:58:27,397 [ERROR] LogOutputStream:75 - [STDERR_REDIRECT] [Fatal Error] :1:1: Premature end of file.
2025-11-05 17:58:27,398 [ERROR] LogOutputStream:75 - [STDERR_REDIRECT] 
2025-11-05 17:58:28,400 [ERROR] LogOutputStream:75 - [STDERR_REDIRECT] [Fatal Error] :1:1: Premature end of file.
2025-11-05 17:58:28,401 [ERROR] LogOutputStream:75 - [STDERR_REDIRECT] 
2025-11-05 17:58:29,396 [ERROR] LogOutputStream:75 - [STDERR_REDIRECT] [Fatal Error] :1:1: Premature end of file.
2025-11-05 17:58:29,397 [ERROR] LogOutputStream:75 - [STDERR_REDIRECT] 
2025-11-05 17:58:30,401 [ERROR] LogOutputStream:75 - [STDERR_REDIRECT] [Fatal Error] :1:1: Premature end of file.
2025-11-05 17:58:30,402 [ERROR] LogOutputStream:75 - [STDERR_REDIRECT] 
2025-11-05 17:58:31,403 [ERROR] LogOutputStream:75 - [STDERR_REDIRECT] [Fatal Error] :1:1: Premature end of file.
2025-11-05 17:58:31,404 [ERROR] LogOutputStream:75 - [STDERR_REDIRECT] 
2025-11-05 17:58:32,391 [ERROR] LogOutputStream:75 - [STDERR_REDIRECT] [Fatal Error] :1:1: Premature end of file.
2025-11-05 17:58:32,391 [ERROR] LogOutputStream:75 - [STDERR_REDIRECT] 
2025-11-05 17:58:33,392 [ERROR] LogOutputStream:75 - [STDERR_REDIRECT] [Fatal Error] :1:1: Premature end of file.
2025-11-05 17:58:33,392 [ERROR] LogOutputStream:75 - [STDERR_REDIRECT] 
2025-11-05 17:58:34,443 [ERROR] LogOutputStream:75 - [STDERR_REDIRECT] [Fatal Error] :1:1: Premature end of file.
2025-11-05 17:58:34,443 [ERROR] LogOutputStream:75 - [STDERR_REDIRECT] 
2025-11-05 17:58:35,387 [ERROR] LogOutputStream:75 - [STDERR_REDIRECT] [Fatal Error] :1:1: Premature end of file.
2025-11-05 17:58:35,388 [ERROR] LogOutputStream:75 - [STDERR_REDIRECT] 
2025-11-05 17:58:36,404 [ERROR] LogOutputStream:75 - [STDERR_REDIRECT] [Fatal Error] :1:1: Premature end of file.
2025-11-05 17:58:36,404 [ERROR] LogOutputStream:75 - [STDERR_REDIRECT] 
2025-11-05 17:58:37,400 [ERROR] LogOutputStream:75 - [STDERR_REDIRECT] [Fatal Error] :1:1: Premature end of file.
2025-11-05 17:58:37,402 [ERROR] LogOutputStream:75 - [STDERR_REDIRECT] 
2025-11-05 17:58:38,416 [ERROR] LogOutputStream:75 - [STDERR_REDIRECT] [Fatal Error] :1:1: Premature end of file.
2025-11-05 17:58:38,416 [ERROR] LogOutputStream:75 - [STDERR_REDIRECT] 
2025-11-05 17:58:39,395 [ERROR] LogOutputStream:75 - [STDERR_REDIRECT] [Fatal Error] :1:1: Premature end of file.
2025-11-05 17:58:39,395 [ERROR] LogOutputStream:75 - [STDERR_REDIRECT] 
2025-11-05 17:58:40,388 [ERROR] LogOutputStream:75 - [STDERR_REDIRECT] [Fatal Error] :1:1: Premature end of file.
2025-11-05 17:58:40,388 [ERROR] LogOutputStream:75 - [STDERR_REDIRECT] 
2025-11-05 17:58:41,399 [ERROR] LogOutputStream:75 - [STDERR_REDIRECT] [Fatal Error] :1:1: Premature end of file.
2025-11-05 17:58:41,399 [ERROR] LogOutputStream:75 - [STDERR_REDIRECT] 
2025-11-05 17:58:42,412 [ERROR] LogOutputStream:75 - [STDERR_REDIRECT] [Fatal Error] :1:1: Premature end of file.
2025-11-05 17:58:42,434 [ERROR] LogOutputStream:75 - [STDERR_REDIRECT] 
2025-11-05 17:58:43,400 [ERROR] LogOutputStream:75 - [STDERR_REDIRECT] [Fatal Error] :1:1: Premature end of file.
2025-11-05 17:58:43,401 [ERROR] LogOutputStream:75 - [STDERR_REDIRECT] 
2025-11-05 17:58:44,388 [ERROR] LogOutputStream:75 - [STDERR_REDIRECT] [Fatal Error] :1:1: Premature end of file.
2025-11-05 17:58:44,389 [ERROR] LogOutputStream:75 - [STDERR_REDIRECT] 
2025-11-05 17:58:45,402 [ERROR] LogOutputStream:75 - [STDERR_REDIRECT] [Fatal Error] :1:1: Premature end of file.
2025-11-05 17:58:45,402 [ERROR] LogOutputStream:75 - [STDERR_REDIRECT] 
2025-11-05 17:58:46,404 [ERROR] LogOutputStream:75 - [STDERR_REDIRECT] [Fatal Error] :1:1: Premature end of file.
2025-11-05 17:58:46,405 [ERROR] LogOutputStream:75 - [STDERR_REDIRECT] 
2025-11-05 17:58:47,403 [ERROR] LogOutputStream:75 - [STDERR_REDIRECT] [Fatal Error] :1:1: Premature end of file.
2025-11-05 17:58:47,404 [ERROR] LogOutputStream:75 - [STDERR_REDIRECT] 
2025-11-05 17:58:48,396 [ERROR] LogOutputStream:75 - [STDERR_REDIRECT] [Fatal Error] :1:1: Premature end of file.
2025-11-05 17:58:48,397 [ERROR] LogOutputStream:75 - [STDERR_REDIRECT] 
2025-11-05 17:58:49,398 [ERROR] LogOutputStream:75 - [STDERR_REDIRECT] [Fatal Error] :1:1: Premature end of file.
2025-11-05 17:58:49,398 [ERROR] LogOutputStream:75 - [STDERR_REDIRECT] 
2025-11-05 17:58:50,398 [ERROR] LogOutputStream:75 - [STDERR_REDIRECT] [Fatal Error] :1:1: Premature end of file.
2025-11-05 17:58:50,398 [ERROR] LogOutputStream:75 - [STDERR_REDIRECT] 
2025-11-05 17:58:51,398 [ERROR] LogOutputStream:75 - [STDERR_REDIRECT] [Fatal Error] :1:1: Premature end of file.
2025-11-05 17:58:51,398 [ERROR] LogOutputStream:75 - [STDERR_REDIRECT] 
2025-11-05 17:58:52,397 [ERROR] LogOutputStream:75 - [STDERR_REDIRECT] [Fatal Error] :1:1: Premature end of file.
2025-11-05 17:58:52,398 [ERROR] LogOutputStream:75 - [STDERR_REDIRECT] 
2025-11-05 17:58:53,414 [ERROR] LogOutputStream:75 - [STDERR_REDIRECT] [Fatal Error] :1:1: Premature end of file.
2025-11-05 17:58:53,415 [ERROR] LogOutputStream:75 - [STDERR_REDIRECT] 
2025-11-05 17:58:54,404 [ERROR] LogOutputStream:75 - [STDERR_REDIRECT] [Fatal Error] :1:1: Premature end of file.
2025-11-05 17:58:54,405 [ERROR] LogOutputStream:75 - [STDERR_REDIRECT] 
2025-11-05 17:58:55,398 [ERROR] LogOutputStream:75 - [STDERR_REDIRECT] [Fatal Error] :1:1: Premature end of file.
2025-11-05 17:58:55,398 [ERROR] LogOutputStream:75 - [STDERR_REDIRECT] 
2025-11-05 17:58:56,392 [ERROR] LogOutputStream:75 - [STDERR_REDIRECT] [Fatal Error] :1:1: Premature end of file.
2025-11-05 17:58:56,393 [ERROR] LogOutputStream:75 - [STDERR_REDIRECT] 
2025-11-05 17:58:57,383 [ERROR] LogOutputStream:75 - [STDERR_REDIRECT] [Fatal Error] :1:1: Premature end of file.
2025-11-05 17:58:57,383 [ERROR] LogOutputStream:75 - [STDERR_REDIRECT] 
2025-11-05 17:58:58,410 [ERROR] LogOutputStream:75 - [STDERR_REDIRECT] [Fatal Error] :1:1: Premature end of file.
2025-11-05 17:58:58,411 [ERROR] LogOutputStream:75 - [STDERR_REDIRECT] 
2025-11-05 17:58:59,413 [ERROR] LogOutputStream:75 - [STDERR_REDIRECT] [Fatal Error] :1:1: Premature end of file.
2025-11-05 17:58:59,414 [ERROR] LogOutputStream:75 - [STDERR_REDIRECT] 
2025-11-05 17:59:00,416 [ERROR] LogOutputStream:75 - [STDERR_REDIRECT] [Fatal Error] :1:1: Premature end of file.
2025-11-05 17:59:00,416 [ERROR] LogOutputStream:75 - [STDERR_REDIRECT] 
2025-11-05 17:59:01,404 [ERROR] LogOutputStream:75 - [STDERR_REDIRECT] [Fatal Error] :1:1: Premature end of file.
2025-11-05 17:59:01,405 [ERROR] LogOutputStream:75 - [STDERR_REDIRECT] 
2025-11-05 17:59:02,404 [ERROR] LogOutputStream:75 - [STDERR_REDIRECT] [Fatal Error] :1:1: Premature end of file.
2025-11-05 17:59:02,405 [ERROR] LogOutputStream:75 - [STDERR_REDIRECT] 
2025-11-05 17:59:03,397 [ERROR] LogOutputStream:75 - [STDERR_REDIRECT] [Fatal Error] :1:1: Premature end of file.
2025-11-05 17:59:03,398 [ERROR] LogOutputStream:75 - [STDERR_REDIRECT] 
2025-11-05 17:59:04,396 [ERROR] LogOutputStream:75 - [STDERR_REDIRECT] [Fatal Error] :1:1: Premature end of file.
2025-11-05 17:59:04,397 [ERROR] LogOutputStream:75 - [STDERR_REDIRECT] 
2025-11-05 17:59:05,394 [ERROR] LogOutputStream:75 - [STDERR_REDIRECT] [Fatal Error] :1:1: Premature end of file.
2025-11-05 17:59:05,395 [ERROR] LogOutputStream:75 - [STDERR_REDIRECT] 
2025-11-05 17:59:06,398 [ERROR] LogOutputStream:75 - [STDERR_REDIRECT] [Fatal Error] :1:1: Premature end of file.
2025-11-05 17:59:06,399 [ERROR] LogOutputStream:75 - [STDERR_REDIRECT] 
2025-11-05 17:59:07,397 [ERROR] LogOutputStream:75 - [STDERR_REDIRECT] [Fatal Error] :1:1: Premature end of file.
2025-11-05 17:59:07,397 [ERROR] LogOutputStream:75 - [STDERR_REDIRECT] 
2025-11-05 17:59:08,403 [ERROR] LogOutputStream:75 - [STDERR_REDIRECT] [Fatal Error] :1:1: Premature end of file.
2025-11-05 17:59:08,404 [ERROR] LogOutputStream:75 - [STDERR_REDIRECT] 
2025-11-05 17:59:09,410 [ERROR] LogOutputStream:75 - [STDERR_REDIRECT] [Fatal Error] :1:1: Premature end of file.
2025-11-05 17:59:09,410 [ERROR] LogOutputStream:75 - [STDERR_REDIRECT] 
2025-11-05 17:59:10,412 [ERROR] LogOutputStream:75 - [STDERR_REDIRECT] [Fatal Error] :1:1: Premature end of file.
2025-11-05 17:59:10,413 [ERROR] LogOutputStream:75 - [STDERR_REDIRECT] 
2025-11-05 17:59:11,389 [ERROR] LogOutputStream:75 - [STDERR_REDIRECT] [Fatal Error] :1:1: Premature end of file.
2025-11-05 17:59:11,390 [ERROR] LogOutputStream:75 - [STDERR_REDIRECT] 
2025-11-05 17:59:12,394 [ERROR] LogOutputStream:75 - [STDERR_REDIRECT] [Fatal Error] :1:1: Premature end of file.
2025-11-05 17:59:12,394 [ERROR] LogOutputStream:75 - [STDERR_REDIRECT] 
2025-11-05 17:59:13,395 [ERROR] LogOutputStream:75 - [STDERR_REDIRECT] [Fatal Error] :1:1: Premature end of file.
2025-11-05 17:59:13,396 [ERROR] LogOutputStream:75 - [STDERR_REDIRECT] 
2025-11-05 17:59:14,408 [ERROR] LogOutputStream:75 - [STDERR_REDIRECT] [Fatal Error] :1:1: Premature end of file.
2025-11-05 17:59:14,408 [ERROR] LogOutputStream:75 - [STDERR_REDIRECT] 
2025-11-05 17:59:15,396 [ERROR] LogOutputStream:75 - [STDERR_REDIRECT] [Fatal Error] :1:1: Premature end of file.
2025-11-05 17:59:15,397 [ERROR] LogOutputStream:75 - [STDERR_REDIRECT] 
2025-11-05 17:59:16,399 [ERROR] LogOutputStream:75 - [STDERR_REDIRECT] [Fatal Error] :1:1: Premature end of file.
2025-11-05 17:59:16,399 [ERROR] LogOutputStream:75 - [STDERR_REDIRECT] 
2025-11-05 17:59:17,399 [ERROR] LogOutputStream:75 - [STDERR_REDIRECT] [Fatal Error] :1:1: Premature end of file.
2025-11-05 17:59:17,400 [ERROR] LogOutputStream:75 - [STDERR_REDIRECT] 
2025-11-05 17:59:18,392 [ERROR] LogOutputStream:75 - [STDERR_REDIRECT] [Fatal Error] :1:1: Premature end of file.
2025-11-05 17:59:18,392 [ERROR] LogOutputStream:75 - [STDERR_REDIRECT] 
2025-11-05 17:59:19,400 [ERROR] LogOutputStream:75 - [STDERR_REDIRECT] [Fatal Error] :1:1: Premature end of file.
2025-11-05 17:59:19,400 [ERROR] LogOutputStream:75 - [STDERR_REDIRECT] 
2025-11-05 17:59:20,397 [ERROR] LogOutputStream:75 - [STDERR_REDIRECT] [Fatal Error] :1:1: Premature end of file.
2025-11-05 17:59:20,398 [ERROR] LogOutputStream:75 - [STDERR_REDIRECT] 
2025-11-05 17:59:21,397 [ERROR] LogOutputStream:75 - [STDERR_REDIRECT] [Fatal Error] :1:1: Premature end of file.
2025-11-05 17:59:21,397 [ERROR] LogOutputStream:75 - [STDERR_REDIRECT] 
2025-11-05 17:59:22,412 [ERROR] LogOutputStream:75 - [STDERR_REDIRECT] [Fatal Error] :1:1: Premature end of file.
2025-11-05 17:59:22,413 [ERROR] LogOutputStream:75 - [STDERR_REDIRECT] 
2025-11-05 17:59:23,404 [ERROR] LogOutputStream:75 - [STDERR_REDIRECT] [Fatal Error] :1:1: Premature end of file.
2025-11-05 17:59:23,404 [ERROR] LogOutputStream:75 - [STDERR_REDIRECT] 
2025-11-05 17:59:24,397 [ERROR] LogOutputStream:75 - [STDERR_REDIRECT] [Fatal Error] :1:1: Premature end of file.
2025-11-05 17:59:24,398 [ERROR] LogOutputStream:75 - [STDERR_REDIRECT] 
2025-11-05 17:59:25,391 [ERROR] LogOutputStream:75 - [STDERR_REDIRECT] [Fatal Error] :1:1: Premature end of file.
2025-11-05 17:59:25,391 [ERROR] LogOutputStream:75 - [STDERR_REDIRECT] 
2025-11-05 17:59:26,403 [ERROR] LogOutputStream:75 - [STDERR_REDIRECT] [Fatal Error] :1:1: Premature end of file.
2025-11-05 17:59:26,404 [ERROR] LogOutputStream:75 - [STDERR_REDIRECT] 
2025-11-05 17:59:27,412 [ERROR] LogOutputStream:75 - [STDERR_REDIRECT] [Fatal Error] :1:1: Premature end of file.
2025-11-05 17:59:27,412 [ERROR] LogOutputStream:75 - [STDERR_REDIRECT] 
2025-11-05 17:59:28,403 [ERROR] LogOutputStream:75 - [STDERR_REDIRECT] [Fatal Error] :1:1: Premature end of file.
2025-11-05 17:59:28,403 [ERROR] LogOutputStream:75 - [STDERR_REDIRECT] 
2025-11-05 17:59:29,390 [ERROR] LogOutputStream:75 - [STDERR_REDIRECT] [Fatal Error] :1:1: Premature end of file.
2025-11-05 17:59:29,390 [ERROR] LogOutputStream:75 - [STDERR_REDIRECT] 
2025-11-05 17:59:30,421 [ERROR] LogOutputStream:75 - [STDERR_REDIRECT] [Fatal Error] :1:1: Premature end of file.
2025-11-05 17:59:30,421 [ERROR] LogOutputStream:75 - [STDERR_REDIRECT] 
2025-11-05 17:59:31,414 [ERROR] LogOutputStream:75 - [STDERR_REDIRECT] [Fatal Error] :1:1: Premature end of file.
2025-11-05 17:59:31,414 [ERROR] LogOutputStream:75 - [STDERR_REDIRECT] 
2025-11-05 17:59:32,398 [ERROR] LogOutputStream:75 - [STDERR_REDIRECT] [Fatal Error] :1:1: Premature end of file.
2025-11-05 17:59:32,398 [ERROR] LogOutputStream:75 - [STDERR_REDIRECT] 
2025-11-05 17:59:33,414 [ERROR] LogOutputStream:75 - [STDERR_REDIRECT] [Fatal Error] :1:1: Premature end of file.
2025-11-05 17:59:33,415 [ERROR] LogOutputStream:75 - [STDERR_REDIRECT] 
2025-11-05 17:59:34,403 [ERROR] LogOutputStream:75 - [STDERR_REDIRECT] [Fatal Error] :1:1: Premature end of file.
2025-11-05 17:59:34,404 [ERROR] LogOutputStream:75 - [STDERR_REDIRECT] 
2025-11-05 17:59:35,403 [ERROR] LogOutputStream:75 - [STDERR_REDIRECT] [Fatal Error] :1:1: Premature end of file.
2025-11-05 17:59:35,403 [ERROR] LogOutputStream:75 - [STDERR_REDIRECT] 
2025-11-05 17:59:36,412 [ERROR] LogOutputStream:75 - [STDERR_REDIRECT] [Fatal Error] :1:1: Premature end of file.
2025-11-05 17:59:36,412 [ERROR] LogOutputStream:75 - [STDERR_REDIRECT] 
2025-11-05 17:59:37,454 [ERROR] LogOutputStream:75 - [STDERR_REDIRECT] [Fatal Error] :1:1: Premature end of file.
2025-11-05 17:59:37,455 [ERROR] LogOutputStream:75 - [STDERR_REDIRECT] 
2025-11-05 17:59:38,408 [ERROR] LogOutputStream:75 - [STDERR_REDIRECT] [Fatal Error] :1:1: Premature end of file.
2025-11-05 17:59:38,408 [ERROR] LogOutputStream:75 - [STDERR_REDIRECT] 
2025-11-05 17:59:39,402 [ERROR] LogOutputStream:75 - [STDERR_REDIRECT] [Fatal Error] :1:1: Premature end of file.
2025-11-05 17:59:39,403 [ERROR] LogOutputStream:75 - [STDERR_REDIRECT] 
2025-11-05 17:59:40,408 [ERROR] LogOutputStream:75 - [STDERR_REDIRECT] [Fatal Error] :1:1: Premature end of file.
2025-11-05 17:59:40,408 [ERROR] LogOutputStream:75 - [STDERR_REDIRECT] 
2025-11-05 17:59:41,396 [ERROR] LogOutputStream:75 - [STDERR_REDIRECT] [Fatal Error] :1:1: Premature end of file.
2025-11-05 17:59:41,398 [ERROR] LogOutputStream:75 - [STDERR_REDIRECT] 
2025-11-05 17:59:42,416 [ERROR] LogOutputStream:75 - [STDERR_REDIRECT] [Fatal Error] :1:1: Premature end of file.
2025-11-05 17:59:42,416 [ERROR] LogOutputStream:75 - [STDERR_REDIRECT] 
2025-11-05 17:59:43,410 [ERROR] LogOutputStream:75 - [STDERR_REDIRECT] [Fatal Error] :1:1: Premature end of file.
2025-11-05 17:59:43,410 [ERROR] LogOutputStream:75 - [STDERR_REDIRECT] 
2025-11-05 17:59:44,409 [ERROR] LogOutputStream:75 - [STDERR_REDIRECT] [Fatal Error] :1:1: Premature end of file.
2025-11-05 17:59:44,410 [ERROR] LogOutputStream:75 - [STDERR_REDIRECT] 
2025-11-05 17:59:45,413 [ERROR] LogOutputStream:75 - [STDERR_REDIRECT] [Fatal Error] :1:1: Premature end of file.
2025-11-05 17:59:45,414 [ERROR] LogOutputStream:75 - [STDERR_REDIRECT] 
2025-11-05 17:59:46,404 [ERROR] LogOutputStream:75 - [STDERR_REDIRECT] [Fatal Error] :1:1: Premature end of file.
2025-11-05 17:59:46,405 [ERROR] LogOutputStream:75 - [STDERR_REDIRECT] 
2025-11-05 17:59:47,409 [ERROR] LogOutputStream:75 - [STDERR_REDIRECT] [Fatal Error] :1:1: Premature end of file.
2025-11-05 17:59:47,409 [ERROR] LogOutputStream:75 - [STDERR_REDIRECT] 
2025-11-05 17:59:48,404 [ERROR] LogOutputStream:75 - [STDERR_REDIRECT] [Fatal Error] :1:1: Premature end of file.
2025-11-05 17:59:48,405 [ERROR] LogOutputStream:75 - [STDERR_REDIRECT] 
2025-11-05 17:59:49,412 [ERROR] LogOutputStream:75 - [STDERR_REDIRECT] [Fatal Error] :1:1: Premature end of file.
2025-11-05 17:59:49,412 [ERROR] LogOutputStream:75 - [STDERR_REDIRECT] 
2025-11-05 17:59:50,407 [ERROR] LogOutputStream:75 - [STDERR_REDIRECT] [Fatal Error] :1:1: Premature end of file.
2025-11-05 17:59:50,407 [ERROR] LogOutputStream:75 - [STDERR_REDIRECT] 
2025-11-05 17:59:51,388 [ERROR] LogOutputStream:75 - [STDERR_REDIRECT] [Fatal Error] :1:1: Premature end of file.
2025-11-05 17:59:51,388 [ERROR] LogOutputStream:75 - [STDERR_REDIRECT] 
2025-11-05 17:59:52,392 [ERROR] LogOutputStream:75 - [STDERR_REDIRECT] [Fatal Error] :1:1: Premature end of file.
2025-11-05 17:59:52,392 [ERROR] LogOutputStream:75 - [STDERR_REDIRECT] 
2025-11-05 17:59:53,397 [ERROR] LogOutputStream:75 - [STDERR_REDIRECT] [Fatal Error] :1:1: Premature end of file.
2025-11-05 17:59:53,398 [ERROR] LogOutputStream:75 - [STDERR_REDIRECT] 
2025-11-05 17:59:54,403 [ERROR] LogOutputStream:75 - [STDERR_REDIRECT] [Fatal Error] :1:1: Premature end of file.
2025-11-05 17:59:54,404 [ERROR] LogOutputStream:75 - [STDERR_REDIRECT] 
2025-11-05 17:59:55,399 [ERROR] LogOutputStream:75 - [STDERR_REDIRECT] [Fatal Error] :1:1: Premature end of file.
2025-11-05 17:59:55,400 [ERROR] LogOutputStream:75 - [STDERR_REDIRECT] 
2025-11-05 17:59:56,417 [ERROR] LogOutputStream:75 - [STDERR_REDIRECT] [Fatal Error] :1:1: Premature end of file.
2025-11-05 17:59:56,417 [ERROR] LogOutputStream:75 - [STDERR_REDIRECT] 
2025-11-05 17:59:57,397 [ERROR] LogOutputStream:75 - [STDERR_REDIRECT] [Fatal Error] :1:1: Premature end of file.
2025-11-05 17:59:57,397 [ERROR] LogOutputStream:75 - [STDERR_REDIRECT] 
2025-11-05 17:59:58,407 [ERROR] LogOutputStream:75 - [STDERR_REDIRECT] [Fatal Error] :1:1: Premature end of file.
2025-11-05 17:59:58,407 [ERROR] LogOutputStream:75 - [STDERR_REDIRECT] 
2025-11-05 17:59:59,396 [ERROR] LogOutputStream:75 - [STDERR_REDIRECT] [Fatal Error] :1:1: Premature end of file.
2025-11-05 17:59:59,396 [ERROR] LogOutputStream:75 - [STDERR_REDIRECT] 
2025-11-05 18:00:00,383 [ERROR] LogOutputStream:75 - [STDERR_REDIRECT] [Fatal Error] :1:1: Premature end of file.
2025-11-05 18:00:00,384 [ERROR] LogOutputStream:75 - [STDERR_REDIRECT] 
2025-11-05 18:00:01,392 [ERROR] LogOutputStream:75 - [STDERR_REDIRECT] [Fatal Error] :1:1: Premature end of file.
2025-11-05 18:00:01,392 [ERROR] LogOutputStream:75 - [STDERR_REDIRECT] 
2025-11-05 18:00:02,404 [ERROR] LogOutputStream:75 - [STDERR_REDIRECT] [Fatal Error] :1:1: Premature end of file.
2025-11-05 18:00:02,404 [ERROR] LogOutputStream:75 - [STDERR_REDIRECT] 
2025-11-05 18:00:03,400 [ERROR] LogOutputStream:75 - [STDERR_REDIRECT] [Fatal Error] :1:1: Premature end of file.
2025-11-05 18:00:03,401 [ERROR] LogOutputStream:75 - [STDERR_REDIRECT] 
2025-11-05 18:00:04,403 [ERROR] LogOutputStream:75 - [STDERR_REDIRECT] [Fatal Error] :1:1: Premature end of file.
2025-11-05 18:00:04,404 [ERROR] LogOutputStream:75 - [STDERR_REDIRECT] 
2025-11-05 18:00:05,399 [ERROR] LogOutputStream:75 - [STDERR_REDIRECT] [Fatal Error] :1:1: Premature end of file.
2025-11-05 18:00:05,399 [ERROR] LogOutputStream:75 - [STDERR_REDIRECT] 
2025-11-05 18:00:06,393 [ERROR] LogOutputStream:75 - [STDERR_REDIRECT] [Fatal Error] :1:1: Premature end of file.
2025-11-05 18:00:06,395 [ERROR] LogOutputStream:75 - [STDERR_REDIRECT] 
2025-11-05 18:00:07,395 [ERROR] LogOutputStream:75 - [STDERR_REDIRECT] [Fatal Error] :1:1: Premature end of file.
2025-11-05 18:00:07,396 [ERROR] LogOutputStream:75 - [STDERR_REDIRECT] 
2025-11-05 18:00:08,390 [ERROR] LogOutputStream:75 - [STDERR_REDIRECT] [Fatal Error] :1:1: Premature end of file.
2025-11-05 18:00:08,391 [ERROR] LogOutputStream:75 - [STDERR_REDIRECT] 
2025-11-05 18:00:09,397 [ERROR] LogOutputStream:75 - [STDERR_REDIRECT] [Fatal Error] :1:1: Premature end of file.
2025-11-05 18:00:09,397 [ERROR] LogOutputStream:75 - [STDERR_REDIRECT] 
2025-11-05 18:00:10,387 [ERROR] LogOutputStream:75 - [STDERR_REDIRECT] [Fatal Error] :1:1: Premature end of file.
2025-11-05 18:00:10,388 [ERROR] LogOutputStream:75 - [STDERR_REDIRECT] 
2025-11-05 18:00:11,397 [ERROR] LogOutputStream:75 - [STDERR_REDIRECT] [Fatal Error] :1:1: Premature end of file.
2025-11-05 18:00:11,398 [ERROR] LogOutputStream:75 - [STDERR_REDIRECT] 
2025-11-05 18:00:12,390 [ERROR] LogOutputStream:75 - [STDERR_REDIRECT] [Fatal Error] :1:1: Premature end of file.
2025-11-05 18:00:12,391 [ERROR] LogOutputStream:75 - [STDERR_REDIRECT] 
2025-11-05 18:00:13,397 [ERROR] LogOutputStream:75 - [STDERR_REDIRECT] [Fatal Error] :1:1: Premature end of file.
2025-11-05 18:00:13,397 [ERROR] LogOutputStream:75 - [STDERR_REDIRECT] 
2025-11-05 18:00:14,399 [ERROR] LogOutputStream:75 - [STDERR_REDIRECT] [Fatal Error] :1:1: Premature end of file.
2025-11-05 18:00:14,400 [ERROR] LogOutputStream:75 - [STDERR_REDIRECT] 
2025-11-05 18:00:15,388 [ERROR] LogOutputStream:75 - [STDERR_REDIRECT] [Fatal Error] :1:1: Premature end of file.
2025-11-05 18:00:15,389 [ERROR] LogOutputStream:75 - [STDERR_REDIRECT] 
2025-11-05 18:00:16,395 [ERROR] LogOutputStream:75 - [STDERR_REDIRECT] [Fatal Error] :1:1: Premature end of file.
2025-11-05 18:00:16,396 [ERROR] LogOutputStream:75 - [STDERR_REDIRECT] 
2025-11-05 18:00:17,403 [ERROR] LogOutputStream:75 - [STDERR_REDIRECT] [Fatal Error] :1:1: Premature end of file.
2025-11-05 18:00:17,404 [ERROR] LogOutputStream:75 - [STDERR_REDIRECT] 
2025-11-05 18:00:18,408 [ERROR] LogOutputStream:75 - [STDERR_REDIRECT] [Fatal Error] :1:1: Premature end of file.
2025-11-05 18:00:18,408 [ERROR] LogOutputStream:75 - [STDERR_REDIRECT] 
2025-11-05 18:00:19,390 [ERROR] LogOutputStream:75 - [STDERR_REDIRECT] [Fatal Error] :1:1: Premature end of file.
2025-11-05 18:00:19,390 [ERROR] LogOutputStream:75 - [STDERR_REDIRECT] 
2025-11-05 18:00:20,387 [ERROR] LogOutputStream:75 - [STDERR_REDIRECT] [Fatal Error] :1:1: Premature end of file.
2025-11-05 18:00:20,387 [ERROR] LogOutputStream:75 - [STDERR_REDIRECT] 
2025-11-05 18:00:21,406 [ERROR] LogOutputStream:75 - [STDERR_REDIRECT] [Fatal Error] :1:1: Premature end of file.
2025-11-05 18:00:21,407 [ERROR] LogOutputStream:75 - [STDERR_REDIRECT] 
2025-11-05 18:00:22,408 [ERROR] LogOutputStream:75 - [STDERR_REDIRECT] [Fatal Error] :1:1: Premature end of file.
2025-11-05 18:00:22,409 [ERROR] LogOutputStream:75 - [STDERR_REDIRECT] 
2025-11-05 18:00:23,395 [ERROR] LogOutputStream:75 - [STDERR_REDIRECT] [Fatal Error] :1:1: Premature end of file.
2025-11-05 18:00:23,395 [ERROR] LogOutputStream:75 - [STDERR_REDIRECT] 
2025-11-05 18:00:24,413 [ERROR] LogOutputStream:75 - [STDERR_REDIRECT] [Fatal Error] :1:1: Premature end of file.
2025-11-05 18:00:24,414 [ERROR] LogOutputStream:75 - [STDERR_REDIRECT] 
2025-11-05 18:00:25,412 [ERROR] LogOutputStream:75 - [STDERR_REDIRECT] [Fatal Error] :1:1: Premature end of file.
2025-11-05 18:00:25,412 [ERROR] LogOutputStream:75 - [STDERR_REDIRECT] 
2025-11-05 18:00:26,407 [ERROR] LogOutputStream:75 - [STDERR_REDIRECT] [Fatal Error] :1:1: Premature end of file.
2025-11-05 18:00:26,408 [ERROR] LogOutputStream:75 - [STDERR_REDIRECT] 
2025-11-05 18:00:27,416 [ERROR] LogOutputStream:75 - [STDERR_REDIRECT] [Fatal Error] :1:1: Premature end of file.
2025-11-05 18:00:27,417 [ERROR] LogOutputStream:75 - [STDERR_REDIRECT] 
2025-11-05 18:00:28,411 [ERROR] LogOutputStream:75 - [STDERR_REDIRECT] [Fatal Error] :1:1: Premature end of file.
2025-11-05 18:00:28,413 [ERROR] LogOutputStream:75 - [STDERR_REDIRECT] 
2025-11-05 18:00:29,408 [ERROR] LogOutputStream:75 - [STDERR_REDIRECT] [Fatal Error] :1:1: Premature end of file.
2025-11-05 18:00:29,409 [ERROR] LogOutputStream:75 - [STDERR_REDIRECT] 
2025-11-05 18:00:30,397 [ERROR] LogOutputStream:75 - [STDERR_REDIRECT] [Fatal Error] :1:1: Premature end of file.
2025-11-05 18:00:30,398 [ERROR] LogOutputStream:75 - [STDERR_REDIRECT] 
2025-11-05 18:00:31,412 [ERROR] LogOutputStream:75 - [STDERR_REDIRECT] [Fatal Error] :1:1: Premature end of file.
2025-11-05 18:00:31,412 [ERROR] LogOutputStream:75 - [STDERR_REDIRECT] 
2025-11-05 18:00:32,406 [ERROR] LogOutputStream:75 - [STDERR_REDIRECT] [Fatal Error] :1:1: Premature end of file.
2025-11-05 18:00:32,406 [ERROR] LogOutputStream:75 - [STDERR_REDIRECT] 
2025-11-05 18:00:33,412 [ERROR] LogOutputStream:75 - [STDERR_REDIRECT] [Fatal Error] :1:1: Premature end of file.
2025-11-05 18:00:33,412 [ERROR] LogOutputStream:75 - [STDERR_REDIRECT] 
2025-11-05 18:00:34,385 [ERROR] LogOutputStream:75 - [STDERR_REDIRECT] [Fatal Error] :1:1: Premature end of file.
2025-11-05 18:00:34,386 [ERROR] LogOutputStream:75 - [STDERR_REDIRECT] 
2025-11-05 18:00:35,405 [ERROR] LogOutputStream:75 - [STDERR_REDIRECT] [Fatal Error] :1:1: Premature end of file.
2025-11-05 18:00:35,405 [ERROR] LogOutputStream:75 - [STDERR_REDIRECT] 
2025-11-05 18:00:36,407 [ERROR] LogOutputStream:75 - [STDERR_REDIRECT] [Fatal Error] :1:1: Premature end of file.
2025-11-05 18:00:36,407 [ERROR] LogOutputStream:75 - [STDERR_REDIRECT] 
2025-11-05 18:00:37,399 [ERROR] LogOutputStream:75 - [STDERR_REDIRECT] [Fatal Error] :1:1: Premature end of file.
2025-11-05 18:00:37,399 [ERROR] LogOutputStream:75 - [STDERR_REDIRECT] 
2025-11-05 18:00:38,402 [ERROR] LogOutputStream:75 - [STDERR_REDIRECT] [Fatal Error] :1:1: Premature end of file.
2025-11-05 18:00:38,403 [ERROR] LogOutputStream:75 - [STDERR_REDIRECT] 
2025-11-05 18:00:39,409 [ERROR] LogOutputStream:75 - [STDERR_REDIRECT] [Fatal Error] :1:1: Premature end of file.
2025-11-05 18:00:39,409 [ERROR] LogOutputStream:75 - [STDERR_REDIRECT] 
2025-11-05 18:00:40,411 [ERROR] LogOutputStream:75 - [STDERR_REDIRECT] [Fatal Error] :1:1: Premature end of file.
2025-11-05 18:00:40,412 [ERROR] LogOutputStream:75 - [STDERR_REDIRECT] 
2025-11-05 18:00:41,404 [ERROR] LogOutputStream:75 - [STDERR_REDIRECT] [Fatal Error] :1:1: Premature end of file.
2025-11-05 18:00:41,405 [ERROR] LogOutputStream:75 - [STDERR_REDIRECT] 
2025-11-05 18:00:42,410 [ERROR] LogOutputStream:75 - [STDERR_REDIRECT] [Fatal Error] :1:1: Premature end of file.
2025-11-05 18:00:42,411 [ERROR] LogOutputStream:75 - [STDERR_REDIRECT] 
2025-11-05 18:00:43,405 [ERROR] LogOutputStream:75 - [STDERR_REDIRECT] [Fatal Error] :1:1: Premature end of file.
2025-11-05 18:00:43,405 [ERROR] LogOutputStream:75 - [STDERR_REDIRECT] 
2025-11-05 18:00:44,406 [ERROR] LogOutputStream:75 - [STDERR_REDIRECT] [Fatal Error] :1:1: Premature end of file.
2025-11-05 18:00:44,406 [ERROR] LogOutputStream:75 - [STDERR_REDIRECT] 
2025-11-05 18:00:45,404 [ERROR] LogOutputStream:75 - [STDERR_REDIRECT] [Fatal Error] :1:1: Premature end of file.
2025-11-05 18:00:45,404 [ERROR] LogOutputStream:75 - [STDERR_REDIRECT] 
2025-11-05 18:00:46,406 [ERROR] LogOutputStream:75 - [STDERR_REDIRECT] [Fatal Error] :1:1: Premature end of file.
2025-11-05 18:00:46,407 [ERROR] LogOutputStream:75 - [STDERR_REDIRECT] 
2025-11-05 18:00:47,409 [ERROR] LogOutputStream:75 - [STDERR_REDIRECT] [Fatal Error] :1:1: Premature end of file.
2025-11-05 18:00:47,410 [ERROR] LogOutputStream:75 - [STDERR_REDIRECT] 
2025-11-05 18:00:48,403 [ERROR] LogOutputStream:75 - [STDERR_REDIRECT] [Fatal Error] :1:1: Premature end of file.
2025-11-05 18:00:48,404 [ERROR] LogOutputStream:75 - [STDERR_REDIRECT] 
2025-11-05 18:00:49,409 [ERROR] LogOutputStream:75 - [STDERR_REDIRECT] [Fatal Error] :1:1: Premature end of file.
2025-11-05 18:00:49,410 [ERROR] LogOutputStream:75 - [STDERR_REDIRECT] 
2025-11-05 18:00:50,396 [ERROR] LogOutputStream:75 - [STDERR_REDIRECT] [Fatal Error] :1:1: Premature end of file.
2025-11-05 18:00:50,398 [ERROR] LogOutputStream:75 - [STDERR_REDIRECT] 
2025-11-05 18:00:51,409 [ERROR] LogOutputStream:75 - [STDERR_REDIRECT] [Fatal Error] :1:1: Premature end of file.
2025-11-05 18:00:51,409 [ERROR] LogOutputStream:75 - [STDERR_REDIRECT] 
2025-11-05 18:00:52,403 [ERROR] LogOutputStream:75 - [STDERR_REDIRECT] [Fatal Error] :1:1: Premature end of file.
2025-11-05 18:00:52,404 [ERROR] LogOutputStream:75 - [STDERR_REDIRECT] 
2025-11-05 18:00:53,404 [ERROR] LogOutputStream:75 - [STDERR_REDIRECT] [Fatal Error] :1:1: Premature end of file.
2025-11-05 18:00:53,405 [ERROR] LogOutputStream:75 - [STDERR_REDIRECT] 
2025-11-05 18:00:54,403 [ERROR] LogOutputStream:75 - [STDERR_REDIRECT] [Fatal Error] :1:1: Premature end of file.
2025-11-05 18:00:54,403 [ERROR] LogOutputStream:75 - [STDERR_REDIRECT] 
2025-11-05 18:00:55,409 [ERROR] LogOutputStream:75 - [STDERR_REDIRECT] [Fatal Error] :1:1: Premature end of file.
2025-11-05 18:00:55,409 [ERROR] LogOutputStream:75 - [STDERR_REDIRECT] 
2025-11-05 18:00:56,405 [ERROR] LogOutputStream:75 - [STDERR_REDIRECT] [Fatal Error] :1:1: Premature end of file.
2025-11-05 18:00:56,405 [ERROR] LogOutputStream:75 - [STDERR_REDIRECT] 
2025-11-05 18:00:57,404 [ERROR] LogOutputStream:75 - [STDERR_REDIRECT] [Fatal Error] :1:1: Premature end of file.
2025-11-05 18:00:57,404 [ERROR] LogOutputStream:75 - [STDERR_REDIRECT] 
2025-11-05 18:00:58,406 [ERROR] LogOutputStream:75 - [STDERR_REDIRECT] [Fatal Error] :1:1: Premature end of file.
2025-11-05 18:00:58,407 [ERROR] LogOutputStream:75 - [STDERR_REDIRECT] 
2025-11-05 18:00:59,404 [ERROR] LogOutputStream:75 - [STDERR_REDIRECT] [Fatal Error] :1:1: Premature end of file.
2025-11-05 18:00:59,404 [ERROR] LogOutputStream:75 - [STDERR_REDIRECT] 
2025-11-05 18:01:00,414 [ERROR] LogOutputStream:75 - [STDERR_REDIRECT] [Fatal Error] :1:1: Premature end of file.
2025-11-05 18:01:00,414 [ERROR] LogOutputStream:75 - [STDERR_REDIRECT] 
2025-11-05 18:01:01,394 [ERROR] LogOutputStream:75 - [STDERR_REDIRECT] [Fatal Error] :1:1: Premature end of file.
2025-11-05 18:01:01,394 [ERROR] LogOutputStream:75 - [STDERR_REDIRECT] 
2025-11-05 18:01:02,398 [ERROR] LogOutputStream:75 - [STDERR_REDIRECT] [Fatal Error] :1:1: Premature end of file.
2025-11-05 18:01:02,399 [ERROR] LogOutputStream:75 - [STDERR_REDIRECT] 
2025-11-05 18:01:03,405 [ERROR] LogOutputStream:75 - [STDERR_REDIRECT] [Fatal Error] :1:1: Premature end of file.
2025-11-05 18:01:03,405 [ERROR] LogOutputStream:75 - [STDERR_REDIRECT] 
2025-11-05 18:01:04,409 [ERROR] LogOutputStream:75 - [STDERR_REDIRECT] [Fatal Error] :1:1: Premature end of file.
2025-11-05 18:01:04,409 [ERROR] LogOutputStream:75 - [STDERR_REDIRECT] 
2025-11-05 18:01:05,410 [ERROR] LogOutputStream:75 - [STDERR_REDIRECT] [Fatal Error] :1:1: Premature end of file.
2025-11-05 18:01:05,411 [ERROR] LogOutputStream:75 - [STDERR_REDIRECT] 
2025-11-05 18:01:06,394 [ERROR] LogOutputStream:75 - [STDERR_REDIRECT] [Fatal Error] :1:1: Premature end of file.
2025-11-05 18:01:06,394 [ERROR] LogOutputStream:75 - [STDERR_REDIRECT] 
2025-11-05 18:01:07,387 [ERROR] LogOutputStream:75 - [STDERR_REDIRECT] [Fatal Error] :1:1: Premature end of file.
2025-11-05 18:01:07,387 [ERROR] LogOutputStream:75 - [STDERR_REDIRECT] 
2025-11-05 18:01:08,396 [ERROR] LogOutputStream:75 - [STDERR_REDIRECT] [Fatal Error] :1:1: Premature end of file.
2025-11-05 18:01:08,397 [ERROR] LogOutputStream:75 - [STDERR_REDIRECT] 
2025-11-05 18:01:09,404 [ERROR] LogOutputStream:75 - [STDERR_REDIRECT] [Fatal Error] :1:1: Premature end of file.
2025-11-05 18:01:09,404 [ERROR] LogOutputStream:75 - [STDERR_REDIRECT] 
2025-11-05 18:01:10,396 [ERROR] LogOutputStream:75 - [STDERR_REDIRECT] [Fatal Error] :1:1: Premature end of file.
2025-11-05 18:01:10,396 [ERROR] LogOutputStream:75 - [STDERR_REDIRECT] 
2025-11-05 18:01:11,403 [ERROR] LogOutputStream:75 - [STDERR_REDIRECT] [Fatal Error] :1:1: Premature end of file.
2025-11-05 18:01:11,403 [ERROR] LogOutputStream:75 - [STDERR_REDIRECT] 
2025-11-05 18:01:12,397 [ERROR] LogOutputStream:75 - [STDERR_REDIRECT] [Fatal Error] :1:1: Premature end of file.
2025-11-05 18:01:12,398 [ERROR] LogOutputStream:75 - [STDERR_REDIRECT] 
2025-11-05 18:01:13,396 [ERROR] LogOutputStream:75 - [STDERR_REDIRECT] [Fatal Error] :1:1: Premature end of file.
2025-11-05 18:01:13,396 [ERROR] LogOutputStream:75 - [STDERR_REDIRECT] 
2025-11-05 18:01:14,412 [ERROR] LogOutputStream:75 - [STDERR_REDIRECT] [Fatal Error] :1:1: Premature end of file.
2025-11-05 18:01:14,412 [ERROR] LogOutputStream:75 - [STDERR_REDIRECT] 
2025-11-05 18:01:15,410 [ERROR] LogOutputStream:75 - [STDERR_REDIRECT] [Fatal Error] :1:1: Premature end of file.
2025-11-05 18:01:15,411 [ERROR] LogOutputStream:75 - [STDERR_REDIRECT] 
2025-11-05 18:01:16,411 [ERROR] LogOutputStream:75 - [STDERR_REDIRECT] [Fatal Error] :1:1: Premature end of file.
2025-11-05 18:01:16,411 [ERROR] LogOutputStream:75 - [STDERR_REDIRECT] 
2025-11-05 18:01:17,391 [ERROR] LogOutputStream:75 - [STDERR_REDIRECT] [Fatal Error] :1:1: Premature end of file.
2025-11-05 18:01:17,391 [ERROR] LogOutputStream:75 - [STDERR_REDIRECT] 
2025-11-05 18:01:18,394 [ERROR] LogOutputStream:75 - [STDERR_REDIRECT] [Fatal Error] :1:1: Premature end of file.
2025-11-05 18:01:18,395 [ERROR] LogOutputStream:75 - [STDERR_REDIRECT] 
2025-11-05 18:01:19,391 [ERROR] LogOutputStream:75 - [STDERR_REDIRECT] [Fatal Error] :1:1: Premature end of file.
2025-11-05 18:01:19,391 [ERROR] LogOutputStream:75 - [STDERR_REDIRECT] 
2025-11-05 18:01:20,399 [ERROR] LogOutputStream:75 - [STDERR_REDIRECT] [Fatal Error] :1:1: Premature end of file.
2025-11-05 18:01:20,399 [ERROR] LogOutputStream:75 - [STDERR_REDIRECT] 
2025-11-05 18:01:21,397 [ERROR] LogOutputStream:75 - [STDERR_REDIRECT] [Fatal Error] :1:1: Premature end of file.
2025-11-05 18:01:21,397 [ERROR] LogOutputStream:75 - [STDERR_REDIRECT] 
2025-11-05 18:01:22,394 [ERROR] LogOutputStream:75 - [STDERR_REDIRECT] [Fatal Error] :1:1: Premature end of file.
2025-11-05 18:01:22,395 [ERROR] LogOutputStream:75 - [STDERR_REDIRECT] 
2025-11-05 18:01:23,380 [ERROR] LogOutputStream:75 - [STDERR_REDIRECT] [Fatal Error] :1:1: Premature end of file.
2025-11-05 18:01:23,382 [ERROR] LogOutputStream:75 - [STDERR_REDIRECT] 
2025-11-05 18:01:24,387 [ERROR] LogOutputStream:75 - [STDERR_REDIRECT] [Fatal Error] :1:1: Premature end of file.
2025-11-05 18:01:24,387 [ERROR] LogOutputStream:75 - [STDERR_REDIRECT] 
2025-11-05 18:01:25,405 [ERROR] LogOutputStream:75 - [STDERR_REDIRECT] [Fatal Error] :1:1: Premature end of file.
2025-11-05 18:01:25,405 [ERROR] LogOutputStream:75 - [STDERR_REDIRECT] 
2025-11-05 18:01:26,408 [ERROR] LogOutputStream:75 - [STDERR_REDIRECT] [Fatal Error] :1:1: Premature end of file.
2025-11-05 18:01:26,409 [ERROR] LogOutputStream:75 - [STDERR_REDIRECT] 
2025-11-05 18:01:27,409 [ERROR] LogOutputStream:75 - [STDERR_REDIRECT] [Fatal Error] :1:1: Premature end of file.
2025-11-05 18:01:27,409 [ERROR] LogOutputStream:75 - [STDERR_REDIRECT] 
2025-11-05 18:01:28,411 [ERROR] LogOutputStream:75 - [STDERR_REDIRECT] [Fatal Error] :1:1: Premature end of file.
2025-11-05 18:01:28,411 [ERROR] LogOutputStream:75 - [STDERR_REDIRECT] 
2025-11-05 18:01:29,412 [ERROR] LogOutputStream:75 - [STDERR_REDIRECT] [Fatal Error] :1:1: Premature end of file.
2025-11-05 18:01:29,412 [ERROR] LogOutputStream:75 - [STDERR_REDIRECT] 
2025-11-05 18:01:30,496 [ERROR] LogOutputStream:75 - [STDERR_REDIRECT] [Fatal Error] :1:1: Premature end of file.
2025-11-05 18:01:30,496 [ERROR] LogOutputStream:75 - [STDERR_REDIRECT] 
2025-11-05 18:01:31,405 [ERROR] LogOutputStream:75 - [STDERR_REDIRECT] [Fatal Error] :1:1: Premature end of file.
2025-11-05 18:01:31,405 [ERROR] LogOutputStream:75 - [STDERR_REDIRECT] 
2025-11-05 18:01:32,408 [ERROR] LogOutputStream:75 - [STDERR_REDIRECT] [Fatal Error] :1:1: Premature end of file.
2025-11-05 18:01:32,408 [ERROR] LogOutputStream:75 - [STDERR_REDIRECT] 
2025-11-05 18:01:33,395 [ERROR] LogOutputStream:75 - [STDERR_REDIRECT] [Fatal Error] :1:1: Premature end of file.
2025-11-05 18:01:33,395 [ERROR] LogOutputStream:75 - [STDERR_REDIRECT] 
2025-11-05 18:01:34,394 [ERROR] LogOutputStream:75 - [STDERR_REDIRECT] [Fatal Error] :1:1: Premature end of file.
2025-11-05 18:01:34,394 [ERROR] LogOutputStream:75 - [STDERR_REDIRECT] 
2025-11-05 18:01:35,396 [ERROR] LogOutputStream:75 - [STDERR_REDIRECT] [Fatal Error] :1:1: Premature end of file.
2025-11-05 18:01:35,397 [ERROR] LogOutputStream:75 - [STDERR_REDIRECT] 
2025-11-05 18:01:36,408 [ERROR] LogOutputStream:75 - [STDERR_REDIRECT] [Fatal Error] :1:1: Premature end of file.
2025-11-05 18:01:36,409 [ERROR] LogOutputStream:75 - [STDERR_REDIRECT] 
2025-11-05 18:01:37,407 [ERROR] LogOutputStream:75 - [STDERR_REDIRECT] [Fatal Error] :1:1: Premature end of file.
2025-11-05 18:01:37,407 [ERROR] LogOutputStream:75 - [STDERR_REDIRECT] 
2025-11-05 18:01:38,401 [ERROR] LogOutputStream:75 - [STDERR_REDIRECT] [Fatal Error] :1:1: Premature end of file.
2025-11-05 18:01:38,401 [ERROR] LogOutputStream:75 - [STDERR_REDIRECT] 
2025-11-05 18:01:39,397 [ERROR] LogOutputStream:75 - [STDERR_REDIRECT] [Fatal Error] :1:1: Premature end of file.
2025-11-05 18:01:39,398 [ERROR] LogOutputStream:75 - [STDERR_REDIRECT] 
2025-11-05 18:01:40,391 [ERROR] LogOutputStream:75 - [STDERR_REDIRECT] [Fatal Error] :1:1: Premature end of file.
2025-11-05 18:01:40,391 [ERROR] LogOutputStream:75 - [STDERR_REDIRECT] 
2025-11-05 18:01:41,402 [ERROR] LogOutputStream:75 - [STDERR_REDIRECT] [Fatal Error] :1:1: Premature end of file.
2025-11-05 18:01:41,402 [ERROR] LogOutputStream:75 - [STDERR_REDIRECT] 
2025-11-05 18:01:42,399 [ERROR] LogOutputStream:75 - [STDERR_REDIRECT] [Fatal Error] :1:1: Premature end of file.
2025-11-05 18:01:42,400 [ERROR] LogOutputStream:75 - [STDERR_REDIRECT] 
2025-11-05 18:01:43,396 [ERROR] LogOutputStream:75 - [STDERR_REDIRECT] [Fatal Error] :1:1: Premature end of file.
2025-11-05 18:01:43,397 [ERROR] LogOutputStream:75 - [STDERR_REDIRECT] 
2025-11-05 18:01:44,407 [ERROR] LogOutputStream:75 - [STDERR_REDIRECT] [Fatal Error] :1:1: Premature end of file.
2025-11-05 18:01:44,407 [ERROR] LogOutputStream:75 - [STDERR_REDIRECT] 
2025-11-05 18:01:45,392 [ERROR] LogOutputStream:75 - [STDERR_REDIRECT] [Fatal Error] :1:1: Premature end of file.
2025-11-05 18:01:45,393 [ERROR] LogOutputStream:75 - [STDERR_REDIRECT] 
2025-11-05 18:01:46,390 [ERROR] LogOutputStream:75 - [STDERR_REDIRECT] [Fatal Error] :1:1: Premature end of file.
2025-11-05 18:01:46,390 [ERROR] LogOutputStream:75 - [STDERR_REDIRECT] 
2025-11-05 18:01:47,408 [ERROR] LogOutputStream:75 - [STDERR_REDIRECT] [Fatal Error] :1:1: Premature end of file.
2025-11-05 18:01:47,409 [ERROR] LogOutputStream:75 - [STDERR_REDIRECT] 
2025-11-05 18:01:48,389 [ERROR] LogOutputStream:75 - [STDERR_REDIRECT] [Fatal Error] :1:1: Premature end of file.
2025-11-05 18:01:48,389 [ERROR] LogOutputStream:75 - [STDERR_REDIRECT] 
2025-11-05 18:01:49,405 [ERROR] LogOutputStream:75 - [STDERR_REDIRECT] [Fatal Error] :1:1: Premature end of file.
2025-11-05 18:01:49,405 [ERROR] LogOutputStream:75 - [STDERR_REDIRECT] 
2025-11-05 18:01:50,389 [ERROR] LogOutputStream:75 - [STDERR_REDIRECT] [Fatal Error] :1:1: Premature end of file.
2025-11-05 18:01:50,389 [ERROR] LogOutputStream:75 - [STDERR_REDIRECT] 
2025-11-05 18:01:51,399 [ERROR] LogOutputStream:75 - [STDERR_REDIRECT] [Fatal Error] :1:1: Premature end of file.
2025-11-05 18:01:51,400 [ERROR] LogOutputStream:75 - [STDERR_REDIRECT] 
2025-11-05 18:01:52,397 [ERROR] LogOutputStream:75 - [STDERR_REDIRECT] [Fatal Error] :1:1: Premature end of file.
2025-11-05 18:01:52,398 [ERROR] LogOutputStream:75 - [STDERR_REDIRECT] 
2025-11-05 18:01:53,398 [ERROR] LogOutputStream:75 - [STDERR_REDIRECT] [Fatal Error] :1:1: Premature end of file.
2025-11-05 18:01:53,398 [ERROR] LogOutputStream:75 - [STDERR_REDIRECT] 
2025-11-05 18:01:54,394 [ERROR] LogOutputStream:75 - [STDERR_REDIRECT] [Fatal Error] :1:1: Premature end of file.
2025-11-05 18:01:54,395 [ERROR] LogOutputStream:75 - [STDERR_REDIRECT] 
2025-11-05 18:01:55,389 [ERROR] LogOutputStream:75 - [STDERR_REDIRECT] [Fatal Error] :1:1: Premature end of file.
2025-11-05 18:01:55,390 [ERROR] LogOutputStream:75 - [STDERR_REDIRECT] 
2025-11-05 18:01:56,395 [ERROR] LogOutputStream:75 - [STDERR_REDIRECT] [Fatal Error] :1:1: Premature end of file.
2025-11-05 18:01:56,396 [ERROR] LogOutputStream:75 - [STDERR_REDIRECT] 
2025-11-05 18:01:57,396 [ERROR] LogOutputStream:75 - [STDERR_REDIRECT] [Fatal Error] :1:1: Premature end of file.
2025-11-05 18:01:57,397 [ERROR] LogOutputStream:75 - [STDERR_REDIRECT] 
2025-11-05 18:01:58,394 [ERROR] LogOutputStream:75 - [STDERR_REDIRECT] [Fatal Error] :1:1: Premature end of file.
2025-11-05 18:01:58,394 [ERROR] LogOutputStream:75 - [STDERR_REDIRECT] 
2025-11-05 18:01:59,391 [ERROR] LogOutputStream:75 - [STDERR_REDIRECT] [Fatal Error] :1:1: Premature end of file.
2025-11-05 18:01:59,391 [ERROR] LogOutputStream:75 - [STDERR_REDIRECT] 
2025-11-05 18:02:00,406 [ERROR] LogOutputStream:75 - [STDERR_REDIRECT] [Fatal Error] :1:1: Premature end of file.
2025-11-05 18:02:00,406 [ERROR] LogOutputStream:75 - [STDERR_REDIRECT] 
2025-11-05 18:02:01,401 [ERROR] LogOutputStream:75 - [STDERR_REDIRECT] [Fatal Error] :1:1: Premature end of file.
2025-11-05 18:02:01,401 [ERROR] LogOutputStream:75 - [STDERR_REDIRECT] 
2025-11-05 18:02:02,398 [ERROR] LogOutputStream:75 - [STDERR_REDIRECT] [Fatal Error] :1:1: Premature end of file.
2025-11-05 18:02:02,398 [ERROR] LogOutputStream:75 - [STDERR_REDIRECT] 
2025-11-05 18:02:03,407 [ERROR] LogOutputStream:75 - [STDERR_REDIRECT] [Fatal Error] :1:1: Premature end of file.
2025-11-05 18:02:03,407 [ERROR] LogOutputStream:75 - [STDERR_REDIRECT] 
2025-11-05 18:02:04,396 [ERROR] LogOutputStream:75 - [STDERR_REDIRECT] [Fatal Error] :1:1: Premature end of file.
2025-11-05 18:02:04,396 [ERROR] LogOutputStream:75 - [STDERR_REDIRECT] 
2025-11-05 18:02:05,391 [ERROR] LogOutputStream:75 - [STDERR_REDIRECT] [Fatal Error] :1:1: Premature end of file.
2025-11-05 18:02:05,392 [ERROR] LogOutputStream:75 - [STDERR_REDIRECT] 
2025-11-05 18:02:06,400 [ERROR] LogOutputStream:75 - [STDERR_REDIRECT] [Fatal Error] :1:1: Premature end of file.
2025-11-05 18:02:06,400 [ERROR] LogOutputStream:75 - [STDERR_REDIRECT] 
2025-11-05 18:02:07,389 [ERROR] LogOutputStream:75 - [STDERR_REDIRECT] [Fatal Error] :1:1: Premature end of file.
2025-11-05 18:02:07,390 [ERROR] LogOutputStream:75 - [STDERR_REDIRECT] 
2025-11-05 18:02:08,386 [ERROR] LogOutputStream:75 - [STDERR_REDIRECT] [Fatal Error] :1:1: Premature end of file.
2025-11-05 18:02:08,387 [ERROR] LogOutputStream:75 - [STDERR_REDIRECT] 
2025-11-05 18:02:09,400 [ERROR] LogOutputStream:75 - [STDERR_REDIRECT] [Fatal Error] :1:1: Premature end of file.
2025-11-05 18:02:09,401 [ERROR] LogOutputStream:75 - [STDERR_REDIRECT] 
2025-11-05 18:02:10,402 [ERROR] LogOutputStream:75 - [STDERR_REDIRECT] [Fatal Error] :1:1: Premature end of file.
2025-11-05 18:02:10,402 [ERROR] LogOutputStream:75 - [STDERR_REDIRECT] 
2025-11-05 18:02:11,410 [ERROR] LogOutputStream:75 - [STDERR_REDIRECT] [Fatal Error] :1:1: Premature end of file.
2025-11-05 18:02:11,410 [ERROR] LogOutputStream:75 - [STDERR_REDIRECT] 
2025-11-05 18:02:12,405 [ERROR] LogOutputStream:75 - [STDERR_REDIRECT] [Fatal Error] :1:1: Premature end of file.
2025-11-05 18:02:12,406 [ERROR] LogOutputStream:75 - [STDERR_REDIRECT] 
2025-11-05 18:02:13,398 [ERROR] LogOutputStream:75 - [STDERR_REDIRECT] [Fatal Error] :1:1: Premature end of file.
2025-11-05 18:02:13,399 [ERROR] LogOutputStream:75 - [STDERR_REDIRECT] 
2025-11-05 18:02:14,405 [ERROR] LogOutputStream:75 - [STDERR_REDIRECT] [Fatal Error] :1:1: Premature end of file.
2025-11-05 18:02:14,406 [ERROR] LogOutputStream:75 - [STDERR_REDIRECT] 
2025-11-05 18:02:15,402 [ERROR] LogOutputStream:75 - [STDERR_REDIRECT] [Fatal Error] :1:1: Premature end of file.
2025-11-05 18:02:15,403 [ERROR] LogOutputStream:75 - [STDERR_REDIRECT] 
2025-11-05 18:02:16,405 [ERROR] LogOutputStream:75 - [STDERR_REDIRECT] [Fatal Error] :1:1: Premature end of file.
2025-11-05 18:02:16,406 [ERROR] LogOutputStream:75 - [STDERR_REDIRECT] 
2025-11-05 18:02:17,401 [ERROR] LogOutputStream:75 - [STDERR_REDIRECT] [Fatal Error] :1:1: Premature end of file.
2025-11-05 18:02:17,402 [ERROR] LogOutputStream:75 - [STDERR_REDIRECT] 
2025-11-05 18:02:18,384 [ERROR] LogOutputStream:75 - [STDERR_REDIRECT] [Fatal Error] :1:1: Premature end of file.
2025-11-05 18:02:18,384 [ERROR] LogOutputStream:75 - [STDERR_REDIRECT] 
2025-11-05 18:02:19,399 [ERROR] LogOutputStream:75 - [STDERR_REDIRECT] [Fatal Error] :1:1: Premature end of file.
2025-11-05 18:02:19,399 [ERROR] LogOutputStream:75 - [STDERR_REDIRECT] 
2025-11-05 18:02:20,396 [ERROR] LogOutputStream:75 - [STDERR_REDIRECT] [Fatal Error] :1:1: Premature end of file.
2025-11-05 18:02:20,397 [ERROR] LogOutputStream:75 - [STDERR_REDIRECT] 
2025-11-05 18:02:21,383 [ERROR] LogOutputStream:75 - [STDERR_REDIRECT] [Fatal Error] :1:1: Premature end of file.
2025-11-05 18:02:21,384 [ERROR] LogOutputStream:75 - [STDERR_REDIRECT] 
2025-11-05 18:02:22,398 [ERROR] LogOutputStream:75 - [STDERR_REDIRECT] [Fatal Error] :1:1: Premature end of file.
2025-11-05 18:02:22,398 [ERROR] LogOutputStream:75 - [STDERR_REDIRECT] 
2025-11-05 18:02:23,392 [ERROR] LogOutputStream:75 - [STDERR_REDIRECT] [Fatal Error] :1:1: Premature end of file.
2025-11-05 18:02:23,393 [ERROR] LogOutputStream:75 - [STDERR_REDIRECT] 
2025-11-05 18:02:24,395 [ERROR] LogOutputStream:75 - [STDERR_REDIRECT] [Fatal Error] :1:1: Premature end of file.
2025-11-05 18:02:24,396 [ERROR] LogOutputStream:75 - [STDERR_REDIRECT] 
2025-11-05 18:02:25,393 [ERROR] LogOutputStream:75 - [STDERR_REDIRECT] [Fatal Error] :1:1: Premature end of file.
2025-11-05 18:02:25,394 [ERROR] LogOutputStream:75 - [STDERR_REDIRECT] 
2025-11-05 18:02:26,404 [ERROR] LogOutputStream:75 - [STDERR_REDIRECT] [Fatal Error] :1:1: Premature end of file.
2025-11-05 18:02:26,404 [ERROR] LogOutputStream:75 - [STDERR_REDIRECT] 
2025-11-05 18:02:27,408 [ERROR] LogOutputStream:75 - [STDERR_REDIRECT] [Fatal Error] :1:1: Premature end of file.
2025-11-05 18:02:27,408 [ERROR] LogOutputStream:75 - [STDERR_REDIRECT] 
2025-11-05 18:02:28,407 [ERROR] LogOutputStream:75 - [STDERR_REDIRECT] [Fatal Error] :1:1: Premature end of file.
2025-11-05 18:02:28,407 [ERROR] LogOutputStream:75 - [STDERR_REDIRECT] 
2025-11-05 18:02:29,405 [ERROR] LogOutputStream:75 - [STDERR_REDIRECT] [Fatal Error] :1:1: Premature end of file.
2025-11-05 18:02:29,405 [ERROR] LogOutputStream:75 - [STDERR_REDIRECT] 
2025-11-05 18:02:30,408 [ERROR] LogOutputStream:75 - [STDERR_REDIRECT] [Fatal Error] :1:1: Premature end of file.
2025-11-05 18:02:30,408 [ERROR] LogOutputStream:75 - [STDERR_REDIRECT] 
2025-11-05 18:02:31,405 [ERROR] LogOutputStream:75 - [STDERR_REDIRECT] [Fatal Error] :1:1: Premature end of file.
2025-11-05 18:02:31,406 [ERROR] LogOutputStream:75 - [STDERR_REDIRECT] 
2025-11-05 18:02:32,394 [ERROR] LogOutputStream:75 - [STDERR_REDIRECT] [Fatal Error] :1:1: Premature end of file.
2025-11-05 18:02:32,394 [ERROR] LogOutputStream:75 - [STDERR_REDIRECT] 
2025-11-05 18:02:33,380 [ERROR] LogOutputStream:75 - [STDERR_REDIRECT] [Fatal Error] :1:1: Premature end of file.
2025-11-05 18:02:33,380 [ERROR] LogOutputStream:75 - [STDERR_REDIRECT] 
2025-11-05 18:02:34,395 [ERROR] LogOutputStream:75 - [STDERR_REDIRECT] [Fatal Error] :1:1: Premature end of file.
2025-11-05 18:02:34,396 [ERROR] LogOutputStream:75 - [STDERR_REDIRECT] 
2025-11-05 18:02:35,409 [ERROR] LogOutputStream:75 - [STDERR_REDIRECT] [Fatal Error] :1:1: Premature end of file.
2025-11-05 18:02:35,410 [ERROR] LogOutputStream:75 - [STDERR_REDIRECT] 
2025-11-05 18:02:36,391 [ERROR] LogOutputStream:75 - [STDERR_REDIRECT] [Fatal Error] :1:1: Premature end of file.
2025-11-05 18:02:36,391 [ERROR] LogOutputStream:75 - [STDERR_REDIRECT] 
2025-11-05 18:02:37,380 [ERROR] LogOutputStream:75 - [STDERR_REDIRECT] [Fatal Error] :1:1: Premature end of file.
2025-11-05 18:02:37,381 [ERROR] LogOutputStream:75 - [STDERR_REDIRECT] 
2025-11-05 18:02:38,410 [ERROR] LogOutputStream:75 - [STDERR_REDIRECT] [Fatal Error] :1:1: Premature end of file.
2025-11-05 18:02:38,410 [ERROR] LogOutputStream:75 - [STDERR_REDIRECT] 
2025-11-05 18:02:39,399 [ERROR] LogOutputStream:75 - [STDERR_REDIRECT] [Fatal Error] :1:1: Premature end of file.
2025-11-05 18:02:39,400 [ERROR] LogOutputStream:75 - [STDERR_REDIRECT] 
2025-11-05 18:02:40,402 [ERROR] LogOutputStream:75 - [STDERR_REDIRECT] [Fatal Error] :1:1: Premature end of file.
2025-11-05 18:02:40,402 [ERROR] LogOutputStream:75 - [STDERR_REDIRECT] 
2025-11-05 18:02:41,401 [ERROR] LogOutputStream:75 - [STDERR_REDIRECT] [Fatal Error] :1:1: Premature end of file.
2025-11-05 18:02:41,401 [ERROR] LogOutputStream:75 - [STDERR_REDIRECT] 
2025-11-05 18:02:42,407 [ERROR] LogOutputStream:75 - [STDERR_REDIRECT] [Fatal Error] :1:1: Premature end of file.
2025-11-05 18:02:42,407 [ERROR] LogOutputStream:75 - [STDERR_REDIRECT] 
2025-11-05 18:02:43,389 [ERROR] LogOutputStream:75 - [STDERR_REDIRECT] [Fatal Error] :1:1: Premature end of file.
2025-11-05 18:02:43,389 [ERROR] LogOutputStream:75 - [STDERR_REDIRECT] 
2025-11-05 18:02:44,402 [ERROR] LogOutputStream:75 - [STDERR_REDIRECT] [Fatal Error] :1:1: Premature end of file.
2025-11-05 18:02:44,403 [ERROR] LogOutputStream:75 - [STDERR_REDIRECT] 
2025-11-05 18:02:45,377 [ERROR] LogOutputStream:75 - [STDERR_REDIRECT] [Fatal Error] :1:1: Premature end of file.
2025-11-05 18:02:45,377 [ERROR] LogOutputStream:75 - [STDERR_REDIRECT] 
2025-11-05 18:02:46,397 [ERROR] LogOutputStream:75 - [STDERR_REDIRECT] [Fatal Error] :1:1: Premature end of file.
2025-11-05 18:02:46,397 [ERROR] LogOutputStream:75 - [STDERR_REDIRECT] 
2025-11-05 18:02:47,392 [ERROR] LogOutputStream:75 - [STDERR_REDIRECT] [Fatal Error] :1:1: Premature end of file.
2025-11-05 18:02:47,392 [ERROR] LogOutputStream:75 - [STDERR_REDIRECT] 
2025-11-05 18:02:48,394 [ERROR] LogOutputStream:75 - [STDERR_REDIRECT] [Fatal Error] :1:1: Premature end of file.
2025-11-05 18:02:48,395 [ERROR] LogOutputStream:75 - [STDERR_REDIRECT] 
2025-11-05 18:02:49,408 [ERROR] LogOutputStream:75 - [STDERR_REDIRECT] [Fatal Error] :1:1: Premature end of file.
2025-11-05 18:02:49,409 [ERROR] LogOutputStream:75 - [STDERR_REDIRECT] 
2025-11-05 18:02:50,396 [ERROR] LogOutputStream:75 - [STDERR_REDIRECT] [Fatal Error] :1:1: Premature end of file.
2025-11-05 18:02:50,396 [ERROR] LogOutputStream:75 - [STDERR_REDIRECT] 
2025-11-05 18:02:51,394 [ERROR] LogOutputStream:75 - [STDERR_REDIRECT] [Fatal Error] :1:1: Premature end of file.
2025-11-05 18:02:51,395 [ERROR] LogOutputStream:75 - [STDERR_REDIRECT] 
2025-11-05 18:02:52,393 [ERROR] LogOutputStream:75 - [STDERR_REDIRECT] [Fatal Error] :1:1: Premature end of file.
2025-11-05 18:02:52,393 [ERROR] LogOutputStream:75 - [STDERR_REDIRECT] 
2025-11-05 18:02:53,390 [ERROR] LogOutputStream:75 - [STDERR_REDIRECT] [Fatal Error] :1:1: Premature end of file.
2025-11-05 18:02:53,391 [ERROR] LogOutputStream:75 - [STDERR_REDIRECT] 
2025-11-05 18:02:54,392 [ERROR] LogOutputStream:75 - [STDERR_REDIRECT] [Fatal Error] :1:1: Premature end of file.
2025-11-05 18:02:54,392 [ERROR] LogOutputStream:75 - [STDERR_REDIRECT] 
2025-11-05 18:02:55,390 [ERROR] LogOutputStream:75 - [STDERR_REDIRECT] [Fatal Error] :1:1: Premature end of file.
2025-11-05 18:02:55,390 [ERROR] LogOutputStream:75 - [STDERR_REDIRECT] 
2025-11-05 18:02:56,406 [ERROR] LogOutputStream:75 - [STDERR_REDIRECT] [Fatal Error] :1:1: Premature end of file.
2025-11-05 18:02:56,406 [ERROR] LogOutputStream:75 - [STDERR_REDIRECT] 
2025-11-05 18:02:57,390 [ERROR] LogOutputStream:75 - [STDERR_REDIRECT] [Fatal Error] :1:1: Premature end of file.
2025-11-05 18:02:57,391 [ERROR] LogOutputStream:75 - [STDERR_REDIRECT] 
2025-11-05 18:02:58,413 [ERROR] LogOutputStream:75 - [STDERR_REDIRECT] [Fatal Error] :1:1: Premature end of file.
2025-11-05 18:02:58,414 [ERROR] LogOutputStream:75 - [STDERR_REDIRECT] 
2025-11-05 18:02:59,398 [ERROR] LogOutputStream:75 - [STDERR_REDIRECT] [Fatal Error] :1:1: Premature end of file.
2025-11-05 18:02:59,398 [ERROR] LogOutputStream:75 - [STDERR_REDIRECT] 
2025-11-05 18:03:00,394 [ERROR] LogOutputStream:75 - [STDERR_REDIRECT] [Fatal Error] :1:1: Premature end of file.
2025-11-05 18:03:00,394 [ERROR] LogOutputStream:75 - [STDERR_REDIRECT] 
2025-11-05 18:03:01,398 [ERROR] LogOutputStream:75 - [STDERR_REDIRECT] [Fatal Error] :1:1: Premature end of file.
2025-11-05 18:03:01,398 [ERROR] LogOutputStream:75 - [STDERR_REDIRECT] 
2025-11-05 18:03:02,405 [ERROR] LogOutputStream:75 - [STDERR_REDIRECT] [Fatal Error] :1:1: Premature end of file.
2025-11-05 18:03:02,405 [ERROR] LogOutputStream:75 - [STDERR_REDIRECT] 
2025-11-05 18:03:03,407 [ERROR] LogOutputStream:75 - [STDERR_REDIRECT] [Fatal Error] :1:1: Premature end of file.
2025-11-05 18:03:03,408 [ERROR] LogOutputStream:75 - [STDERR_REDIRECT] 
2025-11-05 18:03:04,406 [ERROR] LogOutputStream:75 - [STDERR_REDIRECT] [Fatal Error] :1:1: Premature end of file.
2025-11-05 18:03:04,407 [ERROR] LogOutputStream:75 - [STDERR_REDIRECT] 
2025-11-05 18:03:05,394 [ERROR] LogOutputStream:75 - [STDERR_REDIRECT] [Fatal Error] :1:1: Premature end of file.
2025-11-05 18:03:05,396 [ERROR] LogOutputStream:75 - [STDERR_REDIRECT] 
2025-11-05 18:03:06,385 [ERROR] LogOutputStream:75 - [STDERR_REDIRECT] [Fatal Error] :1:1: Premature end of file.
2025-11-05 18:03:06,385 [ERROR] LogOutputStream:75 - [STDERR_REDIRECT] 
2025-11-05 18:03:07,401 [ERROR] LogOutputStream:75 - [STDERR_REDIRECT] [Fatal Error] :1:1: Premature end of file.
2025-11-05 18:03:07,401 [ERROR] LogOutputStream:75 - [STDERR_REDIRECT] 
2025-11-05 18:03:08,391 [ERROR] LogOutputStream:75 - [STDERR_REDIRECT] [Fatal Error] :1:1: Premature end of file.
2025-11-05 18:03:08,391 [ERROR] LogOutputStream:75 - [STDERR_REDIRECT] 
2025-11-05 18:03:09,397 [ERROR] LogOutputStream:75 - [STDERR_REDIRECT] [Fatal Error] :1:1: Premature end of file.
2025-11-05 18:03:09,398 [ERROR] LogOutputStream:75 - [STDERR_REDIRECT] 
2025-11-05 18:03:10,397 [ERROR] LogOutputStream:75 - [STDERR_REDIRECT] [Fatal Error] :1:1: Premature end of file.
2025-11-05 18:03:10,399 [ERROR] LogOutputStream:75 - [STDERR_REDIRECT] 
2025-11-05 18:03:11,398 [ERROR] LogOutputStream:75 - [STDERR_REDIRECT] [Fatal Error] :1:1: Premature end of file.
2025-11-05 18:03:11,399 [ERROR] LogOutputStream:75 - [STDERR_REDIRECT] 
2025-11-05 18:03:12,373 [ERROR] LogOutputStream:75 - [STDERR_REDIRECT] [Fatal Error] :1:1: Premature end of file.
2025-11-05 18:03:12,373 [ERROR] LogOutputStream:75 - [STDERR_REDIRECT] 
2025-11-05 18:03:13,406 [ERROR] LogOutputStream:75 - [STDERR_REDIRECT] [Fatal Error] :1:1: Premature end of file.
2025-11-05 18:03:13,407 [ERROR] LogOutputStream:75 - [STDERR_REDIRECT] 
2025-11-05 18:03:14,406 [ERROR] LogOutputStream:75 - [STDERR_REDIRECT] [Fatal Error] :1:1: Premature end of file.
2025-11-05 18:03:14,407 [ERROR] LogOutputStream:75 - [STDERR_REDIRECT] 
2025-11-05 18:03:15,408 [ERROR] LogOutputStream:75 - [STDERR_REDIRECT] [Fatal Error] :1:1: Premature end of file.
2025-11-05 18:03:15,408 [ERROR] LogOutputStream:75 - [STDERR_REDIRECT] 
2025-11-05 18:03:16,414 [ERROR] LogOutputStream:75 - [STDERR_REDIRECT] [Fatal Error] :1:1: Premature end of file.
2025-11-05 18:03:16,415 [ERROR] LogOutputStream:75 - [STDERR_REDIRECT] 
2025-11-05 18:03:17,399 [ERROR] LogOutputStream:75 - [STDERR_REDIRECT] [Fatal Error] :1:1: Premature end of file.
2025-11-05 18:03:17,400 [ERROR] LogOutputStream:75 - [STDERR_REDIRECT] 
2025-11-05 18:03:18,395 [ERROR] LogOutputStream:75 - [STDERR_REDIRECT] [Fatal Error] :1:1: Premature end of file.
2025-11-05 18:03:18,395 [ERROR] LogOutputStream:75 - [STDERR_REDIRECT] 
2025-11-05 18:03:19,394 [ERROR] LogOutputStream:75 - [STDERR_REDIRECT] [Fatal Error] :1:1: Premature end of file.
2025-11-05 18:03:19,394 [ERROR] LogOutputStream:75 - [STDERR_REDIRECT] 
2025-11-05 18:03:20,410 [ERROR] LogOutputStream:75 - [STDERR_REDIRECT] [Fatal Error] :1:1: Premature end of file.
2025-11-05 18:03:20,411 [ERROR] LogOutputStream:75 - [STDERR_REDIRECT] 
2025-11-05 18:03:21,400 [ERROR] LogOutputStream:75 - [STDERR_REDIRECT] [Fatal Error] :1:1: Premature end of file.
2025-11-05 18:03:21,400 [ERROR] LogOutputStream:75 - [STDERR_REDIRECT] 
2025-11-05 18:03:22,403 [ERROR] LogOutputStream:75 - [STDERR_REDIRECT] [Fatal Error] :1:1: Premature end of file.
2025-11-05 18:03:22,404 [ERROR] LogOutputStream:75 - [STDERR_REDIRECT] 
2025-11-05 18:03:23,394 [ERROR] LogOutputStream:75 - [STDERR_REDIRECT] [Fatal Error] :1:1: Premature end of file.
2025-11-05 18:03:23,394 [ERROR] LogOutputStream:75 - [STDERR_REDIRECT] 
2025-11-05 18:03:24,393 [ERROR] LogOutputStream:75 - [STDERR_REDIRECT] [Fatal Error] :1:1: Premature end of file.
2025-11-05 18:03:24,394 [ERROR] LogOutputStream:75 - [STDERR_REDIRECT] 
2025-11-05 18:03:25,396 [ERROR] LogOutputStream:75 - [STDERR_REDIRECT] [Fatal Error] :1:1: Premature end of file.
2025-11-05 18:03:25,397 [ERROR] LogOutputStream:75 - [STDERR_REDIRECT] 
2025-11-05 18:03:26,398 [ERROR] LogOutputStream:75 - [STDERR_REDIRECT] [Fatal Error] :1:1: Premature end of file.
2025-11-05 18:03:26,399 [ERROR] LogOutputStream:75 - [STDERR_REDIRECT] 
2025-11-05 18:03:27,399 [ERROR] LogOutputStream:75 - [STDERR_REDIRECT] [Fatal Error] :1:1: Premature end of file.
2025-11-05 18:03:27,400 [ERROR] LogOutputStream:75 - [STDERR_REDIRECT] 
2025-11-05 18:03:28,398 [ERROR] LogOutputStream:75 - [STDERR_REDIRECT] [Fatal Error] :1:1: Premature end of file.
2025-11-05 18:03:28,399 [ERROR] LogOutputStream:75 - [STDERR_REDIRECT] 
2025-11-05 18:03:29,400 [ERROR] LogOutputStream:75 - [STDERR_REDIRECT] [Fatal Error] :1:1: Premature end of file.
2025-11-05 18:03:29,401 [ERROR] LogOutputStream:75 - [STDERR_REDIRECT] 
2025-11-05 18:03:30,396 [ERROR] LogOutputStream:75 - [STDERR_REDIRECT] [Fatal Error] :1:1: Premature end of file.
2025-11-05 18:03:30,396 [ERROR] LogOutputStream:75 - [STDERR_REDIRECT] 
2025-11-05 18:03:31,404 [ERROR] LogOutputStream:75 - [STDERR_REDIRECT] [Fatal Error] :1:1: Premature end of file.
2025-11-05 18:03:31,404 [ERROR] LogOutputStream:75 - [STDERR_REDIRECT] 
2025-11-05 18:03:32,407 [ERROR] LogOutputStream:75 - [STDERR_REDIRECT] [Fatal Error] :1:1: Premature end of file.
2025-11-05 18:03:32,408 [ERROR] LogOutputStream:75 - [STDERR_REDIRECT] 
2025-11-05 18:03:33,401 [ERROR] LogOutputStream:75 - [STDERR_REDIRECT] [Fatal Error] :1:1: Premature end of file.
2025-11-05 18:03:33,401 [ERROR] LogOutputStream:75 - [STDERR_REDIRECT] 
2025-11-05 18:03:34,387 [ERROR] LogOutputStream:75 - [STDERR_REDIRECT] [Fatal Error] :1:1: Premature end of file.
2025-11-05 18:03:34,387 [ERROR] LogOutputStream:75 - [STDERR_REDIRECT] 
2025-11-05 18:03:35,384 [ERROR] LogOutputStream:75 - [STDERR_REDIRECT] [Fatal Error] :1:1: Premature end of file.
2025-11-05 18:03:35,385 [ERROR] LogOutputStream:75 - [STDERR_REDIRECT] 
2025-11-05 18:03:36,395 [ERROR] LogOutputStream:75 - [STDERR_REDIRECT] [Fatal Error] :1:1: Premature end of file.
2025-11-05 18:03:36,397 [ERROR] LogOutputStream:75 - [STDERR_REDIRECT] 
2025-11-05 18:03:37,398 [ERROR] LogOutputStream:75 - [STDERR_REDIRECT] [Fatal Error] :1:1: Premature end of file.
2025-11-05 18:03:37,399 [ERROR] LogOutputStream:75 - [STDERR_REDIRECT] 
2025-11-05 18:03:38,397 [ERROR] LogOutputStream:75 - [STDERR_REDIRECT] [Fatal Error] :1:1: Premature end of file.
2025-11-05 18:03:38,398 [ERROR] LogOutputStream:75 - [STDERR_REDIRECT] 
2025-11-05 18:03:39,395 [ERROR] LogOutputStream:75 - [STDERR_REDIRECT] [Fatal Error] :1:1: Premature end of file.
2025-11-05 18:03:39,395 [ERROR] LogOutputStream:75 - [STDERR_REDIRECT] 
2025-11-05 18:03:40,390 [ERROR] LogOutputStream:75 - [STDERR_REDIRECT] [Fatal Error] :1:1: Premature end of file.
2025-11-05 18:03:40,391 [ERROR] LogOutputStream:75 - [STDERR_REDIRECT] 
2025-11-05 18:03:41,389 [ERROR] LogOutputStream:75 - [STDERR_REDIRECT] [Fatal Error] :1:1: Premature end of file.
2025-11-05 18:03:41,390 [ERROR] LogOutputStream:75 - [STDERR_REDIRECT] 
2025-11-05 18:03:42,384 [ERROR] LogOutputStream:75 - [STDERR_REDIRECT] [Fatal Error] :1:1: Premature end of file.
2025-11-05 18:03:42,385 [ERROR] LogOutputStream:75 - [STDERR_REDIRECT] 
2025-11-05 18:03:43,397 [ERROR] LogOutputStream:75 - [STDERR_REDIRECT] [Fatal Error] :1:1: Premature end of file.
2025-11-05 18:03:43,397 [ERROR] LogOutputStream:75 - [STDERR_REDIRECT] 
2025-11-05 18:03:44,395 [ERROR] LogOutputStream:75 - [STDERR_REDIRECT] [Fatal Error] :1:1: Premature end of file.
2025-11-05 18:03:44,395 [ERROR] LogOutputStream:75 - [STDERR_REDIRECT] 
2025-11-05 18:03:45,381 [ERROR] LogOutputStream:75 - [STDERR_REDIRECT] [Fatal Error] :1:1: Premature end of file.
2025-11-05 18:03:45,382 [ERROR] LogOutputStream:75 - [STDERR_REDIRECT] 
2025-11-05 18:03:46,387 [ERROR] LogOutputStream:75 - [STDERR_REDIRECT] [Fatal Error] :1:1: Premature end of file.
2025-11-05 18:03:46,387 [ERROR] LogOutputStream:75 - [STDERR_REDIRECT] 
2025-11-05 18:03:47,388 [ERROR] LogOutputStream:75 - [STDERR_REDIRECT] [Fatal Error] :1:1: Premature end of file.
2025-11-05 18:03:47,388 [ERROR] LogOutputStream:75 - [STDERR_REDIRECT] 
2025-11-05 18:03:48,390 [ERROR] LogOutputStream:75 - [STDERR_REDIRECT] [Fatal Error] :1:1: Premature end of file.
2025-11-05 18:03:48,390 [ERROR] LogOutputStream:75 - [STDERR_REDIRECT] 
2025-11-05 18:03:49,391 [ERROR] LogOutputStream:75 - [STDERR_REDIRECT] [Fatal Error] :1:1: Premature end of file.
2025-11-05 18:03:49,392 [ERROR] LogOutputStream:75 - [STDERR_REDIRECT] 
2025-11-05 18:03:50,389 [ERROR] LogOutputStream:75 - [STDERR_REDIRECT] [Fatal Error] :1:1: Premature end of file.
2025-11-05 18:03:50,389 [ERROR] LogOutputStream:75 - [STDERR_REDIRECT] 
2025-11-05 18:03:51,397 [ERROR] LogOutputStream:75 - [STDERR_REDIRECT] [Fatal Error] :1:1: Premature end of file.
2025-11-05 18:03:51,397 [ERROR] LogOutputStream:75 - [STDERR_REDIRECT] 
2025-11-05 18:03:52,383 [ERROR] LogOutputStream:75 - [STDERR_REDIRECT] [Fatal Error] :1:1: Premature end of file.
2025-11-05 18:03:52,383 [ERROR] LogOutputStream:75 - [STDERR_REDIRECT] 
2025-11-05 18:03:53,394 [ERROR] LogOutputStream:75 - [STDERR_REDIRECT] [Fatal Error] :1:1: Premature end of file.
2025-11-05 18:03:53,394 [ERROR] LogOutputStream:75 - [STDERR_REDIRECT] 
2025-11-05 18:03:54,385 [ERROR] LogOutputStream:75 - [STDERR_REDIRECT] [Fatal Error] :1:1: Premature end of file.
2025-11-05 18:03:54,386 [ERROR] LogOutputStream:75 - [STDERR_REDIRECT] 
2025-11-05 18:03:55,393 [ERROR] LogOutputStream:75 - [STDERR_REDIRECT] [Fatal Error] :1:1: Premature end of file.
2025-11-05 18:03:55,393 [ERROR] LogOutputStream:75 - [STDERR_REDIRECT] 
2025-11-05 18:03:56,389 [ERROR] LogOutputStream:75 - [STDERR_REDIRECT] [Fatal Error] :1:1: Premature end of file.
2025-11-05 18:03:56,390 [ERROR] LogOutputStream:75 - [STDERR_REDIRECT] 
2025-11-05 18:03:57,387 [ERROR] LogOutputStream:75 - [STDERR_REDIRECT] [Fatal Error] :1:1: Premature end of file.
2025-11-05 18:03:57,387 [ERROR] LogOutputStream:75 - [STDERR_REDIRECT] 
2025-11-05 18:03:58,383 [ERROR] LogOutputStream:75 - [STDERR_REDIRECT] [Fatal Error] :1:1: Premature end of file.
2025-11-05 18:03:58,383 [ERROR] LogOutputStream:75 - [STDERR_REDIRECT] 
2025-11-05 18:03:59,381 [ERROR] LogOutputStream:75 - [STDERR_REDIRECT] [Fatal Error] :1:1: Premature end of file.
2025-11-05 18:03:59,381 [ERROR] LogOutputStream:75 - [STDERR_REDIRECT] 
2025-11-05 18:04:00,395 [ERROR] LogOutputStream:75 - [STDERR_REDIRECT] [Fatal Error] :1:1: Premature end of file.
2025-11-05 18:04:00,395 [ERROR] LogOutputStream:75 - [STDERR_REDIRECT] 
2025-11-05 18:04:01,380 [ERROR] LogOutputStream:75 - [STDERR_REDIRECT] [Fatal Error] :1:1: Premature end of file.
2025-11-05 18:04:01,380 [ERROR] LogOutputStream:75 - [STDERR_REDIRECT] 
2025-11-05 18:04:02,383 [ERROR] LogOutputStream:75 - [STDERR_REDIRECT] [Fatal Error] :1:1: Premature end of file.
2025-11-05 18:04:02,383 [ERROR] LogOutputStream:75 - [STDERR_REDIRECT] 
2025-11-05 18:04:03,382 [ERROR] LogOutputStream:75 - [STDERR_REDIRECT] [Fatal Error] :1:1: Premature end of file.
2025-11-05 18:04:03,383 [ERROR] LogOutputStream:75 - [STDERR_REDIRECT] 
2025-11-05 18:04:04,385 [ERROR] LogOutputStream:75 - [STDERR_REDIRECT] [Fatal Error] :1:1: Premature end of file.
2025-11-05 18:04:04,386 [ERROR] LogOutputStream:75 - [STDERR_REDIRECT] 
2025-11-05 18:04:05,385 [ERROR] LogOutputStream:75 - [STDERR_REDIRECT] [Fatal Error] :1:1: Premature end of file.
2025-11-05 18:04:05,385 [ERROR] LogOutputStream:75 - [STDERR_REDIRECT] 
2025-11-05 18:04:06,384 [ERROR] LogOutputStream:75 - [STDERR_REDIRECT] [Fatal Error] :1:1: Premature end of file.
2025-11-05 18:04:06,384 [ERROR] LogOutputStream:75 - [STDERR_REDIRECT] 
2025-11-05 18:04:07,385 [ERROR] LogOutputStream:75 - [STDERR_REDIRECT] [Fatal Error] :1:1: Premature end of file.
2025-11-05 18:04:07,386 [ERROR] LogOutputStream:75 - [STDERR_REDIRECT] 
2025-11-05 18:04:08,395 [ERROR] LogOutputStream:75 - [STDERR_REDIRECT] [Fatal Error] :1:1: Premature end of file.
2025-11-05 18:04:08,395 [ERROR] LogOutputStream:75 - [STDERR_REDIRECT] 
2025-11-05 18:04:09,396 [ERROR] LogOutputStream:75 - [STDERR_REDIRECT] [Fatal Error] :1:1: Premature end of file.
2025-11-05 18:04:09,396 [ERROR] LogOutputStream:75 - [STDERR_REDIRECT] 
2025-11-05 18:04:10,399 [ERROR] LogOutputStream:75 - [STDERR_REDIRECT] [Fatal Error] :1:1: Premature end of file.
2025-11-05 18:04:10,399 [ERROR] LogOutputStream:75 - [STDERR_REDIRECT] 
2025-11-05 18:04:11,393 [ERROR] LogOutputStream:75 - [STDERR_REDIRECT] [Fatal Error] :1:1: Premature end of file.
2025-11-05 18:04:11,393 [ERROR] LogOutputStream:75 - [STDERR_REDIRECT] 
2025-11-05 18:04:12,395 [ERROR] LogOutputStream:75 - [STDERR_REDIRECT] [Fatal Error] :1:1: Premature end of file.
2025-11-05 18:04:12,395 [ERROR] LogOutputStream:75 - [STDERR_REDIRECT] 
2025-11-05 18:04:13,389 [ERROR] LogOutputStream:75 - [STDERR_REDIRECT] [Fatal Error] :1:1: Premature end of file.
2025-11-05 18:04:13,389 [ERROR] LogOutputStream:75 - [STDERR_REDIRECT] 
2025-11-05 18:04:14,389 [ERROR] LogOutputStream:75 - [STDERR_REDIRECT] [Fatal Error] :1:1: Premature end of file.
2025-11-05 18:04:14,389 [ERROR] LogOutputStream:75 - [STDERR_REDIRECT] 
2025-11-05 18:04:15,392 [ERROR] LogOutputStream:75 - [STDERR_REDIRECT] [Fatal Error] :1:1: Premature end of file.
2025-11-05 18:04:15,392 [ERROR] LogOutputStream:75 - [STDERR_REDIRECT] 
2025-11-05 18:04:16,392 [ERROR] LogOutputStream:75 - [STDERR_REDIRECT] [Fatal Error] :1:1: Premature end of file.
2025-11-05 18:04:16,392 [ERROR] LogOutputStream:75 - [STDERR_REDIRECT] 
2025-11-05 18:04:17,395 [ERROR] LogOutputStream:75 - [STDERR_REDIRECT] [Fatal Error] :1:1: Premature end of file.
2025-11-05 18:04:17,396 [ERROR] LogOutputStream:75 - [STDERR_REDIRECT] 
2025-11-05 18:04:18,394 [ERROR] LogOutputStream:75 - [STDERR_REDIRECT] [Fatal Error] :1:1: Premature end of file.
2025-11-05 18:04:18,394 [ERROR] LogOutputStream:75 - [STDERR_REDIRECT] 
2025-11-05 18:04:19,389 [ERROR] LogOutputStream:75 - [STDERR_REDIRECT] [Fatal Error] :1:1: Premature end of file.
2025-11-05 18:04:19,390 [ERROR] LogOutputStream:75 - [STDERR_REDIRECT] 
2025-11-05 18:04:20,397 [ERROR] LogOutputStream:75 - [STDERR_REDIRECT] [Fatal Error] :1:1: Premature end of file.
2025-11-05 18:04:20,397 [ERROR] LogOutputStream:75 - [STDERR_REDIRECT] 
2025-11-05 18:04:21,394 [ERROR] LogOutputStream:75 - [STDERR_REDIRECT] [Fatal Error] :1:1: Premature end of file.
2025-11-05 18:04:21,395 [ERROR] LogOutputStream:75 - [STDERR_REDIRECT] 
2025-11-05 18:04:22,397 [ERROR] LogOutputStream:75 - [STDERR_REDIRECT] [Fatal Error] :1:1: Premature end of file.
2025-11-05 18:04:22,397 [ERROR] LogOutputStream:75 - [STDERR_REDIRECT] 
2025-11-05 18:04:23,385 [ERROR] LogOutputStream:75 - [STDERR_REDIRECT] [Fatal Error] :1:1: Premature end of file.
2025-11-05 18:04:23,385 [ERROR] LogOutputStream:75 - [STDERR_REDIRECT] 
2025-11-05 18:04:24,382 [ERROR] LogOutputStream:75 - [STDERR_REDIRECT] [Fatal Error] :1:1: Premature end of file.
2025-11-05 18:04:24,382 [ERROR] LogOutputStream:75 - [STDERR_REDIRECT] 
2025-11-05 18:04:25,392 [ERROR] LogOutputStream:75 - [STDERR_REDIRECT] [Fatal Error] :1:1: Premature end of file.
2025-11-05 18:04:25,392 [ERROR] LogOutputStream:75 - [STDERR_REDIRECT] 
2025-11-05 18:04:26,389 [ERROR] LogOutputStream:75 - [STDERR_REDIRECT] [Fatal Error] :1:1: Premature end of file.
2025-11-05 18:04:26,389 [ERROR] LogOutputStream:75 - [STDERR_REDIRECT] 
2025-11-05 18:04:27,389 [ERROR] LogOutputStream:75 - [STDERR_REDIRECT] [Fatal Error] :1:1: Premature end of file.
2025-11-05 18:04:27,389 [ERROR] LogOutputStream:75 - [STDERR_REDIRECT] 
2025-11-05 18:04:28,393 [ERROR] LogOutputStream:75 - [STDERR_REDIRECT] [Fatal Error] :1:1: Premature end of file.
2025-11-05 18:04:28,393 [ERROR] LogOutputStream:75 - [STDERR_REDIRECT] 
2025-11-05 18:04:29,400 [ERROR] LogOutputStream:75 - [STDERR_REDIRECT] [Fatal Error] :1:1: Premature end of file.
2025-11-05 18:04:29,400 [ERROR] LogOutputStream:75 - [STDERR_REDIRECT] 
2025-11-05 18:04:30,379 [ERROR] LogOutputStream:75 - [STDERR_REDIRECT] [Fatal Error] :1:1: Premature end of file.
2025-11-05 18:04:30,380 [ERROR] LogOutputStream:75 - [STDERR_REDIRECT] 
2025-11-05 18:04:31,392 [ERROR] LogOutputStream:75 - [STDERR_REDIRECT] [Fatal Error] :1:1: Premature end of file.
2025-11-05 18:04:31,393 [ERROR] LogOutputStream:75 - [STDERR_REDIRECT] 
2025-11-05 18:04:32,397 [ERROR] LogOutputStream:75 - [STDERR_REDIRECT] [Fatal Error] :1:1: Premature end of file.
2025-11-05 18:04:32,397 [ERROR] LogOutputStream:75 - [STDERR_REDIRECT] 
2025-11-05 18:04:33,398 [ERROR] LogOutputStream:75 - [STDERR_REDIRECT] [Fatal Error] :1:1: Premature end of file.
2025-11-05 18:04:33,398 [ERROR] LogOutputStream:75 - [STDERR_REDIRECT] 
2025-11-05 18:04:34,397 [ERROR] LogOutputStream:75 - [STDERR_REDIRECT] [Fatal Error] :1:1: Premature end of file.
2025-11-05 18:04:34,397 [ERROR] LogOutputStream:75 - [STDERR_REDIRECT] 
2025-11-05 18:04:35,394 [ERROR] LogOutputStream:75 - [STDERR_REDIRECT] [Fatal Error] :1:1: Premature end of file.
2025-11-05 18:04:35,394 [ERROR] LogOutputStream:75 - [STDERR_REDIRECT] 
2025-11-05 18:04:36,393 [ERROR] LogOutputStream:75 - [STDERR_REDIRECT] [Fatal Error] :1:1: Premature end of file.
2025-11-05 18:04:36,394 [ERROR] LogOutputStream:75 - [STDERR_REDIRECT] 
2025-11-05 18:04:37,396 [ERROR] LogOutputStream:75 - [STDERR_REDIRECT] [Fatal Error] :1:1: Premature end of file.
2025-11-05 18:04:37,397 [ERROR] LogOutputStream:75 - [STDERR_REDIRECT] 
2025-11-05 18:04:38,398 [ERROR] LogOutputStream:75 - [STDERR_REDIRECT] [Fatal Error] :1:1: Premature end of file.
2025-11-05 18:04:38,398 [ERROR] LogOutputStream:75 - [STDERR_REDIRECT] 
2025-11-05 18:04:39,395 [ERROR] LogOutputStream:75 - [STDERR_REDIRECT] [Fatal Error] :1:1: Premature end of file.
2025-11-05 18:04:39,395 [ERROR] LogOutputStream:75 - [STDERR_REDIRECT] 
2025-11-05 18:04:40,395 [ERROR] LogOutputStream:75 - [STDERR_REDIRECT] [Fatal Error] :1:1: Premature end of file.
2025-11-05 18:04:40,395 [ERROR] LogOutputStream:75 - [STDERR_REDIRECT] 
2025-11-05 18:04:41,396 [ERROR] LogOutputStream:75 - [STDERR_REDIRECT] [Fatal Error] :1:1: Premature end of file.
2025-11-05 18:04:41,397 [ERROR] LogOutputStream:75 - [STDERR_REDIRECT] 
2025-11-05 18:04:42,402 [ERROR] LogOutputStream:75 - [STDERR_REDIRECT] [Fatal Error] :1:1: Premature end of file.
2025-11-05 18:04:42,402 [ERROR] LogOutputStream:75 - [STDERR_REDIRECT] 
2025-11-05 18:04:43,394 [ERROR] LogOutputStream:75 - [STDERR_REDIRECT] [Fatal Error] :1:1: Premature end of file.
2025-11-05 18:04:43,395 [ERROR] LogOutputStream:75 - [STDERR_REDIRECT] 
2025-11-05 18:04:44,391 [ERROR] LogOutputStream:75 - [STDERR_REDIRECT] [Fatal Error] :1:1: Premature end of file.
2025-11-05 18:04:44,391 [ERROR] LogOutputStream:75 - [STDERR_REDIRECT] 
2025-11-05 18:04:45,393 [ERROR] LogOutputStream:75 - [STDERR_REDIRECT] [Fatal Error] :1:1: Premature end of file.
2025-11-05 18:04:45,393 [ERROR] LogOutputStream:75 - [STDERR_REDIRECT] 
2025-11-05 18:04:46,393 [ERROR] LogOutputStream:75 - [STDERR_REDIRECT] [Fatal Error] :1:1: Premature end of file.
2025-11-05 18:04:46,393 [ERROR] LogOutputStream:75 - [STDERR_REDIRECT] 
2025-11-05 18:04:47,392 [ERROR] LogOutputStream:75 - [STDERR_REDIRECT] [Fatal Error] :1:1: Premature end of file.
2025-11-05 18:04:47,392 [ERROR] LogOutputStream:75 - [STDERR_REDIRECT] 
2025-11-05 18:04:48,395 [ERROR] LogOutputStream:75 - [STDERR_REDIRECT] [Fatal Error] :1:1: Premature end of file.
2025-11-05 18:04:48,396 [ERROR] LogOutputStream:75 - [STDERR_REDIRECT] 
2025-11-05 18:04:49,389 [ERROR] LogOutputStream:75 - [STDERR_REDIRECT] [Fatal Error] :1:1: Premature end of file.
2025-11-05 18:04:49,390 [ERROR] LogOutputStream:75 - [STDERR_REDIRECT] 
2025-11-05 18:04:50,390 [ERROR] LogOutputStream:75 - [STDERR_REDIRECT] [Fatal Error] :1:1: Premature end of file.
2025-11-05 18:04:50,390 [ERROR] LogOutputStream:75 - [STDERR_REDIRECT] 
2025-11-05 18:04:51,387 [ERROR] LogOutputStream:75 - [STDERR_REDIRECT] [Fatal Error] :1:1: Premature end of file.
2025-11-05 18:04:51,388 [ERROR] LogOutputStream:75 - [STDERR_REDIRECT] 
2025-11-05 18:04:52,399 [ERROR] LogOutputStream:75 - [STDERR_REDIRECT] [Fatal Error] :1:1: Premature end of file.
2025-11-05 18:04:52,400 [ERROR] LogOutputStream:75 - [STDERR_REDIRECT] 
2025-11-05 18:04:53,399 [ERROR] LogOutputStream:75 - [STDERR_REDIRECT] [Fatal Error] :1:1: Premature end of file.
2025-11-05 18:04:53,399 [ERROR] LogOutputStream:75 - [STDERR_REDIRECT] 
2025-11-05 18:04:54,402 [ERROR] LogOutputStream:75 - [STDERR_REDIRECT] [Fatal Error] :1:1: Premature end of file.
2025-11-05 18:04:54,402 [ERROR] LogOutputStream:75 - [STDERR_REDIRECT] 
2025-11-05 18:04:55,406 [ERROR] LogOutputStream:75 - [STDERR_REDIRECT] [Fatal Error] :1:1: Premature end of file.
2025-11-05 18:04:55,406 [ERROR] LogOutputStream:75 - [STDERR_REDIRECT] 
2025-11-05 18:04:56,390 [ERROR] LogOutputStream:75 - [STDERR_REDIRECT] [Fatal Error] :1:1: Premature end of file.
2025-11-05 18:04:56,390 [ERROR] LogOutputStream:75 - [STDERR_REDIRECT] 
2025-11-05 18:04:57,392 [ERROR] LogOutputStream:75 - [STDERR_REDIRECT] [Fatal Error] :1:1: Premature end of file.
2025-11-05 18:04:57,392 [ERROR] LogOutputStream:75 - [STDERR_REDIRECT] 
2025-11-05 18:04:58,392 [ERROR] LogOutputStream:75 - [STDERR_REDIRECT] [Fatal Error] :1:1: Premature end of file.
2025-11-05 18:04:58,393 [ERROR] LogOutputStream:75 - [STDERR_REDIRECT] 
2025-11-05 18:04:59,389 [ERROR] LogOutputStream:75 - [STDERR_REDIRECT] [Fatal Error] :1:1: Premature end of file.
2025-11-05 18:04:59,390 [ERROR] LogOutputStream:75 - [STDERR_REDIRECT] 
2025-11-05 18:05:00,395 [ERROR] LogOutputStream:75 - [STDERR_REDIRECT] [Fatal Error] :1:1: Premature end of file.
2025-11-05 18:05:00,395 [ERROR] LogOutputStream:75 - [STDERR_REDIRECT] 
2025-11-05 18:05:01,400 [ERROR] LogOutputStream:75 - [STDERR_REDIRECT] [Fatal Error] :1:1: Premature end of file.
2025-11-05 18:05:01,401 [ERROR] LogOutputStream:75 - [STDERR_REDIRECT] 
2025-11-05 18:05:02,387 [ERROR] LogOutputStream:75 - [STDERR_REDIRECT] [Fatal Error] :1:1: Premature end of file.
2025-11-05 18:05:02,388 [ERROR] LogOutputStream:75 - [STDERR_REDIRECT] 
2025-11-05 18:05:03,394 [ERROR] LogOutputStream:75 - [STDERR_REDIRECT] [Fatal Error] :1:1: Premature end of file.
2025-11-05 18:05:03,395 [ERROR] LogOutputStream:75 - [STDERR_REDIRECT] 
2025-11-05 18:05:04,399 [ERROR] LogOutputStream:75 - [STDERR_REDIRECT] [Fatal Error] :1:1: Premature end of file.
2025-11-05 18:05:04,400 [ERROR] LogOutputStream:75 - [STDERR_REDIRECT] 
2025-11-05 18:05:05,398 [ERROR] LogOutputStream:75 - [STDERR_REDIRECT] [Fatal Error] :1:1: Premature end of file.
2025-11-05 18:05:05,398 [ERROR] LogOutputStream:75 - [STDERR_REDIRECT] 
2025-11-05 18:05:06,393 [ERROR] LogOutputStream:75 - [STDERR_REDIRECT] [Fatal Error] :1:1: Premature end of file.
2025-11-05 18:05:06,393 [ERROR] LogOutputStream:75 - [STDERR_REDIRECT] 
2025-11-05 18:05:07,400 [ERROR] LogOutputStream:75 - [STDERR_REDIRECT] [Fatal Error] :1:1: Premature end of file.
2025-11-05 18:05:07,401 [ERROR] LogOutputStream:75 - [STDERR_REDIRECT] 
2025-11-05 18:05:08,393 [ERROR] LogOutputStream:75 - [STDERR_REDIRECT] [Fatal Error] :1:1: Premature end of file.
2025-11-05 18:05:08,393 [ERROR] LogOutputStream:75 - [STDERR_REDIRECT] 
2025-11-05 18:05:09,392 [ERROR] LogOutputStream:75 - [STDERR_REDIRECT] [Fatal Error] :1:1: Premature end of file.
2025-11-05 18:05:09,392 [ERROR] LogOutputStream:75 - [STDERR_REDIRECT] 
2025-11-05 18:05:10,392 [ERROR] LogOutputStream:75 - [STDERR_REDIRECT] [Fatal Error] :1:1: Premature end of file.
2025-11-05 18:05:10,392 [ERROR] LogOutputStream:75 - [STDERR_REDIRECT] 
2025-11-05 18:05:11,385 [ERROR] LogOutputStream:75 - [STDERR_REDIRECT] [Fatal Error] :1:1: Premature end of file.
2025-11-05 18:05:11,385 [ERROR] LogOutputStream:75 - [STDERR_REDIRECT] 
2025-11-05 18:05:12,399 [ERROR] LogOutputStream:75 - [STDERR_REDIRECT] [Fatal Error] :1:1: Premature end of file.
2025-11-05 18:05:12,400 [ERROR] LogOutputStream:75 - [STDERR_REDIRECT] 
2025-11-05 18:05:13,386 [ERROR] LogOutputStream:75 - [STDERR_REDIRECT] [Fatal Error] :1:1: Premature end of file.
2025-11-05 18:05:13,388 [ERROR] LogOutputStream:75 - [STDERR_REDIRECT] 
2025-11-05 18:05:14,385 [ERROR] LogOutputStream:75 - [STDERR_REDIRECT] [Fatal Error] :1:1: Premature end of file.
2025-11-05 18:05:14,386 [ERROR] LogOutputStream:75 - [STDERR_REDIRECT] 
2025-11-05 18:05:15,384 [ERROR] LogOutputStream:75 - [STDERR_REDIRECT] [Fatal Error] :1:1: Premature end of file.
2025-11-05 18:05:15,386 [ERROR] LogOutputStream:75 - [STDERR_REDIRECT] 
2025-11-05 18:05:16,390 [ERROR] LogOutputStream:75 - [STDERR_REDIRECT] [Fatal Error] :1:1: Premature end of file.
2025-11-05 18:05:16,391 [ERROR] LogOutputStream:75 - [STDERR_REDIRECT] 
2025-11-05 18:05:17,383 [ERROR] LogOutputStream:75 - [STDERR_REDIRECT] [Fatal Error] :1:1: Premature end of file.
2025-11-05 18:05:17,384 [ERROR] LogOutputStream:75 - [STDERR_REDIRECT] 
2025-11-05 18:05:18,406 [ERROR] LogOutputStream:75 - [STDERR_REDIRECT] [Fatal Error] :1:1: Premature end of file.
2025-11-05 18:05:18,407 [ERROR] LogOutputStream:75 - [STDERR_REDIRECT] 
2025-11-05 18:05:19,401 [ERROR] LogOutputStream:75 - [STDERR_REDIRECT] [Fatal Error] :1:1: Premature end of file.
2025-11-05 18:05:19,401 [ERROR] LogOutputStream:75 - [STDERR_REDIRECT] 
2025-11-05 18:05:20,401 [ERROR] LogOutputStream:75 - [STDERR_REDIRECT] [Fatal Error] :1:1: Premature end of file.
2025-11-05 18:05:20,401 [ERROR] LogOutputStream:75 - [STDERR_REDIRECT] 
2025-11-05 18:05:21,386 [ERROR] LogOutputStream:75 - [STDERR_REDIRECT] [Fatal Error] :1:1: Premature end of file.
2025-11-05 18:05:21,387 [ERROR] LogOutputStream:75 - [STDERR_REDIRECT] 
2025-11-05 18:05:22,401 [ERROR] LogOutputStream:75 - [STDERR_REDIRECT] [Fatal Error] :1:1: Premature end of file.
2025-11-05 18:05:22,402 [ERROR] LogOutputStream:75 - [STDERR_REDIRECT] 
2025-11-05 18:05:23,394 [ERROR] LogOutputStream:75 - [STDERR_REDIRECT] [Fatal Error] :1:1: Premature end of file.
2025-11-05 18:05:23,394 [ERROR] LogOutputStream:75 - [STDERR_REDIRECT] 
2025-11-05 18:05:24,397 [ERROR] LogOutputStream:75 - [STDERR_REDIRECT] [Fatal Error] :1:1: Premature end of file.
2025-11-05 18:05:24,398 [ERROR] LogOutputStream:75 - [STDERR_REDIRECT] 
2025-11-05 18:05:25,390 [ERROR] LogOutputStream:75 - [STDERR_REDIRECT] [Fatal Error] :1:1: Premature end of file.
2025-11-05 18:05:25,391 [ERROR] LogOutputStream:75 - [STDERR_REDIRECT] 
2025-11-05 18:05:26,401 [ERROR] LogOutputStream:75 - [STDERR_REDIRECT] [Fatal Error] :1:1: Premature end of file.
2025-11-05 18:05:26,402 [ERROR] LogOutputStream:75 - [STDERR_REDIRECT] 
2025-11-05 18:05:27,388 [ERROR] LogOutputStream:75 - [STDERR_REDIRECT] [Fatal Error] :1:1: Premature end of file.
2025-11-05 18:05:27,389 [ERROR] LogOutputStream:75 - [STDERR_REDIRECT] 
2025-11-05 18:05:28,404 [ERROR] LogOutputStream:75 - [STDERR_REDIRECT] [Fatal Error] :1:1: Premature end of file.
2025-11-05 18:05:28,406 [ERROR] LogOutputStream:75 - [STDERR_REDIRECT] 
2025-11-05 18:05:29,390 [ERROR] LogOutputStream:75 - [STDERR_REDIRECT] [Fatal Error] :1:1: Premature end of file.
2025-11-05 18:05:29,390 [ERROR] LogOutputStream:75 - [STDERR_REDIRECT] 
2025-11-05 18:05:30,404 [ERROR] LogOutputStream:75 - [STDERR_REDIRECT] [Fatal Error] :1:1: Premature end of file.
2025-11-05 18:05:30,404 [ERROR] LogOutputStream:75 - [STDERR_REDIRECT] 
2025-11-05 18:05:31,395 [ERROR] LogOutputStream:75 - [STDERR_REDIRECT] [Fatal Error] :1:1: Premature end of file.
2025-11-05 18:05:31,395 [ERROR] LogOutputStream:75 - [STDERR_REDIRECT] 
2025-11-05 18:05:32,400 [ERROR] LogOutputStream:75 - [STDERR_REDIRECT] [Fatal Error] :1:1: Premature end of file.
2025-11-05 18:05:32,400 [ERROR] LogOutputStream:75 - [STDERR_REDIRECT] 
2025-11-05 18:05:33,388 [ERROR] LogOutputStream:75 - [STDERR_REDIRECT] [Fatal Error] :1:1: Premature end of file.
2025-11-05 18:05:33,388 [ERROR] LogOutputStream:75 - [STDERR_REDIRECT] 
2025-11-05 18:05:34,397 [ERROR] LogOutputStream:75 - [STDERR_REDIRECT] [Fatal Error] :1:1: Premature end of file.
2025-11-05 18:05:34,397 [ERROR] LogOutputStream:75 - [STDERR_REDIRECT] 
2025-11-05 18:05:35,396 [ERROR] LogOutputStream:75 - [STDERR_REDIRECT] [Fatal Error] :1:1: Premature end of file.
2025-11-05 18:05:35,397 [ERROR] LogOutputStream:75 - [STDERR_REDIRECT] 
2025-11-05 18:05:36,395 [ERROR] LogOutputStream:75 - [STDERR_REDIRECT] [Fatal Error] :1:1: Premature end of file.
2025-11-05 18:05:36,396 [ERROR] LogOutputStream:75 - [STDERR_REDIRECT] 
2025-11-05 18:05:37,396 [ERROR] LogOutputStream:75 - [STDERR_REDIRECT] [Fatal Error] :1:1: Premature end of file.
2025-11-05 18:05:37,397 [ERROR] LogOutputStream:75 - [STDERR_REDIRECT] 
2025-11-05 18:05:38,412 [ERROR] LogOutputStream:75 - [STDERR_REDIRECT] [Fatal Error] :1:1: Premature end of file.
2025-11-05 18:05:38,413 [ERROR] LogOutputStream:75 - [STDERR_REDIRECT] 
2025-11-05 18:05:39,401 [ERROR] LogOutputStream:75 - [STDERR_REDIRECT] [Fatal Error] :1:1: Premature end of file.
2025-11-05 18:05:39,401 [ERROR] LogOutputStream:75 - [STDERR_REDIRECT] 
2025-11-05 18:05:40,393 [ERROR] LogOutputStream:75 - [STDERR_REDIRECT] [Fatal Error] :1:1: Premature end of file.
2025-11-05 18:05:40,394 [ERROR] LogOutputStream:75 - [STDERR_REDIRECT] 
2025-11-05 18:05:41,394 [ERROR] LogOutputStream:75 - [STDERR_REDIRECT] [Fatal Error] :1:1: Premature end of file.
2025-11-05 18:05:41,395 [ERROR] LogOutputStream:75 - [STDERR_REDIRECT] 
2025-11-05 18:05:42,385 [ERROR] LogOutputStream:75 - [STDERR_REDIRECT] [Fatal Error] :1:1: Premature end of file.
2025-11-05 18:05:42,385 [ERROR] LogOutputStream:75 - [STDERR_REDIRECT] 
2025-11-05 18:05:43,402 [ERROR] LogOutputStream:75 - [STDERR_REDIRECT] [Fatal Error] :1:1: Premature end of file.
2025-11-05 18:05:43,402 [ERROR] LogOutputStream:75 - [STDERR_REDIRECT] 
2025-11-05 18:05:44,397 [ERROR] LogOutputStream:75 - [STDERR_REDIRECT] [Fatal Error] :1:1: Premature end of file.
2025-11-05 18:05:44,398 [ERROR] LogOutputStream:75 - [STDERR_REDIRECT] 
2025-11-05 18:05:45,400 [ERROR] LogOutputStream:75 - [STDERR_REDIRECT] [Fatal Error] :1:1: Premature end of file.
2025-11-05 18:05:45,400 [ERROR] LogOutputStream:75 - [STDERR_REDIRECT] 
2025-11-05 18:05:46,396 [ERROR] LogOutputStream:75 - [STDERR_REDIRECT] [Fatal Error] :1:1: Premature end of file.
2025-11-05 18:05:46,396 [ERROR] LogOutputStream:75 - [STDERR_REDIRECT] 
2025-11-05 18:05:47,401 [ERROR] LogOutputStream:75 - [STDERR_REDIRECT] [Fatal Error] :1:1: Premature end of file.
2025-11-05 18:05:47,402 [ERROR] LogOutputStream:75 - [STDERR_REDIRECT] 
2025-11-05 18:05:48,392 [ERROR] LogOutputStream:75 - [STDERR_REDIRECT] [Fatal Error] :1:1: Premature end of file.
2025-11-05 18:05:48,392 [ERROR] LogOutputStream:75 - [STDERR_REDIRECT] 
2025-11-05 18:05:49,387 [ERROR] LogOutputStream:75 - [STDERR_REDIRECT] [Fatal Error] :1:1: Premature end of file.
2025-11-05 18:05:49,387 [ERROR] LogOutputStream:75 - [STDERR_REDIRECT] 
2025-11-05 18:05:50,407 [ERROR] LogOutputStream:75 - [STDERR_REDIRECT] [Fatal Error] :1:1: Premature end of file.
2025-11-05 18:05:50,407 [ERROR] LogOutputStream:75 - [STDERR_REDIRECT] 
2025-11-05 18:05:51,400 [ERROR] LogOutputStream:75 - [STDERR_REDIRECT] [Fatal Error] :1:1: Premature end of file.
2025-11-05 18:05:51,401 [ERROR] LogOutputStream:75 - [STDERR_REDIRECT] 
2025-11-05 18:05:52,392 [ERROR] LogOutputStream:75 - [STDERR_REDIRECT] [Fatal Error] :1:1: Premature end of file.
2025-11-05 18:05:52,393 [ERROR] LogOutputStream:75 - [STDERR_REDIRECT] 
2025-11-05 18:05:53,402 [ERROR] LogOutputStream:75 - [STDERR_REDIRECT] [Fatal Error] :1:1: Premature end of file.
2025-11-05 18:05:53,402 [ERROR] LogOutputStream:75 - [STDERR_REDIRECT] 
2025-11-05 18:05:54,392 [ERROR] LogOutputStream:75 - [STDERR_REDIRECT] [Fatal Error] :1:1: Premature end of file.
2025-11-05 18:05:54,393 [ERROR] LogOutputStream:75 - [STDERR_REDIRECT] 
2025-11-05 18:05:55,395 [ERROR] LogOutputStream:75 - [STDERR_REDIRECT] [Fatal Error] :1:1: Premature end of file.
2025-11-05 18:05:55,396 [ERROR] LogOutputStream:75 - [STDERR_REDIRECT] 
2025-11-05 18:05:56,397 [ERROR] LogOutputStream:75 - [STDERR_REDIRECT] [Fatal Error] :1:1: Premature end of file.
2025-11-05 18:05:56,397 [ERROR] LogOutputStream:75 - [STDERR_REDIRECT] 
2025-11-05 18:05:57,401 [ERROR] LogOutputStream:75 - [STDERR_REDIRECT] [Fatal Error] :1:1: Premature end of file.
2025-11-05 18:05:57,401 [ERROR] LogOutputStream:75 - [STDERR_REDIRECT] 
2025-11-05 18:05:58,401 [ERROR] LogOutputStream:75 - [STDERR_REDIRECT] [Fatal Error] :1:1: Premature end of file.
2025-11-05 18:05:58,401 [ERROR] LogOutputStream:75 - [STDERR_REDIRECT] 
2025-11-05 18:05:59,384 [ERROR] LogOutputStream:75 - [STDERR_REDIRECT] [Fatal Error] :1:1: Premature end of file.
2025-11-05 18:05:59,384 [ERROR] LogOutputStream:75 - [STDERR_REDIRECT] 
2025-11-05 18:06:00,395 [ERROR] LogOutputStream:75 - [STDERR_REDIRECT] [Fatal Error] :1:1: Premature end of file.
2025-11-05 18:06:00,396 [ERROR] LogOutputStream:75 - [STDERR_REDIRECT] 
2025-11-05 18:06:01,397 [ERROR] LogOutputStream:75 - [STDERR_REDIRECT] [Fatal Error] :1:1: Premature end of file.
2025-11-05 18:06:01,398 [ERROR] LogOutputStream:75 - [STDERR_REDIRECT] 
2025-11-05 18:06:02,394 [ERROR] LogOutputStream:75 - [STDERR_REDIRECT] [Fatal Error] :1:1: Premature end of file.
2025-11-05 18:06:02,395 [ERROR] LogOutputStream:75 - [STDERR_REDIRECT] 
2025-11-05 18:06:03,393 [ERROR] LogOutputStream:75 - [STDERR_REDIRECT] [Fatal Error] :1:1: Premature end of file.
2025-11-05 18:06:03,394 [ERROR] LogOutputStream:75 - [STDERR_REDIRECT] 
2025-11-05 18:06:04,395 [ERROR] LogOutputStream:75 - [STDERR_REDIRECT] [Fatal Error] :1:1: Premature end of file.
2025-11-05 18:06:04,395 [ERROR] LogOutputStream:75 - [STDERR_REDIRECT] 
2025-11-05 18:06:05,395 [ERROR] LogOutputStream:75 - [STDERR_REDIRECT] [Fatal Error] :1:1: Premature end of file.
2025-11-05 18:06:05,395 [ERROR] LogOutputStream:75 - [STDERR_REDIRECT] 
2025-11-05 18:06:06,398 [ERROR] LogOutputStream:75 - [STDERR_REDIRECT] [Fatal Error] :1:1: Premature end of file.
2025-11-05 18:06:06,399 [ERROR] LogOutputStream:75 - [STDERR_REDIRECT] 
2025-11-05 18:06:07,397 [ERROR] LogOutputStream:75 - [STDERR_REDIRECT] [Fatal Error] :1:1: Premature end of file.
2025-11-05 18:06:07,397 [ERROR] LogOutputStream:75 - [STDERR_REDIRECT] 
2025-11-05 18:06:08,393 [ERROR] LogOutputStream:75 - [STDERR_REDIRECT] [Fatal Error] :1:1: Premature end of file.
2025-11-05 18:06:08,394 [ERROR] LogOutputStream:75 - [STDERR_REDIRECT] 
2025-11-05 18:06:09,394 [ERROR] LogOutputStream:75 - [STDERR_REDIRECT] [Fatal Error] :1:1: Premature end of file.
2025-11-05 18:06:09,394 [ERROR] LogOutputStream:75 - [STDERR_REDIRECT] 
2025-11-05 18:06:10,394 [ERROR] LogOutputStream:75 - [STDERR_REDIRECT] [Fatal Error] :1:1: Premature end of file.
2025-11-05 18:06:10,395 [ERROR] LogOutputStream:75 - [STDERR_REDIRECT] 
2025-11-05 18:06:11,395 [ERROR] LogOutputStream:75 - [STDERR_REDIRECT] [Fatal Error] :1:1: Premature end of file.
2025-11-05 18:06:11,395 [ERROR] LogOutputStream:75 - [STDERR_REDIRECT] 
2025-11-05 18:06:12,396 [ERROR] LogOutputStream:75 - [STDERR_REDIRECT] [Fatal Error] :1:1: Premature end of file.
2025-11-05 18:06:12,396 [ERROR] LogOutputStream:75 - [STDERR_REDIRECT] 
2025-11-05 18:06:13,393 [ERROR] LogOutputStream:75 - [STDERR_REDIRECT] [Fatal Error] :1:1: Premature end of file.
2025-11-05 18:06:13,393 [ERROR] LogOutputStream:75 - [STDERR_REDIRECT] 
2025-11-05 18:06:14,391 [ERROR] LogOutputStream:75 - [STDERR_REDIRECT] [Fatal Error] :1:1: Premature end of file.
2025-11-05 18:06:14,392 [ERROR] LogOutputStream:75 - [STDERR_REDIRECT] 
2025-11-05 18:06:15,395 [ERROR] LogOutputStream:75 - [STDERR_REDIRECT] [Fatal Error] :1:1: Premature end of file.
2025-11-05 18:06:15,395 [ERROR] LogOutputStream:75 - [STDERR_REDIRECT] 
2025-11-05 18:06:16,393 [ERROR] LogOutputStream:75 - [STDERR_REDIRECT] [Fatal Error] :1:1: Premature end of file.
2025-11-05 18:06:16,393 [ERROR] LogOutputStream:75 - [STDERR_REDIRECT] 
2025-11-05 18:06:17,392 [ERROR] LogOutputStream:75 - [STDERR_REDIRECT] [Fatal Error] :1:1: Premature end of file.
2025-11-05 18:06:17,393 [ERROR] LogOutputStream:75 - [STDERR_REDIRECT] 
2025-11-05 18:06:18,403 [ERROR] LogOutputStream:75 - [STDERR_REDIRECT] [Fatal Error] :1:1: Premature end of file.
2025-11-05 18:06:18,404 [ERROR] LogOutputStream:75 - [STDERR_REDIRECT] 
2025-11-05 18:06:19,410 [ERROR] LogOutputStream:75 - [STDERR_REDIRECT] [Fatal Error] :1:1: Premature end of file.
2025-11-05 18:06:19,410 [ERROR] LogOutputStream:75 - [STDERR_REDIRECT] 
2025-11-05 18:06:20,397 [ERROR] LogOutputStream:75 - [STDERR_REDIRECT] [Fatal Error] :1:1: Premature end of file.
2025-11-05 18:06:20,397 [ERROR] LogOutputStream:75 - [STDERR_REDIRECT] 
2025-11-05 18:06:21,331 [ERROR] LogOutputStream:75 - [STDERR_REDIRECT] [Fatal Error] :1:1: Premature end of file.
2025-11-05 18:06:21,331 [ERROR] LogOutputStream:75 - [STDERR_REDIRECT] 
2025-11-05 18:06:22,328 [ERROR] LogOutputStream:75 - [STDERR_REDIRECT] [Fatal Error] :1:1: Premature end of file.
2025-11-05 18:06:22,328 [ERROR] LogOutputStream:75 - [STDERR_REDIRECT] 
2025-11-05 18:06:23,330 [ERROR] LogOutputStream:75 - [STDERR_REDIRECT] [Fatal Error] :1:1: Premature end of file.
2025-11-05 18:06:23,330 [ERROR] LogOutputStream:75 - [STDERR_REDIRECT] 
2025-11-05 18:06:24,334 [ERROR] LogOutputStream:75 - [STDERR_REDIRECT] [Fatal Error] :1:1: Premature end of file.
2025-11-05 18:06:24,334 [ERROR] LogOutputStream:75 - [STDERR_REDIRECT] 
2025-11-05 18:06:25,323 [ERROR] LogOutputStream:75 - [STDERR_REDIRECT] [Fatal Error] :1:1: Premature end of file.
2025-11-05 18:06:25,323 [ERROR] LogOutputStream:75 - [STDERR_REDIRECT] 
2025-11-05 18:06:26,392 [ERROR] LogOutputStream:75 - [STDERR_REDIRECT] [Fatal Error] :1:1: Premature end of file.
2025-11-05 18:06:26,393 [ERROR] LogOutputStream:75 - [STDERR_REDIRECT] 
2025-11-05 18:06:27,396 [ERROR] LogOutputStream:75 - [STDERR_REDIRECT] [Fatal Error] :1:1: Premature end of file.
2025-11-05 18:06:27,397 [ERROR] LogOutputStream:75 - [STDERR_REDIRECT] 
2025-11-05 18:06:28,406 [ERROR] LogOutputStream:75 - [STDERR_REDIRECT] [Fatal Error] :1:1: Premature end of file.
2025-11-05 18:06:28,406 [ERROR] LogOutputStream:75 - [STDERR_REDIRECT] 
2025-11-05 18:06:29,402 [ERROR] LogOutputStream:75 - [STDERR_REDIRECT] [Fatal Error] :1:1: Premature end of file.
2025-11-05 18:06:29,403 [ERROR] LogOutputStream:75 - [STDERR_REDIRECT] 
2025-11-05 18:06:30,406 [ERROR] LogOutputStream:75 - [STDERR_REDIRECT] [Fatal Error] :1:1: Premature end of file.
2025-11-05 18:06:30,407 [ERROR] LogOutputStream:75 - [STDERR_REDIRECT] 
2025-11-05 18:06:31,387 [ERROR] LogOutputStream:75 - [STDERR_REDIRECT] [Fatal Error] :1:1: Premature end of file.
2025-11-05 18:06:31,388 [ERROR] LogOutputStream:75 - [STDERR_REDIRECT] 
2025-11-05 18:06:32,396 [ERROR] LogOutputStream:75 - [STDERR_REDIRECT] [Fatal Error] :1:1: Premature end of file.
2025-11-05 18:06:32,397 [ERROR] LogOutputStream:75 - [STDERR_REDIRECT] 
2025-11-05 18:06:33,389 [ERROR] LogOutputStream:75 - [STDERR_REDIRECT] [Fatal Error] :1:1: Premature end of file.
2025-11-05 18:06:33,389 [ERROR] LogOutputStream:75 - [STDERR_REDIRECT] 
2025-11-05 18:06:34,397 [ERROR] LogOutputStream:75 - [STDERR_REDIRECT] [Fatal Error] :1:1: Premature end of file.
2025-11-05 18:06:34,398 [ERROR] LogOutputStream:75 - [STDERR_REDIRECT] 
2025-11-05 18:06:35,389 [ERROR] LogOutputStream:75 - [STDERR_REDIRECT] [Fatal Error] :1:1: Premature end of file.
2025-11-05 18:06:35,389 [ERROR] LogOutputStream:75 - [STDERR_REDIRECT] 
2025-11-05 18:06:36,399 [ERROR] LogOutputStream:75 - [STDERR_REDIRECT] [Fatal Error] :1:1: Premature end of file.
2025-11-05 18:06:36,400 [ERROR] LogOutputStream:75 - [STDERR_REDIRECT] 
2025-11-05 18:06:37,404 [ERROR] LogOutputStream:75 - [STDERR_REDIRECT] [Fatal Error] :1:1: Premature end of file.
2025-11-05 18:06:37,404 [ERROR] LogOutputStream:75 - [STDERR_REDIRECT] 
2025-11-05 18:06:38,384 [ERROR] LogOutputStream:75 - [STDERR_REDIRECT] [Fatal Error] :1:1: Premature end of file.
2025-11-05 18:06:38,384 [ERROR] LogOutputStream:75 - [STDERR_REDIRECT] 
2025-11-05 18:06:39,397 [ERROR] LogOutputStream:75 - [STDERR_REDIRECT] [Fatal Error] :1:1: Premature end of file.
2025-11-05 18:06:39,397 [ERROR] LogOutputStream:75 - [STDERR_REDIRECT] 
2025-11-05 18:06:40,398 [ERROR] LogOutputStream:75 - [STDERR_REDIRECT] [Fatal Error] :1:1: Premature end of file.
2025-11-05 18:06:40,399 [ERROR] LogOutputStream:75 - [STDERR_REDIRECT] 
2025-11-05 18:06:41,404 [ERROR] LogOutputStream:75 - [STDERR_REDIRECT] [Fatal Error] :1:1: Premature end of file.
2025-11-05 18:06:41,405 [ERROR] LogOutputStream:75 - [STDERR_REDIRECT] 
2025-11-05 18:06:42,403 [ERROR] LogOutputStream:75 - [STDERR_REDIRECT] [Fatal Error] :1:1: Premature end of file.
2025-11-05 18:06:42,404 [ERROR] LogOutputStream:75 - [STDERR_REDIRECT] 
2025-11-05 18:06:43,407 [ERROR] LogOutputStream:75 - [STDERR_REDIRECT] [Fatal Error] :1:1: Premature end of file.
2025-11-05 18:06:43,408 [ERROR] LogOutputStream:75 - [STDERR_REDIRECT] 
2025-11-05 18:06:44,404 [ERROR] LogOutputStream:75 - [STDERR_REDIRECT] [Fatal Error] :1:1: Premature end of file.
2025-11-05 18:06:44,404 [ERROR] LogOutputStream:75 - [STDERR_REDIRECT] 
2025-11-05 18:06:45,411 [ERROR] LogOutputStream:75 - [STDERR_REDIRECT] [Fatal Error] :1:1: Premature end of file.
2025-11-05 18:06:45,411 [ERROR] LogOutputStream:75 - [STDERR_REDIRECT] 
2025-11-05 18:06:46,408 [ERROR] LogOutputStream:75 - [STDERR_REDIRECT] [Fatal Error] :1:1: Premature end of file.
2025-11-05 18:06:46,409 [ERROR] LogOutputStream:75 - [STDERR_REDIRECT] 
2025-11-05 18:06:47,411 [ERROR] LogOutputStream:75 - [STDERR_REDIRECT] [Fatal Error] :1:1: Premature end of file.
2025-11-05 18:06:47,411 [ERROR] LogOutputStream:75 - [STDERR_REDIRECT] 
2025-11-05 18:06:48,401 [ERROR] LogOutputStream:75 - [STDERR_REDIRECT] [Fatal Error] :1:1: Premature end of file.
2025-11-05 18:06:48,402 [ERROR] LogOutputStream:75 - [STDERR_REDIRECT] 
2025-11-05 18:06:49,405 [ERROR] LogOutputStream:75 - [STDERR_REDIRECT] [Fatal Error] :1:1: Premature end of file.
2025-11-05 18:06:49,406 [ERROR] LogOutputStream:75 - [STDERR_REDIRECT] 
2025-11-05 18:06:50,402 [ERROR] LogOutputStream:75 - [STDERR_REDIRECT] [Fatal Error] :1:1: Premature end of file.
2025-11-05 18:06:50,403 [ERROR] LogOutputStream:75 - [STDERR_REDIRECT] 
2025-11-05 18:06:51,397 [ERROR] LogOutputStream:75 - [STDERR_REDIRECT] [Fatal Error] :1:1: Premature end of file.
2025-11-05 18:06:51,397 [ERROR] LogOutputStream:75 - [STDERR_REDIRECT] 
2025-11-05 18:06:52,405 [ERROR] LogOutputStream:75 - [STDERR_REDIRECT] [Fatal Error] :1:1: Premature end of file.
2025-11-05 18:06:52,405 [ERROR] LogOutputStream:75 - [STDERR_REDIRECT] 
2025-11-05 18:06:53,395 [ERROR] LogOutputStream:75 - [STDERR_REDIRECT] [Fatal Error] :1:1: Premature end of file.
2025-11-05 18:06:53,395 [ERROR] LogOutputStream:75 - [STDERR_REDIRECT] 
2025-11-05 18:06:54,388 [ERROR] LogOutputStream:75 - [STDERR_REDIRECT] [Fatal Error] :1:1: Premature end of file.
2025-11-05 18:06:54,389 [ERROR] LogOutputStream:75 - [STDERR_REDIRECT] 
2025-11-05 18:06:55,396 [ERROR] LogOutputStream:75 - [STDERR_REDIRECT] [Fatal Error] :1:1: Premature end of file.
2025-11-05 18:06:55,397 [ERROR] LogOutputStream:75 - [STDERR_REDIRECT] 
2025-11-05 18:06:56,401 [ERROR] LogOutputStream:75 - [STDERR_REDIRECT] [Fatal Error] :1:1: Premature end of file.
2025-11-05 18:06:56,402 [ERROR] LogOutputStream:75 - [STDERR_REDIRECT] 
2025-11-05 18:06:57,410 [ERROR] LogOutputStream:75 - [STDERR_REDIRECT] [Fatal Error] :1:1: Premature end of file.
2025-11-05 18:06:57,410 [ERROR] LogOutputStream:75 - [STDERR_REDIRECT] 
2025-11-05 18:06:58,414 [ERROR] LogOutputStream:75 - [STDERR_REDIRECT] [Fatal Error] :1:1: Premature end of file.
2025-11-05 18:06:58,414 [ERROR] LogOutputStream:75 - [STDERR_REDIRECT] 
2025-11-05 18:06:59,383 [ERROR] LogOutputStream:75 - [STDERR_REDIRECT] [Fatal Error] :1:1: Premature end of file.
2025-11-05 18:06:59,383 [ERROR] LogOutputStream:75 - [STDERR_REDIRECT] 
2025-11-05 18:07:00,402 [ERROR] LogOutputStream:75 - [STDERR_REDIRECT] [Fatal Error] :1:1: Premature end of file.
2025-11-05 18:07:00,402 [ERROR] LogOutputStream:75 - [STDERR_REDIRECT] 
2025-11-05 18:07:01,404 [ERROR] LogOutputStream:75 - [STDERR_REDIRECT] [Fatal Error] :1:1: Premature end of file.
2025-11-05 18:07:01,404 [ERROR] LogOutputStream:75 - [STDERR_REDIRECT] 
2025-11-05 18:07:02,398 [ERROR] LogOutputStream:75 - [STDERR_REDIRECT] [Fatal Error] :1:1: Premature end of file.
2025-11-05 18:07:02,398 [ERROR] LogOutputStream:75 - [STDERR_REDIRECT] 
2025-11-05 18:07:03,388 [ERROR] LogOutputStream:75 - [STDERR_REDIRECT] [Fatal Error] :1:1: Premature end of file.
2025-11-05 18:07:03,388 [ERROR] LogOutputStream:75 - [STDERR_REDIRECT] 
2025-11-05 18:07:04,403 [ERROR] LogOutputStream:75 - [STDERR_REDIRECT] [Fatal Error] :1:1: Premature end of file.
2025-11-05 18:07:04,404 [ERROR] LogOutputStream:75 - [STDERR_REDIRECT] 
2025-11-05 18:07:05,405 [ERROR] LogOutputStream:75 - [STDERR_REDIRECT] [Fatal Error] :1:1: Premature end of file.
2025-11-05 18:07:05,406 [ERROR] LogOutputStream:75 - [STDERR_REDIRECT] 
2025-11-05 18:07:06,395 [ERROR] LogOutputStream:75 - [STDERR_REDIRECT] [Fatal Error] :1:1: Premature end of file.
2025-11-05 18:07:06,395 [ERROR] LogOutputStream:75 - [STDERR_REDIRECT] 
2025-11-05 18:07:07,383 [ERROR] LogOutputStream:75 - [STDERR_REDIRECT] [Fatal Error] :1:1: Premature end of file.
2025-11-05 18:07:07,384 [ERROR] LogOutputStream:75 - [STDERR_REDIRECT] 
2025-11-05 18:07:08,401 [ERROR] LogOutputStream:75 - [STDERR_REDIRECT] [Fatal Error] :1:1: Premature end of file.
2025-11-05 18:07:08,402 [ERROR] LogOutputStream:75 - [STDERR_REDIRECT] 
2025-11-05 18:07:09,416 [ERROR] LogOutputStream:75 - [STDERR_REDIRECT] [Fatal Error] :1:1: Premature end of file.
2025-11-05 18:07:09,416 [ERROR] LogOutputStream:75 - [STDERR_REDIRECT] 
2025-11-05 18:07:10,387 [ERROR] LogOutputStream:75 - [STDERR_REDIRECT] [Fatal Error] :1:1: Premature end of file.
2025-11-05 18:07:10,388 [ERROR] LogOutputStream:75 - [STDERR_REDIRECT] 
2025-11-05 18:07:11,400 [ERROR] LogOutputStream:75 - [STDERR_REDIRECT] [Fatal Error] :1:1: Premature end of file.
2025-11-05 18:07:11,400 [ERROR] LogOutputStream:75 - [STDERR_REDIRECT] 
2025-11-05 18:07:12,399 [ERROR] LogOutputStream:75 - [STDERR_REDIRECT] [Fatal Error] :1:1: Premature end of file.
2025-11-05 18:07:12,399 [ERROR] LogOutputStream:75 - [STDERR_REDIRECT] 
2025-11-05 18:07:13,385 [ERROR] LogOutputStream:75 - [STDERR_REDIRECT] [Fatal Error] :1:1: Premature end of file.
2025-11-05 18:07:13,385 [ERROR] LogOutputStream:75 - [STDERR_REDIRECT] 
2025-11-05 18:07:14,395 [ERROR] LogOutputStream:75 - [STDERR_REDIRECT] [Fatal Error] :1:1: Premature end of file.
2025-11-05 18:07:14,395 [ERROR] LogOutputStream:75 - [STDERR_REDIRECT] 
2025-11-05 18:07:15,403 [ERROR] LogOutputStream:75 - [STDERR_REDIRECT] [Fatal Error] :1:1: Premature end of file.
2025-11-05 18:07:15,403 [ERROR] LogOutputStream:75 - [STDERR_REDIRECT] 
2025-11-05 18:07:16,403 [ERROR] LogOutputStream:75 - [STDERR_REDIRECT] [Fatal Error] :1:1: Premature end of file.
2025-11-05 18:07:16,404 [ERROR] LogOutputStream:75 - [STDERR_REDIRECT] 
2025-11-05 18:07:17,393 [ERROR] LogOutputStream:75 - [STDERR_REDIRECT] [Fatal Error] :1:1: Premature end of file.
2025-11-05 18:07:17,393 [ERROR] LogOutputStream:75 - [STDERR_REDIRECT] 
2025-11-05 18:07:18,395 [ERROR] LogOutputStream:75 - [STDERR_REDIRECT] [Fatal Error] :1:1: Premature end of file.
2025-11-05 18:07:18,395 [ERROR] LogOutputStream:75 - [STDERR_REDIRECT] 
2025-11-05 18:07:19,395 [ERROR] LogOutputStream:75 - [STDERR_REDIRECT] [Fatal Error] :1:1: Premature end of file.
2025-11-05 18:07:19,395 [ERROR] LogOutputStream:75 - [STDERR_REDIRECT] 
2025-11-05 18:07:20,395 [ERROR] LogOutputStream:75 - [STDERR_REDIRECT] [Fatal Error] :1:1: Premature end of file.
2025-11-05 18:07:20,395 [ERROR] LogOutputStream:75 - [STDERR_REDIRECT] 
2025-11-05 18:07:21,395 [ERROR] LogOutputStream:75 - [STDERR_REDIRECT] [Fatal Error] :1:1: Premature end of file.
2025-11-05 18:07:21,396 [ERROR] LogOutputStream:75 - [STDERR_REDIRECT] 
2025-11-05 18:07:22,401 [ERROR] LogOutputStream:75 - [STDERR_REDIRECT] [Fatal Error] :1:1: Premature end of file.
2025-11-05 18:07:22,401 [ERROR] LogOutputStream:75 - [STDERR_REDIRECT] 
2025-11-05 18:07:23,406 [ERROR] LogOutputStream:75 - [STDERR_REDIRECT] [Fatal Error] :1:1: Premature end of file.
2025-11-05 18:07:23,407 [ERROR] LogOutputStream:75 - [STDERR_REDIRECT] 
2025-11-05 18:07:24,404 [ERROR] LogOutputStream:75 - [STDERR_REDIRECT] [Fatal Error] :1:1: Premature end of file.
2025-11-05 18:07:24,404 [ERROR] LogOutputStream:75 - [STDERR_REDIRECT] 
2025-11-05 18:07:25,394 [ERROR] LogOutputStream:75 - [STDERR_REDIRECT] [Fatal Error] :1:1: Premature end of file.
2025-11-05 18:07:25,394 [ERROR] LogOutputStream:75 - [STDERR_REDIRECT] 
2025-11-05 18:07:26,400 [ERROR] LogOutputStream:75 - [STDERR_REDIRECT] [Fatal Error] :1:1: Premature end of file.
2025-11-05 18:07:26,401 [ERROR] LogOutputStream:75 - [STDERR_REDIRECT] 
2025-11-05 18:07:27,401 [ERROR] LogOutputStream:75 - [STDERR_REDIRECT] [Fatal Error] :1:1: Premature end of file.
2025-11-05 18:07:27,402 [ERROR] LogOutputStream:75 - [STDERR_REDIRECT] 
2025-11-05 18:07:28,409 [ERROR] LogOutputStream:75 - [STDERR_REDIRECT] [Fatal Error] :1:1: Premature end of file.
2025-11-05 18:07:28,409 [ERROR] LogOutputStream:75 - [STDERR_REDIRECT] 
2025-11-05 18:07:29,393 [ERROR] LogOutputStream:75 - [STDERR_REDIRECT] [Fatal Error] :1:1: Premature end of file.
2025-11-05 18:07:29,393 [ERROR] LogOutputStream:75 - [STDERR_REDIRECT] 
2025-11-05 18:07:30,394 [ERROR] LogOutputStream:75 - [STDERR_REDIRECT] [Fatal Error] :1:1: Premature end of file.
2025-11-05 18:07:30,395 [ERROR] LogOutputStream:75 - [STDERR_REDIRECT] 
2025-11-05 18:07:31,396 [ERROR] LogOutputStream:75 - [STDERR_REDIRECT] [Fatal Error] :1:1: Premature end of file.
2025-11-05 18:07:31,396 [ERROR] LogOutputStream:75 - [STDERR_REDIRECT] 
2025-11-05 18:07:32,402 [ERROR] LogOutputStream:75 - [STDERR_REDIRECT] [Fatal Error] :1:1: Premature end of file.
2025-11-05 18:07:32,402 [ERROR] LogOutputStream:75 - [STDERR_REDIRECT] 
2025-11-05 18:07:33,393 [ERROR] LogOutputStream:75 - [STDERR_REDIRECT] [Fatal Error] :1:1: Premature end of file.
2025-11-05 18:07:33,394 [ERROR] LogOutputStream:75 - [STDERR_REDIRECT] 
2025-11-05 18:07:34,395 [ERROR] LogOutputStream:75 - [STDERR_REDIRECT] [Fatal Error] :1:1: Premature end of file.
2025-11-05 18:07:34,396 [ERROR] LogOutputStream:75 - [STDERR_REDIRECT] 
2025-11-05 18:07:35,402 [ERROR] LogOutputStream:75 - [STDERR_REDIRECT] [Fatal Error] :1:1: Premature end of file.
2025-11-05 18:07:35,402 [ERROR] LogOutputStream:75 - [STDERR_REDIRECT] 
2025-11-05 18:07:36,389 [ERROR] LogOutputStream:75 - [STDERR_REDIRECT] [Fatal Error] :1:1: Premature end of file.
2025-11-05 18:07:36,390 [ERROR] LogOutputStream:75 - [STDERR_REDIRECT] 
2025-11-05 18:07:37,389 [ERROR] LogOutputStream:75 - [STDERR_REDIRECT] [Fatal Error] :1:1: Premature end of file.
2025-11-05 18:07:37,390 [ERROR] LogOutputStream:75 - [STDERR_REDIRECT] 
2025-11-05 18:07:38,396 [ERROR] LogOutputStream:75 - [STDERR_REDIRECT] [Fatal Error] :1:1: Premature end of file.
2025-11-05 18:07:38,396 [ERROR] LogOutputStream:75 - [STDERR_REDIRECT] 
2025-11-05 18:07:39,394 [ERROR] LogOutputStream:75 - [STDERR_REDIRECT] [Fatal Error] :1:1: Premature end of file.
2025-11-05 18:07:39,396 [ERROR] LogOutputStream:75 - [STDERR_REDIRECT] 
2025-11-05 18:07:40,400 [ERROR] LogOutputStream:75 - [STDERR_REDIRECT] [Fatal Error] :1:1: Premature end of file.
2025-11-05 18:07:40,401 [ERROR] LogOutputStream:75 - [STDERR_REDIRECT] 
2025-11-05 18:07:41,405 [ERROR] LogOutputStream:75 - [STDERR_REDIRECT] [Fatal Error] :1:1: Premature end of file.
2025-11-05 18:07:41,406 [ERROR] LogOutputStream:75 - [STDERR_REDIRECT] 
2025-11-05 18:07:42,396 [ERROR] LogOutputStream:75 - [STDERR_REDIRECT] [Fatal Error] :1:1: Premature end of file.
2025-11-05 18:07:42,397 [ERROR] LogOutputStream:75 - [STDERR_REDIRECT] 
2025-11-05 18:07:43,390 [ERROR] LogOutputStream:75 - [STDERR_REDIRECT] [Fatal Error] :1:1: Premature end of file.
2025-11-05 18:07:43,390 [ERROR] LogOutputStream:75 - [STDERR_REDIRECT] 
2025-11-05 18:07:44,397 [ERROR] LogOutputStream:75 - [STDERR_REDIRECT] [Fatal Error] :1:1: Premature end of file.
2025-11-05 18:07:44,398 [ERROR] LogOutputStream:75 - [STDERR_REDIRECT] 
2025-11-05 18:07:45,403 [ERROR] LogOutputStream:75 - [STDERR_REDIRECT] [Fatal Error] :1:1: Premature end of file.
2025-11-05 18:07:45,404 [ERROR] LogOutputStream:75 - [STDERR_REDIRECT] 
2025-11-05 18:07:46,390 [ERROR] LogOutputStream:75 - [STDERR_REDIRECT] [Fatal Error] :1:1: Premature end of file.
2025-11-05 18:07:46,391 [ERROR] LogOutputStream:75 - [STDERR_REDIRECT] 
2025-11-05 18:07:47,399 [ERROR] LogOutputStream:75 - [STDERR_REDIRECT] [Fatal Error] :1:1: Premature end of file.
2025-11-05 18:07:47,400 [ERROR] LogOutputStream:75 - [STDERR_REDIRECT] 
2025-11-05 18:07:48,397 [ERROR] LogOutputStream:75 - [STDERR_REDIRECT] [Fatal Error] :1:1: Premature end of file.
2025-11-05 18:07:48,397 [ERROR] LogOutputStream:75 - [STDERR_REDIRECT] 
2025-11-05 18:07:49,393 [ERROR] LogOutputStream:75 - [STDERR_REDIRECT] [Fatal Error] :1:1: Premature end of file.
2025-11-05 18:07:49,393 [ERROR] LogOutputStream:75 - [STDERR_REDIRECT] 
2025-11-05 18:07:50,396 [ERROR] LogOutputStream:75 - [STDERR_REDIRECT] [Fatal Error] :1:1: Premature end of file.
2025-11-05 18:07:50,396 [ERROR] LogOutputStream:75 - [STDERR_REDIRECT] 
2025-11-05 18:07:51,396 [ERROR] LogOutputStream:75 - [STDERR_REDIRECT] [Fatal Error] :1:1: Premature end of file.
2025-11-05 18:07:51,396 [ERROR] LogOutputStream:75 - [STDERR_REDIRECT] 
2025-11-05 18:07:52,401 [ERROR] LogOutputStream:75 - [STDERR_REDIRECT] [Fatal Error] :1:1: Premature end of file.
2025-11-05 18:07:52,401 [ERROR] LogOutputStream:75 - [STDERR_REDIRECT] 
2025-11-05 18:07:53,394 [ERROR] LogOutputStream:75 - [STDERR_REDIRECT] [Fatal Error] :1:1: Premature end of file.
2025-11-05 18:07:53,395 [ERROR] LogOutputStream:75 - [STDERR_REDIRECT] 
2025-11-05 18:07:54,401 [ERROR] LogOutputStream:75 - [STDERR_REDIRECT] [Fatal Error] :1:1: Premature end of file.
2025-11-05 18:07:54,401 [ERROR] LogOutputStream:75 - [STDERR_REDIRECT] 
2025-11-05 18:07:55,388 [ERROR] LogOutputStream:75 - [STDERR_REDIRECT] [Fatal Error] :1:1: Premature end of file.
2025-11-05 18:07:55,388 [ERROR] LogOutputStream:75 - [STDERR_REDIRECT] 
2025-11-05 18:07:56,396 [ERROR] LogOutputStream:75 - [STDERR_REDIRECT] [Fatal Error] :1:1: Premature end of file.
2025-11-05 18:07:56,396 [ERROR] LogOutputStream:75 - [STDERR_REDIRECT] 
2025-11-05 18:07:57,397 [ERROR] LogOutputStream:75 - [STDERR_REDIRECT] [Fatal Error] :1:1: Premature end of file.
2025-11-05 18:07:57,397 [ERROR] LogOutputStream:75 - [STDERR_REDIRECT] 
2025-11-05 18:07:58,392 [ERROR] LogOutputStream:75 - [STDERR_REDIRECT] [Fatal Error] :1:1: Premature end of file.
2025-11-05 18:07:58,393 [ERROR] LogOutputStream:75 - [STDERR_REDIRECT] 
2025-11-05 18:07:59,396 [ERROR] LogOutputStream:75 - [STDERR_REDIRECT] [Fatal Error] :1:1: Premature end of file.
2025-11-05 18:07:59,396 [ERROR] LogOutputStream:75 - [STDERR_REDIRECT] 
2025-11-05 18:08:00,391 [ERROR] LogOutputStream:75 - [STDERR_REDIRECT] [Fatal Error] :1:1: Premature end of file.
2025-11-05 18:08:00,391 [ERROR] LogOutputStream:75 - [STDERR_REDIRECT] 
2025-11-05 18:08:01,395 [ERROR] LogOutputStream:75 - [STDERR_REDIRECT] [Fatal Error] :1:1: Premature end of file.
2025-11-05 18:08:01,396 [ERROR] LogOutputStream:75 - [STDERR_REDIRECT] 
2025-11-05 18:08:02,387 [ERROR] LogOutputStream:75 - [STDERR_REDIRECT] [Fatal Error] :1:1: Premature end of file.
2025-11-05 18:08:02,387 [ERROR] LogOutputStream:75 - [STDERR_REDIRECT] 
2025-11-05 18:08:03,396 [ERROR] LogOutputStream:75 - [STDERR_REDIRECT] [Fatal Error] :1:1: Premature end of file.
2025-11-05 18:08:03,397 [ERROR] LogOutputStream:75 - [STDERR_REDIRECT] 
2025-11-05 18:08:04,392 [ERROR] LogOutputStream:75 - [STDERR_REDIRECT] [Fatal Error] :1:1: Premature end of file.
2025-11-05 18:08:04,392 [ERROR] LogOutputStream:75 - [STDERR_REDIRECT] 
2025-11-05 18:08:05,397 [ERROR] LogOutputStream:75 - [STDERR_REDIRECT] [Fatal Error] :1:1: Premature end of file.
2025-11-05 18:08:05,397 [ERROR] LogOutputStream:75 - [STDERR_REDIRECT] 
2025-11-05 18:08:06,396 [ERROR] LogOutputStream:75 - [STDERR_REDIRECT] [Fatal Error] :1:1: Premature end of file.
2025-11-05 18:08:06,397 [ERROR] LogOutputStream:75 - [STDERR_REDIRECT] 
2025-11-05 18:08:07,390 [ERROR] LogOutputStream:75 - [STDERR_REDIRECT] [Fatal Error] :1:1: Premature end of file.
2025-11-05 18:08:07,390 [ERROR] LogOutputStream:75 - [STDERR_REDIRECT] 
2025-11-05 18:08:08,395 [ERROR] LogOutputStream:75 - [STDERR_REDIRECT] [Fatal Error] :1:1: Premature end of file.
2025-11-05 18:08:08,395 [ERROR] LogOutputStream:75 - [STDERR_REDIRECT] 
2025-11-05 18:08:09,379 [ERROR] LogOutputStream:75 - [STDERR_REDIRECT] [Fatal Error] :1:1: Premature end of file.
2025-11-05 18:08:09,379 [ERROR] LogOutputStream:75 - [STDERR_REDIRECT] 
2025-11-05 18:08:10,399 [ERROR] LogOutputStream:75 - [STDERR_REDIRECT] [Fatal Error] :1:1: Premature end of file.
2025-11-05 18:08:10,399 [ERROR] LogOutputStream:75 - [STDERR_REDIRECT] 
2025-11-05 18:08:11,397 [ERROR] LogOutputStream:75 - [STDERR_REDIRECT] [Fatal Error] :1:1: Premature end of file.
2025-11-05 18:08:11,397 [ERROR] LogOutputStream:75 - [STDERR_REDIRECT] 
2025-11-05 18:08:12,398 [ERROR] LogOutputStream:75 - [STDERR_REDIRECT] [Fatal Error] :1:1: Premature end of file.
2025-11-05 18:08:12,399 [ERROR] LogOutputStream:75 - [STDERR_REDIRECT] 
2025-11-05 18:08:13,401 [ERROR] LogOutputStream:75 - [STDERR_REDIRECT] [Fatal Error] :1:1: Premature end of file.
2025-11-05 18:08:13,401 [ERROR] LogOutputStream:75 - [STDERR_REDIRECT] 
2025-11-05 18:08:14,397 [ERROR] LogOutputStream:75 - [STDERR_REDIRECT] [Fatal Error] :1:1: Premature end of file.
2025-11-05 18:08:14,397 [ERROR] LogOutputStream:75 - [STDERR_REDIRECT] 
2025-11-05 18:08:15,392 [ERROR] LogOutputStream:75 - [STDERR_REDIRECT] [Fatal Error] :1:1: Premature end of file.
2025-11-05 18:08:15,392 [ERROR] LogOutputStream:75 - [STDERR_REDIRECT] 
2025-11-05 18:08:16,393 [ERROR] LogOutputStream:75 - [STDERR_REDIRECT] [Fatal Error] :1:1: Premature end of file.
2025-11-05 18:08:16,394 [ERROR] LogOutputStream:75 - [STDERR_REDIRECT] 
2025-11-05 18:08:17,399 [ERROR] LogOutputStream:75 - [STDERR_REDIRECT] [Fatal Error] :1:1: Premature end of file.
2025-11-05 18:08:17,400 [ERROR] LogOutputStream:75 - [STDERR_REDIRECT] 
2025-11-05 18:08:18,389 [ERROR] LogOutputStream:75 - [STDERR_REDIRECT] [Fatal Error] :1:1: Premature end of file.
2025-11-05 18:08:18,389 [ERROR] LogOutputStream:75 - [STDERR_REDIRECT] 
2025-11-05 18:08:19,395 [ERROR] LogOutputStream:75 - [STDERR_REDIRECT] [Fatal Error] :1:1: Premature end of file.
2025-11-05 18:08:19,395 [ERROR] LogOutputStream:75 - [STDERR_REDIRECT] 
2025-11-05 18:08:20,415 [ERROR] LogOutputStream:75 - [STDERR_REDIRECT] [Fatal Error] :1:1: Premature end of file.
2025-11-05 18:08:20,416 [ERROR] LogOutputStream:75 - [STDERR_REDIRECT] 
2025-11-05 18:08:21,399 [ERROR] LogOutputStream:75 - [STDERR_REDIRECT] [Fatal Error] :1:1: Premature end of file.
2025-11-05 18:08:21,400 [ERROR] LogOutputStream:75 - [STDERR_REDIRECT] 
2025-11-05 18:08:22,402 [ERROR] LogOutputStream:75 - [STDERR_REDIRECT] [Fatal Error] :1:1: Premature end of file.
2025-11-05 18:08:22,403 [ERROR] LogOutputStream:75 - [STDERR_REDIRECT] 
2025-11-05 18:08:23,389 [ERROR] LogOutputStream:75 - [STDERR_REDIRECT] [Fatal Error] :1:1: Premature end of file.
2025-11-05 18:08:23,389 [ERROR] LogOutputStream:75 - [STDERR_REDIRECT] 
2025-11-05 18:08:24,400 [ERROR] LogOutputStream:75 - [STDERR_REDIRECT] [Fatal Error] :1:1: Premature end of file.
2025-11-05 18:08:24,401 [ERROR] LogOutputStream:75 - [STDERR_REDIRECT] 
2025-11-05 18:08:25,410 [ERROR] LogOutputStream:75 - [STDERR_REDIRECT] [Fatal Error] :1:1: Premature end of file.
2025-11-05 18:08:25,410 [ERROR] LogOutputStream:75 - [STDERR_REDIRECT] 
2025-11-05 18:08:26,401 [ERROR] LogOutputStream:75 - [STDERR_REDIRECT] [Fatal Error] :1:1: Premature end of file.
2025-11-05 18:08:26,402 [ERROR] LogOutputStream:75 - [STDERR_REDIRECT] 
2025-11-05 18:08:27,388 [ERROR] LogOutputStream:75 - [STDERR_REDIRECT] [Fatal Error] :1:1: Premature end of file.
2025-11-05 18:08:27,388 [ERROR] LogOutputStream:75 - [STDERR_REDIRECT] 
2025-11-05 18:08:28,391 [ERROR] LogOutputStream:75 - [STDERR_REDIRECT] [Fatal Error] :1:1: Premature end of file.
2025-11-05 18:08:28,391 [ERROR] LogOutputStream:75 - [STDERR_REDIRECT] 
2025-11-05 18:08:29,413 [ERROR] LogOutputStream:75 - [STDERR_REDIRECT] [Fatal Error] :1:1: Premature end of file.
2025-11-05 18:08:29,414 [ERROR] LogOutputStream:75 - [STDERR_REDIRECT] 
2025-11-05 18:08:30,409 [ERROR] LogOutputStream:75 - [STDERR_REDIRECT] [Fatal Error] :1:1: Premature end of file.
2025-11-05 18:08:30,410 [ERROR] LogOutputStream:75 - [STDERR_REDIRECT] 
2025-11-05 18:08:31,416 [ERROR] LogOutputStream:75 - [STDERR_REDIRECT] [Fatal Error] :1:1: Premature end of file.
2025-11-05 18:08:31,416 [ERROR] LogOutputStream:75 - [STDERR_REDIRECT] 
2025-11-05 18:08:32,410 [ERROR] LogOutputStream:75 - [STDERR_REDIRECT] [Fatal Error] :1:1: Premature end of file.
2025-11-05 18:08:32,410 [ERROR] LogOutputStream:75 - [STDERR_REDIRECT] 
2025-11-05 18:08:33,399 [ERROR] LogOutputStream:75 - [STDERR_REDIRECT] [Fatal Error] :1:1: Premature end of file.
2025-11-05 18:08:33,400 [ERROR] LogOutputStream:75 - [STDERR_REDIRECT] 
2025-11-05 18:08:34,402 [ERROR] LogOutputStream:75 - [STDERR_REDIRECT] [Fatal Error] :1:1: Premature end of file.
2025-11-05 18:08:34,403 [ERROR] LogOutputStream:75 - [STDERR_REDIRECT] 
2025-11-05 18:08:35,409 [ERROR] LogOutputStream:75 - [STDERR_REDIRECT] [Fatal Error] :1:1: Premature end of file.
2025-11-05 18:08:35,409 [ERROR] LogOutputStream:75 - [STDERR_REDIRECT] 
2025-11-05 18:08:36,390 [ERROR] LogOutputStream:75 - [STDERR_REDIRECT] [Fatal Error] :1:1: Premature end of file.
2025-11-05 18:08:36,390 [ERROR] LogOutputStream:75 - [STDERR_REDIRECT] 
2025-11-05 18:08:37,404 [ERROR] LogOutputStream:75 - [STDERR_REDIRECT] [Fatal Error] :1:1: Premature end of file.
2025-11-05 18:08:37,405 [ERROR] LogOutputStream:75 - [STDERR_REDIRECT] 
2025-11-05 18:08:38,392 [ERROR] LogOutputStream:75 - [STDERR_REDIRECT] [Fatal Error] :1:1: Premature end of file.
2025-11-05 18:08:38,393 [ERROR] LogOutputStream:75 - [STDERR_REDIRECT] 
2025-11-05 18:08:39,410 [ERROR] LogOutputStream:75 - [STDERR_REDIRECT] [Fatal Error] :1:1: Premature end of file.
2025-11-05 18:08:39,411 [ERROR] LogOutputStream:75 - [STDERR_REDIRECT] 
2025-11-05 18:08:40,412 [ERROR] LogOutputStream:75 - [STDERR_REDIRECT] [Fatal Error] :1:1: Premature end of file.
2025-11-05 18:08:40,412 [ERROR] LogOutputStream:75 - [STDERR_REDIRECT] 
2025-11-05 18:08:41,410 [ERROR] LogOutputStream:75 - [STDERR_REDIRECT] [Fatal Error] :1:1: Premature end of file.
2025-11-05 18:08:41,411 [ERROR] LogOutputStream:75 - [STDERR_REDIRECT] 
2025-11-05 18:08:42,410 [ERROR] LogOutputStream:75 - [STDERR_REDIRECT] [Fatal Error] :1:1: Premature end of file.
2025-11-05 18:08:42,410 [ERROR] LogOutputStream:75 - [STDERR_REDIRECT] 
2025-11-05 18:08:43,399 [ERROR] LogOutputStream:75 - [STDERR_REDIRECT] [Fatal Error] :1:1: Premature end of file.
2025-11-05 18:08:43,399 [ERROR] LogOutputStream:75 - [STDERR_REDIRECT] 
2025-11-05 18:08:44,400 [ERROR] LogOutputStream:75 - [STDERR_REDIRECT] [Fatal Error] :1:1: Premature end of file.
2025-11-05 18:08:44,400 [ERROR] LogOutputStream:75 - [STDERR_REDIRECT] 
2025-11-05 18:08:45,391 [ERROR] LogOutputStream:75 - [STDERR_REDIRECT] [Fatal Error] :1:1: Premature end of file.
2025-11-05 18:08:45,391 [ERROR] LogOutputStream:75 - [STDERR_REDIRECT] 
2025-11-05 18:08:46,410 [ERROR] LogOutputStream:75 - [STDERR_REDIRECT] [Fatal Error] :1:1: Premature end of file.
2025-11-05 18:08:46,410 [ERROR] LogOutputStream:75 - [STDERR_REDIRECT] 
2025-11-05 18:08:47,389 [ERROR] LogOutputStream:75 - [STDERR_REDIRECT] [Fatal Error] :1:1: Premature end of file.
2025-11-05 18:08:47,389 [ERROR] LogOutputStream:75 - [STDERR_REDIRECT] 
2025-11-05 18:08:48,393 [ERROR] LogOutputStream:75 - [STDERR_REDIRECT] [Fatal Error] :1:1: Premature end of file.
2025-11-05 18:08:48,393 [ERROR] LogOutputStream:75 - [STDERR_REDIRECT] 
2025-11-05 18:08:49,385 [ERROR] LogOutputStream:75 - [STDERR_REDIRECT] [Fatal Error] :1:1: Premature end of file.
2025-11-05 18:08:49,386 [ERROR] LogOutputStream:75 - [STDERR_REDIRECT] 
2025-11-05 18:08:50,401 [ERROR] LogOutputStream:75 - [STDERR_REDIRECT] [Fatal Error] :1:1: Premature end of file.
2025-11-05 18:08:50,402 [ERROR] LogOutputStream:75 - [STDERR_REDIRECT] 
2025-11-05 18:08:51,398 [ERROR] LogOutputStream:75 - [STDERR_REDIRECT] [Fatal Error] :1:1: Premature end of file.
2025-11-05 18:08:51,398 [ERROR] LogOutputStream:75 - [STDERR_REDIRECT] 
2025-11-05 18:08:52,393 [ERROR] LogOutputStream:75 - [STDERR_REDIRECT] [Fatal Error] :1:1: Premature end of file.
2025-11-05 18:08:52,393 [ERROR] LogOutputStream:75 - [STDERR_REDIRECT] 
2025-11-05 18:08:53,382 [ERROR] LogOutputStream:75 - [STDERR_REDIRECT] [Fatal Error] :1:1: Premature end of file.
2025-11-05 18:08:53,382 [ERROR] LogOutputStream:75 - [STDERR_REDIRECT] 
2025-11-05 18:08:54,406 [ERROR] LogOutputStream:75 - [STDERR_REDIRECT] [Fatal Error] :1:1: Premature end of file.
2025-11-05 18:08:54,406 [ERROR] LogOutputStream:75 - [STDERR_REDIRECT] 
2025-11-05 18:08:55,390 [ERROR] LogOutputStream:75 - [STDERR_REDIRECT] [Fatal Error] :1:1: Premature end of file.
2025-11-05 18:08:55,391 [ERROR] LogOutputStream:75 - [STDERR_REDIRECT] 
2025-11-05 18:08:56,404 [ERROR] LogOutputStream:75 - [STDERR_REDIRECT] [Fatal Error] :1:1: Premature end of file.
2025-11-05 18:08:56,404 [ERROR] LogOutputStream:75 - [STDERR_REDIRECT] 
2025-11-05 18:08:57,391 [ERROR] LogOutputStream:75 - [STDERR_REDIRECT] [Fatal Error] :1:1: Premature end of file.
2025-11-05 18:08:57,391 [ERROR] LogOutputStream:75 - [STDERR_REDIRECT] 
2025-11-05 18:08:58,401 [ERROR] LogOutputStream:75 - [STDERR_REDIRECT] [Fatal Error] :1:1: Premature end of file.
2025-11-05 18:08:58,402 [ERROR] LogOutputStream:75 - [STDERR_REDIRECT] 
2025-11-05 18:08:59,401 [ERROR] LogOutputStream:75 - [STDERR_REDIRECT] [Fatal Error] :1:1: Premature end of file.
2025-11-05 18:08:59,402 [ERROR] LogOutputStream:75 - [STDERR_REDIRECT] 
2025-11-05 18:09:00,404 [ERROR] LogOutputStream:75 - [STDERR_REDIRECT] [Fatal Error] :1:1: Premature end of file.
2025-11-05 18:09:00,405 [ERROR] LogOutputStream:75 - [STDERR_REDIRECT] 
2025-11-05 18:09:01,412 [ERROR] LogOutputStream:75 - [STDERR_REDIRECT] [Fatal Error] :1:1: Premature end of file.
2025-11-05 18:09:01,413 [ERROR] LogOutputStream:75 - [STDERR_REDIRECT] 
2025-11-05 18:09:02,402 [ERROR] LogOutputStream:75 - [STDERR_REDIRECT] [Fatal Error] :1:1: Premature end of file.
2025-11-05 18:09:02,402 [ERROR] LogOutputStream:75 - [STDERR_REDIRECT] 
2025-11-05 18:09:03,403 [ERROR] LogOutputStream:75 - [STDERR_REDIRECT] [Fatal Error] :1:1: Premature end of file.
2025-11-05 18:09:03,404 [ERROR] LogOutputStream:75 - [STDERR_REDIRECT] 
2025-11-05 18:09:04,400 [ERROR] LogOutputStream:75 - [STDERR_REDIRECT] [Fatal Error] :1:1: Premature end of file.
2025-11-05 18:09:04,400 [ERROR] LogOutputStream:75 - [STDERR_REDIRECT] 
2025-11-05 18:09:05,402 [ERROR] LogOutputStream:75 - [STDERR_REDIRECT] [Fatal Error] :1:1: Premature end of file.
2025-11-05 18:09:05,402 [ERROR] LogOutputStream:75 - [STDERR_REDIRECT] 
2025-11-05 18:09:06,391 [ERROR] LogOutputStream:75 - [STDERR_REDIRECT] [Fatal Error] :1:1: Premature end of file.
2025-11-05 18:09:06,392 [ERROR] LogOutputStream:75 - [STDERR_REDIRECT] 
2025-11-05 18:09:07,393 [ERROR] LogOutputStream:75 - [STDERR_REDIRECT] [Fatal Error] :1:1: Premature end of file.
2025-11-05 18:09:07,393 [ERROR] LogOutputStream:75 - [STDERR_REDIRECT] 
2025-11-05 18:09:08,392 [ERROR] LogOutputStream:75 - [STDERR_REDIRECT] [Fatal Error] :1:1: Premature end of file.
2025-11-05 18:09:08,393 [ERROR] LogOutputStream:75 - [STDERR_REDIRECT] 
2025-11-05 18:09:09,401 [ERROR] LogOutputStream:75 - [STDERR_REDIRECT] [Fatal Error] :1:1: Premature end of file.
2025-11-05 18:09:09,401 [ERROR] LogOutputStream:75 - [STDERR_REDIRECT] 
2025-11-05 18:09:10,397 [ERROR] LogOutputStream:75 - [STDERR_REDIRECT] [Fatal Error] :1:1: Premature end of file.
2025-11-05 18:09:10,397 [ERROR] LogOutputStream:75 - [STDERR_REDIRECT] 
2025-11-05 18:09:11,398 [ERROR] LogOutputStream:75 - [STDERR_REDIRECT] [Fatal Error] :1:1: Premature end of file.
2025-11-05 18:09:11,399 [ERROR] LogOutputStream:75 - [STDERR_REDIRECT] 
2025-11-05 18:09:12,414 [ERROR] LogOutputStream:75 - [STDERR_REDIRECT] [Fatal Error] :1:1: Premature end of file.
2025-11-05 18:09:12,415 [ERROR] LogOutputStream:75 - [STDERR_REDIRECT] 
2025-11-05 18:09:13,405 [ERROR] LogOutputStream:75 - [STDERR_REDIRECT] [Fatal Error] :1:1: Premature end of file.
2025-11-05 18:09:13,405 [ERROR] LogOutputStream:75 - [STDERR_REDIRECT] 
2025-11-05 18:09:14,403 [ERROR] LogOutputStream:75 - [STDERR_REDIRECT] [Fatal Error] :1:1: Premature end of file.
2025-11-05 18:09:14,403 [ERROR] LogOutputStream:75 - [STDERR_REDIRECT] 
2025-11-05 18:09:15,399 [ERROR] LogOutputStream:75 - [STDERR_REDIRECT] [Fatal Error] :1:1: Premature end of file.
2025-11-05 18:09:15,399 [ERROR] LogOutputStream:75 - [STDERR_REDIRECT] 
2025-11-05 18:09:16,417 [ERROR] LogOutputStream:75 - [STDERR_REDIRECT] [Fatal Error] :1:1: Premature end of file.
2025-11-05 18:09:16,417 [ERROR] LogOutputStream:75 - [STDERR_REDIRECT] 
2025-11-05 18:09:17,420 [ERROR] LogOutputStream:75 - [STDERR_REDIRECT] [Fatal Error] :1:1: Premature end of file.
2025-11-05 18:09:17,420 [ERROR] LogOutputStream:75 - [STDERR_REDIRECT] 
2025-11-05 18:09:18,394 [ERROR] LogOutputStream:75 - [STDERR_REDIRECT] [Fatal Error] :1:1: Premature end of file.
2025-11-05 18:09:18,394 [ERROR] LogOutputStream:75 - [STDERR_REDIRECT] 
2025-11-05 18:09:19,392 [ERROR] LogOutputStream:75 - [STDERR_REDIRECT] [Fatal Error] :1:1: Premature end of file.
2025-11-05 18:09:19,393 [ERROR] LogOutputStream:75 - [STDERR_REDIRECT] 
2025-11-05 18:09:20,400 [ERROR] LogOutputStream:75 - [STDERR_REDIRECT] [Fatal Error] :1:1: Premature end of file.
2025-11-05 18:09:20,401 [ERROR] LogOutputStream:75 - [STDERR_REDIRECT] 
2025-11-05 18:09:21,395 [ERROR] LogOutputStream:75 - [STDERR_REDIRECT] [Fatal Error] :1:1: Premature end of file.
2025-11-05 18:09:21,395 [ERROR] LogOutputStream:75 - [STDERR_REDIRECT] 
2025-11-05 18:09:22,428 [ERROR] LogOutputStream:75 - [STDERR_REDIRECT] [Fatal Error] :1:1: Premature end of file.
2025-11-05 18:09:22,428 [ERROR] LogOutputStream:75 - [STDERR_REDIRECT] 
2025-11-05 18:09:23,421 [ERROR] LogOutputStream:75 - [STDERR_REDIRECT] [Fatal Error] :1:1: Premature end of file.
2025-11-05 18:09:23,422 [ERROR] LogOutputStream:75 - [STDERR_REDIRECT] 
2025-11-05 18:09:24,388 [ERROR] LogOutputStream:75 - [STDERR_REDIRECT] [Fatal Error] :1:1: Premature end of file.
2025-11-05 18:09:24,389 [ERROR] LogOutputStream:75 - [STDERR_REDIRECT] 
2025-11-05 18:09:25,407 [ERROR] LogOutputStream:75 - [STDERR_REDIRECT] [Fatal Error] :1:1: Premature end of file.
2025-11-05 18:09:25,408 [ERROR] LogOutputStream:75 - [STDERR_REDIRECT] 
2025-11-05 18:09:26,407 [ERROR] LogOutputStream:75 - [STDERR_REDIRECT] [Fatal Error] :1:1: Premature end of file.
2025-11-05 18:09:26,407 [ERROR] LogOutputStream:75 - [STDERR_REDIRECT] 
2025-11-05 18:09:27,403 [ERROR] LogOutputStream:75 - [STDERR_REDIRECT] [Fatal Error] :1:1: Premature end of file.
2025-11-05 18:09:27,403 [ERROR] LogOutputStream:75 - [STDERR_REDIRECT] 
2025-11-05 18:09:28,405 [ERROR] LogOutputStream:75 - [STDERR_REDIRECT] [Fatal Error] :1:1: Premature end of file.
2025-11-05 18:09:28,406 [ERROR] LogOutputStream:75 - [STDERR_REDIRECT] 
2025-11-05 18:09:29,405 [ERROR] LogOutputStream:75 - [STDERR_REDIRECT] [Fatal Error] :1:1: Premature end of file.
2025-11-05 18:09:29,406 [ERROR] LogOutputStream:75 - [STDERR_REDIRECT] 
2025-11-05 18:09:30,431 [ERROR] LogOutputStream:75 - [STDERR_REDIRECT] [Fatal Error] :1:1: Premature end of file.
2025-11-05 18:09:30,432 [ERROR] LogOutputStream:75 - [STDERR_REDIRECT] 
2025-11-05 18:09:31,392 [ERROR] LogOutputStream:75 - [STDERR_REDIRECT] [Fatal Error] :1:1: Premature end of file.
2025-11-05 18:09:31,392 [ERROR] LogOutputStream:75 - [STDERR_REDIRECT] 
2025-11-05 18:09:32,396 [ERROR] LogOutputStream:75 - [STDERR_REDIRECT] [Fatal Error] :1:1: Premature end of file.
2025-11-05 18:09:32,397 [ERROR] LogOutputStream:75 - [STDERR_REDIRECT] 
2025-11-05 18:09:33,392 [ERROR] LogOutputStream:75 - [STDERR_REDIRECT] [Fatal Error] :1:1: Premature end of file.
2025-11-05 18:09:33,393 [ERROR] LogOutputStream:75 - [STDERR_REDIRECT] 
2025-11-05 18:09:34,393 [ERROR] LogOutputStream:75 - [STDERR_REDIRECT] [Fatal Error] :1:1: Premature end of file.
2025-11-05 18:09:34,394 [ERROR] LogOutputStream:75 - [STDERR_REDIRECT] 
2025-11-05 18:09:35,395 [ERROR] LogOutputStream:75 - [STDERR_REDIRECT] [Fatal Error] :1:1: Premature end of file.
2025-11-05 18:09:35,395 [ERROR] LogOutputStream:75 - [STDERR_REDIRECT] 
2025-11-05 18:09:36,389 [ERROR] LogOutputStream:75 - [STDERR_REDIRECT] [Fatal Error] :1:1: Premature end of file.
2025-11-05 18:09:36,390 [ERROR] LogOutputStream:75 - [STDERR_REDIRECT] 
2025-11-05 18:09:37,412 [ERROR] LogOutputStream:75 - [STDERR_REDIRECT] [Fatal Error] :1:1: Premature end of file.
2025-11-05 18:09:37,412 [ERROR] LogOutputStream:75 - [STDERR_REDIRECT] 
2025-11-05 18:09:38,395 [ERROR] LogOutputStream:75 - [STDERR_REDIRECT] [Fatal Error] :1:1: Premature end of file.
2025-11-05 18:09:38,395 [ERROR] LogOutputStream:75 - [STDERR_REDIRECT] 
2025-11-05 18:09:39,385 [ERROR] LogOutputStream:75 - [STDERR_REDIRECT] [Fatal Error] :1:1: Premature end of file.
2025-11-05 18:09:39,386 [ERROR] LogOutputStream:75 - [STDERR_REDIRECT] 
2025-11-05 18:09:40,404 [ERROR] LogOutputStream:75 - [STDERR_REDIRECT] [Fatal Error] :1:1: Premature end of file.
2025-11-05 18:09:40,404 [ERROR] LogOutputStream:75 - [STDERR_REDIRECT] 
2025-11-05 18:09:41,405 [ERROR] LogOutputStream:75 - [STDERR_REDIRECT] [Fatal Error] :1:1: Premature end of file.
2025-11-05 18:09:41,405 [ERROR] LogOutputStream:75 - [STDERR_REDIRECT] 
2025-11-05 18:09:42,386 [ERROR] LogOutputStream:75 - [STDERR_REDIRECT] [Fatal Error] :1:1: Premature end of file.
2025-11-05 18:09:42,386 [ERROR] LogOutputStream:75 - [STDERR_REDIRECT] 
2025-11-05 18:09:43,403 [ERROR] LogOutputStream:75 - [STDERR_REDIRECT] [Fatal Error] :1:1: Premature end of file.
2025-11-05 18:09:43,403 [ERROR] LogOutputStream:75 - [STDERR_REDIRECT] 
2025-11-05 18:09:44,402 [ERROR] LogOutputStream:75 - [STDERR_REDIRECT] [Fatal Error] :1:1: Premature end of file.
2025-11-05 18:09:44,402 [ERROR] LogOutputStream:75 - [STDERR_REDIRECT] 
2025-11-05 18:09:45,396 [ERROR] LogOutputStream:75 - [STDERR_REDIRECT] [Fatal Error] :1:1: Premature end of file.
2025-11-05 18:09:45,397 [ERROR] LogOutputStream:75 - [STDERR_REDIRECT] 
2025-11-05 18:09:46,389 [ERROR] LogOutputStream:75 - [STDERR_REDIRECT] [Fatal Error] :1:1: Premature end of file.
2025-11-05 18:09:46,389 [ERROR] LogOutputStream:75 - [STDERR_REDIRECT] 
2025-11-05 18:09:47,403 [ERROR] LogOutputStream:75 - [STDERR_REDIRECT] [Fatal Error] :1:1: Premature end of file.
2025-11-05 18:09:47,404 [ERROR] LogOutputStream:75 - [STDERR_REDIRECT] 
2025-11-05 18:09:48,397 [ERROR] LogOutputStream:75 - [STDERR_REDIRECT] [Fatal Error] :1:1: Premature end of file.
2025-11-05 18:09:48,399 [ERROR] LogOutputStream:75 - [STDERR_REDIRECT] 
2025-11-05 18:09:49,408 [ERROR] LogOutputStream:75 - [STDERR_REDIRECT] [Fatal Error] :1:1: Premature end of file.
2025-11-05 18:09:49,409 [ERROR] LogOutputStream:75 - [STDERR_REDIRECT] 
2025-11-05 18:09:50,401 [ERROR] LogOutputStream:75 - [STDERR_REDIRECT] [Fatal Error] :1:1: Premature end of file.
2025-11-05 18:09:50,401 [ERROR] LogOutputStream:75 - [STDERR_REDIRECT] 
2025-11-05 18:09:51,405 [ERROR] LogOutputStream:75 - [STDERR_REDIRECT] [Fatal Error] :1:1: Premature end of file.
2025-11-05 18:09:51,405 [ERROR] LogOutputStream:75 - [STDERR_REDIRECT] 
2025-11-05 18:09:52,404 [ERROR] LogOutputStream:75 - [STDERR_REDIRECT] [Fatal Error] :1:1: Premature end of file.
2025-11-05 18:09:52,405 [ERROR] LogOutputStream:75 - [STDERR_REDIRECT] 
2025-11-05 18:09:53,404 [ERROR] LogOutputStream:75 - [STDERR_REDIRECT] [Fatal Error] :1:1: Premature end of file.
2025-11-05 18:09:53,405 [ERROR] LogOutputStream:75 - [STDERR_REDIRECT] 
2025-11-05 18:09:54,394 [ERROR] LogOutputStream:75 - [STDERR_REDIRECT] [Fatal Error] :1:1: Premature end of file.
2025-11-05 18:09:54,394 [ERROR] LogOutputStream:75 - [STDERR_REDIRECT] 
2025-11-05 18:09:55,395 [ERROR] LogOutputStream:75 - [STDERR_REDIRECT] [Fatal Error] :1:1: Premature end of file.
2025-11-05 18:09:55,395 [ERROR] LogOutputStream:75 - [STDERR_REDIRECT] 
2025-11-05 18:09:56,378 [ERROR] LogOutputStream:75 - [STDERR_REDIRECT] [Fatal Error] :1:1: Premature end of file.
2025-11-05 18:09:56,379 [ERROR] LogOutputStream:75 - [STDERR_REDIRECT] 
2025-11-05 18:09:57,399 [ERROR] LogOutputStream:75 - [STDERR_REDIRECT] [Fatal Error] :1:1: Premature end of file.
2025-11-05 18:09:57,400 [ERROR] LogOutputStream:75 - [STDERR_REDIRECT] 
2025-11-05 18:09:58,399 [ERROR] LogOutputStream:75 - [STDERR_REDIRECT] [Fatal Error] :1:1: Premature end of file.
2025-11-05 18:09:58,400 [ERROR] LogOutputStream:75 - [STDERR_REDIRECT] 
2025-11-05 18:09:59,399 [ERROR] LogOutputStream:75 - [STDERR_REDIRECT] [Fatal Error] :1:1: Premature end of file.
2025-11-05 18:09:59,400 [ERROR] LogOutputStream:75 - [STDERR_REDIRECT] 
2025-11-05 18:10:00,409 [ERROR] LogOutputStream:75 - [STDERR_REDIRECT] [Fatal Error] :1:1: Premature end of file.
2025-11-05 18:10:00,410 [ERROR] LogOutputStream:75 - [STDERR_REDIRECT] 
2025-11-05 18:10:01,401 [ERROR] LogOutputStream:75 - [STDERR_REDIRECT] [Fatal Error] :1:1: Premature end of file.
2025-11-05 18:10:01,401 [ERROR] LogOutputStream:75 - [STDERR_REDIRECT] 
2025-11-05 18:10:02,395 [ERROR] LogOutputStream:75 - [STDERR_REDIRECT] [Fatal Error] :1:1: Premature end of file.
2025-11-05 18:10:02,395 [ERROR] LogOutputStream:75 - [STDERR_REDIRECT] 
2025-11-05 18:10:03,401 [ERROR] LogOutputStream:75 - [STDERR_REDIRECT] [Fatal Error] :1:1: Premature end of file.
2025-11-05 18:10:03,401 [ERROR] LogOutputStream:75 - [STDERR_REDIRECT] 
2025-11-05 18:10:04,405 [ERROR] LogOutputStream:75 - [STDERR_REDIRECT] [Fatal Error] :1:1: Premature end of file.
2025-11-05 18:10:04,406 [ERROR] LogOutputStream:75 - [STDERR_REDIRECT] 
2025-11-05 18:10:05,393 [ERROR] LogOutputStream:75 - [STDERR_REDIRECT] [Fatal Error] :1:1: Premature end of file.
2025-11-05 18:10:05,394 [ERROR] LogOutputStream:75 - [STDERR_REDIRECT] 
2025-11-05 18:10:06,392 [ERROR] LogOutputStream:75 - [STDERR_REDIRECT] [Fatal Error] :1:1: Premature end of file.
2025-11-05 18:10:06,393 [ERROR] LogOutputStream:75 - [STDERR_REDIRECT] 
2025-11-05 18:10:07,393 [ERROR] LogOutputStream:75 - [STDERR_REDIRECT] [Fatal Error] :1:1: Premature end of file.
2025-11-05 18:10:07,393 [ERROR] LogOutputStream:75 - [STDERR_REDIRECT] 
2025-11-05 18:10:08,400 [ERROR] LogOutputStream:75 - [STDERR_REDIRECT] [Fatal Error] :1:1: Premature end of file.
2025-11-05 18:10:08,400 [ERROR] LogOutputStream:75 - [STDERR_REDIRECT] 
2025-11-05 18:10:09,397 [ERROR] LogOutputStream:75 - [STDERR_REDIRECT] [Fatal Error] :1:1: Premature end of file.
2025-11-05 18:10:09,398 [ERROR] LogOutputStream:75 - [STDERR_REDIRECT] 
2025-11-05 18:10:10,401 [ERROR] LogOutputStream:75 - [STDERR_REDIRECT] [Fatal Error] :1:1: Premature end of file.
2025-11-05 18:10:10,402 [ERROR] LogOutputStream:75 - [STDERR_REDIRECT] 
2025-11-05 18:10:11,390 [ERROR] LogOutputStream:75 - [STDERR_REDIRECT] [Fatal Error] :1:1: Premature end of file.
2025-11-05 18:10:11,390 [ERROR] LogOutputStream:75 - [STDERR_REDIRECT] 
2025-11-05 18:10:12,414 [ERROR] LogOutputStream:75 - [STDERR_REDIRECT] [Fatal Error] :1:1: Premature end of file.
2025-11-05 18:10:12,415 [ERROR] LogOutputStream:75 - [STDERR_REDIRECT] 
2025-11-05 18:10:13,393 [ERROR] LogOutputStream:75 - [STDERR_REDIRECT] [Fatal Error] :1:1: Premature end of file.
2025-11-05 18:10:13,394 [ERROR] LogOutputStream:75 - [STDERR_REDIRECT] 
2025-11-05 18:10:14,405 [ERROR] LogOutputStream:75 - [STDERR_REDIRECT] [Fatal Error] :1:1: Premature end of file.
2025-11-05 18:10:14,405 [ERROR] LogOutputStream:75 - [STDERR_REDIRECT] 
2025-11-05 18:10:15,402 [ERROR] LogOutputStream:75 - [STDERR_REDIRECT] [Fatal Error] :1:1: Premature end of file.
2025-11-05 18:10:15,402 [ERROR] LogOutputStream:75 - [STDERR_REDIRECT] 
2025-11-05 18:10:16,394 [ERROR] LogOutputStream:75 - [STDERR_REDIRECT] [Fatal Error] :1:1: Premature end of file.
2025-11-05 18:10:16,394 [ERROR] LogOutputStream:75 - [STDERR_REDIRECT] 
2025-11-05 18:10:17,405 [ERROR] LogOutputStream:75 - [STDERR_REDIRECT] [Fatal Error] :1:1: Premature end of file.
2025-11-05 18:10:17,405 [ERROR] LogOutputStream:75 - [STDERR_REDIRECT] 
2025-11-05 18:10:18,406 [ERROR] LogOutputStream:75 - [STDERR_REDIRECT] [Fatal Error] :1:1: Premature end of file.
2025-11-05 18:10:18,407 [ERROR] LogOutputStream:75 - [STDERR_REDIRECT] 
2025-11-05 18:10:19,404 [ERROR] LogOutputStream:75 - [STDERR_REDIRECT] [Fatal Error] :1:1: Premature end of file.
2025-11-05 18:10:19,404 [ERROR] LogOutputStream:75 - [STDERR_REDIRECT] 
2025-11-05 18:10:20,406 [ERROR] LogOutputStream:75 - [STDERR_REDIRECT] [Fatal Error] :1:1: Premature end of file.
2025-11-05 18:10:20,407 [ERROR] LogOutputStream:75 - [STDERR_REDIRECT] 
2025-11-05 18:10:21,394 [ERROR] LogOutputStream:75 - [STDERR_REDIRECT] [Fatal Error] :1:1: Premature end of file.
2025-11-05 18:10:21,396 [ERROR] LogOutputStream:75 - [STDERR_REDIRECT] 
2025-11-05 18:10:22,403 [ERROR] LogOutputStream:75 - [STDERR_REDIRECT] [Fatal Error] :1:1: Premature end of file.
2025-11-05 18:10:22,403 [ERROR] LogOutputStream:75 - [STDERR_REDIRECT] 
2025-11-05 18:10:23,395 [ERROR] LogOutputStream:75 - [STDERR_REDIRECT] [Fatal Error] :1:1: Premature end of file.
2025-11-05 18:10:23,395 [ERROR] LogOutputStream:75 - [STDERR_REDIRECT] 
2025-11-05 18:10:24,403 [ERROR] LogOutputStream:75 - [STDERR_REDIRECT] [Fatal Error] :1:1: Premature end of file.
2025-11-05 18:10:24,403 [ERROR] LogOutputStream:75 - [STDERR_REDIRECT] 
2025-11-05 18:10:25,387 [ERROR] LogOutputStream:75 - [STDERR_REDIRECT] [Fatal Error] :1:1: Premature end of file.
2025-11-05 18:10:25,388 [ERROR] LogOutputStream:75 - [STDERR_REDIRECT] 
2025-11-05 18:10:26,390 [ERROR] LogOutputStream:75 - [STDERR_REDIRECT] [Fatal Error] :1:1: Premature end of file.
2025-11-05 18:10:26,391 [ERROR] LogOutputStream:75 - [STDERR_REDIRECT] 
2025-11-05 18:10:27,394 [ERROR] LogOutputStream:75 - [STDERR_REDIRECT] [Fatal Error] :1:1: Premature end of file.
2025-11-05 18:10:27,394 [ERROR] LogOutputStream:75 - [STDERR_REDIRECT] 
2025-11-05 18:10:28,410 [ERROR] LogOutputStream:75 - [STDERR_REDIRECT] [Fatal Error] :1:1: Premature end of file.
2025-11-05 18:10:28,411 [ERROR] LogOutputStream:75 - [STDERR_REDIRECT] 
2025-11-05 18:10:29,411 [ERROR] LogOutputStream:75 - [STDERR_REDIRECT] [Fatal Error] :1:1: Premature end of file.
2025-11-05 18:10:29,411 [ERROR] LogOutputStream:75 - [STDERR_REDIRECT] 
2025-11-05 18:10:30,403 [ERROR] LogOutputStream:75 - [STDERR_REDIRECT] [Fatal Error] :1:1: Premature end of file.
2025-11-05 18:10:30,404 [ERROR] LogOutputStream:75 - [STDERR_REDIRECT] 
2025-11-05 18:10:31,409 [ERROR] LogOutputStream:75 - [STDERR_REDIRECT] [Fatal Error] :1:1: Premature end of file.
2025-11-05 18:10:31,409 [ERROR] LogOutputStream:75 - [STDERR_REDIRECT] 
2025-11-05 18:10:32,398 [ERROR] LogOutputStream:75 - [STDERR_REDIRECT] [Fatal Error] :1:1: Premature end of file.
2025-11-05 18:10:32,399 [ERROR] LogOutputStream:75 - [STDERR_REDIRECT] 
2025-11-05 18:10:33,399 [ERROR] LogOutputStream:75 - [STDERR_REDIRECT] [Fatal Error] :1:1: Premature end of file.
2025-11-05 18:10:33,400 [ERROR] LogOutputStream:75 - [STDERR_REDIRECT] 
2025-11-05 18:10:34,396 [ERROR] LogOutputStream:75 - [STDERR_REDIRECT] [Fatal Error] :1:1: Premature end of file.
2025-11-05 18:10:34,397 [ERROR] LogOutputStream:75 - [STDERR_REDIRECT] 
2025-11-05 18:10:35,395 [ERROR] LogOutputStream:75 - [STDERR_REDIRECT] [Fatal Error] :1:1: Premature end of file.
2025-11-05 18:10:35,395 [ERROR] LogOutputStream:75 - [STDERR_REDIRECT] 
2025-11-05 18:10:36,396 [ERROR] LogOutputStream:75 - [STDERR_REDIRECT] [Fatal Error] :1:1: Premature end of file.
2025-11-05 18:10:36,396 [ERROR] LogOutputStream:75 - [STDERR_REDIRECT] 
2025-11-05 18:10:37,405 [ERROR] LogOutputStream:75 - [STDERR_REDIRECT] [Fatal Error] :1:1: Premature end of file.
2025-11-05 18:10:37,405 [ERROR] LogOutputStream:75 - [STDERR_REDIRECT] 
2025-11-05 18:10:38,393 [ERROR] LogOutputStream:75 - [STDERR_REDIRECT] [Fatal Error] :1:1: Premature end of file.
2025-11-05 18:10:38,393 [ERROR] LogOutputStream:75 - [STDERR_REDIRECT] 
2025-11-05 18:10:39,406 [ERROR] LogOutputStream:75 - [STDERR_REDIRECT] [Fatal Error] :1:1: Premature end of file.
2025-11-05 18:10:39,407 [ERROR] LogOutputStream:75 - [STDERR_REDIRECT] 
2025-11-05 18:10:40,411 [ERROR] LogOutputStream:75 - [STDERR_REDIRECT] [Fatal Error] :1:1: Premature end of file.
2025-11-05 18:10:40,412 [ERROR] LogOutputStream:75 - [STDERR_REDIRECT] 
2025-11-05 18:10:41,399 [ERROR] LogOutputStream:75 - [STDERR_REDIRECT] [Fatal Error] :1:1: Premature end of file.
2025-11-05 18:10:41,400 [ERROR] LogOutputStream:75 - [STDERR_REDIRECT] 
2025-11-05 18:10:42,405 [ERROR] LogOutputStream:75 - [STDERR_REDIRECT] [Fatal Error] :1:1: Premature end of file.
2025-11-05 18:10:42,405 [ERROR] LogOutputStream:75 - [STDERR_REDIRECT] 
2025-11-05 18:10:43,399 [ERROR] LogOutputStream:75 - [STDERR_REDIRECT] [Fatal Error] :1:1: Premature end of file.
2025-11-05 18:10:43,400 [ERROR] LogOutputStream:75 - [STDERR_REDIRECT] 
2025-11-05 18:10:44,396 [ERROR] LogOutputStream:75 - [STDERR_REDIRECT] [Fatal Error] :1:1: Premature end of file.
2025-11-05 18:10:44,396 [ERROR] LogOutputStream:75 - [STDERR_REDIRECT] 
2025-11-05 18:10:45,394 [ERROR] LogOutputStream:75 - [STDERR_REDIRECT] [Fatal Error] :1:1: Premature end of file.
2025-11-05 18:10:45,395 [ERROR] LogOutputStream:75 - [STDERR_REDIRECT] 
2025-11-05 18:10:46,399 [ERROR] LogOutputStream:75 - [STDERR_REDIRECT] [Fatal Error] :1:1: Premature end of file.
2025-11-05 18:10:46,399 [ERROR] LogOutputStream:75 - [STDERR_REDIRECT] 
2025-11-05 18:10:47,403 [ERROR] LogOutputStream:75 - [STDERR_REDIRECT] [Fatal Error] :1:1: Premature end of file.
2025-11-05 18:10:47,404 [ERROR] LogOutputStream:75 - [STDERR_REDIRECT] 
2025-11-05 18:10:48,398 [ERROR] LogOutputStream:75 - [STDERR_REDIRECT] [Fatal Error] :1:1: Premature end of file.
2025-11-05 18:10:48,399 [ERROR] LogOutputStream:75 - [STDERR_REDIRECT] 
2025-11-05 18:10:49,387 [ERROR] LogOutputStream:75 - [STDERR_REDIRECT] [Fatal Error] :1:1: Premature end of file.
2025-11-05 18:10:49,387 [ERROR] LogOutputStream:75 - [STDERR_REDIRECT] 
2025-11-05 18:10:50,391 [ERROR] LogOutputStream:75 - [STDERR_REDIRECT] [Fatal Error] :1:1: Premature end of file.
2025-11-05 18:10:50,391 [ERROR] LogOutputStream:75 - [STDERR_REDIRECT] 
2025-11-05 18:10:51,405 [ERROR] LogOutputStream:75 - [STDERR_REDIRECT] [Fatal Error] :1:1: Premature end of file.
2025-11-05 18:10:51,405 [ERROR] LogOutputStream:75 - [STDERR_REDIRECT] 
2025-11-05 18:10:52,403 [ERROR] LogOutputStream:75 - [STDERR_REDIRECT] [Fatal Error] :1:1: Premature end of file.
2025-11-05 18:10:52,403 [ERROR] LogOutputStream:75 - [STDERR_REDIRECT] 
2025-11-05 18:10:53,400 [ERROR] LogOutputStream:75 - [STDERR_REDIRECT] [Fatal Error] :1:1: Premature end of file.
2025-11-05 18:10:53,400 [ERROR] LogOutputStream:75 - [STDERR_REDIRECT] 
2025-11-05 18:10:54,402 [ERROR] LogOutputStream:75 - [STDERR_REDIRECT] [Fatal Error] :1:1: Premature end of file.
2025-11-05 18:10:54,403 [ERROR] LogOutputStream:75 - [STDERR_REDIRECT] 
2025-11-05 18:10:55,406 [ERROR] LogOutputStream:75 - [STDERR_REDIRECT] [Fatal Error] :1:1: Premature end of file.
2025-11-05 18:10:55,406 [ERROR] LogOutputStream:75 - [STDERR_REDIRECT] 
2025-11-05 18:10:56,402 [ERROR] LogOutputStream:75 - [STDERR_REDIRECT] [Fatal Error] :1:1: Premature end of file.
2025-11-05 18:10:56,402 [ERROR] LogOutputStream:75 - [STDERR_REDIRECT] 
2025-11-05 18:10:57,403 [ERROR] LogOutputStream:75 - [STDERR_REDIRECT] [Fatal Error] :1:1: Premature end of file.
2025-11-05 18:10:57,404 [ERROR] LogOutputStream:75 - [STDERR_REDIRECT] 
2025-11-05 18:10:58,391 [ERROR] LogOutputStream:75 - [STDERR_REDIRECT] [Fatal Error] :1:1: Premature end of file.
2025-11-05 18:10:58,391 [ERROR] LogOutputStream:75 - [STDERR_REDIRECT] 
2025-11-05 18:10:59,400 [ERROR] LogOutputStream:75 - [STDERR_REDIRECT] [Fatal Error] :1:1: Premature end of file.
2025-11-05 18:10:59,400 [ERROR] LogOutputStream:75 - [STDERR_REDIRECT] 
2025-11-05 18:11:00,394 [ERROR] LogOutputStream:75 - [STDERR_REDIRECT] [Fatal Error] :1:1: Premature end of file.
2025-11-05 18:11:00,395 [ERROR] LogOutputStream:75 - [STDERR_REDIRECT] 
2025-11-05 18:11:01,403 [ERROR] LogOutputStream:75 - [STDERR_REDIRECT] [Fatal Error] :1:1: Premature end of file.
2025-11-05 18:11:01,403 [ERROR] LogOutputStream:75 - [STDERR_REDIRECT] 
2025-11-05 18:11:02,391 [ERROR] LogOutputStream:75 - [STDERR_REDIRECT] [Fatal Error] :1:1: Premature end of file.
2025-11-05 18:11:02,393 [ERROR] LogOutputStream:75 - [STDERR_REDIRECT] 
2025-11-05 18:11:03,394 [ERROR] LogOutputStream:75 - [STDERR_REDIRECT] [Fatal Error] :1:1: Premature end of file.
2025-11-05 18:11:03,394 [ERROR] LogOutputStream:75 - [STDERR_REDIRECT] 
2025-11-05 18:11:04,389 [ERROR] LogOutputStream:75 - [STDERR_REDIRECT] [Fatal Error] :1:1: Premature end of file.
2025-11-05 18:11:04,389 [ERROR] LogOutputStream:75 - [STDERR_REDIRECT] 
2025-11-05 18:11:05,394 [ERROR] LogOutputStream:75 - [STDERR_REDIRECT] [Fatal Error] :1:1: Premature end of file.
2025-11-05 18:11:05,394 [ERROR] LogOutputStream:75 - [STDERR_REDIRECT] 
2025-11-05 18:11:06,396 [ERROR] LogOutputStream:75 - [STDERR_REDIRECT] [Fatal Error] :1:1: Premature end of file.
2025-11-05 18:11:06,396 [ERROR] LogOutputStream:75 - [STDERR_REDIRECT] 
2025-11-05 18:11:07,403 [ERROR] LogOutputStream:75 - [STDERR_REDIRECT] [Fatal Error] :1:1: Premature end of file.
2025-11-05 18:11:07,403 [ERROR] LogOutputStream:75 - [STDERR_REDIRECT] 
2025-11-05 18:11:08,399 [ERROR] LogOutputStream:75 - [STDERR_REDIRECT] [Fatal Error] :1:1: Premature end of file.
2025-11-05 18:11:08,400 [ERROR] LogOutputStream:75 - [STDERR_REDIRECT] 
2025-11-05 18:11:09,399 [ERROR] LogOutputStream:75 - [STDERR_REDIRECT] [Fatal Error] :1:1: Premature end of file.
2025-11-05 18:11:09,400 [ERROR] LogOutputStream:75 - [STDERR_REDIRECT] 
2025-11-05 18:11:10,387 [ERROR] LogOutputStream:75 - [STDERR_REDIRECT] [Fatal Error] :1:1: Premature end of file.
2025-11-05 18:11:10,387 [ERROR] LogOutputStream:75 - [STDERR_REDIRECT] 
2025-11-05 18:11:11,404 [ERROR] LogOutputStream:75 - [STDERR_REDIRECT] [Fatal Error] :1:1: Premature end of file.
2025-11-05 18:11:11,404 [ERROR] LogOutputStream:75 - [STDERR_REDIRECT] 
2025-11-05 18:11:12,399 [ERROR] LogOutputStream:75 - [STDERR_REDIRECT] [Fatal Error] :1:1: Premature end of file.
2025-11-05 18:11:12,400 [ERROR] LogOutputStream:75 - [STDERR_REDIRECT] 
2025-11-05 18:11:13,402 [ERROR] LogOutputStream:75 - [STDERR_REDIRECT] [Fatal Error] :1:1: Premature end of file.
2025-11-05 18:11:13,402 [ERROR] LogOutputStream:75 - [STDERR_REDIRECT] 
2025-11-05 18:11:14,390 [ERROR] LogOutputStream:75 - [STDERR_REDIRECT] [Fatal Error] :1:1: Premature end of file.
2025-11-05 18:11:14,391 [ERROR] LogOutputStream:75 - [STDERR_REDIRECT] 
2025-11-05 18:11:15,405 [ERROR] LogOutputStream:75 - [STDERR_REDIRECT] [Fatal Error] :1:1: Premature end of file.
2025-11-05 18:11:15,405 [ERROR] LogOutputStream:75 - [STDERR_REDIRECT] 
2025-11-05 18:11:16,392 [ERROR] LogOutputStream:75 - [STDERR_REDIRECT] [Fatal Error] :1:1: Premature end of file.
2025-11-05 18:11:16,392 [ERROR] LogOutputStream:75 - [STDERR_REDIRECT] 
2025-11-05 18:11:17,394 [ERROR] LogOutputStream:75 - [STDERR_REDIRECT] [Fatal Error] :1:1: Premature end of file.
2025-11-05 18:11:17,395 [ERROR] LogOutputStream:75 - [STDERR_REDIRECT] 
2025-11-05 18:11:18,402 [ERROR] LogOutputStream:75 - [STDERR_REDIRECT] [Fatal Error] :1:1: Premature end of file.
2025-11-05 18:11:18,402 [ERROR] LogOutputStream:75 - [STDERR_REDIRECT] 
2025-11-05 18:11:19,402 [ERROR] LogOutputStream:75 - [STDERR_REDIRECT] [Fatal Error] :1:1: Premature end of file.
2025-11-05 18:11:19,403 [ERROR] LogOutputStream:75 - [STDERR_REDIRECT] 
2025-11-05 18:11:20,395 [ERROR] LogOutputStream:75 - [STDERR_REDIRECT] [Fatal Error] :1:1: Premature end of file.
2025-11-05 18:11:20,395 [ERROR] LogOutputStream:75 - [STDERR_REDIRECT] 
2025-11-05 18:11:21,367 [ERROR] LogOutputStream:75 - [STDERR_REDIRECT] [Fatal Error] :1:1: Premature end of file.
2025-11-05 18:11:21,368 [ERROR] LogOutputStream:75 - [STDERR_REDIRECT] 
2025-11-05 18:11:22,413 [ERROR] LogOutputStream:75 - [STDERR_REDIRECT] [Fatal Error] :1:1: Premature end of file.
2025-11-05 18:11:22,416 [ERROR] LogOutputStream:75 - [STDERR_REDIRECT] 
2025-11-05 18:11:23,395 [ERROR] LogOutputStream:75 - [STDERR_REDIRECT] [Fatal Error] :1:1: Premature end of file.
2025-11-05 18:11:23,396 [ERROR] LogOutputStream:75 - [STDERR_REDIRECT] 
2025-11-05 18:11:24,405 [ERROR] LogOutputStream:75 - [STDERR_REDIRECT] [Fatal Error] :1:1: Premature end of file.
2025-11-05 18:11:24,405 [ERROR] LogOutputStream:75 - [STDERR_REDIRECT] 
2025-11-05 18:11:25,403 [ERROR] LogOutputStream:75 - [STDERR_REDIRECT] [Fatal Error] :1:1: Premature end of file.
2025-11-05 18:11:25,404 [ERROR] LogOutputStream:75 - [STDERR_REDIRECT] 
2025-11-05 18:11:26,405 [ERROR] LogOutputStream:75 - [STDERR_REDIRECT] [Fatal Error] :1:1: Premature end of file.
2025-11-05 18:11:26,405 [ERROR] LogOutputStream:75 - [STDERR_REDIRECT] 
2025-11-05 18:11:27,402 [ERROR] LogOutputStream:75 - [STDERR_REDIRECT] [Fatal Error] :1:1: Premature end of file.
2025-11-05 18:11:27,403 [ERROR] LogOutputStream:75 - [STDERR_REDIRECT] 
2025-11-05 18:11:28,391 [ERROR] LogOutputStream:75 - [STDERR_REDIRECT] [Fatal Error] :1:1: Premature end of file.
2025-11-05 18:11:28,391 [ERROR] LogOutputStream:75 - [STDERR_REDIRECT] 
2025-11-05 18:11:29,403 [ERROR] LogOutputStream:75 - [STDERR_REDIRECT] [Fatal Error] :1:1: Premature end of file.
2025-11-05 18:11:29,404 [ERROR] LogOutputStream:75 - [STDERR_REDIRECT] 
2025-11-05 18:11:30,400 [ERROR] LogOutputStream:75 - [STDERR_REDIRECT] [Fatal Error] :1:1: Premature end of file.
2025-11-05 18:11:30,401 [ERROR] LogOutputStream:75 - [STDERR_REDIRECT] 
2025-11-05 18:11:31,399 [ERROR] LogOutputStream:75 - [STDERR_REDIRECT] [Fatal Error] :1:1: Premature end of file.
2025-11-05 18:11:31,400 [ERROR] LogOutputStream:75 - [STDERR_REDIRECT] 
2025-11-05 18:11:32,400 [ERROR] LogOutputStream:75 - [STDERR_REDIRECT] [Fatal Error] :1:1: Premature end of file.
2025-11-05 18:11:32,400 [ERROR] LogOutputStream:75 - [STDERR_REDIRECT] 
2025-11-05 18:11:33,396 [ERROR] LogOutputStream:75 - [STDERR_REDIRECT] [Fatal Error] :1:1: Premature end of file.
2025-11-05 18:11:33,396 [ERROR] LogOutputStream:75 - [STDERR_REDIRECT] 
2025-11-05 18:11:34,389 [ERROR] LogOutputStream:75 - [STDERR_REDIRECT] [Fatal Error] :1:1: Premature end of file.
2025-11-05 18:11:34,389 [ERROR] LogOutputStream:75 - [STDERR_REDIRECT] 
2025-11-05 18:11:35,383 [ERROR] LogOutputStream:75 - [STDERR_REDIRECT] [Fatal Error] :1:1: Premature end of file.
2025-11-05 18:11:35,384 [ERROR] LogOutputStream:75 - [STDERR_REDIRECT] 
2025-11-05 18:11:36,383 [ERROR] LogOutputStream:75 - [STDERR_REDIRECT] [Fatal Error] :1:1: Premature end of file.
2025-11-05 18:11:36,383 [ERROR] LogOutputStream:75 - [STDERR_REDIRECT] 
2025-11-05 18:11:37,407 [ERROR] LogOutputStream:75 - [STDERR_REDIRECT] [Fatal Error] :1:1: Premature end of file.
2025-11-05 18:11:37,407 [ERROR] LogOutputStream:75 - [STDERR_REDIRECT] 
2025-11-05 18:11:38,402 [ERROR] LogOutputStream:75 - [STDERR_REDIRECT] [Fatal Error] :1:1: Premature end of file.
2025-11-05 18:11:38,403 [ERROR] LogOutputStream:75 - [STDERR_REDIRECT] 
2025-11-05 18:11:39,396 [ERROR] LogOutputStream:75 - [STDERR_REDIRECT] [Fatal Error] :1:1: Premature end of file.
2025-11-05 18:11:39,397 [ERROR] LogOutputStream:75 - [STDERR_REDIRECT] 
2025-11-05 18:11:40,391 [ERROR] LogOutputStream:75 - [STDERR_REDIRECT] [Fatal Error] :1:1: Premature end of file.
2025-11-05 18:11:40,391 [ERROR] LogOutputStream:75 - [STDERR_REDIRECT] 
2025-11-05 18:11:41,392 [ERROR] LogOutputStream:75 - [STDERR_REDIRECT] [Fatal Error] :1:1: Premature end of file.
2025-11-05 18:11:41,393 [ERROR] LogOutputStream:75 - [STDERR_REDIRECT] 
2025-11-05 18:11:42,401 [ERROR] LogOutputStream:75 - [STDERR_REDIRECT] [Fatal Error] :1:1: Premature end of file.
2025-11-05 18:11:42,402 [ERROR] LogOutputStream:75 - [STDERR_REDIRECT] 
2025-11-05 18:11:43,401 [ERROR] LogOutputStream:75 - [STDERR_REDIRECT] [Fatal Error] :1:1: Premature end of file.
2025-11-05 18:11:43,401 [ERROR] LogOutputStream:75 - [STDERR_REDIRECT] 
2025-11-05 18:11:44,404 [ERROR] LogOutputStream:75 - [STDERR_REDIRECT] [Fatal Error] :1:1: Premature end of file.
2025-11-05 18:11:44,404 [ERROR] LogOutputStream:75 - [STDERR_REDIRECT] 
2025-11-05 18:11:45,393 [ERROR] LogOutputStream:75 - [STDERR_REDIRECT] [Fatal Error] :1:1: Premature end of file.
2025-11-05 18:11:45,393 [ERROR] LogOutputStream:75 - [STDERR_REDIRECT] 
2025-11-05 18:11:46,406 [ERROR] LogOutputStream:75 - [STDERR_REDIRECT] [Fatal Error] :1:1: Premature end of file.
2025-11-05 18:11:46,407 [ERROR] LogOutputStream:75 - [STDERR_REDIRECT] 
2025-11-05 18:11:47,405 [ERROR] LogOutputStream:75 - [STDERR_REDIRECT] [Fatal Error] :1:1: Premature end of file.
2025-11-05 18:11:47,406 [ERROR] LogOutputStream:75 - [STDERR_REDIRECT] 
2025-11-05 18:11:48,393 [ERROR] LogOutputStream:75 - [STDERR_REDIRECT] [Fatal Error] :1:1: Premature end of file.
2025-11-05 18:11:48,394 [ERROR] LogOutputStream:75 - [STDERR_REDIRECT] 
2025-11-05 18:11:49,394 [ERROR] LogOutputStream:75 - [STDERR_REDIRECT] [Fatal Error] :1:1: Premature end of file.
2025-11-05 18:11:49,394 [ERROR] LogOutputStream:75 - [STDERR_REDIRECT] 
2025-11-05 18:11:50,399 [ERROR] LogOutputStream:75 - [STDERR_REDIRECT] [Fatal Error] :1:1: Premature end of file.
2025-11-05 18:11:50,399 [ERROR] LogOutputStream:75 - [STDERR_REDIRECT] 
2025-11-05 18:11:51,410 [ERROR] LogOutputStream:75 - [STDERR_REDIRECT] [Fatal Error] :1:1: Premature end of file.
2025-11-05 18:11:51,411 [ERROR] LogOutputStream:75 - [STDERR_REDIRECT] 
2025-11-05 18:11:52,398 [ERROR] LogOutputStream:75 - [STDERR_REDIRECT] [Fatal Error] :1:1: Premature end of file.
2025-11-05 18:11:52,399 [ERROR] LogOutputStream:75 - [STDERR_REDIRECT] 
2025-11-05 18:11:53,401 [ERROR] LogOutputStream:75 - [STDERR_REDIRECT] [Fatal Error] :1:1: Premature end of file.
2025-11-05 18:11:53,401 [ERROR] LogOutputStream:75 - [STDERR_REDIRECT] 
2025-11-05 18:11:54,390 [ERROR] LogOutputStream:75 - [STDERR_REDIRECT] [Fatal Error] :1:1: Premature end of file.
2025-11-05 18:11:54,390 [ERROR] LogOutputStream:75 - [STDERR_REDIRECT] 
2025-11-05 18:11:55,397 [ERROR] LogOutputStream:75 - [STDERR_REDIRECT] [Fatal Error] :1:1: Premature end of file.
2025-11-05 18:11:55,397 [ERROR] LogOutputStream:75 - [STDERR_REDIRECT] 
2025-11-05 18:11:56,404 [ERROR] LogOutputStream:75 - [STDERR_REDIRECT] [Fatal Error] :1:1: Premature end of file.
2025-11-05 18:11:56,404 [ERROR] LogOutputStream:75 - [STDERR_REDIRECT] 
2025-11-05 18:11:57,395 [ERROR] LogOutputStream:75 - [STDERR_REDIRECT] [Fatal Error] :1:1: Premature end of file.
2025-11-05 18:11:57,396 [ERROR] LogOutputStream:75 - [STDERR_REDIRECT] 
2025-11-05 18:11:58,390 [ERROR] LogOutputStream:75 - [STDERR_REDIRECT] [Fatal Error] :1:1: Premature end of file.
2025-11-05 18:11:58,390 [ERROR] LogOutputStream:75 - [STDERR_REDIRECT] 
2025-11-05 18:11:59,384 [ERROR] LogOutputStream:75 - [STDERR_REDIRECT] [Fatal Error] :1:1: Premature end of file.
2025-11-05 18:11:59,385 [ERROR] LogOutputStream:75 - [STDERR_REDIRECT] 
2025-11-05 18:12:00,400 [ERROR] LogOutputStream:75 - [STDERR_REDIRECT] [Fatal Error] :1:1: Premature end of file.
2025-11-05 18:12:00,400 [ERROR] LogOutputStream:75 - [STDERR_REDIRECT] 
2025-11-05 18:12:01,396 [ERROR] LogOutputStream:75 - [STDERR_REDIRECT] [Fatal Error] :1:1: Premature end of file.
2025-11-05 18:12:01,397 [ERROR] LogOutputStream:75 - [STDERR_REDIRECT] 
2025-11-05 18:12:02,404 [ERROR] LogOutputStream:75 - [STDERR_REDIRECT] [Fatal Error] :1:1: Premature end of file.
2025-11-05 18:12:02,404 [ERROR] LogOutputStream:75 - [STDERR_REDIRECT] 
2025-11-05 18:12:03,405 [ERROR] LogOutputStream:75 - [STDERR_REDIRECT] [Fatal Error] :1:1: Premature end of file.
2025-11-05 18:12:03,405 [ERROR] LogOutputStream:75 - [STDERR_REDIRECT] 
2025-11-05 18:12:04,399 [ERROR] LogOutputStream:75 - [STDERR_REDIRECT] [Fatal Error] :1:1: Premature end of file.
2025-11-05 18:12:04,399 [ERROR] LogOutputStream:75 - [STDERR_REDIRECT] 
2025-11-05 18:12:05,394 [ERROR] LogOutputStream:75 - [STDERR_REDIRECT] [Fatal Error] :1:1: Premature end of file.
2025-11-05 18:12:05,395 [ERROR] LogOutputStream:75 - [STDERR_REDIRECT] 
2025-11-05 18:12:06,403 [ERROR] LogOutputStream:75 - [STDERR_REDIRECT] [Fatal Error] :1:1: Premature end of file.
2025-11-05 18:12:06,403 [ERROR] LogOutputStream:75 - [STDERR_REDIRECT] 
2025-11-05 18:12:07,399 [ERROR] LogOutputStream:75 - [STDERR_REDIRECT] [Fatal Error] :1:1: Premature end of file.
2025-11-05 18:12:07,399 [ERROR] LogOutputStream:75 - [STDERR_REDIRECT] 
2025-11-05 18:12:08,401 [ERROR] LogOutputStream:75 - [STDERR_REDIRECT] [Fatal Error] :1:1: Premature end of file.
2025-11-05 18:12:08,402 [ERROR] LogOutputStream:75 - [STDERR_REDIRECT] 
2025-11-05 18:12:09,391 [ERROR] LogOutputStream:75 - [STDERR_REDIRECT] [Fatal Error] :1:1: Premature end of file.
2025-11-05 18:12:09,391 [ERROR] LogOutputStream:75 - [STDERR_REDIRECT] 
2025-11-05 18:12:10,403 [ERROR] LogOutputStream:75 - [STDERR_REDIRECT] [Fatal Error] :1:1: Premature end of file.
2025-11-05 18:12:10,403 [ERROR] LogOutputStream:75 - [STDERR_REDIRECT] 
2025-11-05 18:12:11,393 [ERROR] LogOutputStream:75 - [STDERR_REDIRECT] [Fatal Error] :1:1: Premature end of file.
2025-11-05 18:12:11,393 [ERROR] LogOutputStream:75 - [STDERR_REDIRECT] 
2025-11-05 18:12:12,404 [ERROR] LogOutputStream:75 - [STDERR_REDIRECT] [Fatal Error] :1:1: Premature end of file.
2025-11-05 18:12:12,405 [ERROR] LogOutputStream:75 - [STDERR_REDIRECT] 
2025-11-05 18:12:13,386 [ERROR] LogOutputStream:75 - [STDERR_REDIRECT] [Fatal Error] :1:1: Premature end of file.
2025-11-05 18:12:13,387 [ERROR] LogOutputStream:75 - [STDERR_REDIRECT] 
2025-11-05 18:12:14,407 [ERROR] LogOutputStream:75 - [STDERR_REDIRECT] [Fatal Error] :1:1: Premature end of file.
2025-11-05 18:12:14,413 [ERROR] LogOutputStream:75 - [STDERR_REDIRECT] 
2025-11-05 18:12:15,397 [ERROR] LogOutputStream:75 - [STDERR_REDIRECT] [Fatal Error] :1:1: Premature end of file.
2025-11-05 18:12:15,397 [ERROR] LogOutputStream:75 - [STDERR_REDIRECT] 
2025-11-05 18:12:16,395 [ERROR] LogOutputStream:75 - [STDERR_REDIRECT] [Fatal Error] :1:1: Premature end of file.
2025-11-05 18:12:16,396 [ERROR] LogOutputStream:75 - [STDERR_REDIRECT] 
2025-11-05 18:12:17,405 [ERROR] LogOutputStream:75 - [STDERR_REDIRECT] [Fatal Error] :1:1: Premature end of file.
2025-11-05 18:12:17,406 [ERROR] LogOutputStream:75 - [STDERR_REDIRECT] 
2025-11-05 18:12:18,393 [ERROR] LogOutputStream:75 - [STDERR_REDIRECT] [Fatal Error] :1:1: Premature end of file.
2025-11-05 18:12:18,394 [ERROR] LogOutputStream:75 - [STDERR_REDIRECT] 
2025-11-05 18:12:19,395 [ERROR] LogOutputStream:75 - [STDERR_REDIRECT] [Fatal Error] :1:1: Premature end of file.
2025-11-05 18:12:19,396 [ERROR] LogOutputStream:75 - [STDERR_REDIRECT] 
2025-11-05 18:12:20,399 [ERROR] LogOutputStream:75 - [STDERR_REDIRECT] [Fatal Error] :1:1: Premature end of file.
2025-11-05 18:12:20,400 [ERROR] LogOutputStream:75 - [STDERR_REDIRECT] 
2025-11-05 18:12:21,392 [ERROR] LogOutputStream:75 - [STDERR_REDIRECT] [Fatal Error] :1:1: Premature end of file.
2025-11-05 18:12:21,392 [ERROR] LogOutputStream:75 - [STDERR_REDIRECT] 
2025-11-05 18:12:22,399 [ERROR] LogOutputStream:75 - [STDERR_REDIRECT] [Fatal Error] :1:1: Premature end of file.
2025-11-05 18:12:22,400 [ERROR] LogOutputStream:75 - [STDERR_REDIRECT] 
2025-11-05 18:12:23,408 [ERROR] LogOutputStream:75 - [STDERR_REDIRECT] [Fatal Error] :1:1: Premature end of file.
2025-11-05 18:12:23,409 [ERROR] LogOutputStream:75 - [STDERR_REDIRECT] 
2025-11-05 18:12:24,393 [ERROR] LogOutputStream:75 - [STDERR_REDIRECT] [Fatal Error] :1:1: Premature end of file.
2025-11-05 18:12:24,394 [ERROR] LogOutputStream:75 - [STDERR_REDIRECT] 
2025-11-05 18:12:25,404 [ERROR] LogOutputStream:75 - [STDERR_REDIRECT] [Fatal Error] :1:1: Premature end of file.
2025-11-05 18:12:25,405 [ERROR] LogOutputStream:75 - [STDERR_REDIRECT] 
2025-11-05 18:12:26,392 [ERROR] LogOutputStream:75 - [STDERR_REDIRECT] [Fatal Error] :1:1: Premature end of file.
2025-11-05 18:12:26,392 [ERROR] LogOutputStream:75 - [STDERR_REDIRECT] 
2025-11-05 18:12:27,391 [ERROR] LogOutputStream:75 - [STDERR_REDIRECT] [Fatal Error] :1:1: Premature end of file.
2025-11-05 18:12:27,392 [ERROR] LogOutputStream:75 - [STDERR_REDIRECT] 
2025-11-05 18:12:28,392 [ERROR] LogOutputStream:75 - [STDERR_REDIRECT] [Fatal Error] :1:1: Premature end of file.
2025-11-05 18:12:28,393 [ERROR] LogOutputStream:75 - [STDERR_REDIRECT] 
2025-11-05 18:12:29,406 [ERROR] LogOutputStream:75 - [STDERR_REDIRECT] [Fatal Error] :1:1: Premature end of file.
2025-11-05 18:12:29,417 [ERROR] LogOutputStream:75 - [STDERR_REDIRECT] 
2025-11-05 18:12:30,383 [ERROR] LogOutputStream:75 - [STDERR_REDIRECT] [Fatal Error] :1:1: Premature end of file.
2025-11-05 18:12:30,384 [ERROR] LogOutputStream:75 - [STDERR_REDIRECT] 
2025-11-05 18:12:31,390 [ERROR] LogOutputStream:75 - [STDERR_REDIRECT] [Fatal Error] :1:1: Premature end of file.
2025-11-05 18:12:31,391 [ERROR] LogOutputStream:75 - [STDERR_REDIRECT] 
2025-11-05 18:12:32,387 [ERROR] LogOutputStream:75 - [STDERR_REDIRECT] [Fatal Error] :1:1: Premature end of file.
2025-11-05 18:12:32,387 [ERROR] LogOutputStream:75 - [STDERR_REDIRECT] 
2025-11-05 18:12:33,395 [ERROR] LogOutputStream:75 - [STDERR_REDIRECT] [Fatal Error] :1:1: Premature end of file.
2025-11-05 18:12:33,395 [ERROR] LogOutputStream:75 - [STDERR_REDIRECT] 
2025-11-05 18:12:34,413 [ERROR] LogOutputStream:75 - [STDERR_REDIRECT] [Fatal Error] :1:1: Premature end of file.
2025-11-05 18:12:34,413 [ERROR] LogOutputStream:75 - [STDERR_REDIRECT] 
2025-11-05 18:12:35,403 [ERROR] LogOutputStream:75 - [STDERR_REDIRECT] [Fatal Error] :1:1: Premature end of file.
2025-11-05 18:12:35,404 [ERROR] LogOutputStream:75 - [STDERR_REDIRECT] 
2025-11-05 18:12:36,395 [ERROR] LogOutputStream:75 - [STDERR_REDIRECT] [Fatal Error] :1:1: Premature end of file.
2025-11-05 18:12:36,395 [ERROR] LogOutputStream:75 - [STDERR_REDIRECT] 
2025-11-05 18:12:37,393 [ERROR] LogOutputStream:75 - [STDERR_REDIRECT] [Fatal Error] :1:1: Premature end of file.
2025-11-05 18:12:37,394 [ERROR] LogOutputStream:75 - [STDERR_REDIRECT] 
2025-11-05 18:12:38,378 [ERROR] LogOutputStream:75 - [STDERR_REDIRECT] [Fatal Error] :1:1: Premature end of file.
2025-11-05 18:12:38,378 [ERROR] LogOutputStream:75 - [STDERR_REDIRECT] 
2025-11-05 18:12:39,393 [ERROR] LogOutputStream:75 - [STDERR_REDIRECT] [Fatal Error] :1:1: Premature end of file.
2025-11-05 18:12:39,393 [ERROR] LogOutputStream:75 - [STDERR_REDIRECT] 
2025-11-05 18:12:40,396 [ERROR] LogOutputStream:75 - [STDERR_REDIRECT] [Fatal Error] :1:1: Premature end of file.
2025-11-05 18:12:40,397 [ERROR] LogOutputStream:75 - [STDERR_REDIRECT] 
2025-11-05 18:12:41,399 [ERROR] LogOutputStream:75 - [STDERR_REDIRECT] [Fatal Error] :1:1: Premature end of file.
2025-11-05 18:12:41,399 [ERROR] LogOutputStream:75 - [STDERR_REDIRECT] 
2025-11-05 18:12:42,385 [ERROR] LogOutputStream:75 - [STDERR_REDIRECT] [Fatal Error] :1:1: Premature end of file.
2025-11-05 18:12:42,386 [ERROR] LogOutputStream:75 - [STDERR_REDIRECT] 
2025-11-05 18:12:43,376 [ERROR] LogOutputStream:75 - [STDERR_REDIRECT] [Fatal Error] :1:1: Premature end of file.
2025-11-05 18:12:43,377 [ERROR] LogOutputStream:75 - [STDERR_REDIRECT] 
2025-11-05 18:12:44,400 [ERROR] LogOutputStream:75 - [STDERR_REDIRECT] [Fatal Error] :1:1: Premature end of file.
2025-11-05 18:12:44,400 [ERROR] LogOutputStream:75 - [STDERR_REDIRECT] 
2025-11-05 18:12:45,395 [ERROR] LogOutputStream:75 - [STDERR_REDIRECT] [Fatal Error] :1:1: Premature end of file.
2025-11-05 18:12:45,395 [ERROR] LogOutputStream:75 - [STDERR_REDIRECT] 
2025-11-05 18:12:46,387 [ERROR] LogOutputStream:75 - [STDERR_REDIRECT] [Fatal Error] :1:1: Premature end of file.
2025-11-05 18:12:46,387 [ERROR] LogOutputStream:75 - [STDERR_REDIRECT] 
2025-11-05 18:12:47,395 [ERROR] LogOutputStream:75 - [STDERR_REDIRECT] [Fatal Error] :1:1: Premature end of file.
2025-11-05 18:12:47,396 [ERROR] LogOutputStream:75 - [STDERR_REDIRECT] 
2025-11-05 18:12:48,396 [ERROR] LogOutputStream:75 - [STDERR_REDIRECT] [Fatal Error] :1:1: Premature end of file.
2025-11-05 18:12:48,397 [ERROR] LogOutputStream:75 - [STDERR_REDIRECT] 
2025-11-05 18:12:49,398 [ERROR] LogOutputStream:75 - [STDERR_REDIRECT] [Fatal Error] :1:1: Premature end of file.
2025-11-05 18:12:49,398 [ERROR] LogOutputStream:75 - [STDERR_REDIRECT] 
2025-11-05 18:12:50,397 [ERROR] LogOutputStream:75 - [STDERR_REDIRECT] [Fatal Error] :1:1: Premature end of file.
2025-11-05 18:12:50,398 [ERROR] LogOutputStream:75 - [STDERR_REDIRECT] 
2025-11-05 18:12:51,401 [ERROR] LogOutputStream:75 - [STDERR_REDIRECT] [Fatal Error] :1:1: Premature end of file.
2025-11-05 18:12:51,401 [ERROR] LogOutputStream:75 - [STDERR_REDIRECT] 
2025-11-05 18:12:52,398 [ERROR] LogOutputStream:75 - [STDERR_REDIRECT] [Fatal Error] :1:1: Premature end of file.
2025-11-05 18:12:52,399 [ERROR] LogOutputStream:75 - [STDERR_REDIRECT] 
2025-11-05 18:12:53,399 [ERROR] LogOutputStream:75 - [STDERR_REDIRECT] [Fatal Error] :1:1: Premature end of file.
2025-11-05 18:12:53,399 [ERROR] LogOutputStream:75 - [STDERR_REDIRECT] 
2025-11-05 18:12:54,399 [ERROR] LogOutputStream:75 - [STDERR_REDIRECT] [Fatal Error] :1:1: Premature end of file.
2025-11-05 18:12:54,399 [ERROR] LogOutputStream:75 - [STDERR_REDIRECT] 
2025-11-05 18:12:55,383 [ERROR] LogOutputStream:75 - [STDERR_REDIRECT] [Fatal Error] :1:1: Premature end of file.
2025-11-05 18:12:55,383 [ERROR] LogOutputStream:75 - [STDERR_REDIRECT] 
2025-11-05 18:12:56,393 [ERROR] LogOutputStream:75 - [STDERR_REDIRECT] [Fatal Error] :1:1: Premature end of file.
2025-11-05 18:12:56,394 [ERROR] LogOutputStream:75 - [STDERR_REDIRECT] 
2025-11-05 18:12:57,392 [ERROR] LogOutputStream:75 - [STDERR_REDIRECT] [Fatal Error] :1:1: Premature end of file.
2025-11-05 18:12:57,393 [ERROR] LogOutputStream:75 - [STDERR_REDIRECT] 
2025-11-05 18:12:58,391 [ERROR] LogOutputStream:75 - [STDERR_REDIRECT] [Fatal Error] :1:1: Premature end of file.
2025-11-05 18:12:58,391 [ERROR] LogOutputStream:75 - [STDERR_REDIRECT] 
2025-11-05 18:12:59,385 [ERROR] LogOutputStream:75 - [STDERR_REDIRECT] [Fatal Error] :1:1: Premature end of file.
2025-11-05 18:12:59,386 [ERROR] LogOutputStream:75 - [STDERR_REDIRECT] 
2025-11-05 18:13:00,416 [ERROR] LogOutputStream:75 - [STDERR_REDIRECT] [Fatal Error] :1:1: Premature end of file.
2025-11-05 18:13:00,416 [ERROR] LogOutputStream:75 - [STDERR_REDIRECT] 
2025-11-05 18:13:01,400 [ERROR] LogOutputStream:75 - [STDERR_REDIRECT] [Fatal Error] :1:1: Premature end of file.
2025-11-05 18:13:01,401 [ERROR] LogOutputStream:75 - [STDERR_REDIRECT] 
2025-11-05 18:13:02,408 [ERROR] LogOutputStream:75 - [STDERR_REDIRECT] [Fatal Error] :1:1: Premature end of file.
2025-11-05 18:13:02,408 [ERROR] LogOutputStream:75 - [STDERR_REDIRECT] 
2025-11-05 18:13:03,400 [ERROR] LogOutputStream:75 - [STDERR_REDIRECT] [Fatal Error] :1:1: Premature end of file.
2025-11-05 18:13:03,400 [ERROR] LogOutputStream:75 - [STDERR_REDIRECT] 
2025-11-05 18:13:04,405 [ERROR] LogOutputStream:75 - [STDERR_REDIRECT] [Fatal Error] :1:1: Premature end of file.
2025-11-05 18:13:04,405 [ERROR] LogOutputStream:75 - [STDERR_REDIRECT] 
2025-11-05 18:13:05,397 [ERROR] LogOutputStream:75 - [STDERR_REDIRECT] [Fatal Error] :1:1: Premature end of file.
2025-11-05 18:13:05,397 [ERROR] LogOutputStream:75 - [STDERR_REDIRECT] 
2025-11-05 18:13:06,395 [ERROR] LogOutputStream:75 - [STDERR_REDIRECT] [Fatal Error] :1:1: Premature end of file.
2025-11-05 18:13:06,396 [ERROR] LogOutputStream:75 - [STDERR_REDIRECT] 
2025-11-05 18:13:07,399 [ERROR] LogOutputStream:75 - [STDERR_REDIRECT] [Fatal Error] :1:1: Premature end of file.
2025-11-05 18:13:07,400 [ERROR] LogOutputStream:75 - [STDERR_REDIRECT] 
2025-11-05 18:13:08,392 [ERROR] LogOutputStream:75 - [STDERR_REDIRECT] [Fatal Error] :1:1: Premature end of file.
2025-11-05 18:13:08,393 [ERROR] LogOutputStream:75 - [STDERR_REDIRECT] 
2025-11-05 18:13:09,395 [ERROR] LogOutputStream:75 - [STDERR_REDIRECT] [Fatal Error] :1:1: Premature end of file.
2025-11-05 18:13:09,395 [ERROR] LogOutputStream:75 - [STDERR_REDIRECT] 
2025-11-05 18:13:10,397 [ERROR] LogOutputStream:75 - [STDERR_REDIRECT] [Fatal Error] :1:1: Premature end of file.
2025-11-05 18:13:10,398 [ERROR] LogOutputStream:75 - [STDERR_REDIRECT] 
2025-11-05 18:13:11,384 [ERROR] LogOutputStream:75 - [STDERR_REDIRECT] [Fatal Error] :1:1: Premature end of file.
2025-11-05 18:13:11,385 [ERROR] LogOutputStream:75 - [STDERR_REDIRECT] 
2025-11-05 18:13:12,379 [ERROR] LogOutputStream:75 - [STDERR_REDIRECT] [Fatal Error] :1:1: Premature end of file.
2025-11-05 18:13:12,379 [ERROR] LogOutputStream:75 - [STDERR_REDIRECT] 
2025-11-05 18:13:13,395 [ERROR] LogOutputStream:75 - [STDERR_REDIRECT] [Fatal Error] :1:1: Premature end of file.
2025-11-05 18:13:13,396 [ERROR] LogOutputStream:75 - [STDERR_REDIRECT] 
2025-11-05 18:13:14,398 [ERROR] LogOutputStream:75 - [STDERR_REDIRECT] [Fatal Error] :1:1: Premature end of file.
2025-11-05 18:13:14,398 [ERROR] LogOutputStream:75 - [STDERR_REDIRECT] 
2025-11-05 18:13:15,400 [ERROR] LogOutputStream:75 - [STDERR_REDIRECT] [Fatal Error] :1:1: Premature end of file.
2025-11-05 18:13:15,401 [ERROR] LogOutputStream:75 - [STDERR_REDIRECT] 
2025-11-05 18:13:16,385 [ERROR] LogOutputStream:75 - [STDERR_REDIRECT] [Fatal Error] :1:1: Premature end of file.
2025-11-05 18:13:16,385 [ERROR] LogOutputStream:75 - [STDERR_REDIRECT] 
2025-11-05 18:13:17,392 [ERROR] LogOutputStream:75 - [STDERR_REDIRECT] [Fatal Error] :1:1: Premature end of file.
2025-11-05 18:13:17,392 [ERROR] LogOutputStream:75 - [STDERR_REDIRECT] 
2025-11-05 18:13:18,388 [ERROR] LogOutputStream:75 - [STDERR_REDIRECT] [Fatal Error] :1:1: Premature end of file.
2025-11-05 18:13:18,388 [ERROR] LogOutputStream:75 - [STDERR_REDIRECT] 
2025-11-05 18:13:19,389 [ERROR] LogOutputStream:75 - [STDERR_REDIRECT] [Fatal Error] :1:1: Premature end of file.
2025-11-05 18:13:19,389 [ERROR] LogOutputStream:75 - [STDERR_REDIRECT] 
2025-11-05 18:13:20,392 [ERROR] LogOutputStream:75 - [STDERR_REDIRECT] [Fatal Error] :1:1: Premature end of file.
2025-11-05 18:13:20,392 [ERROR] LogOutputStream:75 - [STDERR_REDIRECT] 
2025-11-05 18:13:21,387 [ERROR] LogOutputStream:75 - [STDERR_REDIRECT] [Fatal Error] :1:1: Premature end of file.
2025-11-05 18:13:21,388 [ERROR] LogOutputStream:75 - [STDERR_REDIRECT] 
2025-11-05 18:13:22,381 [ERROR] LogOutputStream:75 - [STDERR_REDIRECT] [Fatal Error] :1:1: Premature end of file.
2025-11-05 18:13:22,381 [ERROR] LogOutputStream:75 - [STDERR_REDIRECT] 
2025-11-05 18:13:23,403 [ERROR] LogOutputStream:75 - [STDERR_REDIRECT] [Fatal Error] :1:1: Premature end of file.
2025-11-05 18:13:23,403 [ERROR] LogOutputStream:75 - [STDERR_REDIRECT] 
2025-11-05 18:13:24,387 [ERROR] LogOutputStream:75 - [STDERR_REDIRECT] [Fatal Error] :1:1: Premature end of file.
2025-11-05 18:13:24,388 [ERROR] LogOutputStream:75 - [STDERR_REDIRECT] 
2025-11-05 18:13:25,403 [ERROR] LogOutputStream:75 - [STDERR_REDIRECT] [Fatal Error] :1:1: Premature end of file.
2025-11-05 18:13:25,403 [ERROR] LogOutputStream:75 - [STDERR_REDIRECT] 
2025-11-05 18:13:26,396 [ERROR] LogOutputStream:75 - [STDERR_REDIRECT] [Fatal Error] :1:1: Premature end of file.
2025-11-05 18:13:26,397 [ERROR] LogOutputStream:75 - [STDERR_REDIRECT] 
2025-11-05 18:13:27,386 [ERROR] LogOutputStream:75 - [STDERR_REDIRECT] [Fatal Error] :1:1: Premature end of file.
2025-11-05 18:13:27,387 [ERROR] LogOutputStream:75 - [STDERR_REDIRECT] 
2025-11-05 18:13:28,387 [ERROR] LogOutputStream:75 - [STDERR_REDIRECT] [Fatal Error] :1:1: Premature end of file.
2025-11-05 18:13:28,387 [ERROR] LogOutputStream:75 - [STDERR_REDIRECT] 
2025-11-05 18:13:29,389 [ERROR] LogOutputStream:75 - [STDERR_REDIRECT] [Fatal Error] :1:1: Premature end of file.
2025-11-05 18:13:29,389 [ERROR] LogOutputStream:75 - [STDERR_REDIRECT] 
2025-11-05 18:13:30,396 [ERROR] LogOutputStream:75 - [STDERR_REDIRECT] [Fatal Error] :1:1: Premature end of file.
2025-11-05 18:13:30,397 [ERROR] LogOutputStream:75 - [STDERR_REDIRECT] 
2025-11-05 18:13:31,419 [ERROR] LogOutputStream:75 - [STDERR_REDIRECT] [Fatal Error] :1:1: Premature end of file.
2025-11-05 18:13:31,419 [ERROR] LogOutputStream:75 - [STDERR_REDIRECT] 
2025-11-05 18:13:32,398 [ERROR] LogOutputStream:75 - [STDERR_REDIRECT] [Fatal Error] :1:1: Premature end of file.
2025-11-05 18:13:32,399 [ERROR] LogOutputStream:75 - [STDERR_REDIRECT] 
2025-11-05 18:13:33,379 [ERROR] LogOutputStream:75 - [STDERR_REDIRECT] [Fatal Error] :1:1: Premature end of file.
2025-11-05 18:13:33,380 [ERROR] LogOutputStream:75 - [STDERR_REDIRECT] 
2025-11-05 18:13:34,386 [ERROR] LogOutputStream:75 - [STDERR_REDIRECT] [Fatal Error] :1:1: Premature end of file.
2025-11-05 18:13:34,387 [ERROR] LogOutputStream:75 - [STDERR_REDIRECT] 
2025-11-05 18:13:35,390 [ERROR] LogOutputStream:75 - [STDERR_REDIRECT] [Fatal Error] :1:1: Premature end of file.
2025-11-05 18:13:35,390 [ERROR] LogOutputStream:75 - [STDERR_REDIRECT] 
2025-11-05 18:13:36,386 [ERROR] LogOutputStream:75 - [STDERR_REDIRECT] [Fatal Error] :1:1: Premature end of file.
2025-11-05 18:13:36,386 [ERROR] LogOutputStream:75 - [STDERR_REDIRECT] 
2025-11-05 18:13:37,383 [ERROR] LogOutputStream:75 - [STDERR_REDIRECT] [Fatal Error] :1:1: Premature end of file.
2025-11-05 18:13:37,384 [ERROR] LogOutputStream:75 - [STDERR_REDIRECT] 
2025-11-05 18:13:38,393 [ERROR] LogOutputStream:75 - [STDERR_REDIRECT] [Fatal Error] :1:1: Premature end of file.
2025-11-05 18:13:38,393 [ERROR] LogOutputStream:75 - [STDERR_REDIRECT] 
2025-11-05 18:13:39,385 [ERROR] LogOutputStream:75 - [STDERR_REDIRECT] [Fatal Error] :1:1: Premature end of file.
2025-11-05 18:13:39,386 [ERROR] LogOutputStream:75 - [STDERR_REDIRECT] 
2025-11-05 18:13:40,377 [ERROR] LogOutputStream:75 - [STDERR_REDIRECT] [Fatal Error] :1:1: Premature end of file.
2025-11-05 18:13:40,377 [ERROR] LogOutputStream:75 - [STDERR_REDIRECT] 
2025-11-05 18:13:41,391 [ERROR] LogOutputStream:75 - [STDERR_REDIRECT] [Fatal Error] :1:1: Premature end of file.
2025-11-05 18:13:41,391 [ERROR] LogOutputStream:75 - [STDERR_REDIRECT] 
2025-11-05 18:13:42,396 [ERROR] LogOutputStream:75 - [STDERR_REDIRECT] [Fatal Error] :1:1: Premature end of file.
2025-11-05 18:13:42,397 [ERROR] LogOutputStream:75 - [STDERR_REDIRECT] 
2025-11-05 18:13:43,333 [ERROR] LogOutputStream:75 - [STDERR_REDIRECT] [Fatal Error] :1:1: Premature end of file.
2025-11-05 18:13:43,333 [ERROR] LogOutputStream:75 - [STDERR_REDIRECT] 
2025-11-05 18:13:44,349 [ERROR] LogOutputStream:75 - [STDERR_REDIRECT] [Fatal Error] :1:1: Premature end of file.
2025-11-05 18:13:44,349 [ERROR] LogOutputStream:75 - [STDERR_REDIRECT] 
2025-11-05 18:13:45,320 [ERROR] LogOutputStream:75 - [STDERR_REDIRECT] [Fatal Error] :1:1: Premature end of file.
2025-11-05 18:13:45,320 [ERROR] LogOutputStream:75 - [STDERR_REDIRECT] 
2025-11-05 18:13:46,314 [ERROR] LogOutputStream:75 - [STDERR_REDIRECT] [Fatal Error] :1:1: Premature end of file.
2025-11-05 18:13:46,315 [ERROR] LogOutputStream:75 - [STDERR_REDIRECT] 
2025-11-05 18:13:47,338 [ERROR] LogOutputStream:75 - [STDERR_REDIRECT] [Fatal Error] :1:1: Premature end of file.
2025-11-05 18:13:47,338 [ERROR] LogOutputStream:75 - [STDERR_REDIRECT] 
2025-11-05 18:13:48,392 [ERROR] LogOutputStream:75 - [STDERR_REDIRECT] [Fatal Error] :1:1: Premature end of file.
2025-11-05 18:13:48,392 [ERROR] LogOutputStream:75 - [STDERR_REDIRECT] 
2025-11-05 18:13:49,400 [ERROR] LogOutputStream:75 - [STDERR_REDIRECT] [Fatal Error] :1:1: Premature end of file.
2025-11-05 18:13:49,400 [ERROR] LogOutputStream:75 - [STDERR_REDIRECT] 
2025-11-05 18:13:50,405 [ERROR] LogOutputStream:75 - [STDERR_REDIRECT] [Fatal Error] :1:1: Premature end of file.
2025-11-05 18:13:50,406 [ERROR] LogOutputStream:75 - [STDERR_REDIRECT] 
2025-11-05 18:13:51,422 [ERROR] LogOutputStream:75 - [STDERR_REDIRECT] [Fatal Error] :1:1: Premature end of file.
2025-11-05 18:13:51,423 [ERROR] LogOutputStream:75 - [STDERR_REDIRECT] 
2025-11-05 18:13:52,397 [ERROR] LogOutputStream:75 - [STDERR_REDIRECT] [Fatal Error] :1:1: Premature end of file.
2025-11-05 18:13:52,398 [ERROR] LogOutputStream:75 - [STDERR_REDIRECT] 
2025-11-05 18:13:53,413 [ERROR] LogOutputStream:75 - [STDERR_REDIRECT] [Fatal Error] :1:1: Premature end of file.
2025-11-05 18:13:53,413 [ERROR] LogOutputStream:75 - [STDERR_REDIRECT] 
2025-11-05 18:13:54,401 [ERROR] LogOutputStream:75 - [STDERR_REDIRECT] [Fatal Error] :1:1: Premature end of file.
2025-11-05 18:13:54,401 [ERROR] LogOutputStream:75 - [STDERR_REDIRECT] 
2025-11-05 18:13:55,380 [ERROR] LogOutputStream:75 - [STDERR_REDIRECT] [Fatal Error] :1:1: Premature end of file.
2025-11-05 18:13:55,380 [ERROR] LogOutputStream:75 - [STDERR_REDIRECT] 
2025-11-05 18:13:56,413 [ERROR] LogOutputStream:75 - [STDERR_REDIRECT] [Fatal Error] :1:1: Premature end of file.
2025-11-05 18:13:56,414 [ERROR] LogOutputStream:75 - [STDERR_REDIRECT] 
2025-11-05 18:13:57,398 [ERROR] LogOutputStream:75 - [STDERR_REDIRECT] [Fatal Error] :1:1: Premature end of file.
2025-11-05 18:13:57,399 [ERROR] LogOutputStream:75 - [STDERR_REDIRECT] 
2025-11-05 18:13:58,393 [ERROR] LogOutputStream:75 - [STDERR_REDIRECT] [Fatal Error] :1:1: Premature end of file.
2025-11-05 18:13:58,394 [ERROR] LogOutputStream:75 - [STDERR_REDIRECT] 
2025-11-05 18:13:59,396 [ERROR] LogOutputStream:75 - [STDERR_REDIRECT] [Fatal Error] :1:1: Premature end of file.
2025-11-05 18:13:59,397 [ERROR] LogOutputStream:75 - [STDERR_REDIRECT] 
2025-11-05 18:14:00,392 [ERROR] LogOutputStream:75 - [STDERR_REDIRECT] [Fatal Error] :1:1: Premature end of file.
2025-11-05 18:14:00,392 [ERROR] LogOutputStream:75 - [STDERR_REDIRECT] 
2025-11-05 18:14:01,387 [ERROR] LogOutputStream:75 - [STDERR_REDIRECT] [Fatal Error] :1:1: Premature end of file.
2025-11-05 18:14:01,387 [ERROR] LogOutputStream:75 - [STDERR_REDIRECT] 
2025-11-05 18:14:02,417 [ERROR] LogOutputStream:75 - [STDERR_REDIRECT] [Fatal Error] :1:1: Premature end of file.
2025-11-05 18:14:02,417 [ERROR] LogOutputStream:75 - [STDERR_REDIRECT] 
2025-11-05 18:14:03,387 [ERROR] LogOutputStream:75 - [STDERR_REDIRECT] [Fatal Error] :1:1: Premature end of file.
2025-11-05 18:14:03,387 [ERROR] LogOutputStream:75 - [STDERR_REDIRECT] 
2025-11-05 18:14:04,403 [ERROR] LogOutputStream:75 - [STDERR_REDIRECT] [Fatal Error] :1:1: Premature end of file.
2025-11-05 18:14:04,404 [ERROR] LogOutputStream:75 - [STDERR_REDIRECT] 
2025-11-05 18:14:05,398 [ERROR] LogOutputStream:75 - [STDERR_REDIRECT] [Fatal Error] :1:1: Premature end of file.
2025-11-05 18:14:05,398 [ERROR] LogOutputStream:75 - [STDERR_REDIRECT] 
2025-11-05 18:14:06,390 [ERROR] LogOutputStream:75 - [STDERR_REDIRECT] [Fatal Error] :1:1: Premature end of file.
2025-11-05 18:14:06,391 [ERROR] LogOutputStream:75 - [STDERR_REDIRECT] 
2025-11-05 18:14:07,388 [ERROR] LogOutputStream:75 - [STDERR_REDIRECT] [Fatal Error] :1:1: Premature end of file.
2025-11-05 18:14:07,388 [ERROR] LogOutputStream:75 - [STDERR_REDIRECT] 
2025-11-05 18:14:08,408 [ERROR] LogOutputStream:75 - [STDERR_REDIRECT] [Fatal Error] :1:1: Premature end of file.
2025-11-05 18:14:08,408 [ERROR] LogOutputStream:75 - [STDERR_REDIRECT] 
2025-11-05 18:14:09,409 [ERROR] LogOutputStream:75 - [STDERR_REDIRECT] [Fatal Error] :1:1: Premature end of file.
2025-11-05 18:14:09,410 [ERROR] LogOutputStream:75 - [STDERR_REDIRECT] 
2025-11-05 18:14:10,405 [ERROR] LogOutputStream:75 - [STDERR_REDIRECT] [Fatal Error] :1:1: Premature end of file.
2025-11-05 18:14:10,406 [ERROR] LogOutputStream:75 - [STDERR_REDIRECT] 
2025-11-05 18:14:11,384 [ERROR] LogOutputStream:75 - [STDERR_REDIRECT] [Fatal Error] :1:1: Premature end of file.
2025-11-05 18:14:11,384 [ERROR] LogOutputStream:75 - [STDERR_REDIRECT] 
2025-11-05 18:14:12,388 [ERROR] LogOutputStream:75 - [STDERR_REDIRECT] [Fatal Error] :1:1: Premature end of file.
2025-11-05 18:14:12,388 [ERROR] LogOutputStream:75 - [STDERR_REDIRECT] 
2025-11-05 18:14:13,386 [ERROR] LogOutputStream:75 - [STDERR_REDIRECT] [Fatal Error] :1:1: Premature end of file.
2025-11-05 18:14:13,386 [ERROR] LogOutputStream:75 - [STDERR_REDIRECT] 
2025-11-05 18:14:14,392 [ERROR] LogOutputStream:75 - [STDERR_REDIRECT] [Fatal Error] :1:1: Premature end of file.
2025-11-05 18:14:14,393 [ERROR] LogOutputStream:75 - [STDERR_REDIRECT] 
2025-11-05 18:14:15,404 [ERROR] LogOutputStream:75 - [STDERR_REDIRECT] [Fatal Error] :1:1: Premature end of file.
2025-11-05 18:14:15,404 [ERROR] LogOutputStream:75 - [STDERR_REDIRECT] 
2025-11-05 18:14:16,402 [ERROR] LogOutputStream:75 - [STDERR_REDIRECT] [Fatal Error] :1:1: Premature end of file.
2025-11-05 18:14:16,403 [ERROR] LogOutputStream:75 - [STDERR_REDIRECT] 
2025-11-05 18:14:17,402 [ERROR] LogOutputStream:75 - [STDERR_REDIRECT] [Fatal Error] :1:1: Premature end of file.
2025-11-05 18:14:17,403 [ERROR] LogOutputStream:75 - [STDERR_REDIRECT] 
2025-11-05 18:14:18,399 [ERROR] LogOutputStream:75 - [STDERR_REDIRECT] [Fatal Error] :1:1: Premature end of file.
2025-11-05 18:14:18,399 [ERROR] LogOutputStream:75 - [STDERR_REDIRECT] 
2025-11-05 18:14:19,394 [ERROR] LogOutputStream:75 - [STDERR_REDIRECT] [Fatal Error] :1:1: Premature end of file.
2025-11-05 18:14:19,394 [ERROR] LogOutputStream:75 - [STDERR_REDIRECT] 
2025-11-05 18:14:20,407 [ERROR] LogOutputStream:75 - [STDERR_REDIRECT] [Fatal Error] :1:1: Premature end of file.
2025-11-05 18:14:20,407 [ERROR] LogOutputStream:75 - [STDERR_REDIRECT] 
2025-11-05 18:14:21,408 [ERROR] LogOutputStream:75 - [STDERR_REDIRECT] [Fatal Error] :1:1: Premature end of file.
2025-11-05 18:14:21,408 [ERROR] LogOutputStream:75 - [STDERR_REDIRECT] 
2025-11-05 18:14:22,397 [ERROR] LogOutputStream:75 - [STDERR_REDIRECT] [Fatal Error] :1:1: Premature end of file.
2025-11-05 18:14:22,398 [ERROR] LogOutputStream:75 - [STDERR_REDIRECT] 
2025-11-05 18:14:23,407 [ERROR] LogOutputStream:75 - [STDERR_REDIRECT] [Fatal Error] :1:1: Premature end of file.
2025-11-05 18:14:23,407 [ERROR] LogOutputStream:75 - [STDERR_REDIRECT] 
2025-11-05 18:14:24,405 [ERROR] LogOutputStream:75 - [STDERR_REDIRECT] [Fatal Error] :1:1: Premature end of file.
2025-11-05 18:14:24,405 [ERROR] LogOutputStream:75 - [STDERR_REDIRECT] 
2025-11-05 18:14:25,396 [ERROR] LogOutputStream:75 - [STDERR_REDIRECT] [Fatal Error] :1:1: Premature end of file.
2025-11-05 18:14:25,396 [ERROR] LogOutputStream:75 - [STDERR_REDIRECT] 
2025-11-05 18:14:26,397 [ERROR] LogOutputStream:75 - [STDERR_REDIRECT] [Fatal Error] :1:1: Premature end of file.
2025-11-05 18:14:26,397 [ERROR] LogOutputStream:75 - [STDERR_REDIRECT] 
2025-11-05 18:14:27,405 [ERROR] LogOutputStream:75 - [STDERR_REDIRECT] [Fatal Error] :1:1: Premature end of file.
2025-11-05 18:14:27,406 [ERROR] LogOutputStream:75 - [STDERR_REDIRECT] 
2025-11-05 18:14:28,405 [ERROR] LogOutputStream:75 - [STDERR_REDIRECT] [Fatal Error] :1:1: Premature end of file.
2025-11-05 18:14:28,406 [ERROR] LogOutputStream:75 - [STDERR_REDIRECT] 
2025-11-05 18:14:29,403 [ERROR] LogOutputStream:75 - [STDERR_REDIRECT] [Fatal Error] :1:1: Premature end of file.
2025-11-05 18:14:29,404 [ERROR] LogOutputStream:75 - [STDERR_REDIRECT] 
2025-11-05 18:14:30,405 [ERROR] LogOutputStream:75 - [STDERR_REDIRECT] [Fatal Error] :1:1: Premature end of file.
2025-11-05 18:14:30,405 [ERROR] LogOutputStream:75 - [STDERR_REDIRECT] 
2025-11-05 18:14:31,393 [ERROR] LogOutputStream:75 - [STDERR_REDIRECT] [Fatal Error] :1:1: Premature end of file.
2025-11-05 18:14:31,393 [ERROR] LogOutputStream:75 - [STDERR_REDIRECT] 
2025-11-05 18:14:32,407 [ERROR] LogOutputStream:75 - [STDERR_REDIRECT] [Fatal Error] :1:1: Premature end of file.
2025-11-05 18:14:32,407 [ERROR] LogOutputStream:75 - [STDERR_REDIRECT] 
2025-11-05 18:14:33,404 [ERROR] LogOutputStream:75 - [STDERR_REDIRECT] [Fatal Error] :1:1: Premature end of file.
2025-11-05 18:14:33,404 [ERROR] LogOutputStream:75 - [STDERR_REDIRECT] 
2025-11-05 18:14:34,401 [ERROR] LogOutputStream:75 - [STDERR_REDIRECT] [Fatal Error] :1:1: Premature end of file.
2025-11-05 18:14:34,401 [ERROR] LogOutputStream:75 - [STDERR_REDIRECT] 
2025-11-05 18:14:35,405 [ERROR] LogOutputStream:75 - [STDERR_REDIRECT] [Fatal Error] :1:1: Premature end of file.
2025-11-05 18:14:35,405 [ERROR] LogOutputStream:75 - [STDERR_REDIRECT] 
2025-11-05 18:14:36,399 [ERROR] LogOutputStream:75 - [STDERR_REDIRECT] [Fatal Error] :1:1: Premature end of file.
2025-11-05 18:14:36,399 [ERROR] LogOutputStream:75 - [STDERR_REDIRECT] 
2025-11-05 18:14:37,397 [ERROR] LogOutputStream:75 - [STDERR_REDIRECT] [Fatal Error] :1:1: Premature end of file.
2025-11-05 18:14:37,398 [ERROR] LogOutputStream:75 - [STDERR_REDIRECT] 
2025-11-05 18:14:38,392 [ERROR] LogOutputStream:75 - [STDERR_REDIRECT] [Fatal Error] :1:1: Premature end of file.
2025-11-05 18:14:38,393 [ERROR] LogOutputStream:75 - [STDERR_REDIRECT] 
2025-11-05 18:14:39,404 [ERROR] LogOutputStream:75 - [STDERR_REDIRECT] [Fatal Error] :1:1: Premature end of file.
2025-11-05 18:14:39,405 [ERROR] LogOutputStream:75 - [STDERR_REDIRECT] 
2025-11-05 18:14:40,406 [ERROR] LogOutputStream:75 - [STDERR_REDIRECT] [Fatal Error] :1:1: Premature end of file.
2025-11-05 18:14:40,406 [ERROR] LogOutputStream:75 - [STDERR_REDIRECT] 
2025-11-05 18:14:41,392 [ERROR] LogOutputStream:75 - [STDERR_REDIRECT] [Fatal Error] :1:1: Premature end of file.
2025-11-05 18:14:41,393 [ERROR] LogOutputStream:75 - [STDERR_REDIRECT] 
2025-11-05 18:14:42,396 [ERROR] LogOutputStream:75 - [STDERR_REDIRECT] [Fatal Error] :1:1: Premature end of file.
2025-11-05 18:14:42,397 [ERROR] LogOutputStream:75 - [STDERR_REDIRECT] 
2025-11-05 18:14:43,398 [ERROR] LogOutputStream:75 - [STDERR_REDIRECT] [Fatal Error] :1:1: Premature end of file.
2025-11-05 18:14:43,398 [ERROR] LogOutputStream:75 - [STDERR_REDIRECT] 
2025-11-05 18:14:44,402 [ERROR] LogOutputStream:75 - [STDERR_REDIRECT] [Fatal Error] :1:1: Premature end of file.
2025-11-05 18:14:44,403 [ERROR] LogOutputStream:75 - [STDERR_REDIRECT] 
2025-11-05 18:14:45,409 [ERROR] LogOutputStream:75 - [STDERR_REDIRECT] [Fatal Error] :1:1: Premature end of file.
2025-11-05 18:14:45,409 [ERROR] LogOutputStream:75 - [STDERR_REDIRECT] 
2025-11-05 18:14:46,398 [ERROR] LogOutputStream:75 - [STDERR_REDIRECT] [Fatal Error] :1:1: Premature end of file.
2025-11-05 18:14:46,399 [ERROR] LogOutputStream:75 - [STDERR_REDIRECT] 
2025-11-05 18:14:47,402 [ERROR] LogOutputStream:75 - [STDERR_REDIRECT] [Fatal Error] :1:1: Premature end of file.
2025-11-05 18:14:47,403 [ERROR] LogOutputStream:75 - [STDERR_REDIRECT] 
2025-11-05 18:14:48,403 [ERROR] LogOutputStream:75 - [STDERR_REDIRECT] [Fatal Error] :1:1: Premature end of file.
2025-11-05 18:14:48,404 [ERROR] LogOutputStream:75 - [STDERR_REDIRECT] 
2025-11-05 18:14:49,400 [ERROR] LogOutputStream:75 - [STDERR_REDIRECT] [Fatal Error] :1:1: Premature end of file.
2025-11-05 18:14:49,401 [ERROR] LogOutputStream:75 - [STDERR_REDIRECT] 
2025-11-05 18:14:50,396 [ERROR] LogOutputStream:75 - [STDERR_REDIRECT] [Fatal Error] :1:1: Premature end of file.
2025-11-05 18:14:50,396 [ERROR] LogOutputStream:75 - [STDERR_REDIRECT] 
2025-11-05 18:14:51,389 [ERROR] LogOutputStream:75 - [STDERR_REDIRECT] [Fatal Error] :1:1: Premature end of file.
2025-11-05 18:14:51,389 [ERROR] LogOutputStream:75 - [STDERR_REDIRECT] 
2025-11-05 18:14:52,390 [ERROR] LogOutputStream:75 - [STDERR_REDIRECT] [Fatal Error] :1:1: Premature end of file.
2025-11-05 18:14:52,391 [ERROR] LogOutputStream:75 - [STDERR_REDIRECT] 
2025-11-05 18:14:53,393 [ERROR] LogOutputStream:75 - [STDERR_REDIRECT] [Fatal Error] :1:1: Premature end of file.
2025-11-05 18:14:53,393 [ERROR] LogOutputStream:75 - [STDERR_REDIRECT] 
2025-11-05 18:14:54,402 [ERROR] LogOutputStream:75 - [STDERR_REDIRECT] [Fatal Error] :1:1: Premature end of file.
2025-11-05 18:14:54,403 [ERROR] LogOutputStream:75 - [STDERR_REDIRECT] 
2025-11-05 18:14:55,396 [ERROR] LogOutputStream:75 - [STDERR_REDIRECT] [Fatal Error] :1:1: Premature end of file.
2025-11-05 18:14:55,397 [ERROR] LogOutputStream:75 - [STDERR_REDIRECT] 
2025-11-05 18:14:56,399 [ERROR] LogOutputStream:75 - [STDERR_REDIRECT] [Fatal Error] :1:1: Premature end of file.
2025-11-05 18:14:56,399 [ERROR] LogOutputStream:75 - [STDERR_REDIRECT] 
2025-11-05 18:14:57,412 [ERROR] LogOutputStream:75 - [STDERR_REDIRECT] [Fatal Error] :1:1: Premature end of file.
2025-11-05 18:14:57,412 [ERROR] LogOutputStream:75 - [STDERR_REDIRECT] 
2025-11-05 18:14:58,415 [ERROR] LogOutputStream:75 - [STDERR_REDIRECT] [Fatal Error] :1:1: Premature end of file.
2025-11-05 18:14:58,416 [ERROR] LogOutputStream:75 - [STDERR_REDIRECT] 
2025-11-05 18:14:59,408 [ERROR] LogOutputStream:75 - [STDERR_REDIRECT] [Fatal Error] :1:1: Premature end of file.
2025-11-05 18:14:59,408 [ERROR] LogOutputStream:75 - [STDERR_REDIRECT] 
2025-11-05 18:15:00,399 [ERROR] LogOutputStream:75 - [STDERR_REDIRECT] [Fatal Error] :1:1: Premature end of file.
2025-11-05 18:15:00,399 [ERROR] LogOutputStream:75 - [STDERR_REDIRECT] 
2025-11-05 18:15:01,401 [ERROR] LogOutputStream:75 - [STDERR_REDIRECT] [Fatal Error] :1:1: Premature end of file.
2025-11-05 18:15:01,402 [ERROR] LogOutputStream:75 - [STDERR_REDIRECT] 
2025-11-05 18:15:02,396 [ERROR] LogOutputStream:75 - [STDERR_REDIRECT] [Fatal Error] :1:1: Premature end of file.
2025-11-05 18:15:02,397 [ERROR] LogOutputStream:75 - [STDERR_REDIRECT] 
2025-11-05 18:15:03,396 [ERROR] LogOutputStream:75 - [STDERR_REDIRECT] [Fatal Error] :1:1: Premature end of file.
2025-11-05 18:15:03,396 [ERROR] LogOutputStream:75 - [STDERR_REDIRECT] 
2025-11-05 18:15:04,379 [ERROR] LogOutputStream:75 - [STDERR_REDIRECT] [Fatal Error] :1:1: Premature end of file.
2025-11-05 18:15:04,379 [ERROR] LogOutputStream:75 - [STDERR_REDIRECT] 
2025-11-05 18:15:05,408 [ERROR] LogOutputStream:75 - [STDERR_REDIRECT] [Fatal Error] :1:1: Premature end of file.
2025-11-05 18:15:05,409 [ERROR] LogOutputStream:75 - [STDERR_REDIRECT] 
2025-11-05 18:15:06,406 [ERROR] LogOutputStream:75 - [STDERR_REDIRECT] [Fatal Error] :1:1: Premature end of file.
2025-11-05 18:15:06,406 [ERROR] LogOutputStream:75 - [STDERR_REDIRECT] 
2025-11-05 18:15:07,407 [ERROR] LogOutputStream:75 - [STDERR_REDIRECT] [Fatal Error] :1:1: Premature end of file.
2025-11-05 18:15:07,408 [ERROR] LogOutputStream:75 - [STDERR_REDIRECT] 
2025-11-05 18:15:08,398 [ERROR] LogOutputStream:75 - [STDERR_REDIRECT] [Fatal Error] :1:1: Premature end of file.
2025-11-05 18:15:08,399 [ERROR] LogOutputStream:75 - [STDERR_REDIRECT] 
2025-11-05 18:15:09,390 [ERROR] LogOutputStream:75 - [STDERR_REDIRECT] [Fatal Error] :1:1: Premature end of file.
2025-11-05 18:15:09,390 [ERROR] LogOutputStream:75 - [STDERR_REDIRECT] 
2025-11-05 18:15:10,390 [ERROR] LogOutputStream:75 - [STDERR_REDIRECT] [Fatal Error] :1:1: Premature end of file.
2025-11-05 18:15:10,391 [ERROR] LogOutputStream:75 - [STDERR_REDIRECT] 
2025-11-05 18:15:11,390 [ERROR] LogOutputStream:75 - [STDERR_REDIRECT] [Fatal Error] :1:1: Premature end of file.
2025-11-05 18:15:11,391 [ERROR] LogOutputStream:75 - [STDERR_REDIRECT] 
2025-11-05 18:15:12,394 [ERROR] LogOutputStream:75 - [STDERR_REDIRECT] [Fatal Error] :1:1: Premature end of file.
2025-11-05 18:15:12,394 [ERROR] LogOutputStream:75 - [STDERR_REDIRECT] 
2025-11-05 18:15:13,377 [ERROR] LogOutputStream:75 - [STDERR_REDIRECT] [Fatal Error] :1:1: Premature end of file.
2025-11-05 18:15:13,378 [ERROR] LogOutputStream:75 - [STDERR_REDIRECT] 
2025-11-05 18:15:14,397 [ERROR] LogOutputStream:75 - [STDERR_REDIRECT] [Fatal Error] :1:1: Premature end of file.
2025-11-05 18:15:14,397 [ERROR] LogOutputStream:75 - [STDERR_REDIRECT] 
2025-11-05 18:15:15,397 [ERROR] LogOutputStream:75 - [STDERR_REDIRECT] [Fatal Error] :1:1: Premature end of file.
2025-11-05 18:15:15,398 [ERROR] LogOutputStream:75 - [STDERR_REDIRECT] 
2025-11-05 18:15:16,400 [ERROR] LogOutputStream:75 - [STDERR_REDIRECT] [Fatal Error] :1:1: Premature end of file.
2025-11-05 18:15:16,401 [ERROR] LogOutputStream:75 - [STDERR_REDIRECT] 
2025-11-05 18:15:17,392 [ERROR] LogOutputStream:75 - [STDERR_REDIRECT] [Fatal Error] :1:1: Premature end of file.
2025-11-05 18:15:17,392 [ERROR] LogOutputStream:75 - [STDERR_REDIRECT] 
2025-11-05 18:15:18,398 [ERROR] LogOutputStream:75 - [STDERR_REDIRECT] [Fatal Error] :1:1: Premature end of file.
2025-11-05 18:15:18,399 [ERROR] LogOutputStream:75 - [STDERR_REDIRECT] 
2025-11-05 18:15:19,381 [ERROR] LogOutputStream:75 - [STDERR_REDIRECT] [Fatal Error] :1:1: Premature end of file.
2025-11-05 18:15:19,381 [ERROR] LogOutputStream:75 - [STDERR_REDIRECT] 
2025-11-05 18:15:20,387 [ERROR] LogOutputStream:75 - [STDERR_REDIRECT] [Fatal Error] :1:1: Premature end of file.
2025-11-05 18:15:20,387 [ERROR] LogOutputStream:75 - [STDERR_REDIRECT] 
2025-11-05 18:15:21,402 [ERROR] LogOutputStream:75 - [STDERR_REDIRECT] [Fatal Error] :1:1: Premature end of file.
2025-11-05 18:15:21,403 [ERROR] LogOutputStream:75 - [STDERR_REDIRECT] 
2025-11-05 18:15:22,401 [ERROR] LogOutputStream:75 - [STDERR_REDIRECT] [Fatal Error] :1:1: Premature end of file.
2025-11-05 18:15:22,402 [ERROR] LogOutputStream:75 - [STDERR_REDIRECT] 
2025-11-05 18:15:23,403 [ERROR] LogOutputStream:75 - [STDERR_REDIRECT] [Fatal Error] :1:1: Premature end of file.
2025-11-05 18:15:23,403 [ERROR] LogOutputStream:75 - [STDERR_REDIRECT] 
2025-11-05 18:15:24,410 [ERROR] LogOutputStream:75 - [STDERR_REDIRECT] [Fatal Error] :1:1: Premature end of file.
2025-11-05 18:15:24,410 [ERROR] LogOutputStream:75 - [STDERR_REDIRECT] 
2025-11-05 18:15:25,400 [ERROR] LogOutputStream:75 - [STDERR_REDIRECT] [Fatal Error] :1:1: Premature end of file.
2025-11-05 18:15:25,401 [ERROR] LogOutputStream:75 - [STDERR_REDIRECT] 
2025-11-05 18:15:26,398 [ERROR] LogOutputStream:75 - [STDERR_REDIRECT] [Fatal Error] :1:1: Premature end of file.
2025-11-05 18:15:26,398 [ERROR] LogOutputStream:75 - [STDERR_REDIRECT] 
2025-11-05 18:15:27,390 [ERROR] LogOutputStream:75 - [STDERR_REDIRECT] [Fatal Error] :1:1: Premature end of file.
2025-11-05 18:15:27,391 [ERROR] LogOutputStream:75 - [STDERR_REDIRECT] 
2025-11-05 18:15:28,395 [ERROR] LogOutputStream:75 - [STDERR_REDIRECT] [Fatal Error] :1:1: Premature end of file.
2025-11-05 18:15:28,395 [ERROR] LogOutputStream:75 - [STDERR_REDIRECT] 
2025-11-05 18:15:29,386 [ERROR] LogOutputStream:75 - [STDERR_REDIRECT] [Fatal Error] :1:1: Premature end of file.
2025-11-05 18:15:29,387 [ERROR] LogOutputStream:75 - [STDERR_REDIRECT] 
2025-11-05 18:15:30,405 [ERROR] LogOutputStream:75 - [STDERR_REDIRECT] [Fatal Error] :1:1: Premature end of file.
2025-11-05 18:15:30,405 [ERROR] LogOutputStream:75 - [STDERR_REDIRECT] 
2025-11-05 18:15:31,394 [ERROR] LogOutputStream:75 - [STDERR_REDIRECT] [Fatal Error] :1:1: Premature end of file.
2025-11-05 18:15:31,394 [ERROR] LogOutputStream:75 - [STDERR_REDIRECT] 
2025-11-05 18:15:32,398 [ERROR] LogOutputStream:75 - [STDERR_REDIRECT] [Fatal Error] :1:1: Premature end of file.
2025-11-05 18:15:32,417 [ERROR] LogOutputStream:75 - [STDERR_REDIRECT] 
2025-11-05 18:15:33,393 [ERROR] LogOutputStream:75 - [STDERR_REDIRECT] [Fatal Error] :1:1: Premature end of file.
2025-11-05 18:15:33,393 [ERROR] LogOutputStream:75 - [STDERR_REDIRECT] 
2025-11-05 18:15:34,406 [ERROR] LogOutputStream:75 - [STDERR_REDIRECT] [Fatal Error] :1:1: Premature end of file.
2025-11-05 18:15:34,406 [ERROR] LogOutputStream:75 - [STDERR_REDIRECT] 
2025-11-05 18:15:35,382 [ERROR] LogOutputStream:75 - [STDERR_REDIRECT] [Fatal Error] :1:1: Premature end of file.
2025-11-05 18:15:35,383 [ERROR] LogOutputStream:75 - [STDERR_REDIRECT] 
2025-11-05 18:15:36,409 [ERROR] LogOutputStream:75 - [STDERR_REDIRECT] [Fatal Error] :1:1: Premature end of file.
2025-11-05 18:15:36,409 [ERROR] LogOutputStream:75 - [STDERR_REDIRECT] 
2025-11-05 18:15:37,398 [ERROR] LogOutputStream:75 - [STDERR_REDIRECT] [Fatal Error] :1:1: Premature end of file.
2025-11-05 18:15:37,399 [ERROR] LogOutputStream:75 - [STDERR_REDIRECT] 
2025-11-05 18:15:38,408 [ERROR] LogOutputStream:75 - [STDERR_REDIRECT] [Fatal Error] :1:1: Premature end of file.
2025-11-05 18:15:38,408 [ERROR] LogOutputStream:75 - [STDERR_REDIRECT] 
2025-11-05 18:15:39,406 [ERROR] LogOutputStream:75 - [STDERR_REDIRECT] [Fatal Error] :1:1: Premature end of file.
2025-11-05 18:15:39,406 [ERROR] LogOutputStream:75 - [STDERR_REDIRECT] 
2025-11-05 18:15:40,409 [ERROR] LogOutputStream:75 - [STDERR_REDIRECT] [Fatal Error] :1:1: Premature end of file.
2025-11-05 18:15:40,409 [ERROR] LogOutputStream:75 - [STDERR_REDIRECT] 
2025-11-05 18:15:41,403 [ERROR] LogOutputStream:75 - [STDERR_REDIRECT] [Fatal Error] :1:1: Premature end of file.
2025-11-05 18:15:41,403 [ERROR] LogOutputStream:75 - [STDERR_REDIRECT] 
2025-11-05 18:15:42,412 [ERROR] LogOutputStream:75 - [STDERR_REDIRECT] [Fatal Error] :1:1: Premature end of file.
2025-11-05 18:15:42,412 [ERROR] LogOutputStream:75 - [STDERR_REDIRECT] 
2025-11-05 18:15:43,407 [ERROR] LogOutputStream:75 - [STDERR_REDIRECT] [Fatal Error] :1:1: Premature end of file.
2025-11-05 18:15:43,407 [ERROR] LogOutputStream:75 - [STDERR_REDIRECT] 
2025-11-05 18:15:44,405 [ERROR] LogOutputStream:75 - [STDERR_REDIRECT] [Fatal Error] :1:1: Premature end of file.
2025-11-05 18:15:44,405 [ERROR] LogOutputStream:75 - [STDERR_REDIRECT] 
2025-11-05 18:15:45,407 [ERROR] LogOutputStream:75 - [STDERR_REDIRECT] [Fatal Error] :1:1: Premature end of file.
2025-11-05 18:15:45,408 [ERROR] LogOutputStream:75 - [STDERR_REDIRECT] 
2025-11-05 18:15:46,403 [ERROR] LogOutputStream:75 - [STDERR_REDIRECT] [Fatal Error] :1:1: Premature end of file.
2025-11-05 18:15:46,403 [ERROR] LogOutputStream:75 - [STDERR_REDIRECT] 
2025-11-05 18:15:47,387 [ERROR] LogOutputStream:75 - [STDERR_REDIRECT] [Fatal Error] :1:1: Premature end of file.
2025-11-05 18:15:47,408 [ERROR] LogOutputStream:75 - [STDERR_REDIRECT] 
2025-11-05 18:15:48,407 [ERROR] LogOutputStream:75 - [STDERR_REDIRECT] [Fatal Error] :1:1: Premature end of file.
2025-11-05 18:15:48,407 [ERROR] LogOutputStream:75 - [STDERR_REDIRECT] 
2025-11-05 18:15:49,376 [ERROR] LogOutputStream:75 - [STDERR_REDIRECT] [Fatal Error] :1:1: Premature end of file.
2025-11-05 18:15:49,376 [ERROR] LogOutputStream:75 - [STDERR_REDIRECT] 
2025-11-05 18:15:50,397 [ERROR] LogOutputStream:75 - [STDERR_REDIRECT] [Fatal Error] :1:1: Premature end of file.
2025-11-05 18:15:50,398 [ERROR] LogOutputStream:75 - [STDERR_REDIRECT] 
2025-11-05 18:15:51,403 [ERROR] LogOutputStream:75 - [STDERR_REDIRECT] [Fatal Error] :1:1: Premature end of file.
2025-11-05 18:15:51,403 [ERROR] LogOutputStream:75 - [STDERR_REDIRECT] 
2025-11-05 18:15:52,400 [ERROR] LogOutputStream:75 - [STDERR_REDIRECT] [Fatal Error] :1:1: Premature end of file.
2025-11-05 18:15:52,400 [ERROR] LogOutputStream:75 - [STDERR_REDIRECT] 
2025-11-05 18:15:53,407 [ERROR] LogOutputStream:75 - [STDERR_REDIRECT] [Fatal Error] :1:1: Premature end of file.
2025-11-05 18:15:53,408 [ERROR] LogOutputStream:75 - [STDERR_REDIRECT] 
2025-11-05 18:15:54,393 [ERROR] LogOutputStream:75 - [STDERR_REDIRECT] [Fatal Error] :1:1: Premature end of file.
2025-11-05 18:15:54,393 [ERROR] LogOutputStream:75 - [STDERR_REDIRECT] 
2025-11-05 18:15:55,382 [ERROR] LogOutputStream:75 - [STDERR_REDIRECT] [Fatal Error] :1:1: Premature end of file.
2025-11-05 18:15:55,382 [ERROR] LogOutputStream:75 - [STDERR_REDIRECT] 
2025-11-05 18:15:56,405 [ERROR] LogOutputStream:75 - [STDERR_REDIRECT] [Fatal Error] :1:1: Premature end of file.
2025-11-05 18:15:56,405 [ERROR] LogOutputStream:75 - [STDERR_REDIRECT] 
2025-11-05 18:15:57,387 [ERROR] LogOutputStream:75 - [STDERR_REDIRECT] [Fatal Error] :1:1: Premature end of file.
2025-11-05 18:15:57,387 [ERROR] LogOutputStream:75 - [STDERR_REDIRECT] 
2025-11-05 18:15:58,400 [ERROR] LogOutputStream:75 - [STDERR_REDIRECT] [Fatal Error] :1:1: Premature end of file.
2025-11-05 18:15:58,402 [ERROR] LogOutputStream:75 - [STDERR_REDIRECT] 
2025-11-05 18:15:59,393 [ERROR] LogOutputStream:75 - [STDERR_REDIRECT] [Fatal Error] :1:1: Premature end of file.
2025-11-05 18:15:59,393 [ERROR] LogOutputStream:75 - [STDERR_REDIRECT] 
2025-11-05 18:16:00,381 [ERROR] LogOutputStream:75 - [STDERR_REDIRECT] [Fatal Error] :1:1: Premature end of file.
2025-11-05 18:16:00,381 [ERROR] LogOutputStream:75 - [STDERR_REDIRECT] 
2025-11-05 18:16:01,390 [ERROR] LogOutputStream:75 - [STDERR_REDIRECT] [Fatal Error] :1:1: Premature end of file.
2025-11-05 18:16:01,391 [ERROR] LogOutputStream:75 - [STDERR_REDIRECT] 
2025-11-05 18:16:02,390 [ERROR] LogOutputStream:75 - [STDERR_REDIRECT] [Fatal Error] :1:1: Premature end of file.
2025-11-05 18:16:02,410 [ERROR] LogOutputStream:75 - [STDERR_REDIRECT] 
2025-11-05 18:16:03,385 [ERROR] LogOutputStream:75 - [STDERR_REDIRECT] [Fatal Error] :1:1: Premature end of file.
2025-11-05 18:16:03,386 [ERROR] LogOutputStream:75 - [STDERR_REDIRECT] 
2025-11-05 18:16:04,406 [ERROR] LogOutputStream:75 - [STDERR_REDIRECT] [Fatal Error] :1:1: Premature end of file.
2025-11-05 18:16:04,406 [ERROR] LogOutputStream:75 - [STDERR_REDIRECT] 
2025-11-05 18:16:05,403 [ERROR] LogOutputStream:75 - [STDERR_REDIRECT] [Fatal Error] :1:1: Premature end of file.
2025-11-05 18:16:05,403 [ERROR] LogOutputStream:75 - [STDERR_REDIRECT] 
2025-11-05 18:16:06,406 [ERROR] LogOutputStream:75 - [STDERR_REDIRECT] [Fatal Error] :1:1: Premature end of file.
2025-11-05 18:16:06,406 [ERROR] LogOutputStream:75 - [STDERR_REDIRECT] 
2025-11-05 18:16:07,393 [ERROR] LogOutputStream:75 - [STDERR_REDIRECT] [Fatal Error] :1:1: Premature end of file.
2025-11-05 18:16:07,393 [ERROR] LogOutputStream:75 - [STDERR_REDIRECT] 
2025-11-05 18:16:08,395 [ERROR] LogOutputStream:75 - [STDERR_REDIRECT] [Fatal Error] :1:1: Premature end of file.
2025-11-05 18:16:08,395 [ERROR] LogOutputStream:75 - [STDERR_REDIRECT] 
2025-11-05 18:16:09,399 [ERROR] LogOutputStream:75 - [STDERR_REDIRECT] [Fatal Error] :1:1: Premature end of file.
2025-11-05 18:16:09,400 [ERROR] LogOutputStream:75 - [STDERR_REDIRECT] 
2025-11-05 18:16:10,394 [ERROR] LogOutputStream:75 - [STDERR_REDIRECT] [Fatal Error] :1:1: Premature end of file.
2025-11-05 18:16:10,395 [ERROR] LogOutputStream:75 - [STDERR_REDIRECT] 
2025-11-05 18:16:11,403 [ERROR] LogOutputStream:75 - [STDERR_REDIRECT] [Fatal Error] :1:1: Premature end of file.
2025-11-05 18:16:11,404 [ERROR] LogOutputStream:75 - [STDERR_REDIRECT] 
2025-11-05 18:16:12,396 [ERROR] LogOutputStream:75 - [STDERR_REDIRECT] [Fatal Error] :1:1: Premature end of file.
2025-11-05 18:16:12,397 [ERROR] LogOutputStream:75 - [STDERR_REDIRECT] 
2025-11-05 18:16:13,389 [ERROR] LogOutputStream:75 - [STDERR_REDIRECT] [Fatal Error] :1:1: Premature end of file.
2025-11-05 18:16:13,390 [ERROR] LogOutputStream:75 - [STDERR_REDIRECT] 
2025-11-05 18:16:14,403 [ERROR] LogOutputStream:75 - [STDERR_REDIRECT] [Fatal Error] :1:1: Premature end of file.
2025-11-05 18:16:14,403 [ERROR] LogOutputStream:75 - [STDERR_REDIRECT] 
2025-11-05 18:16:15,399 [ERROR] LogOutputStream:75 - [STDERR_REDIRECT] [Fatal Error] :1:1: Premature end of file.
2025-11-05 18:16:15,399 [ERROR] LogOutputStream:75 - [STDERR_REDIRECT] 
2025-11-05 18:16:16,400 [ERROR] LogOutputStream:75 - [STDERR_REDIRECT] [Fatal Error] :1:1: Premature end of file.
2025-11-05 18:16:16,400 [ERROR] LogOutputStream:75 - [STDERR_REDIRECT] 
2025-11-05 18:16:17,394 [ERROR] LogOutputStream:75 - [STDERR_REDIRECT] [Fatal Error] :1:1: Premature end of file.
2025-11-05 18:16:17,407 [ERROR] LogOutputStream:75 - [STDERR_REDIRECT] 
2025-11-05 18:16:18,387 [ERROR] LogOutputStream:75 - [STDERR_REDIRECT] [Fatal Error] :1:1: Premature end of file.
2025-11-05 18:16:18,388 [ERROR] LogOutputStream:75 - [STDERR_REDIRECT] 
2025-11-05 18:16:19,402 [ERROR] LogOutputStream:75 - [STDERR_REDIRECT] [Fatal Error] :1:1: Premature end of file.
2025-11-05 18:16:19,403 [ERROR] LogOutputStream:75 - [STDERR_REDIRECT] 
2025-11-05 18:16:20,379 [ERROR] LogOutputStream:75 - [STDERR_REDIRECT] [Fatal Error] :1:1: Premature end of file.
2025-11-05 18:16:20,379 [ERROR] LogOutputStream:75 - [STDERR_REDIRECT] 
2025-11-05 18:16:21,410 [ERROR] LogOutputStream:75 - [STDERR_REDIRECT] [Fatal Error] :1:1: Premature end of file.
2025-11-05 18:16:21,410 [ERROR] LogOutputStream:75 - [STDERR_REDIRECT] 
2025-11-05 18:16:22,408 [ERROR] LogOutputStream:75 - [STDERR_REDIRECT] [Fatal Error] :1:1: Premature end of file.
2025-11-05 18:16:22,408 [ERROR] LogOutputStream:75 - [STDERR_REDIRECT] 
2025-11-05 18:16:23,407 [ERROR] LogOutputStream:75 - [STDERR_REDIRECT] [Fatal Error] :1:1: Premature end of file.
2025-11-05 18:16:23,407 [ERROR] LogOutputStream:75 - [STDERR_REDIRECT] 
2025-11-05 18:16:24,397 [ERROR] LogOutputStream:75 - [STDERR_REDIRECT] [Fatal Error] :1:1: Premature end of file.
2025-11-05 18:16:24,398 [ERROR] LogOutputStream:75 - [STDERR_REDIRECT] 
2025-11-05 18:16:25,387 [ERROR] LogOutputStream:75 - [STDERR_REDIRECT] [Fatal Error] :1:1: Premature end of file.
2025-11-05 18:16:25,387 [ERROR] LogOutputStream:75 - [STDERR_REDIRECT] 
2025-11-05 18:16:26,392 [ERROR] LogOutputStream:75 - [STDERR_REDIRECT] [Fatal Error] :1:1: Premature end of file.
2025-11-05 18:16:26,393 [ERROR] LogOutputStream:75 - [STDERR_REDIRECT] 
2025-11-05 18:16:27,404 [ERROR] LogOutputStream:75 - [STDERR_REDIRECT] [Fatal Error] :1:1: Premature end of file.
2025-11-05 18:16:27,405 [ERROR] LogOutputStream:75 - [STDERR_REDIRECT] 
2025-11-05 18:16:28,389 [ERROR] LogOutputStream:75 - [STDERR_REDIRECT] [Fatal Error] :1:1: Premature end of file.
2025-11-05 18:16:28,390 [ERROR] LogOutputStream:75 - [STDERR_REDIRECT] 
2025-11-05 18:16:29,396 [ERROR] LogOutputStream:75 - [STDERR_REDIRECT] [Fatal Error] :1:1: Premature end of file.
2025-11-05 18:16:29,396 [ERROR] LogOutputStream:75 - [STDERR_REDIRECT] 
2025-11-05 18:16:30,409 [ERROR] LogOutputStream:75 - [STDERR_REDIRECT] [Fatal Error] :1:1: Premature end of file.
2025-11-05 18:16:30,410 [ERROR] LogOutputStream:75 - [STDERR_REDIRECT] 
2025-11-05 18:16:31,406 [ERROR] LogOutputStream:75 - [STDERR_REDIRECT] [Fatal Error] :1:1: Premature end of file.
2025-11-05 18:16:31,406 [ERROR] LogOutputStream:75 - [STDERR_REDIRECT] 
2025-11-05 18:16:32,406 [ERROR] LogOutputStream:75 - [STDERR_REDIRECT] [Fatal Error] :1:1: Premature end of file.
2025-11-05 18:16:32,406 [ERROR] LogOutputStream:75 - [STDERR_REDIRECT] 
2025-11-05 18:16:33,399 [ERROR] LogOutputStream:75 - [STDERR_REDIRECT] [Fatal Error] :1:1: Premature end of file.
2025-11-05 18:16:33,399 [ERROR] LogOutputStream:75 - [STDERR_REDIRECT] 
2025-11-05 18:16:34,395 [ERROR] LogOutputStream:75 - [STDERR_REDIRECT] [Fatal Error] :1:1: Premature end of file.
2025-11-05 18:16:34,396 [ERROR] LogOutputStream:75 - [STDERR_REDIRECT] 
2025-11-05 18:16:35,402 [ERROR] LogOutputStream:75 - [STDERR_REDIRECT] [Fatal Error] :1:1: Premature end of file.
2025-11-05 18:16:35,403 [ERROR] LogOutputStream:75 - [STDERR_REDIRECT] 
2025-11-05 18:16:36,393 [ERROR] LogOutputStream:75 - [STDERR_REDIRECT] [Fatal Error] :1:1: Premature end of file.
2025-11-05 18:16:36,393 [ERROR] LogOutputStream:75 - [STDERR_REDIRECT] 
2025-11-05 18:16:37,382 [ERROR] LogOutputStream:75 - [STDERR_REDIRECT] [Fatal Error] :1:1: Premature end of file.
2025-11-05 18:16:37,382 [ERROR] LogOutputStream:75 - [STDERR_REDIRECT] 
2025-11-05 18:16:38,380 [ERROR] LogOutputStream:75 - [STDERR_REDIRECT] [Fatal Error] :1:1: Premature end of file.
2025-11-05 18:16:38,380 [ERROR] LogOutputStream:75 - [STDERR_REDIRECT] 
2025-11-05 18:16:39,378 [ERROR] LogOutputStream:75 - [STDERR_REDIRECT] [Fatal Error] :1:1: Premature end of file.
2025-11-05 18:16:39,378 [ERROR] LogOutputStream:75 - [STDERR_REDIRECT] 
2025-11-05 18:16:40,403 [ERROR] LogOutputStream:75 - [STDERR_REDIRECT] [Fatal Error] :1:1: Premature end of file.
2025-11-05 18:16:40,404 [ERROR] LogOutputStream:75 - [STDERR_REDIRECT] 
2025-11-05 18:16:41,393 [ERROR] LogOutputStream:75 - [STDERR_REDIRECT] [Fatal Error] :1:1: Premature end of file.
2025-11-05 18:16:41,394 [ERROR] LogOutputStream:75 - [STDERR_REDIRECT] 
2025-11-05 18:16:42,392 [ERROR] LogOutputStream:75 - [STDERR_REDIRECT] [Fatal Error] :1:1: Premature end of file.
2025-11-05 18:16:42,393 [ERROR] LogOutputStream:75 - [STDERR_REDIRECT] 
2025-11-05 18:16:43,391 [ERROR] LogOutputStream:75 - [STDERR_REDIRECT] [Fatal Error] :1:1: Premature end of file.
2025-11-05 18:16:43,391 [ERROR] LogOutputStream:75 - [STDERR_REDIRECT] 
2025-11-05 18:16:44,398 [ERROR] LogOutputStream:75 - [STDERR_REDIRECT] [Fatal Error] :1:1: Premature end of file.
2025-11-05 18:16:44,398 [ERROR] LogOutputStream:75 - [STDERR_REDIRECT] 
2025-11-05 18:16:45,395 [ERROR] LogOutputStream:75 - [STDERR_REDIRECT] [Fatal Error] :1:1: Premature end of file.
2025-11-05 18:16:45,396 [ERROR] LogOutputStream:75 - [STDERR_REDIRECT] 
2025-11-05 18:16:46,398 [ERROR] LogOutputStream:75 - [STDERR_REDIRECT] [Fatal Error] :1:1: Premature end of file.
2025-11-05 18:16:46,398 [ERROR] LogOutputStream:75 - [STDERR_REDIRECT] 
2025-11-05 18:16:47,396 [ERROR] LogOutputStream:75 - [STDERR_REDIRECT] [Fatal Error] :1:1: Premature end of file.
2025-11-05 18:16:47,396 [ERROR] LogOutputStream:75 - [STDERR_REDIRECT] 
2025-11-05 18:16:48,395 [ERROR] LogOutputStream:75 - [STDERR_REDIRECT] [Fatal Error] :1:1: Premature end of file.
2025-11-05 18:16:48,396 [ERROR] LogOutputStream:75 - [STDERR_REDIRECT] 
2025-11-05 18:16:49,399 [ERROR] LogOutputStream:75 - [STDERR_REDIRECT] [Fatal Error] :1:1: Premature end of file.
2025-11-05 18:16:49,399 [ERROR] LogOutputStream:75 - [STDERR_REDIRECT] 
2025-11-05 18:16:50,390 [ERROR] LogOutputStream:75 - [STDERR_REDIRECT] [Fatal Error] :1:1: Premature end of file.
2025-11-05 18:16:50,391 [ERROR] LogOutputStream:75 - [STDERR_REDIRECT] 
2025-11-05 18:16:51,402 [ERROR] LogOutputStream:75 - [STDERR_REDIRECT] [Fatal Error] :1:1: Premature end of file.
2025-11-05 18:16:51,403 [ERROR] LogOutputStream:75 - [STDERR_REDIRECT] 
2025-11-05 18:16:52,397 [ERROR] LogOutputStream:75 - [STDERR_REDIRECT] [Fatal Error] :1:1: Premature end of file.
2025-11-05 18:16:52,397 [ERROR] LogOutputStream:75 - [STDERR_REDIRECT] 
2025-11-05 18:16:53,389 [ERROR] LogOutputStream:75 - [STDERR_REDIRECT] [Fatal Error] :1:1: Premature end of file.
2025-11-05 18:16:53,390 [ERROR] LogOutputStream:75 - [STDERR_REDIRECT] 
2025-11-05 18:16:54,399 [ERROR] LogOutputStream:75 - [STDERR_REDIRECT] [Fatal Error] :1:1: Premature end of file.
2025-11-05 18:16:54,399 [ERROR] LogOutputStream:75 - [STDERR_REDIRECT] 
2025-11-05 18:16:55,398 [ERROR] LogOutputStream:75 - [STDERR_REDIRECT] [Fatal Error] :1:1: Premature end of file.
2025-11-05 18:16:55,398 [ERROR] LogOutputStream:75 - [STDERR_REDIRECT] 
2025-11-05 18:16:56,383 [ERROR] LogOutputStream:75 - [STDERR_REDIRECT] [Fatal Error] :1:1: Premature end of file.
2025-11-05 18:16:56,383 [ERROR] LogOutputStream:75 - [STDERR_REDIRECT] 
2025-11-05 18:16:57,385 [ERROR] LogOutputStream:75 - [STDERR_REDIRECT] [Fatal Error] :1:1: Premature end of file.
2025-11-05 18:16:57,385 [ERROR] LogOutputStream:75 - [STDERR_REDIRECT] 
2025-11-05 18:16:58,377 [ERROR] LogOutputStream:75 - [STDERR_REDIRECT] [Fatal Error] :1:1: Premature end of file.
2025-11-05 18:16:58,378 [ERROR] LogOutputStream:75 - [STDERR_REDIRECT] 
2025-11-05 18:16:59,392 [ERROR] LogOutputStream:75 - [STDERR_REDIRECT] [Fatal Error] :1:1: Premature end of file.
2025-11-05 18:16:59,392 [ERROR] LogOutputStream:75 - [STDERR_REDIRECT] 
2025-11-05 18:17:00,389 [ERROR] LogOutputStream:75 - [STDERR_REDIRECT] [Fatal Error] :1:1: Premature end of file.
2025-11-05 18:17:00,389 [ERROR] LogOutputStream:75 - [STDERR_REDIRECT] 
2025-11-05 18:17:01,396 [ERROR] LogOutputStream:75 - [STDERR_REDIRECT] [Fatal Error] :1:1: Premature end of file.
2025-11-05 18:17:01,397 [ERROR] LogOutputStream:75 - [STDERR_REDIRECT] 
2025-11-05 18:17:02,403 [ERROR] LogOutputStream:75 - [STDERR_REDIRECT] [Fatal Error] :1:1: Premature end of file.
2025-11-05 18:17:02,403 [ERROR] LogOutputStream:75 - [STDERR_REDIRECT] 
2025-11-05 18:17:03,397 [ERROR] LogOutputStream:75 - [STDERR_REDIRECT] [Fatal Error] :1:1: Premature end of file.
2025-11-05 18:17:03,398 [ERROR] LogOutputStream:75 - [STDERR_REDIRECT] 
2025-11-05 18:17:04,402 [ERROR] LogOutputStream:75 - [STDERR_REDIRECT] [Fatal Error] :1:1: Premature end of file.
2025-11-05 18:17:04,403 [ERROR] LogOutputStream:75 - [STDERR_REDIRECT] 
2025-11-05 18:17:05,387 [ERROR] LogOutputStream:75 - [STDERR_REDIRECT] [Fatal Error] :1:1: Premature end of file.
2025-11-05 18:17:05,387 [ERROR] LogOutputStream:75 - [STDERR_REDIRECT] 
2025-11-05 18:17:06,390 [ERROR] LogOutputStream:75 - [STDERR_REDIRECT] [Fatal Error] :1:1: Premature end of file.
2025-11-05 18:17:06,391 [ERROR] LogOutputStream:75 - [STDERR_REDIRECT] 
2025-11-05 18:17:07,390 [ERROR] LogOutputStream:75 - [STDERR_REDIRECT] [Fatal Error] :1:1: Premature end of file.
2025-11-05 18:17:07,390 [ERROR] LogOutputStream:75 - [STDERR_REDIRECT] 
2025-11-05 18:17:08,405 [ERROR] LogOutputStream:75 - [STDERR_REDIRECT] [Fatal Error] :1:1: Premature end of file.
2025-11-05 18:17:08,406 [ERROR] LogOutputStream:75 - [STDERR_REDIRECT] 
2025-11-05 18:17:09,384 [ERROR] LogOutputStream:75 - [STDERR_REDIRECT] [Fatal Error] :1:1: Premature end of file.
2025-11-05 18:17:09,385 [ERROR] LogOutputStream:75 - [STDERR_REDIRECT] 
2025-11-05 18:17:10,405 [ERROR] LogOutputStream:75 - [STDERR_REDIRECT] [Fatal Error] :1:1: Premature end of file.
2025-11-05 18:17:10,406 [ERROR] LogOutputStream:75 - [STDERR_REDIRECT] 
2025-11-05 18:17:11,401 [ERROR] LogOutputStream:75 - [STDERR_REDIRECT] [Fatal Error] :1:1: Premature end of file.
2025-11-05 18:17:11,401 [ERROR] LogOutputStream:75 - [STDERR_REDIRECT] 
2025-11-05 18:17:12,393 [ERROR] LogOutputStream:75 - [STDERR_REDIRECT] [Fatal Error] :1:1: Premature end of file.
2025-11-05 18:17:12,393 [ERROR] LogOutputStream:75 - [STDERR_REDIRECT] 
2025-11-05 18:17:13,373 [ERROR] LogOutputStream:75 - [STDERR_REDIRECT] [Fatal Error] :1:1: Premature end of file.
2025-11-05 18:17:13,374 [ERROR] LogOutputStream:75 - [STDERR_REDIRECT] 
2025-11-05 18:17:14,397 [ERROR] LogOutputStream:75 - [STDERR_REDIRECT] [Fatal Error] :1:1: Premature end of file.
2025-11-05 18:17:14,397 [ERROR] LogOutputStream:75 - [STDERR_REDIRECT] 
2025-11-05 18:17:15,394 [ERROR] LogOutputStream:75 - [STDERR_REDIRECT] [Fatal Error] :1:1: Premature end of file.
2025-11-05 18:17:15,394 [ERROR] LogOutputStream:75 - [STDERR_REDIRECT] 
2025-11-05 18:17:16,404 [ERROR] LogOutputStream:75 - [STDERR_REDIRECT] [Fatal Error] :1:1: Premature end of file.
2025-11-05 18:17:16,404 [ERROR] LogOutputStream:75 - [STDERR_REDIRECT] 
2025-11-05 18:17:17,388 [ERROR] LogOutputStream:75 - [STDERR_REDIRECT] [Fatal Error] :1:1: Premature end of file.
2025-11-05 18:17:17,388 [ERROR] LogOutputStream:75 - [STDERR_REDIRECT] 
2025-11-05 18:17:18,381 [ERROR] LogOutputStream:75 - [STDERR_REDIRECT] [Fatal Error] :1:1: Premature end of file.
2025-11-05 18:17:18,382 [ERROR] LogOutputStream:75 - [STDERR_REDIRECT] 
2025-11-05 18:17:19,394 [ERROR] LogOutputStream:75 - [STDERR_REDIRECT] [Fatal Error] :1:1: Premature end of file.
2025-11-05 18:17:19,395 [ERROR] LogOutputStream:75 - [STDERR_REDIRECT] 
2025-11-05 18:17:20,404 [ERROR] LogOutputStream:75 - [STDERR_REDIRECT] [Fatal Error] :1:1: Premature end of file.
2025-11-05 18:17:20,404 [ERROR] LogOutputStream:75 - [STDERR_REDIRECT] 
2025-11-05 18:17:21,398 [ERROR] LogOutputStream:75 - [STDERR_REDIRECT] [Fatal Error] :1:1: Premature end of file.
2025-11-05 18:17:21,398 [ERROR] LogOutputStream:75 - [STDERR_REDIRECT] 
2025-11-05 18:17:22,398 [ERROR] LogOutputStream:75 - [STDERR_REDIRECT] [Fatal Error] :1:1: Premature end of file.
2025-11-05 18:17:22,398 [ERROR] LogOutputStream:75 - [STDERR_REDIRECT] 
2025-11-05 18:17:23,388 [ERROR] LogOutputStream:75 - [STDERR_REDIRECT] [Fatal Error] :1:1: Premature end of file.
2025-11-05 18:17:23,388 [ERROR] LogOutputStream:75 - [STDERR_REDIRECT] 
2025-11-05 18:17:24,392 [ERROR] LogOutputStream:75 - [STDERR_REDIRECT] [Fatal Error] :1:1: Premature end of file.
2025-11-05 18:17:24,392 [ERROR] LogOutputStream:75 - [STDERR_REDIRECT] 
2025-11-05 18:17:25,389 [ERROR] LogOutputStream:75 - [STDERR_REDIRECT] [Fatal Error] :1:1: Premature end of file.
2025-11-05 18:17:25,389 [ERROR] LogOutputStream:75 - [STDERR_REDIRECT] 
2025-11-05 18:17:26,387 [ERROR] LogOutputStream:75 - [STDERR_REDIRECT] [Fatal Error] :1:1: Premature end of file.
2025-11-05 18:17:26,388 [ERROR] LogOutputStream:75 - [STDERR_REDIRECT] 
2025-11-05 18:17:27,392 [ERROR] LogOutputStream:75 - [STDERR_REDIRECT] [Fatal Error] :1:1: Premature end of file.
2025-11-05 18:17:27,392 [ERROR] LogOutputStream:75 - [STDERR_REDIRECT] 
2025-11-05 18:17:28,393 [ERROR] LogOutputStream:75 - [STDERR_REDIRECT] [Fatal Error] :1:1: Premature end of file.
2025-11-05 18:17:28,393 [ERROR] LogOutputStream:75 - [STDERR_REDIRECT] 
2025-11-05 18:17:29,400 [ERROR] LogOutputStream:75 - [STDERR_REDIRECT] [Fatal Error] :1:1: Premature end of file.
2025-11-05 18:17:29,400 [ERROR] LogOutputStream:75 - [STDERR_REDIRECT] 
2025-11-05 18:17:30,383 [ERROR] LogOutputStream:75 - [STDERR_REDIRECT] [Fatal Error] :1:1: Premature end of file.
2025-11-05 18:17:30,383 [ERROR] LogOutputStream:75 - [STDERR_REDIRECT] 
2025-11-05 18:17:31,396 [ERROR] LogOutputStream:75 - [STDERR_REDIRECT] [Fatal Error] :1:1: Premature end of file.
2025-11-05 18:17:31,397 [ERROR] LogOutputStream:75 - [STDERR_REDIRECT] 
2025-11-05 18:17:32,401 [ERROR] LogOutputStream:75 - [STDERR_REDIRECT] [Fatal Error] :1:1: Premature end of file.
2025-11-05 18:17:32,401 [ERROR] LogOutputStream:75 - [STDERR_REDIRECT] 
2025-11-05 18:17:33,388 [ERROR] LogOutputStream:75 - [STDERR_REDIRECT] [Fatal Error] :1:1: Premature end of file.
2025-11-05 18:17:33,389 [ERROR] LogOutputStream:75 - [STDERR_REDIRECT] 
2025-11-05 18:17:34,392 [ERROR] LogOutputStream:75 - [STDERR_REDIRECT] [Fatal Error] :1:1: Premature end of file.
2025-11-05 18:17:34,393 [ERROR] LogOutputStream:75 - [STDERR_REDIRECT] 
2025-11-05 18:17:35,381 [ERROR] LogOutputStream:75 - [STDERR_REDIRECT] [Fatal Error] :1:1: Premature end of file.
2025-11-05 18:17:35,381 [ERROR] LogOutputStream:75 - [STDERR_REDIRECT] 
2025-11-05 18:17:36,396 [ERROR] LogOutputStream:75 - [STDERR_REDIRECT] [Fatal Error] :1:1: Premature end of file.
2025-11-05 18:17:36,396 [ERROR] LogOutputStream:75 - [STDERR_REDIRECT] 
2025-11-05 18:17:37,396 [ERROR] LogOutputStream:75 - [STDERR_REDIRECT] [Fatal Error] :1:1: Premature end of file.
2025-11-05 18:17:37,396 [ERROR] LogOutputStream:75 - [STDERR_REDIRECT] 
2025-11-05 18:17:38,402 [ERROR] LogOutputStream:75 - [STDERR_REDIRECT] [Fatal Error] :1:1: Premature end of file.
2025-11-05 18:17:38,402 [ERROR] LogOutputStream:75 - [STDERR_REDIRECT] 
2025-11-05 18:17:39,388 [ERROR] LogOutputStream:75 - [STDERR_REDIRECT] [Fatal Error] :1:1: Premature end of file.
2025-11-05 18:17:39,389 [ERROR] LogOutputStream:75 - [STDERR_REDIRECT] 
2025-11-05 18:17:40,388 [ERROR] LogOutputStream:75 - [STDERR_REDIRECT] [Fatal Error] :1:1: Premature end of file.
2025-11-05 18:17:40,388 [ERROR] LogOutputStream:75 - [STDERR_REDIRECT] 
2025-11-05 18:17:41,377 [ERROR] LogOutputStream:75 - [STDERR_REDIRECT] [Fatal Error] :1:1: Premature end of file.
2025-11-05 18:17:41,378 [ERROR] LogOutputStream:75 - [STDERR_REDIRECT] 
2025-11-05 18:17:42,383 [ERROR] LogOutputStream:75 - [STDERR_REDIRECT] [Fatal Error] :1:1: Premature end of file.
2025-11-05 18:17:42,383 [ERROR] LogOutputStream:75 - [STDERR_REDIRECT] 
2025-11-05 18:17:43,376 [ERROR] LogOutputStream:75 - [STDERR_REDIRECT] [Fatal Error] :1:1: Premature end of file.
2025-11-05 18:17:43,377 [ERROR] LogOutputStream:75 - [STDERR_REDIRECT] 
2025-11-05 18:17:44,392 [ERROR] LogOutputStream:75 - [STDERR_REDIRECT] [Fatal Error] :1:1: Premature end of file.
2025-11-05 18:17:44,392 [ERROR] LogOutputStream:75 - [STDERR_REDIRECT] 
2025-11-05 18:17:45,404 [ERROR] LogOutputStream:75 - [STDERR_REDIRECT] [Fatal Error] :1:1: Premature end of file.
2025-11-05 18:17:45,404 [ERROR] LogOutputStream:75 - [STDERR_REDIRECT] 
2025-11-05 18:17:46,400 [ERROR] LogOutputStream:75 - [STDERR_REDIRECT] [Fatal Error] :1:1: Premature end of file.
2025-11-05 18:17:46,400 [ERROR] LogOutputStream:75 - [STDERR_REDIRECT] 
2025-11-05 18:17:47,393 [ERROR] LogOutputStream:75 - [STDERR_REDIRECT] [Fatal Error] :1:1: Premature end of file.
2025-11-05 18:17:47,393 [ERROR] LogOutputStream:75 - [STDERR_REDIRECT] 
2025-11-05 18:17:48,377 [ERROR] LogOutputStream:75 - [STDERR_REDIRECT] [Fatal Error] :1:1: Premature end of file.
2025-11-05 18:17:48,377 [ERROR] LogOutputStream:75 - [STDERR_REDIRECT] 
2025-11-05 18:17:49,400 [ERROR] LogOutputStream:75 - [STDERR_REDIRECT] [Fatal Error] :1:1: Premature end of file.
2025-11-05 18:17:49,400 [ERROR] LogOutputStream:75 - [STDERR_REDIRECT] 
2025-11-05 18:17:50,391 [ERROR] LogOutputStream:75 - [STDERR_REDIRECT] [Fatal Error] :1:1: Premature end of file.
2025-11-05 18:17:50,391 [ERROR] LogOutputStream:75 - [STDERR_REDIRECT] 
2025-11-05 18:17:51,391 [ERROR] LogOutputStream:75 - [STDERR_REDIRECT] [Fatal Error] :1:1: Premature end of file.
2025-11-05 18:17:51,392 [ERROR] LogOutputStream:75 - [STDERR_REDIRECT] 
2025-11-05 18:17:52,382 [ERROR] LogOutputStream:75 - [STDERR_REDIRECT] [Fatal Error] :1:1: Premature end of file.
2025-11-05 18:17:52,383 [ERROR] LogOutputStream:75 - [STDERR_REDIRECT] 
2025-11-05 18:17:53,379 [ERROR] LogOutputStream:75 - [STDERR_REDIRECT] [Fatal Error] :1:1: Premature end of file.
2025-11-05 18:17:53,379 [ERROR] LogOutputStream:75 - [STDERR_REDIRECT] 
2025-11-05 18:17:54,382 [ERROR] LogOutputStream:75 - [STDERR_REDIRECT] [Fatal Error] :1:1: Premature end of file.
2025-11-05 18:17:54,382 [ERROR] LogOutputStream:75 - [STDERR_REDIRECT] 
2025-11-05 18:17:55,392 [ERROR] LogOutputStream:75 - [STDERR_REDIRECT] [Fatal Error] :1:1: Premature end of file.
2025-11-05 18:17:55,392 [ERROR] LogOutputStream:75 - [STDERR_REDIRECT] 
2025-11-05 18:17:56,389 [ERROR] LogOutputStream:75 - [STDERR_REDIRECT] [Fatal Error] :1:1: Premature end of file.
2025-11-05 18:17:56,389 [ERROR] LogOutputStream:75 - [STDERR_REDIRECT] 
2025-11-05 18:17:57,383 [ERROR] LogOutputStream:75 - [STDERR_REDIRECT] [Fatal Error] :1:1: Premature end of file.
2025-11-05 18:17:57,383 [ERROR] LogOutputStream:75 - [STDERR_REDIRECT] 
2025-11-05 18:17:58,391 [ERROR] LogOutputStream:75 - [STDERR_REDIRECT] [Fatal Error] :1:1: Premature end of file.
2025-11-05 18:17:58,391 [ERROR] LogOutputStream:75 - [STDERR_REDIRECT] 
2025-11-05 18:17:59,389 [ERROR] LogOutputStream:75 - [STDERR_REDIRECT] [Fatal Error] :1:1: Premature end of file.
2025-11-05 18:17:59,389 [ERROR] LogOutputStream:75 - [STDERR_REDIRECT] 
2025-11-05 18:18:00,385 [ERROR] LogOutputStream:75 - [STDERR_REDIRECT] [Fatal Error] :1:1: Premature end of file.
2025-11-05 18:18:00,385 [ERROR] LogOutputStream:75 - [STDERR_REDIRECT] 
2025-11-05 18:18:01,389 [ERROR] LogOutputStream:75 - [STDERR_REDIRECT] [Fatal Error] :1:1: Premature end of file.
2025-11-05 18:18:01,389 [ERROR] LogOutputStream:75 - [STDERR_REDIRECT] 
2025-11-05 18:18:02,385 [ERROR] LogOutputStream:75 - [STDERR_REDIRECT] [Fatal Error] :1:1: Premature end of file.
2025-11-05 18:18:02,385 [ERROR] LogOutputStream:75 - [STDERR_REDIRECT] 
2025-11-05 18:18:03,395 [ERROR] LogOutputStream:75 - [STDERR_REDIRECT] [Fatal Error] :1:1: Premature end of file.
2025-11-05 18:18:03,396 [ERROR] LogOutputStream:75 - [STDERR_REDIRECT] 
2025-11-05 18:18:04,397 [ERROR] LogOutputStream:75 - [STDERR_REDIRECT] [Fatal Error] :1:1: Premature end of file.
2025-11-05 18:18:04,397 [ERROR] LogOutputStream:75 - [STDERR_REDIRECT] 
2025-11-05 18:18:05,394 [ERROR] LogOutputStream:75 - [STDERR_REDIRECT] [Fatal Error] :1:1: Premature end of file.
2025-11-05 18:18:05,395 [ERROR] LogOutputStream:75 - [STDERR_REDIRECT] 
2025-11-05 18:18:06,400 [ERROR] LogOutputStream:75 - [STDERR_REDIRECT] [Fatal Error] :1:1: Premature end of file.
2025-11-05 18:18:06,401 [ERROR] LogOutputStream:75 - [STDERR_REDIRECT] 
2025-11-05 18:18:07,389 [ERROR] LogOutputStream:75 - [STDERR_REDIRECT] [Fatal Error] :1:1: Premature end of file.
2025-11-05 18:18:07,390 [ERROR] LogOutputStream:75 - [STDERR_REDIRECT] 
2025-11-05 18:18:08,390 [ERROR] LogOutputStream:75 - [STDERR_REDIRECT] [Fatal Error] :1:1: Premature end of file.
2025-11-05 18:18:08,391 [ERROR] LogOutputStream:75 - [STDERR_REDIRECT] 
2025-11-05 18:18:09,377 [ERROR] LogOutputStream:75 - [STDERR_REDIRECT] [Fatal Error] :1:1: Premature end of file.
2025-11-05 18:18:09,377 [ERROR] LogOutputStream:75 - [STDERR_REDIRECT] 
2025-11-05 18:18:10,377 [ERROR] LogOutputStream:75 - [STDERR_REDIRECT] [Fatal Error] :1:1: Premature end of file.
2025-11-05 18:18:10,377 [ERROR] LogOutputStream:75 - [STDERR_REDIRECT] 
2025-11-05 18:18:11,401 [ERROR] LogOutputStream:75 - [STDERR_REDIRECT] [Fatal Error] :1:1: Premature end of file.
2025-11-05 18:18:11,402 [ERROR] LogOutputStream:75 - [STDERR_REDIRECT] 
2025-11-05 18:18:12,397 [ERROR] LogOutputStream:75 - [STDERR_REDIRECT] [Fatal Error] :1:1: Premature end of file.
2025-11-05 18:18:12,397 [ERROR] LogOutputStream:75 - [STDERR_REDIRECT] 
2025-11-05 18:18:13,395 [ERROR] LogOutputStream:75 - [STDERR_REDIRECT] [Fatal Error] :1:1: Premature end of file.
2025-11-05 18:18:13,396 [ERROR] LogOutputStream:75 - [STDERR_REDIRECT] 
2025-11-05 18:18:14,395 [ERROR] LogOutputStream:75 - [STDERR_REDIRECT] [Fatal Error] :1:1: Premature end of file.
2025-11-05 18:18:14,395 [ERROR] LogOutputStream:75 - [STDERR_REDIRECT] 
2025-11-05 18:18:15,387 [ERROR] LogOutputStream:75 - [STDERR_REDIRECT] [Fatal Error] :1:1: Premature end of file.
2025-11-05 18:18:15,387 [ERROR] LogOutputStream:75 - [STDERR_REDIRECT] 
2025-11-05 18:18:16,378 [ERROR] LogOutputStream:75 - [STDERR_REDIRECT] [Fatal Error] :1:1: Premature end of file.
2025-11-05 18:18:16,379 [ERROR] LogOutputStream:75 - [STDERR_REDIRECT] 
2025-11-05 18:18:17,378 [ERROR] LogOutputStream:75 - [STDERR_REDIRECT] [Fatal Error] :1:1: Premature end of file.
2025-11-05 18:18:17,378 [ERROR] LogOutputStream:75 - [STDERR_REDIRECT] 
2025-11-05 18:18:18,387 [ERROR] LogOutputStream:75 - [STDERR_REDIRECT] [Fatal Error] :1:1: Premature end of file.
2025-11-05 18:18:18,387 [ERROR] LogOutputStream:75 - [STDERR_REDIRECT] 
2025-11-05 18:18:19,403 [ERROR] LogOutputStream:75 - [STDERR_REDIRECT] [Fatal Error] :1:1: Premature end of file.
2025-11-05 18:18:19,404 [ERROR] LogOutputStream:75 - [STDERR_REDIRECT] 
2025-11-05 18:18:20,387 [ERROR] LogOutputStream:75 - [STDERR_REDIRECT] [Fatal Error] :1:1: Premature end of file.
2025-11-05 18:18:20,387 [ERROR] LogOutputStream:75 - [STDERR_REDIRECT] 
2025-11-05 18:18:21,394 [ERROR] LogOutputStream:75 - [STDERR_REDIRECT] [Fatal Error] :1:1: Premature end of file.
2025-11-05 18:18:21,394 [ERROR] LogOutputStream:75 - [STDERR_REDIRECT] 
2025-11-05 18:18:22,381 [ERROR] LogOutputStream:75 - [STDERR_REDIRECT] [Fatal Error] :1:1: Premature end of file.
2025-11-05 18:18:22,381 [ERROR] LogOutputStream:75 - [STDERR_REDIRECT] 
2025-11-05 18:18:23,375 [ERROR] LogOutputStream:75 - [STDERR_REDIRECT] [Fatal Error] :1:1: Premature end of file.
2025-11-05 18:18:23,375 [ERROR] LogOutputStream:75 - [STDERR_REDIRECT] 
2025-11-05 18:18:24,377 [ERROR] LogOutputStream:75 - [STDERR_REDIRECT] [Fatal Error] :1:1: Premature end of file.
2025-11-05 18:18:24,378 [ERROR] LogOutputStream:75 - [STDERR_REDIRECT] 
2025-11-05 18:18:25,379 [ERROR] LogOutputStream:75 - [STDERR_REDIRECT] [Fatal Error] :1:1: Premature end of file.
2025-11-05 18:18:25,380 [ERROR] LogOutputStream:75 - [STDERR_REDIRECT] 
2025-11-05 18:18:26,398 [ERROR] LogOutputStream:75 - [STDERR_REDIRECT] [Fatal Error] :1:1: Premature end of file.
2025-11-05 18:18:26,399 [ERROR] LogOutputStream:75 - [STDERR_REDIRECT] 
2025-11-05 18:18:27,401 [ERROR] LogOutputStream:75 - [STDERR_REDIRECT] [Fatal Error] :1:1: Premature end of file.
2025-11-05 18:18:27,402 [ERROR] LogOutputStream:75 - [STDERR_REDIRECT] 
2025-11-05 18:18:28,383 [ERROR] LogOutputStream:75 - [STDERR_REDIRECT] [Fatal Error] :1:1: Premature end of file.
2025-11-05 18:18:28,383 [ERROR] LogOutputStream:75 - [STDERR_REDIRECT] 
2025-11-05 18:18:29,385 [ERROR] LogOutputStream:75 - [STDERR_REDIRECT] [Fatal Error] :1:1: Premature end of file.
2025-11-05 18:18:29,386 [ERROR] LogOutputStream:75 - [STDERR_REDIRECT] 
2025-11-05 18:18:30,392 [ERROR] LogOutputStream:75 - [STDERR_REDIRECT] [Fatal Error] :1:1: Premature end of file.
2025-11-05 18:18:30,392 [ERROR] LogOutputStream:75 - [STDERR_REDIRECT] 
2025-11-05 18:18:31,389 [ERROR] LogOutputStream:75 - [STDERR_REDIRECT] [Fatal Error] :1:1: Premature end of file.
2025-11-05 18:18:31,389 [ERROR] LogOutputStream:75 - [STDERR_REDIRECT] 
2025-11-05 18:18:32,389 [ERROR] LogOutputStream:75 - [STDERR_REDIRECT] [Fatal Error] :1:1: Premature end of file.
2025-11-05 18:18:32,390 [ERROR] LogOutputStream:75 - [STDERR_REDIRECT] 
2025-11-05 18:18:33,401 [ERROR] LogOutputStream:75 - [STDERR_REDIRECT] [Fatal Error] :1:1: Premature end of file.
2025-11-05 18:18:33,401 [ERROR] LogOutputStream:75 - [STDERR_REDIRECT] 
2025-11-05 18:18:34,398 [ERROR] LogOutputStream:75 - [STDERR_REDIRECT] [Fatal Error] :1:1: Premature end of file.
2025-11-05 18:18:34,398 [ERROR] LogOutputStream:75 - [STDERR_REDIRECT] 
2025-11-05 18:18:35,387 [ERROR] LogOutputStream:75 - [STDERR_REDIRECT] [Fatal Error] :1:1: Premature end of file.
2025-11-05 18:18:35,387 [ERROR] LogOutputStream:75 - [STDERR_REDIRECT] 
2025-11-05 18:18:36,385 [ERROR] LogOutputStream:75 - [STDERR_REDIRECT] [Fatal Error] :1:1: Premature end of file.
2025-11-05 18:18:36,386 [ERROR] LogOutputStream:75 - [STDERR_REDIRECT] 
2025-11-05 18:18:37,380 [ERROR] LogOutputStream:75 - [STDERR_REDIRECT] [Fatal Error] :1:1: Premature end of file.
2025-11-05 18:18:37,380 [ERROR] LogOutputStream:75 - [STDERR_REDIRECT] 
2025-11-05 18:18:38,394 [ERROR] LogOutputStream:75 - [STDERR_REDIRECT] [Fatal Error] :1:1: Premature end of file.
2025-11-05 18:18:38,395 [ERROR] LogOutputStream:75 - [STDERR_REDIRECT] 
2025-11-05 18:18:39,400 [ERROR] LogOutputStream:75 - [STDERR_REDIRECT] [Fatal Error] :1:1: Premature end of file.
2025-11-05 18:18:39,401 [ERROR] LogOutputStream:75 - [STDERR_REDIRECT] 
2025-11-05 18:18:40,399 [ERROR] LogOutputStream:75 - [STDERR_REDIRECT] [Fatal Error] :1:1: Premature end of file.
2025-11-05 18:18:40,399 [ERROR] LogOutputStream:75 - [STDERR_REDIRECT] 
2025-11-05 18:18:41,393 [ERROR] LogOutputStream:75 - [STDERR_REDIRECT] [Fatal Error] :1:1: Premature end of file.
2025-11-05 18:18:41,393 [ERROR] LogOutputStream:75 - [STDERR_REDIRECT] 
2025-11-05 18:18:42,387 [ERROR] LogOutputStream:75 - [STDERR_REDIRECT] [Fatal Error] :1:1: Premature end of file.
2025-11-05 18:18:42,387 [ERROR] LogOutputStream:75 - [STDERR_REDIRECT] 
2025-11-05 18:18:43,387 [ERROR] LogOutputStream:75 - [STDERR_REDIRECT] [Fatal Error] :1:1: Premature end of file.
2025-11-05 18:18:43,387 [ERROR] LogOutputStream:75 - [STDERR_REDIRECT] 
2025-11-05 18:18:44,390 [ERROR] LogOutputStream:75 - [STDERR_REDIRECT] [Fatal Error] :1:1: Premature end of file.
2025-11-05 18:18:44,390 [ERROR] LogOutputStream:75 - [STDERR_REDIRECT] 
2025-11-05 18:18:45,384 [ERROR] LogOutputStream:75 - [STDERR_REDIRECT] [Fatal Error] :1:1: Premature end of file.
2025-11-05 18:18:45,384 [ERROR] LogOutputStream:75 - [STDERR_REDIRECT] 
2025-11-05 18:18:46,394 [ERROR] LogOutputStream:75 - [STDERR_REDIRECT] [Fatal Error] :1:1: Premature end of file.
2025-11-05 18:18:46,395 [ERROR] LogOutputStream:75 - [STDERR_REDIRECT] 
2025-11-05 18:18:47,392 [ERROR] LogOutputStream:75 - [STDERR_REDIRECT] [Fatal Error] :1:1: Premature end of file.
2025-11-05 18:18:47,392 [ERROR] LogOutputStream:75 - [STDERR_REDIRECT] 
2025-11-05 18:18:48,396 [ERROR] LogOutputStream:75 - [STDERR_REDIRECT] [Fatal Error] :1:1: Premature end of file.
2025-11-05 18:18:48,396 [ERROR] LogOutputStream:75 - [STDERR_REDIRECT] 
2025-11-05 18:18:49,383 [ERROR] LogOutputStream:75 - [STDERR_REDIRECT] [Fatal Error] :1:1: Premature end of file.
2025-11-05 18:18:49,383 [ERROR] LogOutputStream:75 - [STDERR_REDIRECT] 
2025-11-05 18:18:50,392 [ERROR] LogOutputStream:75 - [STDERR_REDIRECT] [Fatal Error] :1:1: Premature end of file.
2025-11-05 18:18:50,392 [ERROR] LogOutputStream:75 - [STDERR_REDIRECT] 
2025-11-05 18:18:51,387 [ERROR] LogOutputStream:75 - [STDERR_REDIRECT] [Fatal Error] :1:1: Premature end of file.
2025-11-05 18:18:51,388 [ERROR] LogOutputStream:75 - [STDERR_REDIRECT] 
2025-11-05 18:18:52,405 [ERROR] LogOutputStream:75 - [STDERR_REDIRECT] [Fatal Error] :1:1: Premature end of file.
2025-11-05 18:18:52,405 [ERROR] LogOutputStream:75 - [STDERR_REDIRECT] 
2025-11-05 18:18:53,396 [ERROR] LogOutputStream:75 - [STDERR_REDIRECT] [Fatal Error] :1:1: Premature end of file.
2025-11-05 18:18:53,396 [ERROR] LogOutputStream:75 - [STDERR_REDIRECT] 
2025-11-05 18:18:54,402 [ERROR] LogOutputStream:75 - [STDERR_REDIRECT] [Fatal Error] :1:1: Premature end of file.
2025-11-05 18:18:54,402 [ERROR] LogOutputStream:75 - [STDERR_REDIRECT] 
2025-11-05 18:18:55,392 [ERROR] LogOutputStream:75 - [STDERR_REDIRECT] [Fatal Error] :1:1: Premature end of file.
2025-11-05 18:18:55,393 [ERROR] LogOutputStream:75 - [STDERR_REDIRECT] 
2025-11-05 18:18:56,411 [ERROR] LogOutputStream:75 - [STDERR_REDIRECT] [Fatal Error] :1:1: Premature end of file.
2025-11-05 18:18:56,412 [ERROR] LogOutputStream:75 - [STDERR_REDIRECT] 
2025-11-05 18:18:57,388 [ERROR] LogOutputStream:75 - [STDERR_REDIRECT] [Fatal Error] :1:1: Premature end of file.
2025-11-05 18:18:57,388 [ERROR] LogOutputStream:75 - [STDERR_REDIRECT] 
2025-11-05 18:18:58,388 [ERROR] LogOutputStream:75 - [STDERR_REDIRECT] [Fatal Error] :1:1: Premature end of file.
2025-11-05 18:18:58,388 [ERROR] LogOutputStream:75 - [STDERR_REDIRECT] 
2025-11-05 18:18:59,367 [ERROR] LogOutputStream:75 - [STDERR_REDIRECT] [Fatal Error] :1:1: Premature end of file.
2025-11-05 18:18:59,367 [ERROR] LogOutputStream:75 - [STDERR_REDIRECT] 
2025-11-05 18:19:00,383 [ERROR] LogOutputStream:75 - [STDERR_REDIRECT] [Fatal Error] :1:1: Premature end of file.
2025-11-05 18:19:00,383 [ERROR] LogOutputStream:75 - [STDERR_REDIRECT] 
2025-11-05 18:19:01,386 [ERROR] LogOutputStream:75 - [STDERR_REDIRECT] [Fatal Error] :1:1: Premature end of file.
2025-11-05 18:19:01,386 [ERROR] LogOutputStream:75 - [STDERR_REDIRECT] 
2025-11-05 18:19:02,377 [ERROR] LogOutputStream:75 - [STDERR_REDIRECT] [Fatal Error] :1:1: Premature end of file.
2025-11-05 18:19:02,377 [ERROR] LogOutputStream:75 - [STDERR_REDIRECT] 
2025-11-05 18:19:03,381 [ERROR] LogOutputStream:75 - [STDERR_REDIRECT] [Fatal Error] :1:1: Premature end of file.
2025-11-05 18:19:03,381 [ERROR] LogOutputStream:75 - [STDERR_REDIRECT] 
2025-11-05 18:19:04,401 [ERROR] LogOutputStream:75 - [STDERR_REDIRECT] [Fatal Error] :1:1: Premature end of file.
2025-11-05 18:19:04,402 [ERROR] LogOutputStream:75 - [STDERR_REDIRECT] 
2025-11-05 18:19:05,381 [ERROR] LogOutputStream:75 - [STDERR_REDIRECT] [Fatal Error] :1:1: Premature end of file.
2025-11-05 18:19:05,381 [ERROR] LogOutputStream:75 - [STDERR_REDIRECT] 
2025-11-05 18:19:06,387 [ERROR] LogOutputStream:75 - [STDERR_REDIRECT] [Fatal Error] :1:1: Premature end of file.
2025-11-05 18:19:06,387 [ERROR] LogOutputStream:75 - [STDERR_REDIRECT] 
2025-11-05 18:19:07,372 [ERROR] LogOutputStream:75 - [STDERR_REDIRECT] [Fatal Error] :1:1: Premature end of file.
2025-11-05 18:19:07,372 [ERROR] LogOutputStream:75 - [STDERR_REDIRECT] 
2025-11-05 18:19:08,401 [ERROR] LogOutputStream:75 - [STDERR_REDIRECT] [Fatal Error] :1:1: Premature end of file.
2025-11-05 18:19:08,401 [ERROR] LogOutputStream:75 - [STDERR_REDIRECT] 
2025-11-05 18:19:09,384 [ERROR] LogOutputStream:75 - [STDERR_REDIRECT] [Fatal Error] :1:1: Premature end of file.
2025-11-05 18:19:09,385 [ERROR] LogOutputStream:75 - [STDERR_REDIRECT] 
2025-11-05 18:19:10,387 [ERROR] LogOutputStream:75 - [STDERR_REDIRECT] [Fatal Error] :1:1: Premature end of file.
2025-11-05 18:19:10,388 [ERROR] LogOutputStream:75 - [STDERR_REDIRECT] 
2025-11-05 18:19:11,400 [ERROR] LogOutputStream:75 - [STDERR_REDIRECT] [Fatal Error] :1:1: Premature end of file.
2025-11-05 18:19:11,400 [ERROR] LogOutputStream:75 - [STDERR_REDIRECT] 
2025-11-05 18:19:12,387 [ERROR] LogOutputStream:75 - [STDERR_REDIRECT] [Fatal Error] :1:1: Premature end of file.
2025-11-05 18:19:12,387 [ERROR] LogOutputStream:75 - [STDERR_REDIRECT] 
2025-11-05 18:19:13,383 [ERROR] LogOutputStream:75 - [STDERR_REDIRECT] [Fatal Error] :1:1: Premature end of file.
2025-11-05 18:19:13,383 [ERROR] LogOutputStream:75 - [STDERR_REDIRECT] 
2025-11-05 18:19:14,394 [ERROR] LogOutputStream:75 - [STDERR_REDIRECT] [Fatal Error] :1:1: Premature end of file.
2025-11-05 18:19:14,394 [ERROR] LogOutputStream:75 - [STDERR_REDIRECT] 
2025-11-05 18:19:15,386 [ERROR] LogOutputStream:75 - [STDERR_REDIRECT] [Fatal Error] :1:1: Premature end of file.
2025-11-05 18:19:15,386 [ERROR] LogOutputStream:75 - [STDERR_REDIRECT] 
2025-11-05 18:19:16,393 [ERROR] LogOutputStream:75 - [STDERR_REDIRECT] [Fatal Error] :1:1: Premature end of file.
2025-11-05 18:19:16,393 [ERROR] LogOutputStream:75 - [STDERR_REDIRECT] 
2025-11-05 18:19:17,399 [ERROR] LogOutputStream:75 - [STDERR_REDIRECT] [Fatal Error] :1:1: Premature end of file.
2025-11-05 18:19:17,399 [ERROR] LogOutputStream:75 - [STDERR_REDIRECT] 
2025-11-05 18:19:18,391 [ERROR] LogOutputStream:75 - [STDERR_REDIRECT] [Fatal Error] :1:1: Premature end of file.
2025-11-05 18:19:18,391 [ERROR] LogOutputStream:75 - [STDERR_REDIRECT] 
2025-11-05 18:19:19,391 [ERROR] LogOutputStream:75 - [STDERR_REDIRECT] [Fatal Error] :1:1: Premature end of file.
2025-11-05 18:19:19,392 [ERROR] LogOutputStream:75 - [STDERR_REDIRECT] 
2025-11-05 18:19:20,385 [ERROR] LogOutputStream:75 - [STDERR_REDIRECT] [Fatal Error] :1:1: Premature end of file.
2025-11-05 18:19:20,385 [ERROR] LogOutputStream:75 - [STDERR_REDIRECT] 
2025-11-05 18:19:21,383 [ERROR] LogOutputStream:75 - [STDERR_REDIRECT] [Fatal Error] :1:1: Premature end of file.
2025-11-05 18:19:21,383 [ERROR] LogOutputStream:75 - [STDERR_REDIRECT] 
2025-11-05 18:19:22,398 [ERROR] LogOutputStream:75 - [STDERR_REDIRECT] [Fatal Error] :1:1: Premature end of file.
2025-11-05 18:19:22,399 [ERROR] LogOutputStream:75 - [STDERR_REDIRECT] 
2025-11-05 18:19:23,396 [ERROR] LogOutputStream:75 - [STDERR_REDIRECT] [Fatal Error] :1:1: Premature end of file.
2025-11-05 18:19:23,397 [ERROR] LogOutputStream:75 - [STDERR_REDIRECT] 
2025-11-05 18:19:24,383 [ERROR] LogOutputStream:75 - [STDERR_REDIRECT] [Fatal Error] :1:1: Premature end of file.
2025-11-05 18:19:24,383 [ERROR] LogOutputStream:75 - [STDERR_REDIRECT] 
2025-11-05 18:19:25,383 [ERROR] LogOutputStream:75 - [STDERR_REDIRECT] [Fatal Error] :1:1: Premature end of file.
2025-11-05 18:19:25,383 [ERROR] LogOutputStream:75 - [STDERR_REDIRECT] 
2025-11-05 18:19:26,389 [ERROR] LogOutputStream:75 - [STDERR_REDIRECT] [Fatal Error] :1:1: Premature end of file.
2025-11-05 18:19:26,389 [ERROR] LogOutputStream:75 - [STDERR_REDIRECT] 
2025-11-05 18:19:27,395 [ERROR] LogOutputStream:75 - [STDERR_REDIRECT] [Fatal Error] :1:1: Premature end of file.
2025-11-05 18:19:27,396 [ERROR] LogOutputStream:75 - [STDERR_REDIRECT] 
2025-11-05 18:19:28,395 [ERROR] LogOutputStream:75 - [STDERR_REDIRECT] [Fatal Error] :1:1: Premature end of file.
2025-11-05 18:19:28,396 [ERROR] LogOutputStream:75 - [STDERR_REDIRECT] 
2025-11-05 18:19:29,390 [ERROR] LogOutputStream:75 - [STDERR_REDIRECT] [Fatal Error] :1:1: Premature end of file.
2025-11-05 18:19:29,391 [ERROR] LogOutputStream:75 - [STDERR_REDIRECT] 
2025-11-05 18:19:30,376 [ERROR] LogOutputStream:75 - [STDERR_REDIRECT] [Fatal Error] :1:1: Premature end of file.
2025-11-05 18:19:30,377 [ERROR] LogOutputStream:75 - [STDERR_REDIRECT] 
2025-11-05 18:19:31,379 [ERROR] LogOutputStream:75 - [STDERR_REDIRECT] [Fatal Error] :1:1: Premature end of file.
2025-11-05 18:19:31,380 [ERROR] LogOutputStream:75 - [STDERR_REDIRECT] 
2025-11-05 18:19:32,383 [ERROR] LogOutputStream:75 - [STDERR_REDIRECT] [Fatal Error] :1:1: Premature end of file.
2025-11-05 18:19:32,383 [ERROR] LogOutputStream:75 - [STDERR_REDIRECT] 
2025-11-05 18:19:33,394 [ERROR] LogOutputStream:75 - [STDERR_REDIRECT] [Fatal Error] :1:1: Premature end of file.
2025-11-05 18:19:33,394 [ERROR] LogOutputStream:75 - [STDERR_REDIRECT] 
2025-11-05 18:19:34,383 [ERROR] LogOutputStream:75 - [STDERR_REDIRECT] [Fatal Error] :1:1: Premature end of file.
2025-11-05 18:19:34,383 [ERROR] LogOutputStream:75 - [STDERR_REDIRECT] 
2025-11-05 18:19:35,393 [ERROR] LogOutputStream:75 - [STDERR_REDIRECT] [Fatal Error] :1:1: Premature end of file.
2025-11-05 18:19:35,393 [ERROR] LogOutputStream:75 - [STDERR_REDIRECT] 
2025-11-05 18:19:36,371 [ERROR] LogOutputStream:75 - [STDERR_REDIRECT] [Fatal Error] :1:1: Premature end of file.
2025-11-05 18:19:36,371 [ERROR] LogOutputStream:75 - [STDERR_REDIRECT] 
2025-11-05 18:19:37,396 [ERROR] LogOutputStream:75 - [STDERR_REDIRECT] [Fatal Error] :1:1: Premature end of file.
2025-11-05 18:19:37,396 [ERROR] LogOutputStream:75 - [STDERR_REDIRECT] 
2025-11-05 18:19:38,391 [ERROR] LogOutputStream:75 - [STDERR_REDIRECT] [Fatal Error] :1:1: Premature end of file.
2025-11-05 18:19:38,391 [ERROR] LogOutputStream:75 - [STDERR_REDIRECT] 
2025-11-05 18:19:39,386 [ERROR] LogOutputStream:75 - [STDERR_REDIRECT] [Fatal Error] :1:1: Premature end of file.
2025-11-05 18:19:39,386 [ERROR] LogOutputStream:75 - [STDERR_REDIRECT] 
2025-11-05 18:19:40,392 [ERROR] LogOutputStream:75 - [STDERR_REDIRECT] [Fatal Error] :1:1: Premature end of file.
2025-11-05 18:19:40,393 [ERROR] LogOutputStream:75 - [STDERR_REDIRECT] 
2025-11-05 18:19:41,373 [ERROR] LogOutputStream:75 - [STDERR_REDIRECT] [Fatal Error] :1:1: Premature end of file.
2025-11-05 18:19:41,373 [ERROR] LogOutputStream:75 - [STDERR_REDIRECT] 
2025-11-05 18:19:42,403 [ERROR] LogOutputStream:75 - [STDERR_REDIRECT] [Fatal Error] :1:1: Premature end of file.
2025-11-05 18:19:42,403 [ERROR] LogOutputStream:75 - [STDERR_REDIRECT] 
2025-11-05 18:19:43,391 [ERROR] LogOutputStream:75 - [STDERR_REDIRECT] [Fatal Error] :1:1: Premature end of file.
2025-11-05 18:19:43,391 [ERROR] LogOutputStream:75 - [STDERR_REDIRECT] 
2025-11-05 18:19:44,397 [ERROR] LogOutputStream:75 - [STDERR_REDIRECT] [Fatal Error] :1:1: Premature end of file.
2025-11-05 18:19:44,398 [ERROR] LogOutputStream:75 - [STDERR_REDIRECT] 
2025-11-05 18:19:45,400 [ERROR] LogOutputStream:75 - [STDERR_REDIRECT] [Fatal Error] :1:1: Premature end of file.
2025-11-05 18:19:45,401 [ERROR] LogOutputStream:75 - [STDERR_REDIRECT] 
2025-11-05 18:19:46,395 [ERROR] LogOutputStream:75 - [STDERR_REDIRECT] [Fatal Error] :1:1: Premature end of file.
2025-11-05 18:19:46,395 [ERROR] LogOutputStream:75 - [STDERR_REDIRECT] 
2025-11-05 18:19:47,382 [ERROR] LogOutputStream:75 - [STDERR_REDIRECT] [Fatal Error] :1:1: Premature end of file.
2025-11-05 18:19:47,383 [ERROR] LogOutputStream:75 - [STDERR_REDIRECT] 
2025-11-05 18:19:48,393 [ERROR] LogOutputStream:75 - [STDERR_REDIRECT] [Fatal Error] :1:1: Premature end of file.
2025-11-05 18:19:48,393 [ERROR] LogOutputStream:75 - [STDERR_REDIRECT] 
2025-11-05 18:19:49,387 [ERROR] LogOutputStream:75 - [STDERR_REDIRECT] [Fatal Error] :1:1: Premature end of file.
2025-11-05 18:19:49,388 [ERROR] LogOutputStream:75 - [STDERR_REDIRECT] 
2025-11-05 18:19:50,380 [ERROR] LogOutputStream:75 - [STDERR_REDIRECT] [Fatal Error] :1:1: Premature end of file.
2025-11-05 18:19:50,380 [ERROR] LogOutputStream:75 - [STDERR_REDIRECT] 
2025-11-05 18:19:51,400 [ERROR] LogOutputStream:75 - [STDERR_REDIRECT] [Fatal Error] :1:1: Premature end of file.
2025-11-05 18:19:51,401 [ERROR] LogOutputStream:75 - [STDERR_REDIRECT] 
2025-11-05 18:19:52,398 [ERROR] LogOutputStream:75 - [STDERR_REDIRECT] [Fatal Error] :1:1: Premature end of file.
2025-11-05 18:19:52,398 [ERROR] LogOutputStream:75 - [STDERR_REDIRECT] 
2025-11-05 18:19:53,388 [ERROR] LogOutputStream:75 - [STDERR_REDIRECT] [Fatal Error] :1:1: Premature end of file.
2025-11-05 18:19:53,389 [ERROR] LogOutputStream:75 - [STDERR_REDIRECT] 
2025-11-05 18:19:54,381 [ERROR] LogOutputStream:75 - [STDERR_REDIRECT] [Fatal Error] :1:1: Premature end of file.
2025-11-05 18:19:54,382 [ERROR] LogOutputStream:75 - [STDERR_REDIRECT] 
2025-11-05 18:19:55,391 [ERROR] LogOutputStream:75 - [STDERR_REDIRECT] [Fatal Error] :1:1: Premature end of file.
2025-11-05 18:19:55,391 [ERROR] LogOutputStream:75 - [STDERR_REDIRECT] 
2025-11-05 18:19:56,384 [ERROR] LogOutputStream:75 - [STDERR_REDIRECT] [Fatal Error] :1:1: Premature end of file.
2025-11-05 18:19:56,384 [ERROR] LogOutputStream:75 - [STDERR_REDIRECT] 
2025-11-05 18:19:57,387 [ERROR] LogOutputStream:75 - [STDERR_REDIRECT] [Fatal Error] :1:1: Premature end of file.
2025-11-05 18:19:57,387 [ERROR] LogOutputStream:75 - [STDERR_REDIRECT] 
2025-11-05 18:19:58,357 [ERROR] LogOutputStream:75 - [STDERR_REDIRECT] [Fatal Error] :1:1: Premature end of file.
2025-11-05 18:19:58,357 [ERROR] LogOutputStream:75 - [STDERR_REDIRECT] 
2025-11-05 18:19:59,381 [ERROR] LogOutputStream:75 - [STDERR_REDIRECT] [Fatal Error] :1:1: Premature end of file.
2025-11-05 18:19:59,381 [ERROR] LogOutputStream:75 - [STDERR_REDIRECT] 
2025-11-05 18:20:00,388 [ERROR] LogOutputStream:75 - [STDERR_REDIRECT] [Fatal Error] :1:1: Premature end of file.
2025-11-05 18:20:00,388 [ERROR] LogOutputStream:75 - [STDERR_REDIRECT] 
2025-11-05 18:20:01,382 [ERROR] LogOutputStream:75 - [STDERR_REDIRECT] [Fatal Error] :1:1: Premature end of file.
2025-11-05 18:20:01,382 [ERROR] LogOutputStream:75 - [STDERR_REDIRECT] 
2025-11-05 18:20:02,399 [ERROR] LogOutputStream:75 - [STDERR_REDIRECT] [Fatal Error] :1:1: Premature end of file.
2025-11-05 18:20:02,400 [ERROR] LogOutputStream:75 - [STDERR_REDIRECT] 
2025-11-05 18:20:03,375 [ERROR] LogOutputStream:75 - [STDERR_REDIRECT] [Fatal Error] :1:1: Premature end of file.
2025-11-05 18:20:03,377 [ERROR] LogOutputStream:75 - [STDERR_REDIRECT] 
2025-11-05 18:20:04,381 [ERROR] LogOutputStream:75 - [STDERR_REDIRECT] [Fatal Error] :1:1: Premature end of file.
2025-11-05 18:20:04,382 [ERROR] LogOutputStream:75 - [STDERR_REDIRECT] 
2025-11-05 18:20:05,387 [ERROR] LogOutputStream:75 - [STDERR_REDIRECT] [Fatal Error] :1:1: Premature end of file.
2025-11-05 18:20:05,387 [ERROR] LogOutputStream:75 - [STDERR_REDIRECT] 
2025-11-05 18:20:06,401 [ERROR] LogOutputStream:75 - [STDERR_REDIRECT] [Fatal Error] :1:1: Premature end of file.
2025-11-05 18:20:06,401 [ERROR] LogOutputStream:75 - [STDERR_REDIRECT] 
2025-11-05 18:20:07,394 [ERROR] LogOutputStream:75 - [STDERR_REDIRECT] [Fatal Error] :1:1: Premature end of file.
2025-11-05 18:20:07,394 [ERROR] LogOutputStream:75 - [STDERR_REDIRECT] 
2025-11-05 18:20:08,397 [ERROR] LogOutputStream:75 - [STDERR_REDIRECT] [Fatal Error] :1:1: Premature end of file.
2025-11-05 18:20:08,398 [ERROR] LogOutputStream:75 - [STDERR_REDIRECT] 
2025-11-05 18:20:09,385 [ERROR] LogOutputStream:75 - [STDERR_REDIRECT] [Fatal Error] :1:1: Premature end of file.
2025-11-05 18:20:09,385 [ERROR] LogOutputStream:75 - [STDERR_REDIRECT] 
2025-11-05 18:20:10,391 [ERROR] LogOutputStream:75 - [STDERR_REDIRECT] [Fatal Error] :1:1: Premature end of file.
2025-11-05 18:20:10,392 [ERROR] LogOutputStream:75 - [STDERR_REDIRECT] 
2025-11-05 18:20:11,371 [ERROR] LogOutputStream:75 - [STDERR_REDIRECT] [Fatal Error] :1:1: Premature end of file.
2025-11-05 18:20:11,371 [ERROR] LogOutputStream:75 - [STDERR_REDIRECT] 
2025-11-05 18:20:12,387 [ERROR] LogOutputStream:75 - [STDERR_REDIRECT] [Fatal Error] :1:1: Premature end of file.
2025-11-05 18:20:12,387 [ERROR] LogOutputStream:75 - [STDERR_REDIRECT] 
2025-11-05 18:20:13,380 [ERROR] LogOutputStream:75 - [STDERR_REDIRECT] [Fatal Error] :1:1: Premature end of file.
2025-11-05 18:20:13,381 [ERROR] LogOutputStream:75 - [STDERR_REDIRECT] 
2025-11-05 18:20:14,387 [ERROR] LogOutputStream:75 - [STDERR_REDIRECT] [Fatal Error] :1:1: Premature end of file.
2025-11-05 18:20:14,388 [ERROR] LogOutputStream:75 - [STDERR_REDIRECT] 
2025-11-05 18:20:15,382 [ERROR] LogOutputStream:75 - [STDERR_REDIRECT] [Fatal Error] :1:1: Premature end of file.
2025-11-05 18:20:15,383 [ERROR] LogOutputStream:75 - [STDERR_REDIRECT] 
2025-11-05 18:20:16,393 [ERROR] LogOutputStream:75 - [STDERR_REDIRECT] [Fatal Error] :1:1: Premature end of file.
2025-11-05 18:20:16,394 [ERROR] LogOutputStream:75 - [STDERR_REDIRECT] 
2025-11-05 18:20:17,395 [ERROR] LogOutputStream:75 - [STDERR_REDIRECT] [Fatal Error] :1:1: Premature end of file.
2025-11-05 18:20:17,396 [ERROR] LogOutputStream:75 - [STDERR_REDIRECT] 
2025-11-05 18:20:18,384 [ERROR] LogOutputStream:75 - [STDERR_REDIRECT] [Fatal Error] :1:1: Premature end of file.
2025-11-05 18:20:18,384 [ERROR] LogOutputStream:75 - [STDERR_REDIRECT] 
2025-11-05 18:20:19,382 [ERROR] LogOutputStream:75 - [STDERR_REDIRECT] [Fatal Error] :1:1: Premature end of file.
2025-11-05 18:20:19,383 [ERROR] LogOutputStream:75 - [STDERR_REDIRECT] 
2025-11-05 18:20:20,376 [ERROR] LogOutputStream:75 - [STDERR_REDIRECT] [Fatal Error] :1:1: Premature end of file.
2025-11-05 18:20:20,376 [ERROR] LogOutputStream:75 - [STDERR_REDIRECT] 
2025-11-05 18:20:21,394 [ERROR] LogOutputStream:75 - [STDERR_REDIRECT] [Fatal Error] :1:1: Premature end of file.
2025-11-05 18:20:21,395 [ERROR] LogOutputStream:75 - [STDERR_REDIRECT] 
2025-11-05 18:20:22,391 [ERROR] LogOutputStream:75 - [STDERR_REDIRECT] [Fatal Error] :1:1: Premature end of file.
2025-11-05 18:20:22,392 [ERROR] LogOutputStream:75 - [STDERR_REDIRECT] 
2025-11-05 18:20:23,397 [ERROR] LogOutputStream:75 - [STDERR_REDIRECT] [Fatal Error] :1:1: Premature end of file.
2025-11-05 18:20:23,398 [ERROR] LogOutputStream:75 - [STDERR_REDIRECT] 
2025-11-05 18:20:24,398 [ERROR] LogOutputStream:75 - [STDERR_REDIRECT] [Fatal Error] :1:1: Premature end of file.
2025-11-05 18:20:24,399 [ERROR] LogOutputStream:75 - [STDERR_REDIRECT] 
2025-11-05 18:20:25,387 [ERROR] LogOutputStream:75 - [STDERR_REDIRECT] [Fatal Error] :1:1: Premature end of file.
2025-11-05 18:20:25,388 [ERROR] LogOutputStream:75 - [STDERR_REDIRECT] 
2025-11-05 18:20:26,394 [ERROR] LogOutputStream:75 - [STDERR_REDIRECT] [Fatal Error] :1:1: Premature end of file.
2025-11-05 18:20:26,394 [ERROR] LogOutputStream:75 - [STDERR_REDIRECT] 
2025-11-05 18:20:27,389 [ERROR] LogOutputStream:75 - [STDERR_REDIRECT] [Fatal Error] :1:1: Premature end of file.
2025-11-05 18:20:27,390 [ERROR] LogOutputStream:75 - [STDERR_REDIRECT] 
2025-11-05 18:20:28,390 [ERROR] LogOutputStream:75 - [STDERR_REDIRECT] [Fatal Error] :1:1: Premature end of file.
2025-11-05 18:20:28,390 [ERROR] LogOutputStream:75 - [STDERR_REDIRECT] 
2025-11-05 18:20:29,383 [ERROR] LogOutputStream:75 - [STDERR_REDIRECT] [Fatal Error] :1:1: Premature end of file.
2025-11-05 18:20:29,384 [ERROR] LogOutputStream:75 - [STDERR_REDIRECT] 
2025-11-05 18:20:30,403 [ERROR] LogOutputStream:75 - [STDERR_REDIRECT] [Fatal Error] :1:1: Premature end of file.
2025-11-05 18:20:30,404 [ERROR] LogOutputStream:75 - [STDERR_REDIRECT] 
2025-11-05 18:20:31,399 [ERROR] LogOutputStream:75 - [STDERR_REDIRECT] [Fatal Error] :1:1: Premature end of file.
2025-11-05 18:20:31,399 [ERROR] LogOutputStream:75 - [STDERR_REDIRECT] 
2025-11-05 18:20:32,405 [ERROR] LogOutputStream:75 - [STDERR_REDIRECT] [Fatal Error] :1:1: Premature end of file.
2025-11-05 18:20:32,405 [ERROR] LogOutputStream:75 - [STDERR_REDIRECT] 
2025-11-05 18:20:33,393 [ERROR] LogOutputStream:75 - [STDERR_REDIRECT] [Fatal Error] :1:1: Premature end of file.
2025-11-05 18:20:33,394 [ERROR] LogOutputStream:75 - [STDERR_REDIRECT] 
2025-11-05 18:20:34,396 [ERROR] LogOutputStream:75 - [STDERR_REDIRECT] [Fatal Error] :1:1: Premature end of file.
2025-11-05 18:20:34,396 [ERROR] LogOutputStream:75 - [STDERR_REDIRECT] 
2025-11-05 18:20:35,388 [ERROR] LogOutputStream:75 - [STDERR_REDIRECT] [Fatal Error] :1:1: Premature end of file.
2025-11-05 18:20:35,388 [ERROR] LogOutputStream:75 - [STDERR_REDIRECT] 
2025-11-05 18:20:36,381 [ERROR] LogOutputStream:75 - [STDERR_REDIRECT] [Fatal Error] :1:1: Premature end of file.
2025-11-05 18:20:36,383 [ERROR] LogOutputStream:75 - [STDERR_REDIRECT] 
2025-11-05 18:20:37,389 [ERROR] LogOutputStream:75 - [STDERR_REDIRECT] [Fatal Error] :1:1: Premature end of file.
2025-11-05 18:20:37,390 [ERROR] LogOutputStream:75 - [STDERR_REDIRECT] 
2025-11-05 18:20:38,395 [ERROR] LogOutputStream:75 - [STDERR_REDIRECT] [Fatal Error] :1:1: Premature end of file.
2025-11-05 18:20:38,396 [ERROR] LogOutputStream:75 - [STDERR_REDIRECT] 
2025-11-05 18:20:39,395 [ERROR] LogOutputStream:75 - [STDERR_REDIRECT] [Fatal Error] :1:1: Premature end of file.
2025-11-05 18:20:39,395 [ERROR] LogOutputStream:75 - [STDERR_REDIRECT] 
2025-11-05 18:20:40,388 [ERROR] LogOutputStream:75 - [STDERR_REDIRECT] [Fatal Error] :1:1: Premature end of file.
2025-11-05 18:20:40,389 [ERROR] LogOutputStream:75 - [STDERR_REDIRECT] 
2025-11-05 18:20:41,379 [ERROR] LogOutputStream:75 - [STDERR_REDIRECT] [Fatal Error] :1:1: Premature end of file.
2025-11-05 18:20:41,380 [ERROR] LogOutputStream:75 - [STDERR_REDIRECT] 
2025-11-05 18:20:42,381 [ERROR] LogOutputStream:75 - [STDERR_REDIRECT] [Fatal Error] :1:1: Premature end of file.
2025-11-05 18:20:42,381 [ERROR] LogOutputStream:75 - [STDERR_REDIRECT] 
2025-11-05 18:20:43,402 [ERROR] LogOutputStream:75 - [STDERR_REDIRECT] [Fatal Error] :1:1: Premature end of file.
2025-11-05 18:20:43,403 [ERROR] LogOutputStream:75 - [STDERR_REDIRECT] 
2025-11-05 18:20:44,397 [ERROR] LogOutputStream:75 - [STDERR_REDIRECT] [Fatal Error] :1:1: Premature end of file.
2025-11-05 18:20:44,397 [ERROR] LogOutputStream:75 - [STDERR_REDIRECT] 
2025-11-05 18:20:45,367 [ERROR] LogOutputStream:75 - [STDERR_REDIRECT] [Fatal Error] :1:1: Premature end of file.
2025-11-05 18:20:45,367 [ERROR] LogOutputStream:75 - [STDERR_REDIRECT] 
2025-11-05 18:20:46,383 [ERROR] LogOutputStream:75 - [STDERR_REDIRECT] [Fatal Error] :1:1: Premature end of file.
2025-11-05 18:20:46,383 [ERROR] LogOutputStream:75 - [STDERR_REDIRECT] 
2025-11-05 18:20:47,391 [ERROR] LogOutputStream:75 - [STDERR_REDIRECT] [Fatal Error] :1:1: Premature end of file.
2025-11-05 18:20:47,392 [ERROR] LogOutputStream:75 - [STDERR_REDIRECT] 
2025-11-05 18:20:48,385 [ERROR] LogOutputStream:75 - [STDERR_REDIRECT] [Fatal Error] :1:1: Premature end of file.
2025-11-05 18:20:48,385 [ERROR] LogOutputStream:75 - [STDERR_REDIRECT] 
2025-11-05 18:20:49,398 [ERROR] LogOutputStream:75 - [STDERR_REDIRECT] [Fatal Error] :1:1: Premature end of file.
2025-11-05 18:20:49,399 [ERROR] LogOutputStream:75 - [STDERR_REDIRECT] 
2025-11-05 18:20:50,385 [ERROR] LogOutputStream:75 - [STDERR_REDIRECT] [Fatal Error] :1:1: Premature end of file.
2025-11-05 18:20:50,385 [ERROR] LogOutputStream:75 - [STDERR_REDIRECT] 
2025-11-05 18:20:51,369 [ERROR] LogOutputStream:75 - [STDERR_REDIRECT] [Fatal Error] :1:1: Premature end of file.
2025-11-05 18:20:51,369 [ERROR] LogOutputStream:75 - [STDERR_REDIRECT] 
2025-11-05 18:20:52,372 [ERROR] LogOutputStream:75 - [STDERR_REDIRECT] [Fatal Error] :1:1: Premature end of file.
2025-11-05 18:20:52,373 [ERROR] LogOutputStream:75 - [STDERR_REDIRECT] 
2025-11-05 18:20:53,402 [ERROR] LogOutputStream:75 - [STDERR_REDIRECT] [Fatal Error] :1:1: Premature end of file.
2025-11-05 18:20:53,402 [ERROR] LogOutputStream:75 - [STDERR_REDIRECT] 
2025-11-05 18:20:54,401 [ERROR] LogOutputStream:75 - [STDERR_REDIRECT] [Fatal Error] :1:1: Premature end of file.
2025-11-05 18:20:54,401 [ERROR] LogOutputStream:75 - [STDERR_REDIRECT] 
2025-11-05 18:20:55,391 [ERROR] LogOutputStream:75 - [STDERR_REDIRECT] [Fatal Error] :1:1: Premature end of file.
2025-11-05 18:20:55,392 [ERROR] LogOutputStream:75 - [STDERR_REDIRECT] 
2025-11-05 18:20:56,385 [ERROR] LogOutputStream:75 - [STDERR_REDIRECT] [Fatal Error] :1:1: Premature end of file.
2025-11-05 18:20:56,385 [ERROR] LogOutputStream:75 - [STDERR_REDIRECT] 
2025-11-05 18:20:57,401 [ERROR] LogOutputStream:75 - [STDERR_REDIRECT] [Fatal Error] :1:1: Premature end of file.
2025-11-05 18:20:57,401 [ERROR] LogOutputStream:75 - [STDERR_REDIRECT] 
2025-11-05 18:20:58,392 [ERROR] LogOutputStream:75 - [STDERR_REDIRECT] [Fatal Error] :1:1: Premature end of file.
2025-11-05 18:20:58,392 [ERROR] LogOutputStream:75 - [STDERR_REDIRECT] 
2025-11-05 18:20:59,385 [ERROR] LogOutputStream:75 - [STDERR_REDIRECT] [Fatal Error] :1:1: Premature end of file.
2025-11-05 18:20:59,385 [ERROR] LogOutputStream:75 - [STDERR_REDIRECT] 
2025-11-05 18:21:00,381 [ERROR] LogOutputStream:75 - [STDERR_REDIRECT] [Fatal Error] :1:1: Premature end of file.
2025-11-05 18:21:00,381 [ERROR] LogOutputStream:75 - [STDERR_REDIRECT] 
2025-11-05 18:21:01,396 [ERROR] LogOutputStream:75 - [STDERR_REDIRECT] [Fatal Error] :1:1: Premature end of file.
2025-11-05 18:21:01,397 [ERROR] LogOutputStream:75 - [STDERR_REDIRECT] 
2025-11-05 18:21:02,397 [ERROR] LogOutputStream:75 - [STDERR_REDIRECT] [Fatal Error] :1:1: Premature end of file.
2025-11-05 18:21:02,397 [ERROR] LogOutputStream:75 - [STDERR_REDIRECT] 
2025-11-05 18:21:03,384 [ERROR] LogOutputStream:75 - [STDERR_REDIRECT] [Fatal Error] :1:1: Premature end of file.
2025-11-05 18:21:03,384 [ERROR] LogOutputStream:75 - [STDERR_REDIRECT] 
2025-11-05 18:21:04,398 [ERROR] LogOutputStream:75 - [STDERR_REDIRECT] [Fatal Error] :1:1: Premature end of file.
2025-11-05 18:21:04,399 [ERROR] LogOutputStream:75 - [STDERR_REDIRECT] 
2025-11-05 18:21:05,399 [ERROR] LogOutputStream:75 - [STDERR_REDIRECT] [Fatal Error] :1:1: Premature end of file.
2025-11-05 18:21:05,399 [ERROR] LogOutputStream:75 - [STDERR_REDIRECT] 
2025-11-05 18:21:06,394 [ERROR] LogOutputStream:75 - [STDERR_REDIRECT] [Fatal Error] :1:1: Premature end of file.
2025-11-05 18:21:06,394 [ERROR] LogOutputStream:75 - [STDERR_REDIRECT] 
2025-11-05 18:21:07,395 [ERROR] LogOutputStream:75 - [STDERR_REDIRECT] [Fatal Error] :1:1: Premature end of file.
2025-11-05 18:21:07,395 [ERROR] LogOutputStream:75 - [STDERR_REDIRECT] 
2025-11-05 18:21:08,398 [ERROR] LogOutputStream:75 - [STDERR_REDIRECT] [Fatal Error] :1:1: Premature end of file.
2025-11-05 18:21:08,398 [ERROR] LogOutputStream:75 - [STDERR_REDIRECT] 
2025-11-05 18:21:09,379 [ERROR] LogOutputStream:75 - [STDERR_REDIRECT] [Fatal Error] :1:1: Premature end of file.
2025-11-05 18:21:09,379 [ERROR] LogOutputStream:75 - [STDERR_REDIRECT] 
2025-11-05 18:21:10,400 [ERROR] LogOutputStream:75 - [STDERR_REDIRECT] [Fatal Error] :1:1: Premature end of file.
2025-11-05 18:21:10,401 [ERROR] LogOutputStream:75 - [STDERR_REDIRECT] 
2025-11-05 18:21:11,385 [ERROR] LogOutputStream:75 - [STDERR_REDIRECT] [Fatal Error] :1:1: Premature end of file.
2025-11-05 18:21:11,385 [ERROR] LogOutputStream:75 - [STDERR_REDIRECT] 
2025-11-05 18:21:12,386 [ERROR] LogOutputStream:75 - [STDERR_REDIRECT] [Fatal Error] :1:1: Premature end of file.
2025-11-05 18:21:12,386 [ERROR] LogOutputStream:75 - [STDERR_REDIRECT] 
2025-11-05 18:21:13,382 [ERROR] LogOutputStream:75 - [STDERR_REDIRECT] [Fatal Error] :1:1: Premature end of file.
2025-11-05 18:21:13,382 [ERROR] LogOutputStream:75 - [STDERR_REDIRECT] 
2025-11-05 18:21:14,381 [ERROR] LogOutputStream:75 - [STDERR_REDIRECT] [Fatal Error] :1:1: Premature end of file.
2025-11-05 18:21:14,381 [ERROR] LogOutputStream:75 - [STDERR_REDIRECT] 
2025-11-05 18:21:15,399 [ERROR] LogOutputStream:75 - [STDERR_REDIRECT] [Fatal Error] :1:1: Premature end of file.
2025-11-05 18:21:15,399 [ERROR] LogOutputStream:75 - [STDERR_REDIRECT] 
2025-11-05 18:21:16,389 [ERROR] LogOutputStream:75 - [STDERR_REDIRECT] [Fatal Error] :1:1: Premature end of file.
2025-11-05 18:21:16,390 [ERROR] LogOutputStream:75 - [STDERR_REDIRECT] 
2025-11-05 18:21:17,382 [ERROR] LogOutputStream:75 - [STDERR_REDIRECT] [Fatal Error] :1:1: Premature end of file.
2025-11-05 18:21:17,382 [ERROR] LogOutputStream:75 - [STDERR_REDIRECT] 
2025-11-05 18:21:18,403 [ERROR] LogOutputStream:75 - [STDERR_REDIRECT] [Fatal Error] :1:1: Premature end of file.
2025-11-05 18:21:18,403 [ERROR] LogOutputStream:75 - [STDERR_REDIRECT] 
2025-11-05 18:21:19,385 [ERROR] LogOutputStream:75 - [STDERR_REDIRECT] [Fatal Error] :1:1: Premature end of file.
2025-11-05 18:21:19,386 [ERROR] LogOutputStream:75 - [STDERR_REDIRECT] 
2025-11-05 18:21:20,385 [ERROR] LogOutputStream:75 - [STDERR_REDIRECT] [Fatal Error] :1:1: Premature end of file.
2025-11-05 18:21:20,385 [ERROR] LogOutputStream:75 - [STDERR_REDIRECT] 
2025-11-05 18:21:21,409 [ERROR] LogOutputStream:75 - [STDERR_REDIRECT] [Fatal Error] :1:1: Premature end of file.
2025-11-05 18:21:21,410 [ERROR] LogOutputStream:75 - [STDERR_REDIRECT] 
2025-11-05 18:21:22,398 [ERROR] LogOutputStream:75 - [STDERR_REDIRECT] [Fatal Error] :1:1: Premature end of file.
2025-11-05 18:21:22,398 [ERROR] LogOutputStream:75 - [STDERR_REDIRECT] 
2025-11-05 18:21:23,392 [ERROR] LogOutputStream:75 - [STDERR_REDIRECT] [Fatal Error] :1:1: Premature end of file.
2025-11-05 18:21:23,392 [ERROR] LogOutputStream:75 - [STDERR_REDIRECT] 
2025-11-05 18:21:24,396 [ERROR] LogOutputStream:75 - [STDERR_REDIRECT] [Fatal Error] :1:1: Premature end of file.
2025-11-05 18:21:24,397 [ERROR] LogOutputStream:75 - [STDERR_REDIRECT] 
2025-11-05 18:21:25,399 [ERROR] LogOutputStream:75 - [STDERR_REDIRECT] [Fatal Error] :1:1: Premature end of file.
2025-11-05 18:21:25,399 [ERROR] LogOutputStream:75 - [STDERR_REDIRECT] 
2025-11-05 18:21:26,394 [ERROR] LogOutputStream:75 - [STDERR_REDIRECT] [Fatal Error] :1:1: Premature end of file.
2025-11-05 18:21:26,395 [ERROR] LogOutputStream:75 - [STDERR_REDIRECT] 
2025-11-05 18:21:27,403 [ERROR] LogOutputStream:75 - [STDERR_REDIRECT] [Fatal Error] :1:1: Premature end of file.
2025-11-05 18:21:27,404 [ERROR] LogOutputStream:75 - [STDERR_REDIRECT] 
2025-11-05 18:21:28,390 [ERROR] LogOutputStream:75 - [STDERR_REDIRECT] [Fatal Error] :1:1: Premature end of file.
2025-11-05 18:21:28,390 [ERROR] LogOutputStream:75 - [STDERR_REDIRECT] 
2025-11-05 18:21:29,397 [ERROR] LogOutputStream:75 - [STDERR_REDIRECT] [Fatal Error] :1:1: Premature end of file.
2025-11-05 18:21:29,398 [ERROR] LogOutputStream:75 - [STDERR_REDIRECT] 
2025-11-05 18:21:30,397 [ERROR] LogOutputStream:75 - [STDERR_REDIRECT] [Fatal Error] :1:1: Premature end of file.
2025-11-05 18:21:30,398 [ERROR] LogOutputStream:75 - [STDERR_REDIRECT] 
2025-11-05 18:21:31,392 [ERROR] LogOutputStream:75 - [STDERR_REDIRECT] [Fatal Error] :1:1: Premature end of file.
2025-11-05 18:21:31,392 [ERROR] LogOutputStream:75 - [STDERR_REDIRECT] 
2025-11-05 18:21:32,390 [ERROR] LogOutputStream:75 - [STDERR_REDIRECT] [Fatal Error] :1:1: Premature end of file.
2025-11-05 18:21:32,390 [ERROR] LogOutputStream:75 - [STDERR_REDIRECT] 
2025-11-05 18:21:33,384 [ERROR] LogOutputStream:75 - [STDERR_REDIRECT] [Fatal Error] :1:1: Premature end of file.
2025-11-05 18:21:33,384 [ERROR] LogOutputStream:75 - [STDERR_REDIRECT] 
2025-11-05 18:21:34,388 [ERROR] LogOutputStream:75 - [STDERR_REDIRECT] [Fatal Error] :1:1: Premature end of file.
2025-11-05 18:21:34,388 [ERROR] LogOutputStream:75 - [STDERR_REDIRECT] 
2025-11-05 18:21:35,386 [ERROR] LogOutputStream:75 - [STDERR_REDIRECT] [Fatal Error] :1:1: Premature end of file.
2025-11-05 18:21:35,387 [ERROR] LogOutputStream:75 - [STDERR_REDIRECT] 
2025-11-05 18:21:36,396 [ERROR] LogOutputStream:75 - [STDERR_REDIRECT] [Fatal Error] :1:1: Premature end of file.
2025-11-05 18:21:36,396 [ERROR] LogOutputStream:75 - [STDERR_REDIRECT] 
2025-11-05 18:21:37,378 [ERROR] LogOutputStream:75 - [STDERR_REDIRECT] [Fatal Error] :1:1: Premature end of file.
2025-11-05 18:21:37,378 [ERROR] LogOutputStream:75 - [STDERR_REDIRECT] 
2025-11-05 18:21:38,385 [ERROR] LogOutputStream:75 - [STDERR_REDIRECT] [Fatal Error] :1:1: Premature end of file.
2025-11-05 18:21:38,385 [ERROR] LogOutputStream:75 - [STDERR_REDIRECT] 
2025-11-05 18:21:39,397 [ERROR] LogOutputStream:75 - [STDERR_REDIRECT] [Fatal Error] :1:1: Premature end of file.
2025-11-05 18:21:39,398 [ERROR] LogOutputStream:75 - [STDERR_REDIRECT] 
2025-11-05 18:21:40,393 [ERROR] LogOutputStream:75 - [STDERR_REDIRECT] [Fatal Error] :1:1: Premature end of file.
2025-11-05 18:21:40,393 [ERROR] LogOutputStream:75 - [STDERR_REDIRECT] 
2025-11-05 18:21:41,389 [ERROR] LogOutputStream:75 - [STDERR_REDIRECT] [Fatal Error] :1:1: Premature end of file.
2025-11-05 18:21:41,389 [ERROR] LogOutputStream:75 - [STDERR_REDIRECT] 
2025-11-05 18:21:42,381 [ERROR] LogOutputStream:75 - [STDERR_REDIRECT] [Fatal Error] :1:1: Premature end of file.
2025-11-05 18:21:42,382 [ERROR] LogOutputStream:75 - [STDERR_REDIRECT] 
2025-11-05 18:21:43,396 [ERROR] LogOutputStream:75 - [STDERR_REDIRECT] [Fatal Error] :1:1: Premature end of file.
2025-11-05 18:21:43,396 [ERROR] LogOutputStream:75 - [STDERR_REDIRECT] 
2025-11-05 18:21:44,387 [ERROR] LogOutputStream:75 - [STDERR_REDIRECT] [Fatal Error] :1:1: Premature end of file.
2025-11-05 18:21:44,388 [ERROR] LogOutputStream:75 - [STDERR_REDIRECT] 
2025-11-05 18:21:45,386 [ERROR] LogOutputStream:75 - [STDERR_REDIRECT] [Fatal Error] :1:1: Premature end of file.
2025-11-05 18:21:45,386 [ERROR] LogOutputStream:75 - [STDERR_REDIRECT] 
2025-11-05 18:21:46,396 [ERROR] LogOutputStream:75 - [STDERR_REDIRECT] [Fatal Error] :1:1: Premature end of file.
2025-11-05 18:21:46,396 [ERROR] LogOutputStream:75 - [STDERR_REDIRECT] 
2025-11-05 18:21:47,383 [ERROR] LogOutputStream:75 - [STDERR_REDIRECT] [Fatal Error] :1:1: Premature end of file.
2025-11-05 18:21:47,383 [ERROR] LogOutputStream:75 - [STDERR_REDIRECT] 
2025-11-05 18:21:48,386 [ERROR] LogOutputStream:75 - [STDERR_REDIRECT] [Fatal Error] :1:1: Premature end of file.
2025-11-05 18:21:48,387 [ERROR] LogOutputStream:75 - [STDERR_REDIRECT] 
2025-11-05 18:21:49,390 [ERROR] LogOutputStream:75 - [STDERR_REDIRECT] [Fatal Error] :1:1: Premature end of file.
2025-11-05 18:21:49,391 [ERROR] LogOutputStream:75 - [STDERR_REDIRECT] 
2025-11-05 18:21:50,394 [ERROR] LogOutputStream:75 - [STDERR_REDIRECT] [Fatal Error] :1:1: Premature end of file.
2025-11-05 18:21:50,395 [ERROR] LogOutputStream:75 - [STDERR_REDIRECT] 
2025-11-05 18:21:51,386 [ERROR] LogOutputStream:75 - [STDERR_REDIRECT] [Fatal Error] :1:1: Premature end of file.
2025-11-05 18:21:51,386 [ERROR] LogOutputStream:75 - [STDERR_REDIRECT] 
2025-11-05 18:21:52,391 [ERROR] LogOutputStream:75 - [STDERR_REDIRECT] [Fatal Error] :1:1: Premature end of file.
2025-11-05 18:21:52,391 [ERROR] LogOutputStream:75 - [STDERR_REDIRECT] 
2025-11-05 18:21:53,396 [ERROR] LogOutputStream:75 - [STDERR_REDIRECT] [Fatal Error] :1:1: Premature end of file.
2025-11-05 18:21:53,396 [ERROR] LogOutputStream:75 - [STDERR_REDIRECT] 
2025-11-05 18:21:54,380 [ERROR] LogOutputStream:75 - [STDERR_REDIRECT] [Fatal Error] :1:1: Premature end of file.
2025-11-05 18:21:54,381 [ERROR] LogOutputStream:75 - [STDERR_REDIRECT] 
2025-11-05 18:21:55,391 [ERROR] LogOutputStream:75 - [STDERR_REDIRECT] [Fatal Error] :1:1: Premature end of file.
2025-11-05 18:21:55,391 [ERROR] LogOutputStream:75 - [STDERR_REDIRECT] 
2025-11-05 18:21:56,388 [ERROR] LogOutputStream:75 - [STDERR_REDIRECT] [Fatal Error] :1:1: Premature end of file.
2025-11-05 18:21:56,389 [ERROR] LogOutputStream:75 - [STDERR_REDIRECT] 
2025-11-05 18:21:57,388 [ERROR] LogOutputStream:75 - [STDERR_REDIRECT] [Fatal Error] :1:1: Premature end of file.
2025-11-05 18:21:57,388 [ERROR] LogOutputStream:75 - [STDERR_REDIRECT] 
2025-11-05 18:21:58,383 [ERROR] LogOutputStream:75 - [STDERR_REDIRECT] [Fatal Error] :1:1: Premature end of file.
2025-11-05 18:21:58,383 [ERROR] LogOutputStream:75 - [STDERR_REDIRECT] 
2025-11-05 18:21:59,394 [ERROR] LogOutputStream:75 - [STDERR_REDIRECT] [Fatal Error] :1:1: Premature end of file.
2025-11-05 18:21:59,395 [ERROR] LogOutputStream:75 - [STDERR_REDIRECT] 
2025-11-05 18:22:00,394 [ERROR] LogOutputStream:75 - [STDERR_REDIRECT] [Fatal Error] :1:1: Premature end of file.
2025-11-05 18:22:00,394 [ERROR] LogOutputStream:75 - [STDERR_REDIRECT] 
2025-11-05 18:22:01,381 [ERROR] LogOutputStream:75 - [STDERR_REDIRECT] [Fatal Error] :1:1: Premature end of file.
2025-11-05 18:22:01,382 [ERROR] LogOutputStream:75 - [STDERR_REDIRECT] 
2025-11-05 18:22:02,400 [ERROR] LogOutputStream:75 - [STDERR_REDIRECT] [Fatal Error] :1:1: Premature end of file.
2025-11-05 18:22:02,401 [ERROR] LogOutputStream:75 - [STDERR_REDIRECT] 
2025-11-05 18:22:03,383 [ERROR] LogOutputStream:75 - [STDERR_REDIRECT] [Fatal Error] :1:1: Premature end of file.
2025-11-05 18:22:03,384 [ERROR] LogOutputStream:75 - [STDERR_REDIRECT] 
2025-11-05 18:22:04,403 [ERROR] LogOutputStream:75 - [STDERR_REDIRECT] [Fatal Error] :1:1: Premature end of file.
2025-11-05 18:22:04,404 [ERROR] LogOutputStream:75 - [STDERR_REDIRECT] 
2025-11-05 18:22:05,395 [ERROR] LogOutputStream:75 - [STDERR_REDIRECT] [Fatal Error] :1:1: Premature end of file.
2025-11-05 18:22:05,396 [ERROR] LogOutputStream:75 - [STDERR_REDIRECT] 
2025-11-05 18:22:06,400 [ERROR] LogOutputStream:75 - [STDERR_REDIRECT] [Fatal Error] :1:1: Premature end of file.
2025-11-05 18:22:06,400 [ERROR] LogOutputStream:75 - [STDERR_REDIRECT] 
2025-11-05 18:22:07,394 [ERROR] LogOutputStream:75 - [STDERR_REDIRECT] [Fatal Error] :1:1: Premature end of file.
2025-11-05 18:22:07,394 [ERROR] LogOutputStream:75 - [STDERR_REDIRECT] 
2025-11-05 18:22:08,386 [ERROR] LogOutputStream:75 - [STDERR_REDIRECT] [Fatal Error] :1:1: Premature end of file.
2025-11-05 18:22:08,386 [ERROR] LogOutputStream:75 - [STDERR_REDIRECT] 
2025-11-05 18:22:09,395 [ERROR] LogOutputStream:75 - [STDERR_REDIRECT] [Fatal Error] :1:1: Premature end of file.
2025-11-05 18:22:09,395 [ERROR] LogOutputStream:75 - [STDERR_REDIRECT] 
2025-11-05 18:22:10,382 [ERROR] LogOutputStream:75 - [STDERR_REDIRECT] [Fatal Error] :1:1: Premature end of file.
2025-11-05 18:22:10,383 [ERROR] LogOutputStream:75 - [STDERR_REDIRECT] 
2025-11-05 18:22:11,404 [ERROR] LogOutputStream:75 - [STDERR_REDIRECT] [Fatal Error] :1:1: Premature end of file.
2025-11-05 18:22:11,404 [ERROR] LogOutputStream:75 - [STDERR_REDIRECT] 
2025-11-05 18:22:12,397 [ERROR] LogOutputStream:75 - [STDERR_REDIRECT] [Fatal Error] :1:1: Premature end of file.
2025-11-05 18:22:12,399 [ERROR] LogOutputStream:75 - [STDERR_REDIRECT] 
2025-11-05 18:22:13,402 [ERROR] LogOutputStream:75 - [STDERR_REDIRECT] [Fatal Error] :1:1: Premature end of file.
2025-11-05 18:22:13,402 [ERROR] LogOutputStream:75 - [STDERR_REDIRECT] 
2025-11-05 18:22:14,394 [ERROR] LogOutputStream:75 - [STDERR_REDIRECT] [Fatal Error] :1:1: Premature end of file.
2025-11-05 18:22:14,395 [ERROR] LogOutputStream:75 - [STDERR_REDIRECT] 
2025-11-05 18:22:15,392 [ERROR] LogOutputStream:75 - [STDERR_REDIRECT] [Fatal Error] :1:1: Premature end of file.
2025-11-05 18:22:15,392 [ERROR] LogOutputStream:75 - [STDERR_REDIRECT] 
2025-11-05 18:22:16,390 [ERROR] LogOutputStream:75 - [STDERR_REDIRECT] [Fatal Error] :1:1: Premature end of file.
2025-11-05 18:22:16,390 [ERROR] LogOutputStream:75 - [STDERR_REDIRECT] 
2025-11-05 18:22:17,377 [ERROR] LogOutputStream:75 - [STDERR_REDIRECT] [Fatal Error] :1:1: Premature end of file.
2025-11-05 18:22:17,377 [ERROR] LogOutputStream:75 - [STDERR_REDIRECT] 
2025-11-05 18:22:18,387 [ERROR] LogOutputStream:75 - [STDERR_REDIRECT] [Fatal Error] :1:1: Premature end of file.
2025-11-05 18:22:18,387 [ERROR] LogOutputStream:75 - [STDERR_REDIRECT] 
2025-11-05 18:22:19,388 [ERROR] LogOutputStream:75 - [STDERR_REDIRECT] [Fatal Error] :1:1: Premature end of file.
2025-11-05 18:22:19,388 [ERROR] LogOutputStream:75 - [STDERR_REDIRECT] 
2025-11-05 18:22:20,388 [ERROR] LogOutputStream:75 - [STDERR_REDIRECT] [Fatal Error] :1:1: Premature end of file.
2025-11-05 18:22:20,388 [ERROR] LogOutputStream:75 - [STDERR_REDIRECT] 
2025-11-05 18:22:21,390 [ERROR] LogOutputStream:75 - [STDERR_REDIRECT] [Fatal Error] :1:1: Premature end of file.
2025-11-05 18:22:21,390 [ERROR] LogOutputStream:75 - [STDERR_REDIRECT] 
2025-11-05 18:22:22,395 [ERROR] LogOutputStream:75 - [STDERR_REDIRECT] [Fatal Error] :1:1: Premature end of file.
2025-11-05 18:22:22,395 [ERROR] LogOutputStream:75 - [STDERR_REDIRECT] 
2025-11-05 18:22:23,370 [ERROR] LogOutputStream:75 - [STDERR_REDIRECT] [Fatal Error] :1:1: Premature end of file.
2025-11-05 18:22:23,371 [ERROR] LogOutputStream:75 - [STDERR_REDIRECT] 
2025-11-05 18:22:24,388 [ERROR] LogOutputStream:75 - [STDERR_REDIRECT] [Fatal Error] :1:1: Premature end of file.
2025-11-05 18:22:24,388 [ERROR] LogOutputStream:75 - [STDERR_REDIRECT] 
2025-11-05 18:22:25,396 [ERROR] LogOutputStream:75 - [STDERR_REDIRECT] [Fatal Error] :1:1: Premature end of file.
2025-11-05 18:22:25,396 [ERROR] LogOutputStream:75 - [STDERR_REDIRECT] 
2025-11-05 18:22:26,385 [ERROR] LogOutputStream:75 - [STDERR_REDIRECT] [Fatal Error] :1:1: Premature end of file.
2025-11-05 18:22:26,385 [ERROR] LogOutputStream:75 - [STDERR_REDIRECT] 
2025-11-05 18:22:27,373 [ERROR] LogOutputStream:75 - [STDERR_REDIRECT] [Fatal Error] :1:1: Premature end of file.
2025-11-05 18:22:27,374 [ERROR] LogOutputStream:75 - [STDERR_REDIRECT] 
2025-11-05 18:22:28,391 [ERROR] LogOutputStream:75 - [STDERR_REDIRECT] [Fatal Error] :1:1: Premature end of file.
2025-11-05 18:22:28,392 [ERROR] LogOutputStream:75 - [STDERR_REDIRECT] 
2025-11-05 18:22:29,382 [ERROR] LogOutputStream:75 - [STDERR_REDIRECT] [Fatal Error] :1:1: Premature end of file.
2025-11-05 18:22:29,382 [ERROR] LogOutputStream:75 - [STDERR_REDIRECT] 
2025-11-05 18:22:30,403 [ERROR] LogOutputStream:75 - [STDERR_REDIRECT] [Fatal Error] :1:1: Premature end of file.
2025-11-05 18:22:30,403 [ERROR] LogOutputStream:75 - [STDERR_REDIRECT] 
2025-11-05 18:22:31,402 [ERROR] LogOutputStream:75 - [STDERR_REDIRECT] [Fatal Error] :1:1: Premature end of file.
2025-11-05 18:22:31,402 [ERROR] LogOutputStream:75 - [STDERR_REDIRECT] 
2025-11-05 18:22:32,377 [ERROR] LogOutputStream:75 - [STDERR_REDIRECT] [Fatal Error] :1:1: Premature end of file.
2025-11-05 18:22:32,377 [ERROR] LogOutputStream:75 - [STDERR_REDIRECT] 
2025-11-05 18:22:33,395 [ERROR] LogOutputStream:75 - [STDERR_REDIRECT] [Fatal Error] :1:1: Premature end of file.
2025-11-05 18:22:33,396 [ERROR] LogOutputStream:75 - [STDERR_REDIRECT] 
2025-11-05 18:22:34,385 [ERROR] LogOutputStream:75 - [STDERR_REDIRECT] [Fatal Error] :1:1: Premature end of file.
2025-11-05 18:22:34,386 [ERROR] LogOutputStream:75 - [STDERR_REDIRECT] 
2025-11-05 18:22:35,391 [ERROR] LogOutputStream:75 - [STDERR_REDIRECT] [Fatal Error] :1:1: Premature end of file.
2025-11-05 18:22:35,391 [ERROR] LogOutputStream:75 - [STDERR_REDIRECT] 
2025-11-05 18:22:36,380 [ERROR] LogOutputStream:75 - [STDERR_REDIRECT] [Fatal Error] :1:1: Premature end of file.
2025-11-05 18:22:36,380 [ERROR] LogOutputStream:75 - [STDERR_REDIRECT] 
2025-11-05 18:22:37,393 [ERROR] LogOutputStream:75 - [STDERR_REDIRECT] [Fatal Error] :1:1: Premature end of file.
2025-11-05 18:22:37,393 [ERROR] LogOutputStream:75 - [STDERR_REDIRECT] 
2025-11-05 18:22:38,392 [ERROR] LogOutputStream:75 - [STDERR_REDIRECT] [Fatal Error] :1:1: Premature end of file.
2025-11-05 18:22:38,393 [ERROR] LogOutputStream:75 - [STDERR_REDIRECT] 
2025-11-05 18:22:39,380 [ERROR] LogOutputStream:75 - [STDERR_REDIRECT] [Fatal Error] :1:1: Premature end of file.
2025-11-05 18:22:39,380 [ERROR] LogOutputStream:75 - [STDERR_REDIRECT] 
2025-11-05 18:22:40,389 [ERROR] LogOutputStream:75 - [STDERR_REDIRECT] [Fatal Error] :1:1: Premature end of file.
2025-11-05 18:22:40,389 [ERROR] LogOutputStream:75 - [STDERR_REDIRECT] 
2025-11-05 18:22:41,388 [ERROR] LogOutputStream:75 - [STDERR_REDIRECT] [Fatal Error] :1:1: Premature end of file.
2025-11-05 18:22:41,388 [ERROR] LogOutputStream:75 - [STDERR_REDIRECT] 
2025-11-05 18:22:42,386 [ERROR] LogOutputStream:75 - [STDERR_REDIRECT] [Fatal Error] :1:1: Premature end of file.
2025-11-05 18:22:42,386 [ERROR] LogOutputStream:75 - [STDERR_REDIRECT] 
2025-11-05 18:22:43,387 [ERROR] LogOutputStream:75 - [STDERR_REDIRECT] [Fatal Error] :1:1: Premature end of file.
2025-11-05 18:22:43,388 [ERROR] LogOutputStream:75 - [STDERR_REDIRECT] 
2025-11-05 18:22:44,392 [ERROR] LogOutputStream:75 - [STDERR_REDIRECT] [Fatal Error] :1:1: Premature end of file.
2025-11-05 18:22:44,393 [ERROR] LogOutputStream:75 - [STDERR_REDIRECT] 
2025-11-05 18:22:45,384 [ERROR] LogOutputStream:75 - [STDERR_REDIRECT] [Fatal Error] :1:1: Premature end of file.
2025-11-05 18:22:45,384 [ERROR] LogOutputStream:75 - [STDERR_REDIRECT] 
2025-11-05 18:22:46,384 [ERROR] LogOutputStream:75 - [STDERR_REDIRECT] [Fatal Error] :1:1: Premature end of file.
2025-11-05 18:22:46,384 [ERROR] LogOutputStream:75 - [STDERR_REDIRECT] 
2025-11-05 18:22:47,395 [ERROR] LogOutputStream:75 - [STDERR_REDIRECT] [Fatal Error] :1:1: Premature end of file.
2025-11-05 18:22:47,395 [ERROR] LogOutputStream:75 - [STDERR_REDIRECT] 
2025-11-05 18:22:48,365 [ERROR] LogOutputStream:75 - [STDERR_REDIRECT] [Fatal Error] :1:1: Premature end of file.
2025-11-05 18:22:48,365 [ERROR] LogOutputStream:75 - [STDERR_REDIRECT] 
2025-11-05 18:22:49,393 [ERROR] LogOutputStream:75 - [STDERR_REDIRECT] [Fatal Error] :1:1: Premature end of file.
2025-11-05 18:22:49,393 [ERROR] LogOutputStream:75 - [STDERR_REDIRECT] 
2025-11-05 18:22:50,388 [ERROR] LogOutputStream:75 - [STDERR_REDIRECT] [Fatal Error] :1:1: Premature end of file.
2025-11-05 18:22:50,389 [ERROR] LogOutputStream:75 - [STDERR_REDIRECT] 
2025-11-05 18:22:51,378 [ERROR] LogOutputStream:75 - [STDERR_REDIRECT] [Fatal Error] :1:1: Premature end of file.
2025-11-05 18:22:51,378 [ERROR] LogOutputStream:75 - [STDERR_REDIRECT] 
2025-11-05 18:22:52,401 [ERROR] LogOutputStream:75 - [STDERR_REDIRECT] [Fatal Error] :1:1: Premature end of file.
2025-11-05 18:22:52,401 [ERROR] LogOutputStream:75 - [STDERR_REDIRECT] 
2025-11-05 18:22:53,385 [ERROR] LogOutputStream:75 - [STDERR_REDIRECT] [Fatal Error] :1:1: Premature end of file.
2025-11-05 18:22:53,386 [ERROR] LogOutputStream:75 - [STDERR_REDIRECT] 
2025-11-05 18:22:54,396 [ERROR] LogOutputStream:75 - [STDERR_REDIRECT] [Fatal Error] :1:1: Premature end of file.
2025-11-05 18:22:54,396 [ERROR] LogOutputStream:75 - [STDERR_REDIRECT] 
2025-11-05 18:22:55,372 [ERROR] LogOutputStream:75 - [STDERR_REDIRECT] [Fatal Error] :1:1: Premature end of file.
2025-11-05 18:22:55,373 [ERROR] LogOutputStream:75 - [STDERR_REDIRECT] 
2025-11-05 18:22:56,382 [ERROR] LogOutputStream:75 - [STDERR_REDIRECT] [Fatal Error] :1:1: Premature end of file.
2025-11-05 18:22:56,382 [ERROR] LogOutputStream:75 - [STDERR_REDIRECT] 
2025-11-05 18:22:57,378 [ERROR] LogOutputStream:75 - [STDERR_REDIRECT] [Fatal Error] :1:1: Premature end of file.
2025-11-05 18:22:57,379 [ERROR] LogOutputStream:75 - [STDERR_REDIRECT] 
2025-11-05 18:22:58,379 [ERROR] LogOutputStream:75 - [STDERR_REDIRECT] [Fatal Error] :1:1: Premature end of file.
2025-11-05 18:22:58,379 [ERROR] LogOutputStream:75 - [STDERR_REDIRECT] 
2025-11-05 18:22:59,393 [ERROR] LogOutputStream:75 - [STDERR_REDIRECT] [Fatal Error] :1:1: Premature end of file.
2025-11-05 18:22:59,394 [ERROR] LogOutputStream:75 - [STDERR_REDIRECT] 
2025-11-05 18:23:00,400 [ERROR] LogOutputStream:75 - [STDERR_REDIRECT] [Fatal Error] :1:1: Premature end of file.
2025-11-05 18:23:00,401 [ERROR] LogOutputStream:75 - [STDERR_REDIRECT] 
2025-11-05 18:23:01,386 [ERROR] LogOutputStream:75 - [STDERR_REDIRECT] [Fatal Error] :1:1: Premature end of file.
2025-11-05 18:23:01,387 [ERROR] LogOutputStream:75 - [STDERR_REDIRECT] 
2025-11-05 18:23:02,384 [ERROR] LogOutputStream:75 - [STDERR_REDIRECT] [Fatal Error] :1:1: Premature end of file.
2025-11-05 18:23:02,384 [ERROR] LogOutputStream:75 - [STDERR_REDIRECT] 
2025-11-05 18:23:03,391 [ERROR] LogOutputStream:75 - [STDERR_REDIRECT] [Fatal Error] :1:1: Premature end of file.
2025-11-05 18:23:03,392 [ERROR] LogOutputStream:75 - [STDERR_REDIRECT] 
2025-11-05 18:23:04,387 [ERROR] LogOutputStream:75 - [STDERR_REDIRECT] [Fatal Error] :1:1: Premature end of file.
2025-11-05 18:23:04,387 [ERROR] LogOutputStream:75 - [STDERR_REDIRECT] 
2025-11-05 18:23:05,383 [ERROR] LogOutputStream:75 - [STDERR_REDIRECT] [Fatal Error] :1:1: Premature end of file.
2025-11-05 18:23:05,383 [ERROR] LogOutputStream:75 - [STDERR_REDIRECT] 
2025-11-05 18:23:06,391 [ERROR] LogOutputStream:75 - [STDERR_REDIRECT] [Fatal Error] :1:1: Premature end of file.
2025-11-05 18:23:06,391 [ERROR] LogOutputStream:75 - [STDERR_REDIRECT] 
2025-11-05 18:23:07,395 [ERROR] LogOutputStream:75 - [STDERR_REDIRECT] [Fatal Error] :1:1: Premature end of file.
2025-11-05 18:23:07,395 [ERROR] LogOutputStream:75 - [STDERR_REDIRECT] 
2025-11-05 18:23:08,384 [ERROR] LogOutputStream:75 - [STDERR_REDIRECT] [Fatal Error] :1:1: Premature end of file.
2025-11-05 18:23:08,385 [ERROR] LogOutputStream:75 - [STDERR_REDIRECT] 
2025-11-05 18:23:09,392 [ERROR] LogOutputStream:75 - [STDERR_REDIRECT] [Fatal Error] :1:1: Premature end of file.
2025-11-05 18:23:09,393 [ERROR] LogOutputStream:75 - [STDERR_REDIRECT] 
2025-11-05 18:23:10,386 [ERROR] LogOutputStream:75 - [STDERR_REDIRECT] [Fatal Error] :1:1: Premature end of file.
2025-11-05 18:23:10,387 [ERROR] LogOutputStream:75 - [STDERR_REDIRECT] 
2025-11-05 18:23:11,399 [ERROR] LogOutputStream:75 - [STDERR_REDIRECT] [Fatal Error] :1:1: Premature end of file.
2025-11-05 18:23:11,399 [ERROR] LogOutputStream:75 - [STDERR_REDIRECT] 
2025-11-05 18:23:12,388 [ERROR] LogOutputStream:75 - [STDERR_REDIRECT] [Fatal Error] :1:1: Premature end of file.
2025-11-05 18:23:12,388 [ERROR] LogOutputStream:75 - [STDERR_REDIRECT] 
2025-11-05 18:23:13,327 [ERROR] LogOutputStream:75 - [STDERR_REDIRECT] [Fatal Error] :1:1: Premature end of file.
2025-11-05 18:23:13,327 [ERROR] LogOutputStream:75 - [STDERR_REDIRECT] 
2025-11-05 18:23:14,331 [ERROR] LogOutputStream:75 - [STDERR_REDIRECT] [Fatal Error] :1:1: Premature end of file.
2025-11-05 18:23:14,331 [ERROR] LogOutputStream:75 - [STDERR_REDIRECT] 
2025-11-05 18:23:15,331 [ERROR] LogOutputStream:75 - [STDERR_REDIRECT] [Fatal Error] :1:1: Premature end of file.
2025-11-05 18:23:15,331 [ERROR] LogOutputStream:75 - [STDERR_REDIRECT] 
2025-11-05 18:23:16,314 [ERROR] LogOutputStream:75 - [STDERR_REDIRECT] [Fatal Error] :1:1: Premature end of file.
2025-11-05 18:23:16,314 [ERROR] LogOutputStream:75 - [STDERR_REDIRECT] 
2025-11-05 18:23:17,334 [ERROR] LogOutputStream:75 - [STDERR_REDIRECT] [Fatal Error] :1:1: Premature end of file.
2025-11-05 18:23:17,334 [ERROR] LogOutputStream:75 - [STDERR_REDIRECT] 
2025-11-05 18:23:18,407 [ERROR] LogOutputStream:75 - [STDERR_REDIRECT] [Fatal Error] :1:1: Premature end of file.
2025-11-05 18:23:18,407 [ERROR] LogOutputStream:75 - [STDERR_REDIRECT] 
2025-11-05 18:23:19,400 [ERROR] LogOutputStream:75 - [STDERR_REDIRECT] [Fatal Error] :1:1: Premature end of file.
2025-11-05 18:23:19,400 [ERROR] LogOutputStream:75 - [STDERR_REDIRECT] 
2025-11-05 18:23:20,416 [ERROR] LogOutputStream:75 - [STDERR_REDIRECT] [Fatal Error] :1:1: Premature end of file.
2025-11-05 18:23:20,417 [ERROR] LogOutputStream:75 - [STDERR_REDIRECT] 
2025-11-05 18:23:21,397 [ERROR] LogOutputStream:75 - [STDERR_REDIRECT] [Fatal Error] :1:1: Premature end of file.
2025-11-05 18:23:21,397 [ERROR] LogOutputStream:75 - [STDERR_REDIRECT] 
2025-11-05 18:23:22,395 [ERROR] LogOutputStream:75 - [STDERR_REDIRECT] [Fatal Error] :1:1: Premature end of file.
2025-11-05 18:23:22,396 [ERROR] LogOutputStream:75 - [STDERR_REDIRECT] 
2025-11-05 18:23:23,402 [ERROR] LogOutputStream:75 - [STDERR_REDIRECT] [Fatal Error] :1:1: Premature end of file.
2025-11-05 18:23:23,402 [ERROR] LogOutputStream:75 - [STDERR_REDIRECT] 
2025-11-05 18:23:24,398 [ERROR] LogOutputStream:75 - [STDERR_REDIRECT] [Fatal Error] :1:1: Premature end of file.
2025-11-05 18:23:24,400 [ERROR] LogOutputStream:75 - [STDERR_REDIRECT] 
2025-11-05 18:23:25,402 [ERROR] LogOutputStream:75 - [STDERR_REDIRECT] [Fatal Error] :1:1: Premature end of file.
2025-11-05 18:23:25,403 [ERROR] LogOutputStream:75 - [STDERR_REDIRECT] 
2025-11-05 18:23:26,405 [ERROR] LogOutputStream:75 - [STDERR_REDIRECT] [Fatal Error] :1:1: Premature end of file.
2025-11-05 18:23:26,405 [ERROR] LogOutputStream:75 - [STDERR_REDIRECT] 
2025-11-05 18:23:27,408 [ERROR] LogOutputStream:75 - [STDERR_REDIRECT] [Fatal Error] :1:1: Premature end of file.
2025-11-05 18:23:27,408 [ERROR] LogOutputStream:75 - [STDERR_REDIRECT] 
2025-11-05 18:23:28,392 [ERROR] LogOutputStream:75 - [STDERR_REDIRECT] [Fatal Error] :1:1: Premature end of file.
2025-11-05 18:23:28,392 [ERROR] LogOutputStream:75 - [STDERR_REDIRECT] 
2025-11-05 18:23:29,385 [ERROR] LogOutputStream:75 - [STDERR_REDIRECT] [Fatal Error] :1:1: Premature end of file.
2025-11-05 18:23:29,385 [ERROR] LogOutputStream:75 - [STDERR_REDIRECT] 
2025-11-05 18:23:30,406 [ERROR] LogOutputStream:75 - [STDERR_REDIRECT] [Fatal Error] :1:1: Premature end of file.
2025-11-05 18:23:30,406 [ERROR] LogOutputStream:75 - [STDERR_REDIRECT] 
2025-11-05 18:23:31,400 [ERROR] LogOutputStream:75 - [STDERR_REDIRECT] [Fatal Error] :1:1: Premature end of file.
2025-11-05 18:23:31,400 [ERROR] LogOutputStream:75 - [STDERR_REDIRECT] 
2025-11-05 18:23:32,404 [ERROR] LogOutputStream:75 - [STDERR_REDIRECT] [Fatal Error] :1:1: Premature end of file.
2025-11-05 18:23:32,404 [ERROR] LogOutputStream:75 - [STDERR_REDIRECT] 
2025-11-05 18:23:33,407 [ERROR] LogOutputStream:75 - [STDERR_REDIRECT] [Fatal Error] :1:1: Premature end of file.
2025-11-05 18:23:33,407 [ERROR] LogOutputStream:75 - [STDERR_REDIRECT] 
2025-11-05 18:23:34,407 [ERROR] LogOutputStream:75 - [STDERR_REDIRECT] [Fatal Error] :1:1: Premature end of file.
2025-11-05 18:23:34,408 [ERROR] LogOutputStream:75 - [STDERR_REDIRECT] 
2025-11-05 18:23:35,391 [ERROR] LogOutputStream:75 - [STDERR_REDIRECT] [Fatal Error] :1:1: Premature end of file.
2025-11-05 18:23:35,391 [ERROR] LogOutputStream:75 - [STDERR_REDIRECT] 
2025-11-05 18:23:36,388 [ERROR] LogOutputStream:75 - [STDERR_REDIRECT] [Fatal Error] :1:1: Premature end of file.
2025-11-05 18:23:36,388 [ERROR] LogOutputStream:75 - [STDERR_REDIRECT] 
2025-11-05 18:23:37,392 [ERROR] LogOutputStream:75 - [STDERR_REDIRECT] [Fatal Error] :1:1: Premature end of file.
2025-11-05 18:23:37,392 [ERROR] LogOutputStream:75 - [STDERR_REDIRECT] 
2025-11-05 18:23:38,403 [ERROR] LogOutputStream:75 - [STDERR_REDIRECT] [Fatal Error] :1:1: Premature end of file.
2025-11-05 18:23:38,404 [ERROR] LogOutputStream:75 - [STDERR_REDIRECT] 
2025-11-05 18:23:39,402 [ERROR] LogOutputStream:75 - [STDERR_REDIRECT] [Fatal Error] :1:1: Premature end of file.
2025-11-05 18:23:39,403 [ERROR] LogOutputStream:75 - [STDERR_REDIRECT] 
2025-11-05 18:23:40,386 [ERROR] LogOutputStream:75 - [STDERR_REDIRECT] [Fatal Error] :1:1: Premature end of file.
2025-11-05 18:23:40,386 [ERROR] LogOutputStream:75 - [STDERR_REDIRECT] 
2025-11-05 18:23:41,385 [ERROR] LogOutputStream:75 - [STDERR_REDIRECT] [Fatal Error] :1:1: Premature end of file.
2025-11-05 18:23:41,386 [ERROR] LogOutputStream:75 - [STDERR_REDIRECT] 
2025-11-05 18:23:42,403 [ERROR] LogOutputStream:75 - [STDERR_REDIRECT] [Fatal Error] :1:1: Premature end of file.
2025-11-05 18:23:42,403 [ERROR] LogOutputStream:75 - [STDERR_REDIRECT] 
2025-11-05 18:23:43,402 [ERROR] LogOutputStream:75 - [STDERR_REDIRECT] [Fatal Error] :1:1: Premature end of file.
2025-11-05 18:23:43,402 [ERROR] LogOutputStream:75 - [STDERR_REDIRECT] 
2025-11-05 18:23:44,395 [ERROR] LogOutputStream:75 - [STDERR_REDIRECT] [Fatal Error] :1:1: Premature end of file.
2025-11-05 18:23:44,395 [ERROR] LogOutputStream:75 - [STDERR_REDIRECT] 
2025-11-05 18:23:45,408 [ERROR] LogOutputStream:75 - [STDERR_REDIRECT] [Fatal Error] :1:1: Premature end of file.
2025-11-05 18:23:45,408 [ERROR] LogOutputStream:75 - [STDERR_REDIRECT] 
2025-11-05 18:23:46,398 [ERROR] LogOutputStream:75 - [STDERR_REDIRECT] [Fatal Error] :1:1: Premature end of file.
2025-11-05 18:23:46,408 [ERROR] LogOutputStream:75 - [STDERR_REDIRECT] 
2025-11-05 18:23:47,389 [ERROR] LogOutputStream:75 - [STDERR_REDIRECT] [Fatal Error] :1:1: Premature end of file.
2025-11-05 18:23:47,390 [ERROR] LogOutputStream:75 - [STDERR_REDIRECT] 
2025-11-05 18:23:48,404 [ERROR] LogOutputStream:75 - [STDERR_REDIRECT] [Fatal Error] :1:1: Premature end of file.
2025-11-05 18:23:48,404 [ERROR] LogOutputStream:75 - [STDERR_REDIRECT] 
2025-11-05 18:23:49,402 [ERROR] LogOutputStream:75 - [STDERR_REDIRECT] [Fatal Error] :1:1: Premature end of file.
2025-11-05 18:23:49,402 [ERROR] LogOutputStream:75 - [STDERR_REDIRECT] 
2025-11-05 18:23:50,406 [ERROR] LogOutputStream:75 - [STDERR_REDIRECT] [Fatal Error] :1:1: Premature end of file.
2025-11-05 18:23:50,406 [ERROR] LogOutputStream:75 - [STDERR_REDIRECT] 
2025-11-05 18:23:51,405 [ERROR] LogOutputStream:75 - [STDERR_REDIRECT] [Fatal Error] :1:1: Premature end of file.
2025-11-05 18:23:51,406 [ERROR] LogOutputStream:75 - [STDERR_REDIRECT] 
2025-11-05 18:23:52,402 [ERROR] LogOutputStream:75 - [STDERR_REDIRECT] [Fatal Error] :1:1: Premature end of file.
2025-11-05 18:23:52,402 [ERROR] LogOutputStream:75 - [STDERR_REDIRECT] 
2025-11-05 18:23:53,389 [ERROR] LogOutputStream:75 - [STDERR_REDIRECT] [Fatal Error] :1:1: Premature end of file.
2025-11-05 18:23:53,390 [ERROR] LogOutputStream:75 - [STDERR_REDIRECT] 
2025-11-05 18:23:54,391 [ERROR] LogOutputStream:75 - [STDERR_REDIRECT] [Fatal Error] :1:1: Premature end of file.
2025-11-05 18:23:54,392 [ERROR] LogOutputStream:75 - [STDERR_REDIRECT] 
2025-11-05 18:23:55,408 [ERROR] LogOutputStream:75 - [STDERR_REDIRECT] [Fatal Error] :1:1: Premature end of file.
2025-11-05 18:23:55,408 [ERROR] LogOutputStream:75 - [STDERR_REDIRECT] 
2025-11-05 18:23:56,391 [ERROR] LogOutputStream:75 - [STDERR_REDIRECT] [Fatal Error] :1:1: Premature end of file.
2025-11-05 18:23:56,391 [ERROR] LogOutputStream:75 - [STDERR_REDIRECT] 
2025-11-05 18:23:57,408 [ERROR] LogOutputStream:75 - [STDERR_REDIRECT] [Fatal Error] :1:1: Premature end of file.
2025-11-05 18:23:57,408 [ERROR] LogOutputStream:75 - [STDERR_REDIRECT] 
2025-11-05 18:23:58,403 [ERROR] LogOutputStream:75 - [STDERR_REDIRECT] [Fatal Error] :1:1: Premature end of file.
2025-11-05 18:23:58,403 [ERROR] LogOutputStream:75 - [STDERR_REDIRECT] 
2025-11-05 18:23:59,406 [ERROR] LogOutputStream:75 - [STDERR_REDIRECT] [Fatal Error] :1:1: Premature end of file.
2025-11-05 18:23:59,406 [ERROR] LogOutputStream:75 - [STDERR_REDIRECT] 
2025-11-05 18:24:00,402 [ERROR] LogOutputStream:75 - [STDERR_REDIRECT] [Fatal Error] :1:1: Premature end of file.
2025-11-05 18:24:00,404 [ERROR] LogOutputStream:75 - [STDERR_REDIRECT] 
2025-11-05 18:24:01,387 [ERROR] LogOutputStream:75 - [STDERR_REDIRECT] [Fatal Error] :1:1: Premature end of file.
2025-11-05 18:24:01,397 [ERROR] LogOutputStream:75 - [STDERR_REDIRECT] 
2025-11-05 18:24:02,406 [ERROR] LogOutputStream:75 - [STDERR_REDIRECT] [Fatal Error] :1:1: Premature end of file.
2025-11-05 18:24:02,406 [ERROR] LogOutputStream:75 - [STDERR_REDIRECT] 
2025-11-05 18:24:03,398 [ERROR] LogOutputStream:75 - [STDERR_REDIRECT] [Fatal Error] :1:1: Premature end of file.
2025-11-05 18:24:03,399 [ERROR] LogOutputStream:75 - [STDERR_REDIRECT] 
2025-11-05 18:24:04,401 [ERROR] LogOutputStream:75 - [STDERR_REDIRECT] [Fatal Error] :1:1: Premature end of file.
2025-11-05 18:24:04,401 [ERROR] LogOutputStream:75 - [STDERR_REDIRECT] 
2025-11-05 18:24:05,403 [ERROR] LogOutputStream:75 - [STDERR_REDIRECT] [Fatal Error] :1:1: Premature end of file.
2025-11-05 18:24:05,404 [ERROR] LogOutputStream:75 - [STDERR_REDIRECT] 
2025-11-05 18:24:06,398 [ERROR] LogOutputStream:75 - [STDERR_REDIRECT] [Fatal Error] :1:1: Premature end of file.
2025-11-05 18:24:06,398 [ERROR] LogOutputStream:75 - [STDERR_REDIRECT] 
2025-11-05 18:24:07,395 [ERROR] LogOutputStream:75 - [STDERR_REDIRECT] [Fatal Error] :1:1: Premature end of file.
2025-11-05 18:24:07,395 [ERROR] LogOutputStream:75 - [STDERR_REDIRECT] 
2025-11-05 18:24:08,397 [ERROR] LogOutputStream:75 - [STDERR_REDIRECT] [Fatal Error] :1:1: Premature end of file.
2025-11-05 18:24:08,397 [ERROR] LogOutputStream:75 - [STDERR_REDIRECT] 
2025-11-05 18:24:09,405 [ERROR] LogOutputStream:75 - [STDERR_REDIRECT] [Fatal Error] :1:1: Premature end of file.
2025-11-05 18:24:09,406 [ERROR] LogOutputStream:75 - [STDERR_REDIRECT] 
2025-11-05 18:24:10,414 [ERROR] LogOutputStream:75 - [STDERR_REDIRECT] [Fatal Error] :1:1: Premature end of file.
2025-11-05 18:24:10,415 [ERROR] LogOutputStream:75 - [STDERR_REDIRECT] 
2025-11-05 18:24:11,403 [ERROR] LogOutputStream:75 - [STDERR_REDIRECT] [Fatal Error] :1:1: Premature end of file.
2025-11-05 18:24:11,403 [ERROR] LogOutputStream:75 - [STDERR_REDIRECT] 
2025-11-05 18:24:12,394 [ERROR] LogOutputStream:75 - [STDERR_REDIRECT] [Fatal Error] :1:1: Premature end of file.
2025-11-05 18:24:12,394 [ERROR] LogOutputStream:75 - [STDERR_REDIRECT] 
2025-11-05 18:24:13,387 [ERROR] LogOutputStream:75 - [STDERR_REDIRECT] [Fatal Error] :1:1: Premature end of file.
2025-11-05 18:24:13,389 [ERROR] LogOutputStream:75 - [STDERR_REDIRECT] 
2025-11-05 18:24:14,408 [ERROR] LogOutputStream:75 - [STDERR_REDIRECT] [Fatal Error] :1:1: Premature end of file.
2025-11-05 18:24:14,409 [ERROR] LogOutputStream:75 - [STDERR_REDIRECT] 
2025-11-05 18:24:15,402 [ERROR] LogOutputStream:75 - [STDERR_REDIRECT] [Fatal Error] :1:1: Premature end of file.
2025-11-05 18:24:15,402 [ERROR] LogOutputStream:75 - [STDERR_REDIRECT] 
2025-11-05 18:24:16,390 [ERROR] LogOutputStream:75 - [STDERR_REDIRECT] [Fatal Error] :1:1: Premature end of file.
2025-11-05 18:24:16,393 [ERROR] LogOutputStream:75 - [STDERR_REDIRECT] 
2025-11-05 18:24:17,400 [ERROR] LogOutputStream:75 - [STDERR_REDIRECT] [Fatal Error] :1:1: Premature end of file.
2025-11-05 18:24:17,401 [ERROR] LogOutputStream:75 - [STDERR_REDIRECT] 
2025-11-05 18:24:18,394 [ERROR] LogOutputStream:75 - [STDERR_REDIRECT] [Fatal Error] :1:1: Premature end of file.
2025-11-05 18:24:18,394 [ERROR] LogOutputStream:75 - [STDERR_REDIRECT] 
2025-11-05 18:24:19,398 [ERROR] LogOutputStream:75 - [STDERR_REDIRECT] [Fatal Error] :1:1: Premature end of file.
2025-11-05 18:24:19,398 [ERROR] LogOutputStream:75 - [STDERR_REDIRECT] 
2025-11-05 18:24:20,396 [ERROR] LogOutputStream:75 - [STDERR_REDIRECT] [Fatal Error] :1:1: Premature end of file.
2025-11-05 18:24:20,396 [ERROR] LogOutputStream:75 - [STDERR_REDIRECT] 
2025-11-05 18:24:21,390 [ERROR] LogOutputStream:75 - [STDERR_REDIRECT] [Fatal Error] :1:1: Premature end of file.
2025-11-05 18:24:21,390 [ERROR] LogOutputStream:75 - [STDERR_REDIRECT] 
2025-11-05 18:24:22,382 [ERROR] LogOutputStream:75 - [STDERR_REDIRECT] [Fatal Error] :1:1: Premature end of file.
2025-11-05 18:24:22,382 [ERROR] LogOutputStream:75 - [STDERR_REDIRECT] 
2025-11-05 18:24:23,395 [ERROR] LogOutputStream:75 - [STDERR_REDIRECT] [Fatal Error] :1:1: Premature end of file.
2025-11-05 18:24:23,395 [ERROR] LogOutputStream:75 - [STDERR_REDIRECT] 
2025-11-05 18:24:24,399 [ERROR] LogOutputStream:75 - [STDERR_REDIRECT] [Fatal Error] :1:1: Premature end of file.
2025-11-05 18:24:24,401 [ERROR] LogOutputStream:75 - [STDERR_REDIRECT] 
2025-11-05 18:24:25,402 [ERROR] LogOutputStream:75 - [STDERR_REDIRECT] [Fatal Error] :1:1: Premature end of file.
2025-11-05 18:24:25,402 [ERROR] LogOutputStream:75 - [STDERR_REDIRECT] 
2025-11-05 18:24:26,387 [ERROR] LogOutputStream:75 - [STDERR_REDIRECT] [Fatal Error] :1:1: Premature end of file.
2025-11-05 18:24:26,388 [ERROR] LogOutputStream:75 - [STDERR_REDIRECT] 
2025-11-05 18:24:27,404 [ERROR] LogOutputStream:75 - [STDERR_REDIRECT] [Fatal Error] :1:1: Premature end of file.
2025-11-05 18:24:27,404 [ERROR] LogOutputStream:75 - [STDERR_REDIRECT] 
2025-11-05 18:24:28,403 [ERROR] LogOutputStream:75 - [STDERR_REDIRECT] [Fatal Error] :1:1: Premature end of file.
2025-11-05 18:24:28,404 [ERROR] LogOutputStream:75 - [STDERR_REDIRECT] 
2025-11-05 18:24:29,397 [ERROR] LogOutputStream:75 - [STDERR_REDIRECT] [Fatal Error] :1:1: Premature end of file.
2025-11-05 18:24:29,397 [ERROR] LogOutputStream:75 - [STDERR_REDIRECT] 
2025-11-05 18:24:30,392 [ERROR] LogOutputStream:75 - [STDERR_REDIRECT] [Fatal Error] :1:1: Premature end of file.
2025-11-05 18:24:30,393 [ERROR] LogOutputStream:75 - [STDERR_REDIRECT] 
2025-11-05 18:24:31,389 [ERROR] LogOutputStream:75 - [STDERR_REDIRECT] [Fatal Error] :1:1: Premature end of file.
2025-11-05 18:24:31,390 [ERROR] LogOutputStream:75 - [STDERR_REDIRECT] 
2025-11-05 18:24:32,394 [ERROR] LogOutputStream:75 - [STDERR_REDIRECT] [Fatal Error] :1:1: Premature end of file.
2025-11-05 18:24:32,394 [ERROR] LogOutputStream:75 - [STDERR_REDIRECT] 
2025-11-05 18:24:33,400 [ERROR] LogOutputStream:75 - [STDERR_REDIRECT] [Fatal Error] :1:1: Premature end of file.
2025-11-05 18:24:33,401 [ERROR] LogOutputStream:75 - [STDERR_REDIRECT] 
2025-11-05 18:24:34,402 [ERROR] LogOutputStream:75 - [STDERR_REDIRECT] [Fatal Error] :1:1: Premature end of file.
2025-11-05 18:24:34,402 [ERROR] LogOutputStream:75 - [STDERR_REDIRECT] 
2025-11-05 18:24:35,388 [ERROR] LogOutputStream:75 - [STDERR_REDIRECT] [Fatal Error] :1:1: Premature end of file.
2025-11-05 18:24:35,388 [ERROR] LogOutputStream:75 - [STDERR_REDIRECT] 
2025-11-05 18:24:36,390 [ERROR] LogOutputStream:75 - [STDERR_REDIRECT] [Fatal Error] :1:1: Premature end of file.
2025-11-05 18:24:36,390 [ERROR] LogOutputStream:75 - [STDERR_REDIRECT] 
2025-11-05 18:24:37,402 [ERROR] LogOutputStream:75 - [STDERR_REDIRECT] [Fatal Error] :1:1: Premature end of file.
2025-11-05 18:24:37,402 [ERROR] LogOutputStream:75 - [STDERR_REDIRECT] 
2025-11-05 18:24:38,406 [ERROR] LogOutputStream:75 - [STDERR_REDIRECT] [Fatal Error] :1:1: Premature end of file.
2025-11-05 18:24:38,406 [ERROR] LogOutputStream:75 - [STDERR_REDIRECT] 
2025-11-05 18:24:39,391 [ERROR] LogOutputStream:75 - [STDERR_REDIRECT] [Fatal Error] :1:1: Premature end of file.
2025-11-05 18:24:39,391 [ERROR] LogOutputStream:75 - [STDERR_REDIRECT] 
2025-11-05 18:24:40,396 [ERROR] LogOutputStream:75 - [STDERR_REDIRECT] [Fatal Error] :1:1: Premature end of file.
2025-11-05 18:24:40,396 [ERROR] LogOutputStream:75 - [STDERR_REDIRECT] 
2025-11-05 18:24:41,392 [ERROR] LogOutputStream:75 - [STDERR_REDIRECT] [Fatal Error] :1:1: Premature end of file.
2025-11-05 18:24:41,393 [ERROR] LogOutputStream:75 - [STDERR_REDIRECT] 
2025-11-05 18:24:42,387 [ERROR] LogOutputStream:75 - [STDERR_REDIRECT] [Fatal Error] :1:1: Premature end of file.
2025-11-05 18:24:42,388 [ERROR] LogOutputStream:75 - [STDERR_REDIRECT] 
2025-11-05 18:24:43,396 [ERROR] LogOutputStream:75 - [STDERR_REDIRECT] [Fatal Error] :1:1: Premature end of file.
2025-11-05 18:24:43,396 [ERROR] LogOutputStream:75 - [STDERR_REDIRECT] 
2025-11-05 18:24:44,397 [ERROR] LogOutputStream:75 - [STDERR_REDIRECT] [Fatal Error] :1:1: Premature end of file.
2025-11-05 18:24:44,397 [ERROR] LogOutputStream:75 - [STDERR_REDIRECT] 
2025-11-05 18:24:45,388 [ERROR] LogOutputStream:75 - [STDERR_REDIRECT] [Fatal Error] :1:1: Premature end of file.
2025-11-05 18:24:45,388 [ERROR] LogOutputStream:75 - [STDERR_REDIRECT] 
2025-11-05 18:24:46,404 [ERROR] LogOutputStream:75 - [STDERR_REDIRECT] [Fatal Error] :1:1: Premature end of file.
2025-11-05 18:24:46,405 [ERROR] LogOutputStream:75 - [STDERR_REDIRECT] 
2025-11-05 18:24:47,397 [ERROR] LogOutputStream:75 - [STDERR_REDIRECT] [Fatal Error] :1:1: Premature end of file.
2025-11-05 18:24:47,398 [ERROR] LogOutputStream:75 - [STDERR_REDIRECT] 
2025-11-05 18:24:48,408 [ERROR] LogOutputStream:75 - [STDERR_REDIRECT] [Fatal Error] :1:1: Premature end of file.
2025-11-05 18:24:48,408 [ERROR] LogOutputStream:75 - [STDERR_REDIRECT] 
2025-11-05 18:24:49,408 [ERROR] LogOutputStream:75 - [STDERR_REDIRECT] [Fatal Error] :1:1: Premature end of file.
2025-11-05 18:24:49,409 [ERROR] LogOutputStream:75 - [STDERR_REDIRECT] 
2025-11-05 18:24:50,395 [ERROR] LogOutputStream:75 - [STDERR_REDIRECT] [Fatal Error] :1:1: Premature end of file.
2025-11-05 18:24:50,395 [ERROR] LogOutputStream:75 - [STDERR_REDIRECT] 
2025-11-05 18:24:51,401 [ERROR] LogOutputStream:75 - [STDERR_REDIRECT] [Fatal Error] :1:1: Premature end of file.
2025-11-05 18:24:51,402 [ERROR] LogOutputStream:75 - [STDERR_REDIRECT] 
2025-11-05 18:24:52,405 [ERROR] LogOutputStream:75 - [STDERR_REDIRECT] [Fatal Error] :1:1: Premature end of file.
2025-11-05 18:24:52,406 [ERROR] LogOutputStream:75 - [STDERR_REDIRECT] 
2025-11-05 18:24:53,394 [ERROR] LogOutputStream:75 - [STDERR_REDIRECT] [Fatal Error] :1:1: Premature end of file.
2025-11-05 18:24:53,394 [ERROR] LogOutputStream:75 - [STDERR_REDIRECT] 
2025-11-05 18:24:54,388 [ERROR] LogOutputStream:75 - [STDERR_REDIRECT] [Fatal Error] :1:1: Premature end of file.
2025-11-05 18:24:54,388 [ERROR] LogOutputStream:75 - [STDERR_REDIRECT] 
2025-11-05 18:24:55,404 [ERROR] LogOutputStream:75 - [STDERR_REDIRECT] [Fatal Error] :1:1: Premature end of file.
2025-11-05 18:24:55,404 [ERROR] LogOutputStream:75 - [STDERR_REDIRECT] 
2025-11-05 18:24:56,395 [ERROR] LogOutputStream:75 - [STDERR_REDIRECT] [Fatal Error] :1:1: Premature end of file.
2025-11-05 18:24:56,396 [ERROR] LogOutputStream:75 - [STDERR_REDIRECT] 
2025-11-05 18:24:57,389 [ERROR] LogOutputStream:75 - [STDERR_REDIRECT] [Fatal Error] :1:1: Premature end of file.
2025-11-05 18:24:57,389 [ERROR] LogOutputStream:75 - [STDERR_REDIRECT] 
2025-11-05 18:24:58,384 [ERROR] LogOutputStream:75 - [STDERR_REDIRECT] [Fatal Error] :1:1: Premature end of file.
2025-11-05 18:24:58,385 [ERROR] LogOutputStream:75 - [STDERR_REDIRECT] 
2025-11-05 18:24:59,397 [ERROR] LogOutputStream:75 - [STDERR_REDIRECT] [Fatal Error] :1:1: Premature end of file.
2025-11-05 18:24:59,397 [ERROR] LogOutputStream:75 - [STDERR_REDIRECT] 
2025-11-05 18:25:00,405 [ERROR] LogOutputStream:75 - [STDERR_REDIRECT] [Fatal Error] :1:1: Premature end of file.
2025-11-05 18:25:00,405 [ERROR] LogOutputStream:75 - [STDERR_REDIRECT] 
2025-11-05 18:25:01,399 [ERROR] LogOutputStream:75 - [STDERR_REDIRECT] [Fatal Error] :1:1: Premature end of file.
2025-11-05 18:25:01,400 [ERROR] LogOutputStream:75 - [STDERR_REDIRECT] 
2025-11-05 18:25:02,402 [ERROR] LogOutputStream:75 - [STDERR_REDIRECT] [Fatal Error] :1:1: Premature end of file.
2025-11-05 18:25:02,402 [ERROR] LogOutputStream:75 - [STDERR_REDIRECT] 
2025-11-05 18:25:03,399 [ERROR] LogOutputStream:75 - [STDERR_REDIRECT] [Fatal Error] :1:1: Premature end of file.
2025-11-05 18:25:03,399 [ERROR] LogOutputStream:75 - [STDERR_REDIRECT] 
2025-11-05 18:25:04,393 [ERROR] LogOutputStream:75 - [STDERR_REDIRECT] [Fatal Error] :1:1: Premature end of file.
2025-11-05 18:25:04,393 [ERROR] LogOutputStream:75 - [STDERR_REDIRECT] 
2025-11-05 18:25:05,397 [ERROR] LogOutputStream:75 - [STDERR_REDIRECT] [Fatal Error] :1:1: Premature end of file.
2025-11-05 18:25:05,398 [ERROR] LogOutputStream:75 - [STDERR_REDIRECT] 
2025-11-05 18:25:06,406 [ERROR] LogOutputStream:75 - [STDERR_REDIRECT] [Fatal Error] :1:1: Premature end of file.
2025-11-05 18:25:06,406 [ERROR] LogOutputStream:75 - [STDERR_REDIRECT] 
2025-11-05 18:25:07,405 [ERROR] LogOutputStream:75 - [STDERR_REDIRECT] [Fatal Error] :1:1: Premature end of file.
2025-11-05 18:25:07,406 [ERROR] LogOutputStream:75 - [STDERR_REDIRECT] 
2025-11-05 18:25:08,399 [ERROR] LogOutputStream:75 - [STDERR_REDIRECT] [Fatal Error] :1:1: Premature end of file.
2025-11-05 18:25:08,400 [ERROR] LogOutputStream:75 - [STDERR_REDIRECT] 
2025-11-05 18:25:09,402 [ERROR] LogOutputStream:75 - [STDERR_REDIRECT] [Fatal Error] :1:1: Premature end of file.
2025-11-05 18:25:09,402 [ERROR] LogOutputStream:75 - [STDERR_REDIRECT] 
2025-11-05 18:25:10,400 [ERROR] LogOutputStream:75 - [STDERR_REDIRECT] [Fatal Error] :1:1: Premature end of file.
2025-11-05 18:25:10,401 [ERROR] LogOutputStream:75 - [STDERR_REDIRECT] 
2025-11-05 18:25:11,386 [ERROR] LogOutputStream:75 - [STDERR_REDIRECT] [Fatal Error] :1:1: Premature end of file.
2025-11-05 18:25:11,387 [ERROR] LogOutputStream:75 - [STDERR_REDIRECT] 
2025-11-05 18:25:12,406 [ERROR] LogOutputStream:75 - [STDERR_REDIRECT] [Fatal Error] :1:1: Premature end of file.
2025-11-05 18:25:12,406 [ERROR] LogOutputStream:75 - [STDERR_REDIRECT] 
2025-11-05 18:25:13,387 [ERROR] LogOutputStream:75 - [STDERR_REDIRECT] [Fatal Error] :1:1: Premature end of file.
2025-11-05 18:25:13,387 [ERROR] LogOutputStream:75 - [STDERR_REDIRECT] 
2025-11-05 18:25:14,408 [ERROR] LogOutputStream:75 - [STDERR_REDIRECT] [Fatal Error] :1:1: Premature end of file.
2025-11-05 18:25:14,408 [ERROR] LogOutputStream:75 - [STDERR_REDIRECT] 
2025-11-05 18:25:15,398 [ERROR] LogOutputStream:75 - [STDERR_REDIRECT] [Fatal Error] :1:1: Premature end of file.
2025-11-05 18:25:15,398 [ERROR] LogOutputStream:75 - [STDERR_REDIRECT] 
2025-11-05 18:25:16,411 [ERROR] LogOutputStream:75 - [STDERR_REDIRECT] [Fatal Error] :1:1: Premature end of file.
2025-11-05 18:25:16,411 [ERROR] LogOutputStream:75 - [STDERR_REDIRECT] 
2025-11-05 18:25:17,391 [ERROR] LogOutputStream:75 - [STDERR_REDIRECT] [Fatal Error] :1:1: Premature end of file.
2025-11-05 18:25:17,391 [ERROR] LogOutputStream:75 - [STDERR_REDIRECT] 
2025-11-05 18:25:18,398 [ERROR] LogOutputStream:75 - [STDERR_REDIRECT] [Fatal Error] :1:1: Premature end of file.
2025-11-05 18:25:18,398 [ERROR] LogOutputStream:75 - [STDERR_REDIRECT] 
2025-11-05 18:25:19,389 [ERROR] LogOutputStream:75 - [STDERR_REDIRECT] [Fatal Error] :1:1: Premature end of file.
2025-11-05 18:25:19,389 [ERROR] LogOutputStream:75 - [STDERR_REDIRECT] 
2025-11-05 18:25:20,399 [ERROR] LogOutputStream:75 - [STDERR_REDIRECT] [Fatal Error] :1:1: Premature end of file.
2025-11-05 18:25:20,400 [ERROR] LogOutputStream:75 - [STDERR_REDIRECT] 
2025-11-05 18:25:21,400 [ERROR] LogOutputStream:75 - [STDERR_REDIRECT] [Fatal Error] :1:1: Premature end of file.
2025-11-05 18:25:21,401 [ERROR] LogOutputStream:75 - [STDERR_REDIRECT] 
2025-11-05 18:25:22,401 [ERROR] LogOutputStream:75 - [STDERR_REDIRECT] [Fatal Error] :1:1: Premature end of file.
2025-11-05 18:25:22,402 [ERROR] LogOutputStream:75 - [STDERR_REDIRECT] 
2025-11-05 18:25:23,397 [ERROR] LogOutputStream:75 - [STDERR_REDIRECT] [Fatal Error] :1:1: Premature end of file.
2025-11-05 18:25:23,397 [ERROR] LogOutputStream:75 - [STDERR_REDIRECT] 
2025-11-05 18:25:24,394 [ERROR] LogOutputStream:75 - [STDERR_REDIRECT] [Fatal Error] :1:1: Premature end of file.
2025-11-05 18:25:24,395 [ERROR] LogOutputStream:75 - [STDERR_REDIRECT] 
2025-11-05 18:25:25,396 [ERROR] LogOutputStream:75 - [STDERR_REDIRECT] [Fatal Error] :1:1: Premature end of file.
2025-11-05 18:25:25,396 [ERROR] LogOutputStream:75 - [STDERR_REDIRECT] 
2025-11-05 18:25:26,404 [ERROR] LogOutputStream:75 - [STDERR_REDIRECT] [Fatal Error] :1:1: Premature end of file.
2025-11-05 18:25:26,405 [ERROR] LogOutputStream:75 - [STDERR_REDIRECT] 
2025-11-05 18:25:27,402 [ERROR] LogOutputStream:75 - [STDERR_REDIRECT] [Fatal Error] :1:1: Premature end of file.
2025-11-05 18:25:27,403 [ERROR] LogOutputStream:75 - [STDERR_REDIRECT] 
2025-11-05 18:25:28,389 [ERROR] LogOutputStream:75 - [STDERR_REDIRECT] [Fatal Error] :1:1: Premature end of file.
2025-11-05 18:25:28,390 [ERROR] LogOutputStream:75 - [STDERR_REDIRECT] 
2025-11-05 18:25:29,397 [ERROR] LogOutputStream:75 - [STDERR_REDIRECT] [Fatal Error] :1:1: Premature end of file.
2025-11-05 18:25:29,397 [ERROR] LogOutputStream:75 - [STDERR_REDIRECT] 
2025-11-05 18:25:30,401 [ERROR] LogOutputStream:75 - [STDERR_REDIRECT] [Fatal Error] :1:1: Premature end of file.
2025-11-05 18:25:30,403 [ERROR] LogOutputStream:75 - [STDERR_REDIRECT] 
2025-11-05 18:25:31,402 [ERROR] LogOutputStream:75 - [STDERR_REDIRECT] [Fatal Error] :1:1: Premature end of file.
2025-11-05 18:25:31,403 [ERROR] LogOutputStream:75 - [STDERR_REDIRECT] 
2025-11-05 18:25:32,397 [ERROR] LogOutputStream:75 - [STDERR_REDIRECT] [Fatal Error] :1:1: Premature end of file.
2025-11-05 18:25:32,397 [ERROR] LogOutputStream:75 - [STDERR_REDIRECT] 
2025-11-05 18:25:33,395 [ERROR] LogOutputStream:75 - [STDERR_REDIRECT] [Fatal Error] :1:1: Premature end of file.
2025-11-05 18:25:33,395 [ERROR] LogOutputStream:75 - [STDERR_REDIRECT] 
2025-11-05 18:25:34,394 [ERROR] LogOutputStream:75 - [STDERR_REDIRECT] [Fatal Error] :1:1: Premature end of file.
2025-11-05 18:25:34,394 [ERROR] LogOutputStream:75 - [STDERR_REDIRECT] 
2025-11-05 18:25:35,405 [ERROR] LogOutputStream:75 - [STDERR_REDIRECT] [Fatal Error] :1:1: Premature end of file.
2025-11-05 18:25:35,405 [ERROR] LogOutputStream:75 - [STDERR_REDIRECT] 
2025-11-05 18:25:36,388 [ERROR] LogOutputStream:75 - [STDERR_REDIRECT] [Fatal Error] :1:1: Premature end of file.
2025-11-05 18:25:36,388 [ERROR] LogOutputStream:75 - [STDERR_REDIRECT] 
2025-11-05 18:25:37,402 [ERROR] LogOutputStream:75 - [STDERR_REDIRECT] [Fatal Error] :1:1: Premature end of file.
2025-11-05 18:25:37,402 [ERROR] LogOutputStream:75 - [STDERR_REDIRECT] 
2025-11-05 18:25:38,406 [ERROR] LogOutputStream:75 - [STDERR_REDIRECT] [Fatal Error] :1:1: Premature end of file.
2025-11-05 18:25:38,407 [ERROR] LogOutputStream:75 - [STDERR_REDIRECT] 
2025-11-05 18:25:39,394 [ERROR] LogOutputStream:75 - [STDERR_REDIRECT] [Fatal Error] :1:1: Premature end of file.
2025-11-05 18:25:39,394 [ERROR] LogOutputStream:75 - [STDERR_REDIRECT] 
2025-11-05 18:25:40,396 [ERROR] LogOutputStream:75 - [STDERR_REDIRECT] [Fatal Error] :1:1: Premature end of file.
2025-11-05 18:25:40,396 [ERROR] LogOutputStream:75 - [STDERR_REDIRECT] 
2025-11-05 18:25:41,387 [ERROR] LogOutputStream:75 - [STDERR_REDIRECT] [Fatal Error] :1:1: Premature end of file.
2025-11-05 18:25:41,388 [ERROR] LogOutputStream:75 - [STDERR_REDIRECT] 
2025-11-05 18:25:42,407 [ERROR] LogOutputStream:75 - [STDERR_REDIRECT] [Fatal Error] :1:1: Premature end of file.
2025-11-05 18:25:42,407 [ERROR] LogOutputStream:75 - [STDERR_REDIRECT] 
2025-11-05 18:25:43,405 [ERROR] LogOutputStream:75 - [STDERR_REDIRECT] [Fatal Error] :1:1: Premature end of file.
2025-11-05 18:25:43,406 [ERROR] LogOutputStream:75 - [STDERR_REDIRECT] 
2025-11-05 18:25:44,407 [ERROR] LogOutputStream:75 - [STDERR_REDIRECT] [Fatal Error] :1:1: Premature end of file.
2025-11-05 18:25:44,408 [ERROR] LogOutputStream:75 - [STDERR_REDIRECT] 
2025-11-05 18:25:45,402 [ERROR] LogOutputStream:75 - [STDERR_REDIRECT] [Fatal Error] :1:1: Premature end of file.
2025-11-05 18:25:45,403 [ERROR] LogOutputStream:75 - [STDERR_REDIRECT] 
2025-11-05 18:25:46,404 [ERROR] LogOutputStream:75 - [STDERR_REDIRECT] [Fatal Error] :1:1: Premature end of file.
2025-11-05 18:25:46,406 [ERROR] LogOutputStream:75 - [STDERR_REDIRECT] 
2025-11-05 18:25:47,404 [ERROR] LogOutputStream:75 - [STDERR_REDIRECT] [Fatal Error] :1:1: Premature end of file.
2025-11-05 18:25:47,405 [ERROR] LogOutputStream:75 - [STDERR_REDIRECT] 
2025-11-05 18:25:48,403 [ERROR] LogOutputStream:75 - [STDERR_REDIRECT] [Fatal Error] :1:1: Premature end of file.
2025-11-05 18:25:48,403 [ERROR] LogOutputStream:75 - [STDERR_REDIRECT] 
2025-11-05 18:25:49,390 [ERROR] LogOutputStream:75 - [STDERR_REDIRECT] [Fatal Error] :1:1: Premature end of file.
2025-11-05 18:25:49,390 [ERROR] LogOutputStream:75 - [STDERR_REDIRECT] 
2025-11-05 18:25:50,401 [ERROR] LogOutputStream:75 - [STDERR_REDIRECT] [Fatal Error] :1:1: Premature end of file.
2025-11-05 18:25:50,402 [ERROR] LogOutputStream:75 - [STDERR_REDIRECT] 
2025-11-05 18:25:51,396 [ERROR] LogOutputStream:75 - [STDERR_REDIRECT] [Fatal Error] :1:1: Premature end of file.
2025-11-05 18:25:51,397 [ERROR] LogOutputStream:75 - [STDERR_REDIRECT] 
2025-11-05 18:25:52,405 [ERROR] LogOutputStream:75 - [STDERR_REDIRECT] [Fatal Error] :1:1: Premature end of file.
2025-11-05 18:25:52,405 [ERROR] LogOutputStream:75 - [STDERR_REDIRECT] 
2025-11-05 18:25:53,393 [ERROR] LogOutputStream:75 - [STDERR_REDIRECT] [Fatal Error] :1:1: Premature end of file.
2025-11-05 18:25:53,393 [ERROR] LogOutputStream:75 - [STDERR_REDIRECT] 
2025-11-05 18:25:54,399 [ERROR] LogOutputStream:75 - [STDERR_REDIRECT] [Fatal Error] :1:1: Premature end of file.
2025-11-05 18:25:54,399 [ERROR] LogOutputStream:75 - [STDERR_REDIRECT] 
2025-11-05 18:25:55,405 [ERROR] LogOutputStream:75 - [STDERR_REDIRECT] [Fatal Error] :1:1: Premature end of file.
2025-11-05 18:25:55,405 [ERROR] LogOutputStream:75 - [STDERR_REDIRECT] 
2025-11-05 18:25:56,402 [ERROR] LogOutputStream:75 - [STDERR_REDIRECT] [Fatal Error] :1:1: Premature end of file.
2025-11-05 18:25:56,402 [ERROR] LogOutputStream:75 - [STDERR_REDIRECT] 
2025-11-05 18:25:57,398 [ERROR] LogOutputStream:75 - [STDERR_REDIRECT] [Fatal Error] :1:1: Premature end of file.
2025-11-05 18:25:57,398 [ERROR] LogOutputStream:75 - [STDERR_REDIRECT] 
2025-11-05 18:25:58,387 [ERROR] LogOutputStream:75 - [STDERR_REDIRECT] [Fatal Error] :1:1: Premature end of file.
2025-11-05 18:25:58,388 [ERROR] LogOutputStream:75 - [STDERR_REDIRECT] 
2025-11-05 18:25:59,402 [ERROR] LogOutputStream:75 - [STDERR_REDIRECT] [Fatal Error] :1:1: Premature end of file.
2025-11-05 18:25:59,403 [ERROR] LogOutputStream:75 - [STDERR_REDIRECT] 
2025-11-05 18:26:00,402 [ERROR] LogOutputStream:75 - [STDERR_REDIRECT] [Fatal Error] :1:1: Premature end of file.
2025-11-05 18:26:00,402 [ERROR] LogOutputStream:75 - [STDERR_REDIRECT] 
2025-11-05 18:26:01,396 [ERROR] LogOutputStream:75 - [STDERR_REDIRECT] [Fatal Error] :1:1: Premature end of file.
2025-11-05 18:26:01,396 [ERROR] LogOutputStream:75 - [STDERR_REDIRECT] 
2025-11-05 18:26:02,390 [ERROR] LogOutputStream:75 - [STDERR_REDIRECT] [Fatal Error] :1:1: Premature end of file.
2025-11-05 18:26:02,391 [ERROR] LogOutputStream:75 - [STDERR_REDIRECT] 
2025-11-05 18:26:03,394 [ERROR] LogOutputStream:75 - [STDERR_REDIRECT] [Fatal Error] :1:1: Premature end of file.
2025-11-05 18:26:03,394 [ERROR] LogOutputStream:75 - [STDERR_REDIRECT] 
2025-11-05 18:26:04,397 [ERROR] LogOutputStream:75 - [STDERR_REDIRECT] [Fatal Error] :1:1: Premature end of file.
2025-11-05 18:26:04,397 [ERROR] LogOutputStream:75 - [STDERR_REDIRECT] 
2025-11-05 18:26:05,402 [ERROR] LogOutputStream:75 - [STDERR_REDIRECT] [Fatal Error] :1:1: Premature end of file.
2025-11-05 18:26:05,402 [ERROR] LogOutputStream:75 - [STDERR_REDIRECT] 
2025-11-05 18:26:06,393 [ERROR] LogOutputStream:75 - [STDERR_REDIRECT] [Fatal Error] :1:1: Premature end of file.
2025-11-05 18:26:06,393 [ERROR] LogOutputStream:75 - [STDERR_REDIRECT] 
2025-11-05 18:26:07,404 [ERROR] LogOutputStream:75 - [STDERR_REDIRECT] [Fatal Error] :1:1: Premature end of file.
2025-11-05 18:26:07,404 [ERROR] LogOutputStream:75 - [STDERR_REDIRECT] 
2025-11-05 18:26:08,611 [ERROR] LogOutputStream:75 - [STDERR_REDIRECT] [Fatal Error] :1:1: Premature end of file.
2025-11-05 18:26:08,612 [ERROR] LogOutputStream:75 - [STDERR_REDIRECT] 
2025-11-05 18:26:09,402 [ERROR] LogOutputStream:75 - [STDERR_REDIRECT] [Fatal Error] :1:1: Premature end of file.
2025-11-05 18:26:09,403 [ERROR] LogOutputStream:75 - [STDERR_REDIRECT] 
2025-11-05 18:26:10,394 [ERROR] LogOutputStream:75 - [STDERR_REDIRECT] [Fatal Error] :1:1: Premature end of file.
2025-11-05 18:26:10,395 [ERROR] LogOutputStream:75 - [STDERR_REDIRECT] 
2025-11-05 18:26:11,399 [ERROR] LogOutputStream:75 - [STDERR_REDIRECT] [Fatal Error] :1:1: Premature end of file.
2025-11-05 18:26:11,400 [ERROR] LogOutputStream:75 - [STDERR_REDIRECT] 
2025-11-05 18:26:12,403 [ERROR] LogOutputStream:75 - [STDERR_REDIRECT] [Fatal Error] :1:1: Premature end of file.
2025-11-05 18:26:12,403 [ERROR] LogOutputStream:75 - [STDERR_REDIRECT] 
2025-11-05 18:26:13,408 [ERROR] LogOutputStream:75 - [STDERR_REDIRECT] [Fatal Error] :1:1: Premature end of file.
2025-11-05 18:26:13,408 [ERROR] LogOutputStream:75 - [STDERR_REDIRECT] 
2025-11-05 18:26:14,409 [ERROR] LogOutputStream:75 - [STDERR_REDIRECT] [Fatal Error] :1:1: Premature end of file.
2025-11-05 18:26:14,409 [ERROR] LogOutputStream:75 - [STDERR_REDIRECT] 
2025-11-05 18:26:15,399 [ERROR] LogOutputStream:75 - [STDERR_REDIRECT] [Fatal Error] :1:1: Premature end of file.
2025-11-05 18:26:15,400 [ERROR] LogOutputStream:75 - [STDERR_REDIRECT] 
2025-11-05 18:26:16,413 [ERROR] LogOutputStream:75 - [STDERR_REDIRECT] [Fatal Error] :1:1: Premature end of file.
2025-11-05 18:26:16,413 [ERROR] LogOutputStream:75 - [STDERR_REDIRECT] 
2025-11-05 18:26:17,408 [ERROR] LogOutputStream:75 - [STDERR_REDIRECT] [Fatal Error] :1:1: Premature end of file.
2025-11-05 18:26:17,408 [ERROR] LogOutputStream:75 - [STDERR_REDIRECT] 
2025-11-05 18:26:18,401 [ERROR] LogOutputStream:75 - [STDERR_REDIRECT] [Fatal Error] :1:1: Premature end of file.
2025-11-05 18:26:18,401 [ERROR] LogOutputStream:75 - [STDERR_REDIRECT] 
2025-11-05 18:26:19,417 [ERROR] LogOutputStream:75 - [STDERR_REDIRECT] [Fatal Error] :1:1: Premature end of file.
2025-11-05 18:26:19,417 [ERROR] LogOutputStream:75 - [STDERR_REDIRECT] 
2025-11-05 18:26:20,398 [ERROR] LogOutputStream:75 - [STDERR_REDIRECT] [Fatal Error] :1:1: Premature end of file.
2025-11-05 18:26:20,398 [ERROR] LogOutputStream:75 - [STDERR_REDIRECT] 
2025-11-05 18:26:21,394 [ERROR] LogOutputStream:75 - [STDERR_REDIRECT] [Fatal Error] :1:1: Premature end of file.
2025-11-05 18:26:21,394 [ERROR] LogOutputStream:75 - [STDERR_REDIRECT] 
2025-11-05 18:26:22,387 [ERROR] LogOutputStream:75 - [STDERR_REDIRECT] [Fatal Error] :1:1: Premature end of file.
2025-11-05 18:26:22,387 [ERROR] LogOutputStream:75 - [STDERR_REDIRECT] 
2025-11-05 18:26:23,406 [ERROR] LogOutputStream:75 - [STDERR_REDIRECT] [Fatal Error] :1:1: Premature end of file.
2025-11-05 18:26:23,407 [ERROR] LogOutputStream:75 - [STDERR_REDIRECT] 
2025-11-05 18:26:24,403 [ERROR] LogOutputStream:75 - [STDERR_REDIRECT] [Fatal Error] :1:1: Premature end of file.
2025-11-05 18:26:24,404 [ERROR] LogOutputStream:75 - [STDERR_REDIRECT] 
2025-11-05 18:26:25,413 [ERROR] LogOutputStream:75 - [STDERR_REDIRECT] [Fatal Error] :1:1: Premature end of file.
2025-11-05 18:26:25,413 [ERROR] LogOutputStream:75 - [STDERR_REDIRECT] 
2025-11-05 18:26:26,393 [ERROR] LogOutputStream:75 - [STDERR_REDIRECT] [Fatal Error] :1:1: Premature end of file.
2025-11-05 18:26:26,393 [ERROR] LogOutputStream:75 - [STDERR_REDIRECT] 
2025-11-05 18:26:27,401 [ERROR] LogOutputStream:75 - [STDERR_REDIRECT] [Fatal Error] :1:1: Premature end of file.
2025-11-05 18:26:27,401 [ERROR] LogOutputStream:75 - [STDERR_REDIRECT] 
2025-11-05 18:26:28,395 [ERROR] LogOutputStream:75 - [STDERR_REDIRECT] [Fatal Error] :1:1: Premature end of file.
2025-11-05 18:26:28,396 [ERROR] LogOutputStream:75 - [STDERR_REDIRECT] 
2025-11-05 18:26:29,400 [ERROR] LogOutputStream:75 - [STDERR_REDIRECT] [Fatal Error] :1:1: Premature end of file.
2025-11-05 18:26:29,401 [ERROR] LogOutputStream:75 - [STDERR_REDIRECT] 
2025-11-05 18:26:30,403 [ERROR] LogOutputStream:75 - [STDERR_REDIRECT] [Fatal Error] :1:1: Premature end of file.
2025-11-05 18:26:30,404 [ERROR] LogOutputStream:75 - [STDERR_REDIRECT] 
2025-11-05 18:26:31,386 [ERROR] LogOutputStream:75 - [STDERR_REDIRECT] [Fatal Error] :1:1: Premature end of file.
2025-11-05 18:26:31,386 [ERROR] LogOutputStream:75 - [STDERR_REDIRECT] 
2025-11-05 18:26:32,391 [ERROR] LogOutputStream:75 - [STDERR_REDIRECT] [Fatal Error] :1:1: Premature end of file.
2025-11-05 18:26:32,391 [ERROR] LogOutputStream:75 - [STDERR_REDIRECT] 
2025-11-05 18:26:33,394 [ERROR] LogOutputStream:75 - [STDERR_REDIRECT] [Fatal Error] :1:1: Premature end of file.
2025-11-05 18:26:33,395 [ERROR] LogOutputStream:75 - [STDERR_REDIRECT] 
2025-11-05 18:26:34,398 [ERROR] LogOutputStream:75 - [STDERR_REDIRECT] [Fatal Error] :1:1: Premature end of file.
2025-11-05 18:26:34,398 [ERROR] LogOutputStream:75 - [STDERR_REDIRECT] 
2025-11-05 18:26:35,399 [ERROR] LogOutputStream:75 - [STDERR_REDIRECT] [Fatal Error] :1:1: Premature end of file.
2025-11-05 18:26:35,399 [ERROR] LogOutputStream:75 - [STDERR_REDIRECT] 
2025-11-05 18:26:36,397 [ERROR] LogOutputStream:75 - [STDERR_REDIRECT] [Fatal Error] :1:1: Premature end of file.
2025-11-05 18:26:36,398 [ERROR] LogOutputStream:75 - [STDERR_REDIRECT] 
2025-11-05 18:26:37,410 [ERROR] LogOutputStream:75 - [STDERR_REDIRECT] [Fatal Error] :1:1: Premature end of file.
2025-11-05 18:26:37,410 [ERROR] LogOutputStream:75 - [STDERR_REDIRECT] 
2025-11-05 18:26:38,396 [ERROR] LogOutputStream:75 - [STDERR_REDIRECT] [Fatal Error] :1:1: Premature end of file.
2025-11-05 18:26:38,396 [ERROR] LogOutputStream:75 - [STDERR_REDIRECT] 
2025-11-05 18:26:39,414 [ERROR] LogOutputStream:75 - [STDERR_REDIRECT] [Fatal Error] :1:1: Premature end of file.
2025-11-05 18:26:39,414 [ERROR] LogOutputStream:75 - [STDERR_REDIRECT] 
2025-11-05 18:26:40,395 [ERROR] LogOutputStream:75 - [STDERR_REDIRECT] [Fatal Error] :1:1: Premature end of file.
2025-11-05 18:26:40,395 [ERROR] LogOutputStream:75 - [STDERR_REDIRECT] 
2025-11-05 18:26:41,403 [ERROR] LogOutputStream:75 - [STDERR_REDIRECT] [Fatal Error] :1:1: Premature end of file.
2025-11-05 18:26:41,404 [ERROR] LogOutputStream:75 - [STDERR_REDIRECT] 
2025-11-05 18:26:42,407 [ERROR] LogOutputStream:75 - [STDERR_REDIRECT] [Fatal Error] :1:1: Premature end of file.
2025-11-05 18:26:42,407 [ERROR] LogOutputStream:75 - [STDERR_REDIRECT] 
2025-11-05 18:26:43,409 [ERROR] LogOutputStream:75 - [STDERR_REDIRECT] [Fatal Error] :1:1: Premature end of file.
2025-11-05 18:26:43,410 [ERROR] LogOutputStream:75 - [STDERR_REDIRECT] 
2025-11-05 18:26:44,391 [ERROR] LogOutputStream:75 - [STDERR_REDIRECT] [Fatal Error] :1:1: Premature end of file.
2025-11-05 18:26:44,391 [ERROR] LogOutputStream:75 - [STDERR_REDIRECT] 
2025-11-05 18:26:45,395 [ERROR] LogOutputStream:75 - [STDERR_REDIRECT] [Fatal Error] :1:1: Premature end of file.
2025-11-05 18:26:45,396 [ERROR] LogOutputStream:75 - [STDERR_REDIRECT] 
2025-11-05 18:26:46,396 [ERROR] LogOutputStream:75 - [STDERR_REDIRECT] [Fatal Error] :1:1: Premature end of file.
2025-11-05 18:26:46,396 [ERROR] LogOutputStream:75 - [STDERR_REDIRECT] 
2025-11-05 18:26:47,393 [ERROR] LogOutputStream:75 - [STDERR_REDIRECT] [Fatal Error] :1:1: Premature end of file.
2025-11-05 18:26:47,393 [ERROR] LogOutputStream:75 - [STDERR_REDIRECT] 
2025-11-05 18:26:48,400 [ERROR] LogOutputStream:75 - [STDERR_REDIRECT] [Fatal Error] :1:1: Premature end of file.
2025-11-05 18:26:48,400 [ERROR] LogOutputStream:75 - [STDERR_REDIRECT] 
2025-11-05 18:26:49,394 [ERROR] LogOutputStream:75 - [STDERR_REDIRECT] [Fatal Error] :1:1: Premature end of file.
2025-11-05 18:26:49,394 [ERROR] LogOutputStream:75 - [STDERR_REDIRECT] 
2025-11-05 18:26:50,396 [ERROR] LogOutputStream:75 - [STDERR_REDIRECT] [Fatal Error] :1:1: Premature end of file.
2025-11-05 18:26:50,396 [ERROR] LogOutputStream:75 - [STDERR_REDIRECT] 
2025-11-05 18:26:51,392 [ERROR] LogOutputStream:75 - [STDERR_REDIRECT] [Fatal Error] :1:1: Premature end of file.
2025-11-05 18:26:51,392 [ERROR] LogOutputStream:75 - [STDERR_REDIRECT] 
2025-11-05 18:26:52,391 [ERROR] LogOutputStream:75 - [STDERR_REDIRECT] [Fatal Error] :1:1: Premature end of file.
2025-11-05 18:26:52,391 [ERROR] LogOutputStream:75 - [STDERR_REDIRECT] 
2025-11-05 18:26:53,399 [ERROR] LogOutputStream:75 - [STDERR_REDIRECT] [Fatal Error] :1:1: Premature end of file.
2025-11-05 18:26:53,399 [ERROR] LogOutputStream:75 - [STDERR_REDIRECT] 
2025-11-05 18:26:54,390 [ERROR] LogOutputStream:75 - [STDERR_REDIRECT] [Fatal Error] :1:1: Premature end of file.
2025-11-05 18:26:54,390 [ERROR] LogOutputStream:75 - [STDERR_REDIRECT] 
2025-11-05 18:26:55,403 [ERROR] LogOutputStream:75 - [STDERR_REDIRECT] [Fatal Error] :1:1: Premature end of file.
2025-11-05 18:26:55,405 [ERROR] LogOutputStream:75 - [STDERR_REDIRECT] 
2025-11-05 18:26:56,396 [ERROR] LogOutputStream:75 - [STDERR_REDIRECT] [Fatal Error] :1:1: Premature end of file.
2025-11-05 18:26:56,397 [ERROR] LogOutputStream:75 - [STDERR_REDIRECT] 
2025-11-05 18:26:57,400 [ERROR] LogOutputStream:75 - [STDERR_REDIRECT] [Fatal Error] :1:1: Premature end of file.
2025-11-05 18:26:57,401 [ERROR] LogOutputStream:75 - [STDERR_REDIRECT] 
2025-11-05 18:26:58,401 [ERROR] LogOutputStream:75 - [STDERR_REDIRECT] [Fatal Error] :1:1: Premature end of file.
2025-11-05 18:26:58,401 [ERROR] LogOutputStream:75 - [STDERR_REDIRECT] 
2025-11-05 18:26:59,399 [ERROR] LogOutputStream:75 - [STDERR_REDIRECT] [Fatal Error] :1:1: Premature end of file.
2025-11-05 18:26:59,399 [ERROR] LogOutputStream:75 - [STDERR_REDIRECT] 
2025-11-05 18:27:00,390 [ERROR] LogOutputStream:75 - [STDERR_REDIRECT] [Fatal Error] :1:1: Premature end of file.
2025-11-05 18:27:00,390 [ERROR] LogOutputStream:75 - [STDERR_REDIRECT] 
2025-11-05 18:27:01,393 [ERROR] LogOutputStream:75 - [STDERR_REDIRECT] [Fatal Error] :1:1: Premature end of file.
2025-11-05 18:27:01,395 [ERROR] LogOutputStream:75 - [STDERR_REDIRECT] 
2025-11-05 18:27:02,390 [ERROR] LogOutputStream:75 - [STDERR_REDIRECT] [Fatal Error] :1:1: Premature end of file.
2025-11-05 18:27:02,390 [ERROR] LogOutputStream:75 - [STDERR_REDIRECT] 
2025-11-05 18:27:03,399 [ERROR] LogOutputStream:75 - [STDERR_REDIRECT] [Fatal Error] :1:1: Premature end of file.
2025-11-05 18:27:03,399 [ERROR] LogOutputStream:75 - [STDERR_REDIRECT] 
2025-11-05 18:27:04,400 [ERROR] LogOutputStream:75 - [STDERR_REDIRECT] [Fatal Error] :1:1: Premature end of file.
2025-11-05 18:27:04,400 [ERROR] LogOutputStream:75 - [STDERR_REDIRECT] 
2025-11-05 18:27:05,408 [ERROR] LogOutputStream:75 - [STDERR_REDIRECT] [Fatal Error] :1:1: Premature end of file.
2025-11-05 18:27:05,427 [ERROR] LogOutputStream:75 - [STDERR_REDIRECT] 
2025-11-05 18:27:06,400 [ERROR] LogOutputStream:75 - [STDERR_REDIRECT] [Fatal Error] :1:1: Premature end of file.
2025-11-05 18:27:06,401 [ERROR] LogOutputStream:75 - [STDERR_REDIRECT] 
2025-11-05 18:27:07,393 [ERROR] LogOutputStream:75 - [STDERR_REDIRECT] [Fatal Error] :1:1: Premature end of file.
2025-11-05 18:27:07,393 [ERROR] LogOutputStream:75 - [STDERR_REDIRECT] 
2025-11-05 18:27:08,391 [ERROR] LogOutputStream:75 - [STDERR_REDIRECT] [Fatal Error] :1:1: Premature end of file.
2025-11-05 18:27:08,393 [ERROR] LogOutputStream:75 - [STDERR_REDIRECT] 
2025-11-05 18:27:09,393 [ERROR] LogOutputStream:75 - [STDERR_REDIRECT] [Fatal Error] :1:1: Premature end of file.
2025-11-05 18:27:09,393 [ERROR] LogOutputStream:75 - [STDERR_REDIRECT] 
2025-11-05 18:27:10,391 [ERROR] LogOutputStream:75 - [STDERR_REDIRECT] [Fatal Error] :1:1: Premature end of file.
2025-11-05 18:27:10,392 [ERROR] LogOutputStream:75 - [STDERR_REDIRECT] 
2025-11-05 18:27:11,389 [ERROR] LogOutputStream:75 - [STDERR_REDIRECT] [Fatal Error] :1:1: Premature end of file.
2025-11-05 18:27:11,390 [ERROR] LogOutputStream:75 - [STDERR_REDIRECT] 
2025-11-05 18:27:12,388 [ERROR] LogOutputStream:75 - [STDERR_REDIRECT] [Fatal Error] :1:1: Premature end of file.
2025-11-05 18:27:12,388 [ERROR] LogOutputStream:75 - [STDERR_REDIRECT] 
2025-11-05 18:27:13,392 [ERROR] LogOutputStream:75 - [STDERR_REDIRECT] [Fatal Error] :1:1: Premature end of file.
2025-11-05 18:27:13,392 [ERROR] LogOutputStream:75 - [STDERR_REDIRECT] 
2025-11-05 18:27:14,392 [ERROR] LogOutputStream:75 - [STDERR_REDIRECT] [Fatal Error] :1:1: Premature end of file.
2025-11-05 18:27:14,392 [ERROR] LogOutputStream:75 - [STDERR_REDIRECT] 
2025-11-05 18:27:15,401 [ERROR] LogOutputStream:75 - [STDERR_REDIRECT] [Fatal Error] :1:1: Premature end of file.
2025-11-05 18:27:15,401 [ERROR] LogOutputStream:75 - [STDERR_REDIRECT] 
2025-11-05 18:27:16,399 [ERROR] LogOutputStream:75 - [STDERR_REDIRECT] [Fatal Error] :1:1: Premature end of file.
2025-11-05 18:27:16,400 [ERROR] LogOutputStream:75 - [STDERR_REDIRECT] 
2025-11-05 18:27:17,405 [ERROR] LogOutputStream:75 - [STDERR_REDIRECT] [Fatal Error] :1:1: Premature end of file.
2025-11-05 18:27:17,405 [ERROR] LogOutputStream:75 - [STDERR_REDIRECT] 
2025-11-05 18:27:18,401 [ERROR] LogOutputStream:75 - [STDERR_REDIRECT] [Fatal Error] :1:1: Premature end of file.
2025-11-05 18:27:18,401 [ERROR] LogOutputStream:75 - [STDERR_REDIRECT] 
2025-11-05 18:27:19,395 [ERROR] LogOutputStream:75 - [STDERR_REDIRECT] [Fatal Error] :1:1: Premature end of file.
2025-11-05 18:27:19,395 [ERROR] LogOutputStream:75 - [STDERR_REDIRECT] 
2025-11-05 18:27:20,402 [ERROR] LogOutputStream:75 - [STDERR_REDIRECT] [Fatal Error] :1:1: Premature end of file.
2025-11-05 18:27:20,417 [ERROR] LogOutputStream:75 - [STDERR_REDIRECT] 
2025-11-05 18:27:21,403 [ERROR] LogOutputStream:75 - [STDERR_REDIRECT] [Fatal Error] :1:1: Premature end of file.
2025-11-05 18:27:21,403 [ERROR] LogOutputStream:75 - [STDERR_REDIRECT] 
2025-11-05 18:27:22,401 [ERROR] LogOutputStream:75 - [STDERR_REDIRECT] [Fatal Error] :1:1: Premature end of file.
2025-11-05 18:27:22,401 [ERROR] LogOutputStream:75 - [STDERR_REDIRECT] 
2025-11-05 18:27:23,400 [ERROR] LogOutputStream:75 - [STDERR_REDIRECT] [Fatal Error] :1:1: Premature end of file.
2025-11-05 18:27:23,400 [ERROR] LogOutputStream:75 - [STDERR_REDIRECT] 
2025-11-05 18:27:24,396 [ERROR] LogOutputStream:75 - [STDERR_REDIRECT] [Fatal Error] :1:1: Premature end of file.
2025-11-05 18:27:24,397 [ERROR] LogOutputStream:75 - [STDERR_REDIRECT] 
2025-11-05 18:27:25,394 [ERROR] LogOutputStream:75 - [STDERR_REDIRECT] [Fatal Error] :1:1: Premature end of file.
2025-11-05 18:27:25,394 [ERROR] LogOutputStream:75 - [STDERR_REDIRECT] 
2025-11-05 18:27:26,391 [ERROR] LogOutputStream:75 - [STDERR_REDIRECT] [Fatal Error] :1:1: Premature end of file.
2025-11-05 18:27:26,391 [ERROR] LogOutputStream:75 - [STDERR_REDIRECT] 
2025-11-05 18:27:27,397 [ERROR] LogOutputStream:75 - [STDERR_REDIRECT] [Fatal Error] :1:1: Premature end of file.
2025-11-05 18:27:27,397 [ERROR] LogOutputStream:75 - [STDERR_REDIRECT] 
2025-11-05 18:27:28,401 [ERROR] LogOutputStream:75 - [STDERR_REDIRECT] [Fatal Error] :1:1: Premature end of file.
2025-11-05 18:27:28,401 [ERROR] LogOutputStream:75 - [STDERR_REDIRECT] 
2025-11-05 18:27:29,395 [ERROR] LogOutputStream:75 - [STDERR_REDIRECT] [Fatal Error] :1:1: Premature end of file.
2025-11-05 18:27:29,395 [ERROR] LogOutputStream:75 - [STDERR_REDIRECT] 
2025-11-05 18:27:30,399 [ERROR] LogOutputStream:75 - [STDERR_REDIRECT] [Fatal Error] :1:1: Premature end of file.
2025-11-05 18:27:30,399 [ERROR] LogOutputStream:75 - [STDERR_REDIRECT] 
2025-11-05 18:27:31,401 [ERROR] LogOutputStream:75 - [STDERR_REDIRECT] [Fatal Error] :1:1: Premature end of file.
2025-11-05 18:27:31,401 [ERROR] LogOutputStream:75 - [STDERR_REDIRECT] 
2025-11-05 18:27:32,399 [ERROR] LogOutputStream:75 - [STDERR_REDIRECT] [Fatal Error] :1:1: Premature end of file.
2025-11-05 18:27:32,399 [ERROR] LogOutputStream:75 - [STDERR_REDIRECT] 
2025-11-05 18:27:33,397 [ERROR] LogOutputStream:75 - [STDERR_REDIRECT] [Fatal Error] :1:1: Premature end of file.
2025-11-05 18:27:33,397 [ERROR] LogOutputStream:75 - [STDERR_REDIRECT] 
2025-11-05 18:27:34,391 [ERROR] LogOutputStream:75 - [STDERR_REDIRECT] [Fatal Error] :1:1: Premature end of file.
2025-11-05 18:27:34,392 [ERROR] LogOutputStream:75 - [STDERR_REDIRECT] 
2025-11-05 18:27:35,399 [ERROR] LogOutputStream:75 - [STDERR_REDIRECT] [Fatal Error] :1:1: Premature end of file.
2025-11-05 18:27:35,416 [ERROR] LogOutputStream:75 - [STDERR_REDIRECT] 
2025-11-05 18:27:36,403 [ERROR] LogOutputStream:75 - [STDERR_REDIRECT] [Fatal Error] :1:1: Premature end of file.
2025-11-05 18:27:36,404 [ERROR] LogOutputStream:75 - [STDERR_REDIRECT] 
2025-11-05 18:27:37,399 [ERROR] LogOutputStream:75 - [STDERR_REDIRECT] [Fatal Error] :1:1: Premature end of file.
2025-11-05 18:27:37,399 [ERROR] LogOutputStream:75 - [STDERR_REDIRECT] 
2025-11-05 18:27:38,393 [ERROR] LogOutputStream:75 - [STDERR_REDIRECT] [Fatal Error] :1:1: Premature end of file.
2025-11-05 18:27:38,393 [ERROR] LogOutputStream:75 - [STDERR_REDIRECT] 
2025-11-05 18:27:39,401 [ERROR] LogOutputStream:75 - [STDERR_REDIRECT] [Fatal Error] :1:1: Premature end of file.
2025-11-05 18:27:39,401 [ERROR] LogOutputStream:75 - [STDERR_REDIRECT] 
2025-11-05 18:27:40,403 [ERROR] LogOutputStream:75 - [STDERR_REDIRECT] [Fatal Error] :1:1: Premature end of file.
2025-11-05 18:27:40,404 [ERROR] LogOutputStream:75 - [STDERR_REDIRECT] 
2025-11-05 18:27:41,405 [ERROR] LogOutputStream:75 - [STDERR_REDIRECT] [Fatal Error] :1:1: Premature end of file.
2025-11-05 18:27:41,406 [ERROR] LogOutputStream:75 - [STDERR_REDIRECT] 
2025-11-05 18:27:42,395 [ERROR] LogOutputStream:75 - [STDERR_REDIRECT] [Fatal Error] :1:1: Premature end of file.
2025-11-05 18:27:42,395 [ERROR] LogOutputStream:75 - [STDERR_REDIRECT] 
2025-11-05 18:27:43,394 [ERROR] LogOutputStream:75 - [STDERR_REDIRECT] [Fatal Error] :1:1: Premature end of file.
2025-11-05 18:27:43,394 [ERROR] LogOutputStream:75 - [STDERR_REDIRECT] 
2025-11-05 18:27:44,390 [ERROR] LogOutputStream:75 - [STDERR_REDIRECT] [Fatal Error] :1:1: Premature end of file.
2025-11-05 18:27:44,391 [ERROR] LogOutputStream:75 - [STDERR_REDIRECT] 
2025-11-05 18:27:45,390 [ERROR] LogOutputStream:75 - [STDERR_REDIRECT] [Fatal Error] :1:1: Premature end of file.
2025-11-05 18:27:45,390 [ERROR] LogOutputStream:75 - [STDERR_REDIRECT] 
2025-11-05 18:27:46,403 [ERROR] LogOutputStream:75 - [STDERR_REDIRECT] [Fatal Error] :1:1: Premature end of file.
2025-11-05 18:27:46,403 [ERROR] LogOutputStream:75 - [STDERR_REDIRECT] 
2025-11-05 18:27:47,401 [ERROR] LogOutputStream:75 - [STDERR_REDIRECT] [Fatal Error] :1:1: Premature end of file.
2025-11-05 18:27:47,401 [ERROR] LogOutputStream:75 - [STDERR_REDIRECT] 
2025-11-05 18:27:48,399 [ERROR] LogOutputStream:75 - [STDERR_REDIRECT] [Fatal Error] :1:1: Premature end of file.
2025-11-05 18:27:48,400 [ERROR] LogOutputStream:75 - [STDERR_REDIRECT] 
2025-11-05 18:27:49,402 [ERROR] LogOutputStream:75 - [STDERR_REDIRECT] [Fatal Error] :1:1: Premature end of file.
2025-11-05 18:27:49,402 [ERROR] LogOutputStream:75 - [STDERR_REDIRECT] 
2025-11-05 18:27:50,395 [ERROR] LogOutputStream:75 - [STDERR_REDIRECT] [Fatal Error] :1:1: Premature end of file.
2025-11-05 18:27:50,411 [ERROR] LogOutputStream:75 - [STDERR_REDIRECT] 
2025-11-05 18:27:51,389 [ERROR] LogOutputStream:75 - [STDERR_REDIRECT] [Fatal Error] :1:1: Premature end of file.
2025-11-05 18:27:51,389 [ERROR] LogOutputStream:75 - [STDERR_REDIRECT] 
2025-11-05 18:27:52,392 [ERROR] LogOutputStream:75 - [STDERR_REDIRECT] [Fatal Error] :1:1: Premature end of file.
2025-11-05 18:27:52,393 [ERROR] LogOutputStream:75 - [STDERR_REDIRECT] 
2025-11-05 18:27:53,402 [ERROR] LogOutputStream:75 - [STDERR_REDIRECT] [Fatal Error] :1:1: Premature end of file.
2025-11-05 18:27:53,402 [ERROR] LogOutputStream:75 - [STDERR_REDIRECT] 
2025-11-05 18:27:54,391 [ERROR] LogOutputStream:75 - [STDERR_REDIRECT] [Fatal Error] :1:1: Premature end of file.
2025-11-05 18:27:54,391 [ERROR] LogOutputStream:75 - [STDERR_REDIRECT] 
2025-11-05 18:27:55,392 [ERROR] LogOutputStream:75 - [STDERR_REDIRECT] [Fatal Error] :1:1: Premature end of file.
2025-11-05 18:27:55,392 [ERROR] LogOutputStream:75 - [STDERR_REDIRECT] 
2025-11-05 18:27:56,394 [ERROR] LogOutputStream:75 - [STDERR_REDIRECT] [Fatal Error] :1:1: Premature end of file.
2025-11-05 18:27:56,395 [ERROR] LogOutputStream:75 - [STDERR_REDIRECT] 
2025-11-05 18:27:57,405 [ERROR] LogOutputStream:75 - [STDERR_REDIRECT] [Fatal Error] :1:1: Premature end of file.
2025-11-05 18:27:57,406 [ERROR] LogOutputStream:75 - [STDERR_REDIRECT] 
2025-11-05 18:27:58,396 [ERROR] LogOutputStream:75 - [STDERR_REDIRECT] [Fatal Error] :1:1: Premature end of file.
2025-11-05 18:27:58,396 [ERROR] LogOutputStream:75 - [STDERR_REDIRECT] 
2025-11-05 18:27:59,405 [ERROR] LogOutputStream:75 - [STDERR_REDIRECT] [Fatal Error] :1:1: Premature end of file.
2025-11-05 18:27:59,406 [ERROR] LogOutputStream:75 - [STDERR_REDIRECT] 
2025-11-05 18:28:00,390 [ERROR] LogOutputStream:75 - [STDERR_REDIRECT] [Fatal Error] :1:1: Premature end of file.
2025-11-05 18:28:00,391 [ERROR] LogOutputStream:75 - [STDERR_REDIRECT] 
2025-11-05 18:28:01,390 [ERROR] LogOutputStream:75 - [STDERR_REDIRECT] [Fatal Error] :1:1: Premature end of file.
2025-11-05 18:28:01,391 [ERROR] LogOutputStream:75 - [STDERR_REDIRECT] 
2025-11-05 18:28:02,390 [ERROR] LogOutputStream:75 - [STDERR_REDIRECT] [Fatal Error] :1:1: Premature end of file.
2025-11-05 18:28:02,390 [ERROR] LogOutputStream:75 - [STDERR_REDIRECT] 
2025-11-05 18:28:03,406 [ERROR] LogOutputStream:75 - [STDERR_REDIRECT] [Fatal Error] :1:1: Premature end of file.
2025-11-05 18:28:03,406 [ERROR] LogOutputStream:75 - [STDERR_REDIRECT] 
2025-11-05 18:28:04,400 [ERROR] LogOutputStream:75 - [STDERR_REDIRECT] [Fatal Error] :1:1: Premature end of file.
2025-11-05 18:28:04,401 [ERROR] LogOutputStream:75 - [STDERR_REDIRECT] 
2025-11-05 18:28:05,403 [ERROR] LogOutputStream:75 - [STDERR_REDIRECT] [Fatal Error] :1:1: Premature end of file.
2025-11-05 18:28:05,403 [ERROR] LogOutputStream:75 - [STDERR_REDIRECT] 
2025-11-05 18:28:06,395 [ERROR] LogOutputStream:75 - [STDERR_REDIRECT] [Fatal Error] :1:1: Premature end of file.
2025-11-05 18:28:06,395 [ERROR] LogOutputStream:75 - [STDERR_REDIRECT] 
2025-11-05 18:28:07,401 [ERROR] LogOutputStream:75 - [STDERR_REDIRECT] [Fatal Error] :1:1: Premature end of file.
2025-11-05 18:28:07,402 [ERROR] LogOutputStream:75 - [STDERR_REDIRECT] 
2025-11-05 18:28:08,392 [ERROR] LogOutputStream:75 - [STDERR_REDIRECT] [Fatal Error] :1:1: Premature end of file.
2025-11-05 18:28:08,392 [ERROR] LogOutputStream:75 - [STDERR_REDIRECT] 
2025-11-05 18:28:09,390 [ERROR] LogOutputStream:75 - [STDERR_REDIRECT] [Fatal Error] :1:1: Premature end of file.
2025-11-05 18:28:09,390 [ERROR] LogOutputStream:75 - [STDERR_REDIRECT] 
2025-11-05 18:28:10,411 [ERROR] LogOutputStream:75 - [STDERR_REDIRECT] [Fatal Error] :1:1: Premature end of file.
2025-11-05 18:28:10,411 [ERROR] LogOutputStream:75 - [STDERR_REDIRECT] 
2025-11-05 18:28:11,411 [ERROR] LogOutputStream:75 - [STDERR_REDIRECT] [Fatal Error] :1:1: Premature end of file.
2025-11-05 18:28:11,411 [ERROR] LogOutputStream:75 - [STDERR_REDIRECT] 
2025-11-05 18:28:12,411 [ERROR] LogOutputStream:75 - [STDERR_REDIRECT] [Fatal Error] :1:1: Premature end of file.
2025-11-05 18:28:12,411 [ERROR] LogOutputStream:75 - [STDERR_REDIRECT] 
2025-11-05 18:28:13,410 [ERROR] LogOutputStream:75 - [STDERR_REDIRECT] [Fatal Error] :1:1: Premature end of file.
2025-11-05 18:28:13,410 [ERROR] LogOutputStream:75 - [STDERR_REDIRECT] 
2025-11-05 18:28:14,402 [ERROR] LogOutputStream:75 - [STDERR_REDIRECT] [Fatal Error] :1:1: Premature end of file.
2025-11-05 18:28:14,403 [ERROR] LogOutputStream:75 - [STDERR_REDIRECT] 
2025-11-05 18:28:15,411 [ERROR] LogOutputStream:75 - [STDERR_REDIRECT] [Fatal Error] :1:1: Premature end of file.
2025-11-05 18:28:15,411 [ERROR] LogOutputStream:75 - [STDERR_REDIRECT] 
2025-11-05 18:28:16,388 [ERROR] LogOutputStream:75 - [STDERR_REDIRECT] [Fatal Error] :1:1: Premature end of file.
2025-11-05 18:28:16,388 [ERROR] LogOutputStream:75 - [STDERR_REDIRECT] 
2025-11-05 18:28:17,397 [ERROR] LogOutputStream:75 - [STDERR_REDIRECT] [Fatal Error] :1:1: Premature end of file.
2025-11-05 18:28:17,398 [ERROR] LogOutputStream:75 - [STDERR_REDIRECT] 
2025-11-05 18:28:18,386 [ERROR] LogOutputStream:75 - [STDERR_REDIRECT] [Fatal Error] :1:1: Premature end of file.
2025-11-05 18:28:18,386 [ERROR] LogOutputStream:75 - [STDERR_REDIRECT] 
2025-11-05 18:28:19,402 [ERROR] LogOutputStream:75 - [STDERR_REDIRECT] [Fatal Error] :1:1: Premature end of file.
2025-11-05 18:28:19,402 [ERROR] LogOutputStream:75 - [STDERR_REDIRECT] 
2025-11-05 18:28:20,393 [ERROR] LogOutputStream:75 - [STDERR_REDIRECT] [Fatal Error] :1:1: Premature end of file.
2025-11-05 18:28:20,396 [ERROR] LogOutputStream:75 - [STDERR_REDIRECT] 
2025-11-05 18:28:21,411 [ERROR] LogOutputStream:75 - [STDERR_REDIRECT] [Fatal Error] :1:1: Premature end of file.
2025-11-05 18:28:21,411 [ERROR] LogOutputStream:75 - [STDERR_REDIRECT] 
2025-11-05 18:28:22,389 [ERROR] LogOutputStream:75 - [STDERR_REDIRECT] [Fatal Error] :1:1: Premature end of file.
2025-11-05 18:28:22,389 [ERROR] LogOutputStream:75 - [STDERR_REDIRECT] 
2025-11-05 18:28:23,408 [ERROR] LogOutputStream:75 - [STDERR_REDIRECT] [Fatal Error] :1:1: Premature end of file.
2025-11-05 18:28:23,408 [ERROR] LogOutputStream:75 - [STDERR_REDIRECT] 
2025-11-05 18:28:24,410 [ERROR] LogOutputStream:75 - [STDERR_REDIRECT] [Fatal Error] :1:1: Premature end of file.
2025-11-05 18:28:24,410 [ERROR] LogOutputStream:75 - [STDERR_REDIRECT] 
2025-11-05 18:28:25,993 [ERROR] LogOutputStream:75 - [STDERR_REDIRECT] [Fatal Error] :1:1: Premature end of file.
2025-11-05 18:28:25,993 [ERROR] LogOutputStream:75 - [STDERR_REDIRECT] 
2025-11-05 18:28:26,404 [ERROR] LogOutputStream:75 - [STDERR_REDIRECT] [Fatal Error] :1:1: Premature end of file.
2025-11-05 18:28:26,405 [ERROR] LogOutputStream:75 - [STDERR_REDIRECT] 
2025-11-05 18:28:27,401 [ERROR] LogOutputStream:75 - [STDERR_REDIRECT] [Fatal Error] :1:1: Premature end of file.
2025-11-05 18:28:27,401 [ERROR] LogOutputStream:75 - [STDERR_REDIRECT] 
2025-11-05 18:28:28,423 [ERROR] LogOutputStream:75 - [STDERR_REDIRECT] [Fatal Error] :1:1: Premature end of file.
2025-11-05 18:28:28,424 [ERROR] LogOutputStream:75 - [STDERR_REDIRECT] 
2025-11-05 18:28:29,436 [ERROR] LogOutputStream:75 - [STDERR_REDIRECT] [Fatal Error] :1:1: Premature end of file.
2025-11-05 18:28:29,437 [ERROR] LogOutputStream:75 - [STDERR_REDIRECT] 
2025-11-05 18:28:31,513 [ERROR] LogOutputStream:75 - [STDERR_REDIRECT] [Fatal Error] :1:1: Premature end of file.
2025-11-05 18:28:31,514 [ERROR] LogOutputStream:75 - [STDERR_REDIRECT] 
2025-11-05 18:28:31,662 [ERROR] LogOutputStream:75 - [STDERR_REDIRECT] [Fatal Error] :1:1: Premature end of file.
2025-11-05 18:28:31,662 [ERROR] LogOutputStream:75 - [STDERR_REDIRECT] 
2025-11-05 18:28:32,408 [ERROR] LogOutputStream:75 - [STDERR_REDIRECT] [Fatal Error] :1:1: Premature end of file.
2025-11-05 18:28:32,409 [ERROR] LogOutputStream:75 - [STDERR_REDIRECT] 
2025-11-05 18:28:33,412 [ERROR] LogOutputStream:75 - [STDERR_REDIRECT] [Fatal Error] :1:1: Premature end of file.
2025-11-05 18:28:33,412 [ERROR] LogOutputStream:75 - [STDERR_REDIRECT] 
2025-11-05 18:28:34,393 [ERROR] LogOutputStream:75 - [STDERR_REDIRECT] [Fatal Error] :1:1: Premature end of file.
2025-11-05 18:28:34,394 [ERROR] LogOutputStream:75 - [STDERR_REDIRECT] 
2025-11-05 18:28:35,395 [ERROR] LogOutputStream:75 - [STDERR_REDIRECT] [Fatal Error] :1:1: Premature end of file.
2025-11-05 18:28:35,396 [ERROR] LogOutputStream:75 - [STDERR_REDIRECT] 
2025-11-05 18:28:36,394 [ERROR] LogOutputStream:75 - [STDERR_REDIRECT] [Fatal Error] :1:1: Premature end of file.
2025-11-05 18:28:36,395 [ERROR] LogOutputStream:75 - [STDERR_REDIRECT] 
2025-11-05 18:28:37,382 [ERROR] LogOutputStream:75 - [STDERR_REDIRECT] [Fatal Error] :1:1: Premature end of file.
2025-11-05 18:28:37,382 [ERROR] LogOutputStream:75 - [STDERR_REDIRECT] 
2025-11-05 18:28:38,395 [ERROR] LogOutputStream:75 - [STDERR_REDIRECT] [Fatal Error] :1:1: Premature end of file.
2025-11-05 18:28:38,395 [ERROR] LogOutputStream:75 - [STDERR_REDIRECT] 
2025-11-05 18:28:39,407 [ERROR] LogOutputStream:75 - [STDERR_REDIRECT] [Fatal Error] :1:1: Premature end of file.
2025-11-05 18:28:39,407 [ERROR] LogOutputStream:75 - [STDERR_REDIRECT] 
2025-11-05 18:28:40,391 [ERROR] LogOutputStream:75 - [STDERR_REDIRECT] [Fatal Error] :1:1: Premature end of file.
2025-11-05 18:28:40,391 [ERROR] LogOutputStream:75 - [STDERR_REDIRECT] 
2025-11-05 18:28:41,398 [ERROR] LogOutputStream:75 - [STDERR_REDIRECT] [Fatal Error] :1:1: Premature end of file.
2025-11-05 18:28:41,398 [ERROR] LogOutputStream:75 - [STDERR_REDIRECT] 
2025-11-05 18:28:42,407 [ERROR] LogOutputStream:75 - [STDERR_REDIRECT] [Fatal Error] :1:1: Premature end of file.
2025-11-05 18:28:42,407 [ERROR] LogOutputStream:75 - [STDERR_REDIRECT] 
2025-11-05 18:28:43,396 [ERROR] LogOutputStream:75 - [STDERR_REDIRECT] [Fatal Error] :1:1: Premature end of file.
2025-11-05 18:28:43,396 [ERROR] LogOutputStream:75 - [STDERR_REDIRECT] 
2025-11-05 18:28:44,393 [ERROR] LogOutputStream:75 - [STDERR_REDIRECT] [Fatal Error] :1:1: Premature end of file.
2025-11-05 18:28:44,393 [ERROR] LogOutputStream:75 - [STDERR_REDIRECT] 
2025-11-05 18:28:45,393 [ERROR] LogOutputStream:75 - [STDERR_REDIRECT] [Fatal Error] :1:1: Premature end of file.
2025-11-05 18:28:45,393 [ERROR] LogOutputStream:75 - [STDERR_REDIRECT] 
2025-11-05 18:28:46,393 [ERROR] LogOutputStream:75 - [STDERR_REDIRECT] [Fatal Error] :1:1: Premature end of file.
2025-11-05 18:28:46,393 [ERROR] LogOutputStream:75 - [STDERR_REDIRECT] 
2025-11-05 18:28:47,393 [ERROR] LogOutputStream:75 - [STDERR_REDIRECT] [Fatal Error] :1:1: Premature end of file.
2025-11-05 18:28:47,393 [ERROR] LogOutputStream:75 - [STDERR_REDIRECT] 
2025-11-05 18:28:48,407 [ERROR] LogOutputStream:75 - [STDERR_REDIRECT] [Fatal Error] :1:1: Premature end of file.
2025-11-05 18:28:48,408 [ERROR] LogOutputStream:75 - [STDERR_REDIRECT] 
2025-11-05 18:28:49,407 [ERROR] LogOutputStream:75 - [STDERR_REDIRECT] [Fatal Error] :1:1: Premature end of file.
2025-11-05 18:28:49,407 [ERROR] LogOutputStream:75 - [STDERR_REDIRECT] 
2025-11-05 18:28:50,403 [ERROR] LogOutputStream:75 - [STDERR_REDIRECT] [Fatal Error] :1:1: Premature end of file.
2025-11-05 18:28:50,404 [ERROR] LogOutputStream:75 - [STDERR_REDIRECT] 
2025-11-05 18:28:51,410 [ERROR] LogOutputStream:75 - [STDERR_REDIRECT] [Fatal Error] :1:1: Premature end of file.
2025-11-05 18:28:51,411 [ERROR] LogOutputStream:75 - [STDERR_REDIRECT] 
2025-11-05 18:28:52,400 [ERROR] LogOutputStream:75 - [STDERR_REDIRECT] [Fatal Error] :1:1: Premature end of file.
2025-11-05 18:28:52,400 [ERROR] LogOutputStream:75 - [STDERR_REDIRECT] 
2025-11-05 18:28:53,384 [ERROR] LogOutputStream:75 - [STDERR_REDIRECT] [Fatal Error] :1:1: Premature end of file.
2025-11-05 18:28:53,384 [ERROR] LogOutputStream:75 - [STDERR_REDIRECT] 
2025-11-05 18:28:54,389 [ERROR] LogOutputStream:75 - [STDERR_REDIRECT] [Fatal Error] :1:1: Premature end of file.
2025-11-05 18:28:54,390 [ERROR] LogOutputStream:75 - [STDERR_REDIRECT] 
2025-11-05 18:28:55,401 [ERROR] LogOutputStream:75 - [STDERR_REDIRECT] [Fatal Error] :1:1: Premature end of file.
2025-11-05 18:28:55,402 [ERROR] LogOutputStream:75 - [STDERR_REDIRECT] 
2025-11-05 18:28:56,391 [ERROR] LogOutputStream:75 - [STDERR_REDIRECT] [Fatal Error] :1:1: Premature end of file.
2025-11-05 18:28:56,391 [ERROR] LogOutputStream:75 - [STDERR_REDIRECT] 
2025-11-05 18:28:57,392 [ERROR] LogOutputStream:75 - [STDERR_REDIRECT] [Fatal Error] :1:1: Premature end of file.
2025-11-05 18:28:57,392 [ERROR] LogOutputStream:75 - [STDERR_REDIRECT] 
2025-11-05 18:28:58,389 [ERROR] LogOutputStream:75 - [STDERR_REDIRECT] [Fatal Error] :1:1: Premature end of file.
2025-11-05 18:28:58,389 [ERROR] LogOutputStream:75 - [STDERR_REDIRECT] 
2025-11-05 18:28:59,391 [ERROR] LogOutputStream:75 - [STDERR_REDIRECT] [Fatal Error] :1:1: Premature end of file.
2025-11-05 18:28:59,391 [ERROR] LogOutputStream:75 - [STDERR_REDIRECT] 
2025-11-05 18:29:00,395 [ERROR] LogOutputStream:75 - [STDERR_REDIRECT] [Fatal Error] :1:1: Premature end of file.
2025-11-05 18:29:00,396 [ERROR] LogOutputStream:75 - [STDERR_REDIRECT] 
2025-11-05 18:29:01,400 [ERROR] LogOutputStream:75 - [STDERR_REDIRECT] [Fatal Error] :1:1: Premature end of file.
2025-11-05 18:29:01,401 [ERROR] LogOutputStream:75 - [STDERR_REDIRECT] 
2025-11-05 18:29:02,401 [ERROR] LogOutputStream:75 - [STDERR_REDIRECT] [Fatal Error] :1:1: Premature end of file.
2025-11-05 18:29:02,401 [ERROR] LogOutputStream:75 - [STDERR_REDIRECT] 
2025-11-05 18:29:03,392 [ERROR] LogOutputStream:75 - [STDERR_REDIRECT] [Fatal Error] :1:1: Premature end of file.
2025-11-05 18:29:03,393 [ERROR] LogOutputStream:75 - [STDERR_REDIRECT] 
2025-11-05 18:29:04,406 [ERROR] LogOutputStream:75 - [STDERR_REDIRECT] [Fatal Error] :1:1: Premature end of file.
2025-11-05 18:29:04,406 [ERROR] LogOutputStream:75 - [STDERR_REDIRECT] 
2025-11-05 18:29:05,389 [ERROR] LogOutputStream:75 - [STDERR_REDIRECT] [Fatal Error] :1:1: Premature end of file.
2025-11-05 18:29:05,389 [ERROR] LogOutputStream:75 - [STDERR_REDIRECT] 
2025-11-05 18:29:06,412 [ERROR] LogOutputStream:75 - [STDERR_REDIRECT] [Fatal Error] :1:1: Premature end of file.
2025-11-05 18:29:06,412 [ERROR] LogOutputStream:75 - [STDERR_REDIRECT] 
2025-11-05 18:29:07,400 [ERROR] LogOutputStream:75 - [STDERR_REDIRECT] [Fatal Error] :1:1: Premature end of file.
2025-11-05 18:29:07,400 [ERROR] LogOutputStream:75 - [STDERR_REDIRECT] 
2025-11-05 18:29:08,396 [ERROR] LogOutputStream:75 - [STDERR_REDIRECT] [Fatal Error] :1:1: Premature end of file.
2025-11-05 18:29:08,396 [ERROR] LogOutputStream:75 - [STDERR_REDIRECT] 
2025-11-05 18:29:09,393 [ERROR] LogOutputStream:75 - [STDERR_REDIRECT] [Fatal Error] :1:1: Premature end of file.
2025-11-05 18:29:09,393 [ERROR] LogOutputStream:75 - [STDERR_REDIRECT] 
2025-11-05 18:29:10,397 [ERROR] LogOutputStream:75 - [STDERR_REDIRECT] [Fatal Error] :1:1: Premature end of file.
2025-11-05 18:29:10,397 [ERROR] LogOutputStream:75 - [STDERR_REDIRECT] 
2025-11-05 18:29:11,395 [ERROR] LogOutputStream:75 - [STDERR_REDIRECT] [Fatal Error] :1:1: Premature end of file.
2025-11-05 18:29:11,396 [ERROR] LogOutputStream:75 - [STDERR_REDIRECT] 
2025-11-05 18:29:12,388 [ERROR] LogOutputStream:75 - [STDERR_REDIRECT] [Fatal Error] :1:1: Premature end of file.
2025-11-05 18:29:12,388 [ERROR] LogOutputStream:75 - [STDERR_REDIRECT] 
2025-11-05 18:29:13,406 [ERROR] LogOutputStream:75 - [STDERR_REDIRECT] [Fatal Error] :1:1: Premature end of file.
2025-11-05 18:29:13,407 [ERROR] LogOutputStream:75 - [STDERR_REDIRECT] 
2025-11-05 18:29:14,395 [ERROR] LogOutputStream:75 - [STDERR_REDIRECT] [Fatal Error] :1:1: Premature end of file.
2025-11-05 18:29:14,395 [ERROR] LogOutputStream:75 - [STDERR_REDIRECT] 
2025-11-05 18:29:15,398 [ERROR] LogOutputStream:75 - [STDERR_REDIRECT] [Fatal Error] :1:1: Premature end of file.
2025-11-05 18:29:15,398 [ERROR] LogOutputStream:75 - [STDERR_REDIRECT] 
2025-11-05 18:29:16,395 [ERROR] LogOutputStream:75 - [STDERR_REDIRECT] [Fatal Error] :1:1: Premature end of file.
2025-11-05 18:29:16,395 [ERROR] LogOutputStream:75 - [STDERR_REDIRECT] 
2025-11-05 18:29:17,391 [ERROR] LogOutputStream:75 - [STDERR_REDIRECT] [Fatal Error] :1:1: Premature end of file.
2025-11-05 18:29:17,391 [ERROR] LogOutputStream:75 - [STDERR_REDIRECT] 
2025-11-05 18:29:18,393 [ERROR] LogOutputStream:75 - [STDERR_REDIRECT] [Fatal Error] :1:1: Premature end of file.
2025-11-05 18:29:18,393 [ERROR] LogOutputStream:75 - [STDERR_REDIRECT] 
2025-11-05 18:29:19,390 [ERROR] LogOutputStream:75 - [STDERR_REDIRECT] [Fatal Error] :1:1: Premature end of file.
2025-11-05 18:29:19,390 [ERROR] LogOutputStream:75 - [STDERR_REDIRECT] 
2025-11-05 18:29:20,393 [ERROR] LogOutputStream:75 - [STDERR_REDIRECT] [Fatal Error] :1:1: Premature end of file.
2025-11-05 18:29:20,393 [ERROR] LogOutputStream:75 - [STDERR_REDIRECT] 
2025-11-05 18:29:21,398 [ERROR] LogOutputStream:75 - [STDERR_REDIRECT] [Fatal Error] :1:1: Premature end of file.
2025-11-05 18:29:21,398 [ERROR] LogOutputStream:75 - [STDERR_REDIRECT] 
2025-11-05 18:29:22,389 [ERROR] LogOutputStream:75 - [STDERR_REDIRECT] [Fatal Error] :1:1: Premature end of file.
2025-11-05 18:29:22,389 [ERROR] LogOutputStream:75 - [STDERR_REDIRECT] 
2025-11-05 18:29:23,389 [ERROR] LogOutputStream:75 - [STDERR_REDIRECT] [Fatal Error] :1:1: Premature end of file.
2025-11-05 18:29:23,389 [ERROR] LogOutputStream:75 - [STDERR_REDIRECT] 
2025-11-05 18:29:24,391 [ERROR] LogOutputStream:75 - [STDERR_REDIRECT] [Fatal Error] :1:1: Premature end of file.
2025-11-05 18:29:24,392 [ERROR] LogOutputStream:75 - [STDERR_REDIRECT] 
2025-11-05 18:29:25,412 [ERROR] LogOutputStream:75 - [STDERR_REDIRECT] [Fatal Error] :1:1: Premature end of file.
2025-11-05 18:29:25,413 [ERROR] LogOutputStream:75 - [STDERR_REDIRECT] 
2025-11-05 18:29:26,392 [ERROR] LogOutputStream:75 - [STDERR_REDIRECT] [Fatal Error] :1:1: Premature end of file.
2025-11-05 18:29:26,392 [ERROR] LogOutputStream:75 - [STDERR_REDIRECT] 
2025-11-05 18:29:27,409 [ERROR] LogOutputStream:75 - [STDERR_REDIRECT] [Fatal Error] :1:1: Premature end of file.
2025-11-05 18:29:27,410 [ERROR] LogOutputStream:75 - [STDERR_REDIRECT] 
2025-11-05 18:29:28,404 [ERROR] LogOutputStream:75 - [STDERR_REDIRECT] [Fatal Error] :1:1: Premature end of file.
2025-11-05 18:29:28,405 [ERROR] LogOutputStream:75 - [STDERR_REDIRECT] 
2025-11-05 18:29:29,391 [ERROR] LogOutputStream:75 - [STDERR_REDIRECT] [Fatal Error] :1:1: Premature end of file.
2025-11-05 18:29:29,391 [ERROR] LogOutputStream:75 - [STDERR_REDIRECT] 
2025-11-05 18:29:30,392 [ERROR] LogOutputStream:75 - [STDERR_REDIRECT] [Fatal Error] :1:1: Premature end of file.
2025-11-05 18:29:30,392 [ERROR] LogOutputStream:75 - [STDERR_REDIRECT] 
2025-11-05 18:29:31,378 [ERROR] LogOutputStream:75 - [STDERR_REDIRECT] [Fatal Error] :1:1: Premature end of file.
2025-11-05 18:29:31,378 [ERROR] LogOutputStream:75 - [STDERR_REDIRECT] 
2025-11-05 18:29:32,402 [ERROR] LogOutputStream:75 - [STDERR_REDIRECT] [Fatal Error] :1:1: Premature end of file.
2025-11-05 18:29:32,403 [ERROR] LogOutputStream:75 - [STDERR_REDIRECT] 
2025-11-05 18:29:33,391 [ERROR] LogOutputStream:75 - [STDERR_REDIRECT] [Fatal Error] :1:1: Premature end of file.
2025-11-05 18:29:33,392 [ERROR] LogOutputStream:75 - [STDERR_REDIRECT] 
2025-11-05 18:29:34,394 [ERROR] LogOutputStream:75 - [STDERR_REDIRECT] [Fatal Error] :1:1: Premature end of file.
2025-11-05 18:29:34,394 [ERROR] LogOutputStream:75 - [STDERR_REDIRECT] 
2025-11-05 18:29:35,395 [ERROR] LogOutputStream:75 - [STDERR_REDIRECT] [Fatal Error] :1:1: Premature end of file.
2025-11-05 18:29:35,395 [ERROR] LogOutputStream:75 - [STDERR_REDIRECT] 
2025-11-05 18:29:36,399 [ERROR] LogOutputStream:75 - [STDERR_REDIRECT] [Fatal Error] :1:1: Premature end of file.
2025-11-05 18:29:36,399 [ERROR] LogOutputStream:75 - [STDERR_REDIRECT] 
2025-11-05 18:29:37,404 [ERROR] LogOutputStream:75 - [STDERR_REDIRECT] [Fatal Error] :1:1: Premature end of file.
2025-11-05 18:29:37,404 [ERROR] LogOutputStream:75 - [STDERR_REDIRECT] 
2025-11-05 18:29:38,407 [ERROR] LogOutputStream:75 - [STDERR_REDIRECT] [Fatal Error] :1:1: Premature end of file.
2025-11-05 18:29:38,408 [ERROR] LogOutputStream:75 - [STDERR_REDIRECT] 
2025-11-05 18:29:39,390 [ERROR] LogOutputStream:75 - [STDERR_REDIRECT] [Fatal Error] :1:1: Premature end of file.
2025-11-05 18:29:39,390 [ERROR] LogOutputStream:75 - [STDERR_REDIRECT] 
2025-11-05 18:29:40,397 [ERROR] LogOutputStream:75 - [STDERR_REDIRECT] [Fatal Error] :1:1: Premature end of file.
2025-11-05 18:29:40,397 [ERROR] LogOutputStream:75 - [STDERR_REDIRECT] 
2025-11-05 18:29:41,393 [ERROR] LogOutputStream:75 - [STDERR_REDIRECT] [Fatal Error] :1:1: Premature end of file.
2025-11-05 18:29:41,394 [ERROR] LogOutputStream:75 - [STDERR_REDIRECT] 
2025-11-05 18:29:42,391 [ERROR] LogOutputStream:75 - [STDERR_REDIRECT] [Fatal Error] :1:1: Premature end of file.
2025-11-05 18:29:42,392 [ERROR] LogOutputStream:75 - [STDERR_REDIRECT] 
2025-11-05 18:29:43,385 [ERROR] LogOutputStream:75 - [STDERR_REDIRECT] [Fatal Error] :1:1: Premature end of file.
2025-11-05 18:29:43,385 [ERROR] LogOutputStream:75 - [STDERR_REDIRECT] 
2025-11-05 18:29:44,390 [ERROR] LogOutputStream:75 - [STDERR_REDIRECT] [Fatal Error] :1:1: Premature end of file.
2025-11-05 18:29:44,390 [ERROR] LogOutputStream:75 - [STDERR_REDIRECT] 
2025-11-05 18:29:45,384 [ERROR] LogOutputStream:75 - [STDERR_REDIRECT] [Fatal Error] :1:1: Premature end of file.
2025-11-05 18:29:45,384 [ERROR] LogOutputStream:75 - [STDERR_REDIRECT] 
2025-11-05 18:29:46,416 [ERROR] LogOutputStream:75 - [STDERR_REDIRECT] [Fatal Error] :1:1: Premature end of file.
2025-11-05 18:29:46,416 [ERROR] LogOutputStream:75 - [STDERR_REDIRECT] 
2025-11-05 18:29:47,396 [ERROR] LogOutputStream:75 - [STDERR_REDIRECT] [Fatal Error] :1:1: Premature end of file.
2025-11-05 18:29:47,396 [ERROR] LogOutputStream:75 - [STDERR_REDIRECT] 
2025-11-05 18:29:48,393 [ERROR] LogOutputStream:75 - [STDERR_REDIRECT] [Fatal Error] :1:1: Premature end of file.
2025-11-05 18:29:48,393 [ERROR] LogOutputStream:75 - [STDERR_REDIRECT] 
2025-11-05 18:29:49,398 [ERROR] LogOutputStream:75 - [STDERR_REDIRECT] [Fatal Error] :1:1: Premature end of file.
2025-11-05 18:29:49,398 [ERROR] LogOutputStream:75 - [STDERR_REDIRECT] 
2025-11-05 18:29:50,399 [ERROR] LogOutputStream:75 - [STDERR_REDIRECT] [Fatal Error] :1:1: Premature end of file.
2025-11-05 18:29:50,399 [ERROR] LogOutputStream:75 - [STDERR_REDIRECT] 
2025-11-05 18:29:51,415 [ERROR] LogOutputStream:75 - [STDERR_REDIRECT] [Fatal Error] :1:1: Premature end of file.
2025-11-05 18:29:51,415 [ERROR] LogOutputStream:75 - [STDERR_REDIRECT] 
2025-11-05 18:29:52,403 [ERROR] LogOutputStream:75 - [STDERR_REDIRECT] [Fatal Error] :1:1: Premature end of file.
2025-11-05 18:29:52,404 [ERROR] LogOutputStream:75 - [STDERR_REDIRECT] 
2025-11-05 18:29:53,427 [ERROR] LogOutputStream:75 - [STDERR_REDIRECT] [Fatal Error] :1:1: Premature end of file.
2025-11-05 18:29:53,427 [ERROR] LogOutputStream:75 - [STDERR_REDIRECT] 
2025-11-05 18:29:54,391 [ERROR] LogOutputStream:75 - [STDERR_REDIRECT] [Fatal Error] :1:1: Premature end of file.
2025-11-05 18:29:54,391 [ERROR] LogOutputStream:75 - [STDERR_REDIRECT] 
2025-11-05 18:29:55,397 [ERROR] LogOutputStream:75 - [STDERR_REDIRECT] [Fatal Error] :1:1: Premature end of file.
2025-11-05 18:29:55,397 [ERROR] LogOutputStream:75 - [STDERR_REDIRECT] 
2025-11-05 18:29:56,389 [ERROR] LogOutputStream:75 - [STDERR_REDIRECT] [Fatal Error] :1:1: Premature end of file.
2025-11-05 18:29:56,389 [ERROR] LogOutputStream:75 - [STDERR_REDIRECT] 
2025-11-05 18:29:57,381 [ERROR] LogOutputStream:75 - [STDERR_REDIRECT] [Fatal Error] :1:1: Premature end of file.
2025-11-05 18:29:57,382 [ERROR] LogOutputStream:75 - [STDERR_REDIRECT] 
2025-11-05 18:29:58,387 [ERROR] LogOutputStream:75 - [STDERR_REDIRECT] [Fatal Error] :1:1: Premature end of file.
2025-11-05 18:29:58,387 [ERROR] LogOutputStream:75 - [STDERR_REDIRECT] 
2025-11-05 18:29:59,408 [ERROR] LogOutputStream:75 - [STDERR_REDIRECT] [Fatal Error] :1:1: Premature end of file.
2025-11-05 18:29:59,408 [ERROR] LogOutputStream:75 - [STDERR_REDIRECT] 
2025-11-05 18:30:00,416 [ERROR] LogOutputStream:75 - [STDERR_REDIRECT] [Fatal Error] :1:1: Premature end of file.
2025-11-05 18:30:00,417 [ERROR] LogOutputStream:75 - [STDERR_REDIRECT] 
2025-11-05 18:30:01,395 [ERROR] LogOutputStream:75 - [STDERR_REDIRECT] [Fatal Error] :1:1: Premature end of file.
2025-11-05 18:30:01,396 [ERROR] LogOutputStream:75 - [STDERR_REDIRECT] 
2025-11-05 18:30:02,411 [ERROR] LogOutputStream:75 - [STDERR_REDIRECT] [Fatal Error] :1:1: Premature end of file.
2025-11-05 18:30:02,411 [ERROR] LogOutputStream:75 - [STDERR_REDIRECT] 
2025-11-05 18:30:03,389 [ERROR] LogOutputStream:75 - [STDERR_REDIRECT] [Fatal Error] :1:1: Premature end of file.
2025-11-05 18:30:03,389 [ERROR] LogOutputStream:75 - [STDERR_REDIRECT] 
2025-11-05 18:30:04,396 [ERROR] LogOutputStream:75 - [STDERR_REDIRECT] [Fatal Error] :1:1: Premature end of file.
2025-11-05 18:30:04,397 [ERROR] LogOutputStream:75 - [STDERR_REDIRECT] 
2025-11-05 18:30:05,391 [ERROR] LogOutputStream:75 - [STDERR_REDIRECT] [Fatal Error] :1:1: Premature end of file.
2025-11-05 18:30:05,391 [ERROR] LogOutputStream:75 - [STDERR_REDIRECT] 
2025-11-05 18:30:06,402 [ERROR] LogOutputStream:75 - [STDERR_REDIRECT] [Fatal Error] :1:1: Premature end of file.
2025-11-05 18:30:06,403 [ERROR] LogOutputStream:75 - [STDERR_REDIRECT] 
2025-11-05 18:30:07,395 [ERROR] LogOutputStream:75 - [STDERR_REDIRECT] [Fatal Error] :1:1: Premature end of file.
2025-11-05 18:30:07,395 [ERROR] LogOutputStream:75 - [STDERR_REDIRECT] 
2025-11-05 18:30:08,393 [ERROR] LogOutputStream:75 - [STDERR_REDIRECT] [Fatal Error] :1:1: Premature end of file.
2025-11-05 18:30:08,393 [ERROR] LogOutputStream:75 - [STDERR_REDIRECT] 
2025-11-05 18:30:09,399 [ERROR] LogOutputStream:75 - [STDERR_REDIRECT] [Fatal Error] :1:1: Premature end of file.
2025-11-05 18:30:09,399 [ERROR] LogOutputStream:75 - [STDERR_REDIRECT] 
2025-11-05 18:30:10,396 [ERROR] LogOutputStream:75 - [STDERR_REDIRECT] [Fatal Error] :1:1: Premature end of file.
2025-11-05 18:30:10,396 [ERROR] LogOutputStream:75 - [STDERR_REDIRECT] 
2025-11-05 18:30:11,394 [ERROR] LogOutputStream:75 - [STDERR_REDIRECT] [Fatal Error] :1:1: Premature end of file.
2025-11-05 18:30:11,395 [ERROR] LogOutputStream:75 - [STDERR_REDIRECT] 
2025-11-05 18:30:12,392 [ERROR] LogOutputStream:75 - [STDERR_REDIRECT] [Fatal Error] :1:1: Premature end of file.
2025-11-05 18:30:12,393 [ERROR] LogOutputStream:75 - [STDERR_REDIRECT] 
2025-11-05 18:30:13,398 [ERROR] LogOutputStream:75 - [STDERR_REDIRECT] [Fatal Error] :1:1: Premature end of file.
2025-11-05 18:30:13,398 [ERROR] LogOutputStream:75 - [STDERR_REDIRECT] 
2025-11-05 18:30:14,427 [ERROR] LogOutputStream:75 - [STDERR_REDIRECT] [Fatal Error] :1:1: Premature end of file.
2025-11-05 18:30:14,428 [ERROR] LogOutputStream:75 - [STDERR_REDIRECT] 
2025-11-05 18:30:15,390 [ERROR] LogOutputStream:75 - [STDERR_REDIRECT] [Fatal Error] :1:1: Premature end of file.
2025-11-05 18:30:15,390 [ERROR] LogOutputStream:75 - [STDERR_REDIRECT] 
2025-11-05 18:30:16,397 [ERROR] LogOutputStream:75 - [STDERR_REDIRECT] [Fatal Error] :1:1: Premature end of file.
2025-11-05 18:30:16,397 [ERROR] LogOutputStream:75 - [STDERR_REDIRECT] 
2025-11-05 18:30:17,387 [ERROR] LogOutputStream:75 - [STDERR_REDIRECT] [Fatal Error] :1:1: Premature end of file.
2025-11-05 18:30:17,387 [ERROR] LogOutputStream:75 - [STDERR_REDIRECT] 
2025-11-05 18:30:18,401 [ERROR] LogOutputStream:75 - [STDERR_REDIRECT] [Fatal Error] :1:1: Premature end of file.
2025-11-05 18:30:18,401 [ERROR] LogOutputStream:75 - [STDERR_REDIRECT] 
2025-11-05 18:30:19,364 [ERROR] LogOutputStream:75 - [STDERR_REDIRECT] [Fatal Error] :1:1: Premature end of file.
2025-11-05 18:30:19,366 [ERROR] LogOutputStream:75 - [STDERR_REDIRECT] 
2025-11-05 18:30:20,355 [ERROR] LogOutputStream:75 - [STDERR_REDIRECT] [Fatal Error] :1:1: Premature end of file.
2025-11-05 18:30:20,357 [ERROR] LogOutputStream:75 - [STDERR_REDIRECT] 
2025-11-05 18:30:21,356 [ERROR] LogOutputStream:75 - [STDERR_REDIRECT] [Fatal Error] :1:1: Premature end of file.
2025-11-05 18:30:21,356 [ERROR] LogOutputStream:75 - [STDERR_REDIRECT] 
2025-11-05 18:30:22,358 [ERROR] LogOutputStream:75 - [STDERR_REDIRECT] [Fatal Error] :1:1: Premature end of file.
2025-11-05 18:30:22,358 [ERROR] LogOutputStream:75 - [STDERR_REDIRECT] 
2025-11-05 18:30:23,344 [ERROR] LogOutputStream:75 - [STDERR_REDIRECT] [Fatal Error] :1:1: Premature end of file.
2025-11-05 18:30:23,344 [ERROR] LogOutputStream:75 - [STDERR_REDIRECT] 
2025-11-05 18:30:24,341 [ERROR] LogOutputStream:75 - [STDERR_REDIRECT] [Fatal Error] :1:1: Premature end of file.
2025-11-05 18:30:24,341 [ERROR] LogOutputStream:75 - [STDERR_REDIRECT] 
2025-11-05 18:30:25,339 [ERROR] LogOutputStream:75 - [STDERR_REDIRECT] [Fatal Error] :1:1: Premature end of file.
2025-11-05 18:30:25,342 [ERROR] LogOutputStream:75 - [STDERR_REDIRECT] 
2025-11-05 18:30:26,394 [ERROR] LogOutputStream:75 - [STDERR_REDIRECT] [Fatal Error] :1:1: Premature end of file.
2025-11-05 18:30:26,394 [ERROR] LogOutputStream:75 - [STDERR_REDIRECT] 
2025-11-05 18:30:27,337 [ERROR] LogOutputStream:75 - [STDERR_REDIRECT] 
