2025-12-13 14:55:23,851 [INFO] Activator:176 - 


2025-12-13 14:55:23,855 [INFO] Activator:177 - !SESSION log4j initialized
2025-12-13 14:55:27,550 [INFO] LogOutputStream:77 - [STDOUT_REDIRECT] 
2025-12-13 14:55:29,454 [ERROR] LogOutputStream:75 - [STDERR_REDIRECT] [Fatal Error] :1:1: Premature end of file.
2025-12-13 14:55:29,455 [ERROR] LogOutputStream:75 - [STDERR_REDIRECT] 
2025-12-13 14:55:29,466 [INFO] ApplicationProperties:184 - Using Application install path: C:\ST\STM32CubeIDE_1.18.1\STM32CubeIDE\plugins\com.st.stm32cube.common.mx_6.15.0.202507011659
2025-12-13 14:55:29,484 [INFO] DbMcusXml:78 - Set database path to: C:\ST\STM32CubeIDE_1.18.1\STM32CubeIDE\plugins\com.st.stm32cube.common.mx_6.15.0.202507011659\\db\/mcu/
2025-12-13 14:55:29,484 [INFO] ApiDb:274 - Set plugin database path to: C:\ST\STM32CubeIDE_1.18.1\STM32CubeIDE\plugins\com.st.stm32cube.common.mx_6.15.0.202507011659\\db\/plugins/boardmanager/
2025-12-13 14:55:29,484 [WARN] ApiDb:259 - Overriding images path with different value:  => C:\ST\STM32CubeIDE_1.18.1\STM32CubeIDE\plugins\com.st.stm32cube.common.mx_6.15.0.202507011659\\db\/plugins/mcufinder/images/
2025-12-13 14:55:29,493 [INFO] ApiDb:250 - Set database path to: C:\Users\mathe\.stmcufinder\plugins\mcufinder//mcu/
2025-12-13 14:55:29,494 [INFO] DbMcusAds:125 - Set database path to: C:\Users\mathe\.stmcufinder\plugins\mcufinder//mcu/
2025-12-13 14:55:29,497 [INFO] CrossReferenceDbSqlite:203 - Set database path to: C:\Users\mathe\.stmcufinder\plugins\mcufinder//mcu/cs/
2025-12-13 14:55:29,607 [INFO] RulesReader:64 - Compatibility file has been processed (317 Rules)
2025-12-13 14:55:29,678 [INFO] DbMcusXml:78 - Set database path to: C:\ST\STM32CubeIDE_1.18.1\STM32CubeIDE\plugins\com.st.stm32cube.common.mx_6.15.0.202507011659\\db\/mcu/
2025-12-13 14:55:29,678 [INFO] ApiDb:274 - Set plugin database path to: C:\ST\STM32CubeIDE_1.18.1\STM32CubeIDE\plugins\com.st.stm32cube.common.mx_6.15.0.202507011659\\db\/plugins/boardmanager/
2025-12-13 14:55:29,680 [INFO] ApiDb:261 - Set plugin images path to: C:\ST\STM32CubeIDE_1.18.1\STM32CubeIDE\plugins\com.st.stm32cube.common.mx_6.15.0.202507011659\\db\/plugins/mcufinder/images/
2025-12-13 14:55:29,680 [WARN] DbFile:41 - Overriding database path with different value: C:\Users\mathe\.stmcufinder\plugins\mcufinder/ => C:\Users\mathe\.stmcufinder\plugins\mcufinder
2025-12-13 14:55:29,680 [INFO] ApiDb:250 - Set database path to: C:\Users\mathe\.stmcufinder\plugins\mcufinder//mcu/
2025-12-13 14:55:29,680 [WARN] DbFile:41 - Overriding database path with different value: C:\Users\mathe\.stmcufinder\plugins\mcufinder/ => C:\Users\mathe\.stmcufinder\plugins\mcufinder
2025-12-13 14:55:29,681 [INFO] DbMcusAds:125 - Set database path to: C:\Users\mathe\.stmcufinder\plugins\mcufinder//mcu/
2025-12-13 14:55:29,681 [WARN] DbFile:41 - Overriding database path with different value: C:\Users\mathe\.stmcufinder\plugins\mcufinder/ => C:\Users\mathe\.stmcufinder\plugins\mcufinder
2025-12-13 14:55:29,681 [WARN] DbFile:41 - Overriding database path with different value: C:\Users\mathe\.stmcufinder\plugins\mcufinder/ => C:\Users\mathe\.stmcufinder\plugins\mcufinder
2025-12-13 14:55:29,681 [INFO] CrossReferenceDbSqlite:203 - Set database path to: C:\Users\mathe\.stmcufinder\plugins\mcufinder//mcu/cs/
2025-12-13 14:55:29,743 [INFO] MainPanel:274 - HeapMemory: 268435456
2025-12-13 14:55:29,970 [INFO] DbMcusXml:78 - Set database path to: C:\ST\STM32CubeIDE_1.18.1\STM32CubeIDE\plugins\com.st.stm32cube.common.mx_6.15.0.202507011659\\db\/mcu/
2025-12-13 14:55:29,971 [INFO] ApiDb:274 - Set plugin database path to: C:\ST\STM32CubeIDE_1.18.1\STM32CubeIDE\plugins\com.st.stm32cube.common.mx_6.15.0.202507011659\\db\/plugins/boardmanager/
2025-12-13 14:55:29,971 [INFO] ApiDb:261 - Set plugin images path to: C:\ST\STM32CubeIDE_1.18.1\STM32CubeIDE\plugins\com.st.stm32cube.common.mx_6.15.0.202507011659\\db\/plugins/mcufinder/images/
2025-12-13 14:55:29,973 [WARN] DbFile:41 - Overriding database path with different value: C:\Users\mathe\.stmcufinder\plugins\mcufinder/ => C:\Users\mathe\.stmcufinder\plugins\mcufinder
2025-12-13 14:55:29,973 [INFO] ApiDb:250 - Set database path to: C:\Users\mathe\.stmcufinder\plugins\mcufinder//mcu/
2025-12-13 14:55:29,973 [WARN] DbFile:41 - Overriding database path with different value: C:\Users\mathe\.stmcufinder\plugins\mcufinder/ => C:\Users\mathe\.stmcufinder\plugins\mcufinder
2025-12-13 14:55:29,973 [INFO] DbMcusAds:125 - Set database path to: C:\Users\mathe\.stmcufinder\plugins\mcufinder//mcu/
2025-12-13 14:55:29,973 [WARN] DbFile:41 - Overriding database path with different value: C:\Users\mathe\.stmcufinder\plugins\mcufinder/ => C:\Users\mathe\.stmcufinder\plugins\mcufinder
2025-12-13 14:55:29,973 [WARN] DbFile:41 - Overriding database path with different value: C:\Users\mathe\.stmcufinder\plugins\mcufinder/ => C:\Users\mathe\.stmcufinder\plugins\mcufinder
2025-12-13 14:55:29,973 [INFO] CrossReferenceDbSqlite:203 - Set database path to: C:\Users\mathe\.stmcufinder\plugins\mcufinder//mcu/cs/
2025-12-13 14:55:30,010 [INFO] ApplicationProperties:184 - Using Application install path: C:\ST\STM32CubeIDE_1.18.1\STM32CubeIDE\plugins\com.st.stm32cube.common.mx_6.15.0.202507011659
2025-12-13 14:55:30,013 [INFO] PluginManage:196 - Search for loadable plugins [exclusion list=, ]
2025-12-13 14:55:30,018 [INFO] PluginManage:310 - Check plugin analytics
2025-12-13 14:55:30,416 [ERROR] LogOutputStream:75 - [STDERR_REDIRECT] [Fatal Error] :1:1: Premature end of file.
2025-12-13 14:55:30,418 [ERROR] LogOutputStream:75 - [STDERR_REDIRECT] 
2025-12-13 14:55:30,447 [INFO] AnalyticsPlugin:253 - Accepted Software Licenses: 
2025-12-13 14:55:30,447 [INFO] AnalyticsPlugin:255 - Accepted CMSIS Pack Licenses: 
2025-12-13 14:55:30,447 [INFO] AnalyticsPlugin:257 - Accepted Firmware Licenses: 
2025-12-13 14:55:30,454 [INFO] PluginManage:359 - Loaded plugin analytics (category:tool,tabindex:-1)
2025-12-13 14:55:30,455 [INFO] PluginManage:310 - Check plugin cadmodel
2025-12-13 14:55:30,466 [INFO] CADModel:105 - Init CAD model plugin
2025-12-13 14:55:30,466 [INFO] PluginManage:359 - Loaded plugin cadmodel (category:power,tabindex:5)
2025-12-13 14:55:30,466 [INFO] PluginManage:310 - Check plugin clock
2025-12-13 14:55:30,485 [INFO] PluginManage:359 - Loaded plugin clock (category:base,tabindex:2)
2025-12-13 14:55:30,485 [INFO] PluginManage:310 - Check plugin ddr
2025-12-13 14:55:30,490 [INFO] PluginManage:359 - Loaded plugin ddr (category:tool,tabindex:6)
2025-12-13 14:55:30,491 [INFO] PluginManage:310 - Check plugin filemanager
2025-12-13 14:55:30,615 [INFO] PluginManage:359 - Loaded plugin filemanager (category:base,tabindex:10)
2025-12-13 14:55:30,616 [INFO] PluginManage:310 - Check plugin ipmanager
2025-12-13 14:55:30,621 [INFO] PluginManage:359 - Loaded plugin ipmanager (category:base,tabindex:5)
2025-12-13 14:55:30,621 [INFO] PluginManage:310 - Check plugin lpbam
2025-12-13 14:55:30,628 [INFO] PluginManage:359 - Loaded plugin lpbam (category:base,tabindex:0)
2025-12-13 14:55:30,628 [INFO] PluginManage:310 - Check plugin memorymap
2025-12-13 14:55:30,642 [INFO] PluginManage:359 - Loaded plugin memorymap (category:base,tabindex:4)
2025-12-13 14:55:30,642 [INFO] PluginManage:310 - Check plugin pinoutandconfiguration
2025-12-13 14:55:30,650 [INFO] PluginManage:359 - Loaded plugin pinoutandconfiguration (category:base,tabindex:1)
2025-12-13 14:55:30,650 [INFO] PluginManage:310 - Check plugin pinoutconfig
2025-12-13 14:55:30,738 [WARN] SupportedApi:132 - Cannot load RTOS API schema: s4s-elt-must-match.1: The content of 'definitions' must match (annotation?, (simpleType | complexType)?, (unique | key | keyref)*)). A problem was found starting at: attribute.
2025-12-13 14:55:30,916 [INFO] PluginManage:359 - Loaded plugin pinoutconfig (category:base,tabindex:0)
2025-12-13 14:55:30,917 [INFO] PluginManage:310 - Check plugin power
2025-12-13 14:55:30,927 [INFO] PluginManage:359 - Loaded plugin power (category:power,tabindex:4)
2025-12-13 14:55:30,927 [INFO] PluginManage:310 - Check plugin projectmanager
2025-12-13 14:55:30,944 [INFO] PluginManage:359 - Loaded plugin projectmanager (category:projectmanager,tabindex:4)
2025-12-13 14:55:30,945 [INFO] PluginManage:310 - Check plugin rif
2025-12-13 14:55:30,955 [INFO] PluginManage:359 - Loaded plugin rif (category:base,tabindex:3)
2025-12-13 14:55:30,955 [INFO] PluginManage:310 - Check plugin thirdparty
2025-12-13 14:55:31,115 [WARN] IntegrityCheckThread:84 - waiting for thirdparty lock release [integrity check]
2025-12-13 14:55:31,115 [INFO] IntegrityCheckThread:86 - entering critical section [integrity check]
2025-12-13 14:55:31,115 [INFO] ThirdPartyUpdaterWithRetryManager:70 - Updater plugin not ready yet. [1/15]
2025-12-13 14:55:31,117 [INFO] PluginManage:359 - Loaded plugin thirdparty (category:base,tabindex:-1)
2025-12-13 14:55:31,117 [INFO] PluginManage:310 - Check plugin tools
2025-12-13 14:55:31,122 [INFO] PluginManage:359 - Loaded plugin tools (category:base,tabindex:7)
2025-12-13 14:55:31,124 [INFO] PluginManage:310 - Check plugin tutovideos
2025-12-13 14:55:31,308 [INFO] PluginManage:359 - Loaded plugin tutovideos (category:base,tabindex:-1)
2025-12-13 14:55:31,308 [INFO] PluginManage:310 - Check plugin updater
2025-12-13 14:55:31,333 [INFO] PluginManage:359 - Loaded plugin updater (category:base,tabindex:12)
2025-12-13 14:55:31,333 [INFO] PluginManage:310 - Check plugin userauth
2025-12-13 14:55:31,338 [INFO] UserAuth:118 - Init User Auth plugin
2025-12-13 14:55:31,339 [INFO] PluginManage:359 - Loaded plugin userauth (category:base,tabindex:14)
2025-12-13 14:55:31,339 [INFO] PluginManage:283 - PluginManage : Loaded plugins [18]
2025-12-13 14:55:31,416 [ERROR] LogOutputStream:75 - [STDERR_REDIRECT] [Fatal Error] :1:1: Premature end of file.
2025-12-13 14:55:31,416 [ERROR] LogOutputStream:75 - [STDERR_REDIRECT] 
2025-12-13 14:55:31,545 [INFO] PinOutPanel:1589 - setPackage(No Configuration,No Configuration)
2025-12-13 14:55:31,618 [INFO] CADModel:165 - CPN selected for project level
2025-12-13 14:55:31,618 [INFO] CADModel:114 - Register for checkConnection events
2025-12-13 14:55:31,632 [INFO] IPUIPlugin:80 - create IPUIPlugin
2025-12-13 14:55:31,632 [INFO] PluginManager:220 - loadIPPluginJar : add adc
2025-12-13 14:55:31,633 [INFO] IPUIPlugin:80 - create IPUIPlugin
2025-12-13 14:55:31,634 [INFO] PluginManager:220 - loadIPPluginJar : add aes
2025-12-13 14:55:31,635 [INFO] IPUIPlugin:80 - create IPUIPlugin
2025-12-13 14:55:31,636 [INFO] PluginManager:220 - loadIPPluginJar : add can
2025-12-13 14:55:31,637 [INFO] IPUIPlugin:80 - create IPUIPlugin
2025-12-13 14:55:31,637 [INFO] PluginManager:220 - loadIPPluginJar : add comp
2025-12-13 14:55:31,639 [INFO] IPUIPlugin:80 - create IPUIPlugin
2025-12-13 14:55:31,639 [INFO] PluginManager:220 - loadIPPluginJar : add cryp
2025-12-13 14:55:31,642 [INFO] IPUIPlugin:80 - create IPUIPlugin
2025-12-13 14:55:31,642 [INFO] PluginManager:220 - loadIPPluginJar : add ddr_ctrl_phy
2025-12-13 14:55:31,644 [INFO] IPUIPlugin:80 - create IPUIPlugin
2025-12-13 14:55:31,644 [INFO] PluginManager:220 - loadIPPluginJar : add dfsdm
2025-12-13 14:55:31,648 [INFO] IPUIPlugin:80 - create IPUIPlugin
2025-12-13 14:55:31,648 [INFO] PluginManager:220 - loadIPPluginJar : add dma
2025-12-13 14:55:31,650 [INFO] IPUIPlugin:80 - create IPUIPlugin
2025-12-13 14:55:31,650 [INFO] PluginManager:220 - loadIPPluginJar : add dma3
2025-12-13 14:55:31,652 [INFO] IPUIPlugin:80 - create IPUIPlugin
2025-12-13 14:55:31,653 [INFO] PluginManager:220 - loadIPPluginJar : add extmemmanager
2025-12-13 14:55:31,654 [INFO] IPUIPlugin:80 - create IPUIPlugin
2025-12-13 14:55:31,654 [INFO] PluginManager:220 - loadIPPluginJar : add fatfs
2025-12-13 14:55:31,657 [INFO] IPUIPlugin:80 - create IPUIPlugin
2025-12-13 14:55:31,657 [INFO] PluginManager:220 - loadIPPluginJar : add fmc
2025-12-13 14:55:31,663 [INFO] IPUIPlugin:80 - create IPUIPlugin
2025-12-13 14:55:31,663 [INFO] PluginManager:220 - loadIPPluginJar : add freertos
2025-12-13 14:55:31,664 [INFO] IPUIPlugin:80 - create IPUIPlugin
2025-12-13 14:55:31,664 [INFO] PluginManager:220 - loadIPPluginJar : add genericplugin
2025-12-13 14:55:31,665 [INFO] IPUIPlugin:80 - create IPUIPlugin
2025-12-13 14:55:31,665 [INFO] PluginManager:220 - loadIPPluginJar : add gfxmmu
2025-12-13 14:55:31,669 [INFO] IPUIPlugin:80 - create IPUIPlugin
2025-12-13 14:55:31,669 [INFO] PluginManager:220 - loadIPPluginJar : add gic
2025-12-13 14:55:31,672 [INFO] IPUIPlugin:80 - create IPUIPlugin
2025-12-13 14:55:31,672 [INFO] PluginManager:220 - loadIPPluginJar : add gpio
2025-12-13 14:55:31,674 [INFO] IPUIPlugin:80 - create IPUIPlugin
2025-12-13 14:55:31,675 [INFO] PluginManager:220 - loadIPPluginJar : add gtzc
2025-12-13 14:55:31,676 [INFO] IPUIPlugin:80 - create IPUIPlugin
2025-12-13 14:55:31,676 [INFO] PluginManager:220 - loadIPPluginJar : add hash
2025-12-13 14:55:31,680 [INFO] IPUIPlugin:80 - create IPUIPlugin
2025-12-13 14:55:31,680 [INFO] PluginManager:220 - loadIPPluginJar : add i2c
2025-12-13 14:55:31,681 [INFO] IPUIPlugin:80 - create IPUIPlugin
2025-12-13 14:55:31,681 [INFO] PluginManager:220 - loadIPPluginJar : add i2s
2025-12-13 14:55:31,684 [INFO] IPUIPlugin:80 - create IPUIPlugin
2025-12-13 14:55:31,684 [INFO] PluginManager:220 - loadIPPluginJar : add i3c
2025-12-13 14:55:31,687 [INFO] IPUIPlugin:80 - create IPUIPlugin
2025-12-13 14:55:31,687 [INFO] PluginManager:220 - loadIPPluginJar : add ipddr
2025-12-13 14:55:31,693 [INFO] IPUIPlugin:80 - create IPUIPlugin
2025-12-13 14:55:31,693 [INFO] PluginManager:220 - loadIPPluginJar : add linkedlist
2025-12-13 14:55:31,696 [INFO] IPUIPlugin:80 - create IPUIPlugin
2025-12-13 14:55:31,697 [INFO] PluginManager:220 - loadIPPluginJar : add lorawan
2025-12-13 14:55:31,698 [INFO] IPUIPlugin:80 - create IPUIPlugin
2025-12-13 14:55:31,698 [INFO] PluginManager:220 - loadIPPluginJar : add ltdc
2025-12-13 14:55:31,702 [INFO] IPUIPlugin:80 - create IPUIPlugin
2025-12-13 14:55:31,702 [INFO] PluginManager:220 - loadIPPluginJar : add mdma
2025-12-13 14:55:31,705 [INFO] IPUIPlugin:80 - create IPUIPlugin
2025-12-13 14:55:31,705 [INFO] PluginManager:220 - loadIPPluginJar : add nvic
2025-12-13 14:55:31,707 [INFO] IPUIPlugin:80 - create IPUIPlugin
2025-12-13 14:55:31,707 [INFO] PluginManager:220 - loadIPPluginJar : add opamp
2025-12-13 14:55:31,709 [INFO] IPUIPlugin:80 - create IPUIPlugin
2025-12-13 14:55:31,709 [INFO] PluginManager:220 - loadIPPluginJar : add openamp
2025-12-13 14:55:31,711 [INFO] IPUIPlugin:80 - create IPUIPlugin
2025-12-13 14:55:31,711 [INFO] PluginManager:220 - loadIPPluginJar : add pdm2pcm
2025-12-13 14:55:31,716 [INFO] IPUIPlugin:80 - create IPUIPlugin
2025-12-13 14:55:31,718 [INFO] PluginManager:220 - loadIPPluginJar : add plateformsettings
2025-12-13 14:55:31,719 [INFO] IPUIPlugin:80 - create IPUIPlugin
2025-12-13 14:55:31,719 [INFO] PluginManager:220 - loadIPPluginJar : add quadspi
2025-12-13 14:55:31,721 [INFO] IPUIPlugin:80 - create IPUIPlugin
2025-12-13 14:55:31,721 [INFO] PluginManager:220 - loadIPPluginJar : add radio
2025-12-13 14:55:31,725 [INFO] IPUIPlugin:80 - create IPUIPlugin
2025-12-13 14:55:31,725 [INFO] PluginManager:220 - loadIPPluginJar : add resmgrutility
2025-12-13 14:55:31,728 [INFO] IPUIPlugin:80 - create IPUIPlugin
2025-12-13 14:55:31,728 [INFO] PluginManager:220 - loadIPPluginJar : add sai
2025-12-13 14:55:31,730 [INFO] IPUIPlugin:80 - create IPUIPlugin
2025-12-13 14:55:31,730 [INFO] PluginManager:220 - loadIPPluginJar : add spi
2025-12-13 14:55:31,736 [INFO] IPUIPlugin:80 - create IPUIPlugin
2025-12-13 14:55:31,736 [INFO] PluginManager:220 - loadIPPluginJar : add stm32_wpan
2025-12-13 14:55:31,738 [INFO] IPUIPlugin:80 - create IPUIPlugin
2025-12-13 14:55:31,738 [INFO] PluginManager:220 - loadIPPluginJar : add tim
2025-12-13 14:55:31,740 [INFO] IPUIPlugin:80 - create IPUIPlugin
2025-12-13 14:55:31,741 [INFO] PluginManager:220 - loadIPPluginJar : add touchsensing
2025-12-13 14:55:31,742 [INFO] IPUIPlugin:80 - create IPUIPlugin
2025-12-13 14:55:31,743 [INFO] PluginManager:220 - loadIPPluginJar : add tracer_emb
2025-12-13 14:55:31,744 [INFO] IPUIPlugin:80 - create IPUIPlugin
2025-12-13 14:55:31,744 [INFO] PluginManager:220 - loadIPPluginJar : add ts
2025-12-13 14:55:31,745 [INFO] IPUIPlugin:80 - create IPUIPlugin
2025-12-13 14:55:31,745 [INFO] PluginManager:220 - loadIPPluginJar : add tsc
2025-12-13 14:55:31,747 [INFO] IPUIPlugin:80 - create IPUIPlugin
2025-12-13 14:55:31,747 [INFO] PluginManager:220 - loadIPPluginJar : add ucpd
2025-12-13 14:55:31,749 [INFO] IPUIPlugin:80 - create IPUIPlugin
2025-12-13 14:55:31,749 [INFO] PluginManager:220 - loadIPPluginJar : add usart
2025-12-13 14:55:31,751 [INFO] IPUIPlugin:80 - create IPUIPlugin
2025-12-13 14:55:31,751 [INFO] PluginManager:220 - loadIPPluginJar : add usbx
2025-12-13 14:55:31,862 [FATAL] Updater:351 - Updater called before beeing initialized
2025-12-13 14:55:31,893 [INFO] RulesReader:64 - Compatibility file has been processed (317 Rules)
2025-12-13 14:55:31,909 [INFO] RulesReader:64 - Compatibility file has been processed (317 Rules)
2025-12-13 14:55:31,926 [INFO] CADModel:165 - CPN selected for project level
2025-12-13 14:55:31,926 [INFO] CADModel:114 - Register for checkConnection events
2025-12-13 14:55:31,926 [FATAL] Updater:351 - Updater called before beeing initialized
2025-12-13 14:55:31,926 [ERROR] CADModel:125 - Updater not yet initialized, retry later 
2025-12-13 14:55:32,107 [FATAL] Updater:351 - Updater called before beeing initialized
2025-12-13 14:55:32,111 [INFO] CADModel:165 - CPN selected for project level
2025-12-13 14:55:32,111 [INFO] CADModel:114 - Register for checkConnection events
2025-12-13 14:55:32,111 [FATAL] Updater:351 - Updater called before beeing initialized
2025-12-13 14:55:32,111 [ERROR] CADModel:125 - Updater not yet initialized, retry later 
2025-12-13 14:55:32,115 [FATAL] Updater:351 - Updater called before beeing initialized
2025-12-13 14:55:32,214 [FATAL] Updater:351 - Updater called before beeing initialized
2025-12-13 14:55:32,217 [INFO] DbMcusAds:53 - JSON generation date=Thu Oct 02 15:06:05 IST 2025 (1759397765645)
2025-12-13 14:55:32,217 [FATAL] Updater:351 - Updater called before beeing initialized
2025-12-13 14:55:32,245 [WARN] DetailPanel:346 - Failed to get advertising image, set to default
2025-12-13 14:55:32,301 [FATAL] Updater:351 - Updater called before beeing initialized
2025-12-13 14:55:32,302 [FATAL] Updater:351 - Updater called before beeing initialized
2025-12-13 14:55:32,302 [FATAL] Updater:351 - Updater called before beeing initialized
2025-12-13 14:55:32,302 [WARN] DetailPanel:346 - Failed to get advertising image, set to default
2025-12-13 14:55:32,303 [FATAL] Updater:351 - Updater called before beeing initialized
2025-12-13 14:55:32,344 [ERROR] Updater:1198 - MainUpdater not yet initialized. External WinMGr cannot be set.
2025-12-13 14:55:32,346 [INFO] Updater:1134 - Updater Version found : 6.15.0
2025-12-13 14:55:32,357 [INFO] ApplicationProperties:184 - Using Application install path: C:\ST\STM32CubeIDE_1.18.1\STM32CubeIDE\plugins\com.st.stm32cube.common.mx_6.15.0.202507011659
2025-12-13 14:55:32,414 [ERROR] LogOutputStream:75 - [STDERR_REDIRECT] [Fatal Error] :1:1: Premature end of file.
2025-12-13 14:55:32,414 [ERROR] LogOutputStream:75 - [STDERR_REDIRECT] 
2025-12-13 14:55:33,416 [ERROR] LogOutputStream:75 - [STDERR_REDIRECT] [Fatal Error] :1:1: Premature end of file.
2025-12-13 14:55:33,416 [ERROR] LogOutputStream:75 - [STDERR_REDIRECT] 
2025-12-13 14:55:33,926 [ERROR] LogOutputStream:75 - [STDERR_REDIRECT] Dec 13, 2025 2:55:33 PM java.util.prefs.WindowsPreferences <init>
2025-12-13 14:55:33,927 [ERROR] LogOutputStream:75 - [STDERR_REDIRECT] WARNING: Could not open/create prefs root node Software\JavaSoft\Prefs at root 0xffffffff80000002. Windows RegCreateKeyEx(...) returned error code 5.
2025-12-13 14:55:33,927 [ERROR] LogOutputStream:75 - [STDERR_REDIRECT] 
2025-12-13 14:55:34,117 [INFO] ThirdPartyUpdaterWithRetryManager:70 - Updater plugin not ready yet. [2/15]
2025-12-13 14:55:34,250 [INFO] MainUpdater:2872 - connection check result : 22
2025-12-13 14:55:34,251 [INFO] MainUpdater:289 - Updater Check For Update Now.
2025-12-13 14:55:34,251 [INFO] MicroXplorer:498 - Change Database Version : DB.6.0.150
2025-12-13 14:55:34,256 [INFO] McuFinderGlobals:63 - Set McuFinder mode to 2 (CubeIDE integrated)
2025-12-13 14:55:34,258 [INFO] UserAuth:487 - Internet connection configuration mode: 2
2025-12-13 14:55:34,270 [INFO] UserAuth:487 - Internet connection configuration mode: 2
2025-12-13 14:55:34,416 [ERROR] LogOutputStream:75 - [STDERR_REDIRECT] [Fatal Error] :1:1: Premature end of file.
2025-12-13 14:55:34,417 [ERROR] LogOutputStream:75 - [STDERR_REDIRECT] 
2025-12-13 14:55:34,437 [INFO] CheckServerUpdateThread:120 - End of CheckServer Thread
2025-12-13 14:55:35,416 [ERROR] LogOutputStream:75 - [STDERR_REDIRECT] [Fatal Error] :1:1: Premature end of file.
2025-12-13 14:55:35,417 [ERROR] LogOutputStream:75 - [STDERR_REDIRECT] 
2025-12-13 14:55:36,431 [ERROR] LogOutputStream:75 - [STDERR_REDIRECT] [Fatal Error] :1:1: Premature end of file.
2025-12-13 14:55:36,431 [ERROR] LogOutputStream:75 - [STDERR_REDIRECT] 
2025-12-13 14:55:37,435 [ERROR] LogOutputStream:75 - [STDERR_REDIRECT] [Fatal Error] :1:1: Premature end of file.
2025-12-13 14:55:37,435 [ERROR] LogOutputStream:75 - [STDERR_REDIRECT] 
2025-12-13 14:55:37,578 [WARN] PackLoader:240 - Cannot read IP mode file for STMicroelectronics.FP-SNS-MOTENVWB1.1.4.0
2025-12-13 14:55:37,578 [WARN] PackLoader:240 - Cannot read IP mode file for STMicroelectronics.FP-ATR-ASTRA1.2.0.2
2025-12-13 14:55:37,594 [WARN] PackLoader:240 - Cannot read IP mode file for STMicroelectronics.X-CUBE-SMBUS.2.1.0
2025-12-13 14:55:37,594 [WARN] PackLoader:240 - Cannot read IP mode file for STMicroelectronics.X-CUBE-ST60.1.0.0
2025-12-13 14:55:37,626 [WARN] PackLoader:240 - Cannot read IP mode file for STMicroelectronics.X-CUBE-AZRTOS-F7.1.1.0
2025-12-13 14:55:37,642 [WARN] PackLoader:240 - Cannot read IP mode file for Cesanta.I-CUBE-Mongoose.7.19.0
2025-12-13 14:55:37,658 [WARN] PackLoader:240 - Cannot read IP mode file for STMicroelectronics.FP-SNS-MOTENV1.5.1.0
2025-12-13 14:55:37,674 [WARN] PackLoader:240 - Cannot read IP mode file for WES.I-CUBE-Cesium.1.4.0
2025-12-13 14:55:37,722 [WARN] PackLoader:240 - Cannot read IP mode file for Infineon.AIROC-Wi-Fi-Bluetooth-STM32.1.7.0
2025-12-13 14:55:37,738 [WARN] PackLoader:240 - Cannot read IP mode file for Infineon.AIROC-Wi-Fi-Bluetooth-STM32.1.7.1
2025-12-13 14:55:37,785 [WARN] PackLoader:240 - Cannot read IP mode file for STMicroelectronics.X-CUBE-AZRTOS-H7.3.4.0
2025-12-13 14:55:37,802 [WARN] PackLoader:240 - Cannot read IP mode file for STMicroelectronics.X-CUBE-DISPLAY.3.0.0
2025-12-13 14:55:37,836 [WARN] PackLoader:240 - Cannot read IP mode file for STMicroelectronics.X-CUBE-NFC10.1.0.0
2025-12-13 14:55:37,849 [WARN] PackLoader:240 - Cannot read IP mode file for STMicroelectronics.X-CUBE-BLEMGR.4.0.0
2025-12-13 14:55:37,864 [WARN] PackLoader:240 - Cannot read IP mode file for STMicroelectronics.X-CUBE-ST60.1.1.0
2025-12-13 14:55:37,866 [WARN] PackLoader:240 - Cannot read IP mode file for emotas.I-CUBE-CANOPEN.1.3.0
2025-12-13 14:55:37,881 [WARN] PackLoader:240 - Cannot read IP mode file for STMicroelectronics.X-CUBE-GNSS1.7.1.0
2025-12-13 14:55:37,885 [WARN] ConditionMgr:438 - getConditionDescription Invalid condition id : Cortex-A Device cause : null
2025-12-13 14:55:37,913 [WARN] ConditionMgr:1044 - genDependencies : Invalid condition id : Cortex-A Device cause : null
2025-12-13 14:55:37,913 [WARN] ConditionMgr:1044 - genDependencies : Invalid condition id : Cortex-A Device cause : null
2025-12-13 14:55:37,913 [WARN] ConditionMgr:1044 - genDependencies : Invalid condition id : Cortex-A Device cause : null
2025-12-13 14:55:37,920 [WARN] PackLoader:240 - Cannot read IP mode file for STMicroelectronics.X-CUBE-AI.10.0.0
2025-12-13 14:55:37,934 [WARN] PackLoader:240 - Cannot read IP mode file for STMicroelectronics.FP-SNS-STBOX1.2.1.0
2025-12-13 14:55:37,944 [WARN] PackLoader:240 - Cannot read IP mode file for STMicroelectronics.FP-SNS-SMARTAG2.1.2.0
2025-12-13 14:55:37,948 [WARN] PackLoader:240 - Cannot read IP mode file for STMicroelectronics.FP-SNS-FLIGHT1.5.1.0
2025-12-13 14:55:37,969 [INFO] LogOutputStream:77 - [STDOUT_REDIRECT] 1 : Invalid condition id : UX_CORESTACK_Condition cause : null
2025-12-13 14:55:37,969 [INFO] LogOutputStream:77 - [STDOUT_REDIRECT] 1 : Invalid condition id : UX_CORESTACK_Condition cause : null
2025-12-13 14:55:37,969 [INFO] LogOutputStream:77 - [STDOUT_REDIRECT] 1 : Invalid condition id : UX_CORESTACK_Condition cause : null
2025-12-13 14:55:37,969 [INFO] LogOutputStream:77 - [STDOUT_REDIRECT] 1 : Invalid condition id : UX_CORESTACK_Condition cause : null
2025-12-13 14:55:37,976 [INFO] LogOutputStream:77 - [STDOUT_REDIRECT] 1 : Invalid condition id : UX_CORESTACK_Condition cause : null
2025-12-13 14:55:37,976 [WARN] PackLoader:240 - Cannot read IP mode file for STMicroelectronics.X-CUBE-AZRTOS-WL.2.0.0
2025-12-13 14:55:37,976 [WARN] PackLoader:240 - Cannot read IP mode file for STMicroelectronics.FP-SNS-MOTENV1.5.0.0
2025-12-13 14:55:37,992 [WARN] PackLoader:240 - Cannot read IP mode file for WES.I-CUBE-Cesium.1.3.0
2025-12-13 14:55:37,997 [WARN] PackLoader:240 - Cannot read IP mode file for STMicroelectronics.X-CUBE-BLE2.3.3.0
2025-12-13 14:55:38,025 [WARN] PackLoader:240 - Cannot read IP mode file for STMicroelectronics.X-CUBE-NFC9.1.0.0
2025-12-13 14:55:38,039 [WARN] PackLoader:240 - Cannot read IP mode file for wolfSSL.I-CUBE-wolfSSL.5.8.0
2025-12-13 14:55:38,043 [WARN] PackLoader:240 - Cannot read IP mode file for wolfSSL.I-CUBE-wolfSSL.5.8.2
2025-12-13 14:55:38,046 [WARN] PackLoader:240 - Cannot read IP mode file for STMicroelectronics.X-CUBE-BLE1.7.1.0
2025-12-13 14:55:38,055 [WARN] PackLoader:240 - Cannot read IP mode file for wolfSSL.I-CUBE-wolfMQTT.1.19.2
2025-12-13 14:55:38,060 [WARN] PackLoader:240 - Cannot read IP mode file for STMicroelectronics.X-CUBE-EEPRMA1.5.2.0
2025-12-13 14:55:38,074 [WARN] PackLoader:240 - Cannot read IP mode file for STMicroelectronics.X-CUBE-ST67W61.1.1.0
2025-12-13 14:55:38,081 [WARN] PackLoader:240 - Cannot read IP mode file for STMicroelectronics.X-CUBE-AI.10.1.0
2025-12-13 14:55:38,123 [WARN] PackLoader:240 - Cannot read IP mode file for STMicroelectronics.X-CUBE-MEMS1.11.2.0
2025-12-13 14:55:38,273 [WARN] PackLoader:240 - Cannot read IP mode file for STMicroelectronics.X-CUBE-AZRTOS-G0.1.1.0
2025-12-13 14:55:38,284 [WARN] PackLoader:240 - Cannot read IP mode file for STMicroelectronics.X-CUBE-SAFEA1.1.2.2
2025-12-13 14:55:38,291 [WARN] PackLoader:240 - Cannot read IP mode file for STMicroelectronics.X-CUBE-NFC4.3.0.0
2025-12-13 14:55:38,303 [WARN] PackLoader:240 - Cannot read IP mode file for EmbeddedOffice.I-CUBE-FS-RTOS.1.0.1
2025-12-13 14:55:38,309 [WARN] PackLoader:240 - Cannot read IP mode file for STMicroelectronics.X-CUBE-WB05N.2.0.0
2025-12-13 14:55:38,309 [WARN] PackLoader:240 - Cannot read IP mode file for wolfSSL.I-CUBE-wolfTPM.3.8.0
2025-12-13 14:55:38,309 [WARN] PackLoader:240 - Cannot read IP mode file for STMicroelectronics.X-CUBE-TCPP.4.2.0
2025-12-13 14:55:38,325 [WARN] PackLoader:240 - Cannot read IP mode file for RealThread.X-CUBE-RT-Thread_Nano.4.1.1
2025-12-13 14:55:38,325 [WARN] PackLoader:240 - Cannot read IP mode file for STMicroelectronics.FP-ATR-SIGFOX1.3.2.0
2025-12-13 14:55:38,341 [WARN] PackLoader:240 - Cannot read IP mode file for STMicroelectronics.X-CUBE-EEPRMA1.5.1.0
2025-12-13 14:55:38,341 [WARN] PackLoader:240 - Cannot read IP mode file for ITTIA_DB.I-CUBE-ITTIADB.8.9.0
2025-12-13 14:55:38,357 [WARN] PackLoader:240 - Cannot read IP mode file for STMicroelectronics.X-CUBE-ST67W61.1.0.0
2025-12-13 14:55:38,373 [WARN] PackLoader:240 - Cannot read IP mode file for STMicroelectronics.X-CUBE-AI.10.2.0
2025-12-13 14:55:38,411 [WARN] PackLoader:240 - Cannot read IP mode file for SEGGER.I-CUBE-embOS.1.3.1
2025-12-13 14:55:38,512 [ERROR] LogOutputStream:75 - [STDERR_REDIRECT] [Fatal Error] :1:1: Premature end of file.
2025-12-13 14:55:38,512 [ERROR] LogOutputStream:75 - [STDERR_REDIRECT] 
2025-12-13 14:55:38,548 [WARN] PackLoader:240 - Cannot read IP mode file for STMicroelectronics.X-CUBE-ALGOBUILD.1.4.0
2025-12-13 14:55:38,596 [WARN] PackLoader:240 - Cannot read IP mode file for STMicroelectronics.X-CUBE-MEMS1.11.3.0
2025-12-13 14:55:38,723 [WARN] PackLoader:240 - Cannot read IP mode file for STMicroelectronics.X-CUBE-PM33A1.1.0.0
2025-12-13 14:55:38,739 [WARN] PackLoader:240 - Cannot read IP mode file for STMicroelectronics.X-CUBE-AZRTOS-F4.1.1.0
2025-12-13 14:55:38,739 [WARN] PackLoader:240 - Cannot read IP mode file for Avnet-IotConnect.X-CUBE-IoTC-DA16k-PMOD.1.0.0
2025-12-13 14:55:38,755 [WARN] PackLoader:240 - Cannot read IP mode file for STMicroelectronics.X-CUBE-ISPU.2.1.0
2025-12-13 14:55:38,787 [WARN] PackLoader:240 - Cannot read IP mode file for STMicroelectronics.X-CUBE-IPS.3.2.0
2025-12-13 14:55:38,802 [WARN] PackLoader:240 - Cannot read IP mode file for STMicroelectronics.X-CUBE-NFC12.1.0.0
2025-12-13 14:55:38,834 [WARN] PackLoader:240 - Cannot read IP mode file for STMicroelectronics.X-CUBE-AZRTOS-L5.2.0.0
2025-12-13 14:55:38,851 [WARN] PackLoader:240 - Cannot read IP mode file for STMicroelectronics.X-CUBE-NFC6.3.1.0
2025-12-13 14:55:38,874 [WARN] PackLoader:240 - Cannot read IP mode file for STMicroelectronics.X-CUBE-FREERTOS.1.3.1
2025-12-13 14:55:38,914 [WARN] PackLoader:240 - Cannot read IP mode file for STMicroelectronics.X-CUBE-TOUCHGFX.4.26.0
2025-12-13 14:55:38,930 [WARN] PackLoader:240 - Cannot read IP mode file for STMicroelectronics.FP-SNS-STAIOTCFT.1.0.0
2025-12-13 14:55:38,950 [WARN] PackLoader:240 - Cannot read IP mode file for STMicroelectronics.X-CUBE-DPower.1.3.0
2025-12-13 14:55:38,993 [WARN] ConditionMgr:438 - getConditionDescription Invalid condition id : LAN8742 Phy interface Condition cause : null
2025-12-13 14:55:38,993 [WARN] PackLoader:240 - Cannot read IP mode file for STMicroelectronics.X-CUBE-AZRTOS-L4.2.0.0
2025-12-13 14:55:38,993 [WARN] ConditionMgr:1044 - genDependencies : Invalid condition id : LAN8742 Phy interface Condition cause : null
2025-12-13 14:55:39,000 [WARN] ConditionMgr:1044 - genDependencies : Invalid condition id : LAN8742 Phy interface Condition cause : null
2025-12-13 14:55:39,000 [WARN] ConditionMgr:1044 - genDependencies : Invalid condition id : LAN8742 Phy interface Condition cause : null
2025-12-13 14:55:39,020 [WARN] PackLoader:240 - Cannot read IP mode file for STMicroelectronics.X-CUBE-SFXS2LP1.4.0.0
2025-12-13 14:55:39,049 [WARN] PackLoader:240 - Cannot read IP mode file for STMicroelectronics.X-CUBE-AZRTOS-H7.3.3.0
2025-12-13 14:55:39,078 [WARN] PackLoader:240 - Cannot read IP mode file for STMicroelectronics.X-CUBE-BLEMGR.4.1.0
2025-12-13 14:55:39,091 [WARN] ConditionMgr:438 - getConditionDescription Invalid condition id : UX DEVICE CLASS RTOS Condition cause : null
2025-12-13 14:55:39,091 [WARN] ConditionMgr:438 - getConditionDescription Invalid condition id : UX DEVICE CLASS RTOS Condition cause : null
2025-12-13 14:55:39,091 [WARN] PackLoader:240 - Cannot read IP mode file for STMicroelectronics.X-CUBE-AZRTOS-WB.2.0.0
2025-12-13 14:55:39,091 [WARN] ConditionMgr:1044 - genDependencies : Invalid condition id : UX DEVICE CLASS RTOS Condition cause : null
2025-12-13 14:55:39,091 [WARN] ConditionMgr:1044 - genDependencies : Invalid condition id : UX DEVICE CLASS RTOS Condition cause : null
2025-12-13 14:55:39,098 [WARN] ConditionMgr:1044 - genDependencies : Invalid condition id : UX DEVICE CLASS RTOS Condition cause : null
2025-12-13 14:55:39,098 [WARN] ConditionMgr:1044 - genDependencies : Invalid condition id : UX DEVICE CLASS RTOS Condition cause : null
2025-12-13 14:55:39,098 [WARN] ConditionMgr:1044 - genDependencies : Invalid condition id : UX DEVICE CLASS RTOS Condition cause : null
2025-12-13 14:55:39,098 [WARN] PackLoader:240 - Cannot read IP mode file for STMicroelectronics.X-CUBE-GNSS1.7.0.1
2025-12-13 14:55:39,105 [WARN] PackLoader:240 - Cannot read IP mode file for STMicroelectronics.X-CUBE-TOUCHGFX.4.25.0
2025-12-13 14:55:39,112 [WARN] PackLoader:240 - Cannot read IP mode file for STMicroelectronics.FP-SNS-STBOX1.2.0.0
2025-12-13 14:55:39,126 [WARN] ConditionMgr:438 - getConditionDescription Invalid condition id : Cortex-A Device cause : null
2025-12-13 14:55:39,136 [WARN] ConditionMgr:1044 - genDependencies : Invalid condition id : Cortex-A Device cause : null
2025-12-13 14:55:39,136 [WARN] ConditionMgr:1044 - genDependencies : Invalid condition id : Cortex-A Device cause : null
2025-12-13 14:55:39,136 [WARN] ConditionMgr:1044 - genDependencies : Invalid condition id : Cortex-A Device cause : null
2025-12-13 14:55:39,152 [WARN] PackLoader:240 - Cannot read IP mode file for STMicroelectronics.X-CUBE-SUBG2.5.0.0
2025-12-13 14:55:39,214 [WARN] PackLoader:240 - Cannot read IP mode file for STMicroelectronics.X-CUBE-AZRTOS-H7RS.1.1.0
2025-12-13 14:55:39,231 [WARN] PackLoader:240 - Cannot read IP mode file for Cesanta.I-CUBE-Mongoose.7.13.0
2025-12-13 14:55:39,246 [WARN] PackLoader:240 - Cannot read IP mode file for STMicroelectronics.X-CUBE-AZRTOS-G4.2.0.0
2025-12-13 14:55:39,262 [WARN] PackLoader:240 - Cannot read IP mode file for wolfSSL.I-CUBE-wolfSSH.1.4.20
2025-12-13 14:55:39,264 [WARN] PackLoader:240 - Cannot read IP mode file for STMicroelectronics.X-CUBE-NFC7.2.0.0
2025-12-13 14:55:39,280 [WARN] PackLoader:240 - Cannot read IP mode file for STMicroelectronics.X-CUBE-IPS.3.1.0
2025-12-13 14:55:39,294 [WARN] PackLoader:240 - Cannot read IP mode file for STMicroelectronics.X-CUBE-ALS.1.0.2
2025-12-13 14:55:39,325 [WARN] PackLoader:240 - Cannot read IP mode file for STMicroelectronics.X-CUBE-STSE01.1.0.0
2025-12-13 14:55:39,341 [WARN] PackLoader:240 - Cannot read IP mode file for portGmbH.I-Cube-SoM-uGOAL.1.1.0
2025-12-13 14:55:39,357 [WARN] PackLoader:240 - Cannot read IP mode file for STMicroelectronics.X-CUBE-TOF1.3.4.3
2025-12-13 14:55:39,373 [INFO] ThirdParty:978 - Integrity check success = true
2025-12-13 14:55:39,373 [INFO] IntegrityCheckThread:100 - exiting critical section [integrity check]
2025-12-13 14:55:39,373 [INFO] IntegrityCheckThread:103 - End integrity checks thread
2025-12-13 14:55:39,486 [ERROR] LogOutputStream:75 - [STDERR_REDIRECT] [Fatal Error] :1:1: Premature end of file.
2025-12-13 14:55:39,486 [ERROR] LogOutputStream:75 - [STDERR_REDIRECT] 
2025-12-13 14:55:40,429 [ERROR] LogOutputStream:75 - [STDERR_REDIRECT] [Fatal Error] :1:1: Premature end of file.
2025-12-13 14:55:40,430 [ERROR] LogOutputStream:75 - [STDERR_REDIRECT] 
2025-12-13 14:55:41,433 [ERROR] LogOutputStream:75 - [STDERR_REDIRECT] [Fatal Error] :1:1: Premature end of file.
2025-12-13 14:55:41,433 [ERROR] LogOutputStream:75 - [STDERR_REDIRECT] 
2025-12-13 14:55:42,429 [ERROR] LogOutputStream:75 - [STDERR_REDIRECT] [Fatal Error] :1:1: Premature end of file.
2025-12-13 14:55:42,429 [ERROR] LogOutputStream:75 - [STDERR_REDIRECT] 
2025-12-13 14:55:43,429 [ERROR] LogOutputStream:75 - [STDERR_REDIRECT] [Fatal Error] :1:1: Premature end of file.
2025-12-13 14:55:43,429 [ERROR] LogOutputStream:75 - [STDERR_REDIRECT] 
2025-12-13 14:55:44,437 [ERROR] LogOutputStream:75 - [STDERR_REDIRECT] [Fatal Error] :1:1: Premature end of file.
2025-12-13 14:55:44,437 [ERROR] LogOutputStream:75 - [STDERR_REDIRECT] 
2025-12-13 14:55:45,427 [ERROR] LogOutputStream:75 - [STDERR_REDIRECT] [Fatal Error] :1:1: Premature end of file.
2025-12-13 14:55:45,427 [ERROR] LogOutputStream:75 - [STDERR_REDIRECT] 
2025-12-13 14:55:46,434 [ERROR] LogOutputStream:75 - [STDERR_REDIRECT] [Fatal Error] :1:1: Premature end of file.
2025-12-13 14:55:46,434 [ERROR] LogOutputStream:75 - [STDERR_REDIRECT] 
2025-12-13 14:55:47,438 [ERROR] LogOutputStream:75 - [STDERR_REDIRECT] [Fatal Error] :1:1: Premature end of file.
2025-12-13 14:55:47,438 [ERROR] LogOutputStream:75 - [STDERR_REDIRECT] 
2025-12-13 14:55:48,413 [ERROR] LogOutputStream:75 - [STDERR_REDIRECT] [Fatal Error] :1:1: Premature end of file.
2025-12-13 14:55:48,429 [ERROR] LogOutputStream:75 - [STDERR_REDIRECT] 
2025-12-13 14:55:49,464 [ERROR] LogOutputStream:75 - [STDERR_REDIRECT] [Fatal Error] :1:1: Premature end of file.
2025-12-13 14:55:49,464 [ERROR] LogOutputStream:75 - [STDERR_REDIRECT] 
2025-12-13 14:55:50,431 [ERROR] LogOutputStream:75 - [STDERR_REDIRECT] [Fatal Error] :1:1: Premature end of file.
2025-12-13 14:55:50,431 [ERROR] LogOutputStream:75 - [STDERR_REDIRECT] 
2025-12-13 14:55:51,429 [ERROR] LogOutputStream:75 - [STDERR_REDIRECT] [Fatal Error] :1:1: Premature end of file.
2025-12-13 14:55:51,429 [ERROR] LogOutputStream:75 - [STDERR_REDIRECT] 
2025-12-13 14:55:52,419 [ERROR] LogOutputStream:75 - [STDERR_REDIRECT] [Fatal Error] :1:1: Premature end of file.
2025-12-13 14:55:52,419 [ERROR] LogOutputStream:75 - [STDERR_REDIRECT] 
2025-12-13 14:55:53,437 [ERROR] LogOutputStream:75 - [STDERR_REDIRECT] [Fatal Error] :1:1: Premature end of file.
2025-12-13 14:55:53,437 [ERROR] LogOutputStream:75 - [STDERR_REDIRECT] 
2025-12-13 14:55:54,440 [ERROR] LogOutputStream:75 - [STDERR_REDIRECT] [Fatal Error] :1:1: Premature end of file.
2025-12-13 14:55:54,440 [ERROR] LogOutputStream:75 - [STDERR_REDIRECT] 
2025-12-13 14:55:55,430 [ERROR] LogOutputStream:75 - [STDERR_REDIRECT] [Fatal Error] :1:1: Premature end of file.
2025-12-13 14:55:55,430 [ERROR] LogOutputStream:75 - [STDERR_REDIRECT] 
2025-12-13 14:55:56,440 [ERROR] LogOutputStream:75 - [STDERR_REDIRECT] [Fatal Error] :1:1: Premature end of file.
2025-12-13 14:55:56,440 [ERROR] LogOutputStream:75 - [STDERR_REDIRECT] 
2025-12-13 14:55:57,419 [ERROR] LogOutputStream:75 - [STDERR_REDIRECT] [Fatal Error] :1:1: Premature end of file.
2025-12-13 14:55:57,419 [ERROR] LogOutputStream:75 - [STDERR_REDIRECT] 
2025-12-13 14:55:58,421 [ERROR] LogOutputStream:75 - [STDERR_REDIRECT] [Fatal Error] :1:1: Premature end of file.
2025-12-13 14:55:58,421 [ERROR] LogOutputStream:75 - [STDERR_REDIRECT] 
2025-12-13 14:55:59,442 [ERROR] LogOutputStream:75 - [STDERR_REDIRECT] [Fatal Error] :1:1: Premature end of file.
2025-12-13 14:55:59,446 [ERROR] LogOutputStream:75 - [STDERR_REDIRECT] 
2025-12-13 14:56:00,426 [ERROR] LogOutputStream:75 - [STDERR_REDIRECT] [Fatal Error] :1:1: Premature end of file.
2025-12-13 14:56:00,426 [ERROR] LogOutputStream:75 - [STDERR_REDIRECT] 
2025-12-13 14:56:01,424 [ERROR] LogOutputStream:75 - [STDERR_REDIRECT] [Fatal Error] :1:1: Premature end of file.
2025-12-13 14:56:01,424 [ERROR] LogOutputStream:75 - [STDERR_REDIRECT] 
2025-12-13 14:56:02,435 [ERROR] LogOutputStream:75 - [STDERR_REDIRECT] [Fatal Error] :1:1: Premature end of file.
2025-12-13 14:56:02,435 [ERROR] LogOutputStream:75 - [STDERR_REDIRECT] 
2025-12-13 14:56:03,427 [ERROR] LogOutputStream:75 - [STDERR_REDIRECT] [Fatal Error] :1:1: Premature end of file.
2025-12-13 14:56:03,427 [ERROR] LogOutputStream:75 - [STDERR_REDIRECT] 
2025-12-13 14:56:04,442 [ERROR] LogOutputStream:75 - [STDERR_REDIRECT] [Fatal Error] :1:1: Premature end of file.
2025-12-13 14:56:04,442 [ERROR] LogOutputStream:75 - [STDERR_REDIRECT] 
2025-12-13 14:56:05,432 [ERROR] LogOutputStream:75 - [STDERR_REDIRECT] [Fatal Error] :1:1: Premature end of file.
2025-12-13 14:56:05,432 [ERROR] LogOutputStream:75 - [STDERR_REDIRECT] 
2025-12-13 14:56:06,421 [ERROR] LogOutputStream:75 - [STDERR_REDIRECT] [Fatal Error] :1:1: Premature end of file.
2025-12-13 14:56:06,421 [ERROR] LogOutputStream:75 - [STDERR_REDIRECT] 
2025-12-13 14:56:07,414 [ERROR] LogOutputStream:75 - [STDERR_REDIRECT] [Fatal Error] :1:1: Premature end of file.
2025-12-13 14:56:07,414 [ERROR] LogOutputStream:75 - [STDERR_REDIRECT] 
2025-12-13 14:56:08,413 [ERROR] LogOutputStream:75 - [STDERR_REDIRECT] [Fatal Error] :1:1: Premature end of file.
2025-12-13 14:56:08,413 [ERROR] LogOutputStream:75 - [STDERR_REDIRECT] 
2025-12-13 14:56:09,418 [ERROR] LogOutputStream:75 - [STDERR_REDIRECT] [Fatal Error] :1:1: Premature end of file.
2025-12-13 14:56:09,418 [ERROR] LogOutputStream:75 - [STDERR_REDIRECT] 
2025-12-13 14:56:10,415 [ERROR] LogOutputStream:75 - [STDERR_REDIRECT] [Fatal Error] :1:1: Premature end of file.
2025-12-13 14:56:10,415 [ERROR] LogOutputStream:75 - [STDERR_REDIRECT] 
2025-12-13 14:56:10,788 [INFO] McuFinderGlobals:63 - Set McuFinder mode to 2 (CubeIDE integrated)
2025-12-13 14:56:10,794 [INFO] MainUpdater:2872 - connection check result : 22
2025-12-13 14:56:11,413 [ERROR] LogOutputStream:75 - [STDERR_REDIRECT] [Fatal Error] :1:1: Premature end of file.
2025-12-13 14:56:11,413 [ERROR] LogOutputStream:75 - [STDERR_REDIRECT] 
2025-12-13 14:56:12,413 [ERROR] LogOutputStream:75 - [STDERR_REDIRECT] [Fatal Error] :1:1: Premature end of file.
2025-12-13 14:56:12,414 [ERROR] LogOutputStream:75 - [STDERR_REDIRECT] 
2025-12-13 14:56:13,414 [ERROR] LogOutputStream:75 - [STDERR_REDIRECT] [Fatal Error] :1:1: Premature end of file.
2025-12-13 14:56:13,414 [ERROR] LogOutputStream:75 - [STDERR_REDIRECT] 
2025-12-13 14:56:14,414 [ERROR] LogOutputStream:75 - [STDERR_REDIRECT] [Fatal Error] :1:1: Premature end of file.
2025-12-13 14:56:14,414 [ERROR] LogOutputStream:75 - [STDERR_REDIRECT] 
2025-12-13 14:56:15,413 [ERROR] LogOutputStream:75 - [STDERR_REDIRECT] [Fatal Error] :1:1: Premature end of file.
2025-12-13 14:56:15,413 [ERROR] LogOutputStream:75 - [STDERR_REDIRECT] 
2025-12-13 14:56:16,413 [ERROR] LogOutputStream:75 - [STDERR_REDIRECT] [Fatal Error] :1:1: Premature end of file.
2025-12-13 14:56:16,413 [ERROR] LogOutputStream:75 - [STDERR_REDIRECT] 
2025-12-13 14:56:17,414 [ERROR] LogOutputStream:75 - [STDERR_REDIRECT] [Fatal Error] :1:1: Premature end of file.
2025-12-13 14:56:17,415 [ERROR] LogOutputStream:75 - [STDERR_REDIRECT] 
2025-12-13 14:56:18,414 [ERROR] LogOutputStream:75 - [STDERR_REDIRECT] [Fatal Error] :1:1: Premature end of file.
2025-12-13 14:56:18,415 [ERROR] LogOutputStream:75 - [STDERR_REDIRECT] 
2025-12-13 14:56:19,415 [ERROR] LogOutputStream:75 - [STDERR_REDIRECT] [Fatal Error] :1:1: Premature end of file.
2025-12-13 14:56:19,415 [ERROR] LogOutputStream:75 - [STDERR_REDIRECT] 
2025-12-13 14:56:20,414 [ERROR] LogOutputStream:75 - [STDERR_REDIRECT] [Fatal Error] :1:1: Premature end of file.
2025-12-13 14:56:20,414 [ERROR] LogOutputStream:75 - [STDERR_REDIRECT] 
2025-12-13 14:56:21,414 [ERROR] LogOutputStream:75 - [STDERR_REDIRECT] [Fatal Error] :1:1: Premature end of file.
2025-12-13 14:56:21,415 [ERROR] LogOutputStream:75 - [STDERR_REDIRECT] 
2025-12-13 14:56:22,415 [ERROR] LogOutputStream:75 - [STDERR_REDIRECT] [Fatal Error] :1:1: Premature end of file.
2025-12-13 14:56:22,415 [ERROR] LogOutputStream:75 - [STDERR_REDIRECT] 
2025-12-13 14:56:23,413 [ERROR] LogOutputStream:75 - [STDERR_REDIRECT] [Fatal Error] :1:1: Premature end of file.
2025-12-13 14:56:23,414 [ERROR] LogOutputStream:75 - [STDERR_REDIRECT] 
2025-12-13 14:56:24,414 [ERROR] LogOutputStream:75 - [STDERR_REDIRECT] [Fatal Error] :1:1: Premature end of file.
2025-12-13 14:56:24,414 [ERROR] LogOutputStream:75 - [STDERR_REDIRECT] 
2025-12-13 14:56:25,414 [ERROR] LogOutputStream:75 - [STDERR_REDIRECT] [Fatal Error] :1:1: Premature end of file.
2025-12-13 14:56:25,414 [ERROR] LogOutputStream:75 - [STDERR_REDIRECT] 
2025-12-13 14:56:26,416 [ERROR] LogOutputStream:75 - [STDERR_REDIRECT] [Fatal Error] :1:1: Premature end of file.
2025-12-13 14:56:26,416 [ERROR] LogOutputStream:75 - [STDERR_REDIRECT] 
2025-12-13 14:56:27,414 [ERROR] LogOutputStream:75 - [STDERR_REDIRECT] [Fatal Error] :1:1: Premature end of file.
2025-12-13 14:56:27,414 [ERROR] LogOutputStream:75 - [STDERR_REDIRECT] 
2025-12-13 14:56:28,413 [ERROR] LogOutputStream:75 - [STDERR_REDIRECT] [Fatal Error] :1:1: Premature end of file.
2025-12-13 14:56:28,413 [ERROR] LogOutputStream:75 - [STDERR_REDIRECT] 
2025-12-13 14:56:29,451 [ERROR] LogOutputStream:75 - [STDERR_REDIRECT] [Fatal Error] :1:1: Premature end of file.
2025-12-13 14:56:29,452 [ERROR] LogOutputStream:75 - [STDERR_REDIRECT] 
2025-12-13 14:56:30,444 [ERROR] LogOutputStream:75 - [STDERR_REDIRECT] [Fatal Error] :1:1: Premature end of file.
2025-12-13 14:56:30,444 [ERROR] LogOutputStream:75 - [STDERR_REDIRECT] 
2025-12-13 14:56:31,449 [ERROR] LogOutputStream:75 - [STDERR_REDIRECT] [Fatal Error] :1:1: Premature end of file.
2025-12-13 14:56:31,449 [ERROR] LogOutputStream:75 - [STDERR_REDIRECT] 
2025-12-13 14:56:32,445 [ERROR] LogOutputStream:75 - [STDERR_REDIRECT] [Fatal Error] :1:1: Premature end of file.
2025-12-13 14:56:32,445 [ERROR] LogOutputStream:75 - [STDERR_REDIRECT] 
2025-12-13 14:56:32,830 [INFO] ApiDb:581 - Connected to CubeFinder SQLite database (C:\Users\mathe\.stmcufinder\plugins\mcufinder\mcu\cube-finder-db.db)
2025-12-13 14:56:32,933 [INFO] ApiDb:668 - CubeFinder database Data Model version=2.1
2025-12-13 14:56:32,933 [INFO] ApiDb:669 - CubeFinder database Configuration version=3.0.39
2025-12-13 14:56:32,933 [INFO] ApiDb:670 - CubeFinder database generation date=2025-10-27 (1761571959)
2025-12-13 14:56:32,933 [INFO] ApiDb:671 - CubeFinder database FW Pack versions=[FP-ATR-ASTRA1_V2.0.0, FP-SNS-FLIGHT1_V5.1.0, FP-SNS-MOTENV1_V5.0.0, FP-SNS-MOTENVWB1_V1.4.0, FP-SNS-SMARTAG2_V1.2.0, FP-SNS-STBOX1_V2.1.0, STM32Cube_FW_C0_V1.4.0, STM32Cube_FW_F4_V1.28.3, STM32Cube_FW_F7_V1.17.4, STM32Cube_FW_G0_V1.6.2, STM32Cube_FW_G4_V1.6.1, STM32Cube_FW_H5_V1.5.0, STM32Cube_FW_H7RS_V1.2.0, STM32Cube_FW_H7_V1.12.1, STM32Cube_FW_L0_V1.12.2, STM32Cube_FW_L4_V1.18.1, STM32Cube_FW_L5_V1.5.1, STM32Cube_FW_N6_V1.2.0, STM32Cube_FW_U0_V1.3.0, STM32Cube_FW_U3_V1.2.1, STM32Cube_FW_U5_V1.8.0, STM32Cube_FW_WB0_V1.3.0, STM32Cube_FW_WBA_V1.7.0, STM32Cube_FW_WB_V1.23.0, STM32Cube_FW_WL3_V1.2.0, STM32Cube_FW_WL_V1.3.1, X-CUBE-ALGOBUILD_V1.4.0, X-CUBE-ALS_V1.0.2, X-CUBE-AZRTOS-F4_V1.1.0, X-CUBE-AZRTOS-F7_V1.1.0, X-CUBE-AZRTOS-G0_V1.1.0, X-CUBE-AZRTOS-G4_V2.0.0, X-CUBE-AZRTOS-H7RS_V1.1.0, X-CUBE-AZRTOS-H7_V3.4.0, X-CUBE-AZRTOS-L4_V2.0.0, X-CUBE-AZRTOS-L5_V2.0.0, X-CUBE-AZRTOS-WB_V2.0.0, X-CUBE-AZRTOS-WL_V2.0.0, X-CUBE-BLE1_V7.1.0, X-CUBE-BLE2_V3.3.0, X-CUBE-BLEMGR_V4.1.0, X-CUBE-EEPRMA1_V5.2.0, X-CUBE-FREERTOS_V1.3.1, X-CUBE-GNSS1_V6.0.0, X-CUBE-MEMS1_V11.3.0, X-CUBE-NFC4_V3.0.0, X-CUBE-NFC7_V2.0.0, X-CUBE-SFXS2LP1_V4.0.0, X-CUBE-ST67W61_V1.1.0, X-CUBE-SUBG2_V5.0.0, X-CUBE-TOF1_V3.4.3]
2025-12-13 14:56:33,426 [ERROR] LogOutputStream:75 - [STDERR_REDIRECT] [Fatal Error] :1:1: Premature end of file.
2025-12-13 14:56:33,428 [ERROR] LogOutputStream:75 - [STDERR_REDIRECT] 
2025-12-13 14:56:34,495 [ERROR] LogOutputStream:75 - [STDERR_REDIRECT] [Fatal Error] :1:1: Premature end of file.
2025-12-13 14:56:34,496 [ERROR] LogOutputStream:75 - [STDERR_REDIRECT] 
2025-12-13 14:56:35,460 [ERROR] LogOutputStream:75 - [STDERR_REDIRECT] [Fatal Error] :1:1: Premature end of file.
2025-12-13 14:56:35,461 [ERROR] LogOutputStream:75 - [STDERR_REDIRECT] 
2025-12-13 14:56:36,450 [ERROR] LogOutputStream:75 - [STDERR_REDIRECT] [Fatal Error] :1:1: Premature end of file.
2025-12-13 14:56:36,450 [ERROR] LogOutputStream:75 - [STDERR_REDIRECT] 
2025-12-13 14:56:37,457 [ERROR] LogOutputStream:75 - [STDERR_REDIRECT] [Fatal Error] :1:1: Premature end of file.
2025-12-13 14:56:37,457 [ERROR] LogOutputStream:75 - [STDERR_REDIRECT] 
2025-12-13 14:56:38,312 [INFO] ApiDb:240 - Found 880 in-development CPN: [B-G473E-ZEST1S, B-WB1M-WPAN1, B-WBA5M-WPAN, B-WL5M-SUBG1, NUCLEO-C031C6, NUCLEO-C051C8, NUCLEO-C071RB, NUCLEO-C092RC, NUCLEO-H503RB, NUCLEO-H533RE, NUCLEO-H563ZI, NUCLEO-H7S3L8, NUCLEO-N657X0-Q, NUCLEO-U031R8, NUCLEO-U083RC, NUCLEO-U385RG-Q, NUCLEO-U545RE-Q, NUCLEO-U5A5ZJ-Q, NUCLEO-WB05KZ, NUCLEO-WB07CC, NUCLEO-WB09KE, NUCLEO-WBA52CG, NUCLEO-WBA55CG, NUCLEO-WL33CC1, NUCLEO-WL33CC2, STEVAL-PROTEUS1, STEVAL-SMARTAG2, STEVAL-STWINBX1, STM320518-EVAL, STM32C0116-DK, STM32C011D6Y3TR, STM32C011D6Y6TR, STM32C011F4P3, STM32C011F4P6, STM32C011F4U3, STM32C011F4U6TR, STM32C011F6P3, STM32C011F6P6, STM32C011F6U3, STM32C011F6U6TR, STM32C011J4M3, STM32C011J4M6, STM32C011J6M3, STM32C011J6M6, STM32C0316-DK, STM32C031C4T3, STM32C031C4T6, STM32C031C4U3, STM32C031C4U6, STM32C031C6T3, STM32C031C6T6, STM32C031C6U3, STM32C031C6U6, STM32C031F4P3, STM32C031F4P6, STM32C031F6P3, STM32C031F6P6, STM32C031G4U3, STM32C031G4U6, STM32C031G6U3, STM32C031G6U6, STM32C031K4T3, STM32C031K4T6, STM32C031K4U3, STM32C031K4U6, STM32C031K6T3, STM32C031K6T6, STM32C031K6U3, STM32C031K6U6, STM32C051C6T6, STM32C051C6U6, STM32C051C8T6, STM32C051C8U6, STM32C051D8Y6TR, STM32C051F6P6, STM32C051F8P6, STM32C051G6U6, STM32C051G8U6, STM32C051K6T6, STM32C051K6U6, STM32C051K8T6, STM32C071C8T6, STM32C071C8T6N, STM32C071C8U6, STM32C071C8U6N, STM32C071CBT6, STM32C071CBT6N, STM32C071CBU6, STM32C071CBU6N, STM32C071F8P6, STM32C071F8P6N, STM32C071FBP6, STM32C071FBP6N, STM32C071FBY6TR, STM32C071G8U6, STM32C071G8U6N, STM32C071GBU6, STM32C071GBU6N, STM32C071K8T6, STM32C071K8T6N, STM32C071K8U6, STM32C071K8U6N, STM32C071KBT6, STM32C071KBT6N, STM32C071KBU6, STM32C071KBU6N, STM32C071R8T6, STM32C071R8T6N, STM32C071RBI6N, STM32C071RBT6, STM32C071RBT6N, STM32C091CBT6, STM32C091CBU6, STM32C091CCT6, STM32C091CCU6, STM32C091ECY6TR, STM32C091FBP6, STM32C091FCP6, STM32C091GBU6, STM32C091GCU6, STM32C091KBT6, STM32C091KBU6, STM32C091KCT6, STM32C091KCU6, STM32C091RBT6, STM32C091RCI6, STM32C091RCT6, STM32C092CBT6, STM32C092CBU6, STM32C092CCT6, STM32C092CCU6, STM32C092ECY6TR, STM32C092FBP6, STM32C092FCP6, STM32C092GBU6, STM32C092GCU6, STM32C092KBT6, STM32C092KBU6, STM32C092KCT6, STM32C092KCU6, STM32C092RBT6, STM32C092RCI6, STM32C092RCT6, STM32G071K8TXN, STM32G071K8UXN, STM32G081GBU6N, STM32G081KBT6N, STM32G081KBUXN, STM32G0B1CCT6N, STM32G0B1KCT6, STM32G0B1NEY6TR, STM32G0B1RCT6N, STM32G0C1CCT6, STM32G0C1CCT6N, STM32G0C1CCU6N, STM32G0C1CET6N, STM32G0C1CEU6N, STM32G0C1KCT6, STM32G0C1NEY6TR, STM32G0C1RCI6N, STM32G0C1RCT6N, STM32G0C1REI6N, STM32G0C1RET6N, STM32G0C1VCI6, STM32G0C1VEI6, STM32G411C6T3, STM32G411C6T6, STM32G411C6U3, STM32G411C6U6, STM32G411C8T3, STM32G411C8T6, STM32G411C8U3, STM32G411C8U6, STM32G411CBT3, STM32G411CBT6, STM32G411CBU3, STM32G411CBU6, STM32G411K6T3, STM32G411K6T6, STM32G411K6U3, STM32G411K6U6, STM32G411K8T3, STM32G411K8T6, STM32G411K8U3, STM32G411K8U6, STM32G411KBT3, STM32G411KBT6, STM32G411KBU3, STM32G411KBU6, STM32G411M6T3, STM32G411M6T6, STM32G411M8T3, STM32G411M8T6, STM32G411MBT3, STM32G411MBT6, STM32G411R6T3, STM32G411R6T6, STM32G411R8T3, STM32G411R8T6, STM32G411RBT3, STM32G411RBT6, STM32G414CBT3, STM32G414CBT6, STM32G414CBU3, STM32G414CBU6, STM32G414CCT3, STM32G414CCT6, STM32G414CCU3, STM32G414CCU6, STM32G414MBT3, STM32G414MBT6, STM32G414MCT3, STM32G414MCT6, STM32G414RBT3, STM32G414RBT6, STM32G414RCT3, STM32G414RCT6, STM32G414VBT3, STM32G414VBT6, STM32G414VCT3, STM32G414VCT6, STM32G431CBT3Z, STM32G431RBT3Z, STM32G471CCT6, STM32G471CCU6, STM32G471CET3, STM32G471CET6, STM32G471CEU3, STM32G471CEU6, STM32G471MCT6, STM32G471MET3, STM32G471MET6, STM32G471MEY6TR, STM32G471QCT6, STM32G471QET3, STM32G471RCT6, STM32G471RET3, STM32G471RET6, STM32G471VCH6, STM32G471VCI6, STM32G471VCT6, STM32G471VEH3, STM32G471VEH6, STM32G471VEI3, STM32G471VEI6, STM32G471VET3, STM32G471VET6, STM32G473QET3Z, STM32G473RET3Z, STM32G474CCT6, STM32G491RET3Z, STM32H503CBT6, STM32H503CBU6, STM32H503EBY6TR, STM32H503KBU6, STM32H503RBT6, STM32H523CCT6, STM32H523CCU6, STM32H523CET6, STM32H523CEU6, STM32H523HEY6TR, STM32H523RCT6, STM32H523RET6, STM32H523VCI6, STM32H523VCT6, STM32H523VEI6, STM32H523VET6, STM32H523ZCJ6, STM32H523ZCT6, STM32H523ZEJ6, STM32H523ZET6, STM32H533CET6, STM32H533CEU6, STM32H533HEY6TR, STM32H533RET6, STM32H533VEI6, STM32H533VET6, STM32H533ZEJ6, STM32H533ZET6, STM32H562AGI6, STM32H562AII6, STM32H562IGK6, STM32H562IGT6, STM32H562IIK6, STM32H562IIT6, STM32H562RGT6, STM32H562RGV6, STM32H562RIT6, STM32H562RIV6, STM32H562VGT6, STM32H562VIT6, STM32H562ZGT6, STM32H562ZIT6, STM32H563AGI6, STM32H563AII3Q, STM32H563AII6, STM32H563IGK6, STM32H563IGT6, STM32H563IIK3Q, STM32H563IIK6, STM32H563IIT3Q, STM32H563IIT6, STM32H563MIY3QTR, STM32H563RGT6, STM32H563RGV6, STM32H563RIT6, STM32H563RIV6, STM32H563VGT6, STM32H563VIT3Q, STM32H563VIT6, STM32H563ZGT6, STM32H563ZIT3Q, STM32H563ZIT6, STM32H573AII3Q, STM32H573AII6, STM32H573I-DK, STM32H573IIK3Q, STM32H573IIK6, STM32H573IIT3Q, STM32H573IIT6, STM32H573MIY3QTR, STM32H573RIT6, STM32H573RIV6, STM32H573VIT3Q, STM32H573VIT6, STM32H573ZIT3Q, STM32H573ZIT6, STM32H7R3A8I6, STM32H7R3I8K6, STM32H7R3I8T6, STM32H7R3L8H6, STM32H7R3L8H6H, STM32H7R3R8V6, STM32H7R3V8H6, STM32H7R3V8T6, STM32H7R3V8Y6TR, STM32H7R3Z8J6, STM32H7R3Z8T6, STM32H7R7A8I6, STM32H7R7I8K6, STM32H7R7I8T6, STM32H7R7L8H6, STM32H7R7L8H6H, STM32H7R7Z8J6, STM32H7S3A8I6, STM32H7S3I8K6, STM32H7S3I8T6, STM32H7S3L8H6, STM32H7S3L8H6H, STM32H7S3R8V6, STM32H7S3V8H6, STM32H7S3V8T6, STM32H7S3V8Y6TR, STM32H7S3Z8J6, STM32H7S3Z8T6, STM32H7S78-DK, STM32H7S7A8I6, STM32H7S7I8K6, STM32H7S7I8T6, STM32H7S7L8H6, STM32H7S7L8H6H, STM32H7S7Z8J6, STM32L4R5QGI6STR, STM32MP131AAE3, STM32MP131AAF3, STM32MP131AAG3, STM32MP131CAE3, STM32MP131CAF3, STM32MP131CAG3, STM32MP131DAE7, STM32MP131DAF7, STM32MP131DAG7, STM32MP131FAE7, STM32MP131FAF7, STM32MP131FAG7, STM32MP133AAE3, STM32MP133AAF3, STM32MP133AAG3, STM32MP133CAE3, STM32MP133CAF3, STM32MP133CAG3, STM32MP133DAE7, STM32MP133DAF7, STM32MP133DAG7, STM32MP133FAE7, STM32MP133FAF7, STM32MP133FAG7, STM32MP135AAE3, STM32MP135AAF3, STM32MP135AAG3, STM32MP135CAE3, STM32MP135CAF3, STM32MP135CAG3, STM32MP135DAE7, STM32MP135DAF7, STM32MP135DAG7, STM32MP135F-DK, STM32MP135FAE7, STM32MP135FAF7, STM32MP135FAF7T, STM32MP135FAF7U, STM32MP135FAG7, STM32MP211AAL3, STM32MP211AAM3, STM32MP211AAN3, STM32MP211AAO3, STM32MP211CAL3, STM32MP211CAM3, STM32MP211CAN3, STM32MP211CAO3, STM32MP211DAL3, STM32MP211DAM3, STM32MP211DAN3, STM32MP211DAO3, STM32MP211FAL3, STM32MP211FAM3, STM32MP211FAN3, STM32MP211FAO3, STM32MP213AAL3, STM32MP213AAM3, STM32MP213AAN3, STM32MP213AAO3, STM32MP213CAL3, STM32MP213CAM3, STM32MP213CAN3, STM32MP213CAO3, STM32MP213DAL3, STM32MP213DAM3, STM32MP213DAN3, STM32MP213DAO3, STM32MP213FAL3, STM32MP213FAM3, STM32MP213FAN3, STM32MP213FAO3, STM32MP215AAL3, STM32MP215AAM3, STM32MP215AAN3, STM32MP215AAO3, STM32MP215CAL3, STM32MP215CAM3, STM32MP215CAN3, STM32MP215CAO3, STM32MP215DAL3, STM32MP215DAM3, STM32MP215DAN3, STM32MP215DAO3, STM32MP215F-DK, STM32MP215FAL3, STM32MP215FAM3, STM32MP215FAN3, STM32MP215FAO3, STM32MP231AAJ3, STM32MP231AAK3, STM32MP231AAL3, STM32MP231CAJ3, STM32MP231CAK3, STM32MP231CAL3, STM32MP231DAJ3, STM32MP231DAK3, STM32MP231DAL3, STM32MP231FAJ3, STM32MP231FAK3, STM32MP231FAL3, STM32MP233AAJ3, STM32MP233AAK3, STM32MP233AAL3, STM32MP233CAJ3, STM32MP233CAK3, STM32MP233CAL3, STM32MP233DAJ3, STM32MP233DAK3, STM32MP233DAL3, STM32MP233FAJ3, STM32MP233FAK3, STM32MP233FAL3, STM32MP235AAJ3, STM32MP235AAK3, STM32MP235AAL3, STM32MP235CAJ3, STM32MP235CAK3, STM32MP235CAL3, STM32MP235DAJ3, STM32MP235DAK3, STM32MP235DAL3, STM32MP235FAJ3, STM32MP235FAK3, STM32MP235FAL3, STM32MP251AAI3, STM32MP251AAK3, STM32MP251AAL3, STM32MP251CAI3, STM32MP251CAK3, STM32MP251CAL3, STM32MP251DAI3, STM32MP251DAK3, STM32MP251DAL3, STM32MP251FAI3, STM32MP251FAK3, STM32MP251FAL3, STM32MP253AAI3, STM32MP253AAK3, STM32MP253AAL3, STM32MP253CAI3, STM32MP253CAK3, STM32MP253CAL3, STM32MP253DAI3, STM32MP253DAK3, STM32MP253DAL3, STM32MP253FAI3, STM32MP253FAK3, STM32MP253FAL3, STM32MP255AAI3, STM32MP255AAK3, STM32MP255AAL3, STM32MP255CAI3, STM32MP255CAK3, STM32MP255CAL3, STM32MP255DAI3, STM32MP255DAK3, STM32MP255DAL3, STM32MP255FAI3, STM32MP255FAK3, STM32MP255FAL3, STM32MP257AAI3, STM32MP257AAK3, STM32MP257AAL3, STM32MP257CAI3, STM32MP257CAK3, STM32MP257CAL3, STM32MP257DAI3, STM32MP257DAK3, STM32MP257DAL3, STM32MP257F-DK, STM32MP257F-EV1, STM32MP257FAI3, STM32MP257FAK3, STM32MP257FAL3, STM32N645A0H3Q, STM32N645B0H3Q, STM32N645I0H3Q, STM32N645L0H3Q, STM32N645X0H3Q, STM32N645Z0H3Q, STM32N647A0H3Q, STM32N647B0H3Q, STM32N647I0H3Q, STM32N647L0H3Q, STM32N647X0H3Q, STM32N647Z0H3Q, STM32N655A0H3Q, STM32N655B0H3Q, STM32N655I0H3Q, STM32N655L0H3Q, STM32N655X0H3Q, STM32N655Z0H3Q, STM32N6570-DK, STM32N657A0H3Q, STM32N657B0H3Q, STM32N657I0H3Q, STM32N657L0H3Q, STM32N657X0H3Q, STM32N657Z0H3Q, STM32U031C6T6, STM32U031C6U6, STM32U031C8T6, STM32U031C8U6, STM32U031F4P6, STM32U031F6P6, STM32U031F8P6, STM32U031G6Y6TR, STM32U031G8Y6TR, STM32U031K4U6, STM32U031K6U6, STM32U031K8U6, STM32U031R6I6, STM32U031R6T6, STM32U031R8I6, STM32U031R8T6, STM32U073C8T6, STM32U073C8U6, STM32U073CBT6, STM32U073CBU6, STM32U073CCT6, STM32U073CCU6, STM32U073H8Y6TR, STM32U073HBY6TR, STM32U073HCY6TR, STM32U073K8U6, STM32U073KBU6, STM32U073KCU6, STM32U073M8I6, STM32U073M8T6, STM32U073MBI6, STM32U073MBT6, STM32U073MCI6, STM32U073MCT6, STM32U073R8I6, STM32U073R8T6, STM32U073RBI6, STM32U073RBT6, STM32U073RCI6, STM32U073RCT6, STM32U083C-DK, STM32U083CCT6, STM32U083CCU6, STM32U083HCY6TR, STM32U083KCU6, STM32U083MCI6, STM32U083MCT6, STM32U083RCI6, STM32U083RCT6, STM32U375CET6, STM32U375CET6Q, STM32U375CEU6, STM32U375CEU6Q, STM32U375CEY6QTR, STM32U375CGT6, STM32U375CGT6Q, STM32U375CGU6, STM32U375CGU6Q, STM32U375CGY6QTR, STM32U375KEU6, STM32U375KGU6, STM32U375REI6, STM32U375REI6Q, STM32U375RET6, STM32U375RET6Q, STM32U375REY6GTR, STM32U375REY6QTR, STM32U375RGI6, STM32U375RGI6Q, STM32U375RGT6, STM32U375RGT6Q, STM32U375RGY6GTR, STM32U375RGY6QTR, STM32U375VEI6, STM32U375VEI6Q, STM32U375VET6, STM32U375VET6Q, STM32U375VGI6, STM32U375VGI6Q, STM32U375VGT6, STM32U375VGT6Q, STM32U385CGT6, STM32U385CGT6Q, STM32U385CGU6, STM32U385CGU6Q, STM32U385CGY6QTR, STM32U385KGU6, STM32U385RGI6, STM32U385RGI6Q, STM32U385RGT6, STM32U385RGT6Q, STM32U385RGY6GTR, STM32U385RGY6QTR, STM32U385VGI6, STM32U385VGI6Q, STM32U385VGT6, STM32U385VGT6Q, STM32U535CBT6, STM32U535CBT6Q, STM32U535CBU6, STM32U535CBU6Q, STM32U535CCT6, STM32U535CCT6Q, STM32U535CCU6, STM32U535CCU6Q, STM32U535CET6, STM32U535CET6Q, STM32U535CEU6, STM32U535CEU6Q, STM32U535JEY6QTR, STM32U535NCY6QTR, STM32U535NEY6QTR, STM32U535RBI6, STM32U535RBI6Q, STM32U535RBT6, STM32U535RBT6Q, STM32U535RCI6, STM32U535RCI6Q, STM32U535RCT6, STM32U535RCT6Q, STM32U535REI6, STM32U535REI6Q, STM32U535RET6, STM32U535RET6Q, STM32U535VCI6, STM32U535VCI6Q, STM32U535VCT6, STM32U535VCT6Q, STM32U535VEI6, STM32U535VEI6Q, STM32U535VET6, STM32U535VET6Q, STM32U545CET6, STM32U545CET6Q, STM32U545CEU6, STM32U545CEU6Q, STM32U545JEY6QTR, STM32U545NEY6QTR, STM32U545REI6, STM32U545REI6Q, STM32U545RET6, STM32U545RET6Q, STM32U545VEI6, STM32U545VEI6Q, STM32U545VET6, STM32U545VET6Q, STM32U595AIH6, STM32U595AIH6Q, STM32U595AJH6, STM32U595AJH6Q, STM32U595QII6, STM32U595QII6Q, STM32U595QJI6, STM32U595QJI6Q, STM32U595RIT6, STM32U595RIT6Q, STM32U595RJT6, STM32U595RJT6Q, STM32U595VIT6, STM32U595VIT6Q, STM32U595VJT6, STM32U595VJT6Q, STM32U595ZIT6, STM32U595ZIT6Q, STM32U595ZIY6QTR, STM32U595ZJT6, STM32U595ZJT6Q, STM32U595ZJY6QTR, STM32U599BJY6QTR, STM32U599NIH6Q, STM32U599NJH6Q, STM32U599VIT6Q, STM32U599VJT6, STM32U599VJT6Q, STM32U599ZIT6Q, STM32U599ZIY6QTR, STM32U599ZJT6Q, STM32U599ZJY6QTR, STM32U5A5AJH6, STM32U5A5AJH6Q, STM32U5A5QII3Q , STM32U5A5QJI6, STM32U5A5QJI6Q, STM32U5A5RJT6, STM32U5A5RJT6Q, STM32U5A5VJT6, STM32U5A5VJT6Q, STM32U5A5ZJT6, STM32U5A5ZJT6Q, STM32U5A5ZJY6QTR, STM32U5A9BJY6QTR, STM32U5A9J-DK, STM32U5A9NJH6Q, STM32U5A9VJT6Q, STM32U5A9ZJT6Q, STM32U5A9ZJY6QTR, STM32U5F7VIT6, STM32U5F7VIT6Q, STM32U5F7VJT6, STM32U5F7VJT6Q, STM32U5F9BJY6QTR, STM32U5F9NJH6Q, STM32U5F9VIT6Q, STM32U5F9VJT6Q, STM32U5F9ZIJ6QTR, STM32U5F9ZIT6Q, STM32U5F9ZJJ6QTR, STM32U5F9ZJT6Q, STM32U5G7VJT6, STM32U5G7VJT6Q, STM32U5G9BJY6QTR, STM32U5G9J-DK1, STM32U5G9J-DK2, STM32U5G9NJH6Q, STM32U5G9VJT6Q, STM32U5G9ZJJ6QTR, STM32U5G9ZJT6Q, STM32WB05KZV6TR, STM32WB05KZV7TR, STM32WB05TZF6TR, STM32WB05TZF7TR, STM32WB06CCF6TR, STM32WB06CCF7TR, STM32WB06CCV6TR, STM32WB06CCV7TR, STM32WB06KCV6TR, STM32WB06KCV7TR, STM32WB07CCF6TR, STM32WB07CCF7TR, STM32WB07CCV6TR, STM32WB07CCV7TR, STM32WB07KCV6TR, STM32WB07KCV7TR, STM32WB09KEV6TR, STM32WB09KEV7TR, STM32WB09TEF6TR, STM32WB09TEF7TR, STM32WB1MMCH6, STM32WBA50KGU6, STM32WBA50KGU6TR, STM32WBA52CEU6, STM32WBA52CEU6TR, STM32WBA52CEU7, STM32WBA52CEU7TR, STM32WBA52CGU6, STM32WBA52CGU6TR, STM32WBA52CGU6U, STM32WBA52CGU7, STM32WBA52CGU7TR, STM32WBA52KEU6, STM32WBA52KEU6TR, STM32WBA52KGU6, STM32WBA52KGU6TR, STM32WBA54CEU6, STM32WBA54CEU6TR, STM32WBA54CEU7, STM32WBA54CEU7TR, STM32WBA54CGU6, STM32WBA54CGU6TR, STM32WBA54CGU7, STM32WBA54CGU7TR, STM32WBA54KEU6, STM32WBA54KEU6TR, STM32WBA54KEU7, STM32WBA54KEU7TR, STM32WBA54KGU6, STM32WBA54KGU6TR, STM32WBA54KGU7, STM32WBA54KGU7TR, STM32WBA55CEU6, STM32WBA55CEU6TR, STM32WBA55CEU7, STM32WBA55CEU7TR, STM32WBA55CGU6, STM32WBA55CGU6TR, STM32WBA55CGU6U, STM32WBA55CGU7, STM32WBA55CGU7TR, STM32WBA55G-DK1, STM32WBA55HEF6, STM32WBA55HEF7, STM32WBA55HGF6, STM32WBA55HGF7, STM32WBA55UEI6, STM32WBA55UEI6TR, STM32WBA55UEI7, STM32WBA55UEI7TR, STM32WBA55UGI6, STM32WBA55UGI6TR, STM32WBA55UGI7, STM32WBA55UGI7TR, STM32WBA5MMGH6TR, STM32WBA62MGF6, STM32WBA62MIF6, STM32WBA65MGF7, STM32WBA65MIF6, STM32WBA65MIF7, STM32WL30K8V6, STM32WL30KBV6, STM32WL31C8V6, STM32WL31CBV6, STM32WL31K8V6, STM32WL31KBV6, STM32WL33C8V6, STM32WL33C8V6X, STM32WL33CBV6, STM32WL33CBV6X, STM32WL33CCV6, STM32WL33CCV6A, STM32WL33CCV6X, STM32WL33K8V7, STM32WL33K8V7X, STM32WL33KBV7 , STM32WL33KBV7X, STM32WL33KCV7, STM32WL33KCV7X, STM32WL5MOCH6, STM32WL5MOCH6TR]
2025-12-13 14:56:38,321 [INFO] DbMcus:218 - Found 4801 MCUs, 4801 are supported
2025-12-13 14:56:38,324 [INFO] ApiDb:423 - Load user favorites file C:\Users\mathe/.stm32cubeide/favorites.mcus.txt: 0 item(s)
2025-12-13 14:56:38,325 [INFO] ApiDb:427 - User favorites MCUs=[]
2025-12-13 14:56:38,325 [INFO] DbMcus:224 - Set 0 / 0 favorites MCUs
2025-12-13 14:56:38,460 [ERROR] LogOutputStream:75 - [STDERR_REDIRECT] [Fatal Error] :1:1: Premature end of file.
2025-12-13 14:56:38,460 [ERROR] LogOutputStream:75 - [STDERR_REDIRECT] 
2025-12-13 14:56:39,361 [INFO] ApiDb:668 - CubeFinder database Data Model version=2.1
2025-12-13 14:56:39,363 [INFO] ApiDb:669 - CubeFinder database Configuration version=3.0.39
2025-12-13 14:56:39,363 [INFO] ApiDb:670 - CubeFinder database generation date=2025-10-27 (1761571959)
2025-12-13 14:56:39,363 [INFO] ApiDb:671 - CubeFinder database FW Pack versions=[FP-ATR-ASTRA1_V2.0.0, FP-SNS-FLIGHT1_V5.1.0, FP-SNS-MOTENV1_V5.0.0, FP-SNS-MOTENVWB1_V1.4.0, FP-SNS-SMARTAG2_V1.2.0, FP-SNS-STBOX1_V2.1.0, STM32Cube_FW_C0_V1.4.0, STM32Cube_FW_F4_V1.28.3, STM32Cube_FW_F7_V1.17.4, STM32Cube_FW_G0_V1.6.2, STM32Cube_FW_G4_V1.6.1, STM32Cube_FW_H5_V1.5.0, STM32Cube_FW_H7RS_V1.2.0, STM32Cube_FW_H7_V1.12.1, STM32Cube_FW_L0_V1.12.2, STM32Cube_FW_L4_V1.18.1, STM32Cube_FW_L5_V1.5.1, STM32Cube_FW_N6_V1.2.0, STM32Cube_FW_U0_V1.3.0, STM32Cube_FW_U3_V1.2.1, STM32Cube_FW_U5_V1.8.0, STM32Cube_FW_WB0_V1.3.0, STM32Cube_FW_WBA_V1.7.0, STM32Cube_FW_WB_V1.23.0, STM32Cube_FW_WL3_V1.2.0, STM32Cube_FW_WL_V1.3.1, X-CUBE-ALGOBUILD_V1.4.0, X-CUBE-ALS_V1.0.2, X-CUBE-AZRTOS-F4_V1.1.0, X-CUBE-AZRTOS-F7_V1.1.0, X-CUBE-AZRTOS-G0_V1.1.0, X-CUBE-AZRTOS-G4_V2.0.0, X-CUBE-AZRTOS-H7RS_V1.1.0, X-CUBE-AZRTOS-H7_V3.4.0, X-CUBE-AZRTOS-L4_V2.0.0, X-CUBE-AZRTOS-L5_V2.0.0, X-CUBE-AZRTOS-WB_V2.0.0, X-CUBE-AZRTOS-WL_V2.0.0, X-CUBE-BLE1_V7.1.0, X-CUBE-BLE2_V3.3.0, X-CUBE-BLEMGR_V4.1.0, X-CUBE-EEPRMA1_V5.2.0, X-CUBE-FREERTOS_V1.3.1, X-CUBE-GNSS1_V6.0.0, X-CUBE-MEMS1_V11.3.0, X-CUBE-NFC4_V3.0.0, X-CUBE-NFC7_V2.0.0, X-CUBE-SFXS2LP1_V4.0.0, X-CUBE-ST67W61_V1.1.0, X-CUBE-SUBG2_V5.0.0, X-CUBE-TOF1_V3.4.3]
2025-12-13 14:56:39,462 [ERROR] LogOutputStream:75 - [STDERR_REDIRECT] [Fatal Error] :1:1: Premature end of file.
2025-12-13 14:56:39,462 [ERROR] LogOutputStream:75 - [STDERR_REDIRECT] 
2025-12-13 14:56:39,556 [INFO] DbBoardsSqlite:226 - include board P-NUCLEO-WB55-NUCLEO as a kit item of type 'Nucleo-64'
2025-12-13 14:56:39,556 [INFO] DbBoardsSqlite:226 - include board P-NUCLEO-WB55-USBDONGLE as a kit item of type 'Nucleo USB Dongle'
2025-12-13 14:56:39,557 [INFO] DbBoardsSqlite:226 - include board STEVAL-IDP005V1 as a kit item of type 'Evaluation Board'
2025-12-13 14:56:39,557 [INFO] DbBoardsSqlite:226 - include board STEVAL-IDP005V2 as a kit item of type 'Evaluation Board'
2025-12-13 14:56:39,732 [INFO] ApiDb:240 - Found 880 in-development CPN: [B-G473E-ZEST1S, B-WB1M-WPAN1, B-WBA5M-WPAN, B-WL5M-SUBG1, NUCLEO-C031C6, NUCLEO-C051C8, NUCLEO-C071RB, NUCLEO-C092RC, NUCLEO-H503RB, NUCLEO-H533RE, NUCLEO-H563ZI, NUCLEO-H7S3L8, NUCLEO-N657X0-Q, NUCLEO-U031R8, NUCLEO-U083RC, NUCLEO-U385RG-Q, NUCLEO-U545RE-Q, NUCLEO-U5A5ZJ-Q, NUCLEO-WB05KZ, NUCLEO-WB07CC, NUCLEO-WB09KE, NUCLEO-WBA52CG, NUCLEO-WBA55CG, NUCLEO-WL33CC1, NUCLEO-WL33CC2, STEVAL-PROTEUS1, STEVAL-SMARTAG2, STEVAL-STWINBX1, STM320518-EVAL, STM32C0116-DK, STM32C011D6Y3TR, STM32C011D6Y6TR, STM32C011F4P3, STM32C011F4P6, STM32C011F4U3, STM32C011F4U6TR, STM32C011F6P3, STM32C011F6P6, STM32C011F6U3, STM32C011F6U6TR, STM32C011J4M3, STM32C011J4M6, STM32C011J6M3, STM32C011J6M6, STM32C0316-DK, STM32C031C4T3, STM32C031C4T6, STM32C031C4U3, STM32C031C4U6, STM32C031C6T3, STM32C031C6T6, STM32C031C6U3, STM32C031C6U6, STM32C031F4P3, STM32C031F4P6, STM32C031F6P3, STM32C031F6P6, STM32C031G4U3, STM32C031G4U6, STM32C031G6U3, STM32C031G6U6, STM32C031K4T3, STM32C031K4T6, STM32C031K4U3, STM32C031K4U6, STM32C031K6T3, STM32C031K6T6, STM32C031K6U3, STM32C031K6U6, STM32C051C6T6, STM32C051C6U6, STM32C051C8T6, STM32C051C8U6, STM32C051D8Y6TR, STM32C051F6P6, STM32C051F8P6, STM32C051G6U6, STM32C051G8U6, STM32C051K6T6, STM32C051K6U6, STM32C051K8T6, STM32C071C8T6, STM32C071C8T6N, STM32C071C8U6, STM32C071C8U6N, STM32C071CBT6, STM32C071CBT6N, STM32C071CBU6, STM32C071CBU6N, STM32C071F8P6, STM32C071F8P6N, STM32C071FBP6, STM32C071FBP6N, STM32C071FBY6TR, STM32C071G8U6, STM32C071G8U6N, STM32C071GBU6, STM32C071GBU6N, STM32C071K8T6, STM32C071K8T6N, STM32C071K8U6, STM32C071K8U6N, STM32C071KBT6, STM32C071KBT6N, STM32C071KBU6, STM32C071KBU6N, STM32C071R8T6, STM32C071R8T6N, STM32C071RBI6N, STM32C071RBT6, STM32C071RBT6N, STM32C091CBT6, STM32C091CBU6, STM32C091CCT6, STM32C091CCU6, STM32C091ECY6TR, STM32C091FBP6, STM32C091FCP6, STM32C091GBU6, STM32C091GCU6, STM32C091KBT6, STM32C091KBU6, STM32C091KCT6, STM32C091KCU6, STM32C091RBT6, STM32C091RCI6, STM32C091RCT6, STM32C092CBT6, STM32C092CBU6, STM32C092CCT6, STM32C092CCU6, STM32C092ECY6TR, STM32C092FBP6, STM32C092FCP6, STM32C092GBU6, STM32C092GCU6, STM32C092KBT6, STM32C092KBU6, STM32C092KCT6, STM32C092KCU6, STM32C092RBT6, STM32C092RCI6, STM32C092RCT6, STM32G071K8TXN, STM32G071K8UXN, STM32G081GBU6N, STM32G081KBT6N, STM32G081KBUXN, STM32G0B1CCT6N, STM32G0B1KCT6, STM32G0B1NEY6TR, STM32G0B1RCT6N, STM32G0C1CCT6, STM32G0C1CCT6N, STM32G0C1CCU6N, STM32G0C1CET6N, STM32G0C1CEU6N, STM32G0C1KCT6, STM32G0C1NEY6TR, STM32G0C1RCI6N, STM32G0C1RCT6N, STM32G0C1REI6N, STM32G0C1RET6N, STM32G0C1VCI6, STM32G0C1VEI6, STM32G411C6T3, STM32G411C6T6, STM32G411C6U3, STM32G411C6U6, STM32G411C8T3, STM32G411C8T6, STM32G411C8U3, STM32G411C8U6, STM32G411CBT3, STM32G411CBT6, STM32G411CBU3, STM32G411CBU6, STM32G411K6T3, STM32G411K6T6, STM32G411K6U3, STM32G411K6U6, STM32G411K8T3, STM32G411K8T6, STM32G411K8U3, STM32G411K8U6, STM32G411KBT3, STM32G411KBT6, STM32G411KBU3, STM32G411KBU6, STM32G411M6T3, STM32G411M6T6, STM32G411M8T3, STM32G411M8T6, STM32G411MBT3, STM32G411MBT6, STM32G411R6T3, STM32G411R6T6, STM32G411R8T3, STM32G411R8T6, STM32G411RBT3, STM32G411RBT6, STM32G414CBT3, STM32G414CBT6, STM32G414CBU3, STM32G414CBU6, STM32G414CCT3, STM32G414CCT6, STM32G414CCU3, STM32G414CCU6, STM32G414MBT3, STM32G414MBT6, STM32G414MCT3, STM32G414MCT6, STM32G414RBT3, STM32G414RBT6, STM32G414RCT3, STM32G414RCT6, STM32G414VBT3, STM32G414VBT6, STM32G414VCT3, STM32G414VCT6, STM32G431CBT3Z, STM32G431RBT3Z, STM32G471CCT6, STM32G471CCU6, STM32G471CET3, STM32G471CET6, STM32G471CEU3, STM32G471CEU6, STM32G471MCT6, STM32G471MET3, STM32G471MET6, STM32G471MEY6TR, STM32G471QCT6, STM32G471QET3, STM32G471RCT6, STM32G471RET3, STM32G471RET6, STM32G471VCH6, STM32G471VCI6, STM32G471VCT6, STM32G471VEH3, STM32G471VEH6, STM32G471VEI3, STM32G471VEI6, STM32G471VET3, STM32G471VET6, STM32G473QET3Z, STM32G473RET3Z, STM32G474CCT6, STM32G491RET3Z, STM32H503CBT6, STM32H503CBU6, STM32H503EBY6TR, STM32H503KBU6, STM32H503RBT6, STM32H523CCT6, STM32H523CCU6, STM32H523CET6, STM32H523CEU6, STM32H523HEY6TR, STM32H523RCT6, STM32H523RET6, STM32H523VCI6, STM32H523VCT6, STM32H523VEI6, STM32H523VET6, STM32H523ZCJ6, STM32H523ZCT6, STM32H523ZEJ6, STM32H523ZET6, STM32H533CET6, STM32H533CEU6, STM32H533HEY6TR, STM32H533RET6, STM32H533VEI6, STM32H533VET6, STM32H533ZEJ6, STM32H533ZET6, STM32H562AGI6, STM32H562AII6, STM32H562IGK6, STM32H562IGT6, STM32H562IIK6, STM32H562IIT6, STM32H562RGT6, STM32H562RGV6, STM32H562RIT6, STM32H562RIV6, STM32H562VGT6, STM32H562VIT6, STM32H562ZGT6, STM32H562ZIT6, STM32H563AGI6, STM32H563AII3Q, STM32H563AII6, STM32H563IGK6, STM32H563IGT6, STM32H563IIK3Q, STM32H563IIK6, STM32H563IIT3Q, STM32H563IIT6, STM32H563MIY3QTR, STM32H563RGT6, STM32H563RGV6, STM32H563RIT6, STM32H563RIV6, STM32H563VGT6, STM32H563VIT3Q, STM32H563VIT6, STM32H563ZGT6, STM32H563ZIT3Q, STM32H563ZIT6, STM32H573AII3Q, STM32H573AII6, STM32H573I-DK, STM32H573IIK3Q, STM32H573IIK6, STM32H573IIT3Q, STM32H573IIT6, STM32H573MIY3QTR, STM32H573RIT6, STM32H573RIV6, STM32H573VIT3Q, STM32H573VIT6, STM32H573ZIT3Q, STM32H573ZIT6, STM32H7R3A8I6, STM32H7R3I8K6, STM32H7R3I8T6, STM32H7R3L8H6, STM32H7R3L8H6H, STM32H7R3R8V6, STM32H7R3V8H6, STM32H7R3V8T6, STM32H7R3V8Y6TR, STM32H7R3Z8J6, STM32H7R3Z8T6, STM32H7R7A8I6, STM32H7R7I8K6, STM32H7R7I8T6, STM32H7R7L8H6, STM32H7R7L8H6H, STM32H7R7Z8J6, STM32H7S3A8I6, STM32H7S3I8K6, STM32H7S3I8T6, STM32H7S3L8H6, STM32H7S3L8H6H, STM32H7S3R8V6, STM32H7S3V8H6, STM32H7S3V8T6, STM32H7S3V8Y6TR, STM32H7S3Z8J6, STM32H7S3Z8T6, STM32H7S78-DK, STM32H7S7A8I6, STM32H7S7I8K6, STM32H7S7I8T6, STM32H7S7L8H6, STM32H7S7L8H6H, STM32H7S7Z8J6, STM32L4R5QGI6STR, STM32MP131AAE3, STM32MP131AAF3, STM32MP131AAG3, STM32MP131CAE3, STM32MP131CAF3, STM32MP131CAG3, STM32MP131DAE7, STM32MP131DAF7, STM32MP131DAG7, STM32MP131FAE7, STM32MP131FAF7, STM32MP131FAG7, STM32MP133AAE3, STM32MP133AAF3, STM32MP133AAG3, STM32MP133CAE3, STM32MP133CAF3, STM32MP133CAG3, STM32MP133DAE7, STM32MP133DAF7, STM32MP133DAG7, STM32MP133FAE7, STM32MP133FAF7, STM32MP133FAG7, STM32MP135AAE3, STM32MP135AAF3, STM32MP135AAG3, STM32MP135CAE3, STM32MP135CAF3, STM32MP135CAG3, STM32MP135DAE7, STM32MP135DAF7, STM32MP135DAG7, STM32MP135F-DK, STM32MP135FAE7, STM32MP135FAF7, STM32MP135FAF7T, STM32MP135FAF7U, STM32MP135FAG7, STM32MP211AAL3, STM32MP211AAM3, STM32MP211AAN3, STM32MP211AAO3, STM32MP211CAL3, STM32MP211CAM3, STM32MP211CAN3, STM32MP211CAO3, STM32MP211DAL3, STM32MP211DAM3, STM32MP211DAN3, STM32MP211DAO3, STM32MP211FAL3, STM32MP211FAM3, STM32MP211FAN3, STM32MP211FAO3, STM32MP213AAL3, STM32MP213AAM3, STM32MP213AAN3, STM32MP213AAO3, STM32MP213CAL3, STM32MP213CAM3, STM32MP213CAN3, STM32MP213CAO3, STM32MP213DAL3, STM32MP213DAM3, STM32MP213DAN3, STM32MP213DAO3, STM32MP213FAL3, STM32MP213FAM3, STM32MP213FAN3, STM32MP213FAO3, STM32MP215AAL3, STM32MP215AAM3, STM32MP215AAN3, STM32MP215AAO3, STM32MP215CAL3, STM32MP215CAM3, STM32MP215CAN3, STM32MP215CAO3, STM32MP215DAL3, STM32MP215DAM3, STM32MP215DAN3, STM32MP215DAO3, STM32MP215F-DK, STM32MP215FAL3, STM32MP215FAM3, STM32MP215FAN3, STM32MP215FAO3, STM32MP231AAJ3, STM32MP231AAK3, STM32MP231AAL3, STM32MP231CAJ3, STM32MP231CAK3, STM32MP231CAL3, STM32MP231DAJ3, STM32MP231DAK3, STM32MP231DAL3, STM32MP231FAJ3, STM32MP231FAK3, STM32MP231FAL3, STM32MP233AAJ3, STM32MP233AAK3, STM32MP233AAL3, STM32MP233CAJ3, STM32MP233CAK3, STM32MP233CAL3, STM32MP233DAJ3, STM32MP233DAK3, STM32MP233DAL3, STM32MP233FAJ3, STM32MP233FAK3, STM32MP233FAL3, STM32MP235AAJ3, STM32MP235AAK3, STM32MP235AAL3, STM32MP235CAJ3, STM32MP235CAK3, STM32MP235CAL3, STM32MP235DAJ3, STM32MP235DAK3, STM32MP235DAL3, STM32MP235FAJ3, STM32MP235FAK3, STM32MP235FAL3, STM32MP251AAI3, STM32MP251AAK3, STM32MP251AAL3, STM32MP251CAI3, STM32MP251CAK3, STM32MP251CAL3, STM32MP251DAI3, STM32MP251DAK3, STM32MP251DAL3, STM32MP251FAI3, STM32MP251FAK3, STM32MP251FAL3, STM32MP253AAI3, STM32MP253AAK3, STM32MP253AAL3, STM32MP253CAI3, STM32MP253CAK3, STM32MP253CAL3, STM32MP253DAI3, STM32MP253DAK3, STM32MP253DAL3, STM32MP253FAI3, STM32MP253FAK3, STM32MP253FAL3, STM32MP255AAI3, STM32MP255AAK3, STM32MP255AAL3, STM32MP255CAI3, STM32MP255CAK3, STM32MP255CAL3, STM32MP255DAI3, STM32MP255DAK3, STM32MP255DAL3, STM32MP255FAI3, STM32MP255FAK3, STM32MP255FAL3, STM32MP257AAI3, STM32MP257AAK3, STM32MP257AAL3, STM32MP257CAI3, STM32MP257CAK3, STM32MP257CAL3, STM32MP257DAI3, STM32MP257DAK3, STM32MP257DAL3, STM32MP257F-DK, STM32MP257F-EV1, STM32MP257FAI3, STM32MP257FAK3, STM32MP257FAL3, STM32N645A0H3Q, STM32N645B0H3Q, STM32N645I0H3Q, STM32N645L0H3Q, STM32N645X0H3Q, STM32N645Z0H3Q, STM32N647A0H3Q, STM32N647B0H3Q, STM32N647I0H3Q, STM32N647L0H3Q, STM32N647X0H3Q, STM32N647Z0H3Q, STM32N655A0H3Q, STM32N655B0H3Q, STM32N655I0H3Q, STM32N655L0H3Q, STM32N655X0H3Q, STM32N655Z0H3Q, STM32N6570-DK, STM32N657A0H3Q, STM32N657B0H3Q, STM32N657I0H3Q, STM32N657L0H3Q, STM32N657X0H3Q, STM32N657Z0H3Q, STM32U031C6T6, STM32U031C6U6, STM32U031C8T6, STM32U031C8U6, STM32U031F4P6, STM32U031F6P6, STM32U031F8P6, STM32U031G6Y6TR, STM32U031G8Y6TR, STM32U031K4U6, STM32U031K6U6, STM32U031K8U6, STM32U031R6I6, STM32U031R6T6, STM32U031R8I6, STM32U031R8T6, STM32U073C8T6, STM32U073C8U6, STM32U073CBT6, STM32U073CBU6, STM32U073CCT6, STM32U073CCU6, STM32U073H8Y6TR, STM32U073HBY6TR, STM32U073HCY6TR, STM32U073K8U6, STM32U073KBU6, STM32U073KCU6, STM32U073M8I6, STM32U073M8T6, STM32U073MBI6, STM32U073MBT6, STM32U073MCI6, STM32U073MCT6, STM32U073R8I6, STM32U073R8T6, STM32U073RBI6, STM32U073RBT6, STM32U073RCI6, STM32U073RCT6, STM32U083C-DK, STM32U083CCT6, STM32U083CCU6, STM32U083HCY6TR, STM32U083KCU6, STM32U083MCI6, STM32U083MCT6, STM32U083RCI6, STM32U083RCT6, STM32U375CET6, STM32U375CET6Q, STM32U375CEU6, STM32U375CEU6Q, STM32U375CEY6QTR, STM32U375CGT6, STM32U375CGT6Q, STM32U375CGU6, STM32U375CGU6Q, STM32U375CGY6QTR, STM32U375KEU6, STM32U375KGU6, STM32U375REI6, STM32U375REI6Q, STM32U375RET6, STM32U375RET6Q, STM32U375REY6GTR, STM32U375REY6QTR, STM32U375RGI6, STM32U375RGI6Q, STM32U375RGT6, STM32U375RGT6Q, STM32U375RGY6GTR, STM32U375RGY6QTR, STM32U375VEI6, STM32U375VEI6Q, STM32U375VET6, STM32U375VET6Q, STM32U375VGI6, STM32U375VGI6Q, STM32U375VGT6, STM32U375VGT6Q, STM32U385CGT6, STM32U385CGT6Q, STM32U385CGU6, STM32U385CGU6Q, STM32U385CGY6QTR, STM32U385KGU6, STM32U385RGI6, STM32U385RGI6Q, STM32U385RGT6, STM32U385RGT6Q, STM32U385RGY6GTR, STM32U385RGY6QTR, STM32U385VGI6, STM32U385VGI6Q, STM32U385VGT6, STM32U385VGT6Q, STM32U535CBT6, STM32U535CBT6Q, STM32U535CBU6, STM32U535CBU6Q, STM32U535CCT6, STM32U535CCT6Q, STM32U535CCU6, STM32U535CCU6Q, STM32U535CET6, STM32U535CET6Q, STM32U535CEU6, STM32U535CEU6Q, STM32U535JEY6QTR, STM32U535NCY6QTR, STM32U535NEY6QTR, STM32U535RBI6, STM32U535RBI6Q, STM32U535RBT6, STM32U535RBT6Q, STM32U535RCI6, STM32U535RCI6Q, STM32U535RCT6, STM32U535RCT6Q, STM32U535REI6, STM32U535REI6Q, STM32U535RET6, STM32U535RET6Q, STM32U535VCI6, STM32U535VCI6Q, STM32U535VCT6, STM32U535VCT6Q, STM32U535VEI6, STM32U535VEI6Q, STM32U535VET6, STM32U535VET6Q, STM32U545CET6, STM32U545CET6Q, STM32U545CEU6, STM32U545CEU6Q, STM32U545JEY6QTR, STM32U545NEY6QTR, STM32U545REI6, STM32U545REI6Q, STM32U545RET6, STM32U545RET6Q, STM32U545VEI6, STM32U545VEI6Q, STM32U545VET6, STM32U545VET6Q, STM32U595AIH6, STM32U595AIH6Q, STM32U595AJH6, STM32U595AJH6Q, STM32U595QII6, STM32U595QII6Q, STM32U595QJI6, STM32U595QJI6Q, STM32U595RIT6, STM32U595RIT6Q, STM32U595RJT6, STM32U595RJT6Q, STM32U595VIT6, STM32U595VIT6Q, STM32U595VJT6, STM32U595VJT6Q, STM32U595ZIT6, STM32U595ZIT6Q, STM32U595ZIY6QTR, STM32U595ZJT6, STM32U595ZJT6Q, STM32U595ZJY6QTR, STM32U599BJY6QTR, STM32U599NIH6Q, STM32U599NJH6Q, STM32U599VIT6Q, STM32U599VJT6, STM32U599VJT6Q, STM32U599ZIT6Q, STM32U599ZIY6QTR, STM32U599ZJT6Q, STM32U599ZJY6QTR, STM32U5A5AJH6, STM32U5A5AJH6Q, STM32U5A5QII3Q , STM32U5A5QJI6, STM32U5A5QJI6Q, STM32U5A5RJT6, STM32U5A5RJT6Q, STM32U5A5VJT6, STM32U5A5VJT6Q, STM32U5A5ZJT6, STM32U5A5ZJT6Q, STM32U5A5ZJY6QTR, STM32U5A9BJY6QTR, STM32U5A9J-DK, STM32U5A9NJH6Q, STM32U5A9VJT6Q, STM32U5A9ZJT6Q, STM32U5A9ZJY6QTR, STM32U5F7VIT6, STM32U5F7VIT6Q, STM32U5F7VJT6, STM32U5F7VJT6Q, STM32U5F9BJY6QTR, STM32U5F9NJH6Q, STM32U5F9VIT6Q, STM32U5F9VJT6Q, STM32U5F9ZIJ6QTR, STM32U5F9ZIT6Q, STM32U5F9ZJJ6QTR, STM32U5F9ZJT6Q, STM32U5G7VJT6, STM32U5G7VJT6Q, STM32U5G9BJY6QTR, STM32U5G9J-DK1, STM32U5G9J-DK2, STM32U5G9NJH6Q, STM32U5G9VJT6Q, STM32U5G9ZJJ6QTR, STM32U5G9ZJT6Q, STM32WB05KZV6TR, STM32WB05KZV7TR, STM32WB05TZF6TR, STM32WB05TZF7TR, STM32WB06CCF6TR, STM32WB06CCF7TR, STM32WB06CCV6TR, STM32WB06CCV7TR, STM32WB06KCV6TR, STM32WB06KCV7TR, STM32WB07CCF6TR, STM32WB07CCF7TR, STM32WB07CCV6TR, STM32WB07CCV7TR, STM32WB07KCV6TR, STM32WB07KCV7TR, STM32WB09KEV6TR, STM32WB09KEV7TR, STM32WB09TEF6TR, STM32WB09TEF7TR, STM32WB1MMCH6, STM32WBA50KGU6, STM32WBA50KGU6TR, STM32WBA52CEU6, STM32WBA52CEU6TR, STM32WBA52CEU7, STM32WBA52CEU7TR, STM32WBA52CGU6, STM32WBA52CGU6TR, STM32WBA52CGU6U, STM32WBA52CGU7, STM32WBA52CGU7TR, STM32WBA52KEU6, STM32WBA52KEU6TR, STM32WBA52KGU6, STM32WBA52KGU6TR, STM32WBA54CEU6, STM32WBA54CEU6TR, STM32WBA54CEU7, STM32WBA54CEU7TR, STM32WBA54CGU6, STM32WBA54CGU6TR, STM32WBA54CGU7, STM32WBA54CGU7TR, STM32WBA54KEU6, STM32WBA54KEU6TR, STM32WBA54KEU7, STM32WBA54KEU7TR, STM32WBA54KGU6, STM32WBA54KGU6TR, STM32WBA54KGU7, STM32WBA54KGU7TR, STM32WBA55CEU6, STM32WBA55CEU6TR, STM32WBA55CEU7, STM32WBA55CEU7TR, STM32WBA55CGU6, STM32WBA55CGU6TR, STM32WBA55CGU6U, STM32WBA55CGU7, STM32WBA55CGU7TR, STM32WBA55G-DK1, STM32WBA55HEF6, STM32WBA55HEF7, STM32WBA55HGF6, STM32WBA55HGF7, STM32WBA55UEI6, STM32WBA55UEI6TR, STM32WBA55UEI7, STM32WBA55UEI7TR, STM32WBA55UGI6, STM32WBA55UGI6TR, STM32WBA55UGI7, STM32WBA55UGI7TR, STM32WBA5MMGH6TR, STM32WBA62MGF6, STM32WBA62MIF6, STM32WBA65MGF7, STM32WBA65MIF6, STM32WBA65MIF7, STM32WL30K8V6, STM32WL30KBV6, STM32WL31C8V6, STM32WL31CBV6, STM32WL31K8V6, STM32WL31KBV6, STM32WL33C8V6, STM32WL33C8V6X, STM32WL33CBV6, STM32WL33CBV6X, STM32WL33CCV6, STM32WL33CCV6A, STM32WL33CCV6X, STM32WL33K8V7, STM32WL33K8V7X, STM32WL33KBV7 , STM32WL33KBV7X, STM32WL33KCV7, STM32WL33KCV7X, STM32WL5MOCH6, STM32WL5MOCH6TR]
2025-12-13 14:56:40,441 [INFO] BoardInfo:889 - No configuration file found for board P-NUCLEO-WB55
2025-12-13 14:56:40,445 [INFO] DbBoards:161 - Kit is not supported: P-NUCLEO-WB55
2025-12-13 14:56:40,460 [ERROR] LogOutputStream:75 - [STDERR_REDIRECT] [Fatal Error] :1:1: Premature end of file.
2025-12-13 14:56:40,460 [ERROR] LogOutputStream:75 - [STDERR_REDIRECT] 
2025-12-13 14:56:40,463 [INFO] BoardInfo:889 - No configuration file found for board STEVAL-BFA001V1B
2025-12-13 14:56:40,468 [INFO] DbBoards:161 - Kit is not supported: STEVAL-BFA001V1B
2025-12-13 14:56:40,471 [INFO] BoardInfo:889 - No configuration file found for board STEVAL-BFA001V2B
2025-12-13 14:56:40,474 [INFO] DbBoards:161 - Kit is not supported: STEVAL-BFA001V2B
2025-12-13 14:56:41,035 [INFO] DbBoards:168 - Found 212 boards, 209 are supported
2025-12-13 14:56:41,036 [INFO] DbBoards:169 - Found 212 boards, 43 of them is supported for  Bsp
2025-12-13 14:56:41,042 [INFO] ApiDb:423 - Load user favorites file C:\Users\mathe/.stm32cubeide/favorites.boards.txt: 1 item(s)
2025-12-13 14:56:41,042 [INFO] ApiDb:427 - User favorites Boards=[NUCLEO-F446RE]
2025-12-13 14:56:41,042 [INFO] DbBoards:198 - Set 1 / 1 favorites Boards
2025-12-13 14:56:41,043 [INFO] McuFinderGlobals:76 - Set McuFinderConnectedMode to false
2025-12-13 14:56:41,085 [INFO] MultiScanPanel:200 - Auto-refresh data requested => check proxy status ongoing
2025-12-13 14:56:41,085 [INFO] MultiScanPanel:204 - Proxy status is invalid
2025-12-13 14:56:41,092 [INFO] FinderPluginLoader:96 - Searching for filters in installed packs
2025-12-13 14:56:41,445 [ERROR] LogOutputStream:75 - [STDERR_REDIRECT] [Fatal Error] :1:1: Premature end of file.
2025-12-13 14:56:41,446 [ERROR] LogOutputStream:75 - [STDERR_REDIRECT] 
2025-12-13 14:56:42,481 [ERROR] LogOutputStream:75 - [STDERR_REDIRECT] [Fatal Error] :1:1: Premature end of file.
2025-12-13 14:56:42,481 [ERROR] LogOutputStream:75 - [STDERR_REDIRECT] 
2025-12-13 14:56:43,474 [ERROR] LogOutputStream:75 - [STDERR_REDIRECT] [Fatal Error] :1:1: Premature end of file.
2025-12-13 14:56:43,474 [ERROR] LogOutputStream:75 - [STDERR_REDIRECT] 
2025-12-13 14:56:44,509 [ERROR] LogOutputStream:75 - [STDERR_REDIRECT] [Fatal Error] :1:1: Premature end of file.
2025-12-13 14:56:44,509 [ERROR] LogOutputStream:75 - [STDERR_REDIRECT] 
2025-12-13 14:56:44,811 [INFO] DetailPanel:341 - Set advertising image to C:/Users/mathe/STM32Cube/Repository/\en.mcu-finder-stm32n6dk.jpg
2025-12-13 14:56:45,478 [ERROR] LogOutputStream:75 - [STDERR_REDIRECT] [Fatal Error] :1:1: Premature end of file.
2025-12-13 14:56:45,479 [ERROR] LogOutputStream:75 - [STDERR_REDIRECT] 
2025-12-13 14:56:46,511 [ERROR] LogOutputStream:75 - [STDERR_REDIRECT] [Fatal Error] :1:1: Premature end of file.
2025-12-13 14:56:46,516 [ERROR] LogOutputStream:75 - [STDERR_REDIRECT] 
2025-12-13 14:56:47,488 [ERROR] LogOutputStream:75 - [STDERR_REDIRECT] [Fatal Error] :1:1: Premature end of file.
2025-12-13 14:56:47,488 [ERROR] LogOutputStream:75 - [STDERR_REDIRECT] 
2025-12-13 14:56:48,468 [ERROR] LogOutputStream:75 - [STDERR_REDIRECT] [Fatal Error] :1:1: Premature end of file.
2025-12-13 14:56:48,468 [ERROR] LogOutputStream:75 - [STDERR_REDIRECT] 
2025-12-13 14:56:49,459 [ERROR] LogOutputStream:75 - [STDERR_REDIRECT] [Fatal Error] :1:1: Premature end of file.
2025-12-13 14:56:49,460 [ERROR] LogOutputStream:75 - [STDERR_REDIRECT] 
2025-12-13 14:56:50,458 [ERROR] LogOutputStream:75 - [STDERR_REDIRECT] [Fatal Error] :1:1: Premature end of file.
2025-12-13 14:56:50,458 [ERROR] LogOutputStream:75 - [STDERR_REDIRECT] 
2025-12-13 14:56:50,998 [INFO] MultiScanPanel:200 - Auto-refresh data requested => check proxy status ongoing
2025-12-13 14:56:50,998 [INFO] MultiScanPanel:204 - Proxy status is invalid
2025-12-13 14:56:51,187 [INFO] DetailPanel:341 - Set advertising image to C:/Users/mathe/STM32Cube/Repository/\en.mcu-finder-stm32n6dk.jpg
2025-12-13 14:56:51,210 [INFO] DbBoards:642 - Loading board mini-images...
2025-12-13 14:56:51,446 [ERROR] LogOutputStream:75 - [STDERR_REDIRECT] [Fatal Error] :1:1: Premature end of file.
2025-12-13 14:56:51,447 [ERROR] LogOutputStream:75 - [STDERR_REDIRECT] 
2025-12-13 14:56:52,442 [ERROR] LogOutputStream:75 - [STDERR_REDIRECT] [Fatal Error] :1:1: Premature end of file.
2025-12-13 14:56:52,442 [ERROR] LogOutputStream:75 - [STDERR_REDIRECT] 
2025-12-13 14:56:53,427 [ERROR] LogOutputStream:75 - [STDERR_REDIRECT] [Fatal Error] :1:1: Premature end of file.
2025-12-13 14:56:53,428 [ERROR] LogOutputStream:75 - [STDERR_REDIRECT] 
2025-12-13 14:56:54,054 [ERROR] DbBoards:659 - Image file not found for board STM32MP215F-DK: C:\Users\mathe\.stmcufinder\plugins\mcufinder//mcu//boards_images/STM32MP215F-DK.jpg
2025-12-13 14:56:54,186 [INFO] DbBoards:665 - Loaded 211 board mini-images
2025-12-13 14:56:54,440 [ERROR] LogOutputStream:75 - [STDERR_REDIRECT] [Fatal Error] :1:1: Premature end of file.
2025-12-13 14:56:54,441 [ERROR] LogOutputStream:75 - [STDERR_REDIRECT] 
2025-12-13 14:56:55,434 [ERROR] LogOutputStream:75 - [STDERR_REDIRECT] [Fatal Error] :1:1: Premature end of file.
2025-12-13 14:56:55,434 [ERROR] LogOutputStream:75 - [STDERR_REDIRECT] 
2025-12-13 14:56:56,448 [ERROR] LogOutputStream:75 - [STDERR_REDIRECT] [Fatal Error] :1:1: Premature end of file.
2025-12-13 14:56:56,448 [ERROR] LogOutputStream:75 - [STDERR_REDIRECT] 
2025-12-13 14:56:57,440 [ERROR] LogOutputStream:75 - [STDERR_REDIRECT] [Fatal Error] :1:1: Premature end of file.
2025-12-13 14:56:57,441 [ERROR] LogOutputStream:75 - [STDERR_REDIRECT] 
2025-12-13 14:56:58,442 [ERROR] LogOutputStream:75 - [STDERR_REDIRECT] [Fatal Error] :1:1: Premature end of file.
2025-12-13 14:56:58,442 [ERROR] LogOutputStream:75 - [STDERR_REDIRECT] 
2025-12-13 14:56:59,443 [ERROR] LogOutputStream:75 - [STDERR_REDIRECT] [Fatal Error] :1:1: Premature end of file.
2025-12-13 14:56:59,443 [ERROR] LogOutputStream:75 - [STDERR_REDIRECT] 
2025-12-13 14:57:00,451 [ERROR] LogOutputStream:75 - [STDERR_REDIRECT] [Fatal Error] :1:1: Premature end of file.
2025-12-13 14:57:00,451 [ERROR] LogOutputStream:75 - [STDERR_REDIRECT] 
2025-12-13 14:57:01,438 [ERROR] LogOutputStream:75 - [STDERR_REDIRECT] [Fatal Error] :1:1: Premature end of file.
2025-12-13 14:57:01,438 [ERROR] LogOutputStream:75 - [STDERR_REDIRECT] 
2025-12-13 14:57:02,437 [ERROR] LogOutputStream:75 - [STDERR_REDIRECT] [Fatal Error] :1:1: Premature end of file.
2025-12-13 14:57:02,437 [ERROR] LogOutputStream:75 - [STDERR_REDIRECT] 
2025-12-13 14:57:03,441 [ERROR] LogOutputStream:75 - [STDERR_REDIRECT] [Fatal Error] :1:1: Premature end of file.
2025-12-13 14:57:03,442 [ERROR] LogOutputStream:75 - [STDERR_REDIRECT] 
2025-12-13 14:57:04,440 [ERROR] LogOutputStream:75 - [STDERR_REDIRECT] [Fatal Error] :1:1: Premature end of file.
2025-12-13 14:57:04,440 [ERROR] LogOutputStream:75 - [STDERR_REDIRECT] 
2025-12-13 14:57:05,442 [ERROR] LogOutputStream:75 - [STDERR_REDIRECT] [Fatal Error] :1:1: Premature end of file.
2025-12-13 14:57:05,442 [ERROR] LogOutputStream:75 - [STDERR_REDIRECT] 
2025-12-13 14:57:06,447 [ERROR] LogOutputStream:75 - [STDERR_REDIRECT] [Fatal Error] :1:1: Premature end of file.
2025-12-13 14:57:06,447 [ERROR] LogOutputStream:75 - [STDERR_REDIRECT] 
2025-12-13 14:57:07,439 [ERROR] LogOutputStream:75 - [STDERR_REDIRECT] [Fatal Error] :1:1: Premature end of file.
2025-12-13 14:57:07,439 [ERROR] LogOutputStream:75 - [STDERR_REDIRECT] 
2025-12-13 14:57:08,441 [ERROR] LogOutputStream:75 - [STDERR_REDIRECT] [Fatal Error] :1:1: Premature end of file.
2025-12-13 14:57:08,441 [ERROR] LogOutputStream:75 - [STDERR_REDIRECT] 
2025-12-13 14:57:09,443 [ERROR] LogOutputStream:75 - [STDERR_REDIRECT] [Fatal Error] :1:1: Premature end of file.
2025-12-13 14:57:09,443 [ERROR] LogOutputStream:75 - [STDERR_REDIRECT] 
2025-12-13 14:57:10,440 [ERROR] LogOutputStream:75 - [STDERR_REDIRECT] [Fatal Error] :1:1: Premature end of file.
2025-12-13 14:57:10,440 [ERROR] LogOutputStream:75 - [STDERR_REDIRECT] 
2025-12-13 14:57:11,443 [ERROR] LogOutputStream:75 - [STDERR_REDIRECT] [Fatal Error] :1:1: Premature end of file.
2025-12-13 14:57:11,443 [ERROR] LogOutputStream:75 - [STDERR_REDIRECT] 
2025-12-13 14:57:12,440 [ERROR] LogOutputStream:75 - [STDERR_REDIRECT] [Fatal Error] :1:1: Premature end of file.
2025-12-13 14:57:12,440 [ERROR] LogOutputStream:75 - [STDERR_REDIRECT] 
2025-12-13 14:57:13,441 [ERROR] LogOutputStream:75 - [STDERR_REDIRECT] [Fatal Error] :1:1: Premature end of file.
2025-12-13 14:57:13,441 [ERROR] LogOutputStream:75 - [STDERR_REDIRECT] 
2025-12-13 14:57:14,444 [ERROR] LogOutputStream:75 - [STDERR_REDIRECT] [Fatal Error] :1:1: Premature end of file.
2025-12-13 14:57:14,444 [ERROR] LogOutputStream:75 - [STDERR_REDIRECT] 
2025-12-13 14:57:15,446 [ERROR] LogOutputStream:75 - [STDERR_REDIRECT] [Fatal Error] :1:1: Premature end of file.
2025-12-13 14:57:15,446 [ERROR] LogOutputStream:75 - [STDERR_REDIRECT] 
2025-12-13 14:57:16,442 [ERROR] LogOutputStream:75 - [STDERR_REDIRECT] [Fatal Error] :1:1: Premature end of file.
2025-12-13 14:57:16,442 [ERROR] LogOutputStream:75 - [STDERR_REDIRECT] 
2025-12-13 14:57:17,437 [ERROR] LogOutputStream:75 - [STDERR_REDIRECT] [Fatal Error] :1:1: Premature end of file.
2025-12-13 14:57:17,437 [ERROR] LogOutputStream:75 - [STDERR_REDIRECT] 
2025-12-13 14:57:18,440 [ERROR] LogOutputStream:75 - [STDERR_REDIRECT] [Fatal Error] :1:1: Premature end of file.
2025-12-13 14:57:18,440 [ERROR] LogOutputStream:75 - [STDERR_REDIRECT] 
2025-12-13 14:57:19,438 [ERROR] LogOutputStream:75 - [STDERR_REDIRECT] [Fatal Error] :1:1: Premature end of file.
2025-12-13 14:57:19,439 [ERROR] LogOutputStream:75 - [STDERR_REDIRECT] 
2025-12-13 14:57:20,441 [ERROR] LogOutputStream:75 - [STDERR_REDIRECT] [Fatal Error] :1:1: Premature end of file.
2025-12-13 14:57:20,442 [ERROR] LogOutputStream:75 - [STDERR_REDIRECT] 
2025-12-13 14:57:21,438 [ERROR] LogOutputStream:75 - [STDERR_REDIRECT] [Fatal Error] :1:1: Premature end of file.
2025-12-13 14:57:21,438 [ERROR] LogOutputStream:75 - [STDERR_REDIRECT] 
2025-12-13 14:57:22,445 [ERROR] LogOutputStream:75 - [STDERR_REDIRECT] [Fatal Error] :1:1: Premature end of file.
2025-12-13 14:57:22,445 [ERROR] LogOutputStream:75 - [STDERR_REDIRECT] 
2025-12-13 14:57:23,440 [ERROR] LogOutputStream:75 - [STDERR_REDIRECT] [Fatal Error] :1:1: Premature end of file.
2025-12-13 14:57:23,440 [ERROR] LogOutputStream:75 - [STDERR_REDIRECT] 
2025-12-13 14:57:24,456 [ERROR] LogOutputStream:75 - [STDERR_REDIRECT] [Fatal Error] :1:1: Premature end of file.
2025-12-13 14:57:24,456 [ERROR] LogOutputStream:75 - [STDERR_REDIRECT] 
2025-12-13 14:57:25,437 [ERROR] LogOutputStream:75 - [STDERR_REDIRECT] [Fatal Error] :1:1: Premature end of file.
2025-12-13 14:57:25,437 [ERROR] LogOutputStream:75 - [STDERR_REDIRECT] 
2025-12-13 14:57:26,438 [ERROR] LogOutputStream:75 - [STDERR_REDIRECT] [Fatal Error] :1:1: Premature end of file.
2025-12-13 14:57:26,438 [ERROR] LogOutputStream:75 - [STDERR_REDIRECT] 
2025-12-13 14:57:27,436 [ERROR] LogOutputStream:75 - [STDERR_REDIRECT] [Fatal Error] :1:1: Premature end of file.
2025-12-13 14:57:27,436 [ERROR] LogOutputStream:75 - [STDERR_REDIRECT] 
2025-12-13 14:57:28,439 [ERROR] LogOutputStream:75 - [STDERR_REDIRECT] [Fatal Error] :1:1: Premature end of file.
2025-12-13 14:57:28,439 [ERROR] LogOutputStream:75 - [STDERR_REDIRECT] 
2025-12-13 14:57:29,438 [ERROR] LogOutputStream:75 - [STDERR_REDIRECT] [Fatal Error] :1:1: Premature end of file.
2025-12-13 14:57:29,439 [ERROR] LogOutputStream:75 - [STDERR_REDIRECT] 
2025-12-13 14:57:30,435 [ERROR] LogOutputStream:75 - [STDERR_REDIRECT] [Fatal Error] :1:1: Premature end of file.
2025-12-13 14:57:30,436 [ERROR] LogOutputStream:75 - [STDERR_REDIRECT] 
2025-12-13 14:57:31,439 [ERROR] LogOutputStream:75 - [STDERR_REDIRECT] [Fatal Error] :1:1: Premature end of file.
2025-12-13 14:57:31,439 [ERROR] LogOutputStream:75 - [STDERR_REDIRECT] 
2025-12-13 14:57:32,442 [ERROR] LogOutputStream:75 - [STDERR_REDIRECT] [Fatal Error] :1:1: Premature end of file.
2025-12-13 14:57:32,442 [ERROR] LogOutputStream:75 - [STDERR_REDIRECT] 
2025-12-13 14:57:33,432 [ERROR] LogOutputStream:75 - [STDERR_REDIRECT] [Fatal Error] :1:1: Premature end of file.
2025-12-13 14:57:33,432 [ERROR] LogOutputStream:75 - [STDERR_REDIRECT] 
2025-12-13 14:57:34,444 [ERROR] LogOutputStream:75 - [STDERR_REDIRECT] [Fatal Error] :1:1: Premature end of file.
2025-12-13 14:57:34,444 [ERROR] LogOutputStream:75 - [STDERR_REDIRECT] 
2025-12-13 14:57:35,430 [ERROR] LogOutputStream:75 - [STDERR_REDIRECT] [Fatal Error] :1:1: Premature end of file.
2025-12-13 14:57:35,430 [ERROR] LogOutputStream:75 - [STDERR_REDIRECT] 
2025-12-13 14:57:36,431 [ERROR] LogOutputStream:75 - [STDERR_REDIRECT] [Fatal Error] :1:1: Premature end of file.
2025-12-13 14:57:36,431 [ERROR] LogOutputStream:75 - [STDERR_REDIRECT] 
2025-12-13 14:57:37,442 [ERROR] LogOutputStream:75 - [STDERR_REDIRECT] [Fatal Error] :1:1: Premature end of file.
2025-12-13 14:57:37,442 [ERROR] LogOutputStream:75 - [STDERR_REDIRECT] 
2025-12-13 14:57:38,440 [ERROR] LogOutputStream:75 - [STDERR_REDIRECT] [Fatal Error] :1:1: Premature end of file.
2025-12-13 14:57:38,440 [ERROR] LogOutputStream:75 - [STDERR_REDIRECT] 
2025-12-13 14:57:39,442 [ERROR] LogOutputStream:75 - [STDERR_REDIRECT] [Fatal Error] :1:1: Premature end of file.
2025-12-13 14:57:39,442 [ERROR] LogOutputStream:75 - [STDERR_REDIRECT] 
2025-12-13 14:57:40,440 [ERROR] LogOutputStream:75 - [STDERR_REDIRECT] [Fatal Error] :1:1: Premature end of file.
2025-12-13 14:57:40,440 [ERROR] LogOutputStream:75 - [STDERR_REDIRECT] 
2025-12-13 14:57:41,439 [ERROR] LogOutputStream:75 - [STDERR_REDIRECT] [Fatal Error] :1:1: Premature end of file.
2025-12-13 14:57:41,440 [ERROR] LogOutputStream:75 - [STDERR_REDIRECT] 
2025-12-13 14:57:42,439 [ERROR] LogOutputStream:75 - [STDERR_REDIRECT] [Fatal Error] :1:1: Premature end of file.
2025-12-13 14:57:42,439 [ERROR] LogOutputStream:75 - [STDERR_REDIRECT] 
2025-12-13 14:57:43,441 [ERROR] LogOutputStream:75 - [STDERR_REDIRECT] [Fatal Error] :1:1: Premature end of file.
2025-12-13 14:57:43,441 [ERROR] LogOutputStream:75 - [STDERR_REDIRECT] 
2025-12-13 14:57:44,439 [ERROR] LogOutputStream:75 - [STDERR_REDIRECT] [Fatal Error] :1:1: Premature end of file.
2025-12-13 14:57:44,439 [ERROR] LogOutputStream:75 - [STDERR_REDIRECT] 
2025-12-13 14:57:45,441 [ERROR] LogOutputStream:75 - [STDERR_REDIRECT] [Fatal Error] :1:1: Premature end of file.
2025-12-13 14:57:45,441 [ERROR] LogOutputStream:75 - [STDERR_REDIRECT] 
2025-12-13 14:57:46,443 [ERROR] LogOutputStream:75 - [STDERR_REDIRECT] [Fatal Error] :1:1: Premature end of file.
2025-12-13 14:57:46,443 [ERROR] LogOutputStream:75 - [STDERR_REDIRECT] 
2025-12-13 14:57:47,442 [ERROR] LogOutputStream:75 - [STDERR_REDIRECT] [Fatal Error] :1:1: Premature end of file.
2025-12-13 14:57:47,443 [ERROR] LogOutputStream:75 - [STDERR_REDIRECT] 
2025-12-13 14:57:48,437 [ERROR] LogOutputStream:75 - [STDERR_REDIRECT] [Fatal Error] :1:1: Premature end of file.
2025-12-13 14:57:48,438 [ERROR] LogOutputStream:75 - [STDERR_REDIRECT] 
2025-12-13 14:57:49,450 [ERROR] LogOutputStream:75 - [STDERR_REDIRECT] [Fatal Error] :1:1: Premature end of file.
2025-12-13 14:57:49,450 [ERROR] LogOutputStream:75 - [STDERR_REDIRECT] 
2025-12-13 14:57:50,262 [INFO] BoardResultTable:719 - Mark Board B-L4S5I-IOT01A as favorite
2025-12-13 14:57:50,446 [ERROR] LogOutputStream:75 - [STDERR_REDIRECT] [Fatal Error] :1:1: Premature end of file.
2025-12-13 14:57:50,446 [ERROR] LogOutputStream:75 - [STDERR_REDIRECT] 
2025-12-13 14:57:51,430 [ERROR] LogOutputStream:75 - [STDERR_REDIRECT] [Fatal Error] :1:1: Premature end of file.
2025-12-13 14:57:51,431 [ERROR] LogOutputStream:75 - [STDERR_REDIRECT] 
2025-12-13 14:57:52,448 [ERROR] LogOutputStream:75 - [STDERR_REDIRECT] [Fatal Error] :1:1: Premature end of file.
2025-12-13 14:57:52,450 [ERROR] LogOutputStream:75 - [STDERR_REDIRECT] 
2025-12-13 14:57:53,445 [ERROR] LogOutputStream:75 - [STDERR_REDIRECT] [Fatal Error] :1:1: Premature end of file.
2025-12-13 14:57:53,445 [ERROR] LogOutputStream:75 - [STDERR_REDIRECT] 
2025-12-13 14:57:54,440 [ERROR] LogOutputStream:75 - [STDERR_REDIRECT] [Fatal Error] :1:1: Premature end of file.
2025-12-13 14:57:54,441 [ERROR] LogOutputStream:75 - [STDERR_REDIRECT] 
2025-12-13 14:57:55,440 [ERROR] LogOutputStream:75 - [STDERR_REDIRECT] [Fatal Error] :1:1: Premature end of file.
2025-12-13 14:57:55,440 [ERROR] LogOutputStream:75 - [STDERR_REDIRECT] 
2025-12-13 14:57:56,205 [INFO] McuFinderGlobals:76 - Set McuFinderConnectedMode to true
2025-12-13 14:57:56,212 [INFO] ApiDb:448 - Save user favorites file C:\Users\mathe/.stm32cubeide/favorites.mcus.txt: 0 item(s)
2025-12-13 14:57:56,212 [INFO] ApiDb:452 - User favorites MCUs=[]
2025-12-13 14:57:56,215 [INFO] ApiDb:448 - Save user favorites file C:\Users\mathe/.stm32cubeide/favorites.boards.txt: 2 item(s)
2025-12-13 14:57:56,216 [INFO] ApiDb:452 - User favorites Boards=[B-L4S5I-IOT01A, NUCLEO-F446RE]
2025-12-13 14:57:56,454 [ERROR] LogOutputStream:75 - [STDERR_REDIRECT] [Fatal Error] :1:1: Premature end of file.
2025-12-13 14:57:56,455 [ERROR] LogOutputStream:75 - [STDERR_REDIRECT] 
2025-12-13 14:57:57,447 [ERROR] LogOutputStream:75 - [STDERR_REDIRECT] [Fatal Error] :1:1: Premature end of file.
2025-12-13 14:57:57,448 [ERROR] LogOutputStream:75 - [STDERR_REDIRECT] 
2025-12-13 14:57:58,449 [ERROR] LogOutputStream:75 - [STDERR_REDIRECT] [Fatal Error] :1:1: Premature end of file.
2025-12-13 14:57:58,449 [ERROR] LogOutputStream:75 - [STDERR_REDIRECT] 
2025-12-13 14:57:59,445 [ERROR] LogOutputStream:75 - [STDERR_REDIRECT] [Fatal Error] :1:1: Premature end of file.
2025-12-13 14:57:59,445 [ERROR] LogOutputStream:75 - [STDERR_REDIRECT] 
2025-12-13 14:58:00,444 [ERROR] LogOutputStream:75 - [STDERR_REDIRECT] [Fatal Error] :1:1: Premature end of file.
2025-12-13 14:58:00,444 [ERROR] LogOutputStream:75 - [STDERR_REDIRECT] 
2025-12-13 14:58:01,478 [ERROR] LogOutputStream:75 - [STDERR_REDIRECT] [Fatal Error] :1:1: Premature end of file.
2025-12-13 14:58:01,493 [ERROR] LogOutputStream:75 - [STDERR_REDIRECT] 
2025-12-13 14:58:02,483 [ERROR] LogOutputStream:75 - [STDERR_REDIRECT] [Fatal Error] :1:1: Premature end of file.
2025-12-13 14:58:02,483 [ERROR] LogOutputStream:75 - [STDERR_REDIRECT] 
2025-12-13 14:58:03,486 [ERROR] LogOutputStream:75 - [STDERR_REDIRECT] [Fatal Error] :1:1: Premature end of file.
2025-12-13 14:58:03,486 [ERROR] LogOutputStream:75 - [STDERR_REDIRECT] 
2025-12-13 14:58:04,490 [ERROR] LogOutputStream:75 - [STDERR_REDIRECT] [Fatal Error] :1:1: Premature end of file.
2025-12-13 14:58:04,490 [ERROR] LogOutputStream:75 - [STDERR_REDIRECT] 
2025-12-13 14:58:05,503 [ERROR] LogOutputStream:75 - [STDERR_REDIRECT] [Fatal Error] :1:1: Premature end of file.
2025-12-13 14:58:05,503 [ERROR] LogOutputStream:75 - [STDERR_REDIRECT] 
2025-12-13 14:58:06,497 [ERROR] LogOutputStream:75 - [STDERR_REDIRECT] [Fatal Error] :1:1: Premature end of file.
2025-12-13 14:58:06,497 [ERROR] LogOutputStream:75 - [STDERR_REDIRECT] 
2025-12-13 14:58:07,504 [ERROR] LogOutputStream:75 - [STDERR_REDIRECT] [Fatal Error] :1:1: Premature end of file.
2025-12-13 14:58:07,504 [ERROR] LogOutputStream:75 - [STDERR_REDIRECT] 
2025-12-13 14:58:08,492 [ERROR] LogOutputStream:75 - [STDERR_REDIRECT] [Fatal Error] :1:1: Premature end of file.
2025-12-13 14:58:08,492 [ERROR] LogOutputStream:75 - [STDERR_REDIRECT] 
2025-12-13 14:58:09,489 [ERROR] LogOutputStream:75 - [STDERR_REDIRECT] [Fatal Error] :1:1: Premature end of file.
2025-12-13 14:58:09,489 [ERROR] LogOutputStream:75 - [STDERR_REDIRECT] 
2025-12-13 14:58:10,492 [ERROR] LogOutputStream:75 - [STDERR_REDIRECT] [Fatal Error] :1:1: Premature end of file.
2025-12-13 14:58:10,492 [ERROR] LogOutputStream:75 - [STDERR_REDIRECT] 
2025-12-13 14:58:11,496 [ERROR] LogOutputStream:75 - [STDERR_REDIRECT] [Fatal Error] :1:1: Premature end of file.
2025-12-13 14:58:11,496 [ERROR] LogOutputStream:75 - [STDERR_REDIRECT] 
2025-12-13 14:58:12,484 [ERROR] LogOutputStream:75 - [STDERR_REDIRECT] [Fatal Error] :1:1: Premature end of file.
2025-12-13 14:58:12,500 [ERROR] LogOutputStream:75 - [STDERR_REDIRECT] 
2025-12-13 14:58:13,486 [ERROR] LogOutputStream:75 - [STDERR_REDIRECT] [Fatal Error] :1:1: Premature end of file.
2025-12-13 14:58:13,502 [ERROR] LogOutputStream:75 - [STDERR_REDIRECT] 
2025-12-13 14:58:14,487 [ERROR] LogOutputStream:75 - [STDERR_REDIRECT] [Fatal Error] :1:1: Premature end of file.
2025-12-13 14:58:14,487 [ERROR] LogOutputStream:75 - [STDERR_REDIRECT] 
2025-12-13 14:58:15,458 [ERROR] LogOutputStream:75 - [STDERR_REDIRECT] [Fatal Error] :1:1: Premature end of file.
2025-12-13 14:58:15,458 [ERROR] LogOutputStream:75 - [STDERR_REDIRECT] 
2025-12-13 14:58:16,462 [ERROR] LogOutputStream:75 - [STDERR_REDIRECT] [Fatal Error] :1:1: Premature end of file.
2025-12-13 14:58:16,462 [ERROR] LogOutputStream:75 - [STDERR_REDIRECT] 
2025-12-13 14:58:17,450 [ERROR] LogOutputStream:75 - [STDERR_REDIRECT] [Fatal Error] :1:1: Premature end of file.
2025-12-13 14:58:17,450 [ERROR] LogOutputStream:75 - [STDERR_REDIRECT] 
2025-12-13 14:58:18,438 [ERROR] LogOutputStream:75 - [STDERR_REDIRECT] [Fatal Error] :1:1: Premature end of file.
2025-12-13 14:58:18,438 [ERROR] LogOutputStream:75 - [STDERR_REDIRECT] 
2025-12-13 14:58:19,444 [ERROR] LogOutputStream:75 - [STDERR_REDIRECT] [Fatal Error] :1:1: Premature end of file.
2025-12-13 14:58:19,445 [ERROR] LogOutputStream:75 - [STDERR_REDIRECT] 
2025-12-13 14:58:20,447 [ERROR] LogOutputStream:75 - [STDERR_REDIRECT] [Fatal Error] :1:1: Premature end of file.
2025-12-13 14:58:20,447 [ERROR] LogOutputStream:75 - [STDERR_REDIRECT] 
2025-12-13 14:58:21,448 [ERROR] LogOutputStream:75 - [STDERR_REDIRECT] [Fatal Error] :1:1: Premature end of file.
2025-12-13 14:58:21,448 [ERROR] LogOutputStream:75 - [STDERR_REDIRECT] 
2025-12-13 14:58:22,440 [ERROR] LogOutputStream:75 - [STDERR_REDIRECT] [Fatal Error] :1:1: Premature end of file.
2025-12-13 14:58:22,441 [ERROR] LogOutputStream:75 - [STDERR_REDIRECT] 
2025-12-13 14:58:23,442 [ERROR] LogOutputStream:75 - [STDERR_REDIRECT] [Fatal Error] :1:1: Premature end of file.
2025-12-13 14:58:23,442 [ERROR] LogOutputStream:75 - [STDERR_REDIRECT] 
2025-12-13 14:58:24,444 [ERROR] LogOutputStream:75 - [STDERR_REDIRECT] [Fatal Error] :1:1: Premature end of file.
2025-12-13 14:58:24,445 [ERROR] LogOutputStream:75 - [STDERR_REDIRECT] 
2025-12-13 14:58:25,427 [ERROR] LogOutputStream:75 - [STDERR_REDIRECT] [Fatal Error] :1:1: Premature end of file.
2025-12-13 14:58:25,427 [ERROR] LogOutputStream:75 - [STDERR_REDIRECT] 
2025-12-13 14:58:26,504 [ERROR] LogOutputStream:75 - [STDERR_REDIRECT] [Fatal Error] :1:1: Premature end of file.
2025-12-13 14:58:26,504 [ERROR] LogOutputStream:75 - [STDERR_REDIRECT] 
2025-12-13 14:58:27,457 [ERROR] LogOutputStream:75 - [STDERR_REDIRECT] [Fatal Error] :1:1: Premature end of file.
2025-12-13 14:58:27,457 [ERROR] LogOutputStream:75 - [STDERR_REDIRECT] 
2025-12-13 14:58:28,447 [ERROR] LogOutputStream:75 - [STDERR_REDIRECT] [Fatal Error] :1:1: Premature end of file.
2025-12-13 14:58:28,447 [ERROR] LogOutputStream:75 - [STDERR_REDIRECT] 
2025-12-13 14:58:29,446 [ERROR] LogOutputStream:75 - [STDERR_REDIRECT] [Fatal Error] :1:1: Premature end of file.
2025-12-13 14:58:29,446 [ERROR] LogOutputStream:75 - [STDERR_REDIRECT] 
2025-12-13 14:58:30,447 [ERROR] LogOutputStream:75 - [STDERR_REDIRECT] [Fatal Error] :1:1: Premature end of file.
2025-12-13 14:58:30,447 [ERROR] LogOutputStream:75 - [STDERR_REDIRECT] 
2025-12-13 14:58:31,444 [ERROR] LogOutputStream:75 - [STDERR_REDIRECT] [Fatal Error] :1:1: Premature end of file.
2025-12-13 14:58:31,444 [ERROR] LogOutputStream:75 - [STDERR_REDIRECT] 
2025-12-13 14:58:32,442 [ERROR] LogOutputStream:75 - [STDERR_REDIRECT] [Fatal Error] :1:1: Premature end of file.
2025-12-13 14:58:32,443 [ERROR] LogOutputStream:75 - [STDERR_REDIRECT] 
2025-12-13 14:58:33,442 [ERROR] LogOutputStream:75 - [STDERR_REDIRECT] [Fatal Error] :1:1: Premature end of file.
2025-12-13 14:58:33,442 [ERROR] LogOutputStream:75 - [STDERR_REDIRECT] 
2025-12-13 14:58:34,457 [ERROR] LogOutputStream:75 - [STDERR_REDIRECT] [Fatal Error] :1:1: Premature end of file.
2025-12-13 14:58:34,458 [ERROR] LogOutputStream:75 - [STDERR_REDIRECT] 
2025-12-13 14:58:35,442 [ERROR] LogOutputStream:75 - [STDERR_REDIRECT] [Fatal Error] :1:1: Premature end of file.
2025-12-13 14:58:35,442 [ERROR] LogOutputStream:75 - [STDERR_REDIRECT] 
2025-12-13 14:58:36,444 [ERROR] LogOutputStream:75 - [STDERR_REDIRECT] [Fatal Error] :1:1: Premature end of file.
2025-12-13 14:58:36,445 [ERROR] LogOutputStream:75 - [STDERR_REDIRECT] 
2025-12-13 14:58:37,443 [ERROR] LogOutputStream:75 - [STDERR_REDIRECT] [Fatal Error] :1:1: Premature end of file.
2025-12-13 14:58:37,444 [ERROR] LogOutputStream:75 - [STDERR_REDIRECT] 
2025-12-13 14:58:38,439 [ERROR] LogOutputStream:75 - [STDERR_REDIRECT] [Fatal Error] :1:1: Premature end of file.
2025-12-13 14:58:38,440 [ERROR] LogOutputStream:75 - [STDERR_REDIRECT] 
2025-12-13 14:58:39,442 [ERROR] LogOutputStream:75 - [STDERR_REDIRECT] [Fatal Error] :1:1: Premature end of file.
2025-12-13 14:58:39,442 [ERROR] LogOutputStream:75 - [STDERR_REDIRECT] 
2025-12-13 14:58:40,444 [ERROR] LogOutputStream:75 - [STDERR_REDIRECT] [Fatal Error] :1:1: Premature end of file.
2025-12-13 14:58:40,444 [ERROR] LogOutputStream:75 - [STDERR_REDIRECT] 
2025-12-13 14:58:41,447 [ERROR] LogOutputStream:75 - [STDERR_REDIRECT] [Fatal Error] :1:1: Premature end of file.
2025-12-13 14:58:41,448 [ERROR] LogOutputStream:75 - [STDERR_REDIRECT] 
2025-12-13 14:58:42,444 [ERROR] LogOutputStream:75 - [STDERR_REDIRECT] [Fatal Error] :1:1: Premature end of file.
2025-12-13 14:58:42,445 [ERROR] LogOutputStream:75 - [STDERR_REDIRECT] 
2025-12-13 14:58:43,443 [ERROR] LogOutputStream:75 - [STDERR_REDIRECT] [Fatal Error] :1:1: Premature end of file.
2025-12-13 14:58:43,444 [ERROR] LogOutputStream:75 - [STDERR_REDIRECT] 
2025-12-13 14:58:44,453 [ERROR] LogOutputStream:75 - [STDERR_REDIRECT] [Fatal Error] :1:1: Premature end of file.
2025-12-13 14:58:44,454 [ERROR] LogOutputStream:75 - [STDERR_REDIRECT] 
2025-12-13 14:58:45,443 [ERROR] LogOutputStream:75 - [STDERR_REDIRECT] [Fatal Error] :1:1: Premature end of file.
2025-12-13 14:58:45,443 [ERROR] LogOutputStream:75 - [STDERR_REDIRECT] 
2025-12-13 14:58:46,444 [ERROR] LogOutputStream:75 - [STDERR_REDIRECT] [Fatal Error] :1:1: Premature end of file.
2025-12-13 14:58:46,444 [ERROR] LogOutputStream:75 - [STDERR_REDIRECT] 
2025-12-13 14:58:47,444 [ERROR] LogOutputStream:75 - [STDERR_REDIRECT] [Fatal Error] :1:1: Premature end of file.
2025-12-13 14:58:47,445 [ERROR] LogOutputStream:75 - [STDERR_REDIRECT] 
2025-12-13 14:58:48,443 [ERROR] LogOutputStream:75 - [STDERR_REDIRECT] [Fatal Error] :1:1: Premature end of file.
2025-12-13 14:58:48,443 [ERROR] LogOutputStream:75 - [STDERR_REDIRECT] 
2025-12-13 14:58:49,441 [ERROR] LogOutputStream:75 - [STDERR_REDIRECT] [Fatal Error] :1:1: Premature end of file.
2025-12-13 14:58:49,441 [ERROR] LogOutputStream:75 - [STDERR_REDIRECT] 
2025-12-13 14:58:50,438 [ERROR] LogOutputStream:75 - [STDERR_REDIRECT] [Fatal Error] :1:1: Premature end of file.
2025-12-13 14:58:50,438 [ERROR] LogOutputStream:75 - [STDERR_REDIRECT] 
2025-12-13 14:58:51,445 [ERROR] LogOutputStream:75 - [STDERR_REDIRECT] [Fatal Error] :1:1: Premature end of file.
2025-12-13 14:58:51,446 [ERROR] LogOutputStream:75 - [STDERR_REDIRECT] 
2025-12-13 14:58:52,447 [ERROR] LogOutputStream:75 - [STDERR_REDIRECT] [Fatal Error] :1:1: Premature end of file.
2025-12-13 14:58:52,448 [ERROR] LogOutputStream:75 - [STDERR_REDIRECT] 
2025-12-13 14:58:53,445 [ERROR] LogOutputStream:75 - [STDERR_REDIRECT] [Fatal Error] :1:1: Premature end of file.
2025-12-13 14:58:53,445 [ERROR] LogOutputStream:75 - [STDERR_REDIRECT] 
2025-12-13 14:58:54,440 [ERROR] LogOutputStream:75 - [STDERR_REDIRECT] [Fatal Error] :1:1: Premature end of file.
2025-12-13 14:58:54,440 [ERROR] LogOutputStream:75 - [STDERR_REDIRECT] 
2025-12-13 14:58:55,445 [ERROR] LogOutputStream:75 - [STDERR_REDIRECT] [Fatal Error] :1:1: Premature end of file.
2025-12-13 14:58:55,445 [ERROR] LogOutputStream:75 - [STDERR_REDIRECT] 
2025-12-13 14:58:56,254 [INFO] McuFinderGlobals:76 - Set McuFinderConnectedMode to false
2025-12-13 14:58:56,255 [INFO] MultiScanPanel:200 - Auto-refresh data requested => check proxy status ongoing
2025-12-13 14:58:56,256 [INFO] MultiScanPanel:204 - Proxy status is invalid
2025-12-13 14:58:56,256 [INFO] FinderPluginLoader:96 - Searching for filters in installed packs
2025-12-13 14:58:56,437 [ERROR] LogOutputStream:75 - [STDERR_REDIRECT] [Fatal Error] :1:1: Premature end of file.
2025-12-13 14:58:56,438 [ERROR] LogOutputStream:75 - [STDERR_REDIRECT] 
2025-12-13 14:58:57,426 [ERROR] LogOutputStream:75 - [STDERR_REDIRECT] [Fatal Error] :1:1: Premature end of file.
2025-12-13 14:58:57,427 [ERROR] LogOutputStream:75 - [STDERR_REDIRECT] 
2025-12-13 14:58:57,982 [INFO] DetailPanel:341 - Set advertising image to C:/Users/mathe/STM32Cube/Repository/\en.mcu-finder-stm32n6dk.jpg
2025-12-13 14:58:58,445 [ERROR] LogOutputStream:75 - [STDERR_REDIRECT] [Fatal Error] :1:1: Premature end of file.
2025-12-13 14:58:58,447 [ERROR] LogOutputStream:75 - [STDERR_REDIRECT] 
2025-12-13 14:58:59,438 [ERROR] LogOutputStream:75 - [STDERR_REDIRECT] [Fatal Error] :1:1: Premature end of file.
2025-12-13 14:58:59,438 [ERROR] LogOutputStream:75 - [STDERR_REDIRECT] 
2025-12-13 14:59:00,430 [ERROR] LogOutputStream:75 - [STDERR_REDIRECT] [Fatal Error] :1:1: Premature end of file.
2025-12-13 14:59:00,430 [ERROR] LogOutputStream:75 - [STDERR_REDIRECT] 
2025-12-13 14:59:00,967 [INFO] MultiScanPanel:200 - Auto-refresh data requested => check proxy status ongoing
2025-12-13 14:59:00,967 [INFO] MultiScanPanel:204 - Proxy status is invalid
2025-12-13 14:59:01,054 [INFO] DetailPanel:341 - Set advertising image to C:/Users/mathe/STM32Cube/Repository/\en.mcu-finder-stm32n6dk.jpg
2025-12-13 14:59:01,426 [ERROR] LogOutputStream:75 - [STDERR_REDIRECT] [Fatal Error] :1:1: Premature end of file.
2025-12-13 14:59:01,427 [ERROR] LogOutputStream:75 - [STDERR_REDIRECT] 
2025-12-13 14:59:02,443 [ERROR] LogOutputStream:75 - [STDERR_REDIRECT] [Fatal Error] :1:1: Premature end of file.
2025-12-13 14:59:02,444 [ERROR] LogOutputStream:75 - [STDERR_REDIRECT] 
2025-12-13 14:59:03,466 [ERROR] LogOutputStream:75 - [STDERR_REDIRECT] [Fatal Error] :1:1: Premature end of file.
2025-12-13 14:59:03,487 [ERROR] LogOutputStream:75 - [STDERR_REDIRECT] 
2025-12-13 14:59:04,443 [ERROR] LogOutputStream:75 - [STDERR_REDIRECT] [Fatal Error] :1:1: Premature end of file.
2025-12-13 14:59:04,443 [ERROR] LogOutputStream:75 - [STDERR_REDIRECT] 
2025-12-13 14:59:05,478 [ERROR] LogOutputStream:75 - [STDERR_REDIRECT] [Fatal Error] :1:1: Premature end of file.
2025-12-13 14:59:05,478 [ERROR] LogOutputStream:75 - [STDERR_REDIRECT] 
2025-12-13 14:59:06,445 [ERROR] LogOutputStream:75 - [STDERR_REDIRECT] [Fatal Error] :1:1: Premature end of file.
2025-12-13 14:59:06,445 [ERROR] LogOutputStream:75 - [STDERR_REDIRECT] 
2025-12-13 14:59:07,446 [ERROR] LogOutputStream:75 - [STDERR_REDIRECT] [Fatal Error] :1:1: Premature end of file.
2025-12-13 14:59:07,446 [ERROR] LogOutputStream:75 - [STDERR_REDIRECT] 
2025-12-13 14:59:08,448 [ERROR] LogOutputStream:75 - [STDERR_REDIRECT] [Fatal Error] :1:1: Premature end of file.
2025-12-13 14:59:08,450 [ERROR] LogOutputStream:75 - [STDERR_REDIRECT] 
2025-12-13 14:59:09,442 [ERROR] LogOutputStream:75 - [STDERR_REDIRECT] [Fatal Error] :1:1: Premature end of file.
2025-12-13 14:59:09,443 [ERROR] LogOutputStream:75 - [STDERR_REDIRECT] 
2025-12-13 14:59:10,445 [ERROR] LogOutputStream:75 - [STDERR_REDIRECT] [Fatal Error] :1:1: Premature end of file.
2025-12-13 14:59:10,445 [ERROR] LogOutputStream:75 - [STDERR_REDIRECT] 
2025-12-13 14:59:11,441 [ERROR] LogOutputStream:75 - [STDERR_REDIRECT] [Fatal Error] :1:1: Premature end of file.
2025-12-13 14:59:11,442 [ERROR] LogOutputStream:75 - [STDERR_REDIRECT] 
2025-12-13 14:59:12,439 [ERROR] LogOutputStream:75 - [STDERR_REDIRECT] [Fatal Error] :1:1: Premature end of file.
2025-12-13 14:59:12,439 [ERROR] LogOutputStream:75 - [STDERR_REDIRECT] 
2025-12-13 14:59:13,457 [ERROR] LogOutputStream:75 - [STDERR_REDIRECT] [Fatal Error] :1:1: Premature end of file.
2025-12-13 14:59:13,457 [ERROR] LogOutputStream:75 - [STDERR_REDIRECT] 
2025-12-13 14:59:14,439 [ERROR] LogOutputStream:75 - [STDERR_REDIRECT] [Fatal Error] :1:1: Premature end of file.
2025-12-13 14:59:14,440 [ERROR] LogOutputStream:75 - [STDERR_REDIRECT] 
2025-12-13 14:59:15,440 [ERROR] LogOutputStream:75 - [STDERR_REDIRECT] [Fatal Error] :1:1: Premature end of file.
2025-12-13 14:59:15,441 [ERROR] LogOutputStream:75 - [STDERR_REDIRECT] 
2025-12-13 14:59:16,449 [ERROR] LogOutputStream:75 - [STDERR_REDIRECT] [Fatal Error] :1:1: Premature end of file.
2025-12-13 14:59:16,449 [ERROR] LogOutputStream:75 - [STDERR_REDIRECT] 
2025-12-13 14:59:17,430 [ERROR] LogOutputStream:75 - [STDERR_REDIRECT] [Fatal Error] :1:1: Premature end of file.
2025-12-13 14:59:17,431 [ERROR] LogOutputStream:75 - [STDERR_REDIRECT] 
2025-12-13 14:59:18,446 [ERROR] LogOutputStream:75 - [STDERR_REDIRECT] [Fatal Error] :1:1: Premature end of file.
2025-12-13 14:59:18,446 [ERROR] LogOutputStream:75 - [STDERR_REDIRECT] 
2025-12-13 14:59:19,444 [ERROR] LogOutputStream:75 - [STDERR_REDIRECT] [Fatal Error] :1:1: Premature end of file.
2025-12-13 14:59:19,444 [ERROR] LogOutputStream:75 - [STDERR_REDIRECT] 
2025-12-13 14:59:20,441 [ERROR] LogOutputStream:75 - [STDERR_REDIRECT] [Fatal Error] :1:1: Premature end of file.
2025-12-13 14:59:20,441 [ERROR] LogOutputStream:75 - [STDERR_REDIRECT] 
2025-12-13 14:59:21,442 [ERROR] LogOutputStream:75 - [STDERR_REDIRECT] [Fatal Error] :1:1: Premature end of file.
2025-12-13 14:59:21,443 [ERROR] LogOutputStream:75 - [STDERR_REDIRECT] 
2025-12-13 14:59:22,442 [ERROR] LogOutputStream:75 - [STDERR_REDIRECT] [Fatal Error] :1:1: Premature end of file.
2025-12-13 14:59:22,443 [ERROR] LogOutputStream:75 - [STDERR_REDIRECT] 
2025-12-13 14:59:23,446 [ERROR] LogOutputStream:75 - [STDERR_REDIRECT] [Fatal Error] :1:1: Premature end of file.
2025-12-13 14:59:23,446 [ERROR] LogOutputStream:75 - [STDERR_REDIRECT] 
2025-12-13 14:59:24,445 [ERROR] LogOutputStream:75 - [STDERR_REDIRECT] [Fatal Error] :1:1: Premature end of file.
2025-12-13 14:59:24,445 [ERROR] LogOutputStream:75 - [STDERR_REDIRECT] 
2025-12-13 14:59:25,440 [ERROR] LogOutputStream:75 - [STDERR_REDIRECT] [Fatal Error] :1:1: Premature end of file.
2025-12-13 14:59:25,440 [ERROR] LogOutputStream:75 - [STDERR_REDIRECT] 
2025-12-13 14:59:26,438 [ERROR] LogOutputStream:75 - [STDERR_REDIRECT] [Fatal Error] :1:1: Premature end of file.
2025-12-13 14:59:26,438 [ERROR] LogOutputStream:75 - [STDERR_REDIRECT] 
2025-12-13 14:59:27,443 [ERROR] LogOutputStream:75 - [STDERR_REDIRECT] [Fatal Error] :1:1: Premature end of file.
2025-12-13 14:59:27,444 [ERROR] LogOutputStream:75 - [STDERR_REDIRECT] 
2025-12-13 14:59:28,442 [ERROR] LogOutputStream:75 - [STDERR_REDIRECT] [Fatal Error] :1:1: Premature end of file.
2025-12-13 14:59:28,442 [ERROR] LogOutputStream:75 - [STDERR_REDIRECT] 
2025-12-13 14:59:29,443 [ERROR] LogOutputStream:75 - [STDERR_REDIRECT] [Fatal Error] :1:1: Premature end of file.
2025-12-13 14:59:29,444 [ERROR] LogOutputStream:75 - [STDERR_REDIRECT] 
2025-12-13 14:59:30,442 [ERROR] LogOutputStream:75 - [STDERR_REDIRECT] [Fatal Error] :1:1: Premature end of file.
2025-12-13 14:59:30,443 [ERROR] LogOutputStream:75 - [STDERR_REDIRECT] 
2025-12-13 14:59:31,432 [ERROR] LogOutputStream:75 - [STDERR_REDIRECT] [Fatal Error] :1:1: Premature end of file.
2025-12-13 14:59:31,433 [ERROR] LogOutputStream:75 - [STDERR_REDIRECT] 
2025-12-13 14:59:31,777 [INFO] MainUpdater:2872 - connection check result : 10
2025-12-13 14:59:31,818 [INFO] MicroXplorer:468 - Change Database Path : 
2025-12-13 14:59:31,819 [INFO] MicroXplorer:498 - Change Database Version : DB.6.0.150
2025-12-13 14:59:31,830 [WARN] ThirdParty:871 - waiting for thirdparty lock release [close project]
2025-12-13 14:59:31,830 [INFO] ThirdParty:873 - entering critical section [close project]
2025-12-13 14:59:31,832 [INFO] ThirdParty:883 - exiting critical section [close project]
2025-12-13 14:59:31,835 [INFO] PinOutPanel:1589 - setPackage(No Configuration,No Configuration)
2025-12-13 14:59:31,837 [INFO] UtilMem:75 - Begin LoadConfig() Used Memory: 559584936 Bytes (827326464)
2025-12-13 14:59:31,846 [INFO] OpenFileManager:355 - Change cursor
2025-12-13 14:59:31,939 [INFO] ProjectFactory:514 - No CPN specified for board B-L4S5I-IOT01A => set CPN to STM32L4S5VIT6
2025-12-13 14:59:31,939 [INFO] Mcu:2029 - Initializing MCU STM32L4S5VITx STM32L4S5VITx STM32L4S5VIT6
2025-12-13 14:59:32,434 [ERROR] LogOutputStream:75 - [STDERR_REDIRECT] [Fatal Error] :1:1: Premature end of file.
2025-12-13 14:59:32,436 [ERROR] LogOutputStream:75 - [STDERR_REDIRECT] 
2025-12-13 14:59:33,438 [ERROR] LogOutputStream:75 - [STDERR_REDIRECT] [Fatal Error] :1:1: Premature end of file.
2025-12-13 14:59:33,438 [ERROR] LogOutputStream:75 - [STDERR_REDIRECT] 
2025-12-13 14:59:34,433 [ERROR] LogOutputStream:75 - [STDERR_REDIRECT] [Fatal Error] :1:1: Premature end of file.
2025-12-13 14:59:34,435 [ERROR] LogOutputStream:75 - [STDERR_REDIRECT] 
2025-12-13 14:59:35,336 [INFO] Context:786 - Trying to add GPIOservice into a context  which must be forbidden
2025-12-13 14:59:35,439 [ERROR] LogOutputStream:75 - [STDERR_REDIRECT] [Fatal Error] :1:1: Premature end of file.
2025-12-13 14:59:35,439 [ERROR] LogOutputStream:75 - [STDERR_REDIRECT] 
2025-12-13 14:59:36,015 [INFO] Rule:233 - rule 117617 - U5Cobra4M][GTZC] default value MPCBB3 and MPCBB5 - Not Secured memory - MPCBB1 is applicable
2025-12-13 14:59:36,016 [INFO] Rule:233 - rule 117617 - U5Cobra4M][GTZC] default value MPCBB3 and MPCBB5 - Not Secured memory - MPCBB1 is applicable
2025-12-13 14:59:36,016 [INFO] Rule:233 - rule 117617 - U5Cobra4M][GTZC] default value MPCBB3 and MPCBB5 - Not Secured memory - MPCBB2 is applicable
2025-12-13 14:59:36,017 [INFO] Rule:233 - rule 117617 - U5Cobra4M][GTZC] default value MPCBB3 and MPCBB5 - Not Secured memory - MPCBB2 is applicable
2025-12-13 14:59:36,017 [INFO] Rule:233 - rule 117617 - U5Cobra4M][GTZC] default value MPCBB3 and MPCBB5 - Not Secured memory - MPCBB3 is applicable
2025-12-13 14:59:36,017 [INFO] Rule:233 - rule 117617 - U5Cobra4M][GTZC] default value MPCBB3 and MPCBB5 - Not Secured memory - MPCBB3 is applicable
2025-12-13 14:59:36,017 [INFO] Rule:233 - rule 117617 - U5Cobra4M][GTZC] default value MPCBB3 and MPCBB5 - Not Secured memory - MPCBB4 is applicable
2025-12-13 14:59:36,018 [INFO] Rule:233 - rule 117617 - U5Cobra4M][GTZC] default value MPCBB3 and MPCBB5 - Not Secured memory - MPCBB4 is applicable
2025-12-13 14:59:36,018 [INFO] Rule:233 - rule 117617 - U5Cobra4M][GTZC] default value MPCBB3 and MPCBB5 - Secured memory - MPCBB1 is applicable
2025-12-13 14:59:36,018 [INFO] Rule:233 - rule 117617 - U5Cobra4M][GTZC] default value MPCBB3 and MPCBB5 - Secured memory - MPCBB2 is applicable
2025-12-13 14:59:36,018 [INFO] Rule:233 - rule 117617 - U5Cobra4M][GTZC] default value MPCBB3 and MPCBB5 - Secured memory - MPCBB3 is applicable
2025-12-13 14:59:36,018 [INFO] Rule:233 - rule 117617 - U5Cobra4M][GTZC] default value MPCBB3 and MPCBB5 - Secured memory - MPCBB4 is applicable
2025-12-13 14:59:36,019 [INFO] Rule:233 - rule 117617 - U5Cobra4M][GTZC] default value MPCBB3 and MPCBB5 - Privileged memory - MPCBB1 is applicable
2025-12-13 14:59:36,019 [INFO] Rule:233 - rule 117617 - U5Cobra4M][GTZC] default value MPCBB3 and MPCBB5 - Privileged memory - MPCBB2 is applicable
2025-12-13 14:59:36,019 [INFO] Rule:233 - rule 117617 - U5Cobra4M][GTZC] default value MPCBB3 and MPCBB5 - Privileged memory - MPCBB3 is applicable
2025-12-13 14:59:36,019 [INFO] Rule:233 - rule 117617 - U5Cobra4M][GTZC] default value MPCBB3 and MPCBB5 - Privileged memory - MPCBB4 is applicable
2025-12-13 14:59:36,019 [INFO] Rule:233 - rule 117617 - U5Cobra4M][GTZC] default value MPCBB3 and MPCBB5 - Not Privileged memory - MPCBB1 is applicable
2025-12-13 14:59:36,019 [INFO] Rule:233 - rule 117617 - U5Cobra4M][GTZC] default value MPCBB3 and MPCBB5 - Not Privileged memory - MPCBB2 is applicable
2025-12-13 14:59:36,019 [INFO] Rule:233 - rule 117617 - U5Cobra4M][GTZC] default value MPCBB3 and MPCBB5 - Not Privileged memory - MPCBB3 is applicable
2025-12-13 14:59:36,019 [INFO] Rule:233 - rule 117617 - U5Cobra4M][GTZC] default value MPCBB3 and MPCBB5 - Not Privileged memory - MPCBB4 is applicable
2025-12-13 14:59:36,019 [INFO] Rule:233 - rule 117617 - U5Cobra4M][GTZC] default value MPCBB3 and MPCBB5 - Privileged memory - MPCBB1 is applicable
2025-12-13 14:59:36,019 [INFO] Rule:233 - rule 117617 - U5Cobra4M][GTZC] default value MPCBB3 and MPCBB5 - Privileged memory - MPCBB2 is applicable
2025-12-13 14:59:36,020 [INFO] Rule:233 - rule 117617 - U5Cobra4M][GTZC] default value MPCBB3 and MPCBB5 - Privileged memory - MPCBB3 is applicable
2025-12-13 14:59:36,020 [INFO] Rule:233 - rule 117617 - U5Cobra4M][GTZC] default value MPCBB3 and MPCBB5 - Privileged memory - MPCBB4 is applicable
2025-12-13 14:59:36,020 [INFO] Rule:233 - rule 117617 - U5Cobra4M][GTZC] default value MPCBB3 and MPCBB5 - Privileged memory - MPCBB1 is applicable
2025-12-13 14:59:36,020 [INFO] Rule:233 - rule 117617 - U5Cobra4M][GTZC] default value MPCBB3 and MPCBB5 - Privileged memory - MPCBB2 is applicable
2025-12-13 14:59:36,020 [INFO] Rule:233 - rule 117617 - U5Cobra4M][GTZC] default value MPCBB3 and MPCBB5 - Privileged memory - MPCBB3 is applicable
2025-12-13 14:59:36,020 [INFO] Rule:233 - rule 117617 - U5Cobra4M][GTZC] default value MPCBB3 and MPCBB5 - Privileged memory - MPCBB4 is applicable
2025-12-13 14:59:36,020 [INFO] Rule:233 - rule 117617 - U5Cobra4M][GTZC] default value MPCBB3 and MPCBB5 - Not Privileged memory - MPCBB1 is applicable
2025-12-13 14:59:36,020 [INFO] Rule:233 - rule 117617 - U5Cobra4M][GTZC] default value MPCBB3 and MPCBB5 - Not Privileged memory - MPCBB2 is applicable
2025-12-13 14:59:36,021 [INFO] Rule:233 - rule 117617 - U5Cobra4M][GTZC] default value MPCBB3 and MPCBB5 - Not Privileged memory - MPCBB3 is applicable
2025-12-13 14:59:36,021 [INFO] Rule:233 - rule 117617 - U5Cobra4M][GTZC] default value MPCBB3 and MPCBB5 - Not Privileged memory - MPCBB4 is applicable
2025-12-13 14:59:36,021 [INFO] Rule:233 - rule 117617 - U5Cobra4M][GTZC] default value MPCBB3 and MPCBB5 - Privileged memory - MPCBB1 is applicable
2025-12-13 14:59:36,021 [INFO] Rule:233 - rule 117617 - U5Cobra4M][GTZC] default value MPCBB3 and MPCBB5 - Privileged memory - MPCBB2 is applicable
2025-12-13 14:59:36,021 [INFO] Rule:233 - rule 117617 - U5Cobra4M][GTZC] default value MPCBB3 and MPCBB5 - Privileged memory - MPCBB3 is applicable
2025-12-13 14:59:36,021 [INFO] Rule:233 - rule 117617 - U5Cobra4M][GTZC] default value MPCBB3 and MPCBB5 - Privileged memory - MPCBB4 is applicable
2025-12-13 14:59:36,021 [INFO] Rule:233 - rule WakeUp0 Mode is applicable
2025-12-13 14:59:36,022 [INFO] Rule:233 - rule WakeUp0 SIGNAL is applicable
2025-12-13 14:59:36,022 [INFO] Rule:233 - rule WakeUp1 Mode is applicable
2025-12-13 14:59:36,022 [INFO] Rule:233 - rule WakeUp1 SIGNAL is applicable
2025-12-13 14:59:36,023 [INFO] Rule:233 - rule WakeUp2 Mode is applicable
2025-12-13 14:59:36,023 [INFO] Rule:233 - rule WakeUp2 SIGNAL is applicable
2025-12-13 14:59:36,023 [INFO] Rule:233 - rule WakeUp4 Mode is applicable
2025-12-13 14:59:36,023 [INFO] Rule:233 - rule WakeUp4 SIGNAL is applicable
2025-12-13 14:59:36,023 [INFO] Rule:233 - rule WakeUp5 Mode is applicable
2025-12-13 14:59:36,023 [INFO] Rule:233 - rule WakeUp5 SIGNAL is applicable
2025-12-13 14:59:36,024 [INFO] Rule:233 - rule Change Default Value for LSE Drive Capability for WB family is applicable
2025-12-13 14:59:36,024 [INFO] Rule:233 - rule change FDCAN default value is applicable
2025-12-13 14:59:36,025 [INFO] Rule:233 - rule Adapt Old IOC before rework replace old CORTEX_M33/CORTEX_M55 attributes by the new one. is applicable
2025-12-13 14:59:36,025 [INFO] Rule:233 - rule Rename parametre of RCC RCC_APBDBG_DIV2 to RCC_TIMPRES_DIV2 is applicable
2025-12-13 14:59:36,025 [INFO] Rule:233 - rule Rename DIE493 pin PA10 [PA12] -> PA10 is applicable
2025-12-13 14:59:36,025 [INFO] Rule:233 - rule Rename DIE493 pin PA9 [PA11] -> PA9 is applicable
2025-12-13 14:59:36,026 [INFO] Rule:233 - rule Rename DIE492 PartNumber CPN STM32WBA5MJGHx -> STM32WBA5MMGHx is applicable
2025-12-13 14:59:36,026 [INFO] Rule:233 - rule Rename DIE492 PartNumber  Name STM32WBA5MJGHx -> STM32WBA5MMGHx is applicable
2025-12-13 14:59:36,026 [INFO] Rule:233 - rule Rename DIE492 PartNumber UserName STM32WBA5MJGHx -> STM32WBA5MMGHx is applicable
2025-12-13 14:59:36,026 [INFO] Rule:233 - rule Rename DIE492 PartNumber DeviceId STM32WBA5MJGHx -> STM32WBA5MMGHx is applicable
2025-12-13 14:59:36,026 [INFO] Rule:233 - rule Adapt Old IOC CSI. is applicable
2025-12-13 14:59:36,026 [INFO] Rule:233 - rule Adapt Old IOC DCMIPP. is applicable
2025-12-13 14:59:36,026 [INFO] Rule:233 - rule Adapt Old IOC DCMIPP Mode Parallel. is applicable
2025-12-13 14:59:36,026 [INFO] Rule:233 - rule Adapt Old IOC LTDC. is applicable
2025-12-13 14:59:36,026 [INFO] Rule:233 - rule Rename STM32MP2 RIF Peripheral LTDC RIF.RISUP.LTDC_L0L1.Privilege -> RIF.RISUP.LTDC_L1L2.Privilege is applicable
2025-12-13 14:59:36,026 [INFO] Rule:233 - rule Rename STM32MP2 RIF Peripheral LTDC RIF.RISUP.LTDC_L0L1.Privilege -> RIF.RISUP.LTDC_L1L2.Privilege is applicable
2025-12-13 14:59:36,026 [INFO] Rule:233 - rule Rename STM32MP2 RIF Peripheral LTDC RIF.RISUP.LTDC_L0L1.Lock -> RIF.RISUP.LTDC_L1L2.Lock is applicable
2025-12-13 14:59:36,026 [INFO] Rule:233 - rule Rename STM32MP2 RIF Peripheral LTDC RIF.RISUP.LTDC_L2.Lock -> RIF.RISUP.LTDC_L3.Lock is applicable
2025-12-13 14:59:36,026 [INFO] Rule:233 - rule Adapt the old IOC example for updating the SYS when it is misconfigured. is applicable
2025-12-13 14:59:36,026 [INFO] Rule:233 - rule Rename STM32C09 Mcu.Package LQFP64 -> LQFP48 is applicable
2025-12-13 14:59:36,026 [INFO] Rule:233 - rule Adapt the old IOC example for updating the SYS when it is misconfigured. is applicable
2025-12-13 14:59:36,026 [INFO] Rule:233 - rule Adapt the old IOC example for updating the SYS when it is misconfigured. is applicable
2025-12-13 14:59:36,036 [INFO] DbConfProperties:307 - Apply Compatibility (5/68 Rules)
2025-12-13 14:59:36,128 [INFO] ImportTextPane:234 - (OptionalMessage_ERROR) Pin84 (VP_RIF_VS_RIF1) cannot be retrieved for this MCU
2025-12-13 14:59:36,394 [INFO] RtosManager:558 - Registered RTOS mode: class=CMSIS, group=RTOS, mode=CMSIS_V1, owner=FREERTOS
2025-12-13 14:59:36,394 [INFO] RtosManager:558 - Registered RTOS mode: class=CMSIS, group=RTOS2, mode=CMSIS_V2, owner=FREERTOS
2025-12-13 14:59:36,395 [INFO] RtosManager:558 - Registered RTOS mode: class=RTOS, group=Core, mode=CMSIS_V1, owner=FREERTOS
2025-12-13 14:59:36,395 [INFO] RtosManager:558 - Registered RTOS mode: class=RTOS, group=Core, mode=CMSIS_V2, owner=FREERTOS
2025-12-13 14:59:36,395 [WARN] ModelIntegratedComponent:184 - Missing modes for component STMicroelectronics:FreeRTOS:0.0.1:STMicroelectronics:RTOS:FreeRTOS:Core:::10.2.0:
2025-12-13 14:59:36,428 [WARN] ModelIntegratedComponent:63 - No mode defined for component null
2025-12-13 14:59:36,428 [WARN] ModelIntegratedComponent:63 - No mode defined for component null
2025-12-13 14:59:36,428 [WARN] ModelIntegratedComponent:63 - No mode defined for component null
2025-12-13 14:59:36,428 [WARN] ModelIntegratedComponent:63 - No mode defined for component null
2025-12-13 14:59:36,428 [WARN] ModelIntegratedComponent:63 - No mode defined for component null
2025-12-13 14:59:36,428 [WARN] ModelIntegratedComponent:63 - No mode defined for component null
2025-12-13 14:59:36,428 [WARN] ModelIntegratedComponent:63 - No mode defined for component null
2025-12-13 14:59:36,428 [WARN] ModelIntegratedComponent:63 - No mode defined for component null
2025-12-13 14:59:36,428 [WARN] ModelIntegratedComponent:63 - No mode defined for component null
2025-12-13 14:59:36,428 [WARN] ModelIntegratedComponent:63 - No mode defined for component null
2025-12-13 14:59:36,428 [WARN] ModelIntegratedComponent:63 - No mode defined for component null
2025-12-13 14:59:36,428 [WARN] ModelIntegratedComponent:63 - No mode defined for component null
2025-12-13 14:59:36,428 [WARN] ModelIntegratedComponent:63 - No mode defined for component null
2025-12-13 14:59:36,428 [WARN] ModelIntegratedComponent:63 - No mode defined for component null
2025-12-13 14:59:36,428 [WARN] ModelIntegratedComponent:63 - No mode defined for component null
2025-12-13 14:59:36,428 [WARN] ModelIntegratedComponent:63 - No mode defined for component null
2025-12-13 14:59:36,428 [WARN] ModelIntegratedComponent:63 - No mode defined for component null
2025-12-13 14:59:36,428 [WARN] ModelIntegratedComponent:63 - No mode defined for component null
2025-12-13 14:59:36,428 [WARN] ModelIntegratedComponent:63 - No mode defined for component null
2025-12-13 14:59:36,428 [WARN] ModelIntegratedComponent:63 - No mode defined for component null
2025-12-13 14:59:36,428 [WARN] ModelIntegratedComponent:63 - No mode defined for component null
2025-12-13 14:59:36,428 [WARN] ModelIntegratedComponent:63 - No mode defined for component null
2025-12-13 14:59:36,428 [WARN] ModelIntegratedComponent:63 - No mode defined for component null
2025-12-13 14:59:36,428 [WARN] ModelIntegratedComponent:63 - No mode defined for component null
2025-12-13 14:59:36,428 [WARN] ModelIntegratedComponent:63 - No mode defined for component null
2025-12-13 14:59:36,428 [WARN] ModelIntegratedComponent:63 - No mode defined for component null
2025-12-13 14:59:36,428 [WARN] ModelIntegratedComponent:63 - No mode defined for component null
2025-12-13 14:59:36,428 [WARN] ModelIntegratedComponent:63 - No mode defined for component null
2025-12-13 14:59:36,428 [WARN] ModelIntegratedComponent:63 - No mode defined for component null
2025-12-13 14:59:36,428 [WARN] ModelIntegratedComponent:63 - No mode defined for component null
2025-12-13 14:59:36,428 [WARN] ModelIntegratedComponent:63 - No mode defined for component null
2025-12-13 14:59:36,428 [WARN] ModelIntegratedComponent:63 - No mode defined for component null
2025-12-13 14:59:36,428 [WARN] ModelIntegratedComponent:63 - No mode defined for component null
2025-12-13 14:59:36,428 [WARN] ModelIntegratedComponent:63 - No mode defined for component null
2025-12-13 14:59:36,428 [WARN] ModelIntegratedComponent:63 - No mode defined for component null
2025-12-13 14:59:36,429 [WARN] ModelPack:524 - Component already loaded: STMicroelectronics:HAL Drivers:0.0.0:STMicroelectronics:Device:STMicro_Driver:XSPI:HAL::0.0.1:HAL_XSPI
2025-12-13 14:59:36,444 [ERROR] LogOutputStream:75 - [STDERR_REDIRECT] [Fatal Error] :1:1: Premature end of file.
2025-12-13 14:59:36,446 [ERROR] LogOutputStream:75 - [STDERR_REDIRECT] 
2025-12-13 14:59:36,759 [INFO] ThirdPartyModel:298 - Start build external matchings
2025-12-13 14:59:37,432 [ERROR] LogOutputStream:75 - [STDERR_REDIRECT] [Fatal Error] :1:1: Premature end of file.
2025-12-13 14:59:37,432 [ERROR] LogOutputStream:75 - [STDERR_REDIRECT] 
2025-12-13 14:59:37,905 [INFO] ThirdPartyModel:316 - End build external matchings
2025-12-13 14:59:37,984 [WARN] IP:2250 - MaxTran not found: check if there is a RefParameter without a condition.
2025-12-13 14:59:37,984 [WARN] IP:2250 - Refresh not found: check if there is a RefParameter without a condition.
2025-12-13 14:59:37,985 [INFO] ImportTextPane:234 - (OptionalMessage_ERROR) IP (RCC) : Invalid parameter (FamilyName)
2025-12-13 14:59:38,435 [ERROR] LogOutputStream:75 - [STDERR_REDIRECT] [Fatal Error] :1:1: Premature end of file.
2025-12-13 14:59:38,435 [ERROR] LogOutputStream:75 - [STDERR_REDIRECT] 
2025-12-13 14:59:38,546 [INFO] UtilMem:75 - End LoadConfig() Used Memory: 643191000 Bytes (932184064)
2025-12-13 14:59:38,760 [WARN] ThirdParty:833 - waiting for thirdparty lock release [change project]
2025-12-13 14:59:38,760 [INFO] ThirdParty:835 - entering critical section [change project]
2025-12-13 14:59:38,760 [INFO] ThirdParty:1030 - CMSIS Pack Vendor :STMicroelectronics X-CUBE-PM33A1 1.0.0
2025-12-13 14:59:38,760 [INFO] ThirdParty:1030 - CMSIS Pack Vendor :STMicroelectronics USBPD 4.1
2025-12-13 14:59:38,760 [INFO] ThirdParty:1030 - CMSIS Pack Vendor :STMicroelectronics USB_HOST 2.0.0
2025-12-13 14:59:38,760 [INFO] ThirdParty:1030 - CMSIS Pack Vendor :STMicroelectronics FP-SNS-MOTENVWB1 1.4.0
2025-12-13 14:59:38,760 [INFO] ThirdParty:1030 - CMSIS Pack Vendor :STMicroelectronics X-CUBE-AZRTOS-F4 1.1.0
2025-12-13 14:59:38,760 [INFO] ThirdParty:1030 - CMSIS Pack Vendor :STMicroelectronics LIBJPEG 8.0.0
2025-12-13 14:59:38,760 [INFO] ThirdParty:1030 - CMSIS Pack Vendor :STMicroelectronics FP-ATR-ASTRA1 2.0.2
2025-12-13 14:59:38,760 [INFO] ThirdParty:1030 - CMSIS Pack Vendor :Avnet-IotConnect X-CUBE-IoTC-DA16k-PMOD 1.0.0
2025-12-13 14:59:38,760 [INFO] ThirdParty:1030 - CMSIS Pack Vendor :STMicroelectronics X-CUBE-SMBUS 2.1.0
2025-12-13 14:59:38,760 [INFO] ThirdParty:1030 - CMSIS Pack Vendor :STMicroelectronics X-CUBE-ISPU 2.1.0
2025-12-13 14:59:38,760 [INFO] ThirdParty:1030 - CMSIS Pack Vendor :STMicroelectronics X-CUBE-IPS 3.2.0
2025-12-13 14:59:38,760 [INFO] ThirdParty:1030 - CMSIS Pack Vendor :STMicroelectronics X-CUBE-ST60 1.0.0
2025-12-13 14:59:38,760 [INFO] ThirdParty:1030 - CMSIS Pack Vendor :STMicroelectronics X-CUBE-NFC12 1.0.0
2025-12-13 14:59:38,760 [INFO] ThirdParty:1030 - CMSIS Pack Vendor :STMicroelectronics X-CUBE-AZRTOS-F7 1.1.0
2025-12-13 14:59:38,760 [INFO] ThirdParty:1030 - CMSIS Pack Vendor :STMicroelectronics X-CUBE-AZRTOS-L5 2.0.0
2025-12-13 14:59:38,760 [INFO] ThirdParty:1030 - CMSIS Pack Vendor :STMicroelectronics USB_DEVICE 2.0.0
2025-12-13 14:59:38,760 [INFO] ThirdParty:1030 - CMSIS Pack Vendor :STMicroelectronics X-CUBE-NFC6 3.1.0
2025-12-13 14:59:38,760 [INFO] ThirdParty:1030 - CMSIS Pack Vendor :Cesanta I-CUBE-Mongoose 7.19.0
2025-12-13 14:59:38,760 [INFO] ThirdParty:1030 - CMSIS Pack Vendor :STMicroelectronics FP-SNS-MOTENV1 5.1.0
2025-12-13 14:59:38,760 [INFO] ThirdParty:1030 - CMSIS Pack Vendor :STMicroelectronics FreeRTOS 0.0.1
2025-12-13 14:59:38,760 [INFO] ThirdParty:1030 - CMSIS Pack Vendor :WES I-CUBE-Cesium 1.4.0
2025-12-13 14:59:38,760 [INFO] ThirdParty:1030 - CMSIS Pack Vendor :Infineon AIROC-Wi-Fi-Bluetooth-STM32 1.7.0
2025-12-13 14:59:38,760 [INFO] ThirdParty:1030 - CMSIS Pack Vendor :Infineon AIROC-Wi-Fi-Bluetooth-STM32 1.7.1
2025-12-13 14:59:38,760 [INFO] ThirdParty:1030 - CMSIS Pack Vendor :STMicroelectronics PDM2PCM 3.3.0
2025-12-13 14:59:38,761 [INFO] ThirdParty:1030 - CMSIS Pack Vendor :STMicroelectronics X-CUBE-AZRTOS-H7 3.4.0
2025-12-13 14:59:38,761 [INFO] ThirdParty:1030 - CMSIS Pack Vendor :STMicroelectronics X-CUBE-DISPLAY 3.0.0
2025-12-13 14:59:38,761 [INFO] ThirdParty:1030 - CMSIS Pack Vendor :STMicroelectronics X-CUBE-NFC10 1.0.0
2025-12-13 14:59:38,761 [INFO] ThirdParty:1030 - CMSIS Pack Vendor :STMicroelectronics X-CUBE-BLEMGR 4.0.0
2025-12-13 14:59:38,761 [INFO] ThirdParty:1030 - CMSIS Pack Vendor :STMicroelectronics X-CUBE-FREERTOS 1.3.1
2025-12-13 14:59:38,761 [INFO] ThirdParty:1030 - CMSIS Pack Vendor :STMicroelectronics HAL Drivers 0.0.0
2025-12-13 14:59:38,761 [INFO] ThirdParty:1030 - CMSIS Pack Vendor :STMicroelectronics X-CUBE-ST60 1.1.0
2025-12-13 14:59:38,761 [INFO] ThirdParty:1030 - CMSIS Pack Vendor :emotas I-CUBE-CANOPEN 1.3.0
2025-12-13 14:59:38,761 [INFO] ThirdParty:1030 - CMSIS Pack Vendor :STMicroelectronics MBEDTLS 2.14.1
2025-12-13 14:59:38,761 [INFO] ThirdParty:1030 - CMSIS Pack Vendor :STMicroelectronics X-CUBE-GNSS1 7.1.0
2025-12-13 14:59:38,761 [INFO] ThirdParty:1030 - CMSIS Pack Vendor :STMicroelectronics X-CUBE-TOUCHGFX 4.26.0
2025-12-13 14:59:38,761 [INFO] ThirdParty:1030 - CMSIS Pack Vendor :quantropi X-CUBE-qispace-sdk-base 2.0.0
2025-12-13 14:59:38,761 [INFO] ThirdParty:1030 - CMSIS Pack Vendor :STMicroelectronics X-CUBE-AI 10.0.0
2025-12-13 14:59:38,761 [INFO] ThirdParty:1030 - CMSIS Pack Vendor :STMicroelectronics FP-SNS-STBOX1 2.1.0
2025-12-13 14:59:38,761 [INFO] ThirdParty:1030 - CMSIS Pack Vendor :STMicroelectronics FP-SNS-STAIOTCFT 1.0.0
2025-12-13 14:59:38,761 [INFO] ThirdParty:1030 - CMSIS Pack Vendor :STMicroelectronics FP-SNS-SMARTAG2 1.2.0
2025-12-13 14:59:38,761 [INFO] ThirdParty:1030 - CMSIS Pack Vendor :STMicroelectronics FP-SNS-FLIGHT1 5.1.0
2025-12-13 14:59:38,761 [INFO] ThirdParty:1030 - CMSIS Pack Vendor :STMicroelectronics X-CUBE-AZRTOS-WL 2.0.0
2025-12-13 14:59:38,761 [INFO] ThirdParty:1030 - CMSIS Pack Vendor :STMicroelectronics X-CUBE-DPower 1.3.0
2025-12-13 14:59:38,762 [INFO] ThirdParty:1030 - CMSIS Pack Vendor :STMicroelectronics FP-SNS-MOTENV1 5.0.0
2025-12-13 14:59:38,762 [INFO] ThirdParty:1030 - CMSIS Pack Vendor :STMicroelectronics USB_DEVICE 1.0.0
2025-12-13 14:59:38,762 [INFO] ThirdParty:1030 - CMSIS Pack Vendor :STMicroelectronics X-CUBE-AZRTOS-L4 2.0.0
2025-12-13 14:59:38,762 [INFO] ThirdParty:1030 - CMSIS Pack Vendor :STMicroelectronics ThreadX 0.0.2
2025-12-13 14:59:38,762 [INFO] ThirdParty:1030 - CMSIS Pack Vendor :WES I-CUBE-Cesium 1.3.0
2025-12-13 14:59:38,762 [INFO] ThirdParty:1030 - CMSIS Pack Vendor :STMicroelectronics lwIP 2.1.2
2025-12-13 14:59:38,762 [INFO] ThirdParty:1030 - CMSIS Pack Vendor :STMicroelectronics X-CUBE-SFXS2LP1 4.0.0
2025-12-13 14:59:38,762 [INFO] ThirdParty:1030 - CMSIS Pack Vendor :STMicroelectronics X-CUBE-BLE2 3.3.0
2025-12-13 14:59:38,762 [INFO] ThirdParty:1030 - CMSIS Pack Vendor :Avnet-IOTCONNECT X-CUBE-iotc-st67-sdk 1.0.0
2025-12-13 14:59:38,762 [INFO] ThirdParty:1030 - CMSIS Pack Vendor :STMicroelectronics PDM2PCM 3.2.0
2025-12-13 14:59:38,762 [INFO] ThirdParty:1030 - CMSIS Pack Vendor :STMicroelectronics X-CUBE-AZRTOS-H7 3.3.0
2025-12-13 14:59:38,762 [INFO] ThirdParty:1030 - CMSIS Pack Vendor :STMicroelectronics X-CUBE-NFC9 1.0.0
2025-12-13 14:59:38,762 [INFO] ThirdParty:1030 - CMSIS Pack Vendor :wolfSSL I-CUBE-wolfSSL 5.8.0
2025-12-13 14:59:38,762 [INFO] ThirdParty:1030 - CMSIS Pack Vendor :wolfSSL I-CUBE-wolfSSL 5.8.2
2025-12-13 14:59:38,762 [INFO] ThirdParty:1030 - CMSIS Pack Vendor :STMicroelectronics X-CUBE-BLE1 7.1.0
2025-12-13 14:59:38,762 [INFO] ThirdParty:1030 - CMSIS Pack Vendor :wolfSSL I-CUBE-wolfMQTT 1.19.2
2025-12-13 14:59:38,762 [INFO] ThirdParty:1030 - CMSIS Pack Vendor :STMicroelectronics USB_DEVICE 3.0.0
2025-12-13 14:59:38,762 [INFO] ThirdParty:1030 - CMSIS Pack Vendor :STMicroelectronics X-CUBE-EEPRMA1 5.2.0
2025-12-13 14:59:38,762 [INFO] ThirdParty:1030 - CMSIS Pack Vendor :STMicroelectronics X-CUBE-BLEMGR 4.1.0
2025-12-13 14:59:38,762 [INFO] ThirdParty:1030 - CMSIS Pack Vendor :STMicroelectronics X-CUBE-AZRTOS-WB 2.0.0
2025-12-13 14:59:38,762 [INFO] ThirdParty:1030 - CMSIS Pack Vendor :STMicroelectronics X-CUBE-GNSS1 7.0.1
2025-12-13 14:59:38,762 [INFO] ThirdParty:1030 - CMSIS Pack Vendor :STMicroelectronics X-CUBE-TOUCHGFX 4.25.0
2025-12-13 14:59:38,762 [INFO] ThirdParty:1030 - CMSIS Pack Vendor :STMicroelectronics X-CUBE-ST67W61 1.1.0
2025-12-13 14:59:38,762 [INFO] ThirdParty:1030 - CMSIS Pack Vendor :STMicroelectronics X-CUBE-AI 10.1.0
2025-12-13 14:59:38,763 [INFO] ThirdParty:1030 - CMSIS Pack Vendor :STMicroelectronics FP-SNS-STBOX1 2.0.0
2025-12-13 14:59:38,763 [INFO] ThirdParty:1030 - CMSIS Pack Vendor :quantropi X-CUBE-qispace-sdk-base 2.1.0
2025-12-13 14:59:38,763 [INFO] ThirdParty:1030 - CMSIS Pack Vendor :STMicroelectronics X-CUBE-MEMS1 11.2.0
2025-12-13 14:59:38,763 [INFO] ThirdParty:1030 - CMSIS Pack Vendor :STMicroelectronics X-CUBE-AZRTOS-G0 1.1.0
2025-12-13 14:59:38,763 [INFO] ThirdParty:1030 - CMSIS Pack Vendor :STMicroelectronics X-CUBE-SAFEA1 1.2.2
2025-12-13 14:59:38,763 [INFO] ThirdParty:1030 - CMSIS Pack Vendor :STMicroelectronics X-CUBE-NFC4 3.0.0
2025-12-13 14:59:38,763 [INFO] ThirdParty:1030 - CMSIS Pack Vendor :STMicroelectronics X-CUBE-SUBG2 5.0.0
2025-12-13 14:59:38,763 [INFO] ThirdParty:1030 - CMSIS Pack Vendor :STMicroelectronics X-CUBE-AZRTOS-H7RS 1.1.0
2025-12-13 14:59:38,763 [INFO] ThirdParty:1030 - CMSIS Pack Vendor :STMicroelectronics STM32_WPAN 1.0.0
2025-12-13 14:59:38,763 [INFO] ThirdParty:1030 - CMSIS Pack Vendor :EmbeddedOffice I-CUBE-FS-RTOS 1.0.1
2025-12-13 14:59:38,763 [INFO] ThirdParty:1030 - CMSIS Pack Vendor :STMicroelectronics lwIP 2.0.3
2025-12-13 14:59:38,763 [INFO] ThirdParty:1030 - CMSIS Pack Vendor :Cesanta I-CUBE-Mongoose 7.13.0
2025-12-13 14:59:38,763 [INFO] ThirdParty:1030 - CMSIS Pack Vendor :STMicroelectronics USB_HOST 1.0.0
2025-12-13 14:59:38,763 [INFO] ThirdParty:1030 - CMSIS Pack Vendor :STMicroelectronics X-CUBE-AZRTOS-G4 2.0.0
2025-12-13 14:59:38,763 [INFO] ThirdParty:1030 - CMSIS Pack Vendor :STMicroelectronics X-CUBE-WB05N 2.0.0
2025-12-13 14:59:38,763 [INFO] ThirdParty:1030 - CMSIS Pack Vendor :STMicroelectronics PDM2PCM 3.1.0
2025-12-13 14:59:38,763 [INFO] ThirdParty:1030 - CMSIS Pack Vendor :wolfSSL I-CUBE-wolfTPM 3.8.0
2025-12-13 14:59:38,763 [INFO] ThirdParty:1030 - CMSIS Pack Vendor :wolfSSL I-CUBE-wolfSSH 1.4.20
2025-12-13 14:59:38,763 [INFO] ThirdParty:1030 - CMSIS Pack Vendor :STMicroelectronics X-CUBE-NFC7 2.0.0
2025-12-13 14:59:38,763 [INFO] ThirdParty:1030 - CMSIS Pack Vendor :STMicroelectronics X-CUBE-TCPP 4.2.0
2025-12-13 14:59:38,763 [INFO] ThirdParty:1030 - CMSIS Pack Vendor :RealThread X-CUBE-RT-Thread_Nano 4.1.1
2025-12-13 14:59:38,763 [INFO] ThirdParty:1030 - CMSIS Pack Vendor :STMicroelectronics FP-ATR-SIGFOX1 3.2.0
2025-12-13 14:59:38,763 [INFO] ThirdParty:1030 - CMSIS Pack Vendor :STMicroelectronics X-CUBE-EEPRMA1 5.1.0
2025-12-13 14:59:38,763 [INFO] ThirdParty:1030 - CMSIS Pack Vendor :STMicroelectronics MBEDTLS 2.16.2
2025-12-13 14:59:38,763 [INFO] ThirdParty:1030 - CMSIS Pack Vendor :STMicroelectronics X-CUBE-IPS 3.1.0
2025-12-13 14:59:38,763 [INFO] ThirdParty:1030 - CMSIS Pack Vendor :STMicroelectronics X-CUBE-ALS 1.0.2
2025-12-13 14:59:38,763 [INFO] ThirdParty:1030 - CMSIS Pack Vendor :ITTIA_DB I-CUBE-ITTIADB 8.9.0
2025-12-13 14:59:38,763 [INFO] ThirdParty:1030 - CMSIS Pack Vendor :STMicroelectronics X-CUBE-STSE01 1.0.0
2025-12-13 14:59:38,763 [INFO] ThirdParty:1030 - CMSIS Pack Vendor :portGmbH I-Cube-SoM-uGOAL 1.1.0
2025-12-13 14:59:38,763 [INFO] ThirdParty:1030 - CMSIS Pack Vendor :STMicroelectronics X-CUBE-ST67W61 1.0.0
2025-12-13 14:59:38,763 [INFO] ThirdParty:1030 - CMSIS Pack Vendor :STMicroelectronics X-CUBE-AI 10.2.0
2025-12-13 14:59:38,763 [INFO] ThirdParty:1030 - CMSIS Pack Vendor :STMicroelectronics ThreadX 1.0.0
2025-12-13 14:59:38,764 [INFO] ThirdParty:1030 - CMSIS Pack Vendor :SEGGER I-CUBE-embOS 1.3.1
2025-12-13 14:59:38,764 [INFO] ThirdParty:1030 - CMSIS Pack Vendor :STMicroelectronics X-CUBE-ALGOBUILD 1.4.0
2025-12-13 14:59:38,764 [INFO] ThirdParty:1030 - CMSIS Pack Vendor :STMicroelectronics X-CUBE-MEMS1 11.3.0
2025-12-13 14:59:38,764 [INFO] ThirdParty:1030 - CMSIS Pack Vendor :STMicroelectronics X-CUBE-TOF1 3.4.3
2025-12-13 14:59:38,764 [INFO] ThirdParty:841 - exiting critical section [change project]
2025-12-13 14:59:39,438 [ERROR] LogOutputStream:75 - [STDERR_REDIRECT] [Fatal Error] :1:1: Premature end of file.
2025-12-13 14:59:39,439 [ERROR] LogOutputStream:75 - [STDERR_REDIRECT] 
2025-12-13 14:59:39,677 [INFO] PinOutPanel:1589 - setPackage(No Configuration,No Configuration)
2025-12-13 14:59:39,680 [INFO] PinOutPanel:1589 - setPackage(STM32L4S5VITx,LQFP100)
2025-12-13 14:59:40,442 [ERROR] LogOutputStream:75 - [STDERR_REDIRECT] [Fatal Error] :1:1: Premature end of file.
2025-12-13 14:59:40,444 [ERROR] LogOutputStream:75 - [STDERR_REDIRECT] 
2025-12-13 14:59:40,901 [INFO] UtilMem:75 - Before build in PCC Used Memory: 522065848 Bytes (932184064)
2025-12-13 14:59:41,436 [ERROR] LogOutputStream:75 - [STDERR_REDIRECT] [Fatal Error] :1:1: Premature end of file.
2025-12-13 14:59:41,437 [ERROR] LogOutputStream:75 - [STDERR_REDIRECT] 
2025-12-13 14:59:42,434 [ERROR] LogOutputStream:75 - [STDERR_REDIRECT] [Fatal Error] :1:1: Premature end of file.
2025-12-13 14:59:42,436 [ERROR] LogOutputStream:75 - [STDERR_REDIRECT] 
2025-12-13 14:59:42,991 [INFO] UtilMem:75 - After build in PCC Used Memory: 644749240 Bytes (932184064)
2025-12-13 14:59:43,047 [INFO] IPUIPlugin:80 - create IPUIPlugin
2025-12-13 14:59:43,047 [INFO] IPUIPlugin:80 - create IPUIPlugin
2025-12-13 14:59:43,047 [INFO] IPUIPlugin:80 - create IPUIPlugin
2025-12-13 14:59:43,047 [INFO] IPUIPlugin:80 - create IPUIPlugin
2025-12-13 14:59:43,048 [INFO] IPUIPlugin:80 - create IPUIPlugin
2025-12-13 14:59:43,048 [INFO] IPUIPlugin:80 - create IPUIPlugin
2025-12-13 14:59:43,048 [INFO] IPUIPlugin:80 - create IPUIPlugin
2025-12-13 14:59:43,048 [INFO] IPUIPlugin:80 - create IPUIPlugin
2025-12-13 14:59:43,048 [INFO] IPUIPlugin:80 - create IPUIPlugin
2025-12-13 14:59:43,048 [INFO] IPUIPlugin:80 - create IPUIPlugin
2025-12-13 14:59:43,048 [INFO] IPUIPlugin:80 - create IPUIPlugin
2025-12-13 14:59:43,048 [INFO] IPUIPlugin:80 - create IPUIPlugin
2025-12-13 14:59:43,049 [INFO] IPUIPlugin:80 - create IPUIPlugin
2025-12-13 14:59:43,049 [INFO] IPUIPlugin:80 - create IPUIPlugin
2025-12-13 14:59:43,049 [INFO] IPUIPlugin:80 - create IPUIPlugin
2025-12-13 14:59:43,049 [INFO] IPUIPlugin:80 - create IPUIPlugin
2025-12-13 14:59:43,049 [INFO] IPUIPlugin:80 - create IPUIPlugin
2025-12-13 14:59:43,049 [INFO] IPUIPlugin:80 - create IPUIPlugin
2025-12-13 14:59:43,049 [INFO] IPUIPlugin:80 - create IPUIPlugin
2025-12-13 14:59:43,049 [INFO] IPUIPlugin:80 - create IPUIPlugin
2025-12-13 14:59:43,050 [INFO] IPUIPlugin:80 - create IPUIPlugin
2025-12-13 14:59:43,050 [INFO] IPUIPlugin:80 - create IPUIPlugin
2025-12-13 14:59:43,050 [INFO] IPUIPlugin:80 - create IPUIPlugin
2025-12-13 14:59:43,050 [INFO] IPUIPlugin:80 - create IPUIPlugin
2025-12-13 14:59:43,051 [INFO] IPUIPlugin:80 - create IPUIPlugin
2025-12-13 14:59:43,051 [INFO] IPUIPlugin:80 - create IPUIPlugin
2025-12-13 14:59:43,051 [INFO] IPUIPlugin:80 - create IPUIPlugin
2025-12-13 14:59:43,051 [INFO] IPUIPlugin:80 - create IPUIPlugin
2025-12-13 14:59:43,051 [INFO] IPUIPlugin:80 - create IPUIPlugin
2025-12-13 14:59:43,051 [INFO] IPUIPlugin:80 - create IPUIPlugin
2025-12-13 14:59:43,052 [INFO] IPUIPlugin:80 - create IPUIPlugin
2025-12-13 14:59:43,052 [INFO] IPUIPlugin:80 - create IPUIPlugin
2025-12-13 14:59:43,052 [INFO] IPUIPlugin:80 - create IPUIPlugin
2025-12-13 14:59:43,052 [INFO] IPUIPlugin:80 - create IPUIPlugin
2025-12-13 14:59:43,052 [INFO] IPUIPlugin:80 - create IPUIPlugin
2025-12-13 14:59:43,053 [INFO] IPUIPlugin:80 - create IPUIPlugin
2025-12-13 14:59:43,053 [INFO] IPUIPlugin:80 - create IPUIPlugin
2025-12-13 14:59:43,053 [INFO] IPUIPlugin:80 - create IPUIPlugin
2025-12-13 14:59:43,053 [INFO] IPUIPlugin:80 - create IPUIPlugin
2025-12-13 14:59:43,054 [INFO] IPUIPlugin:80 - create IPUIPlugin
2025-12-13 14:59:43,054 [INFO] IPUIPlugin:80 - create IPUIPlugin
2025-12-13 14:59:43,054 [INFO] IPUIPlugin:80 - create IPUIPlugin
2025-12-13 14:59:43,055 [INFO] IPUIPlugin:80 - create IPUIPlugin
2025-12-13 14:59:43,055 [INFO] IPUIPlugin:80 - create IPUIPlugin
2025-12-13 14:59:43,055 [INFO] IPUIPlugin:80 - create IPUIPlugin
2025-12-13 14:59:43,055 [INFO] IPUIPlugin:80 - create IPUIPlugin
2025-12-13 14:59:43,055 [INFO] IPUIPlugin:80 - create IPUIPlugin
2025-12-13 14:59:43,056 [INFO] IPUIPlugin:80 - create IPUIPlugin
2025-12-13 14:59:43,056 [INFO] IPUIPlugin:80 - create IPUIPlugin
2025-12-13 14:59:43,056 [INFO] IPUIPlugin:80 - create IPUIPlugin
2025-12-13 14:59:43,056 [INFO] IPUIPlugin:80 - create IPUIPlugin
2025-12-13 14:59:43,056 [INFO] IPUIPlugin:80 - create IPUIPlugin
2025-12-13 14:59:43,057 [INFO] IPUIPlugin:80 - create IPUIPlugin
2025-12-13 14:59:43,057 [INFO] IPUIPlugin:80 - create IPUIPlugin
2025-12-13 14:59:43,057 [INFO] IPUIPlugin:80 - create IPUIPlugin
2025-12-13 14:59:43,058 [INFO] IPUIPlugin:80 - create IPUIPlugin
2025-12-13 14:59:43,058 [INFO] IPUIPlugin:80 - create IPUIPlugin
2025-12-13 14:59:43,058 [INFO] IPUIPlugin:80 - create IPUIPlugin
2025-12-13 14:59:43,059 [INFO] IPUIPlugin:80 - create IPUIPlugin
2025-12-13 14:59:43,059 [INFO] IPUIPlugin:80 - create IPUIPlugin
2025-12-13 14:59:43,059 [INFO] IPUIPlugin:80 - create IPUIPlugin
2025-12-13 14:59:43,060 [INFO] IPUIPlugin:80 - create IPUIPlugin
2025-12-13 14:59:43,060 [INFO] IPUIPlugin:80 - create IPUIPlugin
2025-12-13 14:59:43,427 [ERROR] LogOutputStream:75 - [STDERR_REDIRECT] [Fatal Error] :1:1: Premature end of file.
2025-12-13 14:59:43,427 [ERROR] LogOutputStream:75 - [STDERR_REDIRECT] 
2025-12-13 14:59:43,565 [INFO] CADModel:165 - CPN selected for project levelSTM32L4S5VIT6
2025-12-13 14:59:43,565 [INFO] CADModel:114 - Register for checkConnection events
2025-12-13 14:59:43,627 [INFO] OpenFileManager:386 - Restore cursor
2025-12-13 14:59:44,252 [WARN] IP:2250 - MaxTran not found: check if there is a RefParameter without a condition.
2025-12-13 14:59:44,253 [WARN] IP:2250 - Refresh not found: check if there is a RefParameter without a condition.
2025-12-13 14:59:44,253 [WARN] IP:2250 - MaxTran not found: check if there is a RefParameter without a condition.
2025-12-13 14:59:44,253 [WARN] IP:2250 - Refresh not found: check if there is a RefParameter without a condition.
2025-12-13 14:59:44,438 [ERROR] LogOutputStream:75 - [STDERR_REDIRECT] [Fatal Error] :1:1: Premature end of file.
2025-12-13 14:59:44,440 [ERROR] LogOutputStream:75 - [STDERR_REDIRECT] 
2025-12-13 14:59:45,433 [ERROR] LogOutputStream:75 - [STDERR_REDIRECT] [Fatal Error] :1:1: Premature end of file.
2025-12-13 14:59:45,433 [ERROR] LogOutputStream:75 - [STDERR_REDIRECT] 
2025-12-13 14:59:46,360 [INFO] UtilMem:75 - End SaveConfig() Used Memory: 596897952 Bytes (932184064)
2025-12-13 14:59:46,437 [ERROR] LogOutputStream:75 - [STDERR_REDIRECT] [Fatal Error] :1:1: Premature end of file.
2025-12-13 14:59:46,438 [ERROR] LogOutputStream:75 - [STDERR_REDIRECT] 
2025-12-13 14:59:46,552 [INFO] UtilMem:75 - End SaveConfig() Used Memory: 616294560 Bytes (932184064)
2025-12-13 14:59:47,361 [INFO] BlockDiagram:2775 - set Specific Code input for plugin: SPI
2025-12-13 14:59:47,361 [INFO] BlockDiagram:2775 - set Specific Code input for plugin: SPI
2025-12-13 14:59:47,362 [INFO] BlockDiagram:2775 - set Specific Code input for plugin: DFSDM
2025-12-13 14:59:47,362 [INFO] BlockDiagram:2775 - set Specific Code input for plugin: SYS
2025-12-13 14:59:47,362 [INFO] BlockDiagram:2775 - set Specific Code input for plugin: ADC
2025-12-13 14:59:47,362 [INFO] BlockDiagram:2775 - set Specific Code input for plugin: RCC
2025-12-13 14:59:47,362 [INFO] BlockDiagram:2775 - set Specific Code input for plugin: I2C
2025-12-13 14:59:47,362 [INFO] BlockDiagram:2775 - set Specific Code input for plugin: I2C
2025-12-13 14:59:47,362 [INFO] BlockDiagram:2775 - set Specific Code input for plugin: USB_OTG_FS
2025-12-13 14:59:47,362 [INFO] BlockDiagram:2775 - set Specific Code input for plugin: NVIC
2025-12-13 14:59:47,362 [INFO] BlockDiagram:2775 - set Specific Code input for plugin: USART
2025-12-13 14:59:47,362 [INFO] BlockDiagram:2775 - set Specific Code input for plugin: USART
2025-12-13 14:59:47,362 [INFO] BlockDiagram:2775 - set Specific Code input for plugin: USART
2025-12-13 14:59:47,362 [INFO] BlockDiagram:2775 - set Specific Code input for plugin: OCTOSPI
2025-12-13 14:59:47,362 [INFO] BlockDiagram:2775 - set Specific Code input for plugin: UART
2025-12-13 14:59:47,364 [INFO] BlockDiagram:2775 - set Specific Code input for plugin: GPIO
2025-12-13 14:59:47,365 [INFO] CodeGenerator:892 - code generatio: config db path: C:\ST\STM32CubeIDE_1.18.1\STM32CubeIDE\plugins\com.st.stm32cube.common.mx_6.15.0.202507011659\\db\
2025-12-13 14:59:47,423 [WARN] IP:2250 - MaxTran not found: check if there is a RefParameter without a condition.
2025-12-13 14:59:47,423 [WARN] IP:2250 - Refresh not found: check if there is a RefParameter without a condition.
2025-12-13 14:59:47,433 [ERROR] LogOutputStream:75 - [STDERR_REDIRECT] [Fatal Error] :1:1: Premature end of file.
2025-12-13 14:59:47,435 [ERROR] LogOutputStream:75 - [STDERR_REDIRECT] 
2025-12-13 14:59:47,680 [INFO] CodeEngine:265 - oldGeneratedFile, D:\MCU1_Bare_Metal_Progamming_BHM\Blinky\MXTmpFiles\license.tmp_save
2025-12-13 14:59:48,183 [INFO] CodeEngine:289 - Generated code: D:\MCU1_Bare_Metal_Progamming_BHM\Blinky\MXTmpFiles\license.tmp
2025-12-13 14:59:48,429 [ERROR] LogOutputStream:75 - [STDERR_REDIRECT] [Fatal Error] :1:1: Premature end of file.
2025-12-13 14:59:48,431 [ERROR] LogOutputStream:75 - [STDERR_REDIRECT] 
2025-12-13 14:59:48,585 [INFO] CodeEngine:265 - oldGeneratedFile, D:\MCU1_Bare_Metal_Progamming_BHM\Blinky\MXTmpFiles\gpio.tmp_save
2025-12-13 14:59:48,839 [INFO] CodeEngine:289 - Generated code: D:\MCU1_Bare_Metal_Progamming_BHM\Blinky\MXTmpFiles\gpio.tmp
2025-12-13 14:59:49,431 [ERROR] LogOutputStream:75 - [STDERR_REDIRECT] [Fatal Error] :1:1: Premature end of file.
2025-12-13 14:59:49,432 [ERROR] LogOutputStream:75 - [STDERR_REDIRECT] 
2025-12-13 14:59:50,461 [ERROR] LogOutputStream:75 - [STDERR_REDIRECT] [Fatal Error] :1:1: Premature end of file.
2025-12-13 14:59:50,462 [ERROR] LogOutputStream:75 - [STDERR_REDIRECT] 
2025-12-13 14:59:51,430 [ERROR] LogOutputStream:75 - [STDERR_REDIRECT] [Fatal Error] :1:1: Premature end of file.
2025-12-13 14:59:51,430 [ERROR] LogOutputStream:75 - [STDERR_REDIRECT] 
2025-12-13 14:59:51,450 [WARN] IPConfigManager:103 - WARNING: Missing Config File for USB ip!!
2025-12-13 14:59:51,639 [WARN] IPConfigManager:3238 - Warning: the RefConfig PWREx_EnableUSBVoltageDetector is not available in your config.xml file
2025-12-13 14:59:51,734 [INFO] CodeEngine:265 - oldGeneratedFile, D:\MCU1_Bare_Metal_Progamming_BHM\Blinky\Core\Src\stm32l4xx_it.c_save
2025-12-13 14:59:51,912 [INFO] CodeEngine:289 - Generated code: D:\MCU1_Bare_Metal_Progamming_BHM\Blinky\Core\Src\stm32l4xx_it.c
2025-12-13 14:59:51,920 [INFO] CodeEngine:265 - oldGeneratedFile, D:\MCU1_Bare_Metal_Progamming_BHM\Blinky\Core\Inc\stm32l4xx_it.h_save
2025-12-13 14:59:51,989 [INFO] CodeEngine:289 - Generated code: D:\MCU1_Bare_Metal_Progamming_BHM\Blinky\Core\Inc\stm32l4xx_it.h
2025-12-13 14:59:52,014 [INFO] CodeEngine:265 - oldGeneratedFile, D:\MCU1_Bare_Metal_Progamming_BHM\Blinky\Core\Src\stm32l4xx_hal_msp.c_save
2025-12-13 14:59:52,249 [INFO] CodeEngine:289 - Generated code: D:\MCU1_Bare_Metal_Progamming_BHM\Blinky\Core\Src\stm32l4xx_hal_msp.c
2025-12-13 14:59:52,284 [INFO] CodeEngine:265 - oldGeneratedFile, D:\MCU1_Bare_Metal_Progamming_BHM\Blinky\MXTmpFiles\system.tmp_save
2025-12-13 14:59:52,358 [INFO] CodeEngine:289 - Generated code: D:\MCU1_Bare_Metal_Progamming_BHM\Blinky\MXTmpFiles\system.tmp
2025-12-13 14:59:52,381 [INFO] CodeEngine:321 - oldGeneratedFile, D:\MCU1_Bare_Metal_Progamming_BHM\Blinky\Core\Inc\stm32l4xx_hal_conf.h_save
2025-12-13 14:59:52,434 [ERROR] LogOutputStream:75 - [STDERR_REDIRECT] [Fatal Error] :1:1: Premature end of file.
2025-12-13 14:59:52,436 [ERROR] LogOutputStream:75 - [STDERR_REDIRECT] 
2025-12-13 14:59:52,459 [INFO] CodeEngine:345 - Generated code: D:\MCU1_Bare_Metal_Progamming_BHM\Blinky\Core\Inc\stm32l4xx_hal_conf.h
2025-12-13 14:59:52,517 [INFO] ApiDbMcu:532 - Load IP Config File for ADC1
2025-12-13 14:59:52,534 [INFO] ApiDbMcu:532 - Load IP Config File for DFSDM1
2025-12-13 14:59:52,543 [INFO] ApiDbMcu:532 - Load IP Config File for I2C1
2025-12-13 14:59:52,549 [INFO] ApiDbMcu:532 - Load IP Config File for I2C2
2025-12-13 14:59:52,555 [INFO] ApiDbMcu:532 - Load IP Config File for OCTOSPI1
2025-12-13 14:59:52,559 [INFO] ApiDbMcu:532 - Load IP Config File for SPI1
2025-12-13 14:59:52,562 [INFO] ApiDbMcu:532 - Load IP Config File for SPI3
2025-12-13 14:59:52,572 [INFO] ApiDbMcu:532 - Load IP Config File for UART4
2025-12-13 14:59:52,582 [INFO] ApiDbMcu:532 - Load IP Config File for USART1
2025-12-13 14:59:52,596 [INFO] ApiDbMcu:532 - Load IP Config File for USART2
2025-12-13 14:59:52,610 [INFO] ApiDbMcu:532 - Load IP Config File for USART3
2025-12-13 14:59:52,611 [ERROR] ApiDbMcu:560 - Cannot parse USB_OTG_FS_Config file : file do not exist
2025-12-13 14:59:52,611 [ERROR] ApiDbMcu:560 - Cannot parse USB_OTG_FS_Config file : file do not exist
2025-12-13 14:59:52,616 [INFO] ApiDbMcu:532 - Load IP Config File for RCC
2025-12-13 14:59:52,620 [WARN] IPConfigManager:3811 - IP not found : USB_OTG
2025-12-13 14:59:52,623 [WARN] CodeGenerator:4259 - IP not found : null
2025-12-13 14:59:52,632 [INFO] CodeEngine:265 - oldGeneratedFile, D:\MCU1_Bare_Metal_Progamming_BHM\Blinky\Core\Inc\main.h_save
2025-12-13 14:59:52,754 [INFO] CodeEngine:289 - Generated code: D:\MCU1_Bare_Metal_Progamming_BHM\Blinky\Core\Inc\main.h
2025-12-13 14:59:52,763 [INFO] CodeEngine:265 - oldGeneratedFile, D:\MCU1_Bare_Metal_Progamming_BHM\Blinky\Core\Src\main.c_save
2025-12-13 14:59:53,026 [INFO] CodeEngine:289 - Generated code: D:\MCU1_Bare_Metal_Progamming_BHM\Blinky\Core\Src\main.c
2025-12-13 14:59:53,435 [ERROR] LogOutputStream:75 - [STDERR_REDIRECT] [Fatal Error] :1:1: Premature end of file.
2025-12-13 14:59:53,436 [ERROR] LogOutputStream:75 - [STDERR_REDIRECT] 
2025-12-13 14:59:53,601 [INFO] ProjectBuilder:3606 - Time for Copy HAL[1] : 285mS.
2025-12-13 14:59:53,611 [INFO] ProjectBuilder:5216 - Project Generator version: 4.7.0-B52
2025-12-13 14:59:53,714 [INFO] ConfigFileManager:1595 - The Die is : DIE470
2025-12-13 14:59:53,725 [INFO] ApiDbMcu:532 - Load IP Config File for FATFS
2025-12-13 14:59:53,733 [INFO] ApiDbMcu:532 - Load IP Config File for FREERTOS
2025-12-13 14:59:53,746 [INFO] ApiDbMcu:532 - Load IP Config File for TOUCHSENSING
2025-12-13 14:59:53,758 [INFO] ApiDbMcu:532 - Load IP Config File for USB_DEVICE
2025-12-13 14:59:53,766 [INFO] ApiDbMcu:532 - Load IP Config File for USB_HOST
2025-12-13 14:59:54,242 [INFO] LogOutputStream:77 - [STDOUT_REDIRECT] 
2025-12-13 14:59:54,440 [ERROR] LogOutputStream:75 - [STDERR_REDIRECT] [Fatal Error] :1:1: Premature end of file.
2025-12-13 14:59:54,441 [ERROR] LogOutputStream:75 - [STDERR_REDIRECT] 
2025-12-13 14:59:55,429 [ERROR] LogOutputStream:75 - [STDERR_REDIRECT] [Fatal Error] :1:1: Premature end of file.
2025-12-13 14:59:55,430 [ERROR] LogOutputStream:75 - [STDERR_REDIRECT] 
2025-12-13 14:59:56,439 [ERROR] LogOutputStream:75 - [STDERR_REDIRECT] [Fatal Error] :1:1: Premature end of file.
2025-12-13 14:59:56,441 [ERROR] LogOutputStream:75 - [STDERR_REDIRECT] 
2025-12-13 14:59:56,676 [INFO] ProjectBuilder:5496 - Time for Generating toolchain IDE Files: 3065mS.
2025-12-13 14:59:56,677 [INFO] ProjectBuilder:3463 - Time for Copy CMSIS : 1mS.
2025-12-13 14:59:56,678 [INFO] ProjectBuilder:3463 - Time for Copy CMSIS : 0mS.
2025-12-13 14:59:57,443 [ERROR] LogOutputStream:75 - [STDERR_REDIRECT] [Fatal Error] :1:1: Premature end of file.
2025-12-13 14:59:57,446 [ERROR] LogOutputStream:75 - [STDERR_REDIRECT] 
2025-12-13 14:59:57,803 [INFO] McuFinderGlobals:76 - Set McuFinderConnectedMode to true
2025-12-13 14:59:57,806 [INFO] ApiDb:448 - Save user favorites file C:\Users\mathe/.stm32cubeide/favorites.mcus.txt: 0 item(s)
2025-12-13 14:59:57,806 [INFO] ApiDb:452 - User favorites MCUs=[]
2025-12-13 14:59:57,807 [INFO] ApiDb:448 - Save user favorites file C:\Users\mathe/.stm32cubeide/favorites.boards.txt: 2 item(s)
2025-12-13 14:59:57,808 [INFO] ApiDb:452 - User favorites Boards=[B-L4S5I-IOT01A, NUCLEO-F446RE]
2025-12-13 14:59:58,444 [ERROR] LogOutputStream:75 - [STDERR_REDIRECT] [Fatal Error] :1:1: Premature end of file.
2025-12-13 14:59:58,445 [ERROR] LogOutputStream:75 - [STDERR_REDIRECT] 
2025-12-13 14:59:59,439 [ERROR] LogOutputStream:75 - [STDERR_REDIRECT] [Fatal Error] :1:1: Premature end of file.
2025-12-13 14:59:59,441 [ERROR] LogOutputStream:75 - [STDERR_REDIRECT] 
2025-12-13 15:00:00,437 [ERROR] LogOutputStream:75 - [STDERR_REDIRECT] [Fatal Error] :1:1: Premature end of file.
2025-12-13 15:00:00,439 [ERROR] LogOutputStream:75 - [STDERR_REDIRECT] 
2025-12-13 15:00:01,434 [ERROR] LogOutputStream:75 - [STDERR_REDIRECT] [Fatal Error] :1:1: Premature end of file.
2025-12-13 15:00:01,437 [ERROR] LogOutputStream:75 - [STDERR_REDIRECT] 
2025-12-13 15:00:02,440 [ERROR] LogOutputStream:75 - [STDERR_REDIRECT] [Fatal Error] :1:1: Premature end of file.
2025-12-13 15:00:02,442 [ERROR] LogOutputStream:75 - [STDERR_REDIRECT] 
2025-12-13 15:00:03,422 [ERROR] LogOutputStream:75 - [STDERR_REDIRECT] [Fatal Error] :1:1: Premature end of file.
2025-12-13 15:00:03,423 [ERROR] LogOutputStream:75 - [STDERR_REDIRECT] 
2025-12-13 15:00:04,440 [ERROR] LogOutputStream:75 - [STDERR_REDIRECT] [Fatal Error] :1:1: Premature end of file.
2025-12-13 15:00:04,442 [ERROR] LogOutputStream:75 - [STDERR_REDIRECT] 
2025-12-13 15:00:05,431 [ERROR] LogOutputStream:75 - [STDERR_REDIRECT] [Fatal Error] :1:1: Premature end of file.
2025-12-13 15:00:05,431 [ERROR] LogOutputStream:75 - [STDERR_REDIRECT] 
2025-12-13 15:00:06,433 [ERROR] LogOutputStream:75 - [STDERR_REDIRECT] [Fatal Error] :1:1: Premature end of file.
2025-12-13 15:00:06,433 [ERROR] LogOutputStream:75 - [STDERR_REDIRECT] 
2025-12-13 15:00:07,424 [ERROR] LogOutputStream:75 - [STDERR_REDIRECT] [Fatal Error] :1:1: Premature end of file.
2025-12-13 15:00:07,424 [ERROR] LogOutputStream:75 - [STDERR_REDIRECT] 
2025-12-13 15:00:08,444 [ERROR] LogOutputStream:75 - [STDERR_REDIRECT] [Fatal Error] :1:1: Premature end of file.
2025-12-13 15:00:08,444 [ERROR] LogOutputStream:75 - [STDERR_REDIRECT] 
2025-12-13 15:00:09,435 [ERROR] LogOutputStream:75 - [STDERR_REDIRECT] [Fatal Error] :1:1: Premature end of file.
2025-12-13 15:00:09,435 [ERROR] LogOutputStream:75 - [STDERR_REDIRECT] 
2025-12-13 15:00:10,432 [ERROR] LogOutputStream:75 - [STDERR_REDIRECT] [Fatal Error] :1:1: Premature end of file.
2025-12-13 15:00:10,432 [ERROR] LogOutputStream:75 - [STDERR_REDIRECT] 
2025-12-13 15:00:11,427 [ERROR] LogOutputStream:75 - [STDERR_REDIRECT] [Fatal Error] :1:1: Premature end of file.
2025-12-13 15:00:11,427 [ERROR] LogOutputStream:75 - [STDERR_REDIRECT] 
2025-12-13 15:00:12,424 [ERROR] LogOutputStream:75 - [STDERR_REDIRECT] [Fatal Error] :1:1: Premature end of file.
2025-12-13 15:00:12,424 [ERROR] LogOutputStream:75 - [STDERR_REDIRECT] 
2025-12-13 15:00:13,427 [ERROR] LogOutputStream:75 - [STDERR_REDIRECT] [Fatal Error] :1:1: Premature end of file.
2025-12-13 15:00:13,428 [ERROR] LogOutputStream:75 - [STDERR_REDIRECT] 
2025-12-13 15:00:14,438 [ERROR] LogOutputStream:75 - [STDERR_REDIRECT] [Fatal Error] :1:1: Premature end of file.
2025-12-13 15:00:14,441 [ERROR] LogOutputStream:75 - [STDERR_REDIRECT] 
2025-12-13 15:00:15,433 [ERROR] LogOutputStream:75 - [STDERR_REDIRECT] [Fatal Error] :1:1: Premature end of file.
2025-12-13 15:00:15,434 [ERROR] LogOutputStream:75 - [STDERR_REDIRECT] 
2025-12-13 15:00:16,441 [ERROR] LogOutputStream:75 - [STDERR_REDIRECT] [Fatal Error] :1:1: Premature end of file.
2025-12-13 15:00:16,441 [ERROR] LogOutputStream:75 - [STDERR_REDIRECT] 
2025-12-13 15:00:17,445 [ERROR] LogOutputStream:75 - [STDERR_REDIRECT] [Fatal Error] :1:1: Premature end of file.
2025-12-13 15:00:17,445 [ERROR] LogOutputStream:75 - [STDERR_REDIRECT] 
2025-12-13 15:00:18,422 [ERROR] LogOutputStream:75 - [STDERR_REDIRECT] [Fatal Error] :1:1: Premature end of file.
2025-12-13 15:00:18,422 [ERROR] LogOutputStream:75 - [STDERR_REDIRECT] 
2025-12-13 15:00:19,439 [ERROR] LogOutputStream:75 - [STDERR_REDIRECT] [Fatal Error] :1:1: Premature end of file.
2025-12-13 15:00:19,440 [ERROR] LogOutputStream:75 - [STDERR_REDIRECT] 
2025-12-13 15:00:20,435 [ERROR] LogOutputStream:75 - [STDERR_REDIRECT] [Fatal Error] :1:1: Premature end of file.
2025-12-13 15:00:20,436 [ERROR] LogOutputStream:75 - [STDERR_REDIRECT] 
2025-12-13 15:00:21,431 [ERROR] LogOutputStream:75 - [STDERR_REDIRECT] [Fatal Error] :1:1: Premature end of file.
2025-12-13 15:00:21,431 [ERROR] LogOutputStream:75 - [STDERR_REDIRECT] 
2025-12-13 15:00:22,460 [ERROR] LogOutputStream:75 - [STDERR_REDIRECT] [Fatal Error] :1:1: Premature end of file.
2025-12-13 15:00:22,463 [ERROR] LogOutputStream:75 - [STDERR_REDIRECT] 
2025-12-13 15:00:23,447 [ERROR] LogOutputStream:75 - [STDERR_REDIRECT] [Fatal Error] :1:1: Premature end of file.
2025-12-13 15:00:23,450 [ERROR] LogOutputStream:75 - [STDERR_REDIRECT] 
2025-12-13 15:00:24,432 [ERROR] LogOutputStream:75 - [STDERR_REDIRECT] [Fatal Error] :1:1: Premature end of file.
2025-12-13 15:00:24,432 [ERROR] LogOutputStream:75 - [STDERR_REDIRECT] 
2025-12-13 15:00:25,441 [ERROR] LogOutputStream:75 - [STDERR_REDIRECT] [Fatal Error] :1:1: Premature end of file.
2025-12-13 15:00:25,443 [ERROR] LogOutputStream:75 - [STDERR_REDIRECT] 
2025-12-13 15:00:26,445 [ERROR] LogOutputStream:75 - [STDERR_REDIRECT] [Fatal Error] :1:1: Premature end of file.
2025-12-13 15:00:26,445 [ERROR] LogOutputStream:75 - [STDERR_REDIRECT] 
2025-12-13 15:00:27,446 [ERROR] LogOutputStream:75 - [STDERR_REDIRECT] [Fatal Error] :1:1: Premature end of file.
2025-12-13 15:00:27,447 [ERROR] LogOutputStream:75 - [STDERR_REDIRECT] 
2025-12-13 15:00:28,449 [ERROR] LogOutputStream:75 - [STDERR_REDIRECT] [Fatal Error] :1:1: Premature end of file.
2025-12-13 15:00:28,449 [ERROR] LogOutputStream:75 - [STDERR_REDIRECT] 
2025-12-13 15:00:29,442 [ERROR] LogOutputStream:75 - [STDERR_REDIRECT] [Fatal Error] :1:1: Premature end of file.
2025-12-13 15:00:29,443 [ERROR] LogOutputStream:75 - [STDERR_REDIRECT] 
2025-12-13 15:00:30,445 [ERROR] LogOutputStream:75 - [STDERR_REDIRECT] [Fatal Error] :1:1: Premature end of file.
2025-12-13 15:00:30,445 [ERROR] LogOutputStream:75 - [STDERR_REDIRECT] 
2025-12-13 15:00:31,431 [ERROR] LogOutputStream:75 - [STDERR_REDIRECT] [Fatal Error] :1:1: Premature end of file.
2025-12-13 15:00:31,431 [ERROR] LogOutputStream:75 - [STDERR_REDIRECT] 
2025-12-13 15:00:32,449 [ERROR] LogOutputStream:75 - [STDERR_REDIRECT] [Fatal Error] :1:1: Premature end of file.
2025-12-13 15:00:32,449 [ERROR] LogOutputStream:75 - [STDERR_REDIRECT] 
2025-12-13 15:00:33,443 [ERROR] LogOutputStream:75 - [STDERR_REDIRECT] [Fatal Error] :1:1: Premature end of file.
2025-12-13 15:00:33,443 [ERROR] LogOutputStream:75 - [STDERR_REDIRECT] 
2025-12-13 15:00:34,441 [ERROR] LogOutputStream:75 - [STDERR_REDIRECT] [Fatal Error] :1:1: Premature end of file.
2025-12-13 15:00:34,441 [ERROR] LogOutputStream:75 - [STDERR_REDIRECT] 
2025-12-13 15:00:35,442 [ERROR] LogOutputStream:75 - [STDERR_REDIRECT] [Fatal Error] :1:1: Premature end of file.
2025-12-13 15:00:35,442 [ERROR] LogOutputStream:75 - [STDERR_REDIRECT] 
2025-12-13 15:00:36,457 [ERROR] LogOutputStream:75 - [STDERR_REDIRECT] [Fatal Error] :1:1: Premature end of file.
2025-12-13 15:00:36,458 [ERROR] LogOutputStream:75 - [STDERR_REDIRECT] 
2025-12-13 15:00:37,442 [ERROR] LogOutputStream:75 - [STDERR_REDIRECT] [Fatal Error] :1:1: Premature end of file.
2025-12-13 15:00:37,443 [ERROR] LogOutputStream:75 - [STDERR_REDIRECT] 
2025-12-13 15:00:38,435 [ERROR] LogOutputStream:75 - [STDERR_REDIRECT] [Fatal Error] :1:1: Premature end of file.
2025-12-13 15:00:38,436 [ERROR] LogOutputStream:75 - [STDERR_REDIRECT] 
2025-12-13 15:00:39,478 [ERROR] LogOutputStream:75 - [STDERR_REDIRECT] [Fatal Error] :1:1: Premature end of file.
2025-12-13 15:00:39,479 [ERROR] LogOutputStream:75 - [STDERR_REDIRECT] 
2025-12-13 15:00:40,443 [ERROR] LogOutputStream:75 - [STDERR_REDIRECT] [Fatal Error] :1:1: Premature end of file.
2025-12-13 15:00:40,444 [ERROR] LogOutputStream:75 - [STDERR_REDIRECT] 
2025-12-13 15:00:41,436 [ERROR] LogOutputStream:75 - [STDERR_REDIRECT] [Fatal Error] :1:1: Premature end of file.
2025-12-13 15:00:41,437 [ERROR] LogOutputStream:75 - [STDERR_REDIRECT] 
2025-12-13 15:00:42,444 [ERROR] LogOutputStream:75 - [STDERR_REDIRECT] [Fatal Error] :1:1: Premature end of file.
2025-12-13 15:00:42,444 [ERROR] LogOutputStream:75 - [STDERR_REDIRECT] 
2025-12-13 15:00:43,452 [ERROR] LogOutputStream:75 - [STDERR_REDIRECT] [Fatal Error] :1:1: Premature end of file.
2025-12-13 15:00:43,454 [ERROR] LogOutputStream:75 - [STDERR_REDIRECT] 
2025-12-13 15:00:44,441 [ERROR] LogOutputStream:75 - [STDERR_REDIRECT] [Fatal Error] :1:1: Premature end of file.
2025-12-13 15:00:44,442 [ERROR] LogOutputStream:75 - [STDERR_REDIRECT] 
2025-12-13 15:00:45,447 [ERROR] LogOutputStream:75 - [STDERR_REDIRECT] [Fatal Error] :1:1: Premature end of file.
2025-12-13 15:00:45,447 [ERROR] LogOutputStream:75 - [STDERR_REDIRECT] 
2025-12-13 15:00:46,453 [ERROR] LogOutputStream:75 - [STDERR_REDIRECT] [Fatal Error] :1:1: Premature end of file.
2025-12-13 15:00:46,453 [ERROR] LogOutputStream:75 - [STDERR_REDIRECT] 
2025-12-13 15:00:47,432 [ERROR] LogOutputStream:75 - [STDERR_REDIRECT] [Fatal Error] :1:1: Premature end of file.
2025-12-13 15:00:47,433 [ERROR] LogOutputStream:75 - [STDERR_REDIRECT] 
2025-12-13 15:00:48,434 [ERROR] LogOutputStream:75 - [STDERR_REDIRECT] [Fatal Error] :1:1: Premature end of file.
2025-12-13 15:00:48,440 [ERROR] LogOutputStream:75 - [STDERR_REDIRECT] 
2025-12-13 15:00:49,439 [ERROR] LogOutputStream:75 - [STDERR_REDIRECT] [Fatal Error] :1:1: Premature end of file.
2025-12-13 15:00:49,440 [ERROR] LogOutputStream:75 - [STDERR_REDIRECT] 
2025-12-13 15:00:50,444 [ERROR] LogOutputStream:75 - [STDERR_REDIRECT] [Fatal Error] :1:1: Premature end of file.
2025-12-13 15:00:50,445 [ERROR] LogOutputStream:75 - [STDERR_REDIRECT] 
2025-12-13 15:00:51,438 [ERROR] LogOutputStream:75 - [STDERR_REDIRECT] [Fatal Error] :1:1: Premature end of file.
2025-12-13 15:00:51,439 [ERROR] LogOutputStream:75 - [STDERR_REDIRECT] 
2025-12-13 15:00:52,447 [ERROR] LogOutputStream:75 - [STDERR_REDIRECT] [Fatal Error] :1:1: Premature end of file.
2025-12-13 15:00:52,447 [ERROR] LogOutputStream:75 - [STDERR_REDIRECT] 
2025-12-13 15:00:53,513 [ERROR] LogOutputStream:75 - [STDERR_REDIRECT] [Fatal Error] :1:1: Premature end of file.
2025-12-13 15:00:53,515 [ERROR] LogOutputStream:75 - [STDERR_REDIRECT] 
2025-12-13 15:00:54,502 [ERROR] LogOutputStream:75 - [STDERR_REDIRECT] [Fatal Error] :1:1: Premature end of file.
2025-12-13 15:00:54,503 [ERROR] LogOutputStream:75 - [STDERR_REDIRECT] 
2025-12-13 15:00:55,441 [ERROR] LogOutputStream:75 - [STDERR_REDIRECT] [Fatal Error] :1:1: Premature end of file.
2025-12-13 15:00:55,441 [ERROR] LogOutputStream:75 - [STDERR_REDIRECT] 
2025-12-13 15:00:56,485 [ERROR] LogOutputStream:75 - [STDERR_REDIRECT] [Fatal Error] :1:1: Premature end of file.
2025-12-13 15:00:56,485 [ERROR] LogOutputStream:75 - [STDERR_REDIRECT] 
2025-12-13 15:00:57,501 [ERROR] LogOutputStream:75 - [STDERR_REDIRECT] [Fatal Error] :1:1: Premature end of file.
2025-12-13 15:00:57,501 [ERROR] LogOutputStream:75 - [STDERR_REDIRECT] 
2025-12-13 15:00:58,448 [ERROR] LogOutputStream:75 - [STDERR_REDIRECT] [Fatal Error] :1:1: Premature end of file.
2025-12-13 15:00:58,448 [ERROR] LogOutputStream:75 - [STDERR_REDIRECT] 
2025-12-13 15:00:59,450 [ERROR] LogOutputStream:75 - [STDERR_REDIRECT] [Fatal Error] :1:1: Premature end of file.
2025-12-13 15:00:59,451 [ERROR] LogOutputStream:75 - [STDERR_REDIRECT] 
2025-12-13 15:01:00,446 [ERROR] LogOutputStream:75 - [STDERR_REDIRECT] [Fatal Error] :1:1: Premature end of file.
2025-12-13 15:01:00,447 [ERROR] LogOutputStream:75 - [STDERR_REDIRECT] 
2025-12-13 15:01:01,451 [ERROR] LogOutputStream:75 - [STDERR_REDIRECT] [Fatal Error] :1:1: Premature end of file.
2025-12-13 15:01:01,451 [ERROR] LogOutputStream:75 - [STDERR_REDIRECT] 
2025-12-13 15:01:02,445 [ERROR] LogOutputStream:75 - [STDERR_REDIRECT] [Fatal Error] :1:1: Premature end of file.
2025-12-13 15:01:02,445 [ERROR] LogOutputStream:75 - [STDERR_REDIRECT] 
2025-12-13 15:01:03,441 [ERROR] LogOutputStream:75 - [STDERR_REDIRECT] [Fatal Error] :1:1: Premature end of file.
2025-12-13 15:01:03,442 [ERROR] LogOutputStream:75 - [STDERR_REDIRECT] 
2025-12-13 15:01:04,460 [ERROR] LogOutputStream:75 - [STDERR_REDIRECT] [Fatal Error] :1:1: Premature end of file.
2025-12-13 15:01:04,460 [ERROR] LogOutputStream:75 - [STDERR_REDIRECT] 
2025-12-13 15:01:05,446 [ERROR] LogOutputStream:75 - [STDERR_REDIRECT] [Fatal Error] :1:1: Premature end of file.
2025-12-13 15:01:05,446 [ERROR] LogOutputStream:75 - [STDERR_REDIRECT] 
2025-12-13 15:01:06,532 [ERROR] LogOutputStream:75 - [STDERR_REDIRECT] [Fatal Error] :1:1: Premature end of file.
2025-12-13 15:01:06,534 [ERROR] LogOutputStream:75 - [STDERR_REDIRECT] 
2025-12-13 15:01:07,456 [ERROR] LogOutputStream:75 - [STDERR_REDIRECT] [Fatal Error] :1:1: Premature end of file.
2025-12-13 15:01:07,456 [ERROR] LogOutputStream:75 - [STDERR_REDIRECT] 
2025-12-13 15:01:08,453 [ERROR] LogOutputStream:75 - [STDERR_REDIRECT] [Fatal Error] :1:1: Premature end of file.
2025-12-13 15:01:08,453 [ERROR] LogOutputStream:75 - [STDERR_REDIRECT] 
2025-12-13 15:01:09,483 [ERROR] LogOutputStream:75 - [STDERR_REDIRECT] [Fatal Error] :1:1: Premature end of file.
2025-12-13 15:01:09,484 [ERROR] LogOutputStream:75 - [STDERR_REDIRECT] 
2025-12-13 15:01:10,498 [ERROR] LogOutputStream:75 - [STDERR_REDIRECT] [Fatal Error] :1:1: Premature end of file.
2025-12-13 15:01:10,498 [ERROR] LogOutputStream:75 - [STDERR_REDIRECT] 
2025-12-13 15:01:11,488 [ERROR] LogOutputStream:75 - [STDERR_REDIRECT] [Fatal Error] :1:1: Premature end of file.
2025-12-13 15:01:11,489 [ERROR] LogOutputStream:75 - [STDERR_REDIRECT] 
2025-12-13 15:01:12,462 [ERROR] LogOutputStream:75 - [STDERR_REDIRECT] [Fatal Error] :1:1: Premature end of file.
2025-12-13 15:01:12,462 [ERROR] LogOutputStream:75 - [STDERR_REDIRECT] 
2025-12-13 15:01:13,486 [ERROR] LogOutputStream:75 - [STDERR_REDIRECT] [Fatal Error] :1:1: Premature end of file.
2025-12-13 15:01:13,486 [ERROR] LogOutputStream:75 - [STDERR_REDIRECT] 
2025-12-13 15:01:14,468 [ERROR] LogOutputStream:75 - [STDERR_REDIRECT] [Fatal Error] :1:1: Premature end of file.
2025-12-13 15:01:14,468 [ERROR] LogOutputStream:75 - [STDERR_REDIRECT] 
2025-12-13 15:01:15,445 [ERROR] LogOutputStream:75 - [STDERR_REDIRECT] [Fatal Error] :1:1: Premature end of file.
2025-12-13 15:01:15,445 [ERROR] LogOutputStream:75 - [STDERR_REDIRECT] 
2025-12-13 15:01:16,447 [ERROR] LogOutputStream:75 - [STDERR_REDIRECT] [Fatal Error] :1:1: Premature end of file.
2025-12-13 15:01:16,447 [ERROR] LogOutputStream:75 - [STDERR_REDIRECT] 
2025-12-13 15:01:17,447 [ERROR] LogOutputStream:75 - [STDERR_REDIRECT] [Fatal Error] :1:1: Premature end of file.
2025-12-13 15:01:17,447 [ERROR] LogOutputStream:75 - [STDERR_REDIRECT] 
2025-12-13 15:01:18,473 [ERROR] LogOutputStream:75 - [STDERR_REDIRECT] [Fatal Error] :1:1: Premature end of file.
2025-12-13 15:01:18,474 [ERROR] LogOutputStream:75 - [STDERR_REDIRECT] 
2025-12-13 15:01:19,455 [ERROR] LogOutputStream:75 - [STDERR_REDIRECT] [Fatal Error] :1:1: Premature end of file.
2025-12-13 15:01:19,455 [ERROR] LogOutputStream:75 - [STDERR_REDIRECT] 
2025-12-13 15:01:20,461 [ERROR] LogOutputStream:75 - [STDERR_REDIRECT] [Fatal Error] :1:1: Premature end of file.
2025-12-13 15:01:20,463 [ERROR] LogOutputStream:75 - [STDERR_REDIRECT] 
2025-12-13 15:01:21,447 [ERROR] LogOutputStream:75 - [STDERR_REDIRECT] [Fatal Error] :1:1: Premature end of file.
2025-12-13 15:01:21,447 [ERROR] LogOutputStream:75 - [STDERR_REDIRECT] 
2025-12-13 15:01:22,459 [ERROR] LogOutputStream:75 - [STDERR_REDIRECT] [Fatal Error] :1:1: Premature end of file.
2025-12-13 15:01:22,459 [ERROR] LogOutputStream:75 - [STDERR_REDIRECT] 
2025-12-13 15:01:23,493 [ERROR] LogOutputStream:75 - [STDERR_REDIRECT] [Fatal Error] :1:1: Premature end of file.
2025-12-13 15:01:23,506 [ERROR] LogOutputStream:75 - [STDERR_REDIRECT] 
2025-12-13 15:01:24,443 [ERROR] LogOutputStream:75 - [STDERR_REDIRECT] [Fatal Error] :1:1: Premature end of file.
2025-12-13 15:01:24,443 [ERROR] LogOutputStream:75 - [STDERR_REDIRECT] 
2025-12-13 15:01:25,439 [ERROR] LogOutputStream:75 - [STDERR_REDIRECT] [Fatal Error] :1:1: Premature end of file.
2025-12-13 15:01:25,439 [ERROR] LogOutputStream:75 - [STDERR_REDIRECT] 
2025-12-13 15:01:26,439 [ERROR] LogOutputStream:75 - [STDERR_REDIRECT] [Fatal Error] :1:1: Premature end of file.
2025-12-13 15:01:26,439 [ERROR] LogOutputStream:75 - [STDERR_REDIRECT] 
2025-12-13 15:01:27,442 [ERROR] LogOutputStream:75 - [STDERR_REDIRECT] [Fatal Error] :1:1: Premature end of file.
2025-12-13 15:01:27,443 [ERROR] LogOutputStream:75 - [STDERR_REDIRECT] 
2025-12-13 15:01:28,451 [ERROR] LogOutputStream:75 - [STDERR_REDIRECT] [Fatal Error] :1:1: Premature end of file.
2025-12-13 15:01:28,451 [ERROR] LogOutputStream:75 - [STDERR_REDIRECT] 
2025-12-13 15:01:29,445 [ERROR] LogOutputStream:75 - [STDERR_REDIRECT] [Fatal Error] :1:1: Premature end of file.
2025-12-13 15:01:29,446 [ERROR] LogOutputStream:75 - [STDERR_REDIRECT] 
2025-12-13 15:01:30,441 [ERROR] LogOutputStream:75 - [STDERR_REDIRECT] [Fatal Error] :1:1: Premature end of file.
2025-12-13 15:01:30,441 [ERROR] LogOutputStream:75 - [STDERR_REDIRECT] 
2025-12-13 15:01:31,433 [ERROR] LogOutputStream:75 - [STDERR_REDIRECT] [Fatal Error] :1:1: Premature end of file.
2025-12-13 15:01:31,433 [ERROR] LogOutputStream:75 - [STDERR_REDIRECT] 
2025-12-13 15:01:32,497 [ERROR] LogOutputStream:75 - [STDERR_REDIRECT] [Fatal Error] :1:1: Premature end of file.
2025-12-13 15:01:32,497 [ERROR] LogOutputStream:75 - [STDERR_REDIRECT] 
2025-12-13 15:01:33,490 [ERROR] LogOutputStream:75 - [STDERR_REDIRECT] [Fatal Error] :1:1: Premature end of file.
2025-12-13 15:01:33,490 [ERROR] LogOutputStream:75 - [STDERR_REDIRECT] 
2025-12-13 15:01:34,462 [ERROR] LogOutputStream:75 - [STDERR_REDIRECT] [Fatal Error] :1:1: Premature end of file.
2025-12-13 15:01:34,462 [ERROR] LogOutputStream:75 - [STDERR_REDIRECT] 
2025-12-13 15:01:35,496 [ERROR] LogOutputStream:75 - [STDERR_REDIRECT] [Fatal Error] :1:1: Premature end of file.
2025-12-13 15:01:35,496 [ERROR] LogOutputStream:75 - [STDERR_REDIRECT] 
2025-12-13 15:01:36,495 [ERROR] LogOutputStream:75 - [STDERR_REDIRECT] [Fatal Error] :1:1: Premature end of file.
2025-12-13 15:01:36,495 [ERROR] LogOutputStream:75 - [STDERR_REDIRECT] 
2025-12-13 15:01:37,511 [ERROR] LogOutputStream:75 - [STDERR_REDIRECT] [Fatal Error] :1:1: Premature end of file.
2025-12-13 15:01:37,511 [ERROR] LogOutputStream:75 - [STDERR_REDIRECT] 
2025-12-13 15:01:38,497 [ERROR] LogOutputStream:75 - [STDERR_REDIRECT] [Fatal Error] :1:1: Premature end of file.
2025-12-13 15:01:38,497 [ERROR] LogOutputStream:75 - [STDERR_REDIRECT] 
2025-12-13 15:01:39,495 [ERROR] LogOutputStream:75 - [STDERR_REDIRECT] [Fatal Error] :1:1: Premature end of file.
2025-12-13 15:01:39,495 [ERROR] LogOutputStream:75 - [STDERR_REDIRECT] 
2025-12-13 15:01:40,493 [ERROR] LogOutputStream:75 - [STDERR_REDIRECT] [Fatal Error] :1:1: Premature end of file.
2025-12-13 15:01:40,493 [ERROR] LogOutputStream:75 - [STDERR_REDIRECT] 
2025-12-13 15:01:41,480 [ERROR] LogOutputStream:75 - [STDERR_REDIRECT] [Fatal Error] :1:1: Premature end of file.
2025-12-13 15:01:41,480 [ERROR] LogOutputStream:75 - [STDERR_REDIRECT] 
2025-12-13 15:01:42,491 [ERROR] LogOutputStream:75 - [STDERR_REDIRECT] [Fatal Error] :1:1: Premature end of file.
2025-12-13 15:01:42,491 [ERROR] LogOutputStream:75 - [STDERR_REDIRECT] 
2025-12-13 15:01:43,496 [ERROR] LogOutputStream:75 - [STDERR_REDIRECT] [Fatal Error] :1:1: Premature end of file.
2025-12-13 15:01:43,496 [ERROR] LogOutputStream:75 - [STDERR_REDIRECT] 
2025-12-13 15:01:44,467 [ERROR] LogOutputStream:75 - [STDERR_REDIRECT] [Fatal Error] :1:1: Premature end of file.
2025-12-13 15:01:44,467 [ERROR] LogOutputStream:75 - [STDERR_REDIRECT] 
2025-12-13 15:01:45,479 [ERROR] LogOutputStream:75 - [STDERR_REDIRECT] [Fatal Error] :1:1: Premature end of file.
2025-12-13 15:01:45,479 [ERROR] LogOutputStream:75 - [STDERR_REDIRECT] 
2025-12-13 15:01:46,501 [ERROR] LogOutputStream:75 - [STDERR_REDIRECT] [Fatal Error] :1:1: Premature end of file.
2025-12-13 15:01:46,501 [ERROR] LogOutputStream:75 - [STDERR_REDIRECT] 
2025-12-13 15:01:47,488 [ERROR] LogOutputStream:75 - [STDERR_REDIRECT] [Fatal Error] :1:1: Premature end of file.
2025-12-13 15:01:47,502 [ERROR] LogOutputStream:75 - [STDERR_REDIRECT] 
2025-12-13 15:01:48,488 [ERROR] LogOutputStream:75 - [STDERR_REDIRECT] [Fatal Error] :1:1: Premature end of file.
2025-12-13 15:01:48,488 [ERROR] LogOutputStream:75 - [STDERR_REDIRECT] 
2025-12-13 15:01:49,490 [ERROR] LogOutputStream:75 - [STDERR_REDIRECT] [Fatal Error] :1:1: Premature end of file.
2025-12-13 15:01:49,490 [ERROR] LogOutputStream:75 - [STDERR_REDIRECT] 
2025-12-13 15:01:50,495 [ERROR] LogOutputStream:75 - [STDERR_REDIRECT] [Fatal Error] :1:1: Premature end of file.
2025-12-13 15:01:50,495 [ERROR] LogOutputStream:75 - [STDERR_REDIRECT] 
2025-12-13 15:01:51,495 [ERROR] LogOutputStream:75 - [STDERR_REDIRECT] [Fatal Error] :1:1: Premature end of file.
2025-12-13 15:01:51,495 [ERROR] LogOutputStream:75 - [STDERR_REDIRECT] 
2025-12-13 15:01:52,480 [ERROR] LogOutputStream:75 - [STDERR_REDIRECT] [Fatal Error] :1:1: Premature end of file.
2025-12-13 15:01:52,480 [ERROR] LogOutputStream:75 - [STDERR_REDIRECT] 
2025-12-13 15:01:53,488 [ERROR] LogOutputStream:75 - [STDERR_REDIRECT] [Fatal Error] :1:1: Premature end of file.
2025-12-13 15:01:53,488 [ERROR] LogOutputStream:75 - [STDERR_REDIRECT] 
2025-12-13 15:01:54,498 [ERROR] LogOutputStream:75 - [STDERR_REDIRECT] [Fatal Error] :1:1: Premature end of file.
2025-12-13 15:01:54,498 [ERROR] LogOutputStream:75 - [STDERR_REDIRECT] 
2025-12-13 15:01:55,493 [ERROR] LogOutputStream:75 - [STDERR_REDIRECT] [Fatal Error] :1:1: Premature end of file.
2025-12-13 15:01:55,493 [ERROR] LogOutputStream:75 - [STDERR_REDIRECT] 
2025-12-13 15:01:56,494 [ERROR] LogOutputStream:75 - [STDERR_REDIRECT] [Fatal Error] :1:1: Premature end of file.
2025-12-13 15:01:56,494 [ERROR] LogOutputStream:75 - [STDERR_REDIRECT] 
2025-12-13 15:01:57,473 [ERROR] LogOutputStream:75 - [STDERR_REDIRECT] [Fatal Error] :1:1: Premature end of file.
2025-12-13 15:01:57,473 [ERROR] LogOutputStream:75 - [STDERR_REDIRECT] 
2025-12-13 15:01:58,488 [ERROR] LogOutputStream:75 - [STDERR_REDIRECT] [Fatal Error] :1:1: Premature end of file.
2025-12-13 15:01:58,488 [ERROR] LogOutputStream:75 - [STDERR_REDIRECT] 
2025-12-13 15:01:59,493 [ERROR] LogOutputStream:75 - [STDERR_REDIRECT] [Fatal Error] :1:1: Premature end of file.
2025-12-13 15:01:59,493 [ERROR] LogOutputStream:75 - [STDERR_REDIRECT] 
2025-12-13 15:02:00,465 [ERROR] LogOutputStream:75 - [STDERR_REDIRECT] [Fatal Error] :1:1: Premature end of file.
2025-12-13 15:02:00,465 [ERROR] LogOutputStream:75 - [STDERR_REDIRECT] 
2025-12-13 15:02:01,492 [ERROR] LogOutputStream:75 - [STDERR_REDIRECT] [Fatal Error] :1:1: Premature end of file.
2025-12-13 15:02:01,492 [ERROR] LogOutputStream:75 - [STDERR_REDIRECT] 
2025-12-13 15:02:02,482 [ERROR] LogOutputStream:75 - [STDERR_REDIRECT] [Fatal Error] :1:1: Premature end of file.
2025-12-13 15:02:02,482 [ERROR] LogOutputStream:75 - [STDERR_REDIRECT] 
2025-12-13 15:02:03,476 [ERROR] LogOutputStream:75 - [STDERR_REDIRECT] [Fatal Error] :1:1: Premature end of file.
2025-12-13 15:02:03,476 [ERROR] LogOutputStream:75 - [STDERR_REDIRECT] 
2025-12-13 15:02:04,495 [ERROR] LogOutputStream:75 - [STDERR_REDIRECT] [Fatal Error] :1:1: Premature end of file.
2025-12-13 15:02:04,495 [ERROR] LogOutputStream:75 - [STDERR_REDIRECT] 
2025-12-13 15:02:05,486 [ERROR] LogOutputStream:75 - [STDERR_REDIRECT] [Fatal Error] :1:1: Premature end of file.
2025-12-13 15:02:05,486 [ERROR] LogOutputStream:75 - [STDERR_REDIRECT] 
2025-12-13 15:02:06,481 [ERROR] LogOutputStream:75 - [STDERR_REDIRECT] [Fatal Error] :1:1: Premature end of file.
2025-12-13 15:02:06,481 [ERROR] LogOutputStream:75 - [STDERR_REDIRECT] 
2025-12-13 15:02:07,495 [ERROR] LogOutputStream:75 - [STDERR_REDIRECT] [Fatal Error] :1:1: Premature end of file.
2025-12-13 15:02:07,516 [ERROR] LogOutputStream:75 - [STDERR_REDIRECT] 
2025-12-13 15:02:08,492 [ERROR] LogOutputStream:75 - [STDERR_REDIRECT] [Fatal Error] :1:1: Premature end of file.
2025-12-13 15:02:08,492 [ERROR] LogOutputStream:75 - [STDERR_REDIRECT] 
2025-12-13 15:02:09,489 [ERROR] LogOutputStream:75 - [STDERR_REDIRECT] [Fatal Error] :1:1: Premature end of file.
2025-12-13 15:02:09,489 [ERROR] LogOutputStream:75 - [STDERR_REDIRECT] 
2025-12-13 15:02:10,469 [ERROR] LogOutputStream:75 - [STDERR_REDIRECT] [Fatal Error] :1:1: Premature end of file.
2025-12-13 15:02:10,469 [ERROR] LogOutputStream:75 - [STDERR_REDIRECT] 
2025-12-13 15:02:11,489 [ERROR] LogOutputStream:75 - [STDERR_REDIRECT] [Fatal Error] :1:1: Premature end of file.
2025-12-13 15:02:11,489 [ERROR] LogOutputStream:75 - [STDERR_REDIRECT] 
2025-12-13 15:02:12,502 [ERROR] LogOutputStream:75 - [STDERR_REDIRECT] [Fatal Error] :1:1: Premature end of file.
2025-12-13 15:02:12,502 [ERROR] LogOutputStream:75 - [STDERR_REDIRECT] 
2025-12-13 15:02:13,501 [ERROR] LogOutputStream:75 - [STDERR_REDIRECT] [Fatal Error] :1:1: Premature end of file.
2025-12-13 15:02:13,501 [ERROR] LogOutputStream:75 - [STDERR_REDIRECT] 
2025-12-13 15:02:14,503 [ERROR] LogOutputStream:75 - [STDERR_REDIRECT] [Fatal Error] :1:1: Premature end of file.
2025-12-13 15:02:14,503 [ERROR] LogOutputStream:75 - [STDERR_REDIRECT] 
2025-12-13 15:02:15,493 [ERROR] LogOutputStream:75 - [STDERR_REDIRECT] [Fatal Error] :1:1: Premature end of file.
2025-12-13 15:02:15,493 [ERROR] LogOutputStream:75 - [STDERR_REDIRECT] 
2025-12-13 15:02:16,476 [ERROR] LogOutputStream:75 - [STDERR_REDIRECT] [Fatal Error] :1:1: Premature end of file.
2025-12-13 15:02:16,476 [ERROR] LogOutputStream:75 - [STDERR_REDIRECT] 
2025-12-13 15:02:17,504 [ERROR] LogOutputStream:75 - [STDERR_REDIRECT] [Fatal Error] :1:1: Premature end of file.
2025-12-13 15:02:17,504 [ERROR] LogOutputStream:75 - [STDERR_REDIRECT] 
2025-12-13 15:02:18,493 [ERROR] LogOutputStream:75 - [STDERR_REDIRECT] [Fatal Error] :1:1: Premature end of file.
2025-12-13 15:02:18,493 [ERROR] LogOutputStream:75 - [STDERR_REDIRECT] 
2025-12-13 15:02:19,494 [ERROR] LogOutputStream:75 - [STDERR_REDIRECT] [Fatal Error] :1:1: Premature end of file.
2025-12-13 15:02:19,494 [ERROR] LogOutputStream:75 - [STDERR_REDIRECT] 
2025-12-13 15:02:20,445 [ERROR] LogOutputStream:75 - [STDERR_REDIRECT] [Fatal Error] :1:1: Premature end of file.
2025-12-13 15:02:20,445 [ERROR] LogOutputStream:75 - [STDERR_REDIRECT] 
2025-12-13 15:02:21,440 [ERROR] LogOutputStream:75 - [STDERR_REDIRECT] [Fatal Error] :1:1: Premature end of file.
2025-12-13 15:02:21,440 [ERROR] LogOutputStream:75 - [STDERR_REDIRECT] 
2025-12-13 15:02:22,442 [ERROR] LogOutputStream:75 - [STDERR_REDIRECT] [Fatal Error] :1:1: Premature end of file.
2025-12-13 15:02:22,442 [ERROR] LogOutputStream:75 - [STDERR_REDIRECT] 
2025-12-13 15:02:23,463 [ERROR] LogOutputStream:75 - [STDERR_REDIRECT] [Fatal Error] :1:1: Premature end of file.
2025-12-13 15:02:23,463 [ERROR] LogOutputStream:75 - [STDERR_REDIRECT] 
2025-12-13 15:02:24,440 [ERROR] LogOutputStream:75 - [STDERR_REDIRECT] [Fatal Error] :1:1: Premature end of file.
2025-12-13 15:02:24,441 [ERROR] LogOutputStream:75 - [STDERR_REDIRECT] 
2025-12-13 15:02:25,439 [ERROR] LogOutputStream:75 - [STDERR_REDIRECT] [Fatal Error] :1:1: Premature end of file.
2025-12-13 15:02:25,439 [ERROR] LogOutputStream:75 - [STDERR_REDIRECT] 
2025-12-13 15:02:26,435 [ERROR] LogOutputStream:75 - [STDERR_REDIRECT] [Fatal Error] :1:1: Premature end of file.
2025-12-13 15:02:26,435 [ERROR] LogOutputStream:75 - [STDERR_REDIRECT] 
2025-12-13 15:02:27,450 [ERROR] LogOutputStream:75 - [STDERR_REDIRECT] [Fatal Error] :1:1: Premature end of file.
2025-12-13 15:02:27,450 [ERROR] LogOutputStream:75 - [STDERR_REDIRECT] 
2025-12-13 15:02:28,444 [ERROR] LogOutputStream:75 - [STDERR_REDIRECT] [Fatal Error] :1:1: Premature end of file.
2025-12-13 15:02:28,444 [ERROR] LogOutputStream:75 - [STDERR_REDIRECT] 
2025-12-13 15:02:29,449 [ERROR] LogOutputStream:75 - [STDERR_REDIRECT] [Fatal Error] :1:1: Premature end of file.
2025-12-13 15:02:29,452 [ERROR] LogOutputStream:75 - [STDERR_REDIRECT] 
2025-12-13 15:02:30,444 [ERROR] LogOutputStream:75 - [STDERR_REDIRECT] [Fatal Error] :1:1: Premature end of file.
2025-12-13 15:02:30,445 [ERROR] LogOutputStream:75 - [STDERR_REDIRECT] 
2025-12-13 15:02:31,441 [ERROR] LogOutputStream:75 - [STDERR_REDIRECT] [Fatal Error] :1:1: Premature end of file.
2025-12-13 15:02:31,441 [ERROR] LogOutputStream:75 - [STDERR_REDIRECT] 
2025-12-13 15:02:32,440 [ERROR] LogOutputStream:75 - [STDERR_REDIRECT] [Fatal Error] :1:1: Premature end of file.
2025-12-13 15:02:32,440 [ERROR] LogOutputStream:75 - [STDERR_REDIRECT] 
2025-12-13 15:02:33,427 [ERROR] LogOutputStream:75 - [STDERR_REDIRECT] [Fatal Error] :1:1: Premature end of file.
2025-12-13 15:02:33,427 [ERROR] LogOutputStream:75 - [STDERR_REDIRECT] 
2025-12-13 15:02:34,446 [ERROR] LogOutputStream:75 - [STDERR_REDIRECT] [Fatal Error] :1:1: Premature end of file.
2025-12-13 15:02:34,447 [ERROR] LogOutputStream:75 - [STDERR_REDIRECT] 
2025-12-13 15:02:35,448 [ERROR] LogOutputStream:75 - [STDERR_REDIRECT] [Fatal Error] :1:1: Premature end of file.
2025-12-13 15:02:35,449 [ERROR] LogOutputStream:75 - [STDERR_REDIRECT] 
2025-12-13 15:02:36,445 [ERROR] LogOutputStream:75 - [STDERR_REDIRECT] [Fatal Error] :1:1: Premature end of file.
2025-12-13 15:02:36,445 [ERROR] LogOutputStream:75 - [STDERR_REDIRECT] 
2025-12-13 15:02:37,442 [ERROR] LogOutputStream:75 - [STDERR_REDIRECT] [Fatal Error] :1:1: Premature end of file.
2025-12-13 15:02:37,442 [ERROR] LogOutputStream:75 - [STDERR_REDIRECT] 
2025-12-13 15:02:38,443 [ERROR] LogOutputStream:75 - [STDERR_REDIRECT] [Fatal Error] :1:1: Premature end of file.
2025-12-13 15:02:38,443 [ERROR] LogOutputStream:75 - [STDERR_REDIRECT] 
2025-12-13 15:02:39,431 [ERROR] LogOutputStream:75 - [STDERR_REDIRECT] [Fatal Error] :1:1: Premature end of file.
2025-12-13 15:02:39,431 [ERROR] LogOutputStream:75 - [STDERR_REDIRECT] 
2025-12-13 15:02:40,431 [ERROR] LogOutputStream:75 - [STDERR_REDIRECT] [Fatal Error] :1:1: Premature end of file.
2025-12-13 15:02:40,431 [ERROR] LogOutputStream:75 - [STDERR_REDIRECT] 
2025-12-13 15:02:41,434 [ERROR] LogOutputStream:75 - [STDERR_REDIRECT] [Fatal Error] :1:1: Premature end of file.
2025-12-13 15:02:41,435 [ERROR] LogOutputStream:75 - [STDERR_REDIRECT] 
2025-12-13 15:02:42,439 [ERROR] LogOutputStream:75 - [STDERR_REDIRECT] [Fatal Error] :1:1: Premature end of file.
2025-12-13 15:02:42,440 [ERROR] LogOutputStream:75 - [STDERR_REDIRECT] 
2025-12-13 15:02:43,434 [ERROR] LogOutputStream:75 - [STDERR_REDIRECT] [Fatal Error] :1:1: Premature end of file.
2025-12-13 15:02:43,435 [ERROR] LogOutputStream:75 - [STDERR_REDIRECT] 
2025-12-13 15:02:44,428 [ERROR] LogOutputStream:75 - [STDERR_REDIRECT] [Fatal Error] :1:1: Premature end of file.
2025-12-13 15:02:44,429 [ERROR] LogOutputStream:75 - [STDERR_REDIRECT] 
2025-12-13 15:02:45,439 [ERROR] LogOutputStream:75 - [STDERR_REDIRECT] [Fatal Error] :1:1: Premature end of file.
2025-12-13 15:02:45,439 [ERROR] LogOutputStream:75 - [STDERR_REDIRECT] 
2025-12-13 15:02:46,438 [ERROR] LogOutputStream:75 - [STDERR_REDIRECT] [Fatal Error] :1:1: Premature end of file.
2025-12-13 15:02:46,438 [ERROR] LogOutputStream:75 - [STDERR_REDIRECT] 
2025-12-13 15:02:47,463 [ERROR] LogOutputStream:75 - [STDERR_REDIRECT] [Fatal Error] :1:1: Premature end of file.
2025-12-13 15:02:47,465 [ERROR] LogOutputStream:75 - [STDERR_REDIRECT] 
2025-12-13 15:02:48,440 [ERROR] LogOutputStream:75 - [STDERR_REDIRECT] [Fatal Error] :1:1: Premature end of file.
2025-12-13 15:02:48,440 [ERROR] LogOutputStream:75 - [STDERR_REDIRECT] 
2025-12-13 15:02:49,442 [ERROR] LogOutputStream:75 - [STDERR_REDIRECT] [Fatal Error] :1:1: Premature end of file.
2025-12-13 15:02:49,442 [ERROR] LogOutputStream:75 - [STDERR_REDIRECT] 
2025-12-13 15:02:50,440 [ERROR] LogOutputStream:75 - [STDERR_REDIRECT] [Fatal Error] :1:1: Premature end of file.
2025-12-13 15:02:50,440 [ERROR] LogOutputStream:75 - [STDERR_REDIRECT] 
2025-12-13 15:02:51,431 [ERROR] LogOutputStream:75 - [STDERR_REDIRECT] [Fatal Error] :1:1: Premature end of file.
2025-12-13 15:02:51,432 [ERROR] LogOutputStream:75 - [STDERR_REDIRECT] 
2025-12-13 15:02:52,443 [ERROR] LogOutputStream:75 - [STDERR_REDIRECT] [Fatal Error] :1:1: Premature end of file.
2025-12-13 15:02:52,457 [ERROR] LogOutputStream:75 - [STDERR_REDIRECT] 
2025-12-13 15:02:53,448 [ERROR] LogOutputStream:75 - [STDERR_REDIRECT] [Fatal Error] :1:1: Premature end of file.
2025-12-13 15:02:53,448 [ERROR] LogOutputStream:75 - [STDERR_REDIRECT] 
2025-12-13 15:02:54,439 [ERROR] LogOutputStream:75 - [STDERR_REDIRECT] [Fatal Error] :1:1: Premature end of file.
2025-12-13 15:02:54,440 [ERROR] LogOutputStream:75 - [STDERR_REDIRECT] 
2025-12-13 15:02:55,439 [ERROR] LogOutputStream:75 - [STDERR_REDIRECT] [Fatal Error] :1:1: Premature end of file.
2025-12-13 15:02:55,439 [ERROR] LogOutputStream:75 - [STDERR_REDIRECT] 
2025-12-13 15:02:56,445 [ERROR] LogOutputStream:75 - [STDERR_REDIRECT] [Fatal Error] :1:1: Premature end of file.
2025-12-13 15:02:56,445 [ERROR] LogOutputStream:75 - [STDERR_REDIRECT] 
2025-12-13 15:02:57,436 [ERROR] LogOutputStream:75 - [STDERR_REDIRECT] [Fatal Error] :1:1: Premature end of file.
2025-12-13 15:02:57,436 [ERROR] LogOutputStream:75 - [STDERR_REDIRECT] 
2025-12-13 15:02:58,446 [ERROR] LogOutputStream:75 - [STDERR_REDIRECT] [Fatal Error] :1:1: Premature end of file.
2025-12-13 15:02:58,446 [ERROR] LogOutputStream:75 - [STDERR_REDIRECT] 
2025-12-13 15:02:59,448 [ERROR] LogOutputStream:75 - [STDERR_REDIRECT] [Fatal Error] :1:1: Premature end of file.
2025-12-13 15:02:59,448 [ERROR] LogOutputStream:75 - [STDERR_REDIRECT] 
2025-12-13 15:03:00,439 [ERROR] LogOutputStream:75 - [STDERR_REDIRECT] [Fatal Error] :1:1: Premature end of file.
2025-12-13 15:03:00,439 [ERROR] LogOutputStream:75 - [STDERR_REDIRECT] 
2025-12-13 15:03:01,451 [ERROR] LogOutputStream:75 - [STDERR_REDIRECT] [Fatal Error] :1:1: Premature end of file.
2025-12-13 15:03:01,451 [ERROR] LogOutputStream:75 - [STDERR_REDIRECT] 
2025-12-13 15:03:02,439 [ERROR] LogOutputStream:75 - [STDERR_REDIRECT] [Fatal Error] :1:1: Premature end of file.
2025-12-13 15:03:02,440 [ERROR] LogOutputStream:75 - [STDERR_REDIRECT] 
2025-12-13 15:03:03,440 [ERROR] LogOutputStream:75 - [STDERR_REDIRECT] [Fatal Error] :1:1: Premature end of file.
2025-12-13 15:03:03,440 [ERROR] LogOutputStream:75 - [STDERR_REDIRECT] 
2025-12-13 15:03:04,442 [ERROR] LogOutputStream:75 - [STDERR_REDIRECT] [Fatal Error] :1:1: Premature end of file.
2025-12-13 15:03:04,442 [ERROR] LogOutputStream:75 - [STDERR_REDIRECT] 
2025-12-13 15:03:05,439 [ERROR] LogOutputStream:75 - [STDERR_REDIRECT] [Fatal Error] :1:1: Premature end of file.
2025-12-13 15:03:05,439 [ERROR] LogOutputStream:75 - [STDERR_REDIRECT] 
2025-12-13 15:03:06,437 [ERROR] LogOutputStream:75 - [STDERR_REDIRECT] [Fatal Error] :1:1: Premature end of file.
2025-12-13 15:03:06,437 [ERROR] LogOutputStream:75 - [STDERR_REDIRECT] 
2025-12-13 15:03:07,443 [ERROR] LogOutputStream:75 - [STDERR_REDIRECT] [Fatal Error] :1:1: Premature end of file.
2025-12-13 15:03:07,443 [ERROR] LogOutputStream:75 - [STDERR_REDIRECT] 
2025-12-13 15:03:08,444 [ERROR] LogOutputStream:75 - [STDERR_REDIRECT] [Fatal Error] :1:1: Premature end of file.
2025-12-13 15:03:08,445 [ERROR] LogOutputStream:75 - [STDERR_REDIRECT] 
2025-12-13 15:03:09,382 [INFO] UtilMem:75 - End SaveConfig() Used Memory: 757246448 Bytes (1073741824)
2025-12-13 15:03:09,470 [ERROR] LogOutputStream:75 - [STDERR_REDIRECT] [Fatal Error] :1:1: Premature end of file.
2025-12-13 15:03:09,473 [ERROR] LogOutputStream:75 - [STDERR_REDIRECT] 
2025-12-13 15:03:10,443 [ERROR] LogOutputStream:75 - [STDERR_REDIRECT] [Fatal Error] :1:1: Premature end of file.
2025-12-13 15:03:10,444 [ERROR] LogOutputStream:75 - [STDERR_REDIRECT] 
2025-12-13 15:03:11,439 [INFO] UtilMem:75 - End SaveConfig() Used Memory: 844305728 Bytes (1073741824)
2025-12-13 15:03:11,453 [ERROR] LogOutputStream:75 - [STDERR_REDIRECT] [Fatal Error] :1:1: Premature end of file.
2025-12-13 15:03:11,459 [ERROR] LogOutputStream:75 - [STDERR_REDIRECT] 
2025-12-13 15:03:12,430 [ERROR] LogOutputStream:75 - [STDERR_REDIRECT] [Fatal Error] :1:1: Premature end of file.
2025-12-13 15:03:12,431 [ERROR] LogOutputStream:75 - [STDERR_REDIRECT] 
2025-12-13 15:03:13,434 [ERROR] LogOutputStream:75 - [STDERR_REDIRECT] [Fatal Error] :1:1: Premature end of file.
2025-12-13 15:03:13,435 [ERROR] LogOutputStream:75 - [STDERR_REDIRECT] 
2025-12-13 15:03:14,434 [ERROR] LogOutputStream:75 - [STDERR_REDIRECT] [Fatal Error] :1:1: Premature end of file.
2025-12-13 15:03:14,436 [ERROR] LogOutputStream:75 - [STDERR_REDIRECT] 
2025-12-13 15:03:15,270 [INFO] UtilMem:75 - End SaveConfig() Used Memory: 990559304 Bytes (1073741824)
2025-12-13 15:03:15,440 [ERROR] LogOutputStream:75 - [STDERR_REDIRECT] [Fatal Error] :1:1: Premature end of file.
2025-12-13 15:03:15,442 [ERROR] LogOutputStream:75 - [STDERR_REDIRECT] 
2025-12-13 15:03:15,986 [INFO] BlockDiagram:2775 - set Specific Code input for plugin: SYS
2025-12-13 15:03:15,987 [INFO] BlockDiagram:2775 - set Specific Code input for plugin: RCC
2025-12-13 15:03:15,987 [INFO] BlockDiagram:2775 - set Specific Code input for plugin: NVIC
2025-12-13 15:03:15,987 [INFO] BlockDiagram:2775 - set Specific Code input for plugin: GPIO
2025-12-13 15:03:15,989 [INFO] CodeGenerator:892 - code generatio: config db path: C:\ST\STM32CubeIDE_1.18.1\STM32CubeIDE\plugins\com.st.stm32cube.common.mx_6.15.0.202507011659\\db\
2025-12-13 15:03:16,111 [INFO] CodeEngine:265 - oldGeneratedFile, D:\MCU1_Bare_Metal_Progamming_BHM\Blinky\MXTmpFiles\license.tmp_save
2025-12-13 15:03:16,311 [INFO] CodeEngine:289 - Generated code: D:\MCU1_Bare_Metal_Progamming_BHM\Blinky\MXTmpFiles\license.tmp
2025-12-13 15:03:16,329 [INFO] CodeEngine:265 - oldGeneratedFile, D:\MCU1_Bare_Metal_Progamming_BHM\Blinky\MXTmpFiles\gpio.tmp_save
2025-12-13 15:03:16,436 [ERROR] LogOutputStream:75 - [STDERR_REDIRECT] [Fatal Error] :1:1: Premature end of file.
2025-12-13 15:03:16,437 [ERROR] LogOutputStream:75 - [STDERR_REDIRECT] 
2025-12-13 15:03:16,479 [INFO] CodeEngine:289 - Generated code: D:\MCU1_Bare_Metal_Progamming_BHM\Blinky\MXTmpFiles\gpio.tmp
2025-12-13 15:03:16,505 [INFO] CodeEngine:265 - oldGeneratedFile, D:\MCU1_Bare_Metal_Progamming_BHM\Blinky\Core\Src\stm32l4xx_it.c_save
2025-12-13 15:03:16,626 [INFO] CodeEngine:289 - Generated code: D:\MCU1_Bare_Metal_Progamming_BHM\Blinky\Core\Src\stm32l4xx_it.c
2025-12-13 15:03:16,634 [INFO] CodeEngine:265 - oldGeneratedFile, D:\MCU1_Bare_Metal_Progamming_BHM\Blinky\Core\Inc\stm32l4xx_it.h_save
2025-12-13 15:03:16,725 [INFO] CodeEngine:289 - Generated code: D:\MCU1_Bare_Metal_Progamming_BHM\Blinky\Core\Inc\stm32l4xx_it.h
2025-12-13 15:03:16,742 [INFO] CodeEngine:265 - oldGeneratedFile, D:\MCU1_Bare_Metal_Progamming_BHM\Blinky\Core\Src\stm32l4xx_hal_msp.c_save
2025-12-13 15:03:16,858 [INFO] CodeEngine:289 - Generated code: D:\MCU1_Bare_Metal_Progamming_BHM\Blinky\Core\Src\stm32l4xx_hal_msp.c
2025-12-13 15:03:16,864 [INFO] CodeEngine:265 - oldGeneratedFile, D:\MCU1_Bare_Metal_Progamming_BHM\Blinky\MXTmpFiles\system.tmp_save
2025-12-13 15:03:16,935 [INFO] CodeEngine:289 - Generated code: D:\MCU1_Bare_Metal_Progamming_BHM\Blinky\MXTmpFiles\system.tmp
2025-12-13 15:03:16,949 [INFO] CodeEngine:321 - oldGeneratedFile, D:\MCU1_Bare_Metal_Progamming_BHM\Blinky\Core\Inc\stm32l4xx_hal_conf.h_save
2025-12-13 15:03:17,060 [INFO] CodeEngine:345 - Generated code: D:\MCU1_Bare_Metal_Progamming_BHM\Blinky\Core\Inc\stm32l4xx_hal_conf.h
2025-12-13 15:03:17,091 [INFO] CodeEngine:265 - oldGeneratedFile, D:\MCU1_Bare_Metal_Progamming_BHM\Blinky\Core\Inc\main.h_save
2025-12-13 15:03:17,190 [INFO] CodeEngine:289 - Generated code: D:\MCU1_Bare_Metal_Progamming_BHM\Blinky\Core\Inc\main.h
2025-12-13 15:03:17,199 [INFO] CodeEngine:265 - oldGeneratedFile, D:\MCU1_Bare_Metal_Progamming_BHM\Blinky\Core\Src\main.c_save
2025-12-13 15:03:17,325 [INFO] CodeEngine:289 - Generated code: D:\MCU1_Bare_Metal_Progamming_BHM\Blinky\Core\Src\main.c
2025-12-13 15:03:17,434 [ERROR] LogOutputStream:75 - [STDERR_REDIRECT] [Fatal Error] :1:1: Premature end of file.
2025-12-13 15:03:17,436 [ERROR] LogOutputStream:75 - [STDERR_REDIRECT] 
2025-12-13 15:03:17,663 [INFO] ProjectBuilder:3606 - Time for Copy HAL[1] : 194mS.
2025-12-13 15:03:17,668 [INFO] ProjectBuilder:5216 - Project Generator version: 4.7.0-B52
2025-12-13 15:03:17,781 [INFO] ConfigFileManager:1595 - The Die is : DIE470
2025-12-13 15:03:18,448 [ERROR] LogOutputStream:75 - [STDERR_REDIRECT] [Fatal Error] :1:1: Premature end of file.
2025-12-13 15:03:18,451 [ERROR] LogOutputStream:75 - [STDERR_REDIRECT] 
2025-12-13 15:03:19,157 [INFO] ProjectBuilder:5496 - Time for Generating toolchain IDE Files: 1490mS.
2025-12-13 15:03:19,158 [INFO] ProjectBuilder:3463 - Time for Copy CMSIS : 1mS.
2025-12-13 15:03:19,160 [INFO] ProjectBuilder:3463 - Time for Copy CMSIS : 0mS.
2025-12-13 15:03:19,434 [ERROR] LogOutputStream:75 - [STDERR_REDIRECT] [Fatal Error] :1:1: Premature end of file.
2025-12-13 15:03:19,435 [ERROR] LogOutputStream:75 - [STDERR_REDIRECT] 
2025-12-13 15:03:20,438 [ERROR] LogOutputStream:75 - [STDERR_REDIRECT] [Fatal Error] :1:1: Premature end of file.
2025-12-13 15:03:20,439 [ERROR] LogOutputStream:75 - [STDERR_REDIRECT] 
2025-12-13 15:03:21,442 [ERROR] LogOutputStream:75 - [STDERR_REDIRECT] [Fatal Error] :1:1: Premature end of file.
2025-12-13 15:03:21,444 [ERROR] LogOutputStream:75 - [STDERR_REDIRECT] 
2025-12-13 15:03:22,431 [ERROR] LogOutputStream:75 - [STDERR_REDIRECT] [Fatal Error] :1:1: Premature end of file.
2025-12-13 15:03:22,433 [ERROR] LogOutputStream:75 - [STDERR_REDIRECT] 
2025-12-13 15:03:23,484 [ERROR] LogOutputStream:75 - [STDERR_REDIRECT] [Fatal Error] :1:1: Premature end of file.
2025-12-13 15:03:23,484 [ERROR] LogOutputStream:75 - [STDERR_REDIRECT] 
2025-12-13 15:03:24,441 [ERROR] LogOutputStream:75 - [STDERR_REDIRECT] [Fatal Error] :1:1: Premature end of file.
2025-12-13 15:03:24,441 [ERROR] LogOutputStream:75 - [STDERR_REDIRECT] 
2025-12-13 15:03:25,441 [ERROR] LogOutputStream:75 - [STDERR_REDIRECT] [Fatal Error] :1:1: Premature end of file.
2025-12-13 15:03:25,441 [ERROR] LogOutputStream:75 - [STDERR_REDIRECT] 
2025-12-13 15:03:26,440 [ERROR] LogOutputStream:75 - [STDERR_REDIRECT] [Fatal Error] :1:1: Premature end of file.
2025-12-13 15:03:26,440 [ERROR] LogOutputStream:75 - [STDERR_REDIRECT] 
2025-12-13 15:03:27,447 [ERROR] LogOutputStream:75 - [STDERR_REDIRECT] [Fatal Error] :1:1: Premature end of file.
2025-12-13 15:03:27,448 [ERROR] LogOutputStream:75 - [STDERR_REDIRECT] 
2025-12-13 15:03:28,443 [ERROR] LogOutputStream:75 - [STDERR_REDIRECT] [Fatal Error] :1:1: Premature end of file.
2025-12-13 15:03:28,444 [ERROR] LogOutputStream:75 - [STDERR_REDIRECT] 
2025-12-13 15:03:29,434 [ERROR] LogOutputStream:75 - [STDERR_REDIRECT] [Fatal Error] :1:1: Premature end of file.
2025-12-13 15:03:29,435 [ERROR] LogOutputStream:75 - [STDERR_REDIRECT] 
2025-12-13 15:03:30,450 [ERROR] LogOutputStream:75 - [STDERR_REDIRECT] [Fatal Error] :1:1: Premature end of file.
2025-12-13 15:03:30,450 [ERROR] LogOutputStream:75 - [STDERR_REDIRECT] 
2025-12-13 15:03:31,432 [ERROR] LogOutputStream:75 - [STDERR_REDIRECT] [Fatal Error] :1:1: Premature end of file.
2025-12-13 15:03:31,433 [ERROR] LogOutputStream:75 - [STDERR_REDIRECT] 
2025-12-13 15:03:32,432 [ERROR] LogOutputStream:75 - [STDERR_REDIRECT] [Fatal Error] :1:1: Premature end of file.
2025-12-13 15:03:32,432 [ERROR] LogOutputStream:75 - [STDERR_REDIRECT] 
2025-12-13 15:03:33,441 [ERROR] LogOutputStream:75 - [STDERR_REDIRECT] [Fatal Error] :1:1: Premature end of file.
2025-12-13 15:03:33,441 [ERROR] LogOutputStream:75 - [STDERR_REDIRECT] 
2025-12-13 15:03:34,442 [ERROR] LogOutputStream:75 - [STDERR_REDIRECT] [Fatal Error] :1:1: Premature end of file.
2025-12-13 15:03:34,442 [ERROR] LogOutputStream:75 - [STDERR_REDIRECT] 
2025-12-13 15:03:35,432 [ERROR] LogOutputStream:75 - [STDERR_REDIRECT] [Fatal Error] :1:1: Premature end of file.
2025-12-13 15:03:35,432 [ERROR] LogOutputStream:75 - [STDERR_REDIRECT] 
2025-12-13 15:03:36,449 [ERROR] LogOutputStream:75 - [STDERR_REDIRECT] [Fatal Error] :1:1: Premature end of file.
2025-12-13 15:03:36,449 [ERROR] LogOutputStream:75 - [STDERR_REDIRECT] 
2025-12-13 15:03:37,443 [ERROR] LogOutputStream:75 - [STDERR_REDIRECT] [Fatal Error] :1:1: Premature end of file.
2025-12-13 15:03:37,443 [ERROR] LogOutputStream:75 - [STDERR_REDIRECT] 
2025-12-13 15:03:38,443 [ERROR] LogOutputStream:75 - [STDERR_REDIRECT] [Fatal Error] :1:1: Premature end of file.
2025-12-13 15:03:38,443 [ERROR] LogOutputStream:75 - [STDERR_REDIRECT] 
2025-12-13 15:03:39,441 [ERROR] LogOutputStream:75 - [STDERR_REDIRECT] [Fatal Error] :1:1: Premature end of file.
2025-12-13 15:03:39,441 [ERROR] LogOutputStream:75 - [STDERR_REDIRECT] 
2025-12-13 15:03:40,442 [ERROR] LogOutputStream:75 - [STDERR_REDIRECT] [Fatal Error] :1:1: Premature end of file.
2025-12-13 15:03:40,442 [ERROR] LogOutputStream:75 - [STDERR_REDIRECT] 
2025-12-13 15:03:41,440 [ERROR] LogOutputStream:75 - [STDERR_REDIRECT] [Fatal Error] :1:1: Premature end of file.
2025-12-13 15:03:41,440 [ERROR] LogOutputStream:75 - [STDERR_REDIRECT] 
2025-12-13 15:03:42,442 [ERROR] LogOutputStream:75 - [STDERR_REDIRECT] [Fatal Error] :1:1: Premature end of file.
2025-12-13 15:03:42,443 [ERROR] LogOutputStream:75 - [STDERR_REDIRECT] 
2025-12-13 15:03:43,441 [ERROR] LogOutputStream:75 - [STDERR_REDIRECT] [Fatal Error] :1:1: Premature end of file.
2025-12-13 15:03:43,442 [ERROR] LogOutputStream:75 - [STDERR_REDIRECT] 
2025-12-13 15:03:44,443 [ERROR] LogOutputStream:75 - [STDERR_REDIRECT] [Fatal Error] :1:1: Premature end of file.
2025-12-13 15:03:44,443 [ERROR] LogOutputStream:75 - [STDERR_REDIRECT] 
2025-12-13 15:03:45,451 [ERROR] LogOutputStream:75 - [STDERR_REDIRECT] [Fatal Error] :1:1: Premature end of file.
2025-12-13 15:03:45,452 [ERROR] LogOutputStream:75 - [STDERR_REDIRECT] 
2025-12-13 15:03:46,439 [ERROR] LogOutputStream:75 - [STDERR_REDIRECT] [Fatal Error] :1:1: Premature end of file.
2025-12-13 15:03:46,439 [ERROR] LogOutputStream:75 - [STDERR_REDIRECT] 
2025-12-13 15:03:47,441 [ERROR] LogOutputStream:75 - [STDERR_REDIRECT] [Fatal Error] :1:1: Premature end of file.
2025-12-13 15:03:47,441 [ERROR] LogOutputStream:75 - [STDERR_REDIRECT] 
2025-12-13 15:03:48,443 [ERROR] LogOutputStream:75 - [STDERR_REDIRECT] [Fatal Error] :1:1: Premature end of file.
2025-12-13 15:03:48,443 [ERROR] LogOutputStream:75 - [STDERR_REDIRECT] 
2025-12-13 15:03:49,438 [ERROR] LogOutputStream:75 - [STDERR_REDIRECT] [Fatal Error] :1:1: Premature end of file.
2025-12-13 15:03:49,438 [ERROR] LogOutputStream:75 - [STDERR_REDIRECT] 
2025-12-13 15:03:50,442 [ERROR] LogOutputStream:75 - [STDERR_REDIRECT] [Fatal Error] :1:1: Premature end of file.
2025-12-13 15:03:50,442 [ERROR] LogOutputStream:75 - [STDERR_REDIRECT] 
2025-12-13 15:03:51,452 [ERROR] LogOutputStream:75 - [STDERR_REDIRECT] [Fatal Error] :1:1: Premature end of file.
2025-12-13 15:03:51,452 [ERROR] LogOutputStream:75 - [STDERR_REDIRECT] 
2025-12-13 15:03:52,440 [ERROR] LogOutputStream:75 - [STDERR_REDIRECT] [Fatal Error] :1:1: Premature end of file.
2025-12-13 15:03:52,462 [ERROR] LogOutputStream:75 - [STDERR_REDIRECT] 
2025-12-13 15:03:53,443 [ERROR] LogOutputStream:75 - [STDERR_REDIRECT] [Fatal Error] :1:1: Premature end of file.
2025-12-13 15:03:53,443 [ERROR] LogOutputStream:75 - [STDERR_REDIRECT] 
2025-12-13 15:03:54,436 [ERROR] LogOutputStream:75 - [STDERR_REDIRECT] [Fatal Error] :1:1: Premature end of file.
2025-12-13 15:03:54,436 [ERROR] LogOutputStream:75 - [STDERR_REDIRECT] 
2025-12-13 15:03:55,442 [ERROR] LogOutputStream:75 - [STDERR_REDIRECT] [Fatal Error] :1:1: Premature end of file.
2025-12-13 15:03:55,442 [ERROR] LogOutputStream:75 - [STDERR_REDIRECT] 
2025-12-13 15:03:56,441 [ERROR] LogOutputStream:75 - [STDERR_REDIRECT] [Fatal Error] :1:1: Premature end of file.
2025-12-13 15:03:56,441 [ERROR] LogOutputStream:75 - [STDERR_REDIRECT] 
2025-12-13 15:03:57,443 [ERROR] LogOutputStream:75 - [STDERR_REDIRECT] [Fatal Error] :1:1: Premature end of file.
2025-12-13 15:03:57,444 [ERROR] LogOutputStream:75 - [STDERR_REDIRECT] 
2025-12-13 15:03:58,442 [ERROR] LogOutputStream:75 - [STDERR_REDIRECT] [Fatal Error] :1:1: Premature end of file.
2025-12-13 15:03:58,442 [ERROR] LogOutputStream:75 - [STDERR_REDIRECT] 
2025-12-13 15:03:59,441 [ERROR] LogOutputStream:75 - [STDERR_REDIRECT] [Fatal Error] :1:1: Premature end of file.
2025-12-13 15:03:59,441 [ERROR] LogOutputStream:75 - [STDERR_REDIRECT] 
2025-12-13 15:04:00,431 [ERROR] LogOutputStream:75 - [STDERR_REDIRECT] [Fatal Error] :1:1: Premature end of file.
2025-12-13 15:04:00,431 [ERROR] LogOutputStream:75 - [STDERR_REDIRECT] 
2025-12-13 15:04:01,444 [ERROR] LogOutputStream:75 - [STDERR_REDIRECT] [Fatal Error] :1:1: Premature end of file.
2025-12-13 15:04:01,445 [ERROR] LogOutputStream:75 - [STDERR_REDIRECT] 
2025-12-13 15:04:02,441 [ERROR] LogOutputStream:75 - [STDERR_REDIRECT] [Fatal Error] :1:1: Premature end of file.
2025-12-13 15:04:02,441 [ERROR] LogOutputStream:75 - [STDERR_REDIRECT] 
2025-12-13 15:04:03,439 [ERROR] LogOutputStream:75 - [STDERR_REDIRECT] [Fatal Error] :1:1: Premature end of file.
2025-12-13 15:04:03,439 [ERROR] LogOutputStream:75 - [STDERR_REDIRECT] 
2025-12-13 15:04:04,439 [ERROR] LogOutputStream:75 - [STDERR_REDIRECT] [Fatal Error] :1:1: Premature end of file.
2025-12-13 15:04:04,439 [ERROR] LogOutputStream:75 - [STDERR_REDIRECT] 
2025-12-13 15:04:05,443 [ERROR] LogOutputStream:75 - [STDERR_REDIRECT] [Fatal Error] :1:1: Premature end of file.
2025-12-13 15:04:05,444 [ERROR] LogOutputStream:75 - [STDERR_REDIRECT] 
2025-12-13 15:04:06,445 [ERROR] LogOutputStream:75 - [STDERR_REDIRECT] [Fatal Error] :1:1: Premature end of file.
2025-12-13 15:04:06,445 [ERROR] LogOutputStream:75 - [STDERR_REDIRECT] 
2025-12-13 15:04:07,444 [ERROR] LogOutputStream:75 - [STDERR_REDIRECT] [Fatal Error] :1:1: Premature end of file.
2025-12-13 15:04:07,444 [ERROR] LogOutputStream:75 - [STDERR_REDIRECT] 
2025-12-13 15:04:08,434 [ERROR] LogOutputStream:75 - [STDERR_REDIRECT] [Fatal Error] :1:1: Premature end of file.
2025-12-13 15:04:08,435 [ERROR] LogOutputStream:75 - [STDERR_REDIRECT] 
2025-12-13 15:04:09,443 [ERROR] LogOutputStream:75 - [STDERR_REDIRECT] [Fatal Error] :1:1: Premature end of file.
2025-12-13 15:04:09,443 [ERROR] LogOutputStream:75 - [STDERR_REDIRECT] 
2025-12-13 15:04:10,437 [ERROR] LogOutputStream:75 - [STDERR_REDIRECT] [Fatal Error] :1:1: Premature end of file.
2025-12-13 15:04:10,437 [ERROR] LogOutputStream:75 - [STDERR_REDIRECT] 
2025-12-13 15:04:11,442 [ERROR] LogOutputStream:75 - [STDERR_REDIRECT] [Fatal Error] :1:1: Premature end of file.
2025-12-13 15:04:11,442 [ERROR] LogOutputStream:75 - [STDERR_REDIRECT] 
2025-12-13 15:04:12,434 [ERROR] LogOutputStream:75 - [STDERR_REDIRECT] [Fatal Error] :1:1: Premature end of file.
2025-12-13 15:04:12,434 [ERROR] LogOutputStream:75 - [STDERR_REDIRECT] 
2025-12-13 15:04:13,438 [ERROR] LogOutputStream:75 - [STDERR_REDIRECT] [Fatal Error] :1:1: Premature end of file.
2025-12-13 15:04:13,438 [ERROR] LogOutputStream:75 - [STDERR_REDIRECT] 
2025-12-13 15:04:14,437 [ERROR] LogOutputStream:75 - [STDERR_REDIRECT] [Fatal Error] :1:1: Premature end of file.
2025-12-13 15:04:14,438 [ERROR] LogOutputStream:75 - [STDERR_REDIRECT] 
2025-12-13 15:04:15,437 [ERROR] LogOutputStream:75 - [STDERR_REDIRECT] [Fatal Error] :1:1: Premature end of file.
2025-12-13 15:04:15,438 [ERROR] LogOutputStream:75 - [STDERR_REDIRECT] 
2025-12-13 15:04:16,443 [ERROR] LogOutputStream:75 - [STDERR_REDIRECT] [Fatal Error] :1:1: Premature end of file.
2025-12-13 15:04:16,443 [ERROR] LogOutputStream:75 - [STDERR_REDIRECT] 
2025-12-13 15:04:17,438 [ERROR] LogOutputStream:75 - [STDERR_REDIRECT] [Fatal Error] :1:1: Premature end of file.
2025-12-13 15:04:17,438 [ERROR] LogOutputStream:75 - [STDERR_REDIRECT] 
2025-12-13 15:04:18,452 [ERROR] LogOutputStream:75 - [STDERR_REDIRECT] [Fatal Error] :1:1: Premature end of file.
2025-12-13 15:04:18,452 [ERROR] LogOutputStream:75 - [STDERR_REDIRECT] 
2025-12-13 15:04:19,452 [ERROR] LogOutputStream:75 - [STDERR_REDIRECT] [Fatal Error] :1:1: Premature end of file.
2025-12-13 15:04:19,452 [ERROR] LogOutputStream:75 - [STDERR_REDIRECT] 
2025-12-13 15:04:20,448 [ERROR] LogOutputStream:75 - [STDERR_REDIRECT] [Fatal Error] :1:1: Premature end of file.
2025-12-13 15:04:20,448 [ERROR] LogOutputStream:75 - [STDERR_REDIRECT] 
2025-12-13 15:04:21,441 [ERROR] LogOutputStream:75 - [STDERR_REDIRECT] [Fatal Error] :1:1: Premature end of file.
2025-12-13 15:04:21,441 [ERROR] LogOutputStream:75 - [STDERR_REDIRECT] 
2025-12-13 15:04:22,444 [ERROR] LogOutputStream:75 - [STDERR_REDIRECT] [Fatal Error] :1:1: Premature end of file.
2025-12-13 15:04:22,461 [ERROR] LogOutputStream:75 - [STDERR_REDIRECT] 
2025-12-13 15:04:23,448 [ERROR] LogOutputStream:75 - [STDERR_REDIRECT] [Fatal Error] :1:1: Premature end of file.
2025-12-13 15:04:23,448 [ERROR] LogOutputStream:75 - [STDERR_REDIRECT] 
2025-12-13 15:04:24,451 [ERROR] LogOutputStream:75 - [STDERR_REDIRECT] [Fatal Error] :1:1: Premature end of file.
2025-12-13 15:04:24,452 [ERROR] LogOutputStream:75 - [STDERR_REDIRECT] 
2025-12-13 15:04:25,441 [ERROR] LogOutputStream:75 - [STDERR_REDIRECT] [Fatal Error] :1:1: Premature end of file.
2025-12-13 15:04:25,441 [ERROR] LogOutputStream:75 - [STDERR_REDIRECT] 
2025-12-13 15:04:26,450 [ERROR] LogOutputStream:75 - [STDERR_REDIRECT] [Fatal Error] :1:1: Premature end of file.
2025-12-13 15:04:26,450 [ERROR] LogOutputStream:75 - [STDERR_REDIRECT] 
2025-12-13 15:04:27,429 [ERROR] LogOutputStream:75 - [STDERR_REDIRECT] [Fatal Error] :1:1: Premature end of file.
2025-12-13 15:04:27,429 [ERROR] LogOutputStream:75 - [STDERR_REDIRECT] 
2025-12-13 15:04:28,433 [ERROR] LogOutputStream:75 - [STDERR_REDIRECT] [Fatal Error] :1:1: Premature end of file.
2025-12-13 15:04:28,433 [ERROR] LogOutputStream:75 - [STDERR_REDIRECT] 
2025-12-13 15:04:29,448 [ERROR] LogOutputStream:75 - [STDERR_REDIRECT] [Fatal Error] :1:1: Premature end of file.
2025-12-13 15:04:29,448 [ERROR] LogOutputStream:75 - [STDERR_REDIRECT] 
2025-12-13 15:04:30,451 [ERROR] LogOutputStream:75 - [STDERR_REDIRECT] [Fatal Error] :1:1: Premature end of file.
2025-12-13 15:04:30,451 [ERROR] LogOutputStream:75 - [STDERR_REDIRECT] 
2025-12-13 15:04:31,440 [ERROR] LogOutputStream:75 - [STDERR_REDIRECT] [Fatal Error] :1:1: Premature end of file.
2025-12-13 15:04:31,440 [ERROR] LogOutputStream:75 - [STDERR_REDIRECT] 
2025-12-13 15:04:32,444 [ERROR] LogOutputStream:75 - [STDERR_REDIRECT] [Fatal Error] :1:1: Premature end of file.
2025-12-13 15:04:32,444 [ERROR] LogOutputStream:75 - [STDERR_REDIRECT] 
2025-12-13 15:04:33,442 [ERROR] LogOutputStream:75 - [STDERR_REDIRECT] [Fatal Error] :1:1: Premature end of file.
2025-12-13 15:04:33,442 [ERROR] LogOutputStream:75 - [STDERR_REDIRECT] 
2025-12-13 15:04:34,441 [ERROR] LogOutputStream:75 - [STDERR_REDIRECT] [Fatal Error] :1:1: Premature end of file.
2025-12-13 15:04:34,442 [ERROR] LogOutputStream:75 - [STDERR_REDIRECT] 
2025-12-13 15:04:35,446 [ERROR] LogOutputStream:75 - [STDERR_REDIRECT] [Fatal Error] :1:1: Premature end of file.
2025-12-13 15:04:35,446 [ERROR] LogOutputStream:75 - [STDERR_REDIRECT] 
2025-12-13 15:04:36,448 [ERROR] LogOutputStream:75 - [STDERR_REDIRECT] [Fatal Error] :1:1: Premature end of file.
2025-12-13 15:04:36,448 [ERROR] LogOutputStream:75 - [STDERR_REDIRECT] 
2025-12-13 15:04:37,444 [ERROR] LogOutputStream:75 - [STDERR_REDIRECT] [Fatal Error] :1:1: Premature end of file.
2025-12-13 15:04:37,462 [ERROR] LogOutputStream:75 - [STDERR_REDIRECT] 
2025-12-13 15:04:38,452 [ERROR] LogOutputStream:75 - [STDERR_REDIRECT] [Fatal Error] :1:1: Premature end of file.
2025-12-13 15:04:38,453 [ERROR] LogOutputStream:75 - [STDERR_REDIRECT] 
2025-12-13 15:04:39,436 [ERROR] LogOutputStream:75 - [STDERR_REDIRECT] [Fatal Error] :1:1: Premature end of file.
2025-12-13 15:04:39,436 [ERROR] LogOutputStream:75 - [STDERR_REDIRECT] 
2025-12-13 15:04:40,431 [ERROR] LogOutputStream:75 - [STDERR_REDIRECT] [Fatal Error] :1:1: Premature end of file.
2025-12-13 15:04:40,431 [ERROR] LogOutputStream:75 - [STDERR_REDIRECT] 
2025-12-13 15:04:41,429 [ERROR] LogOutputStream:75 - [STDERR_REDIRECT] [Fatal Error] :1:1: Premature end of file.
2025-12-13 15:04:41,429 [ERROR] LogOutputStream:75 - [STDERR_REDIRECT] 
2025-12-13 15:04:42,445 [ERROR] LogOutputStream:75 - [STDERR_REDIRECT] [Fatal Error] :1:1: Premature end of file.
2025-12-13 15:04:42,446 [ERROR] LogOutputStream:75 - [STDERR_REDIRECT] 
2025-12-13 15:04:43,447 [ERROR] LogOutputStream:75 - [STDERR_REDIRECT] [Fatal Error] :1:1: Premature end of file.
2025-12-13 15:04:43,447 [ERROR] LogOutputStream:75 - [STDERR_REDIRECT] 
2025-12-13 15:04:44,442 [ERROR] LogOutputStream:75 - [STDERR_REDIRECT] [Fatal Error] :1:1: Premature end of file.
2025-12-13 15:04:44,443 [ERROR] LogOutputStream:75 - [STDERR_REDIRECT] 
2025-12-13 15:04:45,439 [ERROR] LogOutputStream:75 - [STDERR_REDIRECT] [Fatal Error] :1:1: Premature end of file.
2025-12-13 15:04:45,439 [ERROR] LogOutputStream:75 - [STDERR_REDIRECT] 
2025-12-13 15:04:46,442 [ERROR] LogOutputStream:75 - [STDERR_REDIRECT] [Fatal Error] :1:1: Premature end of file.
2025-12-13 15:04:46,443 [ERROR] LogOutputStream:75 - [STDERR_REDIRECT] 
2025-12-13 15:04:47,449 [ERROR] LogOutputStream:75 - [STDERR_REDIRECT] [Fatal Error] :1:1: Premature end of file.
2025-12-13 15:04:47,449 [ERROR] LogOutputStream:75 - [STDERR_REDIRECT] 
2025-12-13 15:04:48,440 [ERROR] LogOutputStream:75 - [STDERR_REDIRECT] [Fatal Error] :1:1: Premature end of file.
2025-12-13 15:04:48,440 [ERROR] LogOutputStream:75 - [STDERR_REDIRECT] 
2025-12-13 15:04:49,444 [ERROR] LogOutputStream:75 - [STDERR_REDIRECT] [Fatal Error] :1:1: Premature end of file.
2025-12-13 15:04:49,445 [ERROR] LogOutputStream:75 - [STDERR_REDIRECT] 
2025-12-13 15:04:50,441 [ERROR] LogOutputStream:75 - [STDERR_REDIRECT] [Fatal Error] :1:1: Premature end of file.
2025-12-13 15:04:50,442 [ERROR] LogOutputStream:75 - [STDERR_REDIRECT] 
2025-12-13 15:04:51,428 [ERROR] LogOutputStream:75 - [STDERR_REDIRECT] [Fatal Error] :1:1: Premature end of file.
2025-12-13 15:04:51,428 [ERROR] LogOutputStream:75 - [STDERR_REDIRECT] 
2025-12-13 15:04:52,444 [ERROR] LogOutputStream:75 - [STDERR_REDIRECT] [Fatal Error] :1:1: Premature end of file.
2025-12-13 15:04:52,445 [ERROR] LogOutputStream:75 - [STDERR_REDIRECT] 
2025-12-13 15:04:53,453 [ERROR] LogOutputStream:75 - [STDERR_REDIRECT] [Fatal Error] :1:1: Premature end of file.
2025-12-13 15:04:53,453 [ERROR] LogOutputStream:75 - [STDERR_REDIRECT] 
2025-12-13 15:04:54,442 [ERROR] LogOutputStream:75 - [STDERR_REDIRECT] [Fatal Error] :1:1: Premature end of file.
2025-12-13 15:04:54,443 [ERROR] LogOutputStream:75 - [STDERR_REDIRECT] 
2025-12-13 15:04:55,447 [ERROR] LogOutputStream:75 - [STDERR_REDIRECT] [Fatal Error] :1:1: Premature end of file.
2025-12-13 15:04:55,447 [ERROR] LogOutputStream:75 - [STDERR_REDIRECT] 
2025-12-13 15:04:56,426 [ERROR] LogOutputStream:75 - [STDERR_REDIRECT] [Fatal Error] :1:1: Premature end of file.
2025-12-13 15:04:56,426 [ERROR] LogOutputStream:75 - [STDERR_REDIRECT] 
2025-12-13 15:04:57,446 [ERROR] LogOutputStream:75 - [STDERR_REDIRECT] [Fatal Error] :1:1: Premature end of file.
2025-12-13 15:04:57,448 [ERROR] LogOutputStream:75 - [STDERR_REDIRECT] 
2025-12-13 15:04:58,442 [ERROR] LogOutputStream:75 - [STDERR_REDIRECT] [Fatal Error] :1:1: Premature end of file.
2025-12-13 15:04:58,442 [ERROR] LogOutputStream:75 - [STDERR_REDIRECT] 
2025-12-13 15:04:59,456 [ERROR] LogOutputStream:75 - [STDERR_REDIRECT] [Fatal Error] :1:1: Premature end of file.
2025-12-13 15:04:59,459 [ERROR] LogOutputStream:75 - [STDERR_REDIRECT] 
2025-12-13 15:05:00,424 [ERROR] LogOutputStream:75 - [STDERR_REDIRECT] [Fatal Error] :1:1: Premature end of file.
2025-12-13 15:05:00,424 [ERROR] LogOutputStream:75 - [STDERR_REDIRECT] 
2025-12-13 15:05:01,438 [ERROR] LogOutputStream:75 - [STDERR_REDIRECT] [Fatal Error] :1:1: Premature end of file.
2025-12-13 15:05:01,439 [ERROR] LogOutputStream:75 - [STDERR_REDIRECT] 
2025-12-13 15:05:02,429 [ERROR] LogOutputStream:75 - [STDERR_REDIRECT] [Fatal Error] :1:1: Premature end of file.
2025-12-13 15:05:02,430 [ERROR] LogOutputStream:75 - [STDERR_REDIRECT] 
2025-12-13 15:05:03,448 [ERROR] LogOutputStream:75 - [STDERR_REDIRECT] [Fatal Error] :1:1: Premature end of file.
2025-12-13 15:05:03,448 [ERROR] LogOutputStream:75 - [STDERR_REDIRECT] 
2025-12-13 15:05:04,442 [ERROR] LogOutputStream:75 - [STDERR_REDIRECT] [Fatal Error] :1:1: Premature end of file.
2025-12-13 15:05:04,442 [ERROR] LogOutputStream:75 - [STDERR_REDIRECT] 
2025-12-13 15:05:05,443 [ERROR] LogOutputStream:75 - [STDERR_REDIRECT] [Fatal Error] :1:1: Premature end of file.
2025-12-13 15:05:05,443 [ERROR] LogOutputStream:75 - [STDERR_REDIRECT] 
2025-12-13 15:05:06,433 [ERROR] LogOutputStream:75 - [STDERR_REDIRECT] [Fatal Error] :1:1: Premature end of file.
2025-12-13 15:05:06,433 [ERROR] LogOutputStream:75 - [STDERR_REDIRECT] 
2025-12-13 15:05:07,425 [ERROR] LogOutputStream:75 - [STDERR_REDIRECT] [Fatal Error] :1:1: Premature end of file.
2025-12-13 15:05:07,425 [ERROR] LogOutputStream:75 - [STDERR_REDIRECT] 
2025-12-13 15:05:08,424 [ERROR] LogOutputStream:75 - [STDERR_REDIRECT] [Fatal Error] :1:1: Premature end of file.
2025-12-13 15:05:08,425 [ERROR] LogOutputStream:75 - [STDERR_REDIRECT] 
2025-12-13 15:05:09,436 [ERROR] LogOutputStream:75 - [STDERR_REDIRECT] [Fatal Error] :1:1: Premature end of file.
2025-12-13 15:05:09,436 [ERROR] LogOutputStream:75 - [STDERR_REDIRECT] 
2025-12-13 15:05:10,444 [ERROR] LogOutputStream:75 - [STDERR_REDIRECT] [Fatal Error] :1:1: Premature end of file.
2025-12-13 15:05:10,446 [ERROR] LogOutputStream:75 - [STDERR_REDIRECT] 
2025-12-13 15:05:11,455 [ERROR] LogOutputStream:75 - [STDERR_REDIRECT] [Fatal Error] :1:1: Premature end of file.
2025-12-13 15:05:11,455 [ERROR] LogOutputStream:75 - [STDERR_REDIRECT] 
2025-12-13 15:05:12,447 [ERROR] LogOutputStream:75 - [STDERR_REDIRECT] [Fatal Error] :1:1: Premature end of file.
2025-12-13 15:05:12,447 [ERROR] LogOutputStream:75 - [STDERR_REDIRECT] 
2025-12-13 15:05:13,432 [ERROR] LogOutputStream:75 - [STDERR_REDIRECT] [Fatal Error] :1:1: Premature end of file.
2025-12-13 15:05:13,432 [ERROR] LogOutputStream:75 - [STDERR_REDIRECT] 
2025-12-13 15:05:14,445 [ERROR] LogOutputStream:75 - [STDERR_REDIRECT] [Fatal Error] :1:1: Premature end of file.
2025-12-13 15:05:14,446 [ERROR] LogOutputStream:75 - [STDERR_REDIRECT] 
2025-12-13 15:05:15,438 [ERROR] LogOutputStream:75 - [STDERR_REDIRECT] [Fatal Error] :1:1: Premature end of file.
2025-12-13 15:05:15,438 [ERROR] LogOutputStream:75 - [STDERR_REDIRECT] 
2025-12-13 15:05:16,447 [ERROR] LogOutputStream:75 - [STDERR_REDIRECT] [Fatal Error] :1:1: Premature end of file.
2025-12-13 15:05:16,447 [ERROR] LogOutputStream:75 - [STDERR_REDIRECT] 
2025-12-13 15:05:17,443 [ERROR] LogOutputStream:75 - [STDERR_REDIRECT] [Fatal Error] :1:1: Premature end of file.
2025-12-13 15:05:17,443 [ERROR] LogOutputStream:75 - [STDERR_REDIRECT] 
2025-12-13 15:05:18,450 [ERROR] LogOutputStream:75 - [STDERR_REDIRECT] [Fatal Error] :1:1: Premature end of file.
2025-12-13 15:05:18,450 [ERROR] LogOutputStream:75 - [STDERR_REDIRECT] 
2025-12-13 15:05:19,441 [ERROR] LogOutputStream:75 - [STDERR_REDIRECT] [Fatal Error] :1:1: Premature end of file.
2025-12-13 15:05:19,442 [ERROR] LogOutputStream:75 - [STDERR_REDIRECT] 
2025-12-13 15:05:20,459 [ERROR] LogOutputStream:75 - [STDERR_REDIRECT] [Fatal Error] :1:1: Premature end of file.
2025-12-13 15:05:20,459 [ERROR] LogOutputStream:75 - [STDERR_REDIRECT] 
2025-12-13 15:05:21,445 [ERROR] LogOutputStream:75 - [STDERR_REDIRECT] [Fatal Error] :1:1: Premature end of file.
2025-12-13 15:05:21,445 [ERROR] LogOutputStream:75 - [STDERR_REDIRECT] 
2025-12-13 15:05:22,441 [ERROR] LogOutputStream:75 - [STDERR_REDIRECT] [Fatal Error] :1:1: Premature end of file.
2025-12-13 15:05:22,442 [ERROR] LogOutputStream:75 - [STDERR_REDIRECT] 
2025-12-13 15:05:23,439 [ERROR] LogOutputStream:75 - [STDERR_REDIRECT] [Fatal Error] :1:1: Premature end of file.
2025-12-13 15:05:23,439 [ERROR] LogOutputStream:75 - [STDERR_REDIRECT] 
2025-12-13 15:05:24,437 [ERROR] LogOutputStream:75 - [STDERR_REDIRECT] [Fatal Error] :1:1: Premature end of file.
2025-12-13 15:05:24,439 [ERROR] LogOutputStream:75 - [STDERR_REDIRECT] 
2025-12-13 15:05:25,445 [ERROR] LogOutputStream:75 - [STDERR_REDIRECT] [Fatal Error] :1:1: Premature end of file.
2025-12-13 15:05:25,445 [ERROR] LogOutputStream:75 - [STDERR_REDIRECT] 
2025-12-13 15:05:26,439 [ERROR] LogOutputStream:75 - [STDERR_REDIRECT] [Fatal Error] :1:1: Premature end of file.
2025-12-13 15:05:26,440 [ERROR] LogOutputStream:75 - [STDERR_REDIRECT] 
2025-12-13 15:05:27,442 [ERROR] LogOutputStream:75 - [STDERR_REDIRECT] [Fatal Error] :1:1: Premature end of file.
2025-12-13 15:05:27,442 [ERROR] LogOutputStream:75 - [STDERR_REDIRECT] 
2025-12-13 15:05:28,441 [ERROR] LogOutputStream:75 - [STDERR_REDIRECT] [Fatal Error] :1:1: Premature end of file.
2025-12-13 15:05:28,442 [ERROR] LogOutputStream:75 - [STDERR_REDIRECT] 
2025-12-13 15:05:29,441 [ERROR] LogOutputStream:75 - [STDERR_REDIRECT] [Fatal Error] :1:1: Premature end of file.
2025-12-13 15:05:29,441 [ERROR] LogOutputStream:75 - [STDERR_REDIRECT] 
2025-12-13 15:05:30,441 [ERROR] LogOutputStream:75 - [STDERR_REDIRECT] [Fatal Error] :1:1: Premature end of file.
2025-12-13 15:05:30,441 [ERROR] LogOutputStream:75 - [STDERR_REDIRECT] 
2025-12-13 15:05:31,443 [ERROR] LogOutputStream:75 - [STDERR_REDIRECT] [Fatal Error] :1:1: Premature end of file.
2025-12-13 15:05:31,443 [ERROR] LogOutputStream:75 - [STDERR_REDIRECT] 
2025-12-13 15:05:32,444 [ERROR] LogOutputStream:75 - [STDERR_REDIRECT] [Fatal Error] :1:1: Premature end of file.
2025-12-13 15:05:32,444 [ERROR] LogOutputStream:75 - [STDERR_REDIRECT] 
2025-12-13 15:05:33,441 [ERROR] LogOutputStream:75 - [STDERR_REDIRECT] [Fatal Error] :1:1: Premature end of file.
2025-12-13 15:05:33,441 [ERROR] LogOutputStream:75 - [STDERR_REDIRECT] 
2025-12-13 15:05:34,442 [ERROR] LogOutputStream:75 - [STDERR_REDIRECT] [Fatal Error] :1:1: Premature end of file.
2025-12-13 15:05:34,442 [ERROR] LogOutputStream:75 - [STDERR_REDIRECT] 
2025-12-13 15:05:35,435 [ERROR] LogOutputStream:75 - [STDERR_REDIRECT] [Fatal Error] :1:1: Premature end of file.
2025-12-13 15:05:35,435 [ERROR] LogOutputStream:75 - [STDERR_REDIRECT] 
2025-12-13 15:05:36,441 [ERROR] LogOutputStream:75 - [STDERR_REDIRECT] [Fatal Error] :1:1: Premature end of file.
2025-12-13 15:05:36,441 [ERROR] LogOutputStream:75 - [STDERR_REDIRECT] 
2025-12-13 15:05:37,444 [ERROR] LogOutputStream:75 - [STDERR_REDIRECT] [Fatal Error] :1:1: Premature end of file.
2025-12-13 15:05:37,444 [ERROR] LogOutputStream:75 - [STDERR_REDIRECT] 
2025-12-13 15:05:38,536 [ERROR] LogOutputStream:75 - [STDERR_REDIRECT] [Fatal Error] :1:1: Premature end of file.
2025-12-13 15:05:38,536 [ERROR] LogOutputStream:75 - [STDERR_REDIRECT] 
2025-12-13 15:05:39,430 [ERROR] LogOutputStream:75 - [STDERR_REDIRECT] [Fatal Error] :1:1: Premature end of file.
2025-12-13 15:05:39,430 [ERROR] LogOutputStream:75 - [STDERR_REDIRECT] 
2025-12-13 15:05:40,444 [ERROR] LogOutputStream:75 - [STDERR_REDIRECT] [Fatal Error] :1:1: Premature end of file.
2025-12-13 15:05:40,444 [ERROR] LogOutputStream:75 - [STDERR_REDIRECT] 
2025-12-13 15:05:41,450 [ERROR] LogOutputStream:75 - [STDERR_REDIRECT] [Fatal Error] :1:1: Premature end of file.
2025-12-13 15:05:41,450 [ERROR] LogOutputStream:75 - [STDERR_REDIRECT] 
2025-12-13 15:05:42,441 [ERROR] LogOutputStream:75 - [STDERR_REDIRECT] [Fatal Error] :1:1: Premature end of file.
2025-12-13 15:05:42,441 [ERROR] LogOutputStream:75 - [STDERR_REDIRECT] 
2025-12-13 15:05:43,441 [ERROR] LogOutputStream:75 - [STDERR_REDIRECT] [Fatal Error] :1:1: Premature end of file.
2025-12-13 15:05:43,441 [ERROR] LogOutputStream:75 - [STDERR_REDIRECT] 
2025-12-13 15:05:44,443 [ERROR] LogOutputStream:75 - [STDERR_REDIRECT] [Fatal Error] :1:1: Premature end of file.
2025-12-13 15:05:44,443 [ERROR] LogOutputStream:75 - [STDERR_REDIRECT] 
2025-12-13 15:05:45,441 [ERROR] LogOutputStream:75 - [STDERR_REDIRECT] [Fatal Error] :1:1: Premature end of file.
2025-12-13 15:05:45,441 [ERROR] LogOutputStream:75 - [STDERR_REDIRECT] 
2025-12-13 15:05:46,441 [ERROR] LogOutputStream:75 - [STDERR_REDIRECT] [Fatal Error] :1:1: Premature end of file.
2025-12-13 15:05:46,441 [ERROR] LogOutputStream:75 - [STDERR_REDIRECT] 
2025-12-13 15:05:47,442 [ERROR] LogOutputStream:75 - [STDERR_REDIRECT] [Fatal Error] :1:1: Premature end of file.
2025-12-13 15:05:47,442 [ERROR] LogOutputStream:75 - [STDERR_REDIRECT] 
2025-12-13 15:05:48,442 [ERROR] LogOutputStream:75 - [STDERR_REDIRECT] [Fatal Error] :1:1: Premature end of file.
2025-12-13 15:05:48,443 [ERROR] LogOutputStream:75 - [STDERR_REDIRECT] 
2025-12-13 15:05:49,441 [ERROR] LogOutputStream:75 - [STDERR_REDIRECT] [Fatal Error] :1:1: Premature end of file.
2025-12-13 15:05:49,441 [ERROR] LogOutputStream:75 - [STDERR_REDIRECT] 
2025-12-13 15:05:50,443 [ERROR] LogOutputStream:75 - [STDERR_REDIRECT] [Fatal Error] :1:1: Premature end of file.
2025-12-13 15:05:50,443 [ERROR] LogOutputStream:75 - [STDERR_REDIRECT] 
2025-12-13 15:05:51,448 [ERROR] LogOutputStream:75 - [STDERR_REDIRECT] [Fatal Error] :1:1: Premature end of file.
2025-12-13 15:05:51,448 [ERROR] LogOutputStream:75 - [STDERR_REDIRECT] 
2025-12-13 15:05:52,439 [ERROR] LogOutputStream:75 - [STDERR_REDIRECT] [Fatal Error] :1:1: Premature end of file.
2025-12-13 15:05:52,439 [ERROR] LogOutputStream:75 - [STDERR_REDIRECT] 
2025-12-13 15:05:53,448 [ERROR] LogOutputStream:75 - [STDERR_REDIRECT] [Fatal Error] :1:1: Premature end of file.
2025-12-13 15:05:53,448 [ERROR] LogOutputStream:75 - [STDERR_REDIRECT] 
2025-12-13 15:05:54,440 [ERROR] LogOutputStream:75 - [STDERR_REDIRECT] [Fatal Error] :1:1: Premature end of file.
2025-12-13 15:05:54,440 [ERROR] LogOutputStream:75 - [STDERR_REDIRECT] 
2025-12-13 15:05:55,440 [ERROR] LogOutputStream:75 - [STDERR_REDIRECT] [Fatal Error] :1:1: Premature end of file.
2025-12-13 15:05:55,440 [ERROR] LogOutputStream:75 - [STDERR_REDIRECT] 
2025-12-13 15:05:56,441 [ERROR] LogOutputStream:75 - [STDERR_REDIRECT] [Fatal Error] :1:1: Premature end of file.
2025-12-13 15:05:56,441 [ERROR] LogOutputStream:75 - [STDERR_REDIRECT] 
2025-12-13 15:05:57,442 [ERROR] LogOutputStream:75 - [STDERR_REDIRECT] [Fatal Error] :1:1: Premature end of file.
2025-12-13 15:05:57,443 [ERROR] LogOutputStream:75 - [STDERR_REDIRECT] 
2025-12-13 15:05:58,444 [ERROR] LogOutputStream:75 - [STDERR_REDIRECT] [Fatal Error] :1:1: Premature end of file.
2025-12-13 15:05:58,444 [ERROR] LogOutputStream:75 - [STDERR_REDIRECT] 
2025-12-13 15:05:59,443 [ERROR] LogOutputStream:75 - [STDERR_REDIRECT] [Fatal Error] :1:1: Premature end of file.
2025-12-13 15:05:59,443 [ERROR] LogOutputStream:75 - [STDERR_REDIRECT] 
2025-12-13 15:06:00,441 [ERROR] LogOutputStream:75 - [STDERR_REDIRECT] [Fatal Error] :1:1: Premature end of file.
2025-12-13 15:06:00,441 [ERROR] LogOutputStream:75 - [STDERR_REDIRECT] 
2025-12-13 15:06:01,440 [ERROR] LogOutputStream:75 - [STDERR_REDIRECT] [Fatal Error] :1:1: Premature end of file.
2025-12-13 15:06:01,441 [ERROR] LogOutputStream:75 - [STDERR_REDIRECT] 
2025-12-13 15:06:02,443 [ERROR] LogOutputStream:75 - [STDERR_REDIRECT] [Fatal Error] :1:1: Premature end of file.
2025-12-13 15:06:02,444 [ERROR] LogOutputStream:75 - [STDERR_REDIRECT] 
2025-12-13 15:06:03,438 [ERROR] LogOutputStream:75 - [STDERR_REDIRECT] [Fatal Error] :1:1: Premature end of file.
2025-12-13 15:06:03,438 [ERROR] LogOutputStream:75 - [STDERR_REDIRECT] 
2025-12-13 15:06:04,438 [ERROR] LogOutputStream:75 - [STDERR_REDIRECT] [Fatal Error] :1:1: Premature end of file.
2025-12-13 15:06:04,438 [ERROR] LogOutputStream:75 - [STDERR_REDIRECT] 
2025-12-13 15:06:05,440 [ERROR] LogOutputStream:75 - [STDERR_REDIRECT] [Fatal Error] :1:1: Premature end of file.
2025-12-13 15:06:05,441 [ERROR] LogOutputStream:75 - [STDERR_REDIRECT] 
2025-12-13 15:06:06,440 [ERROR] LogOutputStream:75 - [STDERR_REDIRECT] [Fatal Error] :1:1: Premature end of file.
2025-12-13 15:06:06,440 [ERROR] LogOutputStream:75 - [STDERR_REDIRECT] 
2025-12-13 15:06:07,442 [ERROR] LogOutputStream:75 - [STDERR_REDIRECT] [Fatal Error] :1:1: Premature end of file.
2025-12-13 15:06:07,442 [ERROR] LogOutputStream:75 - [STDERR_REDIRECT] 
2025-12-13 15:06:08,437 [ERROR] LogOutputStream:75 - [STDERR_REDIRECT] [Fatal Error] :1:1: Premature end of file.
2025-12-13 15:06:08,437 [ERROR] LogOutputStream:75 - [STDERR_REDIRECT] 
2025-12-13 15:06:09,445 [ERROR] LogOutputStream:75 - [STDERR_REDIRECT] [Fatal Error] :1:1: Premature end of file.
2025-12-13 15:06:09,445 [ERROR] LogOutputStream:75 - [STDERR_REDIRECT] 
2025-12-13 15:06:10,438 [ERROR] LogOutputStream:75 - [STDERR_REDIRECT] [Fatal Error] :1:1: Premature end of file.
2025-12-13 15:06:10,438 [ERROR] LogOutputStream:75 - [STDERR_REDIRECT] 
2025-12-13 15:06:11,438 [ERROR] LogOutputStream:75 - [STDERR_REDIRECT] [Fatal Error] :1:1: Premature end of file.
2025-12-13 15:06:11,440 [ERROR] LogOutputStream:75 - [STDERR_REDIRECT] 
2025-12-13 15:06:12,447 [ERROR] LogOutputStream:75 - [STDERR_REDIRECT] [Fatal Error] :1:1: Premature end of file.
2025-12-13 15:06:12,447 [ERROR] LogOutputStream:75 - [STDERR_REDIRECT] 
2025-12-13 15:06:13,435 [ERROR] LogOutputStream:75 - [STDERR_REDIRECT] [Fatal Error] :1:1: Premature end of file.
2025-12-13 15:06:13,435 [ERROR] LogOutputStream:75 - [STDERR_REDIRECT] 
2025-12-13 15:06:14,441 [ERROR] LogOutputStream:75 - [STDERR_REDIRECT] [Fatal Error] :1:1: Premature end of file.
2025-12-13 15:06:14,442 [ERROR] LogOutputStream:75 - [STDERR_REDIRECT] 
2025-12-13 15:06:15,447 [ERROR] LogOutputStream:75 - [STDERR_REDIRECT] [Fatal Error] :1:1: Premature end of file.
2025-12-13 15:06:15,447 [ERROR] LogOutputStream:75 - [STDERR_REDIRECT] 
2025-12-13 15:06:16,442 [ERROR] LogOutputStream:75 - [STDERR_REDIRECT] [Fatal Error] :1:1: Premature end of file.
2025-12-13 15:06:16,442 [ERROR] LogOutputStream:75 - [STDERR_REDIRECT] 
2025-12-13 15:06:17,442 [ERROR] LogOutputStream:75 - [STDERR_REDIRECT] [Fatal Error] :1:1: Premature end of file.
2025-12-13 15:06:17,442 [ERROR] LogOutputStream:75 - [STDERR_REDIRECT] 
2025-12-13 15:06:18,442 [ERROR] LogOutputStream:75 - [STDERR_REDIRECT] [Fatal Error] :1:1: Premature end of file.
2025-12-13 15:06:18,442 [ERROR] LogOutputStream:75 - [STDERR_REDIRECT] 
2025-12-13 15:06:19,437 [ERROR] LogOutputStream:75 - [STDERR_REDIRECT] [Fatal Error] :1:1: Premature end of file.
2025-12-13 15:06:19,438 [ERROR] LogOutputStream:75 - [STDERR_REDIRECT] 
2025-12-13 15:06:20,440 [ERROR] LogOutputStream:75 - [STDERR_REDIRECT] [Fatal Error] :1:1: Premature end of file.
2025-12-13 15:06:20,440 [ERROR] LogOutputStream:75 - [STDERR_REDIRECT] 
2025-12-13 15:06:21,440 [ERROR] LogOutputStream:75 - [STDERR_REDIRECT] [Fatal Error] :1:1: Premature end of file.
2025-12-13 15:06:21,441 [ERROR] LogOutputStream:75 - [STDERR_REDIRECT] 
2025-12-13 15:06:22,439 [ERROR] LogOutputStream:75 - [STDERR_REDIRECT] [Fatal Error] :1:1: Premature end of file.
2025-12-13 15:06:22,439 [ERROR] LogOutputStream:75 - [STDERR_REDIRECT] 
2025-12-13 15:06:23,441 [ERROR] LogOutputStream:75 - [STDERR_REDIRECT] [Fatal Error] :1:1: Premature end of file.
2025-12-13 15:06:23,441 [ERROR] LogOutputStream:75 - [STDERR_REDIRECT] 
2025-12-13 15:06:24,444 [ERROR] LogOutputStream:75 - [STDERR_REDIRECT] [Fatal Error] :1:1: Premature end of file.
2025-12-13 15:06:24,444 [ERROR] LogOutputStream:75 - [STDERR_REDIRECT] 
2025-12-13 15:06:25,482 [ERROR] LogOutputStream:75 - [STDERR_REDIRECT] [Fatal Error] :1:1: Premature end of file.
2025-12-13 15:06:25,483 [ERROR] LogOutputStream:75 - [STDERR_REDIRECT] 
2025-12-13 15:06:26,540 [ERROR] LogOutputStream:75 - [STDERR_REDIRECT] [Fatal Error] :1:1: Premature end of file.
2025-12-13 15:06:26,540 [ERROR] LogOutputStream:75 - [STDERR_REDIRECT] 
2025-12-13 15:06:27,512 [ERROR] LogOutputStream:75 - [STDERR_REDIRECT] [Fatal Error] :1:1: Premature end of file.
2025-12-13 15:06:27,512 [ERROR] LogOutputStream:75 - [STDERR_REDIRECT] 
2025-12-13 15:06:28,460 [ERROR] LogOutputStream:75 - [STDERR_REDIRECT] [Fatal Error] :1:1: Premature end of file.
2025-12-13 15:06:28,460 [ERROR] LogOutputStream:75 - [STDERR_REDIRECT] 
2025-12-13 15:06:29,444 [ERROR] LogOutputStream:75 - [STDERR_REDIRECT] [Fatal Error] :1:1: Premature end of file.
2025-12-13 15:06:29,444 [ERROR] LogOutputStream:75 - [STDERR_REDIRECT] 
2025-12-13 15:06:30,439 [ERROR] LogOutputStream:75 - [STDERR_REDIRECT] [Fatal Error] :1:1: Premature end of file.
2025-12-13 15:06:30,440 [ERROR] LogOutputStream:75 - [STDERR_REDIRECT] 
2025-12-13 15:06:31,442 [ERROR] LogOutputStream:75 - [STDERR_REDIRECT] [Fatal Error] :1:1: Premature end of file.
2025-12-13 15:06:31,442 [ERROR] LogOutputStream:75 - [STDERR_REDIRECT] 
2025-12-13 15:06:32,442 [ERROR] LogOutputStream:75 - [STDERR_REDIRECT] [Fatal Error] :1:1: Premature end of file.
2025-12-13 15:06:32,442 [ERROR] LogOutputStream:75 - [STDERR_REDIRECT] 
2025-12-13 15:06:33,442 [ERROR] LogOutputStream:75 - [STDERR_REDIRECT] [Fatal Error] :1:1: Premature end of file.
2025-12-13 15:06:33,442 [ERROR] LogOutputStream:75 - [STDERR_REDIRECT] 
2025-12-13 15:06:34,443 [ERROR] LogOutputStream:75 - [STDERR_REDIRECT] [Fatal Error] :1:1: Premature end of file.
2025-12-13 15:06:34,443 [ERROR] LogOutputStream:75 - [STDERR_REDIRECT] 
2025-12-13 15:06:35,441 [ERROR] LogOutputStream:75 - [STDERR_REDIRECT] [Fatal Error] :1:1: Premature end of file.
2025-12-13 15:06:35,441 [ERROR] LogOutputStream:75 - [STDERR_REDIRECT] 
2025-12-13 15:06:36,438 [ERROR] LogOutputStream:75 - [STDERR_REDIRECT] [Fatal Error] :1:1: Premature end of file.
2025-12-13 15:06:36,438 [ERROR] LogOutputStream:75 - [STDERR_REDIRECT] 
2025-12-13 15:06:37,443 [ERROR] LogOutputStream:75 - [STDERR_REDIRECT] [Fatal Error] :1:1: Premature end of file.
2025-12-13 15:06:37,443 [ERROR] LogOutputStream:75 - [STDERR_REDIRECT] 
2025-12-13 15:06:38,441 [ERROR] LogOutputStream:75 - [STDERR_REDIRECT] [Fatal Error] :1:1: Premature end of file.
2025-12-13 15:06:38,444 [ERROR] LogOutputStream:75 - [STDERR_REDIRECT] 
2025-12-13 15:06:39,449 [ERROR] LogOutputStream:75 - [STDERR_REDIRECT] [Fatal Error] :1:1: Premature end of file.
2025-12-13 15:06:39,449 [ERROR] LogOutputStream:75 - [STDERR_REDIRECT] 
2025-12-13 15:06:40,452 [ERROR] LogOutputStream:75 - [STDERR_REDIRECT] [Fatal Error] :1:1: Premature end of file.
2025-12-13 15:06:40,452 [ERROR] LogOutputStream:75 - [STDERR_REDIRECT] 
2025-12-13 15:06:41,444 [ERROR] LogOutputStream:75 - [STDERR_REDIRECT] [Fatal Error] :1:1: Premature end of file.
2025-12-13 15:06:41,444 [ERROR] LogOutputStream:75 - [STDERR_REDIRECT] 
2025-12-13 15:06:42,445 [ERROR] LogOutputStream:75 - [STDERR_REDIRECT] [Fatal Error] :1:1: Premature end of file.
2025-12-13 15:06:42,445 [ERROR] LogOutputStream:75 - [STDERR_REDIRECT] 
2025-12-13 15:06:43,444 [ERROR] LogOutputStream:75 - [STDERR_REDIRECT] [Fatal Error] :1:1: Premature end of file.
2025-12-13 15:06:43,444 [ERROR] LogOutputStream:75 - [STDERR_REDIRECT] 
2025-12-13 15:06:44,451 [ERROR] LogOutputStream:75 - [STDERR_REDIRECT] [Fatal Error] :1:1: Premature end of file.
2025-12-13 15:06:44,451 [ERROR] LogOutputStream:75 - [STDERR_REDIRECT] 
2025-12-13 15:06:45,442 [ERROR] LogOutputStream:75 - [STDERR_REDIRECT] [Fatal Error] :1:1: Premature end of file.
2025-12-13 15:06:45,442 [ERROR] LogOutputStream:75 - [STDERR_REDIRECT] 
2025-12-13 15:06:46,446 [ERROR] LogOutputStream:75 - [STDERR_REDIRECT] [Fatal Error] :1:1: Premature end of file.
2025-12-13 15:06:46,446 [ERROR] LogOutputStream:75 - [STDERR_REDIRECT] 
2025-12-13 15:06:47,449 [ERROR] LogOutputStream:75 - [STDERR_REDIRECT] [Fatal Error] :1:1: Premature end of file.
2025-12-13 15:06:47,449 [ERROR] LogOutputStream:75 - [STDERR_REDIRECT] 
2025-12-13 15:06:48,446 [ERROR] LogOutputStream:75 - [STDERR_REDIRECT] [Fatal Error] :1:1: Premature end of file.
2025-12-13 15:06:48,446 [ERROR] LogOutputStream:75 - [STDERR_REDIRECT] 
2025-12-13 15:06:49,439 [ERROR] LogOutputStream:75 - [STDERR_REDIRECT] [Fatal Error] :1:1: Premature end of file.
2025-12-13 15:06:49,440 [ERROR] LogOutputStream:75 - [STDERR_REDIRECT] 
2025-12-13 15:06:50,447 [ERROR] LogOutputStream:75 - [STDERR_REDIRECT] [Fatal Error] :1:1: Premature end of file.
2025-12-13 15:06:50,448 [ERROR] LogOutputStream:75 - [STDERR_REDIRECT] 
2025-12-13 15:06:51,454 [ERROR] LogOutputStream:75 - [STDERR_REDIRECT] [Fatal Error] :1:1: Premature end of file.
2025-12-13 15:06:51,454 [ERROR] LogOutputStream:75 - [STDERR_REDIRECT] 
2025-12-13 15:06:52,453 [ERROR] LogOutputStream:75 - [STDERR_REDIRECT] [Fatal Error] :1:1: Premature end of file.
2025-12-13 15:06:52,453 [ERROR] LogOutputStream:75 - [STDERR_REDIRECT] 
2025-12-13 15:06:53,442 [ERROR] LogOutputStream:75 - [STDERR_REDIRECT] [Fatal Error] :1:1: Premature end of file.
2025-12-13 15:06:53,442 [ERROR] LogOutputStream:75 - [STDERR_REDIRECT] 
2025-12-13 15:06:54,443 [ERROR] LogOutputStream:75 - [STDERR_REDIRECT] [Fatal Error] :1:1: Premature end of file.
2025-12-13 15:06:54,444 [ERROR] LogOutputStream:75 - [STDERR_REDIRECT] 
2025-12-13 15:06:55,446 [ERROR] LogOutputStream:75 - [STDERR_REDIRECT] [Fatal Error] :1:1: Premature end of file.
2025-12-13 15:06:55,447 [ERROR] LogOutputStream:75 - [STDERR_REDIRECT] 
2025-12-13 15:06:56,444 [ERROR] LogOutputStream:75 - [STDERR_REDIRECT] [Fatal Error] :1:1: Premature end of file.
2025-12-13 15:06:56,445 [ERROR] LogOutputStream:75 - [STDERR_REDIRECT] 
2025-12-13 15:06:57,447 [ERROR] LogOutputStream:75 - [STDERR_REDIRECT] [Fatal Error] :1:1: Premature end of file.
2025-12-13 15:06:57,447 [ERROR] LogOutputStream:75 - [STDERR_REDIRECT] 
2025-12-13 15:06:58,429 [ERROR] LogOutputStream:75 - [STDERR_REDIRECT] [Fatal Error] :1:1: Premature end of file.
2025-12-13 15:06:58,429 [ERROR] LogOutputStream:75 - [STDERR_REDIRECT] 
2025-12-13 15:06:59,427 [ERROR] LogOutputStream:75 - [STDERR_REDIRECT] [Fatal Error] :1:1: Premature end of file.
2025-12-13 15:06:59,427 [ERROR] LogOutputStream:75 - [STDERR_REDIRECT] 
2025-12-13 15:07:00,436 [ERROR] LogOutputStream:75 - [STDERR_REDIRECT] [Fatal Error] :1:1: Premature end of file.
2025-12-13 15:07:00,436 [ERROR] LogOutputStream:75 - [STDERR_REDIRECT] 
2025-12-13 15:07:01,483 [ERROR] LogOutputStream:75 - [STDERR_REDIRECT] [Fatal Error] :1:1: Premature end of file.
2025-12-13 15:07:01,483 [ERROR] LogOutputStream:75 - [STDERR_REDIRECT] 
2025-12-13 15:07:02,447 [ERROR] LogOutputStream:75 - [STDERR_REDIRECT] [Fatal Error] :1:1: Premature end of file.
2025-12-13 15:07:02,447 [ERROR] LogOutputStream:75 - [STDERR_REDIRECT] 
2025-12-13 15:07:03,445 [ERROR] LogOutputStream:75 - [STDERR_REDIRECT] [Fatal Error] :1:1: Premature end of file.
2025-12-13 15:07:03,445 [ERROR] LogOutputStream:75 - [STDERR_REDIRECT] 
2025-12-13 15:07:04,441 [ERROR] LogOutputStream:75 - [STDERR_REDIRECT] [Fatal Error] :1:1: Premature end of file.
2025-12-13 15:07:04,441 [ERROR] LogOutputStream:75 - [STDERR_REDIRECT] 
2025-12-13 15:07:05,446 [ERROR] LogOutputStream:75 - [STDERR_REDIRECT] [Fatal Error] :1:1: Premature end of file.
2025-12-13 15:07:05,446 [ERROR] LogOutputStream:75 - [STDERR_REDIRECT] 
2025-12-13 15:07:06,445 [ERROR] LogOutputStream:75 - [STDERR_REDIRECT] [Fatal Error] :1:1: Premature end of file.
2025-12-13 15:07:06,445 [ERROR] LogOutputStream:75 - [STDERR_REDIRECT] 
2025-12-13 15:07:07,445 [ERROR] LogOutputStream:75 - [STDERR_REDIRECT] [Fatal Error] :1:1: Premature end of file.
2025-12-13 15:07:07,445 [ERROR] LogOutputStream:75 - [STDERR_REDIRECT] 
2025-12-13 15:07:08,442 [ERROR] LogOutputStream:75 - [STDERR_REDIRECT] [Fatal Error] :1:1: Premature end of file.
2025-12-13 15:07:08,442 [ERROR] LogOutputStream:75 - [STDERR_REDIRECT] 
2025-12-13 15:07:09,439 [ERROR] LogOutputStream:75 - [STDERR_REDIRECT] [Fatal Error] :1:1: Premature end of file.
2025-12-13 15:07:09,440 [ERROR] LogOutputStream:75 - [STDERR_REDIRECT] 
2025-12-13 15:07:10,439 [ERROR] LogOutputStream:75 - [STDERR_REDIRECT] [Fatal Error] :1:1: Premature end of file.
2025-12-13 15:07:10,439 [ERROR] LogOutputStream:75 - [STDERR_REDIRECT] 
2025-12-13 15:07:11,439 [ERROR] LogOutputStream:75 - [STDERR_REDIRECT] [Fatal Error] :1:1: Premature end of file.
2025-12-13 15:07:11,439 [ERROR] LogOutputStream:75 - [STDERR_REDIRECT] 
2025-12-13 15:07:12,437 [ERROR] LogOutputStream:75 - [STDERR_REDIRECT] [Fatal Error] :1:1: Premature end of file.
2025-12-13 15:07:12,437 [ERROR] LogOutputStream:75 - [STDERR_REDIRECT] 
2025-12-13 15:07:13,438 [ERROR] LogOutputStream:75 - [STDERR_REDIRECT] [Fatal Error] :1:1: Premature end of file.
2025-12-13 15:07:13,439 [ERROR] LogOutputStream:75 - [STDERR_REDIRECT] 
2025-12-13 15:07:14,437 [ERROR] LogOutputStream:75 - [STDERR_REDIRECT] [Fatal Error] :1:1: Premature end of file.
2025-12-13 15:07:14,437 [ERROR] LogOutputStream:75 - [STDERR_REDIRECT] 
2025-12-13 15:07:15,440 [ERROR] LogOutputStream:75 - [STDERR_REDIRECT] [Fatal Error] :1:1: Premature end of file.
2025-12-13 15:07:15,440 [ERROR] LogOutputStream:75 - [STDERR_REDIRECT] 
2025-12-13 15:07:16,444 [ERROR] LogOutputStream:75 - [STDERR_REDIRECT] [Fatal Error] :1:1: Premature end of file.
2025-12-13 15:07:16,444 [ERROR] LogOutputStream:75 - [STDERR_REDIRECT] 
2025-12-13 15:07:17,441 [ERROR] LogOutputStream:75 - [STDERR_REDIRECT] [Fatal Error] :1:1: Premature end of file.
2025-12-13 15:07:17,441 [ERROR] LogOutputStream:75 - [STDERR_REDIRECT] 
2025-12-13 15:07:18,444 [ERROR] LogOutputStream:75 - [STDERR_REDIRECT] [Fatal Error] :1:1: Premature end of file.
2025-12-13 15:07:18,445 [ERROR] LogOutputStream:75 - [STDERR_REDIRECT] 
2025-12-13 15:07:19,438 [ERROR] LogOutputStream:75 - [STDERR_REDIRECT] [Fatal Error] :1:1: Premature end of file.
2025-12-13 15:07:19,438 [ERROR] LogOutputStream:75 - [STDERR_REDIRECT] 
2025-12-13 15:07:20,440 [ERROR] LogOutputStream:75 - [STDERR_REDIRECT] [Fatal Error] :1:1: Premature end of file.
2025-12-13 15:07:20,441 [ERROR] LogOutputStream:75 - [STDERR_REDIRECT] 
2025-12-13 15:07:21,440 [ERROR] LogOutputStream:75 - [STDERR_REDIRECT] [Fatal Error] :1:1: Premature end of file.
2025-12-13 15:07:21,440 [ERROR] LogOutputStream:75 - [STDERR_REDIRECT] 
2025-12-13 15:07:22,441 [ERROR] LogOutputStream:75 - [STDERR_REDIRECT] [Fatal Error] :1:1: Premature end of file.
2025-12-13 15:07:22,442 [ERROR] LogOutputStream:75 - [STDERR_REDIRECT] 
2025-12-13 15:07:23,441 [ERROR] LogOutputStream:75 - [STDERR_REDIRECT] [Fatal Error] :1:1: Premature end of file.
2025-12-13 15:07:23,441 [ERROR] LogOutputStream:75 - [STDERR_REDIRECT] 
2025-12-13 15:07:24,440 [ERROR] LogOutputStream:75 - [STDERR_REDIRECT] [Fatal Error] :1:1: Premature end of file.
2025-12-13 15:07:24,440 [ERROR] LogOutputStream:75 - [STDERR_REDIRECT] 
2025-12-13 15:07:25,452 [ERROR] LogOutputStream:75 - [STDERR_REDIRECT] [Fatal Error] :1:1: Premature end of file.
2025-12-13 15:07:25,453 [ERROR] LogOutputStream:75 - [STDERR_REDIRECT] 
2025-12-13 15:07:26,443 [ERROR] LogOutputStream:75 - [STDERR_REDIRECT] [Fatal Error] :1:1: Premature end of file.
2025-12-13 15:07:26,443 [ERROR] LogOutputStream:75 - [STDERR_REDIRECT] 
2025-12-13 15:07:27,441 [ERROR] LogOutputStream:75 - [STDERR_REDIRECT] [Fatal Error] :1:1: Premature end of file.
2025-12-13 15:07:27,441 [ERROR] LogOutputStream:75 - [STDERR_REDIRECT] 
2025-12-13 15:07:28,439 [ERROR] LogOutputStream:75 - [STDERR_REDIRECT] [Fatal Error] :1:1: Premature end of file.
2025-12-13 15:07:28,439 [ERROR] LogOutputStream:75 - [STDERR_REDIRECT] 
2025-12-13 15:07:29,495 [ERROR] LogOutputStream:75 - [STDERR_REDIRECT] [Fatal Error] :1:1: Premature end of file.
2025-12-13 15:07:29,495 [ERROR] LogOutputStream:75 - [STDERR_REDIRECT] 
2025-12-13 15:07:30,490 [ERROR] LogOutputStream:75 - [STDERR_REDIRECT] [Fatal Error] :1:1: Premature end of file.
2025-12-13 15:07:30,490 [ERROR] LogOutputStream:75 - [STDERR_REDIRECT] 
2025-12-13 15:07:31,503 [ERROR] LogOutputStream:75 - [STDERR_REDIRECT] [Fatal Error] :1:1: Premature end of file.
2025-12-13 15:07:31,503 [ERROR] LogOutputStream:75 - [STDERR_REDIRECT] 
2025-12-13 15:07:32,510 [ERROR] LogOutputStream:75 - [STDERR_REDIRECT] [Fatal Error] :1:1: Premature end of file.
2025-12-13 15:07:32,510 [ERROR] LogOutputStream:75 - [STDERR_REDIRECT] 
2025-12-13 15:07:33,490 [ERROR] LogOutputStream:75 - [STDERR_REDIRECT] [Fatal Error] :1:1: Premature end of file.
2025-12-13 15:07:33,490 [ERROR] LogOutputStream:75 - [STDERR_REDIRECT] 
2025-12-13 15:07:34,475 [ERROR] LogOutputStream:75 - [STDERR_REDIRECT] [Fatal Error] :1:1: Premature end of file.
2025-12-13 15:07:34,475 [ERROR] LogOutputStream:75 - [STDERR_REDIRECT] 
2025-12-13 15:07:35,503 [ERROR] LogOutputStream:75 - [STDERR_REDIRECT] [Fatal Error] :1:1: Premature end of file.
2025-12-13 15:07:35,503 [ERROR] LogOutputStream:75 - [STDERR_REDIRECT] 
2025-12-13 15:07:36,486 [ERROR] LogOutputStream:75 - [STDERR_REDIRECT] [Fatal Error] :1:1: Premature end of file.
2025-12-13 15:07:36,486 [ERROR] LogOutputStream:75 - [STDERR_REDIRECT] 
2025-12-13 15:07:37,493 [ERROR] LogOutputStream:75 - [STDERR_REDIRECT] [Fatal Error] :1:1: Premature end of file.
2025-12-13 15:07:37,493 [ERROR] LogOutputStream:75 - [STDERR_REDIRECT] 
2025-12-13 15:07:38,488 [ERROR] LogOutputStream:75 - [STDERR_REDIRECT] [Fatal Error] :1:1: Premature end of file.
2025-12-13 15:07:38,488 [ERROR] LogOutputStream:75 - [STDERR_REDIRECT] 
2025-12-13 15:07:39,501 [ERROR] LogOutputStream:75 - [STDERR_REDIRECT] [Fatal Error] :1:1: Premature end of file.
2025-12-13 15:07:39,501 [ERROR] LogOutputStream:75 - [STDERR_REDIRECT] 
2025-12-13 15:07:40,480 [ERROR] LogOutputStream:75 - [STDERR_REDIRECT] [Fatal Error] :1:1: Premature end of file.
2025-12-13 15:07:40,480 [ERROR] LogOutputStream:75 - [STDERR_REDIRECT] 
2025-12-13 15:07:41,487 [ERROR] LogOutputStream:75 - [STDERR_REDIRECT] [Fatal Error] :1:1: Premature end of file.
2025-12-13 15:07:41,487 [ERROR] LogOutputStream:75 - [STDERR_REDIRECT] 
2025-12-13 15:07:42,512 [ERROR] LogOutputStream:75 - [STDERR_REDIRECT] [Fatal Error] :1:1: Premature end of file.
2025-12-13 15:07:42,512 [ERROR] LogOutputStream:75 - [STDERR_REDIRECT] 
2025-12-13 15:07:43,492 [ERROR] LogOutputStream:75 - [STDERR_REDIRECT] [Fatal Error] :1:1: Premature end of file.
2025-12-13 15:07:43,492 [ERROR] LogOutputStream:75 - [STDERR_REDIRECT] 
2025-12-13 15:07:44,487 [ERROR] LogOutputStream:75 - [STDERR_REDIRECT] [Fatal Error] :1:1: Premature end of file.
2025-12-13 15:07:44,487 [ERROR] LogOutputStream:75 - [STDERR_REDIRECT] 
2025-12-13 15:07:45,484 [ERROR] LogOutputStream:75 - [STDERR_REDIRECT] [Fatal Error] :1:1: Premature end of file.
2025-12-13 15:07:45,484 [ERROR] LogOutputStream:75 - [STDERR_REDIRECT] 
2025-12-13 15:07:46,500 [ERROR] LogOutputStream:75 - [STDERR_REDIRECT] [Fatal Error] :1:1: Premature end of file.
2025-12-13 15:07:46,500 [ERROR] LogOutputStream:75 - [STDERR_REDIRECT] 
2025-12-13 15:07:47,485 [ERROR] LogOutputStream:75 - [STDERR_REDIRECT] [Fatal Error] :1:1: Premature end of file.
2025-12-13 15:07:47,485 [ERROR] LogOutputStream:75 - [STDERR_REDIRECT] 
2025-12-13 15:07:48,500 [ERROR] LogOutputStream:75 - [STDERR_REDIRECT] [Fatal Error] :1:1: Premature end of file.
2025-12-13 15:07:48,500 [ERROR] LogOutputStream:75 - [STDERR_REDIRECT] 
2025-12-13 15:07:49,495 [ERROR] LogOutputStream:75 - [STDERR_REDIRECT] [Fatal Error] :1:1: Premature end of file.
2025-12-13 15:07:49,495 [ERROR] LogOutputStream:75 - [STDERR_REDIRECT] 
2025-12-13 15:07:50,493 [ERROR] LogOutputStream:75 - [STDERR_REDIRECT] [Fatal Error] :1:1: Premature end of file.
2025-12-13 15:07:50,493 [ERROR] LogOutputStream:75 - [STDERR_REDIRECT] 
2025-12-13 15:07:51,446 [ERROR] LogOutputStream:75 - [STDERR_REDIRECT] [Fatal Error] :1:1: Premature end of file.
2025-12-13 15:07:51,446 [ERROR] LogOutputStream:75 - [STDERR_REDIRECT] 
2025-12-13 15:07:52,444 [ERROR] LogOutputStream:75 - [STDERR_REDIRECT] [Fatal Error] :1:1: Premature end of file.
2025-12-13 15:07:52,444 [ERROR] LogOutputStream:75 - [STDERR_REDIRECT] 
2025-12-13 15:07:53,451 [ERROR] LogOutputStream:75 - [STDERR_REDIRECT] [Fatal Error] :1:1: Premature end of file.
2025-12-13 15:07:53,451 [ERROR] LogOutputStream:75 - [STDERR_REDIRECT] 
2025-12-13 15:07:54,442 [ERROR] LogOutputStream:75 - [STDERR_REDIRECT] [Fatal Error] :1:1: Premature end of file.
2025-12-13 15:07:54,442 [ERROR] LogOutputStream:75 - [STDERR_REDIRECT] 
2025-12-13 15:07:55,446 [ERROR] LogOutputStream:75 - [STDERR_REDIRECT] [Fatal Error] :1:1: Premature end of file.
2025-12-13 15:07:55,446 [ERROR] LogOutputStream:75 - [STDERR_REDIRECT] 
2025-12-13 15:07:56,440 [ERROR] LogOutputStream:75 - [STDERR_REDIRECT] [Fatal Error] :1:1: Premature end of file.
2025-12-13 15:07:56,440 [ERROR] LogOutputStream:75 - [STDERR_REDIRECT] 
2025-12-13 15:07:57,444 [ERROR] LogOutputStream:75 - [STDERR_REDIRECT] [Fatal Error] :1:1: Premature end of file.
2025-12-13 15:07:57,444 [ERROR] LogOutputStream:75 - [STDERR_REDIRECT] 
2025-12-13 15:07:58,439 [ERROR] LogOutputStream:75 - [STDERR_REDIRECT] [Fatal Error] :1:1: Premature end of file.
2025-12-13 15:07:58,439 [ERROR] LogOutputStream:75 - [STDERR_REDIRECT] 
2025-12-13 15:07:59,444 [ERROR] LogOutputStream:75 - [STDERR_REDIRECT] [Fatal Error] :1:1: Premature end of file.
2025-12-13 15:07:59,444 [ERROR] LogOutputStream:75 - [STDERR_REDIRECT] 
2025-12-13 15:08:00,445 [ERROR] LogOutputStream:75 - [STDERR_REDIRECT] [Fatal Error] :1:1: Premature end of file.
2025-12-13 15:08:00,446 [ERROR] LogOutputStream:75 - [STDERR_REDIRECT] 
2025-12-13 15:08:01,440 [ERROR] LogOutputStream:75 - [STDERR_REDIRECT] [Fatal Error] :1:1: Premature end of file.
2025-12-13 15:08:01,440 [ERROR] LogOutputStream:75 - [STDERR_REDIRECT] 
2025-12-13 15:08:02,475 [ERROR] LogOutputStream:75 - [STDERR_REDIRECT] [Fatal Error] :1:1: Premature end of file.
2025-12-13 15:08:02,476 [ERROR] LogOutputStream:75 - [STDERR_REDIRECT] 
2025-12-13 15:08:03,431 [ERROR] LogOutputStream:75 - [STDERR_REDIRECT] [Fatal Error] :1:1: Premature end of file.
2025-12-13 15:08:03,431 [ERROR] LogOutputStream:75 - [STDERR_REDIRECT] 
2025-12-13 15:08:04,448 [ERROR] LogOutputStream:75 - [STDERR_REDIRECT] [Fatal Error] :1:1: Premature end of file.
2025-12-13 15:08:04,448 [ERROR] LogOutputStream:75 - [STDERR_REDIRECT] 
2025-12-13 15:08:05,499 [ERROR] LogOutputStream:75 - [STDERR_REDIRECT] [Fatal Error] :1:1: Premature end of file.
2025-12-13 15:08:05,499 [ERROR] LogOutputStream:75 - [STDERR_REDIRECT] 
2025-12-13 15:08:06,511 [ERROR] LogOutputStream:75 - [STDERR_REDIRECT] [Fatal Error] :1:1: Premature end of file.
2025-12-13 15:08:06,511 [ERROR] LogOutputStream:75 - [STDERR_REDIRECT] 
2025-12-13 15:08:07,506 [ERROR] LogOutputStream:75 - [STDERR_REDIRECT] [Fatal Error] :1:1: Premature end of file.
2025-12-13 15:08:07,506 [ERROR] LogOutputStream:75 - [STDERR_REDIRECT] 
2025-12-13 15:08:08,483 [ERROR] LogOutputStream:75 - [STDERR_REDIRECT] [Fatal Error] :1:1: Premature end of file.
2025-12-13 15:08:08,483 [ERROR] LogOutputStream:75 - [STDERR_REDIRECT] 
2025-12-13 15:08:09,442 [ERROR] LogOutputStream:75 - [STDERR_REDIRECT] [Fatal Error] :1:1: Premature end of file.
2025-12-13 15:08:09,442 [ERROR] LogOutputStream:75 - [STDERR_REDIRECT] 
2025-12-13 15:08:10,446 [ERROR] LogOutputStream:75 - [STDERR_REDIRECT] [Fatal Error] :1:1: Premature end of file.
2025-12-13 15:08:10,446 [ERROR] LogOutputStream:75 - [STDERR_REDIRECT] 
2025-12-13 15:08:11,442 [ERROR] LogOutputStream:75 - [STDERR_REDIRECT] [Fatal Error] :1:1: Premature end of file.
2025-12-13 15:08:11,442 [ERROR] LogOutputStream:75 - [STDERR_REDIRECT] 
2025-12-13 15:08:12,431 [ERROR] LogOutputStream:75 - [STDERR_REDIRECT] [Fatal Error] :1:1: Premature end of file.
2025-12-13 15:08:12,431 [ERROR] LogOutputStream:75 - [STDERR_REDIRECT] 
2025-12-13 15:08:13,445 [ERROR] LogOutputStream:75 - [STDERR_REDIRECT] [Fatal Error] :1:1: Premature end of file.
2025-12-13 15:08:13,445 [ERROR] LogOutputStream:75 - [STDERR_REDIRECT] 
2025-12-13 15:08:14,446 [ERROR] LogOutputStream:75 - [STDERR_REDIRECT] [Fatal Error] :1:1: Premature end of file.
2025-12-13 15:08:14,446 [ERROR] LogOutputStream:75 - [STDERR_REDIRECT] 
2025-12-13 15:08:15,450 [ERROR] LogOutputStream:75 - [STDERR_REDIRECT] [Fatal Error] :1:1: Premature end of file.
2025-12-13 15:08:15,451 [ERROR] LogOutputStream:75 - [STDERR_REDIRECT] 
2025-12-13 15:08:16,448 [ERROR] LogOutputStream:75 - [STDERR_REDIRECT] [Fatal Error] :1:1: Premature end of file.
2025-12-13 15:08:16,448 [ERROR] LogOutputStream:75 - [STDERR_REDIRECT] 
2025-12-13 15:08:17,446 [ERROR] LogOutputStream:75 - [STDERR_REDIRECT] [Fatal Error] :1:1: Premature end of file.
2025-12-13 15:08:17,446 [ERROR] LogOutputStream:75 - [STDERR_REDIRECT] 
2025-12-13 15:08:18,443 [ERROR] LogOutputStream:75 - [STDERR_REDIRECT] [Fatal Error] :1:1: Premature end of file.
2025-12-13 15:08:18,443 [ERROR] LogOutputStream:75 - [STDERR_REDIRECT] 
2025-12-13 15:08:19,444 [ERROR] LogOutputStream:75 - [STDERR_REDIRECT] [Fatal Error] :1:1: Premature end of file.
2025-12-13 15:08:19,444 [ERROR] LogOutputStream:75 - [STDERR_REDIRECT] 
2025-12-13 15:08:20,454 [ERROR] LogOutputStream:75 - [STDERR_REDIRECT] [Fatal Error] :1:1: Premature end of file.
2025-12-13 15:08:20,454 [ERROR] LogOutputStream:75 - [STDERR_REDIRECT] 
2025-12-13 15:08:21,445 [ERROR] LogOutputStream:75 - [STDERR_REDIRECT] [Fatal Error] :1:1: Premature end of file.
2025-12-13 15:08:21,445 [ERROR] LogOutputStream:75 - [STDERR_REDIRECT] 
2025-12-13 15:08:22,442 [ERROR] LogOutputStream:75 - [STDERR_REDIRECT] [Fatal Error] :1:1: Premature end of file.
2025-12-13 15:08:22,442 [ERROR] LogOutputStream:75 - [STDERR_REDIRECT] 
2025-12-13 15:08:23,442 [ERROR] LogOutputStream:75 - [STDERR_REDIRECT] [Fatal Error] :1:1: Premature end of file.
2025-12-13 15:08:23,443 [ERROR] LogOutputStream:75 - [STDERR_REDIRECT] 
2025-12-13 15:08:24,441 [ERROR] LogOutputStream:75 - [STDERR_REDIRECT] [Fatal Error] :1:1: Premature end of file.
2025-12-13 15:08:24,441 [ERROR] LogOutputStream:75 - [STDERR_REDIRECT] 
2025-12-13 15:08:25,439 [ERROR] LogOutputStream:75 - [STDERR_REDIRECT] [Fatal Error] :1:1: Premature end of file.
2025-12-13 15:08:25,439 [ERROR] LogOutputStream:75 - [STDERR_REDIRECT] 
2025-12-13 15:08:26,444 [ERROR] LogOutputStream:75 - [STDERR_REDIRECT] [Fatal Error] :1:1: Premature end of file.
2025-12-13 15:08:26,444 [ERROR] LogOutputStream:75 - [STDERR_REDIRECT] 
2025-12-13 15:08:27,441 [ERROR] LogOutputStream:75 - [STDERR_REDIRECT] [Fatal Error] :1:1: Premature end of file.
2025-12-13 15:08:27,441 [ERROR] LogOutputStream:75 - [STDERR_REDIRECT] 
2025-12-13 15:08:28,441 [ERROR] LogOutputStream:75 - [STDERR_REDIRECT] [Fatal Error] :1:1: Premature end of file.
2025-12-13 15:08:28,441 [ERROR] LogOutputStream:75 - [STDERR_REDIRECT] 
2025-12-13 15:08:29,440 [ERROR] LogOutputStream:75 - [STDERR_REDIRECT] [Fatal Error] :1:1: Premature end of file.
2025-12-13 15:08:29,440 [ERROR] LogOutputStream:75 - [STDERR_REDIRECT] 
2025-12-13 15:08:30,440 [ERROR] LogOutputStream:75 - [STDERR_REDIRECT] [Fatal Error] :1:1: Premature end of file.
2025-12-13 15:08:30,440 [ERROR] LogOutputStream:75 - [STDERR_REDIRECT] 
2025-12-13 15:08:31,441 [ERROR] LogOutputStream:75 - [STDERR_REDIRECT] [Fatal Error] :1:1: Premature end of file.
2025-12-13 15:08:31,441 [ERROR] LogOutputStream:75 - [STDERR_REDIRECT] 
2025-12-13 15:08:32,463 [ERROR] LogOutputStream:75 - [STDERR_REDIRECT] [Fatal Error] :1:1: Premature end of file.
2025-12-13 15:08:32,464 [ERROR] LogOutputStream:75 - [STDERR_REDIRECT] 
2025-12-13 15:08:33,485 [ERROR] LogOutputStream:75 - [STDERR_REDIRECT] [Fatal Error] :1:1: Premature end of file.
2025-12-13 15:08:33,485 [ERROR] LogOutputStream:75 - [STDERR_REDIRECT] 
2025-12-13 15:08:34,478 [ERROR] LogOutputStream:75 - [STDERR_REDIRECT] [Fatal Error] :1:1: Premature end of file.
2025-12-13 15:08:34,478 [ERROR] LogOutputStream:75 - [STDERR_REDIRECT] 
2025-12-13 15:08:35,450 [ERROR] LogOutputStream:75 - [STDERR_REDIRECT] [Fatal Error] :1:1: Premature end of file.
2025-12-13 15:08:35,451 [ERROR] LogOutputStream:75 - [STDERR_REDIRECT] 
2025-12-13 15:08:36,441 [ERROR] LogOutputStream:75 - [STDERR_REDIRECT] [Fatal Error] :1:1: Premature end of file.
2025-12-13 15:08:36,442 [ERROR] LogOutputStream:75 - [STDERR_REDIRECT] 
2025-12-13 15:08:37,441 [ERROR] LogOutputStream:75 - [STDERR_REDIRECT] [Fatal Error] :1:1: Premature end of file.
2025-12-13 15:08:37,441 [ERROR] LogOutputStream:75 - [STDERR_REDIRECT] 
2025-12-13 15:08:38,457 [ERROR] LogOutputStream:75 - [STDERR_REDIRECT] [Fatal Error] :1:1: Premature end of file.
2025-12-13 15:08:38,457 [ERROR] LogOutputStream:75 - [STDERR_REDIRECT] 
2025-12-13 15:08:39,441 [ERROR] LogOutputStream:75 - [STDERR_REDIRECT] [Fatal Error] :1:1: Premature end of file.
2025-12-13 15:08:39,441 [ERROR] LogOutputStream:75 - [STDERR_REDIRECT] 
2025-12-13 15:08:40,450 [ERROR] LogOutputStream:75 - [STDERR_REDIRECT] [Fatal Error] :1:1: Premature end of file.
2025-12-13 15:08:40,450 [ERROR] LogOutputStream:75 - [STDERR_REDIRECT] 
2025-12-13 15:08:41,430 [ERROR] LogOutputStream:75 - [STDERR_REDIRECT] [Fatal Error] :1:1: Premature end of file.
2025-12-13 15:08:41,430 [ERROR] LogOutputStream:75 - [STDERR_REDIRECT] 
2025-12-13 15:08:42,439 [ERROR] LogOutputStream:75 - [STDERR_REDIRECT] [Fatal Error] :1:1: Premature end of file.
2025-12-13 15:08:42,439 [ERROR] LogOutputStream:75 - [STDERR_REDIRECT] 
2025-12-13 15:08:43,435 [ERROR] LogOutputStream:75 - [STDERR_REDIRECT] [Fatal Error] :1:1: Premature end of file.
2025-12-13 15:08:43,435 [ERROR] LogOutputStream:75 - [STDERR_REDIRECT] 
2025-12-13 15:08:44,442 [ERROR] LogOutputStream:75 - [STDERR_REDIRECT] [Fatal Error] :1:1: Premature end of file.
2025-12-13 15:08:44,443 [ERROR] LogOutputStream:75 - [STDERR_REDIRECT] 
2025-12-13 15:08:45,445 [ERROR] LogOutputStream:75 - [STDERR_REDIRECT] [Fatal Error] :1:1: Premature end of file.
2025-12-13 15:08:45,445 [ERROR] LogOutputStream:75 - [STDERR_REDIRECT] 
2025-12-13 15:08:46,485 [ERROR] LogOutputStream:75 - [STDERR_REDIRECT] [Fatal Error] :1:1: Premature end of file.
2025-12-13 15:08:46,488 [ERROR] LogOutputStream:75 - [STDERR_REDIRECT] 
2025-12-13 15:08:47,442 [ERROR] LogOutputStream:75 - [STDERR_REDIRECT] [Fatal Error] :1:1: Premature end of file.
2025-12-13 15:08:47,442 [ERROR] LogOutputStream:75 - [STDERR_REDIRECT] 
2025-12-13 15:08:48,448 [ERROR] LogOutputStream:75 - [STDERR_REDIRECT] [Fatal Error] :1:1: Premature end of file.
2025-12-13 15:08:48,448 [ERROR] LogOutputStream:75 - [STDERR_REDIRECT] 
2025-12-13 15:08:49,442 [ERROR] LogOutputStream:75 - [STDERR_REDIRECT] [Fatal Error] :1:1: Premature end of file.
2025-12-13 15:08:49,442 [ERROR] LogOutputStream:75 - [STDERR_REDIRECT] 
2025-12-13 15:08:50,442 [ERROR] LogOutputStream:75 - [STDERR_REDIRECT] [Fatal Error] :1:1: Premature end of file.
2025-12-13 15:08:50,442 [ERROR] LogOutputStream:75 - [STDERR_REDIRECT] 
2025-12-13 15:08:51,445 [ERROR] LogOutputStream:75 - [STDERR_REDIRECT] [Fatal Error] :1:1: Premature end of file.
2025-12-13 15:08:51,446 [ERROR] LogOutputStream:75 - [STDERR_REDIRECT] 
2025-12-13 15:08:52,445 [ERROR] LogOutputStream:75 - [STDERR_REDIRECT] [Fatal Error] :1:1: Premature end of file.
2025-12-13 15:08:52,445 [ERROR] LogOutputStream:75 - [STDERR_REDIRECT] 
2025-12-13 15:08:53,440 [ERROR] LogOutputStream:75 - [STDERR_REDIRECT] [Fatal Error] :1:1: Premature end of file.
2025-12-13 15:08:53,440 [ERROR] LogOutputStream:75 - [STDERR_REDIRECT] 
2025-12-13 15:08:54,449 [ERROR] LogOutputStream:75 - [STDERR_REDIRECT] [Fatal Error] :1:1: Premature end of file.
2025-12-13 15:08:54,449 [ERROR] LogOutputStream:75 - [STDERR_REDIRECT] 
2025-12-13 15:08:55,439 [ERROR] LogOutputStream:75 - [STDERR_REDIRECT] [Fatal Error] :1:1: Premature end of file.
2025-12-13 15:08:55,439 [ERROR] LogOutputStream:75 - [STDERR_REDIRECT] 
2025-12-13 15:08:56,463 [ERROR] LogOutputStream:75 - [STDERR_REDIRECT] [Fatal Error] :1:1: Premature end of file.
2025-12-13 15:08:56,464 [ERROR] LogOutputStream:75 - [STDERR_REDIRECT] 
2025-12-13 15:08:57,444 [ERROR] LogOutputStream:75 - [STDERR_REDIRECT] [Fatal Error] :1:1: Premature end of file.
2025-12-13 15:08:57,444 [ERROR] LogOutputStream:75 - [STDERR_REDIRECT] 
2025-12-13 15:08:58,441 [ERROR] LogOutputStream:75 - [STDERR_REDIRECT] [Fatal Error] :1:1: Premature end of file.
2025-12-13 15:08:58,441 [ERROR] LogOutputStream:75 - [STDERR_REDIRECT] 
2025-12-13 15:08:59,437 [ERROR] LogOutputStream:75 - [STDERR_REDIRECT] [Fatal Error] :1:1: Premature end of file.
2025-12-13 15:08:59,437 [ERROR] LogOutputStream:75 - [STDERR_REDIRECT] 
2025-12-13 15:09:00,439 [ERROR] LogOutputStream:75 - [STDERR_REDIRECT] [Fatal Error] :1:1: Premature end of file.
2025-12-13 15:09:00,439 [ERROR] LogOutputStream:75 - [STDERR_REDIRECT] 
2025-12-13 15:09:01,438 [ERROR] LogOutputStream:75 - [STDERR_REDIRECT] [Fatal Error] :1:1: Premature end of file.
2025-12-13 15:09:01,438 [ERROR] LogOutputStream:75 - [STDERR_REDIRECT] 
2025-12-13 15:09:02,445 [ERROR] LogOutputStream:75 - [STDERR_REDIRECT] [Fatal Error] :1:1: Premature end of file.
2025-12-13 15:09:02,446 [ERROR] LogOutputStream:75 - [STDERR_REDIRECT] 
2025-12-13 15:09:03,443 [ERROR] LogOutputStream:75 - [STDERR_REDIRECT] [Fatal Error] :1:1: Premature end of file.
2025-12-13 15:09:03,444 [ERROR] LogOutputStream:75 - [STDERR_REDIRECT] 
2025-12-13 15:09:04,441 [ERROR] LogOutputStream:75 - [STDERR_REDIRECT] [Fatal Error] :1:1: Premature end of file.
2025-12-13 15:09:04,441 [ERROR] LogOutputStream:75 - [STDERR_REDIRECT] 
2025-12-13 15:09:05,440 [ERROR] LogOutputStream:75 - [STDERR_REDIRECT] [Fatal Error] :1:1: Premature end of file.
2025-12-13 15:09:05,440 [ERROR] LogOutputStream:75 - [STDERR_REDIRECT] 
2025-12-13 15:09:06,439 [ERROR] LogOutputStream:75 - [STDERR_REDIRECT] [Fatal Error] :1:1: Premature end of file.
2025-12-13 15:09:06,439 [ERROR] LogOutputStream:75 - [STDERR_REDIRECT] 
2025-12-13 15:09:07,443 [ERROR] LogOutputStream:75 - [STDERR_REDIRECT] [Fatal Error] :1:1: Premature end of file.
2025-12-13 15:09:07,443 [ERROR] LogOutputStream:75 - [STDERR_REDIRECT] 
2025-12-13 15:09:08,441 [ERROR] LogOutputStream:75 - [STDERR_REDIRECT] [Fatal Error] :1:1: Premature end of file.
2025-12-13 15:09:08,441 [ERROR] LogOutputStream:75 - [STDERR_REDIRECT] 
2025-12-13 15:09:09,436 [ERROR] LogOutputStream:75 - [STDERR_REDIRECT] [Fatal Error] :1:1: Premature end of file.
2025-12-13 15:09:09,436 [ERROR] LogOutputStream:75 - [STDERR_REDIRECT] 
2025-12-13 15:09:10,440 [ERROR] LogOutputStream:75 - [STDERR_REDIRECT] [Fatal Error] :1:1: Premature end of file.
2025-12-13 15:09:10,440 [ERROR] LogOutputStream:75 - [STDERR_REDIRECT] 
2025-12-13 15:09:11,437 [ERROR] LogOutputStream:75 - [STDERR_REDIRECT] [Fatal Error] :1:1: Premature end of file.
2025-12-13 15:09:11,459 [ERROR] LogOutputStream:75 - [STDERR_REDIRECT] 
2025-12-13 15:09:12,438 [ERROR] LogOutputStream:75 - [STDERR_REDIRECT] [Fatal Error] :1:1: Premature end of file.
2025-12-13 15:09:12,438 [ERROR] LogOutputStream:75 - [STDERR_REDIRECT] 
2025-12-13 15:09:13,431 [ERROR] LogOutputStream:75 - [STDERR_REDIRECT] [Fatal Error] :1:1: Premature end of file.
2025-12-13 15:09:13,432 [ERROR] LogOutputStream:75 - [STDERR_REDIRECT] 
2025-12-13 15:09:14,441 [ERROR] LogOutputStream:75 - [STDERR_REDIRECT] [Fatal Error] :1:1: Premature end of file.
2025-12-13 15:09:14,441 [ERROR] LogOutputStream:75 - [STDERR_REDIRECT] 
2025-12-13 15:09:15,442 [ERROR] LogOutputStream:75 - [STDERR_REDIRECT] [Fatal Error] :1:1: Premature end of file.
2025-12-13 15:09:15,442 [ERROR] LogOutputStream:75 - [STDERR_REDIRECT] 
2025-12-13 15:09:16,443 [ERROR] LogOutputStream:75 - [STDERR_REDIRECT] [Fatal Error] :1:1: Premature end of file.
2025-12-13 15:09:16,443 [ERROR] LogOutputStream:75 - [STDERR_REDIRECT] 
2025-12-13 15:09:17,440 [ERROR] LogOutputStream:75 - [STDERR_REDIRECT] [Fatal Error] :1:1: Premature end of file.
2025-12-13 15:09:17,440 [ERROR] LogOutputStream:75 - [STDERR_REDIRECT] 
2025-12-13 15:09:18,440 [ERROR] LogOutputStream:75 - [STDERR_REDIRECT] [Fatal Error] :1:1: Premature end of file.
2025-12-13 15:09:18,441 [ERROR] LogOutputStream:75 - [STDERR_REDIRECT] 
2025-12-13 15:09:19,457 [ERROR] LogOutputStream:75 - [STDERR_REDIRECT] [Fatal Error] :1:1: Premature end of file.
2025-12-13 15:09:19,457 [ERROR] LogOutputStream:75 - [STDERR_REDIRECT] 
2025-12-13 15:09:20,443 [ERROR] LogOutputStream:75 - [STDERR_REDIRECT] [Fatal Error] :1:1: Premature end of file.
2025-12-13 15:09:20,443 [ERROR] LogOutputStream:75 - [STDERR_REDIRECT] 
2025-12-13 15:09:21,441 [ERROR] LogOutputStream:75 - [STDERR_REDIRECT] [Fatal Error] :1:1: Premature end of file.
2025-12-13 15:09:21,442 [ERROR] LogOutputStream:75 - [STDERR_REDIRECT] 
2025-12-13 15:09:22,440 [ERROR] LogOutputStream:75 - [STDERR_REDIRECT] [Fatal Error] :1:1: Premature end of file.
2025-12-13 15:09:22,440 [ERROR] LogOutputStream:75 - [STDERR_REDIRECT] 
2025-12-13 15:09:23,439 [ERROR] LogOutputStream:75 - [STDERR_REDIRECT] [Fatal Error] :1:1: Premature end of file.
2025-12-13 15:09:23,439 [ERROR] LogOutputStream:75 - [STDERR_REDIRECT] 
2025-12-13 15:09:24,441 [ERROR] LogOutputStream:75 - [STDERR_REDIRECT] [Fatal Error] :1:1: Premature end of file.
2025-12-13 15:09:24,441 [ERROR] LogOutputStream:75 - [STDERR_REDIRECT] 
2025-12-13 15:09:25,446 [ERROR] LogOutputStream:75 - [STDERR_REDIRECT] [Fatal Error] :1:1: Premature end of file.
2025-12-13 15:09:25,447 [ERROR] LogOutputStream:75 - [STDERR_REDIRECT] 
2025-12-13 15:09:26,446 [ERROR] LogOutputStream:75 - [STDERR_REDIRECT] [Fatal Error] :1:1: Premature end of file.
2025-12-13 15:09:26,446 [ERROR] LogOutputStream:75 - [STDERR_REDIRECT] 
2025-12-13 15:09:27,439 [ERROR] LogOutputStream:75 - [STDERR_REDIRECT] [Fatal Error] :1:1: Premature end of file.
2025-12-13 15:09:27,439 [ERROR] LogOutputStream:75 - [STDERR_REDIRECT] 
2025-12-13 15:09:28,441 [ERROR] LogOutputStream:75 - [STDERR_REDIRECT] [Fatal Error] :1:1: Premature end of file.
2025-12-13 15:09:28,442 [ERROR] LogOutputStream:75 - [STDERR_REDIRECT] 
2025-12-13 15:09:29,440 [ERROR] LogOutputStream:75 - [STDERR_REDIRECT] [Fatal Error] :1:1: Premature end of file.
2025-12-13 15:09:29,441 [ERROR] LogOutputStream:75 - [STDERR_REDIRECT] 
2025-12-13 15:09:30,442 [ERROR] LogOutputStream:75 - [STDERR_REDIRECT] [Fatal Error] :1:1: Premature end of file.
2025-12-13 15:09:30,442 [ERROR] LogOutputStream:75 - [STDERR_REDIRECT] 
2025-12-13 15:09:31,446 [ERROR] LogOutputStream:75 - [STDERR_REDIRECT] [Fatal Error] :1:1: Premature end of file.
2025-12-13 15:09:31,446 [ERROR] LogOutputStream:75 - [STDERR_REDIRECT] 
2025-12-13 15:09:32,447 [ERROR] LogOutputStream:75 - [STDERR_REDIRECT] [Fatal Error] :1:1: Premature end of file.
2025-12-13 15:09:32,447 [ERROR] LogOutputStream:75 - [STDERR_REDIRECT] 
2025-12-13 15:09:33,447 [ERROR] LogOutputStream:75 - [STDERR_REDIRECT] [Fatal Error] :1:1: Premature end of file.
2025-12-13 15:09:33,448 [ERROR] LogOutputStream:75 - [STDERR_REDIRECT] 
2025-12-13 15:09:34,446 [ERROR] LogOutputStream:75 - [STDERR_REDIRECT] [Fatal Error] :1:1: Premature end of file.
2025-12-13 15:09:34,446 [ERROR] LogOutputStream:75 - [STDERR_REDIRECT] 
2025-12-13 15:09:35,448 [ERROR] LogOutputStream:75 - [STDERR_REDIRECT] [Fatal Error] :1:1: Premature end of file.
2025-12-13 15:09:35,448 [ERROR] LogOutputStream:75 - [STDERR_REDIRECT] 
2025-12-13 15:09:36,437 [ERROR] LogOutputStream:75 - [STDERR_REDIRECT] [Fatal Error] :1:1: Premature end of file.
2025-12-13 15:09:36,437 [ERROR] LogOutputStream:75 - [STDERR_REDIRECT] 
2025-12-13 15:09:37,442 [ERROR] LogOutputStream:75 - [STDERR_REDIRECT] [Fatal Error] :1:1: Premature end of file.
2025-12-13 15:09:37,443 [ERROR] LogOutputStream:75 - [STDERR_REDIRECT] 
2025-12-13 15:09:38,445 [ERROR] LogOutputStream:75 - [STDERR_REDIRECT] [Fatal Error] :1:1: Premature end of file.
2025-12-13 15:09:38,445 [ERROR] LogOutputStream:75 - [STDERR_REDIRECT] 
2025-12-13 15:09:39,443 [ERROR] LogOutputStream:75 - [STDERR_REDIRECT] [Fatal Error] :1:1: Premature end of file.
2025-12-13 15:09:39,443 [ERROR] LogOutputStream:75 - [STDERR_REDIRECT] 
2025-12-13 15:09:40,440 [ERROR] LogOutputStream:75 - [STDERR_REDIRECT] [Fatal Error] :1:1: Premature end of file.
2025-12-13 15:09:40,440 [ERROR] LogOutputStream:75 - [STDERR_REDIRECT] 
2025-12-13 15:09:41,444 [ERROR] LogOutputStream:75 - [STDERR_REDIRECT] [Fatal Error] :1:1: Premature end of file.
2025-12-13 15:09:41,444 [ERROR] LogOutputStream:75 - [STDERR_REDIRECT] 
2025-12-13 15:09:42,442 [ERROR] LogOutputStream:75 - [STDERR_REDIRECT] [Fatal Error] :1:1: Premature end of file.
2025-12-13 15:09:42,442 [ERROR] LogOutputStream:75 - [STDERR_REDIRECT] 
2025-12-13 15:09:43,439 [ERROR] LogOutputStream:75 - [STDERR_REDIRECT] [Fatal Error] :1:1: Premature end of file.
2025-12-13 15:09:43,439 [ERROR] LogOutputStream:75 - [STDERR_REDIRECT] 
2025-12-13 15:09:44,445 [ERROR] LogOutputStream:75 - [STDERR_REDIRECT] [Fatal Error] :1:1: Premature end of file.
2025-12-13 15:09:44,445 [ERROR] LogOutputStream:75 - [STDERR_REDIRECT] 
2025-12-13 15:09:45,432 [ERROR] LogOutputStream:75 - [STDERR_REDIRECT] [Fatal Error] :1:1: Premature end of file.
2025-12-13 15:09:45,432 [ERROR] LogOutputStream:75 - [STDERR_REDIRECT] 
2025-12-13 15:09:46,438 [ERROR] LogOutputStream:75 - [STDERR_REDIRECT] [Fatal Error] :1:1: Premature end of file.
2025-12-13 15:09:46,438 [ERROR] LogOutputStream:75 - [STDERR_REDIRECT] 
2025-12-13 15:09:47,442 [ERROR] LogOutputStream:75 - [STDERR_REDIRECT] [Fatal Error] :1:1: Premature end of file.
2025-12-13 15:09:47,442 [ERROR] LogOutputStream:75 - [STDERR_REDIRECT] 
2025-12-13 15:09:48,440 [ERROR] LogOutputStream:75 - [STDERR_REDIRECT] [Fatal Error] :1:1: Premature end of file.
2025-12-13 15:09:48,440 [ERROR] LogOutputStream:75 - [STDERR_REDIRECT] 
2025-12-13 15:09:49,444 [ERROR] LogOutputStream:75 - [STDERR_REDIRECT] [Fatal Error] :1:1: Premature end of file.
2025-12-13 15:09:49,444 [ERROR] LogOutputStream:75 - [STDERR_REDIRECT] 
2025-12-13 15:09:50,450 [ERROR] LogOutputStream:75 - [STDERR_REDIRECT] [Fatal Error] :1:1: Premature end of file.
2025-12-13 15:09:50,450 [ERROR] LogOutputStream:75 - [STDERR_REDIRECT] 
2025-12-13 15:09:51,447 [ERROR] LogOutputStream:75 - [STDERR_REDIRECT] [Fatal Error] :1:1: Premature end of file.
2025-12-13 15:09:51,448 [ERROR] LogOutputStream:75 - [STDERR_REDIRECT] 
2025-12-13 15:09:52,427 [ERROR] LogOutputStream:75 - [STDERR_REDIRECT] [Fatal Error] :1:1: Premature end of file.
2025-12-13 15:09:52,428 [ERROR] LogOutputStream:75 - [STDERR_REDIRECT] 
2025-12-13 15:09:53,436 [ERROR] LogOutputStream:75 - [STDERR_REDIRECT] [Fatal Error] :1:1: Premature end of file.
2025-12-13 15:09:53,436 [ERROR] LogOutputStream:75 - [STDERR_REDIRECT] 
2025-12-13 15:09:54,433 [ERROR] LogOutputStream:75 - [STDERR_REDIRECT] [Fatal Error] :1:1: Premature end of file.
2025-12-13 15:09:54,435 [ERROR] LogOutputStream:75 - [STDERR_REDIRECT] 
2025-12-13 15:09:55,434 [ERROR] LogOutputStream:75 - [STDERR_REDIRECT] [Fatal Error] :1:1: Premature end of file.
2025-12-13 15:09:55,436 [ERROR] LogOutputStream:75 - [STDERR_REDIRECT] 
2025-12-13 15:09:56,429 [ERROR] LogOutputStream:75 - [STDERR_REDIRECT] [Fatal Error] :1:1: Premature end of file.
2025-12-13 15:09:56,434 [ERROR] LogOutputStream:75 - [STDERR_REDIRECT] 
2025-12-13 15:09:57,438 [ERROR] LogOutputStream:75 - [STDERR_REDIRECT] [Fatal Error] :1:1: Premature end of file.
2025-12-13 15:09:57,438 [ERROR] LogOutputStream:75 - [STDERR_REDIRECT] 
2025-12-13 15:09:58,438 [ERROR] LogOutputStream:75 - [STDERR_REDIRECT] [Fatal Error] :1:1: Premature end of file.
2025-12-13 15:09:58,438 [ERROR] LogOutputStream:75 - [STDERR_REDIRECT] 
2025-12-13 15:09:59,443 [ERROR] LogOutputStream:75 - [STDERR_REDIRECT] [Fatal Error] :1:1: Premature end of file.
2025-12-13 15:09:59,443 [ERROR] LogOutputStream:75 - [STDERR_REDIRECT] 
2025-12-13 15:09:59,605 [INFO] UtilMem:75 - End SaveConfig() Used Memory: 811389440 Bytes (1073741824)
2025-12-13 15:10:00,438 [ERROR] LogOutputStream:75 - [STDERR_REDIRECT] [Fatal Error] :1:1: Premature end of file.
2025-12-13 15:10:00,438 [ERROR] LogOutputStream:75 - [STDERR_REDIRECT] 
2025-12-13 15:10:01,435 [ERROR] LogOutputStream:75 - [STDERR_REDIRECT] [Fatal Error] :1:1: Premature end of file.
2025-12-13 15:10:01,436 [ERROR] LogOutputStream:75 - [STDERR_REDIRECT] 
2025-12-13 15:10:02,442 [ERROR] LogOutputStream:75 - [STDERR_REDIRECT] [Fatal Error] :1:1: Premature end of file.
2025-12-13 15:10:02,442 [ERROR] LogOutputStream:75 - [STDERR_REDIRECT] 
2025-12-13 15:10:03,438 [ERROR] LogOutputStream:75 - [STDERR_REDIRECT] [Fatal Error] :1:1: Premature end of file.
2025-12-13 15:10:03,438 [ERROR] LogOutputStream:75 - [STDERR_REDIRECT] 
2025-12-13 15:10:04,442 [ERROR] LogOutputStream:75 - [STDERR_REDIRECT] [Fatal Error] :1:1: Premature end of file.
2025-12-13 15:10:04,442 [ERROR] LogOutputStream:75 - [STDERR_REDIRECT] 
2025-12-13 15:10:05,439 [ERROR] LogOutputStream:75 - [STDERR_REDIRECT] [Fatal Error] :1:1: Premature end of file.
2025-12-13 15:10:05,439 [ERROR] LogOutputStream:75 - [STDERR_REDIRECT] 
2025-12-13 15:10:06,436 [ERROR] LogOutputStream:75 - [STDERR_REDIRECT] [Fatal Error] :1:1: Premature end of file.
2025-12-13 15:10:06,436 [ERROR] LogOutputStream:75 - [STDERR_REDIRECT] 
2025-12-13 15:10:07,441 [ERROR] LogOutputStream:75 - [STDERR_REDIRECT] [Fatal Error] :1:1: Premature end of file.
2025-12-13 15:10:07,441 [ERROR] LogOutputStream:75 - [STDERR_REDIRECT] 
2025-12-13 15:10:08,441 [ERROR] LogOutputStream:75 - [STDERR_REDIRECT] [Fatal Error] :1:1: Premature end of file.
2025-12-13 15:10:08,441 [ERROR] LogOutputStream:75 - [STDERR_REDIRECT] 
2025-12-13 15:10:09,441 [ERROR] LogOutputStream:75 - [STDERR_REDIRECT] [Fatal Error] :1:1: Premature end of file.
2025-12-13 15:10:09,441 [ERROR] LogOutputStream:75 - [STDERR_REDIRECT] 
2025-12-13 15:10:10,438 [ERROR] LogOutputStream:75 - [STDERR_REDIRECT] [Fatal Error] :1:1: Premature end of file.
2025-12-13 15:10:10,438 [ERROR] LogOutputStream:75 - [STDERR_REDIRECT] 
2025-12-13 15:10:11,442 [ERROR] LogOutputStream:75 - [STDERR_REDIRECT] [Fatal Error] :1:1: Premature end of file.
2025-12-13 15:10:11,442 [ERROR] LogOutputStream:75 - [STDERR_REDIRECT] 
2025-12-13 15:10:12,439 [ERROR] LogOutputStream:75 - [STDERR_REDIRECT] [Fatal Error] :1:1: Premature end of file.
2025-12-13 15:10:12,439 [ERROR] LogOutputStream:75 - [STDERR_REDIRECT] 
2025-12-13 15:10:13,440 [ERROR] LogOutputStream:75 - [STDERR_REDIRECT] [Fatal Error] :1:1: Premature end of file.
2025-12-13 15:10:13,440 [ERROR] LogOutputStream:75 - [STDERR_REDIRECT] 
2025-12-13 15:10:14,445 [ERROR] LogOutputStream:75 - [STDERR_REDIRECT] [Fatal Error] :1:1: Premature end of file.
2025-12-13 15:10:14,445 [ERROR] LogOutputStream:75 - [STDERR_REDIRECT] 
2025-12-13 15:10:15,437 [ERROR] LogOutputStream:75 - [STDERR_REDIRECT] [Fatal Error] :1:1: Premature end of file.
2025-12-13 15:10:15,437 [ERROR] LogOutputStream:75 - [STDERR_REDIRECT] 
2025-12-13 15:10:16,440 [ERROR] LogOutputStream:75 - [STDERR_REDIRECT] [Fatal Error] :1:1: Premature end of file.
2025-12-13 15:10:16,440 [ERROR] LogOutputStream:75 - [STDERR_REDIRECT] 
2025-12-13 15:10:17,438 [ERROR] LogOutputStream:75 - [STDERR_REDIRECT] [Fatal Error] :1:1: Premature end of file.
2025-12-13 15:10:17,439 [ERROR] LogOutputStream:75 - [STDERR_REDIRECT] 
2025-12-13 15:10:18,443 [ERROR] LogOutputStream:75 - [STDERR_REDIRECT] [Fatal Error] :1:1: Premature end of file.
2025-12-13 15:10:18,443 [ERROR] LogOutputStream:75 - [STDERR_REDIRECT] 
2025-12-13 15:10:19,439 [ERROR] LogOutputStream:75 - [STDERR_REDIRECT] [Fatal Error] :1:1: Premature end of file.
2025-12-13 15:10:19,440 [ERROR] LogOutputStream:75 - [STDERR_REDIRECT] 
2025-12-13 15:10:20,441 [ERROR] LogOutputStream:75 - [STDERR_REDIRECT] [Fatal Error] :1:1: Premature end of file.
2025-12-13 15:10:20,441 [ERROR] LogOutputStream:75 - [STDERR_REDIRECT] 
2025-12-13 15:10:21,441 [ERROR] LogOutputStream:75 - [STDERR_REDIRECT] [Fatal Error] :1:1: Premature end of file.
2025-12-13 15:10:21,441 [ERROR] LogOutputStream:75 - [STDERR_REDIRECT] 
2025-12-13 15:10:22,440 [ERROR] LogOutputStream:75 - [STDERR_REDIRECT] [Fatal Error] :1:1: Premature end of file.
2025-12-13 15:10:22,441 [ERROR] LogOutputStream:75 - [STDERR_REDIRECT] 
2025-12-13 15:10:23,441 [ERROR] LogOutputStream:75 - [STDERR_REDIRECT] [Fatal Error] :1:1: Premature end of file.
2025-12-13 15:10:23,441 [ERROR] LogOutputStream:75 - [STDERR_REDIRECT] 
2025-12-13 15:10:24,438 [ERROR] LogOutputStream:75 - [STDERR_REDIRECT] [Fatal Error] :1:1: Premature end of file.
2025-12-13 15:10:24,438 [ERROR] LogOutputStream:75 - [STDERR_REDIRECT] 
2025-12-13 15:10:25,437 [ERROR] LogOutputStream:75 - [STDERR_REDIRECT] [Fatal Error] :1:1: Premature end of file.
2025-12-13 15:10:25,438 [ERROR] LogOutputStream:75 - [STDERR_REDIRECT] 
2025-12-13 15:10:26,440 [ERROR] LogOutputStream:75 - [STDERR_REDIRECT] [Fatal Error] :1:1: Premature end of file.
2025-12-13 15:10:26,440 [ERROR] LogOutputStream:75 - [STDERR_REDIRECT] 
2025-12-13 15:10:27,441 [ERROR] LogOutputStream:75 - [STDERR_REDIRECT] [Fatal Error] :1:1: Premature end of file.
2025-12-13 15:10:27,442 [ERROR] LogOutputStream:75 - [STDERR_REDIRECT] 
2025-12-13 15:10:28,437 [ERROR] LogOutputStream:75 - [STDERR_REDIRECT] [Fatal Error] :1:1: Premature end of file.
2025-12-13 15:10:28,437 [ERROR] LogOutputStream:75 - [STDERR_REDIRECT] 
2025-12-13 15:10:29,438 [ERROR] LogOutputStream:75 - [STDERR_REDIRECT] [Fatal Error] :1:1: Premature end of file.
2025-12-13 15:10:29,439 [ERROR] LogOutputStream:75 - [STDERR_REDIRECT] 
2025-12-13 15:10:30,438 [ERROR] LogOutputStream:75 - [STDERR_REDIRECT] [Fatal Error] :1:1: Premature end of file.
2025-12-13 15:10:30,438 [ERROR] LogOutputStream:75 - [STDERR_REDIRECT] 
2025-12-13 15:10:31,442 [ERROR] LogOutputStream:75 - [STDERR_REDIRECT] [Fatal Error] :1:1: Premature end of file.
2025-12-13 15:10:31,442 [ERROR] LogOutputStream:75 - [STDERR_REDIRECT] 
2025-12-13 15:10:32,439 [ERROR] LogOutputStream:75 - [STDERR_REDIRECT] [Fatal Error] :1:1: Premature end of file.
2025-12-13 15:10:32,439 [ERROR] LogOutputStream:75 - [STDERR_REDIRECT] 
2025-12-13 15:10:33,441 [ERROR] LogOutputStream:75 - [STDERR_REDIRECT] [Fatal Error] :1:1: Premature end of file.
2025-12-13 15:10:33,441 [ERROR] LogOutputStream:75 - [STDERR_REDIRECT] 
2025-12-13 15:10:34,440 [ERROR] LogOutputStream:75 - [STDERR_REDIRECT] [Fatal Error] :1:1: Premature end of file.
2025-12-13 15:10:34,441 [ERROR] LogOutputStream:75 - [STDERR_REDIRECT] 
2025-12-13 15:10:35,442 [ERROR] LogOutputStream:75 - [STDERR_REDIRECT] [Fatal Error] :1:1: Premature end of file.
2025-12-13 15:10:35,442 [ERROR] LogOutputStream:75 - [STDERR_REDIRECT] 
2025-12-13 15:10:36,436 [ERROR] LogOutputStream:75 - [STDERR_REDIRECT] [Fatal Error] :1:1: Premature end of file.
2025-12-13 15:10:36,437 [ERROR] LogOutputStream:75 - [STDERR_REDIRECT] 
2025-12-13 15:10:37,458 [ERROR] LogOutputStream:75 - [STDERR_REDIRECT] [Fatal Error] :1:1: Premature end of file.
2025-12-13 15:10:37,458 [ERROR] LogOutputStream:75 - [STDERR_REDIRECT] 
2025-12-13 15:10:38,444 [ERROR] LogOutputStream:75 - [STDERR_REDIRECT] [Fatal Error] :1:1: Premature end of file.
2025-12-13 15:10:38,445 [ERROR] LogOutputStream:75 - [STDERR_REDIRECT] 
2025-12-13 15:10:39,438 [ERROR] LogOutputStream:75 - [STDERR_REDIRECT] [Fatal Error] :1:1: Premature end of file.
2025-12-13 15:10:39,438 [ERROR] LogOutputStream:75 - [STDERR_REDIRECT] 
2025-12-13 15:10:40,438 [ERROR] LogOutputStream:75 - [STDERR_REDIRECT] [Fatal Error] :1:1: Premature end of file.
2025-12-13 15:10:40,438 [ERROR] LogOutputStream:75 - [STDERR_REDIRECT] 
2025-12-13 15:10:41,440 [ERROR] LogOutputStream:75 - [STDERR_REDIRECT] [Fatal Error] :1:1: Premature end of file.
2025-12-13 15:10:41,440 [ERROR] LogOutputStream:75 - [STDERR_REDIRECT] 
2025-12-13 15:10:42,441 [ERROR] LogOutputStream:75 - [STDERR_REDIRECT] [Fatal Error] :1:1: Premature end of file.
2025-12-13 15:10:42,441 [ERROR] LogOutputStream:75 - [STDERR_REDIRECT] 
2025-12-13 15:10:43,453 [ERROR] LogOutputStream:75 - [STDERR_REDIRECT] [Fatal Error] :1:1: Premature end of file.
2025-12-13 15:10:43,453 [ERROR] LogOutputStream:75 - [STDERR_REDIRECT] 
2025-12-13 15:10:44,439 [ERROR] LogOutputStream:75 - [STDERR_REDIRECT] [Fatal Error] :1:1: Premature end of file.
2025-12-13 15:10:44,439 [ERROR] LogOutputStream:75 - [STDERR_REDIRECT] 
2025-12-13 15:10:45,442 [ERROR] LogOutputStream:75 - [STDERR_REDIRECT] [Fatal Error] :1:1: Premature end of file.
2025-12-13 15:10:45,443 [ERROR] LogOutputStream:75 - [STDERR_REDIRECT] 
2025-12-13 15:10:46,447 [ERROR] LogOutputStream:75 - [STDERR_REDIRECT] [Fatal Error] :1:1: Premature end of file.
2025-12-13 15:10:46,447 [ERROR] LogOutputStream:75 - [STDERR_REDIRECT] 
2025-12-13 15:10:47,437 [ERROR] LogOutputStream:75 - [STDERR_REDIRECT] [Fatal Error] :1:1: Premature end of file.
2025-12-13 15:10:47,437 [ERROR] LogOutputStream:75 - [STDERR_REDIRECT] 
2025-12-13 15:10:48,439 [ERROR] LogOutputStream:75 - [STDERR_REDIRECT] [Fatal Error] :1:1: Premature end of file.
2025-12-13 15:10:48,439 [ERROR] LogOutputStream:75 - [STDERR_REDIRECT] 
2025-12-13 15:10:49,442 [ERROR] LogOutputStream:75 - [STDERR_REDIRECT] [Fatal Error] :1:1: Premature end of file.
2025-12-13 15:10:49,444 [ERROR] LogOutputStream:75 - [STDERR_REDIRECT] 
2025-12-13 15:10:50,435 [ERROR] LogOutputStream:75 - [STDERR_REDIRECT] [Fatal Error] :1:1: Premature end of file.
2025-12-13 15:10:50,436 [ERROR] LogOutputStream:75 - [STDERR_REDIRECT] 
2025-12-13 15:10:51,440 [ERROR] LogOutputStream:75 - [STDERR_REDIRECT] [Fatal Error] :1:1: Premature end of file.
2025-12-13 15:10:51,440 [ERROR] LogOutputStream:75 - [STDERR_REDIRECT] 
2025-12-13 15:10:52,443 [ERROR] LogOutputStream:75 - [STDERR_REDIRECT] [Fatal Error] :1:1: Premature end of file.
2025-12-13 15:10:52,443 [ERROR] LogOutputStream:75 - [STDERR_REDIRECT] 
2025-12-13 15:10:53,441 [ERROR] LogOutputStream:75 - [STDERR_REDIRECT] [Fatal Error] :1:1: Premature end of file.
2025-12-13 15:10:53,441 [ERROR] LogOutputStream:75 - [STDERR_REDIRECT] 
2025-12-13 15:10:54,441 [ERROR] LogOutputStream:75 - [STDERR_REDIRECT] [Fatal Error] :1:1: Premature end of file.
2025-12-13 15:10:54,441 [ERROR] LogOutputStream:75 - [STDERR_REDIRECT] 
2025-12-13 15:10:55,439 [ERROR] LogOutputStream:75 - [STDERR_REDIRECT] [Fatal Error] :1:1: Premature end of file.
2025-12-13 15:10:55,439 [ERROR] LogOutputStream:75 - [STDERR_REDIRECT] 
2025-12-13 15:10:56,440 [ERROR] LogOutputStream:75 - [STDERR_REDIRECT] [Fatal Error] :1:1: Premature end of file.
2025-12-13 15:10:56,440 [ERROR] LogOutputStream:75 - [STDERR_REDIRECT] 
2025-12-13 15:10:57,440 [ERROR] LogOutputStream:75 - [STDERR_REDIRECT] [Fatal Error] :1:1: Premature end of file.
2025-12-13 15:10:57,440 [ERROR] LogOutputStream:75 - [STDERR_REDIRECT] 
2025-12-13 15:10:58,440 [ERROR] LogOutputStream:75 - [STDERR_REDIRECT] [Fatal Error] :1:1: Premature end of file.
2025-12-13 15:10:58,441 [ERROR] LogOutputStream:75 - [STDERR_REDIRECT] 
2025-12-13 15:10:59,444 [ERROR] LogOutputStream:75 - [STDERR_REDIRECT] [Fatal Error] :1:1: Premature end of file.
2025-12-13 15:10:59,444 [ERROR] LogOutputStream:75 - [STDERR_REDIRECT] 
2025-12-13 15:11:00,441 [ERROR] LogOutputStream:75 - [STDERR_REDIRECT] [Fatal Error] :1:1: Premature end of file.
2025-12-13 15:11:00,441 [ERROR] LogOutputStream:75 - [STDERR_REDIRECT] 
2025-12-13 15:11:01,439 [ERROR] LogOutputStream:75 - [STDERR_REDIRECT] [Fatal Error] :1:1: Premature end of file.
2025-12-13 15:11:01,439 [ERROR] LogOutputStream:75 - [STDERR_REDIRECT] 
2025-12-13 15:11:02,435 [ERROR] LogOutputStream:75 - [STDERR_REDIRECT] [Fatal Error] :1:1: Premature end of file.
2025-12-13 15:11:02,435 [ERROR] LogOutputStream:75 - [STDERR_REDIRECT] 
2025-12-13 15:11:03,426 [ERROR] LogOutputStream:75 - [STDERR_REDIRECT] [Fatal Error] :1:1: Premature end of file.
2025-12-13 15:11:03,426 [ERROR] LogOutputStream:75 - [STDERR_REDIRECT] 
2025-12-13 15:11:04,443 [ERROR] LogOutputStream:75 - [STDERR_REDIRECT] [Fatal Error] :1:1: Premature end of file.
2025-12-13 15:11:04,443 [ERROR] LogOutputStream:75 - [STDERR_REDIRECT] 
2025-12-13 15:11:05,439 [ERROR] LogOutputStream:75 - [STDERR_REDIRECT] [Fatal Error] :1:1: Premature end of file.
2025-12-13 15:11:05,440 [ERROR] LogOutputStream:75 - [STDERR_REDIRECT] 
2025-12-13 15:11:06,440 [ERROR] LogOutputStream:75 - [STDERR_REDIRECT] [Fatal Error] :1:1: Premature end of file.
2025-12-13 15:11:06,441 [ERROR] LogOutputStream:75 - [STDERR_REDIRECT] 
2025-12-13 15:11:07,435 [ERROR] LogOutputStream:75 - [STDERR_REDIRECT] [Fatal Error] :1:1: Premature end of file.
2025-12-13 15:11:07,435 [ERROR] LogOutputStream:75 - [STDERR_REDIRECT] 
2025-12-13 15:11:08,439 [ERROR] LogOutputStream:75 - [STDERR_REDIRECT] [Fatal Error] :1:1: Premature end of file.
2025-12-13 15:11:08,439 [ERROR] LogOutputStream:75 - [STDERR_REDIRECT] 
2025-12-13 15:11:09,446 [ERROR] LogOutputStream:75 - [STDERR_REDIRECT] [Fatal Error] :1:1: Premature end of file.
2025-12-13 15:11:09,446 [ERROR] LogOutputStream:75 - [STDERR_REDIRECT] 
2025-12-13 15:11:10,440 [ERROR] LogOutputStream:75 - [STDERR_REDIRECT] [Fatal Error] :1:1: Premature end of file.
2025-12-13 15:11:10,441 [ERROR] LogOutputStream:75 - [STDERR_REDIRECT] 
2025-12-13 15:11:11,443 [ERROR] LogOutputStream:75 - [STDERR_REDIRECT] [Fatal Error] :1:1: Premature end of file.
2025-12-13 15:11:11,444 [ERROR] LogOutputStream:75 - [STDERR_REDIRECT] 
2025-12-13 15:11:12,448 [ERROR] LogOutputStream:75 - [STDERR_REDIRECT] [Fatal Error] :1:1: Premature end of file.
2025-12-13 15:11:12,448 [ERROR] LogOutputStream:75 - [STDERR_REDIRECT] 
2025-12-13 15:11:13,439 [ERROR] LogOutputStream:75 - [STDERR_REDIRECT] [Fatal Error] :1:1: Premature end of file.
2025-12-13 15:11:13,439 [ERROR] LogOutputStream:75 - [STDERR_REDIRECT] 
2025-12-13 15:11:14,442 [ERROR] LogOutputStream:75 - [STDERR_REDIRECT] [Fatal Error] :1:1: Premature end of file.
2025-12-13 15:11:14,442 [ERROR] LogOutputStream:75 - [STDERR_REDIRECT] 
2025-12-13 15:11:15,440 [ERROR] LogOutputStream:75 - [STDERR_REDIRECT] [Fatal Error] :1:1: Premature end of file.
2025-12-13 15:11:15,441 [ERROR] LogOutputStream:75 - [STDERR_REDIRECT] 
2025-12-13 15:11:16,443 [ERROR] LogOutputStream:75 - [STDERR_REDIRECT] [Fatal Error] :1:1: Premature end of file.
2025-12-13 15:11:16,443 [ERROR] LogOutputStream:75 - [STDERR_REDIRECT] 
2025-12-13 15:11:17,439 [ERROR] LogOutputStream:75 - [STDERR_REDIRECT] [Fatal Error] :1:1: Premature end of file.
2025-12-13 15:11:17,439 [ERROR] LogOutputStream:75 - [STDERR_REDIRECT] 
2025-12-13 15:11:18,444 [ERROR] LogOutputStream:75 - [STDERR_REDIRECT] [Fatal Error] :1:1: Premature end of file.
2025-12-13 15:11:18,445 [ERROR] LogOutputStream:75 - [STDERR_REDIRECT] 
2025-12-13 15:11:19,443 [ERROR] LogOutputStream:75 - [STDERR_REDIRECT] [Fatal Error] :1:1: Premature end of file.
2025-12-13 15:11:19,444 [ERROR] LogOutputStream:75 - [STDERR_REDIRECT] 
2025-12-13 15:11:20,447 [ERROR] LogOutputStream:75 - [STDERR_REDIRECT] [Fatal Error] :1:1: Premature end of file.
2025-12-13 15:11:20,447 [ERROR] LogOutputStream:75 - [STDERR_REDIRECT] 
2025-12-13 15:11:21,443 [ERROR] LogOutputStream:75 - [STDERR_REDIRECT] [Fatal Error] :1:1: Premature end of file.
2025-12-13 15:11:21,443 [ERROR] LogOutputStream:75 - [STDERR_REDIRECT] 
2025-12-13 15:11:22,441 [ERROR] LogOutputStream:75 - [STDERR_REDIRECT] [Fatal Error] :1:1: Premature end of file.
2025-12-13 15:11:22,441 [ERROR] LogOutputStream:75 - [STDERR_REDIRECT] 
2025-12-13 15:11:23,439 [ERROR] LogOutputStream:75 - [STDERR_REDIRECT] [Fatal Error] :1:1: Premature end of file.
2025-12-13 15:11:23,439 [ERROR] LogOutputStream:75 - [STDERR_REDIRECT] 
2025-12-13 15:11:24,442 [ERROR] LogOutputStream:75 - [STDERR_REDIRECT] [Fatal Error] :1:1: Premature end of file.
2025-12-13 15:11:24,443 [ERROR] LogOutputStream:75 - [STDERR_REDIRECT] 
2025-12-13 15:11:25,440 [ERROR] LogOutputStream:75 - [STDERR_REDIRECT] [Fatal Error] :1:1: Premature end of file.
2025-12-13 15:11:25,440 [ERROR] LogOutputStream:75 - [STDERR_REDIRECT] 
2025-12-13 15:11:26,443 [ERROR] LogOutputStream:75 - [STDERR_REDIRECT] [Fatal Error] :1:1: Premature end of file.
2025-12-13 15:11:26,443 [ERROR] LogOutputStream:75 - [STDERR_REDIRECT] 
2025-12-13 15:11:27,438 [ERROR] LogOutputStream:75 - [STDERR_REDIRECT] [Fatal Error] :1:1: Premature end of file.
2025-12-13 15:11:27,438 [ERROR] LogOutputStream:75 - [STDERR_REDIRECT] 
2025-12-13 15:11:28,443 [ERROR] LogOutputStream:75 - [STDERR_REDIRECT] [Fatal Error] :1:1: Premature end of file.
2025-12-13 15:11:28,443 [ERROR] LogOutputStream:75 - [STDERR_REDIRECT] 
2025-12-13 15:11:29,436 [ERROR] LogOutputStream:75 - [STDERR_REDIRECT] [Fatal Error] :1:1: Premature end of file.
2025-12-13 15:11:29,436 [ERROR] LogOutputStream:75 - [STDERR_REDIRECT] 
2025-12-13 15:11:30,446 [ERROR] LogOutputStream:75 - [STDERR_REDIRECT] [Fatal Error] :1:1: Premature end of file.
2025-12-13 15:11:30,446 [ERROR] LogOutputStream:75 - [STDERR_REDIRECT] 
2025-12-13 15:11:31,441 [ERROR] LogOutputStream:75 - [STDERR_REDIRECT] [Fatal Error] :1:1: Premature end of file.
2025-12-13 15:11:31,441 [ERROR] LogOutputStream:75 - [STDERR_REDIRECT] 
2025-12-13 15:11:32,444 [ERROR] LogOutputStream:75 - [STDERR_REDIRECT] [Fatal Error] :1:1: Premature end of file.
2025-12-13 15:11:32,444 [ERROR] LogOutputStream:75 - [STDERR_REDIRECT] 
2025-12-13 15:11:33,438 [ERROR] LogOutputStream:75 - [STDERR_REDIRECT] [Fatal Error] :1:1: Premature end of file.
2025-12-13 15:11:33,439 [ERROR] LogOutputStream:75 - [STDERR_REDIRECT] 
2025-12-13 15:11:34,443 [ERROR] LogOutputStream:75 - [STDERR_REDIRECT] [Fatal Error] :1:1: Premature end of file.
2025-12-13 15:11:34,443 [ERROR] LogOutputStream:75 - [STDERR_REDIRECT] 
2025-12-13 15:11:35,440 [ERROR] LogOutputStream:75 - [STDERR_REDIRECT] [Fatal Error] :1:1: Premature end of file.
2025-12-13 15:11:35,440 [ERROR] LogOutputStream:75 - [STDERR_REDIRECT] 
2025-12-13 15:11:36,440 [ERROR] LogOutputStream:75 - [STDERR_REDIRECT] [Fatal Error] :1:1: Premature end of file.
2025-12-13 15:11:36,440 [ERROR] LogOutputStream:75 - [STDERR_REDIRECT] 
2025-12-13 15:11:37,443 [ERROR] LogOutputStream:75 - [STDERR_REDIRECT] [Fatal Error] :1:1: Premature end of file.
2025-12-13 15:11:37,443 [ERROR] LogOutputStream:75 - [STDERR_REDIRECT] 
2025-12-13 15:11:38,441 [ERROR] LogOutputStream:75 - [STDERR_REDIRECT] [Fatal Error] :1:1: Premature end of file.
2025-12-13 15:11:38,441 [ERROR] LogOutputStream:75 - [STDERR_REDIRECT] 
2025-12-13 15:11:39,441 [ERROR] LogOutputStream:75 - [STDERR_REDIRECT] [Fatal Error] :1:1: Premature end of file.
2025-12-13 15:11:39,441 [ERROR] LogOutputStream:75 - [STDERR_REDIRECT] 
2025-12-13 15:11:39,527 [INFO] UtilMem:75 - End SaveConfig() Used Memory: 876925440 Bytes (1073741824)
2025-12-13 15:11:40,187 [INFO] UtilMem:75 - End SaveConfig() Used Memory: 956617216 Bytes (1073741824)
2025-12-13 15:11:40,431 [ERROR] LogOutputStream:75 - [STDERR_REDIRECT] [Fatal Error] :1:1: Premature end of file.
2025-12-13 15:11:40,433 [ERROR] LogOutputStream:75 - [STDERR_REDIRECT] 
2025-12-13 15:11:40,871 [INFO] BlockDiagram:2775 - set Specific Code input for plugin: SYS
2025-12-13 15:11:40,873 [INFO] BlockDiagram:2775 - set Specific Code input for plugin: RCC
2025-12-13 15:11:40,873 [INFO] BlockDiagram:2775 - set Specific Code input for plugin: NVIC
2025-12-13 15:11:40,874 [INFO] BlockDiagram:2775 - set Specific Code input for plugin: GPIO
2025-12-13 15:11:40,875 [INFO] CodeGenerator:892 - code generatio: config db path: C:\ST\STM32CubeIDE_1.18.1\STM32CubeIDE\plugins\com.st.stm32cube.common.mx_6.15.0.202507011659\\db\
2025-12-13 15:11:40,971 [INFO] CodeEngine:265 - oldGeneratedFile, D:\MCU1_Bare_Metal_Progamming_BHM\Blinky\MXTmpFiles\license.tmp_save
2025-12-13 15:11:41,241 [INFO] CodeEngine:289 - Generated code: D:\MCU1_Bare_Metal_Progamming_BHM\Blinky\MXTmpFiles\license.tmp
2025-12-13 15:11:41,267 [INFO] CodeEngine:265 - oldGeneratedFile, D:\MCU1_Bare_Metal_Progamming_BHM\Blinky\MXTmpFiles\gpio.tmp_save
2025-12-13 15:11:41,435 [ERROR] LogOutputStream:75 - [STDERR_REDIRECT] [Fatal Error] :1:1: Premature end of file.
2025-12-13 15:11:41,436 [ERROR] LogOutputStream:75 - [STDERR_REDIRECT] 
2025-12-13 15:11:41,469 [INFO] CodeEngine:289 - Generated code: D:\MCU1_Bare_Metal_Progamming_BHM\Blinky\MXTmpFiles\gpio.tmp
2025-12-13 15:11:41,492 [INFO] CodeEngine:265 - oldGeneratedFile, D:\MCU1_Bare_Metal_Progamming_BHM\Blinky\Core\Src\stm32l4xx_it.c_save
2025-12-13 15:11:41,710 [INFO] CodeEngine:289 - Generated code: D:\MCU1_Bare_Metal_Progamming_BHM\Blinky\Core\Src\stm32l4xx_it.c
2025-12-13 15:11:41,717 [INFO] CodeEngine:265 - oldGeneratedFile, D:\MCU1_Bare_Metal_Progamming_BHM\Blinky\Core\Inc\stm32l4xx_it.h_save
2025-12-13 15:11:41,879 [INFO] CodeEngine:289 - Generated code: D:\MCU1_Bare_Metal_Progamming_BHM\Blinky\Core\Inc\stm32l4xx_it.h
2025-12-13 15:11:41,896 [INFO] CodeEngine:265 - oldGeneratedFile, D:\MCU1_Bare_Metal_Progamming_BHM\Blinky\Core\Src\stm32l4xx_hal_msp.c_save
2025-12-13 15:11:42,050 [INFO] CodeEngine:289 - Generated code: D:\MCU1_Bare_Metal_Progamming_BHM\Blinky\Core\Src\stm32l4xx_hal_msp.c
2025-12-13 15:11:42,056 [INFO] CodeEngine:265 - oldGeneratedFile, D:\MCU1_Bare_Metal_Progamming_BHM\Blinky\MXTmpFiles\system.tmp_save
2025-12-13 15:11:42,155 [INFO] CodeEngine:289 - Generated code: D:\MCU1_Bare_Metal_Progamming_BHM\Blinky\MXTmpFiles\system.tmp
2025-12-13 15:11:42,174 [INFO] CodeEngine:321 - oldGeneratedFile, D:\MCU1_Bare_Metal_Progamming_BHM\Blinky\Core\Inc\stm32l4xx_hal_conf.h_save
2025-12-13 15:11:42,291 [INFO] CodeEngine:345 - Generated code: D:\MCU1_Bare_Metal_Progamming_BHM\Blinky\Core\Inc\stm32l4xx_hal_conf.h
2025-12-13 15:11:42,322 [INFO] CodeEngine:265 - oldGeneratedFile, D:\MCU1_Bare_Metal_Progamming_BHM\Blinky\Core\Inc\main.h_save
2025-12-13 15:11:42,411 [INFO] CodeEngine:289 - Generated code: D:\MCU1_Bare_Metal_Progamming_BHM\Blinky\Core\Inc\main.h
2025-12-13 15:11:42,417 [INFO] CodeEngine:265 - oldGeneratedFile, D:\MCU1_Bare_Metal_Progamming_BHM\Blinky\Core\Src\main.c_save
2025-12-13 15:11:42,429 [ERROR] LogOutputStream:75 - [STDERR_REDIRECT] [Fatal Error] :1:1: Premature end of file.
2025-12-13 15:11:42,431 [ERROR] LogOutputStream:75 - [STDERR_REDIRECT] 
2025-12-13 15:11:42,544 [INFO] CodeEngine:289 - Generated code: D:\MCU1_Bare_Metal_Progamming_BHM\Blinky\Core\Src\main.c
2025-12-13 15:11:42,906 [INFO] ProjectBuilder:3606 - Time for Copy HAL[1] : 206mS.
2025-12-13 15:11:42,911 [INFO] ProjectBuilder:5216 - Project Generator version: 4.7.0-B52
2025-12-13 15:11:43,005 [INFO] ConfigFileManager:1595 - The Die is : DIE470
2025-12-13 15:11:43,454 [ERROR] LogOutputStream:75 - [STDERR_REDIRECT] [Fatal Error] :1:1: Premature end of file.
2025-12-13 15:11:43,457 [ERROR] LogOutputStream:75 - [STDERR_REDIRECT] 
2025-12-13 15:11:43,785 [INFO] ProjectBuilder:5496 - Time for Generating toolchain IDE Files: 874mS.
2025-12-13 15:11:43,786 [INFO] ProjectBuilder:3463 - Time for Copy CMSIS : 1mS.
2025-12-13 15:11:43,790 [INFO] ProjectBuilder:3463 - Time for Copy CMSIS : 0mS.
2025-12-13 15:11:44,512 [ERROR] LogOutputStream:75 - [STDERR_REDIRECT] [Fatal Error] :1:1: Premature end of file.
2025-12-13 15:11:44,513 [ERROR] LogOutputStream:75 - [STDERR_REDIRECT] 
2025-12-13 15:11:45,465 [ERROR] LogOutputStream:75 - [STDERR_REDIRECT] [Fatal Error] :1:1: Premature end of file.
2025-12-13 15:11:45,489 [ERROR] LogOutputStream:75 - [STDERR_REDIRECT] 
2025-12-13 15:11:46,450 [ERROR] LogOutputStream:75 - [STDERR_REDIRECT] [Fatal Error] :1:1: Premature end of file.
2025-12-13 15:11:46,450 [ERROR] LogOutputStream:75 - [STDERR_REDIRECT] 
2025-12-13 15:11:47,435 [ERROR] LogOutputStream:75 - [STDERR_REDIRECT] [Fatal Error] :1:1: Premature end of file.
2025-12-13 15:11:47,435 [ERROR] LogOutputStream:75 - [STDERR_REDIRECT] 
2025-12-13 15:11:48,446 [ERROR] LogOutputStream:75 - [STDERR_REDIRECT] [Fatal Error] :1:1: Premature end of file.
2025-12-13 15:11:48,446 [ERROR] LogOutputStream:75 - [STDERR_REDIRECT] 
2025-12-13 15:11:49,443 [ERROR] LogOutputStream:75 - [STDERR_REDIRECT] [Fatal Error] :1:1: Premature end of file.
2025-12-13 15:11:49,444 [ERROR] LogOutputStream:75 - [STDERR_REDIRECT] 
2025-12-13 15:11:50,439 [ERROR] LogOutputStream:75 - [STDERR_REDIRECT] [Fatal Error] :1:1: Premature end of file.
2025-12-13 15:11:50,439 [ERROR] LogOutputStream:75 - [STDERR_REDIRECT] 
2025-12-13 15:11:51,440 [ERROR] LogOutputStream:75 - [STDERR_REDIRECT] [Fatal Error] :1:1: Premature end of file.
2025-12-13 15:11:51,440 [ERROR] LogOutputStream:75 - [STDERR_REDIRECT] 
2025-12-13 15:11:52,441 [ERROR] LogOutputStream:75 - [STDERR_REDIRECT] [Fatal Error] :1:1: Premature end of file.
2025-12-13 15:11:52,441 [ERROR] LogOutputStream:75 - [STDERR_REDIRECT] 
2025-12-13 15:11:53,451 [ERROR] LogOutputStream:75 - [STDERR_REDIRECT] [Fatal Error] :1:1: Premature end of file.
2025-12-13 15:11:53,451 [ERROR] LogOutputStream:75 - [STDERR_REDIRECT] 
2025-12-13 15:11:54,433 [ERROR] LogOutputStream:75 - [STDERR_REDIRECT] [Fatal Error] :1:1: Premature end of file.
2025-12-13 15:11:54,433 [ERROR] LogOutputStream:75 - [STDERR_REDIRECT] 
2025-12-13 15:11:55,440 [ERROR] LogOutputStream:75 - [STDERR_REDIRECT] [Fatal Error] :1:1: Premature end of file.
2025-12-13 15:11:55,441 [ERROR] LogOutputStream:75 - [STDERR_REDIRECT] 
2025-12-13 15:11:56,441 [ERROR] LogOutputStream:75 - [STDERR_REDIRECT] [Fatal Error] :1:1: Premature end of file.
2025-12-13 15:11:56,441 [ERROR] LogOutputStream:75 - [STDERR_REDIRECT] 
2025-12-13 15:11:57,442 [ERROR] LogOutputStream:75 - [STDERR_REDIRECT] [Fatal Error] :1:1: Premature end of file.
2025-12-13 15:11:57,443 [ERROR] LogOutputStream:75 - [STDERR_REDIRECT] 
2025-12-13 15:11:58,457 [ERROR] LogOutputStream:75 - [STDERR_REDIRECT] [Fatal Error] :1:1: Premature end of file.
2025-12-13 15:11:58,457 [ERROR] LogOutputStream:75 - [STDERR_REDIRECT] 
2025-12-13 15:11:59,440 [ERROR] LogOutputStream:75 - [STDERR_REDIRECT] [Fatal Error] :1:1: Premature end of file.
2025-12-13 15:11:59,440 [ERROR] LogOutputStream:75 - [STDERR_REDIRECT] 
2025-12-13 15:12:00,445 [ERROR] LogOutputStream:75 - [STDERR_REDIRECT] [Fatal Error] :1:1: Premature end of file.
2025-12-13 15:12:00,445 [ERROR] LogOutputStream:75 - [STDERR_REDIRECT] 
2025-12-13 15:12:01,447 [ERROR] LogOutputStream:75 - [STDERR_REDIRECT] [Fatal Error] :1:1: Premature end of file.
2025-12-13 15:12:01,447 [ERROR] LogOutputStream:75 - [STDERR_REDIRECT] 
2025-12-13 15:12:02,439 [ERROR] LogOutputStream:75 - [STDERR_REDIRECT] [Fatal Error] :1:1: Premature end of file.
2025-12-13 15:12:02,439 [ERROR] LogOutputStream:75 - [STDERR_REDIRECT] 
2025-12-13 15:12:03,439 [ERROR] LogOutputStream:75 - [STDERR_REDIRECT] [Fatal Error] :1:1: Premature end of file.
2025-12-13 15:12:03,439 [ERROR] LogOutputStream:75 - [STDERR_REDIRECT] 
2025-12-13 15:12:04,439 [ERROR] LogOutputStream:75 - [STDERR_REDIRECT] [Fatal Error] :1:1: Premature end of file.
2025-12-13 15:12:04,439 [ERROR] LogOutputStream:75 - [STDERR_REDIRECT] 
2025-12-13 15:12:05,442 [ERROR] LogOutputStream:75 - [STDERR_REDIRECT] [Fatal Error] :1:1: Premature end of file.
2025-12-13 15:12:05,443 [ERROR] LogOutputStream:75 - [STDERR_REDIRECT] 
2025-12-13 15:12:06,439 [ERROR] LogOutputStream:75 - [STDERR_REDIRECT] [Fatal Error] :1:1: Premature end of file.
2025-12-13 15:12:06,439 [ERROR] LogOutputStream:75 - [STDERR_REDIRECT] 
2025-12-13 15:12:07,442 [ERROR] LogOutputStream:75 - [STDERR_REDIRECT] [Fatal Error] :1:1: Premature end of file.
2025-12-13 15:12:07,442 [ERROR] LogOutputStream:75 - [STDERR_REDIRECT] 
2025-12-13 15:12:08,440 [ERROR] LogOutputStream:75 - [STDERR_REDIRECT] [Fatal Error] :1:1: Premature end of file.
2025-12-13 15:12:08,440 [ERROR] LogOutputStream:75 - [STDERR_REDIRECT] 
2025-12-13 15:12:09,438 [ERROR] LogOutputStream:75 - [STDERR_REDIRECT] [Fatal Error] :1:1: Premature end of file.
2025-12-13 15:12:09,438 [ERROR] LogOutputStream:75 - [STDERR_REDIRECT] 
2025-12-13 15:12:10,440 [ERROR] LogOutputStream:75 - [STDERR_REDIRECT] [Fatal Error] :1:1: Premature end of file.
2025-12-13 15:12:10,440 [ERROR] LogOutputStream:75 - [STDERR_REDIRECT] 
2025-12-13 15:12:11,445 [ERROR] LogOutputStream:75 - [STDERR_REDIRECT] [Fatal Error] :1:1: Premature end of file.
2025-12-13 15:12:11,445 [ERROR] LogOutputStream:75 - [STDERR_REDIRECT] 
2025-12-13 15:12:12,443 [ERROR] LogOutputStream:75 - [STDERR_REDIRECT] [Fatal Error] :1:1: Premature end of file.
2025-12-13 15:12:12,443 [ERROR] LogOutputStream:75 - [STDERR_REDIRECT] 
2025-12-13 15:12:13,442 [ERROR] LogOutputStream:75 - [STDERR_REDIRECT] [Fatal Error] :1:1: Premature end of file.
2025-12-13 15:12:13,442 [ERROR] LogOutputStream:75 - [STDERR_REDIRECT] 
2025-12-13 15:12:14,441 [ERROR] LogOutputStream:75 - [STDERR_REDIRECT] [Fatal Error] :1:1: Premature end of file.
2025-12-13 15:12:14,441 [ERROR] LogOutputStream:75 - [STDERR_REDIRECT] 
2025-12-13 15:12:15,440 [ERROR] LogOutputStream:75 - [STDERR_REDIRECT] [Fatal Error] :1:1: Premature end of file.
2025-12-13 15:12:15,441 [ERROR] LogOutputStream:75 - [STDERR_REDIRECT] 
2025-12-13 15:12:16,447 [ERROR] LogOutputStream:75 - [STDERR_REDIRECT] [Fatal Error] :1:1: Premature end of file.
2025-12-13 15:12:16,448 [ERROR] LogOutputStream:75 - [STDERR_REDIRECT] 
2025-12-13 15:12:17,438 [ERROR] LogOutputStream:75 - [STDERR_REDIRECT] [Fatal Error] :1:1: Premature end of file.
2025-12-13 15:12:17,438 [ERROR] LogOutputStream:75 - [STDERR_REDIRECT] 
2025-12-13 15:12:18,438 [ERROR] LogOutputStream:75 - [STDERR_REDIRECT] [Fatal Error] :1:1: Premature end of file.
2025-12-13 15:12:18,439 [ERROR] LogOutputStream:75 - [STDERR_REDIRECT] 
2025-12-13 15:12:19,438 [ERROR] LogOutputStream:75 - [STDERR_REDIRECT] [Fatal Error] :1:1: Premature end of file.
2025-12-13 15:12:19,438 [ERROR] LogOutputStream:75 - [STDERR_REDIRECT] 
2025-12-13 15:12:20,441 [ERROR] LogOutputStream:75 - [STDERR_REDIRECT] [Fatal Error] :1:1: Premature end of file.
2025-12-13 15:12:20,441 [ERROR] LogOutputStream:75 - [STDERR_REDIRECT] 
2025-12-13 15:12:21,441 [ERROR] LogOutputStream:75 - [STDERR_REDIRECT] [Fatal Error] :1:1: Premature end of file.
2025-12-13 15:12:21,442 [ERROR] LogOutputStream:75 - [STDERR_REDIRECT] 
2025-12-13 15:12:22,440 [ERROR] LogOutputStream:75 - [STDERR_REDIRECT] [Fatal Error] :1:1: Premature end of file.
2025-12-13 15:12:22,440 [ERROR] LogOutputStream:75 - [STDERR_REDIRECT] 
2025-12-13 15:12:23,443 [ERROR] LogOutputStream:75 - [STDERR_REDIRECT] [Fatal Error] :1:1: Premature end of file.
2025-12-13 15:12:23,444 [ERROR] LogOutputStream:75 - [STDERR_REDIRECT] 
2025-12-13 15:12:24,441 [ERROR] LogOutputStream:75 - [STDERR_REDIRECT] [Fatal Error] :1:1: Premature end of file.
2025-12-13 15:12:24,441 [ERROR] LogOutputStream:75 - [STDERR_REDIRECT] 
2025-12-13 15:12:25,440 [ERROR] LogOutputStream:75 - [STDERR_REDIRECT] [Fatal Error] :1:1: Premature end of file.
2025-12-13 15:12:25,440 [ERROR] LogOutputStream:75 - [STDERR_REDIRECT] 
2025-12-13 15:12:26,459 [ERROR] LogOutputStream:75 - [STDERR_REDIRECT] [Fatal Error] :1:1: Premature end of file.
2025-12-13 15:12:26,459 [ERROR] LogOutputStream:75 - [STDERR_REDIRECT] 
2025-12-13 15:12:27,440 [ERROR] LogOutputStream:75 - [STDERR_REDIRECT] [Fatal Error] :1:1: Premature end of file.
2025-12-13 15:12:27,440 [ERROR] LogOutputStream:75 - [STDERR_REDIRECT] 
2025-12-13 15:12:28,441 [ERROR] LogOutputStream:75 - [STDERR_REDIRECT] [Fatal Error] :1:1: Premature end of file.
2025-12-13 15:12:28,441 [ERROR] LogOutputStream:75 - [STDERR_REDIRECT] 
2025-12-13 15:12:29,438 [ERROR] LogOutputStream:75 - [STDERR_REDIRECT] [Fatal Error] :1:1: Premature end of file.
2025-12-13 15:12:29,438 [ERROR] LogOutputStream:75 - [STDERR_REDIRECT] 
2025-12-13 15:12:30,446 [ERROR] LogOutputStream:75 - [STDERR_REDIRECT] [Fatal Error] :1:1: Premature end of file.
2025-12-13 15:12:30,469 [ERROR] LogOutputStream:75 - [STDERR_REDIRECT] 
2025-12-13 15:12:31,439 [ERROR] LogOutputStream:75 - [STDERR_REDIRECT] [Fatal Error] :1:1: Premature end of file.
2025-12-13 15:12:31,439 [ERROR] LogOutputStream:75 - [STDERR_REDIRECT] 
2025-12-13 15:12:32,454 [ERROR] LogOutputStream:75 - [STDERR_REDIRECT] [Fatal Error] :1:1: Premature end of file.
2025-12-13 15:12:32,454 [ERROR] LogOutputStream:75 - [STDERR_REDIRECT] 
2025-12-13 15:12:33,453 [ERROR] LogOutputStream:75 - [STDERR_REDIRECT] [Fatal Error] :1:1: Premature end of file.
2025-12-13 15:12:33,453 [ERROR] LogOutputStream:75 - [STDERR_REDIRECT] 
2025-12-13 15:12:34,455 [ERROR] LogOutputStream:75 - [STDERR_REDIRECT] [Fatal Error] :1:1: Premature end of file.
2025-12-13 15:12:34,455 [ERROR] LogOutputStream:75 - [STDERR_REDIRECT] 
2025-12-13 15:12:35,448 [ERROR] LogOutputStream:75 - [STDERR_REDIRECT] [Fatal Error] :1:1: Premature end of file.
2025-12-13 15:12:35,448 [ERROR] LogOutputStream:75 - [STDERR_REDIRECT] 
2025-12-13 15:12:36,440 [ERROR] LogOutputStream:75 - [STDERR_REDIRECT] [Fatal Error] :1:1: Premature end of file.
2025-12-13 15:12:36,440 [ERROR] LogOutputStream:75 - [STDERR_REDIRECT] 
2025-12-13 15:12:37,442 [ERROR] LogOutputStream:75 - [STDERR_REDIRECT] [Fatal Error] :1:1: Premature end of file.
2025-12-13 15:12:37,442 [ERROR] LogOutputStream:75 - [STDERR_REDIRECT] 
2025-12-13 15:12:38,443 [ERROR] LogOutputStream:75 - [STDERR_REDIRECT] [Fatal Error] :1:1: Premature end of file.
2025-12-13 15:12:38,443 [ERROR] LogOutputStream:75 - [STDERR_REDIRECT] 
2025-12-13 15:12:39,441 [ERROR] LogOutputStream:75 - [STDERR_REDIRECT] [Fatal Error] :1:1: Premature end of file.
2025-12-13 15:12:39,441 [ERROR] LogOutputStream:75 - [STDERR_REDIRECT] 
2025-12-13 15:12:40,465 [ERROR] LogOutputStream:75 - [STDERR_REDIRECT] [Fatal Error] :1:1: Premature end of file.
2025-12-13 15:12:40,466 [ERROR] LogOutputStream:75 - [STDERR_REDIRECT] 
2025-12-13 15:12:41,442 [ERROR] LogOutputStream:75 - [STDERR_REDIRECT] [Fatal Error] :1:1: Premature end of file.
2025-12-13 15:12:41,442 [ERROR] LogOutputStream:75 - [STDERR_REDIRECT] 
2025-12-13 15:12:42,441 [ERROR] LogOutputStream:75 - [STDERR_REDIRECT] [Fatal Error] :1:1: Premature end of file.
2025-12-13 15:12:42,441 [ERROR] LogOutputStream:75 - [STDERR_REDIRECT] 
2025-12-13 15:12:43,438 [ERROR] LogOutputStream:75 - [STDERR_REDIRECT] [Fatal Error] :1:1: Premature end of file.
2025-12-13 15:12:43,438 [ERROR] LogOutputStream:75 - [STDERR_REDIRECT] 
2025-12-13 15:12:44,436 [ERROR] LogOutputStream:75 - [STDERR_REDIRECT] [Fatal Error] :1:1: Premature end of file.
2025-12-13 15:12:44,436 [ERROR] LogOutputStream:75 - [STDERR_REDIRECT] 
2025-12-13 15:12:45,441 [ERROR] LogOutputStream:75 - [STDERR_REDIRECT] [Fatal Error] :1:1: Premature end of file.
2025-12-13 15:12:45,441 [ERROR] LogOutputStream:75 - [STDERR_REDIRECT] 
2025-12-13 15:12:46,437 [ERROR] LogOutputStream:75 - [STDERR_REDIRECT] [Fatal Error] :1:1: Premature end of file.
2025-12-13 15:12:46,437 [ERROR] LogOutputStream:75 - [STDERR_REDIRECT] 
2025-12-13 15:12:47,442 [ERROR] LogOutputStream:75 - [STDERR_REDIRECT] [Fatal Error] :1:1: Premature end of file.
2025-12-13 15:12:47,442 [ERROR] LogOutputStream:75 - [STDERR_REDIRECT] 
2025-12-13 15:12:48,455 [ERROR] LogOutputStream:75 - [STDERR_REDIRECT] [Fatal Error] :1:1: Premature end of file.
2025-12-13 15:12:48,456 [ERROR] LogOutputStream:75 - [STDERR_REDIRECT] 
2025-12-13 15:12:49,438 [ERROR] LogOutputStream:75 - [STDERR_REDIRECT] [Fatal Error] :1:1: Premature end of file.
2025-12-13 15:12:49,438 [ERROR] LogOutputStream:75 - [STDERR_REDIRECT] 
2025-12-13 15:12:50,438 [ERROR] LogOutputStream:75 - [STDERR_REDIRECT] [Fatal Error] :1:1: Premature end of file.
2025-12-13 15:12:50,438 [ERROR] LogOutputStream:75 - [STDERR_REDIRECT] 
2025-12-13 15:12:51,442 [ERROR] LogOutputStream:75 - [STDERR_REDIRECT] [Fatal Error] :1:1: Premature end of file.
2025-12-13 15:12:51,442 [ERROR] LogOutputStream:75 - [STDERR_REDIRECT] 
2025-12-13 15:12:52,438 [ERROR] LogOutputStream:75 - [STDERR_REDIRECT] [Fatal Error] :1:1: Premature end of file.
2025-12-13 15:12:52,438 [ERROR] LogOutputStream:75 - [STDERR_REDIRECT] 
2025-12-13 15:12:53,443 [ERROR] LogOutputStream:75 - [STDERR_REDIRECT] [Fatal Error] :1:1: Premature end of file.
2025-12-13 15:12:53,443 [ERROR] LogOutputStream:75 - [STDERR_REDIRECT] 
2025-12-13 15:12:54,445 [ERROR] LogOutputStream:75 - [STDERR_REDIRECT] [Fatal Error] :1:1: Premature end of file.
2025-12-13 15:12:54,446 [ERROR] LogOutputStream:75 - [STDERR_REDIRECT] 
2025-12-13 15:12:55,450 [ERROR] LogOutputStream:75 - [STDERR_REDIRECT] [Fatal Error] :1:1: Premature end of file.
2025-12-13 15:12:55,450 [ERROR] LogOutputStream:75 - [STDERR_REDIRECT] 
2025-12-13 15:12:56,455 [ERROR] LogOutputStream:75 - [STDERR_REDIRECT] [Fatal Error] :1:1: Premature end of file.
2025-12-13 15:12:56,455 [ERROR] LogOutputStream:75 - [STDERR_REDIRECT] 
2025-12-13 15:12:57,441 [ERROR] LogOutputStream:75 - [STDERR_REDIRECT] [Fatal Error] :1:1: Premature end of file.
2025-12-13 15:12:57,441 [ERROR] LogOutputStream:75 - [STDERR_REDIRECT] 
2025-12-13 15:12:58,438 [ERROR] LogOutputStream:75 - [STDERR_REDIRECT] [Fatal Error] :1:1: Premature end of file.
2025-12-13 15:12:58,438 [ERROR] LogOutputStream:75 - [STDERR_REDIRECT] 
2025-12-13 15:12:59,457 [ERROR] LogOutputStream:75 - [STDERR_REDIRECT] [Fatal Error] :1:1: Premature end of file.
2025-12-13 15:12:59,457 [ERROR] LogOutputStream:75 - [STDERR_REDIRECT] 
2025-12-13 15:13:00,442 [ERROR] LogOutputStream:75 - [STDERR_REDIRECT] [Fatal Error] :1:1: Premature end of file.
2025-12-13 15:13:00,443 [ERROR] LogOutputStream:75 - [STDERR_REDIRECT] 
2025-12-13 15:13:01,438 [ERROR] LogOutputStream:75 - [STDERR_REDIRECT] [Fatal Error] :1:1: Premature end of file.
2025-12-13 15:13:01,438 [ERROR] LogOutputStream:75 - [STDERR_REDIRECT] 
2025-12-13 15:13:02,435 [ERROR] LogOutputStream:75 - [STDERR_REDIRECT] [Fatal Error] :1:1: Premature end of file.
2025-12-13 15:13:02,435 [ERROR] LogOutputStream:75 - [STDERR_REDIRECT] 
2025-12-13 15:13:03,452 [ERROR] LogOutputStream:75 - [STDERR_REDIRECT] [Fatal Error] :1:1: Premature end of file.
2025-12-13 15:13:03,452 [ERROR] LogOutputStream:75 - [STDERR_REDIRECT] 
2025-12-13 15:13:04,443 [ERROR] LogOutputStream:75 - [STDERR_REDIRECT] [Fatal Error] :1:1: Premature end of file.
2025-12-13 15:13:04,443 [ERROR] LogOutputStream:75 - [STDERR_REDIRECT] 
2025-12-13 15:13:05,438 [ERROR] LogOutputStream:75 - [STDERR_REDIRECT] [Fatal Error] :1:1: Premature end of file.
2025-12-13 15:13:05,438 [ERROR] LogOutputStream:75 - [STDERR_REDIRECT] 
2025-12-13 15:13:06,441 [ERROR] LogOutputStream:75 - [STDERR_REDIRECT] [Fatal Error] :1:1: Premature end of file.
2025-12-13 15:13:06,441 [ERROR] LogOutputStream:75 - [STDERR_REDIRECT] 
2025-12-13 15:13:07,443 [ERROR] LogOutputStream:75 - [STDERR_REDIRECT] [Fatal Error] :1:1: Premature end of file.
2025-12-13 15:13:07,443 [ERROR] LogOutputStream:75 - [STDERR_REDIRECT] 
2025-12-13 15:13:08,442 [ERROR] LogOutputStream:75 - [STDERR_REDIRECT] [Fatal Error] :1:1: Premature end of file.
2025-12-13 15:13:08,442 [ERROR] LogOutputStream:75 - [STDERR_REDIRECT] 
2025-12-13 15:13:09,444 [ERROR] LogOutputStream:75 - [STDERR_REDIRECT] [Fatal Error] :1:1: Premature end of file.
2025-12-13 15:13:09,444 [ERROR] LogOutputStream:75 - [STDERR_REDIRECT] 
2025-12-13 15:13:10,459 [ERROR] LogOutputStream:75 - [STDERR_REDIRECT] [Fatal Error] :1:1: Premature end of file.
2025-12-13 15:13:10,459 [ERROR] LogOutputStream:75 - [STDERR_REDIRECT] 
2025-12-13 15:13:11,441 [ERROR] LogOutputStream:75 - [STDERR_REDIRECT] [Fatal Error] :1:1: Premature end of file.
2025-12-13 15:13:11,442 [ERROR] LogOutputStream:75 - [STDERR_REDIRECT] 
2025-12-13 15:13:12,442 [ERROR] LogOutputStream:75 - [STDERR_REDIRECT] [Fatal Error] :1:1: Premature end of file.
2025-12-13 15:13:12,442 [ERROR] LogOutputStream:75 - [STDERR_REDIRECT] 
2025-12-13 15:13:13,436 [ERROR] LogOutputStream:75 - [STDERR_REDIRECT] [Fatal Error] :1:1: Premature end of file.
2025-12-13 15:13:13,436 [ERROR] LogOutputStream:75 - [STDERR_REDIRECT] 
2025-12-13 15:13:14,442 [ERROR] LogOutputStream:75 - [STDERR_REDIRECT] [Fatal Error] :1:1: Premature end of file.
2025-12-13 15:13:14,443 [ERROR] LogOutputStream:75 - [STDERR_REDIRECT] 
2025-12-13 15:13:15,445 [ERROR] LogOutputStream:75 - [STDERR_REDIRECT] [Fatal Error] :1:1: Premature end of file.
2025-12-13 15:13:15,445 [ERROR] LogOutputStream:75 - [STDERR_REDIRECT] 
2025-12-13 15:13:16,446 [ERROR] LogOutputStream:75 - [STDERR_REDIRECT] [Fatal Error] :1:1: Premature end of file.
2025-12-13 15:13:16,447 [ERROR] LogOutputStream:75 - [STDERR_REDIRECT] 
2025-12-13 15:13:17,443 [ERROR] LogOutputStream:75 - [STDERR_REDIRECT] [Fatal Error] :1:1: Premature end of file.
2025-12-13 15:13:17,443 [ERROR] LogOutputStream:75 - [STDERR_REDIRECT] 
2025-12-13 15:13:18,433 [ERROR] LogOutputStream:75 - [STDERR_REDIRECT] [Fatal Error] :1:1: Premature end of file.
2025-12-13 15:13:18,433 [ERROR] LogOutputStream:75 - [STDERR_REDIRECT] 
2025-12-13 15:13:19,448 [ERROR] LogOutputStream:75 - [STDERR_REDIRECT] [Fatal Error] :1:1: Premature end of file.
2025-12-13 15:13:19,448 [ERROR] LogOutputStream:75 - [STDERR_REDIRECT] 
2025-12-13 15:13:20,445 [ERROR] LogOutputStream:75 - [STDERR_REDIRECT] [Fatal Error] :1:1: Premature end of file.
2025-12-13 15:13:20,445 [ERROR] LogOutputStream:75 - [STDERR_REDIRECT] 
2025-12-13 15:13:21,446 [ERROR] LogOutputStream:75 - [STDERR_REDIRECT] [Fatal Error] :1:1: Premature end of file.
2025-12-13 15:13:21,447 [ERROR] LogOutputStream:75 - [STDERR_REDIRECT] 
2025-12-13 15:13:22,442 [ERROR] LogOutputStream:75 - [STDERR_REDIRECT] [Fatal Error] :1:1: Premature end of file.
2025-12-13 15:13:22,442 [ERROR] LogOutputStream:75 - [STDERR_REDIRECT] 
2025-12-13 15:13:23,442 [ERROR] LogOutputStream:75 - [STDERR_REDIRECT] [Fatal Error] :1:1: Premature end of file.
2025-12-13 15:13:23,442 [ERROR] LogOutputStream:75 - [STDERR_REDIRECT] 
2025-12-13 15:13:24,465 [ERROR] LogOutputStream:75 - [STDERR_REDIRECT] [Fatal Error] :1:1: Premature end of file.
2025-12-13 15:13:24,465 [ERROR] LogOutputStream:75 - [STDERR_REDIRECT] 
2025-12-13 15:13:25,439 [ERROR] LogOutputStream:75 - [STDERR_REDIRECT] [Fatal Error] :1:1: Premature end of file.
2025-12-13 15:13:25,439 [ERROR] LogOutputStream:75 - [STDERR_REDIRECT] 
2025-12-13 15:13:26,464 [ERROR] LogOutputStream:75 - [STDERR_REDIRECT] [Fatal Error] :1:1: Premature end of file.
2025-12-13 15:13:26,467 [ERROR] LogOutputStream:75 - [STDERR_REDIRECT] 
2025-12-13 15:13:27,448 [ERROR] LogOutputStream:75 - [STDERR_REDIRECT] [Fatal Error] :1:1: Premature end of file.
2025-12-13 15:13:27,448 [ERROR] LogOutputStream:75 - [STDERR_REDIRECT] 
2025-12-13 15:13:28,438 [ERROR] LogOutputStream:75 - [STDERR_REDIRECT] [Fatal Error] :1:1: Premature end of file.
2025-12-13 15:13:28,438 [ERROR] LogOutputStream:75 - [STDERR_REDIRECT] 
2025-12-13 15:13:29,441 [ERROR] LogOutputStream:75 - [STDERR_REDIRECT] [Fatal Error] :1:1: Premature end of file.
2025-12-13 15:13:29,441 [ERROR] LogOutputStream:75 - [STDERR_REDIRECT] 
2025-12-13 15:13:30,437 [ERROR] LogOutputStream:75 - [STDERR_REDIRECT] [Fatal Error] :1:1: Premature end of file.
2025-12-13 15:13:30,446 [ERROR] LogOutputStream:75 - [STDERR_REDIRECT] 
2025-12-13 15:13:31,462 [ERROR] LogOutputStream:75 - [STDERR_REDIRECT] [Fatal Error] :1:1: Premature end of file.
2025-12-13 15:13:31,462 [ERROR] LogOutputStream:75 - [STDERR_REDIRECT] 
2025-12-13 15:13:32,436 [ERROR] LogOutputStream:75 - [STDERR_REDIRECT] [Fatal Error] :1:1: Premature end of file.
2025-12-13 15:13:32,436 [ERROR] LogOutputStream:75 - [STDERR_REDIRECT] 
2025-12-13 15:13:33,438 [ERROR] LogOutputStream:75 - [STDERR_REDIRECT] [Fatal Error] :1:1: Premature end of file.
2025-12-13 15:13:33,438 [ERROR] LogOutputStream:75 - [STDERR_REDIRECT] 
2025-12-13 15:13:34,438 [ERROR] LogOutputStream:75 - [STDERR_REDIRECT] [Fatal Error] :1:1: Premature end of file.
2025-12-13 15:13:34,438 [ERROR] LogOutputStream:75 - [STDERR_REDIRECT] 
2025-12-13 15:13:35,438 [ERROR] LogOutputStream:75 - [STDERR_REDIRECT] [Fatal Error] :1:1: Premature end of file.
2025-12-13 15:13:35,438 [ERROR] LogOutputStream:75 - [STDERR_REDIRECT] 
2025-12-13 15:13:36,438 [ERROR] LogOutputStream:75 - [STDERR_REDIRECT] [Fatal Error] :1:1: Premature end of file.
2025-12-13 15:13:36,439 [ERROR] LogOutputStream:75 - [STDERR_REDIRECT] 
2025-12-13 15:13:37,457 [ERROR] LogOutputStream:75 - [STDERR_REDIRECT] [Fatal Error] :1:1: Premature end of file.
2025-12-13 15:13:37,458 [ERROR] LogOutputStream:75 - [STDERR_REDIRECT] 
2025-12-13 15:13:38,442 [ERROR] LogOutputStream:75 - [STDERR_REDIRECT] [Fatal Error] :1:1: Premature end of file.
2025-12-13 15:13:38,442 [ERROR] LogOutputStream:75 - [STDERR_REDIRECT] 
2025-12-13 15:13:39,440 [ERROR] LogOutputStream:75 - [STDERR_REDIRECT] [Fatal Error] :1:1: Premature end of file.
2025-12-13 15:13:39,440 [ERROR] LogOutputStream:75 - [STDERR_REDIRECT] 
2025-12-13 15:13:40,441 [ERROR] LogOutputStream:75 - [STDERR_REDIRECT] [Fatal Error] :1:1: Premature end of file.
2025-12-13 15:13:40,442 [ERROR] LogOutputStream:75 - [STDERR_REDIRECT] 
2025-12-13 15:13:41,442 [ERROR] LogOutputStream:75 - [STDERR_REDIRECT] [Fatal Error] :1:1: Premature end of file.
2025-12-13 15:13:41,443 [ERROR] LogOutputStream:75 - [STDERR_REDIRECT] 
2025-12-13 15:13:42,440 [ERROR] LogOutputStream:75 - [STDERR_REDIRECT] [Fatal Error] :1:1: Premature end of file.
2025-12-13 15:13:42,440 [ERROR] LogOutputStream:75 - [STDERR_REDIRECT] 
2025-12-13 15:13:43,543 [ERROR] LogOutputStream:75 - [STDERR_REDIRECT] [Fatal Error] :1:1: Premature end of file.
2025-12-13 15:13:43,543 [ERROR] LogOutputStream:75 - [STDERR_REDIRECT] 
2025-12-13 15:13:44,490 [ERROR] LogOutputStream:75 - [STDERR_REDIRECT] [Fatal Error] :1:1: Premature end of file.
2025-12-13 15:13:44,492 [ERROR] LogOutputStream:75 - [STDERR_REDIRECT] 
2025-12-13 15:13:45,492 [ERROR] LogOutputStream:75 - [STDERR_REDIRECT] [Fatal Error] :1:1: Premature end of file.
2025-12-13 15:13:45,492 [ERROR] LogOutputStream:75 - [STDERR_REDIRECT] 
2025-12-13 15:13:46,505 [ERROR] LogOutputStream:75 - [STDERR_REDIRECT] [Fatal Error] :1:1: Premature end of file.
2025-12-13 15:13:46,505 [ERROR] LogOutputStream:75 - [STDERR_REDIRECT] 
2025-12-13 15:13:47,528 [ERROR] LogOutputStream:75 - [STDERR_REDIRECT] [Fatal Error] :1:1: Premature end of file.
2025-12-13 15:13:47,528 [ERROR] LogOutputStream:75 - [STDERR_REDIRECT] 
2025-12-13 15:13:48,461 [ERROR] LogOutputStream:75 - [STDERR_REDIRECT] [Fatal Error] :1:1: Premature end of file.
2025-12-13 15:13:48,462 [ERROR] LogOutputStream:75 - [STDERR_REDIRECT] 
2025-12-13 15:13:49,448 [ERROR] LogOutputStream:75 - [STDERR_REDIRECT] [Fatal Error] :1:1: Premature end of file.
2025-12-13 15:13:49,449 [ERROR] LogOutputStream:75 - [STDERR_REDIRECT] 
2025-12-13 15:13:50,445 [ERROR] LogOutputStream:75 - [STDERR_REDIRECT] [Fatal Error] :1:1: Premature end of file.
2025-12-13 15:13:50,445 [ERROR] LogOutputStream:75 - [STDERR_REDIRECT] 
2025-12-13 15:13:51,452 [ERROR] LogOutputStream:75 - [STDERR_REDIRECT] [Fatal Error] :1:1: Premature end of file.
2025-12-13 15:13:51,452 [ERROR] LogOutputStream:75 - [STDERR_REDIRECT] 
2025-12-13 15:13:52,452 [ERROR] LogOutputStream:75 - [STDERR_REDIRECT] [Fatal Error] :1:1: Premature end of file.
2025-12-13 15:13:52,452 [ERROR] LogOutputStream:75 - [STDERR_REDIRECT] 
2025-12-13 15:13:53,447 [ERROR] LogOutputStream:75 - [STDERR_REDIRECT] [Fatal Error] :1:1: Premature end of file.
2025-12-13 15:13:53,447 [ERROR] LogOutputStream:75 - [STDERR_REDIRECT] 
2025-12-13 15:13:54,449 [ERROR] LogOutputStream:75 - [STDERR_REDIRECT] [Fatal Error] :1:1: Premature end of file.
2025-12-13 15:13:54,449 [ERROR] LogOutputStream:75 - [STDERR_REDIRECT] 
2025-12-13 15:13:55,442 [ERROR] LogOutputStream:75 - [STDERR_REDIRECT] [Fatal Error] :1:1: Premature end of file.
2025-12-13 15:13:55,442 [ERROR] LogOutputStream:75 - [STDERR_REDIRECT] 
2025-12-13 15:13:56,440 [ERROR] LogOutputStream:75 - [STDERR_REDIRECT] [Fatal Error] :1:1: Premature end of file.
2025-12-13 15:13:56,440 [ERROR] LogOutputStream:75 - [STDERR_REDIRECT] 
2025-12-13 15:13:57,455 [ERROR] LogOutputStream:75 - [STDERR_REDIRECT] [Fatal Error] :1:1: Premature end of file.
2025-12-13 15:13:57,457 [ERROR] LogOutputStream:75 - [STDERR_REDIRECT] 
2025-12-13 15:13:58,458 [ERROR] LogOutputStream:75 - [STDERR_REDIRECT] [Fatal Error] :1:1: Premature end of file.
2025-12-13 15:13:58,458 [ERROR] LogOutputStream:75 - [STDERR_REDIRECT] 
2025-12-13 15:13:59,447 [ERROR] LogOutputStream:75 - [STDERR_REDIRECT] [Fatal Error] :1:1: Premature end of file.
2025-12-13 15:13:59,447 [ERROR] LogOutputStream:75 - [STDERR_REDIRECT] 
2025-12-13 15:14:00,438 [ERROR] LogOutputStream:75 - [STDERR_REDIRECT] [Fatal Error] :1:1: Premature end of file.
2025-12-13 15:14:00,438 [ERROR] LogOutputStream:75 - [STDERR_REDIRECT] 
2025-12-13 15:14:01,439 [ERROR] LogOutputStream:75 - [STDERR_REDIRECT] [Fatal Error] :1:1: Premature end of file.
2025-12-13 15:14:01,439 [ERROR] LogOutputStream:75 - [STDERR_REDIRECT] 
2025-12-13 15:14:02,427 [ERROR] LogOutputStream:75 - [STDERR_REDIRECT] [Fatal Error] :1:1: Premature end of file.
2025-12-13 15:14:02,427 [ERROR] LogOutputStream:75 - [STDERR_REDIRECT] 
2025-12-13 15:14:03,443 [ERROR] LogOutputStream:75 - [STDERR_REDIRECT] [Fatal Error] :1:1: Premature end of file.
2025-12-13 15:14:03,443 [ERROR] LogOutputStream:75 - [STDERR_REDIRECT] 
2025-12-13 15:14:04,448 [ERROR] LogOutputStream:75 - [STDERR_REDIRECT] [Fatal Error] :1:1: Premature end of file.
2025-12-13 15:14:04,448 [ERROR] LogOutputStream:75 - [STDERR_REDIRECT] 
2025-12-13 15:14:05,448 [ERROR] LogOutputStream:75 - [STDERR_REDIRECT] [Fatal Error] :1:1: Premature end of file.
2025-12-13 15:14:05,448 [ERROR] LogOutputStream:75 - [STDERR_REDIRECT] 
2025-12-13 15:14:06,450 [ERROR] LogOutputStream:75 - [STDERR_REDIRECT] [Fatal Error] :1:1: Premature end of file.
2025-12-13 15:14:06,450 [ERROR] LogOutputStream:75 - [STDERR_REDIRECT] 
2025-12-13 15:14:07,453 [ERROR] LogOutputStream:75 - [STDERR_REDIRECT] [Fatal Error] :1:1: Premature end of file.
2025-12-13 15:14:07,453 [ERROR] LogOutputStream:75 - [STDERR_REDIRECT] 
2025-12-13 15:14:08,442 [ERROR] LogOutputStream:75 - [STDERR_REDIRECT] [Fatal Error] :1:1: Premature end of file.
2025-12-13 15:14:08,442 [ERROR] LogOutputStream:75 - [STDERR_REDIRECT] 
2025-12-13 15:14:09,443 [ERROR] LogOutputStream:75 - [STDERR_REDIRECT] [Fatal Error] :1:1: Premature end of file.
2025-12-13 15:14:09,443 [ERROR] LogOutputStream:75 - [STDERR_REDIRECT] 
2025-12-13 15:14:10,444 [ERROR] LogOutputStream:75 - [STDERR_REDIRECT] [Fatal Error] :1:1: Premature end of file.
2025-12-13 15:14:10,445 [ERROR] LogOutputStream:75 - [STDERR_REDIRECT] 
2025-12-13 15:14:11,447 [ERROR] LogOutputStream:75 - [STDERR_REDIRECT] [Fatal Error] :1:1: Premature end of file.
2025-12-13 15:14:11,447 [ERROR] LogOutputStream:75 - [STDERR_REDIRECT] 
2025-12-13 15:14:12,443 [ERROR] LogOutputStream:75 - [STDERR_REDIRECT] [Fatal Error] :1:1: Premature end of file.
2025-12-13 15:14:12,443 [ERROR] LogOutputStream:75 - [STDERR_REDIRECT] 
2025-12-13 15:14:13,447 [ERROR] LogOutputStream:75 - [STDERR_REDIRECT] [Fatal Error] :1:1: Premature end of file.
2025-12-13 15:14:13,448 [ERROR] LogOutputStream:75 - [STDERR_REDIRECT] 
2025-12-13 15:14:14,457 [ERROR] LogOutputStream:75 - [STDERR_REDIRECT] [Fatal Error] :1:1: Premature end of file.
2025-12-13 15:14:14,457 [ERROR] LogOutputStream:75 - [STDERR_REDIRECT] 
2025-12-13 15:14:15,482 [ERROR] LogOutputStream:75 - [STDERR_REDIRECT] [Fatal Error] :1:1: Premature end of file.
2025-12-13 15:14:15,482 [ERROR] LogOutputStream:75 - [STDERR_REDIRECT] 
2025-12-13 15:14:16,489 [ERROR] LogOutputStream:75 - [STDERR_REDIRECT] [Fatal Error] :1:1: Premature end of file.
2025-12-13 15:14:16,489 [ERROR] LogOutputStream:75 - [STDERR_REDIRECT] 
2025-12-13 15:14:17,498 [ERROR] LogOutputStream:75 - [STDERR_REDIRECT] [Fatal Error] :1:1: Premature end of file.
2025-12-13 15:14:17,498 [ERROR] LogOutputStream:75 - [STDERR_REDIRECT] 
2025-12-13 15:14:18,486 [ERROR] LogOutputStream:75 - [STDERR_REDIRECT] [Fatal Error] :1:1: Premature end of file.
2025-12-13 15:14:18,486 [ERROR] LogOutputStream:75 - [STDERR_REDIRECT] 
2025-12-13 15:14:19,459 [ERROR] LogOutputStream:75 - [STDERR_REDIRECT] [Fatal Error] :1:1: Premature end of file.
2025-12-13 15:14:19,459 [ERROR] LogOutputStream:75 - [STDERR_REDIRECT] 
2025-12-13 15:14:20,439 [ERROR] LogOutputStream:75 - [STDERR_REDIRECT] [Fatal Error] :1:1: Premature end of file.
2025-12-13 15:14:20,439 [ERROR] LogOutputStream:75 - [STDERR_REDIRECT] 
2025-12-13 15:14:21,441 [ERROR] LogOutputStream:75 - [STDERR_REDIRECT] [Fatal Error] :1:1: Premature end of file.
2025-12-13 15:14:21,441 [ERROR] LogOutputStream:75 - [STDERR_REDIRECT] 
2025-12-13 15:14:22,456 [ERROR] LogOutputStream:75 - [STDERR_REDIRECT] [Fatal Error] :1:1: Premature end of file.
2025-12-13 15:14:22,456 [ERROR] LogOutputStream:75 - [STDERR_REDIRECT] 
2025-12-13 15:14:23,441 [ERROR] LogOutputStream:75 - [STDERR_REDIRECT] [Fatal Error] :1:1: Premature end of file.
2025-12-13 15:14:23,442 [ERROR] LogOutputStream:75 - [STDERR_REDIRECT] 
2025-12-13 15:14:24,441 [ERROR] LogOutputStream:75 - [STDERR_REDIRECT] [Fatal Error] :1:1: Premature end of file.
2025-12-13 15:14:24,442 [ERROR] LogOutputStream:75 - [STDERR_REDIRECT] 
2025-12-13 15:14:25,480 [ERROR] LogOutputStream:75 - [STDERR_REDIRECT] [Fatal Error] :1:1: Premature end of file.
2025-12-13 15:14:25,480 [ERROR] LogOutputStream:75 - [STDERR_REDIRECT] 
2025-12-13 15:14:26,443 [ERROR] LogOutputStream:75 - [STDERR_REDIRECT] [Fatal Error] :1:1: Premature end of file.
2025-12-13 15:14:26,444 [ERROR] LogOutputStream:75 - [STDERR_REDIRECT] 
2025-12-13 15:14:27,441 [ERROR] LogOutputStream:75 - [STDERR_REDIRECT] [Fatal Error] :1:1: Premature end of file.
2025-12-13 15:14:27,441 [ERROR] LogOutputStream:75 - [STDERR_REDIRECT] 
2025-12-13 15:14:28,448 [ERROR] LogOutputStream:75 - [STDERR_REDIRECT] [Fatal Error] :1:1: Premature end of file.
2025-12-13 15:14:28,449 [ERROR] LogOutputStream:75 - [STDERR_REDIRECT] 
2025-12-13 15:14:29,444 [ERROR] LogOutputStream:75 - [STDERR_REDIRECT] [Fatal Error] :1:1: Premature end of file.
2025-12-13 15:14:29,445 [ERROR] LogOutputStream:75 - [STDERR_REDIRECT] 
2025-12-13 15:14:30,441 [ERROR] LogOutputStream:75 - [STDERR_REDIRECT] [Fatal Error] :1:1: Premature end of file.
2025-12-13 15:14:30,442 [ERROR] LogOutputStream:75 - [STDERR_REDIRECT] 
2025-12-13 15:14:31,442 [ERROR] LogOutputStream:75 - [STDERR_REDIRECT] [Fatal Error] :1:1: Premature end of file.
2025-12-13 15:14:31,442 [ERROR] LogOutputStream:75 - [STDERR_REDIRECT] 
2025-12-13 15:14:32,433 [ERROR] LogOutputStream:75 - [STDERR_REDIRECT] [Fatal Error] :1:1: Premature end of file.
2025-12-13 15:14:32,433 [ERROR] LogOutputStream:75 - [STDERR_REDIRECT] 
2025-12-13 15:14:33,447 [ERROR] LogOutputStream:75 - [STDERR_REDIRECT] [Fatal Error] :1:1: Premature end of file.
2025-12-13 15:14:33,447 [ERROR] LogOutputStream:75 - [STDERR_REDIRECT] 
2025-12-13 15:14:34,453 [ERROR] LogOutputStream:75 - [STDERR_REDIRECT] [Fatal Error] :1:1: Premature end of file.
2025-12-13 15:14:34,454 [ERROR] LogOutputStream:75 - [STDERR_REDIRECT] 
2025-12-13 15:14:35,446 [ERROR] LogOutputStream:75 - [STDERR_REDIRECT] [Fatal Error] :1:1: Premature end of file.
2025-12-13 15:14:35,446 [ERROR] LogOutputStream:75 - [STDERR_REDIRECT] 
2025-12-13 15:14:36,438 [ERROR] LogOutputStream:75 - [STDERR_REDIRECT] [Fatal Error] :1:1: Premature end of file.
2025-12-13 15:14:36,438 [ERROR] LogOutputStream:75 - [STDERR_REDIRECT] 
2025-12-13 15:14:37,439 [ERROR] LogOutputStream:75 - [STDERR_REDIRECT] [Fatal Error] :1:1: Premature end of file.
2025-12-13 15:14:37,440 [ERROR] LogOutputStream:75 - [STDERR_REDIRECT] 
2025-12-13 15:14:38,438 [ERROR] LogOutputStream:75 - [STDERR_REDIRECT] [Fatal Error] :1:1: Premature end of file.
2025-12-13 15:14:38,438 [ERROR] LogOutputStream:75 - [STDERR_REDIRECT] 
2025-12-13 15:14:39,449 [ERROR] LogOutputStream:75 - [STDERR_REDIRECT] [Fatal Error] :1:1: Premature end of file.
2025-12-13 15:14:39,449 [ERROR] LogOutputStream:75 - [STDERR_REDIRECT] 
2025-12-13 15:14:40,442 [ERROR] LogOutputStream:75 - [STDERR_REDIRECT] [Fatal Error] :1:1: Premature end of file.
2025-12-13 15:14:40,443 [ERROR] LogOutputStream:75 - [STDERR_REDIRECT] 
2025-12-13 15:14:41,427 [ERROR] LogOutputStream:75 - [STDERR_REDIRECT] [Fatal Error] :1:1: Premature end of file.
2025-12-13 15:14:41,427 [ERROR] LogOutputStream:75 - [STDERR_REDIRECT] 
2025-12-13 15:14:42,438 [ERROR] LogOutputStream:75 - [STDERR_REDIRECT] [Fatal Error] :1:1: Premature end of file.
2025-12-13 15:14:42,438 [ERROR] LogOutputStream:75 - [STDERR_REDIRECT] 
2025-12-13 15:14:43,443 [ERROR] LogOutputStream:75 - [STDERR_REDIRECT] [Fatal Error] :1:1: Premature end of file.
2025-12-13 15:14:43,443 [ERROR] LogOutputStream:75 - [STDERR_REDIRECT] 
2025-12-13 15:14:44,443 [ERROR] LogOutputStream:75 - [STDERR_REDIRECT] [Fatal Error] :1:1: Premature end of file.
2025-12-13 15:14:44,443 [ERROR] LogOutputStream:75 - [STDERR_REDIRECT] 
2025-12-13 15:14:45,440 [ERROR] LogOutputStream:75 - [STDERR_REDIRECT] [Fatal Error] :1:1: Premature end of file.
2025-12-13 15:14:45,440 [ERROR] LogOutputStream:75 - [STDERR_REDIRECT] 
2025-12-13 15:14:46,447 [ERROR] LogOutputStream:75 - [STDERR_REDIRECT] [Fatal Error] :1:1: Premature end of file.
2025-12-13 15:14:46,447 [ERROR] LogOutputStream:75 - [STDERR_REDIRECT] 
2025-12-13 15:14:47,445 [ERROR] LogOutputStream:75 - [STDERR_REDIRECT] [Fatal Error] :1:1: Premature end of file.
2025-12-13 15:14:47,445 [ERROR] LogOutputStream:75 - [STDERR_REDIRECT] 
2025-12-13 15:14:48,439 [ERROR] LogOutputStream:75 - [STDERR_REDIRECT] [Fatal Error] :1:1: Premature end of file.
2025-12-13 15:14:48,439 [ERROR] LogOutputStream:75 - [STDERR_REDIRECT] 
2025-12-13 15:14:49,444 [ERROR] LogOutputStream:75 - [STDERR_REDIRECT] [Fatal Error] :1:1: Premature end of file.
2025-12-13 15:14:49,444 [ERROR] LogOutputStream:75 - [STDERR_REDIRECT] 
2025-12-13 15:14:50,441 [ERROR] LogOutputStream:75 - [STDERR_REDIRECT] [Fatal Error] :1:1: Premature end of file.
2025-12-13 15:14:50,442 [ERROR] LogOutputStream:75 - [STDERR_REDIRECT] 
2025-12-13 15:14:51,443 [ERROR] LogOutputStream:75 - [STDERR_REDIRECT] [Fatal Error] :1:1: Premature end of file.
2025-12-13 15:14:51,443 [ERROR] LogOutputStream:75 - [STDERR_REDIRECT] 
2025-12-13 15:14:52,441 [ERROR] LogOutputStream:75 - [STDERR_REDIRECT] [Fatal Error] :1:1: Premature end of file.
2025-12-13 15:14:52,442 [ERROR] LogOutputStream:75 - [STDERR_REDIRECT] 
2025-12-13 15:14:53,435 [ERROR] LogOutputStream:75 - [STDERR_REDIRECT] [Fatal Error] :1:1: Premature end of file.
2025-12-13 15:14:53,435 [ERROR] LogOutputStream:75 - [STDERR_REDIRECT] 
2025-12-13 15:14:54,441 [ERROR] LogOutputStream:75 - [STDERR_REDIRECT] [Fatal Error] :1:1: Premature end of file.
2025-12-13 15:14:54,441 [ERROR] LogOutputStream:75 - [STDERR_REDIRECT] 
2025-12-13 15:14:55,442 [ERROR] LogOutputStream:75 - [STDERR_REDIRECT] [Fatal Error] :1:1: Premature end of file.
2025-12-13 15:14:55,442 [ERROR] LogOutputStream:75 - [STDERR_REDIRECT] 
2025-12-13 15:14:56,441 [ERROR] LogOutputStream:75 - [STDERR_REDIRECT] [Fatal Error] :1:1: Premature end of file.
2025-12-13 15:14:56,441 [ERROR] LogOutputStream:75 - [STDERR_REDIRECT] 
2025-12-13 15:14:57,442 [ERROR] LogOutputStream:75 - [STDERR_REDIRECT] [Fatal Error] :1:1: Premature end of file.
2025-12-13 15:14:57,442 [ERROR] LogOutputStream:75 - [STDERR_REDIRECT] 
2025-12-13 15:14:58,439 [ERROR] LogOutputStream:75 - [STDERR_REDIRECT] [Fatal Error] :1:1: Premature end of file.
2025-12-13 15:14:58,439 [ERROR] LogOutputStream:75 - [STDERR_REDIRECT] 
2025-12-13 15:14:59,437 [ERROR] LogOutputStream:75 - [STDERR_REDIRECT] [Fatal Error] :1:1: Premature end of file.
2025-12-13 15:14:59,437 [ERROR] LogOutputStream:75 - [STDERR_REDIRECT] 
2025-12-13 15:15:00,427 [ERROR] LogOutputStream:75 - [STDERR_REDIRECT] [Fatal Error] :1:1: Premature end of file.
2025-12-13 15:15:00,427 [ERROR] LogOutputStream:75 - [STDERR_REDIRECT] 
2025-12-13 15:15:01,441 [ERROR] LogOutputStream:75 - [STDERR_REDIRECT] [Fatal Error] :1:1: Premature end of file.
2025-12-13 15:15:01,441 [ERROR] LogOutputStream:75 - [STDERR_REDIRECT] 
2025-12-13 15:15:02,443 [ERROR] LogOutputStream:75 - [STDERR_REDIRECT] [Fatal Error] :1:1: Premature end of file.
2025-12-13 15:15:02,443 [ERROR] LogOutputStream:75 - [STDERR_REDIRECT] 
2025-12-13 15:15:03,440 [ERROR] LogOutputStream:75 - [STDERR_REDIRECT] [Fatal Error] :1:1: Premature end of file.
2025-12-13 15:15:03,440 [ERROR] LogOutputStream:75 - [STDERR_REDIRECT] 
2025-12-13 15:15:04,440 [ERROR] LogOutputStream:75 - [STDERR_REDIRECT] [Fatal Error] :1:1: Premature end of file.
2025-12-13 15:15:04,441 [ERROR] LogOutputStream:75 - [STDERR_REDIRECT] 
2025-12-13 15:15:05,441 [ERROR] LogOutputStream:75 - [STDERR_REDIRECT] [Fatal Error] :1:1: Premature end of file.
2025-12-13 15:15:05,441 [ERROR] LogOutputStream:75 - [STDERR_REDIRECT] 
2025-12-13 15:15:06,442 [ERROR] LogOutputStream:75 - [STDERR_REDIRECT] [Fatal Error] :1:1: Premature end of file.
2025-12-13 15:15:06,443 [ERROR] LogOutputStream:75 - [STDERR_REDIRECT] 
2025-12-13 15:15:07,438 [ERROR] LogOutputStream:75 - [STDERR_REDIRECT] [Fatal Error] :1:1: Premature end of file.
2025-12-13 15:15:07,438 [ERROR] LogOutputStream:75 - [STDERR_REDIRECT] 
2025-12-13 15:15:08,440 [ERROR] LogOutputStream:75 - [STDERR_REDIRECT] [Fatal Error] :1:1: Premature end of file.
2025-12-13 15:15:08,440 [ERROR] LogOutputStream:75 - [STDERR_REDIRECT] 
2025-12-13 15:15:09,442 [ERROR] LogOutputStream:75 - [STDERR_REDIRECT] [Fatal Error] :1:1: Premature end of file.
2025-12-13 15:15:09,442 [ERROR] LogOutputStream:75 - [STDERR_REDIRECT] 
2025-12-13 15:15:10,436 [ERROR] LogOutputStream:75 - [STDERR_REDIRECT] [Fatal Error] :1:1: Premature end of file.
2025-12-13 15:15:10,436 [ERROR] LogOutputStream:75 - [STDERR_REDIRECT] 
2025-12-13 15:15:11,439 [ERROR] LogOutputStream:75 - [STDERR_REDIRECT] [Fatal Error] :1:1: Premature end of file.
2025-12-13 15:15:11,439 [ERROR] LogOutputStream:75 - [STDERR_REDIRECT] 
2025-12-13 15:15:12,445 [ERROR] LogOutputStream:75 - [STDERR_REDIRECT] [Fatal Error] :1:1: Premature end of file.
2025-12-13 15:15:12,445 [ERROR] LogOutputStream:75 - [STDERR_REDIRECT] 
2025-12-13 15:15:13,440 [ERROR] LogOutputStream:75 - [STDERR_REDIRECT] [Fatal Error] :1:1: Premature end of file.
2025-12-13 15:15:13,440 [ERROR] LogOutputStream:75 - [STDERR_REDIRECT] 
2025-12-13 15:15:14,438 [ERROR] LogOutputStream:75 - [STDERR_REDIRECT] [Fatal Error] :1:1: Premature end of file.
2025-12-13 15:15:14,438 [ERROR] LogOutputStream:75 - [STDERR_REDIRECT] 
2025-12-13 15:15:15,442 [ERROR] LogOutputStream:75 - [STDERR_REDIRECT] [Fatal Error] :1:1: Premature end of file.
2025-12-13 15:15:15,442 [ERROR] LogOutputStream:75 - [STDERR_REDIRECT] 
2025-12-13 15:15:16,440 [ERROR] LogOutputStream:75 - [STDERR_REDIRECT] [Fatal Error] :1:1: Premature end of file.
2025-12-13 15:15:16,440 [ERROR] LogOutputStream:75 - [STDERR_REDIRECT] 
2025-12-13 15:15:17,444 [ERROR] LogOutputStream:75 - [STDERR_REDIRECT] [Fatal Error] :1:1: Premature end of file.
2025-12-13 15:15:17,444 [ERROR] LogOutputStream:75 - [STDERR_REDIRECT] 
2025-12-13 15:15:18,439 [ERROR] LogOutputStream:75 - [STDERR_REDIRECT] [Fatal Error] :1:1: Premature end of file.
2025-12-13 15:15:18,439 [ERROR] LogOutputStream:75 - [STDERR_REDIRECT] 
2025-12-13 15:15:19,444 [ERROR] LogOutputStream:75 - [STDERR_REDIRECT] [Fatal Error] :1:1: Premature end of file.
2025-12-13 15:15:19,444 [ERROR] LogOutputStream:75 - [STDERR_REDIRECT] 
2025-12-13 15:15:20,437 [ERROR] LogOutputStream:75 - [STDERR_REDIRECT] [Fatal Error] :1:1: Premature end of file.
2025-12-13 15:15:20,437 [ERROR] LogOutputStream:75 - [STDERR_REDIRECT] 
2025-12-13 15:15:21,440 [ERROR] LogOutputStream:75 - [STDERR_REDIRECT] [Fatal Error] :1:1: Premature end of file.
2025-12-13 15:15:21,440 [ERROR] LogOutputStream:75 - [STDERR_REDIRECT] 
2025-12-13 15:15:22,442 [ERROR] LogOutputStream:75 - [STDERR_REDIRECT] [Fatal Error] :1:1: Premature end of file.
2025-12-13 15:15:22,443 [ERROR] LogOutputStream:75 - [STDERR_REDIRECT] 
2025-12-13 15:15:23,437 [ERROR] LogOutputStream:75 - [STDERR_REDIRECT] [Fatal Error] :1:1: Premature end of file.
2025-12-13 15:15:23,437 [ERROR] LogOutputStream:75 - [STDERR_REDIRECT] 
2025-12-13 15:15:24,438 [ERROR] LogOutputStream:75 - [STDERR_REDIRECT] [Fatal Error] :1:1: Premature end of file.
2025-12-13 15:15:24,438 [ERROR] LogOutputStream:75 - [STDERR_REDIRECT] 
2025-12-13 15:15:25,441 [ERROR] LogOutputStream:75 - [STDERR_REDIRECT] [Fatal Error] :1:1: Premature end of file.
2025-12-13 15:15:25,441 [ERROR] LogOutputStream:75 - [STDERR_REDIRECT] 
2025-12-13 15:15:26,440 [ERROR] LogOutputStream:75 - [STDERR_REDIRECT] [Fatal Error] :1:1: Premature end of file.
2025-12-13 15:15:26,440 [ERROR] LogOutputStream:75 - [STDERR_REDIRECT] 
2025-12-13 15:15:27,443 [ERROR] LogOutputStream:75 - [STDERR_REDIRECT] [Fatal Error] :1:1: Premature end of file.
2025-12-13 15:15:27,443 [ERROR] LogOutputStream:75 - [STDERR_REDIRECT] 
2025-12-13 15:15:28,439 [ERROR] LogOutputStream:75 - [STDERR_REDIRECT] [Fatal Error] :1:1: Premature end of file.
2025-12-13 15:15:28,439 [ERROR] LogOutputStream:75 - [STDERR_REDIRECT] 
2025-12-13 15:15:29,440 [ERROR] LogOutputStream:75 - [STDERR_REDIRECT] [Fatal Error] :1:1: Premature end of file.
2025-12-13 15:15:29,441 [ERROR] LogOutputStream:75 - [STDERR_REDIRECT] 
2025-12-13 15:15:30,442 [ERROR] LogOutputStream:75 - [STDERR_REDIRECT] [Fatal Error] :1:1: Premature end of file.
2025-12-13 15:15:30,442 [ERROR] LogOutputStream:75 - [STDERR_REDIRECT] 
2025-12-13 15:15:31,442 [ERROR] LogOutputStream:75 - [STDERR_REDIRECT] [Fatal Error] :1:1: Premature end of file.
2025-12-13 15:15:31,442 [ERROR] LogOutputStream:75 - [STDERR_REDIRECT] 
2025-12-13 15:15:32,442 [ERROR] LogOutputStream:75 - [STDERR_REDIRECT] [Fatal Error] :1:1: Premature end of file.
2025-12-13 15:15:32,442 [ERROR] LogOutputStream:75 - [STDERR_REDIRECT] 
2025-12-13 15:15:33,443 [ERROR] LogOutputStream:75 - [STDERR_REDIRECT] [Fatal Error] :1:1: Premature end of file.
2025-12-13 15:15:33,444 [ERROR] LogOutputStream:75 - [STDERR_REDIRECT] 
2025-12-13 15:15:34,440 [ERROR] LogOutputStream:75 - [STDERR_REDIRECT] [Fatal Error] :1:1: Premature end of file.
2025-12-13 15:15:34,440 [ERROR] LogOutputStream:75 - [STDERR_REDIRECT] 
2025-12-13 15:15:35,440 [ERROR] LogOutputStream:75 - [STDERR_REDIRECT] [Fatal Error] :1:1: Premature end of file.
2025-12-13 15:15:35,440 [ERROR] LogOutputStream:75 - [STDERR_REDIRECT] 
2025-12-13 15:15:36,439 [ERROR] LogOutputStream:75 - [STDERR_REDIRECT] [Fatal Error] :1:1: Premature end of file.
2025-12-13 15:15:36,439 [ERROR] LogOutputStream:75 - [STDERR_REDIRECT] 
2025-12-13 15:15:37,440 [ERROR] LogOutputStream:75 - [STDERR_REDIRECT] [Fatal Error] :1:1: Premature end of file.
2025-12-13 15:15:37,441 [ERROR] LogOutputStream:75 - [STDERR_REDIRECT] 
2025-12-13 15:15:38,441 [ERROR] LogOutputStream:75 - [STDERR_REDIRECT] [Fatal Error] :1:1: Premature end of file.
2025-12-13 15:15:38,441 [ERROR] LogOutputStream:75 - [STDERR_REDIRECT] 
2025-12-13 15:15:39,442 [ERROR] LogOutputStream:75 - [STDERR_REDIRECT] [Fatal Error] :1:1: Premature end of file.
2025-12-13 15:15:39,442 [ERROR] LogOutputStream:75 - [STDERR_REDIRECT] 
2025-12-13 15:15:40,445 [ERROR] LogOutputStream:75 - [STDERR_REDIRECT] [Fatal Error] :1:1: Premature end of file.
2025-12-13 15:15:40,445 [ERROR] LogOutputStream:75 - [STDERR_REDIRECT] 
2025-12-13 15:15:41,441 [ERROR] LogOutputStream:75 - [STDERR_REDIRECT] [Fatal Error] :1:1: Premature end of file.
2025-12-13 15:15:41,441 [ERROR] LogOutputStream:75 - [STDERR_REDIRECT] 
2025-12-13 15:15:42,441 [ERROR] LogOutputStream:75 - [STDERR_REDIRECT] [Fatal Error] :1:1: Premature end of file.
2025-12-13 15:15:42,441 [ERROR] LogOutputStream:75 - [STDERR_REDIRECT] 
2025-12-13 15:15:43,438 [ERROR] LogOutputStream:75 - [STDERR_REDIRECT] [Fatal Error] :1:1: Premature end of file.
2025-12-13 15:15:43,439 [ERROR] LogOutputStream:75 - [STDERR_REDIRECT] 
2025-12-13 15:15:44,442 [ERROR] LogOutputStream:75 - [STDERR_REDIRECT] [Fatal Error] :1:1: Premature end of file.
2025-12-13 15:15:44,442 [ERROR] LogOutputStream:75 - [STDERR_REDIRECT] 
2025-12-13 15:15:45,440 [ERROR] LogOutputStream:75 - [STDERR_REDIRECT] [Fatal Error] :1:1: Premature end of file.
2025-12-13 15:15:45,440 [ERROR] LogOutputStream:75 - [STDERR_REDIRECT] 
2025-12-13 15:15:46,440 [ERROR] LogOutputStream:75 - [STDERR_REDIRECT] [Fatal Error] :1:1: Premature end of file.
2025-12-13 15:15:46,440 [ERROR] LogOutputStream:75 - [STDERR_REDIRECT] 
2025-12-13 15:15:47,440 [ERROR] LogOutputStream:75 - [STDERR_REDIRECT] [Fatal Error] :1:1: Premature end of file.
2025-12-13 15:15:47,440 [ERROR] LogOutputStream:75 - [STDERR_REDIRECT] 
2025-12-13 15:15:48,439 [ERROR] LogOutputStream:75 - [STDERR_REDIRECT] [Fatal Error] :1:1: Premature end of file.
2025-12-13 15:15:48,439 [ERROR] LogOutputStream:75 - [STDERR_REDIRECT] 
2025-12-13 15:15:49,441 [ERROR] LogOutputStream:75 - [STDERR_REDIRECT] [Fatal Error] :1:1: Premature end of file.
2025-12-13 15:15:49,441 [ERROR] LogOutputStream:75 - [STDERR_REDIRECT] 
2025-12-13 15:15:50,440 [ERROR] LogOutputStream:75 - [STDERR_REDIRECT] [Fatal Error] :1:1: Premature end of file.
2025-12-13 15:15:50,441 [ERROR] LogOutputStream:75 - [STDERR_REDIRECT] 
2025-12-13 15:15:51,441 [ERROR] LogOutputStream:75 - [STDERR_REDIRECT] [Fatal Error] :1:1: Premature end of file.
2025-12-13 15:15:51,441 [ERROR] LogOutputStream:75 - [STDERR_REDIRECT] 
2025-12-13 15:15:52,438 [ERROR] LogOutputStream:75 - [STDERR_REDIRECT] [Fatal Error] :1:1: Premature end of file.
2025-12-13 15:15:52,438 [ERROR] LogOutputStream:75 - [STDERR_REDIRECT] 
2025-12-13 15:15:53,441 [ERROR] LogOutputStream:75 - [STDERR_REDIRECT] [Fatal Error] :1:1: Premature end of file.
2025-12-13 15:15:53,441 [ERROR] LogOutputStream:75 - [STDERR_REDIRECT] 
2025-12-13 15:15:54,438 [ERROR] LogOutputStream:75 - [STDERR_REDIRECT] [Fatal Error] :1:1: Premature end of file.
2025-12-13 15:15:54,438 [ERROR] LogOutputStream:75 - [STDERR_REDIRECT] 
2025-12-13 15:15:55,439 [ERROR] LogOutputStream:75 - [STDERR_REDIRECT] [Fatal Error] :1:1: Premature end of file.
2025-12-13 15:15:55,439 [ERROR] LogOutputStream:75 - [STDERR_REDIRECT] 
2025-12-13 15:15:56,439 [ERROR] LogOutputStream:75 - [STDERR_REDIRECT] [Fatal Error] :1:1: Premature end of file.
2025-12-13 15:15:56,439 [ERROR] LogOutputStream:75 - [STDERR_REDIRECT] 
2025-12-13 15:15:57,438 [ERROR] LogOutputStream:75 - [STDERR_REDIRECT] [Fatal Error] :1:1: Premature end of file.
2025-12-13 15:15:57,439 [ERROR] LogOutputStream:75 - [STDERR_REDIRECT] 
2025-12-13 15:15:58,440 [ERROR] LogOutputStream:75 - [STDERR_REDIRECT] [Fatal Error] :1:1: Premature end of file.
2025-12-13 15:15:58,441 [ERROR] LogOutputStream:75 - [STDERR_REDIRECT] 
2025-12-13 15:15:59,440 [ERROR] LogOutputStream:75 - [STDERR_REDIRECT] [Fatal Error] :1:1: Premature end of file.
2025-12-13 15:15:59,441 [ERROR] LogOutputStream:75 - [STDERR_REDIRECT] 
2025-12-13 15:16:00,441 [ERROR] LogOutputStream:75 - [STDERR_REDIRECT] [Fatal Error] :1:1: Premature end of file.
2025-12-13 15:16:00,441 [ERROR] LogOutputStream:75 - [STDERR_REDIRECT] 
2025-12-13 15:16:01,441 [ERROR] LogOutputStream:75 - [STDERR_REDIRECT] [Fatal Error] :1:1: Premature end of file.
2025-12-13 15:16:01,441 [ERROR] LogOutputStream:75 - [STDERR_REDIRECT] 
2025-12-13 15:16:02,443 [ERROR] LogOutputStream:75 - [STDERR_REDIRECT] [Fatal Error] :1:1: Premature end of file.
2025-12-13 15:16:02,444 [ERROR] LogOutputStream:75 - [STDERR_REDIRECT] 
2025-12-13 15:16:03,441 [ERROR] LogOutputStream:75 - [STDERR_REDIRECT] [Fatal Error] :1:1: Premature end of file.
2025-12-13 15:16:03,442 [ERROR] LogOutputStream:75 - [STDERR_REDIRECT] 
2025-12-13 15:16:04,439 [ERROR] LogOutputStream:75 - [STDERR_REDIRECT] [Fatal Error] :1:1: Premature end of file.
2025-12-13 15:16:04,439 [ERROR] LogOutputStream:75 - [STDERR_REDIRECT] 
2025-12-13 15:16:05,437 [ERROR] LogOutputStream:75 - [STDERR_REDIRECT] [Fatal Error] :1:1: Premature end of file.
2025-12-13 15:16:05,438 [ERROR] LogOutputStream:75 - [STDERR_REDIRECT] 
2025-12-13 15:16:06,439 [ERROR] LogOutputStream:75 - [STDERR_REDIRECT] [Fatal Error] :1:1: Premature end of file.
2025-12-13 15:16:06,439 [ERROR] LogOutputStream:75 - [STDERR_REDIRECT] 
2025-12-13 15:16:07,440 [ERROR] LogOutputStream:75 - [STDERR_REDIRECT] [Fatal Error] :1:1: Premature end of file.
2025-12-13 15:16:07,440 [ERROR] LogOutputStream:75 - [STDERR_REDIRECT] 
2025-12-13 15:16:08,441 [ERROR] LogOutputStream:75 - [STDERR_REDIRECT] [Fatal Error] :1:1: Premature end of file.
2025-12-13 15:16:08,441 [ERROR] LogOutputStream:75 - [STDERR_REDIRECT] 
2025-12-13 15:16:09,442 [ERROR] LogOutputStream:75 - [STDERR_REDIRECT] [Fatal Error] :1:1: Premature end of file.
2025-12-13 15:16:09,442 [ERROR] LogOutputStream:75 - [STDERR_REDIRECT] 
2025-12-13 15:16:10,440 [ERROR] LogOutputStream:75 - [STDERR_REDIRECT] [Fatal Error] :1:1: Premature end of file.
2025-12-13 15:16:10,440 [ERROR] LogOutputStream:75 - [STDERR_REDIRECT] 
2025-12-13 15:16:11,440 [ERROR] LogOutputStream:75 - [STDERR_REDIRECT] [Fatal Error] :1:1: Premature end of file.
2025-12-13 15:16:11,441 [ERROR] LogOutputStream:75 - [STDERR_REDIRECT] 
2025-12-13 15:16:12,438 [ERROR] LogOutputStream:75 - [STDERR_REDIRECT] [Fatal Error] :1:1: Premature end of file.
2025-12-13 15:16:12,438 [ERROR] LogOutputStream:75 - [STDERR_REDIRECT] 
2025-12-13 15:16:13,440 [ERROR] LogOutputStream:75 - [STDERR_REDIRECT] [Fatal Error] :1:1: Premature end of file.
2025-12-13 15:16:13,440 [ERROR] LogOutputStream:75 - [STDERR_REDIRECT] 
2025-12-13 15:16:14,444 [ERROR] LogOutputStream:75 - [STDERR_REDIRECT] [Fatal Error] :1:1: Premature end of file.
2025-12-13 15:16:14,444 [ERROR] LogOutputStream:75 - [STDERR_REDIRECT] 
2025-12-13 15:16:15,451 [ERROR] LogOutputStream:75 - [STDERR_REDIRECT] [Fatal Error] :1:1: Premature end of file.
2025-12-13 15:16:15,451 [ERROR] LogOutputStream:75 - [STDERR_REDIRECT] 
2025-12-13 15:16:16,437 [ERROR] LogOutputStream:75 - [STDERR_REDIRECT] [Fatal Error] :1:1: Premature end of file.
2025-12-13 15:16:16,438 [ERROR] LogOutputStream:75 - [STDERR_REDIRECT] 
2025-12-13 15:16:17,441 [ERROR] LogOutputStream:75 - [STDERR_REDIRECT] [Fatal Error] :1:1: Premature end of file.
2025-12-13 15:16:17,441 [ERROR] LogOutputStream:75 - [STDERR_REDIRECT] 
2025-12-13 15:16:18,439 [ERROR] LogOutputStream:75 - [STDERR_REDIRECT] [Fatal Error] :1:1: Premature end of file.
2025-12-13 15:16:18,439 [ERROR] LogOutputStream:75 - [STDERR_REDIRECT] 
2025-12-13 15:16:19,443 [ERROR] LogOutputStream:75 - [STDERR_REDIRECT] [Fatal Error] :1:1: Premature end of file.
2025-12-13 15:16:19,443 [ERROR] LogOutputStream:75 - [STDERR_REDIRECT] 
2025-12-13 15:16:20,437 [ERROR] LogOutputStream:75 - [STDERR_REDIRECT] [Fatal Error] :1:1: Premature end of file.
2025-12-13 15:16:20,437 [ERROR] LogOutputStream:75 - [STDERR_REDIRECT] 
2025-12-13 15:16:21,440 [ERROR] LogOutputStream:75 - [STDERR_REDIRECT] [Fatal Error] :1:1: Premature end of file.
2025-12-13 15:16:21,440 [ERROR] LogOutputStream:75 - [STDERR_REDIRECT] 
2025-12-13 15:16:22,444 [ERROR] LogOutputStream:75 - [STDERR_REDIRECT] [Fatal Error] :1:1: Premature end of file.
2025-12-13 15:16:22,444 [ERROR] LogOutputStream:75 - [STDERR_REDIRECT] 
2025-12-13 15:16:23,441 [ERROR] LogOutputStream:75 - [STDERR_REDIRECT] [Fatal Error] :1:1: Premature end of file.
2025-12-13 15:16:23,441 [ERROR] LogOutputStream:75 - [STDERR_REDIRECT] 
2025-12-13 15:16:24,442 [ERROR] LogOutputStream:75 - [STDERR_REDIRECT] [Fatal Error] :1:1: Premature end of file.
2025-12-13 15:16:24,443 [ERROR] LogOutputStream:75 - [STDERR_REDIRECT] 
2025-12-13 15:16:25,437 [ERROR] LogOutputStream:75 - [STDERR_REDIRECT] [Fatal Error] :1:1: Premature end of file.
2025-12-13 15:16:25,437 [ERROR] LogOutputStream:75 - [STDERR_REDIRECT] 
2025-12-13 15:16:26,442 [ERROR] LogOutputStream:75 - [STDERR_REDIRECT] [Fatal Error] :1:1: Premature end of file.
2025-12-13 15:16:26,442 [ERROR] LogOutputStream:75 - [STDERR_REDIRECT] 
2025-12-13 15:16:27,439 [ERROR] LogOutputStream:75 - [STDERR_REDIRECT] [Fatal Error] :1:1: Premature end of file.
2025-12-13 15:16:27,439 [ERROR] LogOutputStream:75 - [STDERR_REDIRECT] 
2025-12-13 15:16:28,440 [ERROR] LogOutputStream:75 - [STDERR_REDIRECT] [Fatal Error] :1:1: Premature end of file.
2025-12-13 15:16:28,441 [ERROR] LogOutputStream:75 - [STDERR_REDIRECT] 
2025-12-13 15:16:29,439 [ERROR] LogOutputStream:75 - [STDERR_REDIRECT] [Fatal Error] :1:1: Premature end of file.
2025-12-13 15:16:29,439 [ERROR] LogOutputStream:75 - [STDERR_REDIRECT] 
2025-12-13 15:16:30,441 [ERROR] LogOutputStream:75 - [STDERR_REDIRECT] [Fatal Error] :1:1: Premature end of file.
2025-12-13 15:16:30,441 [ERROR] LogOutputStream:75 - [STDERR_REDIRECT] 
2025-12-13 15:16:31,441 [ERROR] LogOutputStream:75 - [STDERR_REDIRECT] [Fatal Error] :1:1: Premature end of file.
2025-12-13 15:16:31,441 [ERROR] LogOutputStream:75 - [STDERR_REDIRECT] 
2025-12-13 15:16:32,440 [ERROR] LogOutputStream:75 - [STDERR_REDIRECT] [Fatal Error] :1:1: Premature end of file.
2025-12-13 15:16:32,440 [ERROR] LogOutputStream:75 - [STDERR_REDIRECT] 
2025-12-13 15:16:33,442 [ERROR] LogOutputStream:75 - [STDERR_REDIRECT] [Fatal Error] :1:1: Premature end of file.
2025-12-13 15:16:33,442 [ERROR] LogOutputStream:75 - [STDERR_REDIRECT] 
2025-12-13 15:16:34,441 [ERROR] LogOutputStream:75 - [STDERR_REDIRECT] [Fatal Error] :1:1: Premature end of file.
2025-12-13 15:16:34,464 [ERROR] LogOutputStream:75 - [STDERR_REDIRECT] 
2025-12-13 15:16:35,439 [ERROR] LogOutputStream:75 - [STDERR_REDIRECT] [Fatal Error] :1:1: Premature end of file.
2025-12-13 15:16:35,439 [ERROR] LogOutputStream:75 - [STDERR_REDIRECT] 
2025-12-13 15:16:36,444 [ERROR] LogOutputStream:75 - [STDERR_REDIRECT] [Fatal Error] :1:1: Premature end of file.
2025-12-13 15:16:36,444 [ERROR] LogOutputStream:75 - [STDERR_REDIRECT] 
2025-12-13 15:16:37,442 [ERROR] LogOutputStream:75 - [STDERR_REDIRECT] [Fatal Error] :1:1: Premature end of file.
2025-12-13 15:16:37,442 [ERROR] LogOutputStream:75 - [STDERR_REDIRECT] 
2025-12-13 15:16:38,442 [ERROR] LogOutputStream:75 - [STDERR_REDIRECT] [Fatal Error] :1:1: Premature end of file.
2025-12-13 15:16:38,442 [ERROR] LogOutputStream:75 - [STDERR_REDIRECT] 
2025-12-13 15:16:39,439 [ERROR] LogOutputStream:75 - [STDERR_REDIRECT] [Fatal Error] :1:1: Premature end of file.
2025-12-13 15:16:39,439 [ERROR] LogOutputStream:75 - [STDERR_REDIRECT] 
2025-12-13 15:16:40,437 [ERROR] LogOutputStream:75 - [STDERR_REDIRECT] [Fatal Error] :1:1: Premature end of file.
2025-12-13 15:16:40,437 [ERROR] LogOutputStream:75 - [STDERR_REDIRECT] 
2025-12-13 15:16:41,440 [ERROR] LogOutputStream:75 - [STDERR_REDIRECT] [Fatal Error] :1:1: Premature end of file.
2025-12-13 15:16:41,440 [ERROR] LogOutputStream:75 - [STDERR_REDIRECT] 
2025-12-13 15:16:42,437 [ERROR] LogOutputStream:75 - [STDERR_REDIRECT] [Fatal Error] :1:1: Premature end of file.
2025-12-13 15:16:42,437 [ERROR] LogOutputStream:75 - [STDERR_REDIRECT] 
2025-12-13 15:16:43,441 [ERROR] LogOutputStream:75 - [STDERR_REDIRECT] [Fatal Error] :1:1: Premature end of file.
2025-12-13 15:16:43,441 [ERROR] LogOutputStream:75 - [STDERR_REDIRECT] 
2025-12-13 15:16:44,440 [ERROR] LogOutputStream:75 - [STDERR_REDIRECT] [Fatal Error] :1:1: Premature end of file.
2025-12-13 15:16:44,440 [ERROR] LogOutputStream:75 - [STDERR_REDIRECT] 
2025-12-13 15:16:45,439 [ERROR] LogOutputStream:75 - [STDERR_REDIRECT] [Fatal Error] :1:1: Premature end of file.
2025-12-13 15:16:45,439 [ERROR] LogOutputStream:75 - [STDERR_REDIRECT] 
2025-12-13 15:16:46,439 [ERROR] LogOutputStream:75 - [STDERR_REDIRECT] [Fatal Error] :1:1: Premature end of file.
2025-12-13 15:16:46,439 [ERROR] LogOutputStream:75 - [STDERR_REDIRECT] 
2025-12-13 15:16:47,441 [ERROR] LogOutputStream:75 - [STDERR_REDIRECT] [Fatal Error] :1:1: Premature end of file.
2025-12-13 15:16:47,441 [ERROR] LogOutputStream:75 - [STDERR_REDIRECT] 
2025-12-13 15:16:48,435 [ERROR] LogOutputStream:75 - [STDERR_REDIRECT] [Fatal Error] :1:1: Premature end of file.
2025-12-13 15:16:48,435 [ERROR] LogOutputStream:75 - [STDERR_REDIRECT] 
2025-12-13 15:16:49,437 [ERROR] LogOutputStream:75 - [STDERR_REDIRECT] [Fatal Error] :1:1: Premature end of file.
2025-12-13 15:16:49,462 [ERROR] LogOutputStream:75 - [STDERR_REDIRECT] 
2025-12-13 15:16:50,441 [ERROR] LogOutputStream:75 - [STDERR_REDIRECT] [Fatal Error] :1:1: Premature end of file.
2025-12-13 15:16:50,441 [ERROR] LogOutputStream:75 - [STDERR_REDIRECT] 
2025-12-13 15:16:51,441 [ERROR] LogOutputStream:75 - [STDERR_REDIRECT] [Fatal Error] :1:1: Premature end of file.
2025-12-13 15:16:51,441 [ERROR] LogOutputStream:75 - [STDERR_REDIRECT] 
2025-12-13 15:16:52,439 [ERROR] LogOutputStream:75 - [STDERR_REDIRECT] [Fatal Error] :1:1: Premature end of file.
2025-12-13 15:16:52,440 [ERROR] LogOutputStream:75 - [STDERR_REDIRECT] 
2025-12-13 15:16:53,439 [ERROR] LogOutputStream:75 - [STDERR_REDIRECT] [Fatal Error] :1:1: Premature end of file.
2025-12-13 15:16:53,439 [ERROR] LogOutputStream:75 - [STDERR_REDIRECT] 
2025-12-13 15:16:54,441 [ERROR] LogOutputStream:75 - [STDERR_REDIRECT] [Fatal Error] :1:1: Premature end of file.
2025-12-13 15:16:54,441 [ERROR] LogOutputStream:75 - [STDERR_REDIRECT] 
2025-12-13 15:16:55,436 [ERROR] LogOutputStream:75 - [STDERR_REDIRECT] [Fatal Error] :1:1: Premature end of file.
2025-12-13 15:16:55,437 [ERROR] LogOutputStream:75 - [STDERR_REDIRECT] 
2025-12-13 15:16:56,438 [ERROR] LogOutputStream:75 - [STDERR_REDIRECT] [Fatal Error] :1:1: Premature end of file.
2025-12-13 15:16:56,438 [ERROR] LogOutputStream:75 - [STDERR_REDIRECT] 
2025-12-13 15:16:57,439 [ERROR] LogOutputStream:75 - [STDERR_REDIRECT] [Fatal Error] :1:1: Premature end of file.
2025-12-13 15:16:57,440 [ERROR] LogOutputStream:75 - [STDERR_REDIRECT] 
2025-12-13 15:16:58,442 [ERROR] LogOutputStream:75 - [STDERR_REDIRECT] [Fatal Error] :1:1: Premature end of file.
2025-12-13 15:16:58,443 [ERROR] LogOutputStream:75 - [STDERR_REDIRECT] 
2025-12-13 15:16:59,441 [ERROR] LogOutputStream:75 - [STDERR_REDIRECT] [Fatal Error] :1:1: Premature end of file.
2025-12-13 15:16:59,441 [ERROR] LogOutputStream:75 - [STDERR_REDIRECT] 
2025-12-13 15:17:00,442 [ERROR] LogOutputStream:75 - [STDERR_REDIRECT] [Fatal Error] :1:1: Premature end of file.
2025-12-13 15:17:00,442 [ERROR] LogOutputStream:75 - [STDERR_REDIRECT] 
2025-12-13 15:17:01,443 [ERROR] LogOutputStream:75 - [STDERR_REDIRECT] [Fatal Error] :1:1: Premature end of file.
2025-12-13 15:17:01,443 [ERROR] LogOutputStream:75 - [STDERR_REDIRECT] 
2025-12-13 15:17:02,441 [ERROR] LogOutputStream:75 - [STDERR_REDIRECT] [Fatal Error] :1:1: Premature end of file.
2025-12-13 15:17:02,441 [ERROR] LogOutputStream:75 - [STDERR_REDIRECT] 
2025-12-13 15:17:03,439 [ERROR] LogOutputStream:75 - [STDERR_REDIRECT] [Fatal Error] :1:1: Premature end of file.
2025-12-13 15:17:03,439 [ERROR] LogOutputStream:75 - [STDERR_REDIRECT] 
2025-12-13 15:17:04,440 [ERROR] LogOutputStream:75 - [STDERR_REDIRECT] [Fatal Error] :1:1: Premature end of file.
2025-12-13 15:17:04,440 [ERROR] LogOutputStream:75 - [STDERR_REDIRECT] 
2025-12-13 15:17:05,442 [ERROR] LogOutputStream:75 - [STDERR_REDIRECT] [Fatal Error] :1:1: Premature end of file.
2025-12-13 15:17:05,442 [ERROR] LogOutputStream:75 - [STDERR_REDIRECT] 
2025-12-13 15:17:06,440 [ERROR] LogOutputStream:75 - [STDERR_REDIRECT] [Fatal Error] :1:1: Premature end of file.
2025-12-13 15:17:06,440 [ERROR] LogOutputStream:75 - [STDERR_REDIRECT] 
2025-12-13 15:17:07,439 [ERROR] LogOutputStream:75 - [STDERR_REDIRECT] [Fatal Error] :1:1: Premature end of file.
2025-12-13 15:17:07,440 [ERROR] LogOutputStream:75 - [STDERR_REDIRECT] 
2025-12-13 15:17:08,437 [ERROR] LogOutputStream:75 - [STDERR_REDIRECT] [Fatal Error] :1:1: Premature end of file.
2025-12-13 15:17:08,437 [ERROR] LogOutputStream:75 - [STDERR_REDIRECT] 
2025-12-13 15:17:09,440 [ERROR] LogOutputStream:75 - [STDERR_REDIRECT] [Fatal Error] :1:1: Premature end of file.
2025-12-13 15:17:09,440 [ERROR] LogOutputStream:75 - [STDERR_REDIRECT] 
2025-12-13 15:17:10,443 [ERROR] LogOutputStream:75 - [STDERR_REDIRECT] [Fatal Error] :1:1: Premature end of file.
2025-12-13 15:17:10,443 [ERROR] LogOutputStream:75 - [STDERR_REDIRECT] 
2025-12-13 15:17:11,439 [ERROR] LogOutputStream:75 - [STDERR_REDIRECT] [Fatal Error] :1:1: Premature end of file.
2025-12-13 15:17:11,439 [ERROR] LogOutputStream:75 - [STDERR_REDIRECT] 
2025-12-13 15:17:12,441 [ERROR] LogOutputStream:75 - [STDERR_REDIRECT] [Fatal Error] :1:1: Premature end of file.
2025-12-13 15:17:12,441 [ERROR] LogOutputStream:75 - [STDERR_REDIRECT] 
2025-12-13 15:17:13,438 [ERROR] LogOutputStream:75 - [STDERR_REDIRECT] [Fatal Error] :1:1: Premature end of file.
2025-12-13 15:17:13,438 [ERROR] LogOutputStream:75 - [STDERR_REDIRECT] 
2025-12-13 15:17:14,442 [ERROR] LogOutputStream:75 - [STDERR_REDIRECT] [Fatal Error] :1:1: Premature end of file.
2025-12-13 15:17:14,442 [ERROR] LogOutputStream:75 - [STDERR_REDIRECT] 
2025-12-13 15:17:15,442 [ERROR] LogOutputStream:75 - [STDERR_REDIRECT] [Fatal Error] :1:1: Premature end of file.
2025-12-13 15:17:15,442 [ERROR] LogOutputStream:75 - [STDERR_REDIRECT] 
2025-12-13 15:17:16,440 [ERROR] LogOutputStream:75 - [STDERR_REDIRECT] [Fatal Error] :1:1: Premature end of file.
2025-12-13 15:17:16,440 [ERROR] LogOutputStream:75 - [STDERR_REDIRECT] 
2025-12-13 15:17:17,440 [ERROR] LogOutputStream:75 - [STDERR_REDIRECT] [Fatal Error] :1:1: Premature end of file.
2025-12-13 15:17:17,440 [ERROR] LogOutputStream:75 - [STDERR_REDIRECT] 
2025-12-13 15:17:18,440 [ERROR] LogOutputStream:75 - [STDERR_REDIRECT] [Fatal Error] :1:1: Premature end of file.
2025-12-13 15:17:18,440 [ERROR] LogOutputStream:75 - [STDERR_REDIRECT] 
2025-12-13 15:17:19,440 [ERROR] LogOutputStream:75 - [STDERR_REDIRECT] [Fatal Error] :1:1: Premature end of file.
2025-12-13 15:17:19,455 [ERROR] LogOutputStream:75 - [STDERR_REDIRECT] 
2025-12-13 15:17:20,441 [ERROR] LogOutputStream:75 - [STDERR_REDIRECT] [Fatal Error] :1:1: Premature end of file.
2025-12-13 15:17:20,441 [ERROR] LogOutputStream:75 - [STDERR_REDIRECT] 
2025-12-13 15:17:21,441 [ERROR] LogOutputStream:75 - [STDERR_REDIRECT] [Fatal Error] :1:1: Premature end of file.
2025-12-13 15:17:21,441 [ERROR] LogOutputStream:75 - [STDERR_REDIRECT] 
2025-12-13 15:17:22,437 [ERROR] LogOutputStream:75 - [STDERR_REDIRECT] [Fatal Error] :1:1: Premature end of file.
2025-12-13 15:17:22,438 [ERROR] LogOutputStream:75 - [STDERR_REDIRECT] 
2025-12-13 15:17:23,439 [ERROR] LogOutputStream:75 - [STDERR_REDIRECT] [Fatal Error] :1:1: Premature end of file.
2025-12-13 15:17:23,440 [ERROR] LogOutputStream:75 - [STDERR_REDIRECT] 
2025-12-13 15:17:24,444 [ERROR] LogOutputStream:75 - [STDERR_REDIRECT] [Fatal Error] :1:1: Premature end of file.
2025-12-13 15:17:24,444 [ERROR] LogOutputStream:75 - [STDERR_REDIRECT] 
2025-12-13 15:17:25,442 [ERROR] LogOutputStream:75 - [STDERR_REDIRECT] [Fatal Error] :1:1: Premature end of file.
2025-12-13 15:17:25,442 [ERROR] LogOutputStream:75 - [STDERR_REDIRECT] 
2025-12-13 15:17:26,440 [ERROR] LogOutputStream:75 - [STDERR_REDIRECT] [Fatal Error] :1:1: Premature end of file.
2025-12-13 15:17:26,440 [ERROR] LogOutputStream:75 - [STDERR_REDIRECT] 
2025-12-13 15:17:27,441 [ERROR] LogOutputStream:75 - [STDERR_REDIRECT] [Fatal Error] :1:1: Premature end of file.
2025-12-13 15:17:27,441 [ERROR] LogOutputStream:75 - [STDERR_REDIRECT] 
2025-12-13 15:17:28,439 [ERROR] LogOutputStream:75 - [STDERR_REDIRECT] [Fatal Error] :1:1: Premature end of file.
2025-12-13 15:17:28,439 [ERROR] LogOutputStream:75 - [STDERR_REDIRECT] 
2025-12-13 15:17:29,439 [ERROR] LogOutputStream:75 - [STDERR_REDIRECT] [Fatal Error] :1:1: Premature end of file.
2025-12-13 15:17:29,439 [ERROR] LogOutputStream:75 - [STDERR_REDIRECT] 
2025-12-13 15:17:30,441 [ERROR] LogOutputStream:75 - [STDERR_REDIRECT] [Fatal Error] :1:1: Premature end of file.
2025-12-13 15:17:30,442 [ERROR] LogOutputStream:75 - [STDERR_REDIRECT] 
2025-12-13 15:17:31,440 [ERROR] LogOutputStream:75 - [STDERR_REDIRECT] [Fatal Error] :1:1: Premature end of file.
2025-12-13 15:17:31,441 [ERROR] LogOutputStream:75 - [STDERR_REDIRECT] 
2025-12-13 15:17:32,442 [ERROR] LogOutputStream:75 - [STDERR_REDIRECT] [Fatal Error] :1:1: Premature end of file.
2025-12-13 15:17:32,442 [ERROR] LogOutputStream:75 - [STDERR_REDIRECT] 
2025-12-13 15:17:33,441 [ERROR] LogOutputStream:75 - [STDERR_REDIRECT] [Fatal Error] :1:1: Premature end of file.
2025-12-13 15:17:33,441 [ERROR] LogOutputStream:75 - [STDERR_REDIRECT] 
2025-12-13 15:17:34,437 [ERROR] LogOutputStream:75 - [STDERR_REDIRECT] [Fatal Error] :1:1: Premature end of file.
2025-12-13 15:17:34,454 [ERROR] LogOutputStream:75 - [STDERR_REDIRECT] 
2025-12-13 15:17:35,439 [ERROR] LogOutputStream:75 - [STDERR_REDIRECT] [Fatal Error] :1:1: Premature end of file.
2025-12-13 15:17:35,439 [ERROR] LogOutputStream:75 - [STDERR_REDIRECT] 
2025-12-13 15:17:36,441 [ERROR] LogOutputStream:75 - [STDERR_REDIRECT] [Fatal Error] :1:1: Premature end of file.
2025-12-13 15:17:36,441 [ERROR] LogOutputStream:75 - [STDERR_REDIRECT] 
2025-12-13 15:17:37,440 [ERROR] LogOutputStream:75 - [STDERR_REDIRECT] [Fatal Error] :1:1: Premature end of file.
2025-12-13 15:17:37,440 [ERROR] LogOutputStream:75 - [STDERR_REDIRECT] 
2025-12-13 15:17:38,440 [ERROR] LogOutputStream:75 - [STDERR_REDIRECT] [Fatal Error] :1:1: Premature end of file.
2025-12-13 15:17:38,440 [ERROR] LogOutputStream:75 - [STDERR_REDIRECT] 
2025-12-13 15:17:39,439 [ERROR] LogOutputStream:75 - [STDERR_REDIRECT] [Fatal Error] :1:1: Premature end of file.
2025-12-13 15:17:39,439 [ERROR] LogOutputStream:75 - [STDERR_REDIRECT] 
2025-12-13 15:17:40,440 [ERROR] LogOutputStream:75 - [STDERR_REDIRECT] [Fatal Error] :1:1: Premature end of file.
2025-12-13 15:17:40,440 [ERROR] LogOutputStream:75 - [STDERR_REDIRECT] 
2025-12-13 15:17:41,439 [ERROR] LogOutputStream:75 - [STDERR_REDIRECT] [Fatal Error] :1:1: Premature end of file.
2025-12-13 15:17:41,439 [ERROR] LogOutputStream:75 - [STDERR_REDIRECT] 
2025-12-13 15:17:42,444 [ERROR] LogOutputStream:75 - [STDERR_REDIRECT] [Fatal Error] :1:1: Premature end of file.
2025-12-13 15:17:42,444 [ERROR] LogOutputStream:75 - [STDERR_REDIRECT] 
2025-12-13 15:17:43,442 [ERROR] LogOutputStream:75 - [STDERR_REDIRECT] [Fatal Error] :1:1: Premature end of file.
2025-12-13 15:17:43,442 [ERROR] LogOutputStream:75 - [STDERR_REDIRECT] 
2025-12-13 15:17:44,437 [ERROR] LogOutputStream:75 - [STDERR_REDIRECT] [Fatal Error] :1:1: Premature end of file.
2025-12-13 15:17:44,438 [ERROR] LogOutputStream:75 - [STDERR_REDIRECT] 
2025-12-13 15:17:45,440 [ERROR] LogOutputStream:75 - [STDERR_REDIRECT] [Fatal Error] :1:1: Premature end of file.
2025-12-13 15:17:45,440 [ERROR] LogOutputStream:75 - [STDERR_REDIRECT] 
2025-12-13 15:17:46,439 [ERROR] LogOutputStream:75 - [STDERR_REDIRECT] [Fatal Error] :1:1: Premature end of file.
2025-12-13 15:17:46,439 [ERROR] LogOutputStream:75 - [STDERR_REDIRECT] 
2025-12-13 15:17:47,442 [ERROR] LogOutputStream:75 - [STDERR_REDIRECT] [Fatal Error] :1:1: Premature end of file.
2025-12-13 15:17:47,442 [ERROR] LogOutputStream:75 - [STDERR_REDIRECT] 
2025-12-13 15:17:48,441 [ERROR] LogOutputStream:75 - [STDERR_REDIRECT] [Fatal Error] :1:1: Premature end of file.
2025-12-13 15:17:48,441 [ERROR] LogOutputStream:75 - [STDERR_REDIRECT] 
2025-12-13 15:17:49,441 [ERROR] LogOutputStream:75 - [STDERR_REDIRECT] [Fatal Error] :1:1: Premature end of file.
2025-12-13 15:17:49,443 [ERROR] LogOutputStream:75 - [STDERR_REDIRECT] 
2025-12-13 15:17:50,441 [ERROR] LogOutputStream:75 - [STDERR_REDIRECT] [Fatal Error] :1:1: Premature end of file.
2025-12-13 15:17:50,441 [ERROR] LogOutputStream:75 - [STDERR_REDIRECT] 
2025-12-13 15:17:51,439 [ERROR] LogOutputStream:75 - [STDERR_REDIRECT] [Fatal Error] :1:1: Premature end of file.
2025-12-13 15:17:51,439 [ERROR] LogOutputStream:75 - [STDERR_REDIRECT] 
2025-12-13 15:17:52,441 [ERROR] LogOutputStream:75 - [STDERR_REDIRECT] [Fatal Error] :1:1: Premature end of file.
2025-12-13 15:17:52,441 [ERROR] LogOutputStream:75 - [STDERR_REDIRECT] 
2025-12-13 15:17:53,440 [ERROR] LogOutputStream:75 - [STDERR_REDIRECT] [Fatal Error] :1:1: Premature end of file.
2025-12-13 15:17:53,440 [ERROR] LogOutputStream:75 - [STDERR_REDIRECT] 
2025-12-13 15:17:54,440 [ERROR] LogOutputStream:75 - [STDERR_REDIRECT] [Fatal Error] :1:1: Premature end of file.
2025-12-13 15:17:54,440 [ERROR] LogOutputStream:75 - [STDERR_REDIRECT] 
2025-12-13 15:17:55,440 [ERROR] LogOutputStream:75 - [STDERR_REDIRECT] [Fatal Error] :1:1: Premature end of file.
2025-12-13 15:17:55,440 [ERROR] LogOutputStream:75 - [STDERR_REDIRECT] 
2025-12-13 15:17:56,440 [ERROR] LogOutputStream:75 - [STDERR_REDIRECT] [Fatal Error] :1:1: Premature end of file.
2025-12-13 15:17:56,440 [ERROR] LogOutputStream:75 - [STDERR_REDIRECT] 
2025-12-13 15:17:57,440 [ERROR] LogOutputStream:75 - [STDERR_REDIRECT] [Fatal Error] :1:1: Premature end of file.
2025-12-13 15:17:57,440 [ERROR] LogOutputStream:75 - [STDERR_REDIRECT] 
2025-12-13 15:17:58,439 [ERROR] LogOutputStream:75 - [STDERR_REDIRECT] [Fatal Error] :1:1: Premature end of file.
2025-12-13 15:17:58,439 [ERROR] LogOutputStream:75 - [STDERR_REDIRECT] 
2025-12-13 15:17:59,444 [ERROR] LogOutputStream:75 - [STDERR_REDIRECT] [Fatal Error] :1:1: Premature end of file.
2025-12-13 15:17:59,444 [ERROR] LogOutputStream:75 - [STDERR_REDIRECT] 
2025-12-13 15:18:00,442 [ERROR] LogOutputStream:75 - [STDERR_REDIRECT] [Fatal Error] :1:1: Premature end of file.
2025-12-13 15:18:00,442 [ERROR] LogOutputStream:75 - [STDERR_REDIRECT] 
2025-12-13 15:18:01,442 [ERROR] LogOutputStream:75 - [STDERR_REDIRECT] [Fatal Error] :1:1: Premature end of file.
2025-12-13 15:18:01,442 [ERROR] LogOutputStream:75 - [STDERR_REDIRECT] 
2025-12-13 15:18:02,441 [ERROR] LogOutputStream:75 - [STDERR_REDIRECT] [Fatal Error] :1:1: Premature end of file.
2025-12-13 15:18:02,441 [ERROR] LogOutputStream:75 - [STDERR_REDIRECT] 
2025-12-13 15:18:03,441 [ERROR] LogOutputStream:75 - [STDERR_REDIRECT] [Fatal Error] :1:1: Premature end of file.
2025-12-13 15:18:03,441 [ERROR] LogOutputStream:75 - [STDERR_REDIRECT] 
2025-12-13 15:18:04,439 [ERROR] LogOutputStream:75 - [STDERR_REDIRECT] [Fatal Error] :1:1: Premature end of file.
2025-12-13 15:18:04,439 [ERROR] LogOutputStream:75 - [STDERR_REDIRECT] 
2025-12-13 15:18:05,442 [ERROR] LogOutputStream:75 - [STDERR_REDIRECT] [Fatal Error] :1:1: Premature end of file.
2025-12-13 15:18:05,443 [ERROR] LogOutputStream:75 - [STDERR_REDIRECT] 
2025-12-13 15:18:06,439 [ERROR] LogOutputStream:75 - [STDERR_REDIRECT] [Fatal Error] :1:1: Premature end of file.
2025-12-13 15:18:06,439 [ERROR] LogOutputStream:75 - [STDERR_REDIRECT] 
2025-12-13 15:18:07,442 [ERROR] LogOutputStream:75 - [STDERR_REDIRECT] [Fatal Error] :1:1: Premature end of file.
2025-12-13 15:18:07,442 [ERROR] LogOutputStream:75 - [STDERR_REDIRECT] 
2025-12-13 15:18:08,441 [ERROR] LogOutputStream:75 - [STDERR_REDIRECT] [Fatal Error] :1:1: Premature end of file.
2025-12-13 15:18:08,441 [ERROR] LogOutputStream:75 - [STDERR_REDIRECT] 
2025-12-13 15:18:09,444 [ERROR] LogOutputStream:75 - [STDERR_REDIRECT] [Fatal Error] :1:1: Premature end of file.
2025-12-13 15:18:09,444 [ERROR] LogOutputStream:75 - [STDERR_REDIRECT] 
2025-12-13 15:18:10,439 [ERROR] LogOutputStream:75 - [STDERR_REDIRECT] [Fatal Error] :1:1: Premature end of file.
2025-12-13 15:18:10,440 [ERROR] LogOutputStream:75 - [STDERR_REDIRECT] 
2025-12-13 15:18:11,440 [ERROR] LogOutputStream:75 - [STDERR_REDIRECT] [Fatal Error] :1:1: Premature end of file.
2025-12-13 15:18:11,441 [ERROR] LogOutputStream:75 - [STDERR_REDIRECT] 
2025-12-13 15:18:12,441 [ERROR] LogOutputStream:75 - [STDERR_REDIRECT] [Fatal Error] :1:1: Premature end of file.
2025-12-13 15:18:12,441 [ERROR] LogOutputStream:75 - [STDERR_REDIRECT] 
2025-12-13 15:18:13,440 [ERROR] LogOutputStream:75 - [STDERR_REDIRECT] [Fatal Error] :1:1: Premature end of file.
2025-12-13 15:18:13,441 [ERROR] LogOutputStream:75 - [STDERR_REDIRECT] 
2025-12-13 15:18:14,442 [ERROR] LogOutputStream:75 - [STDERR_REDIRECT] [Fatal Error] :1:1: Premature end of file.
2025-12-13 15:18:14,442 [ERROR] LogOutputStream:75 - [STDERR_REDIRECT] 
2025-12-13 15:18:15,439 [ERROR] LogOutputStream:75 - [STDERR_REDIRECT] [Fatal Error] :1:1: Premature end of file.
2025-12-13 15:18:15,440 [ERROR] LogOutputStream:75 - [STDERR_REDIRECT] 
2025-12-13 15:18:16,438 [ERROR] LogOutputStream:75 - [STDERR_REDIRECT] [Fatal Error] :1:1: Premature end of file.
2025-12-13 15:18:16,439 [ERROR] LogOutputStream:75 - [STDERR_REDIRECT] 
2025-12-13 15:18:17,439 [ERROR] LogOutputStream:75 - [STDERR_REDIRECT] [Fatal Error] :1:1: Premature end of file.
2025-12-13 15:18:17,440 [ERROR] LogOutputStream:75 - [STDERR_REDIRECT] 
2025-12-13 15:18:18,439 [ERROR] LogOutputStream:75 - [STDERR_REDIRECT] [Fatal Error] :1:1: Premature end of file.
2025-12-13 15:18:18,439 [ERROR] LogOutputStream:75 - [STDERR_REDIRECT] 
2025-12-13 15:18:19,442 [ERROR] LogOutputStream:75 - [STDERR_REDIRECT] [Fatal Error] :1:1: Premature end of file.
2025-12-13 15:18:19,442 [ERROR] LogOutputStream:75 - [STDERR_REDIRECT] 
2025-12-13 15:18:20,439 [ERROR] LogOutputStream:75 - [STDERR_REDIRECT] [Fatal Error] :1:1: Premature end of file.
2025-12-13 15:18:20,439 [ERROR] LogOutputStream:75 - [STDERR_REDIRECT] 
2025-12-13 15:18:21,440 [ERROR] LogOutputStream:75 - [STDERR_REDIRECT] [Fatal Error] :1:1: Premature end of file.
2025-12-13 15:18:21,440 [ERROR] LogOutputStream:75 - [STDERR_REDIRECT] 
2025-12-13 15:18:22,440 [ERROR] LogOutputStream:75 - [STDERR_REDIRECT] [Fatal Error] :1:1: Premature end of file.
2025-12-13 15:18:22,440 [ERROR] LogOutputStream:75 - [STDERR_REDIRECT] 
2025-12-13 15:18:23,442 [ERROR] LogOutputStream:75 - [STDERR_REDIRECT] [Fatal Error] :1:1: Premature end of file.
2025-12-13 15:18:23,443 [ERROR] LogOutputStream:75 - [STDERR_REDIRECT] 
2025-12-13 15:18:24,439 [ERROR] LogOutputStream:75 - [STDERR_REDIRECT] [Fatal Error] :1:1: Premature end of file.
2025-12-13 15:18:24,439 [ERROR] LogOutputStream:75 - [STDERR_REDIRECT] 
2025-12-13 15:18:25,436 [ERROR] LogOutputStream:75 - [STDERR_REDIRECT] [Fatal Error] :1:1: Premature end of file.
2025-12-13 15:18:25,437 [ERROR] LogOutputStream:75 - [STDERR_REDIRECT] 
2025-12-13 15:18:26,440 [ERROR] LogOutputStream:75 - [STDERR_REDIRECT] [Fatal Error] :1:1: Premature end of file.
2025-12-13 15:18:26,441 [ERROR] LogOutputStream:75 - [STDERR_REDIRECT] 
2025-12-13 15:18:27,442 [ERROR] LogOutputStream:75 - [STDERR_REDIRECT] [Fatal Error] :1:1: Premature end of file.
2025-12-13 15:18:27,442 [ERROR] LogOutputStream:75 - [STDERR_REDIRECT] 
2025-12-13 15:18:28,445 [ERROR] LogOutputStream:75 - [STDERR_REDIRECT] [Fatal Error] :1:1: Premature end of file.
2025-12-13 15:18:28,446 [ERROR] LogOutputStream:75 - [STDERR_REDIRECT] 
2025-12-13 15:18:29,442 [ERROR] LogOutputStream:75 - [STDERR_REDIRECT] [Fatal Error] :1:1: Premature end of file.
2025-12-13 15:18:29,442 [ERROR] LogOutputStream:75 - [STDERR_REDIRECT] 
2025-12-13 15:18:30,446 [ERROR] LogOutputStream:75 - [STDERR_REDIRECT] [Fatal Error] :1:1: Premature end of file.
2025-12-13 15:18:30,446 [ERROR] LogOutputStream:75 - [STDERR_REDIRECT] 
2025-12-13 15:18:31,439 [ERROR] LogOutputStream:75 - [STDERR_REDIRECT] [Fatal Error] :1:1: Premature end of file.
2025-12-13 15:18:31,440 [ERROR] LogOutputStream:75 - [STDERR_REDIRECT] 
2025-12-13 15:18:32,442 [ERROR] LogOutputStream:75 - [STDERR_REDIRECT] [Fatal Error] :1:1: Premature end of file.
2025-12-13 15:18:32,442 [ERROR] LogOutputStream:75 - [STDERR_REDIRECT] 
2025-12-13 15:18:33,440 [ERROR] LogOutputStream:75 - [STDERR_REDIRECT] [Fatal Error] :1:1: Premature end of file.
2025-12-13 15:18:33,441 [ERROR] LogOutputStream:75 - [STDERR_REDIRECT] 
2025-12-13 15:18:34,446 [ERROR] LogOutputStream:75 - [STDERR_REDIRECT] [Fatal Error] :1:1: Premature end of file.
2025-12-13 15:18:34,447 [ERROR] LogOutputStream:75 - [STDERR_REDIRECT] 
2025-12-13 15:18:35,436 [ERROR] LogOutputStream:75 - [STDERR_REDIRECT] [Fatal Error] :1:1: Premature end of file.
2025-12-13 15:18:35,436 [ERROR] LogOutputStream:75 - [STDERR_REDIRECT] 
2025-12-13 15:18:36,440 [ERROR] LogOutputStream:75 - [STDERR_REDIRECT] [Fatal Error] :1:1: Premature end of file.
2025-12-13 15:18:36,440 [ERROR] LogOutputStream:75 - [STDERR_REDIRECT] 
2025-12-13 15:18:37,445 [ERROR] LogOutputStream:75 - [STDERR_REDIRECT] [Fatal Error] :1:1: Premature end of file.
2025-12-13 15:18:37,445 [ERROR] LogOutputStream:75 - [STDERR_REDIRECT] 
2025-12-13 15:18:38,441 [ERROR] LogOutputStream:75 - [STDERR_REDIRECT] [Fatal Error] :1:1: Premature end of file.
2025-12-13 15:18:38,441 [ERROR] LogOutputStream:75 - [STDERR_REDIRECT] 
2025-12-13 15:18:39,441 [ERROR] LogOutputStream:75 - [STDERR_REDIRECT] [Fatal Error] :1:1: Premature end of file.
2025-12-13 15:18:39,441 [ERROR] LogOutputStream:75 - [STDERR_REDIRECT] 
2025-12-13 15:18:40,442 [ERROR] LogOutputStream:75 - [STDERR_REDIRECT] [Fatal Error] :1:1: Premature end of file.
2025-12-13 15:18:40,442 [ERROR] LogOutputStream:75 - [STDERR_REDIRECT] 
2025-12-13 15:18:41,441 [ERROR] LogOutputStream:75 - [STDERR_REDIRECT] [Fatal Error] :1:1: Premature end of file.
2025-12-13 15:18:41,441 [ERROR] LogOutputStream:75 - [STDERR_REDIRECT] 
2025-12-13 15:18:42,437 [ERROR] LogOutputStream:75 - [STDERR_REDIRECT] [Fatal Error] :1:1: Premature end of file.
2025-12-13 15:18:42,437 [ERROR] LogOutputStream:75 - [STDERR_REDIRECT] 
2025-12-13 15:18:43,441 [ERROR] LogOutputStream:75 - [STDERR_REDIRECT] [Fatal Error] :1:1: Premature end of file.
2025-12-13 15:18:43,442 [ERROR] LogOutputStream:75 - [STDERR_REDIRECT] 
2025-12-13 15:18:44,440 [ERROR] LogOutputStream:75 - [STDERR_REDIRECT] [Fatal Error] :1:1: Premature end of file.
2025-12-13 15:18:44,440 [ERROR] LogOutputStream:75 - [STDERR_REDIRECT] 
2025-12-13 15:18:45,442 [ERROR] LogOutputStream:75 - [STDERR_REDIRECT] [Fatal Error] :1:1: Premature end of file.
2025-12-13 15:18:45,443 [ERROR] LogOutputStream:75 - [STDERR_REDIRECT] 
2025-12-13 15:18:46,463 [ERROR] LogOutputStream:75 - [STDERR_REDIRECT] [Fatal Error] :1:1: Premature end of file.
2025-12-13 15:18:46,463 [ERROR] LogOutputStream:75 - [STDERR_REDIRECT] 
2025-12-13 15:18:47,475 [ERROR] LogOutputStream:75 - [STDERR_REDIRECT] [Fatal Error] :1:1: Premature end of file.
2025-12-13 15:18:47,475 [ERROR] LogOutputStream:75 - [STDERR_REDIRECT] 
2025-12-13 15:18:48,473 [ERROR] LogOutputStream:75 - [STDERR_REDIRECT] [Fatal Error] :1:1: Premature end of file.
2025-12-13 15:18:48,473 [ERROR] LogOutputStream:75 - [STDERR_REDIRECT] 
2025-12-13 15:18:49,467 [ERROR] LogOutputStream:75 - [STDERR_REDIRECT] [Fatal Error] :1:1: Premature end of file.
2025-12-13 15:18:49,468 [ERROR] LogOutputStream:75 - [STDERR_REDIRECT] 
2025-12-13 15:18:50,484 [ERROR] LogOutputStream:75 - [STDERR_REDIRECT] [Fatal Error] :1:1: Premature end of file.
2025-12-13 15:18:50,484 [ERROR] LogOutputStream:75 - [STDERR_REDIRECT] 
2025-12-13 15:18:51,481 [ERROR] LogOutputStream:75 - [STDERR_REDIRECT] [Fatal Error] :1:1: Premature end of file.
2025-12-13 15:18:51,481 [ERROR] LogOutputStream:75 - [STDERR_REDIRECT] 
2025-12-13 15:18:52,487 [ERROR] LogOutputStream:75 - [STDERR_REDIRECT] [Fatal Error] :1:1: Premature end of file.
2025-12-13 15:18:52,487 [ERROR] LogOutputStream:75 - [STDERR_REDIRECT] 
2025-12-13 15:18:53,480 [ERROR] LogOutputStream:75 - [STDERR_REDIRECT] [Fatal Error] :1:1: Premature end of file.
2025-12-13 15:18:53,480 [ERROR] LogOutputStream:75 - [STDERR_REDIRECT] 
2025-12-13 15:18:54,491 [ERROR] LogOutputStream:75 - [STDERR_REDIRECT] [Fatal Error] :1:1: Premature end of file.
2025-12-13 15:18:54,491 [ERROR] LogOutputStream:75 - [STDERR_REDIRECT] 
2025-12-13 15:18:55,466 [ERROR] LogOutputStream:75 - [STDERR_REDIRECT] [Fatal Error] :1:1: Premature end of file.
2025-12-13 15:18:55,466 [ERROR] LogOutputStream:75 - [STDERR_REDIRECT] 
2025-12-13 15:18:56,483 [ERROR] LogOutputStream:75 - [STDERR_REDIRECT] [Fatal Error] :1:1: Premature end of file.
2025-12-13 15:18:56,483 [ERROR] LogOutputStream:75 - [STDERR_REDIRECT] 
2025-12-13 15:18:57,480 [ERROR] LogOutputStream:75 - [STDERR_REDIRECT] [Fatal Error] :1:1: Premature end of file.
2025-12-13 15:18:57,480 [ERROR] LogOutputStream:75 - [STDERR_REDIRECT] 
2025-12-13 15:18:58,500 [ERROR] LogOutputStream:75 - [STDERR_REDIRECT] [Fatal Error] :1:1: Premature end of file.
2025-12-13 15:18:58,500 [ERROR] LogOutputStream:75 - [STDERR_REDIRECT] 
2025-12-13 15:18:59,486 [ERROR] LogOutputStream:75 - [STDERR_REDIRECT] [Fatal Error] :1:1: Premature end of file.
2025-12-13 15:18:59,486 [ERROR] LogOutputStream:75 - [STDERR_REDIRECT] 
2025-12-13 15:19:00,478 [ERROR] LogOutputStream:75 - [STDERR_REDIRECT] [Fatal Error] :1:1: Premature end of file.
2025-12-13 15:19:00,478 [ERROR] LogOutputStream:75 - [STDERR_REDIRECT] 
2025-12-13 15:19:01,480 [ERROR] LogOutputStream:75 - [STDERR_REDIRECT] [Fatal Error] :1:1: Premature end of file.
2025-12-13 15:19:01,480 [ERROR] LogOutputStream:75 - [STDERR_REDIRECT] 
2025-12-13 15:19:02,489 [ERROR] LogOutputStream:75 - [STDERR_REDIRECT] [Fatal Error] :1:1: Premature end of file.
2025-12-13 15:19:02,489 [ERROR] LogOutputStream:75 - [STDERR_REDIRECT] 
2025-12-13 15:19:03,493 [ERROR] LogOutputStream:75 - [STDERR_REDIRECT] [Fatal Error] :1:1: Premature end of file.
2025-12-13 15:19:03,493 [ERROR] LogOutputStream:75 - [STDERR_REDIRECT] 
2025-12-13 15:19:04,522 [ERROR] LogOutputStream:75 - [STDERR_REDIRECT] [Fatal Error] :1:1: Premature end of file.
2025-12-13 15:19:04,522 [ERROR] LogOutputStream:75 - [STDERR_REDIRECT] 
2025-12-13 15:19:05,494 [ERROR] LogOutputStream:75 - [STDERR_REDIRECT] [Fatal Error] :1:1: Premature end of file.
2025-12-13 15:19:05,494 [ERROR] LogOutputStream:75 - [STDERR_REDIRECT] 
2025-12-13 15:19:06,486 [ERROR] LogOutputStream:75 - [STDERR_REDIRECT] [Fatal Error] :1:1: Premature end of file.
2025-12-13 15:19:06,486 [ERROR] LogOutputStream:75 - [STDERR_REDIRECT] 
2025-12-13 15:19:07,474 [ERROR] LogOutputStream:75 - [STDERR_REDIRECT] [Fatal Error] :1:1: Premature end of file.
2025-12-13 15:19:07,474 [ERROR] LogOutputStream:75 - [STDERR_REDIRECT] 
2025-12-13 15:19:08,474 [ERROR] LogOutputStream:75 - [STDERR_REDIRECT] [Fatal Error] :1:1: Premature end of file.
2025-12-13 15:19:08,474 [ERROR] LogOutputStream:75 - [STDERR_REDIRECT] 
2025-12-13 15:19:09,488 [ERROR] LogOutputStream:75 - [STDERR_REDIRECT] [Fatal Error] :1:1: Premature end of file.
2025-12-13 15:19:09,488 [ERROR] LogOutputStream:75 - [STDERR_REDIRECT] 
2025-12-13 15:19:10,481 [ERROR] LogOutputStream:75 - [STDERR_REDIRECT] [Fatal Error] :1:1: Premature end of file.
2025-12-13 15:19:10,481 [ERROR] LogOutputStream:75 - [STDERR_REDIRECT] 
2025-12-13 15:19:11,487 [ERROR] LogOutputStream:75 - [STDERR_REDIRECT] [Fatal Error] :1:1: Premature end of file.
2025-12-13 15:19:11,487 [ERROR] LogOutputStream:75 - [STDERR_REDIRECT] 
2025-12-13 15:19:12,477 [ERROR] LogOutputStream:75 - [STDERR_REDIRECT] [Fatal Error] :1:1: Premature end of file.
2025-12-13 15:19:12,493 [ERROR] LogOutputStream:75 - [STDERR_REDIRECT] 
2025-12-13 15:19:13,487 [ERROR] LogOutputStream:75 - [STDERR_REDIRECT] [Fatal Error] :1:1: Premature end of file.
2025-12-13 15:19:13,487 [ERROR] LogOutputStream:75 - [STDERR_REDIRECT] 
2025-12-13 15:19:14,480 [ERROR] LogOutputStream:75 - [STDERR_REDIRECT] [Fatal Error] :1:1: Premature end of file.
2025-12-13 15:19:14,480 [ERROR] LogOutputStream:75 - [STDERR_REDIRECT] 
2025-12-13 15:19:15,479 [ERROR] LogOutputStream:75 - [STDERR_REDIRECT] [Fatal Error] :1:1: Premature end of file.
2025-12-13 15:19:15,479 [ERROR] LogOutputStream:75 - [STDERR_REDIRECT] 
2025-12-13 15:19:16,483 [ERROR] LogOutputStream:75 - [STDERR_REDIRECT] [Fatal Error] :1:1: Premature end of file.
2025-12-13 15:19:16,484 [ERROR] LogOutputStream:75 - [STDERR_REDIRECT] 
2025-12-13 15:19:17,441 [ERROR] LogOutputStream:75 - [STDERR_REDIRECT] [Fatal Error] :1:1: Premature end of file.
2025-12-13 15:19:17,441 [ERROR] LogOutputStream:75 - [STDERR_REDIRECT] 
2025-12-13 15:19:18,446 [ERROR] LogOutputStream:75 - [STDERR_REDIRECT] [Fatal Error] :1:1: Premature end of file.
2025-12-13 15:19:18,446 [ERROR] LogOutputStream:75 - [STDERR_REDIRECT] 
2025-12-13 15:19:19,434 [ERROR] LogOutputStream:75 - [STDERR_REDIRECT] [Fatal Error] :1:1: Premature end of file.
2025-12-13 15:19:19,434 [ERROR] LogOutputStream:75 - [STDERR_REDIRECT] 
2025-12-13 15:19:20,443 [ERROR] LogOutputStream:75 - [STDERR_REDIRECT] [Fatal Error] :1:1: Premature end of file.
2025-12-13 15:19:20,443 [ERROR] LogOutputStream:75 - [STDERR_REDIRECT] 
2025-12-13 15:19:21,445 [ERROR] LogOutputStream:75 - [STDERR_REDIRECT] [Fatal Error] :1:1: Premature end of file.
2025-12-13 15:19:21,445 [ERROR] LogOutputStream:75 - [STDERR_REDIRECT] 
2025-12-13 15:19:22,443 [ERROR] LogOutputStream:75 - [STDERR_REDIRECT] [Fatal Error] :1:1: Premature end of file.
2025-12-13 15:19:22,443 [ERROR] LogOutputStream:75 - [STDERR_REDIRECT] 
2025-12-13 15:19:23,444 [ERROR] LogOutputStream:75 - [STDERR_REDIRECT] [Fatal Error] :1:1: Premature end of file.
2025-12-13 15:19:23,444 [ERROR] LogOutputStream:75 - [STDERR_REDIRECT] 
2025-12-13 15:19:24,437 [ERROR] LogOutputStream:75 - [STDERR_REDIRECT] [Fatal Error] :1:1: Premature end of file.
2025-12-13 15:19:24,437 [ERROR] LogOutputStream:75 - [STDERR_REDIRECT] 
2025-12-13 15:19:25,437 [ERROR] LogOutputStream:75 - [STDERR_REDIRECT] [Fatal Error] :1:1: Premature end of file.
2025-12-13 15:19:25,437 [ERROR] LogOutputStream:75 - [STDERR_REDIRECT] 
2025-12-13 15:19:26,441 [ERROR] LogOutputStream:75 - [STDERR_REDIRECT] [Fatal Error] :1:1: Premature end of file.
2025-12-13 15:19:26,441 [ERROR] LogOutputStream:75 - [STDERR_REDIRECT] 
2025-12-13 15:19:27,439 [ERROR] LogOutputStream:75 - [STDERR_REDIRECT] [Fatal Error] :1:1: Premature end of file.
2025-12-13 15:19:27,440 [ERROR] LogOutputStream:75 - [STDERR_REDIRECT] 
2025-12-13 15:19:28,444 [ERROR] LogOutputStream:75 - [STDERR_REDIRECT] [Fatal Error] :1:1: Premature end of file.
2025-12-13 15:19:28,444 [ERROR] LogOutputStream:75 - [STDERR_REDIRECT] 
2025-12-13 15:19:29,440 [ERROR] LogOutputStream:75 - [STDERR_REDIRECT] [Fatal Error] :1:1: Premature end of file.
2025-12-13 15:19:29,440 [ERROR] LogOutputStream:75 - [STDERR_REDIRECT] 
2025-12-13 15:19:30,440 [ERROR] LogOutputStream:75 - [STDERR_REDIRECT] [Fatal Error] :1:1: Premature end of file.
2025-12-13 15:19:30,440 [ERROR] LogOutputStream:75 - [STDERR_REDIRECT] 
2025-12-13 15:19:31,438 [ERROR] LogOutputStream:75 - [STDERR_REDIRECT] [Fatal Error] :1:1: Premature end of file.
2025-12-13 15:19:31,438 [ERROR] LogOutputStream:75 - [STDERR_REDIRECT] 
2025-12-13 15:19:32,444 [ERROR] LogOutputStream:75 - [STDERR_REDIRECT] [Fatal Error] :1:1: Premature end of file.
2025-12-13 15:19:32,444 [ERROR] LogOutputStream:75 - [STDERR_REDIRECT] 
2025-12-13 15:19:33,438 [ERROR] LogOutputStream:75 - [STDERR_REDIRECT] [Fatal Error] :1:1: Premature end of file.
2025-12-13 15:19:33,438 [ERROR] LogOutputStream:75 - [STDERR_REDIRECT] 
2025-12-13 15:19:34,443 [ERROR] LogOutputStream:75 - [STDERR_REDIRECT] [Fatal Error] :1:1: Premature end of file.
2025-12-13 15:19:34,443 [ERROR] LogOutputStream:75 - [STDERR_REDIRECT] 
2025-12-13 15:19:35,438 [ERROR] LogOutputStream:75 - [STDERR_REDIRECT] [Fatal Error] :1:1: Premature end of file.
2025-12-13 15:19:35,438 [ERROR] LogOutputStream:75 - [STDERR_REDIRECT] 
2025-12-13 15:19:36,443 [ERROR] LogOutputStream:75 - [STDERR_REDIRECT] [Fatal Error] :1:1: Premature end of file.
2025-12-13 15:19:36,443 [ERROR] LogOutputStream:75 - [STDERR_REDIRECT] 
2025-12-13 15:19:37,444 [ERROR] LogOutputStream:75 - [STDERR_REDIRECT] [Fatal Error] :1:1: Premature end of file.
2025-12-13 15:19:37,444 [ERROR] LogOutputStream:75 - [STDERR_REDIRECT] 
2025-12-13 15:19:38,442 [ERROR] LogOutputStream:75 - [STDERR_REDIRECT] [Fatal Error] :1:1: Premature end of file.
2025-12-13 15:19:38,442 [ERROR] LogOutputStream:75 - [STDERR_REDIRECT] 
2025-12-13 15:19:39,440 [ERROR] LogOutputStream:75 - [STDERR_REDIRECT] [Fatal Error] :1:1: Premature end of file.
2025-12-13 15:19:39,440 [ERROR] LogOutputStream:75 - [STDERR_REDIRECT] 
2025-12-13 15:19:40,442 [ERROR] LogOutputStream:75 - [STDERR_REDIRECT] [Fatal Error] :1:1: Premature end of file.
2025-12-13 15:19:40,442 [ERROR] LogOutputStream:75 - [STDERR_REDIRECT] 
2025-12-13 15:19:41,442 [ERROR] LogOutputStream:75 - [STDERR_REDIRECT] [Fatal Error] :1:1: Premature end of file.
2025-12-13 15:19:41,443 [ERROR] LogOutputStream:75 - [STDERR_REDIRECT] 
2025-12-13 15:19:42,441 [ERROR] LogOutputStream:75 - [STDERR_REDIRECT] [Fatal Error] :1:1: Premature end of file.
2025-12-13 15:19:42,442 [ERROR] LogOutputStream:75 - [STDERR_REDIRECT] 
2025-12-13 15:19:43,438 [ERROR] LogOutputStream:75 - [STDERR_REDIRECT] [Fatal Error] :1:1: Premature end of file.
2025-12-13 15:19:43,438 [ERROR] LogOutputStream:75 - [STDERR_REDIRECT] 
2025-12-13 15:19:44,441 [ERROR] LogOutputStream:75 - [STDERR_REDIRECT] [Fatal Error] :1:1: Premature end of file.
2025-12-13 15:19:44,441 [ERROR] LogOutputStream:75 - [STDERR_REDIRECT] 
2025-12-13 15:19:45,441 [ERROR] LogOutputStream:75 - [STDERR_REDIRECT] [Fatal Error] :1:1: Premature end of file.
2025-12-13 15:19:45,442 [ERROR] LogOutputStream:75 - [STDERR_REDIRECT] 
2025-12-13 15:19:46,429 [ERROR] LogOutputStream:75 - [STDERR_REDIRECT] [Fatal Error] :1:1: Premature end of file.
2025-12-13 15:19:46,429 [ERROR] LogOutputStream:75 - [STDERR_REDIRECT] 
2025-12-13 15:19:47,442 [ERROR] LogOutputStream:75 - [STDERR_REDIRECT] [Fatal Error] :1:1: Premature end of file.
2025-12-13 15:19:47,442 [ERROR] LogOutputStream:75 - [STDERR_REDIRECT] 
2025-12-13 15:19:48,442 [ERROR] LogOutputStream:75 - [STDERR_REDIRECT] [Fatal Error] :1:1: Premature end of file.
2025-12-13 15:19:48,442 [ERROR] LogOutputStream:75 - [STDERR_REDIRECT] 
2025-12-13 15:19:49,446 [ERROR] LogOutputStream:75 - [STDERR_REDIRECT] [Fatal Error] :1:1: Premature end of file.
2025-12-13 15:19:49,447 [ERROR] LogOutputStream:75 - [STDERR_REDIRECT] 
2025-12-13 15:19:50,444 [ERROR] LogOutputStream:75 - [STDERR_REDIRECT] [Fatal Error] :1:1: Premature end of file.
2025-12-13 15:19:50,444 [ERROR] LogOutputStream:75 - [STDERR_REDIRECT] 
2025-12-13 15:19:51,441 [ERROR] LogOutputStream:75 - [STDERR_REDIRECT] [Fatal Error] :1:1: Premature end of file.
2025-12-13 15:19:51,441 [ERROR] LogOutputStream:75 - [STDERR_REDIRECT] 
2025-12-13 15:19:52,445 [ERROR] LogOutputStream:75 - [STDERR_REDIRECT] [Fatal Error] :1:1: Premature end of file.
2025-12-13 15:19:52,445 [ERROR] LogOutputStream:75 - [STDERR_REDIRECT] 
2025-12-13 15:19:53,441 [ERROR] LogOutputStream:75 - [STDERR_REDIRECT] [Fatal Error] :1:1: Premature end of file.
2025-12-13 15:19:53,441 [ERROR] LogOutputStream:75 - [STDERR_REDIRECT] 
2025-12-13 15:19:54,444 [ERROR] LogOutputStream:75 - [STDERR_REDIRECT] [Fatal Error] :1:1: Premature end of file.
2025-12-13 15:19:54,444 [ERROR] LogOutputStream:75 - [STDERR_REDIRECT] 
2025-12-13 15:19:55,442 [ERROR] LogOutputStream:75 - [STDERR_REDIRECT] [Fatal Error] :1:1: Premature end of file.
2025-12-13 15:19:55,442 [ERROR] LogOutputStream:75 - [STDERR_REDIRECT] 
2025-12-13 15:19:56,439 [ERROR] LogOutputStream:75 - [STDERR_REDIRECT] [Fatal Error] :1:1: Premature end of file.
2025-12-13 15:19:56,440 [ERROR] LogOutputStream:75 - [STDERR_REDIRECT] 
2025-12-13 15:19:57,441 [ERROR] LogOutputStream:75 - [STDERR_REDIRECT] [Fatal Error] :1:1: Premature end of file.
2025-12-13 15:19:57,441 [ERROR] LogOutputStream:75 - [STDERR_REDIRECT] 
2025-12-13 15:19:58,441 [ERROR] LogOutputStream:75 - [STDERR_REDIRECT] [Fatal Error] :1:1: Premature end of file.
2025-12-13 15:19:58,441 [ERROR] LogOutputStream:75 - [STDERR_REDIRECT] 
2025-12-13 15:19:59,442 [ERROR] LogOutputStream:75 - [STDERR_REDIRECT] [Fatal Error] :1:1: Premature end of file.
2025-12-13 15:19:59,442 [ERROR] LogOutputStream:75 - [STDERR_REDIRECT] 
2025-12-13 15:20:00,444 [ERROR] LogOutputStream:75 - [STDERR_REDIRECT] [Fatal Error] :1:1: Premature end of file.
2025-12-13 15:20:00,444 [ERROR] LogOutputStream:75 - [STDERR_REDIRECT] 
2025-12-13 15:20:01,440 [ERROR] LogOutputStream:75 - [STDERR_REDIRECT] [Fatal Error] :1:1: Premature end of file.
2025-12-13 15:20:01,440 [ERROR] LogOutputStream:75 - [STDERR_REDIRECT] 
2025-12-13 15:20:02,442 [ERROR] LogOutputStream:75 - [STDERR_REDIRECT] [Fatal Error] :1:1: Premature end of file.
2025-12-13 15:20:02,442 [ERROR] LogOutputStream:75 - [STDERR_REDIRECT] 
2025-12-13 15:20:03,443 [ERROR] LogOutputStream:75 - [STDERR_REDIRECT] [Fatal Error] :1:1: Premature end of file.
2025-12-13 15:20:03,443 [ERROR] LogOutputStream:75 - [STDERR_REDIRECT] 
2025-12-13 15:20:04,442 [ERROR] LogOutputStream:75 - [STDERR_REDIRECT] [Fatal Error] :1:1: Premature end of file.
2025-12-13 15:20:04,442 [ERROR] LogOutputStream:75 - [STDERR_REDIRECT] 
2025-12-13 15:20:05,438 [ERROR] LogOutputStream:75 - [STDERR_REDIRECT] [Fatal Error] :1:1: Premature end of file.
2025-12-13 15:20:05,439 [ERROR] LogOutputStream:75 - [STDERR_REDIRECT] 
2025-12-13 15:20:06,443 [ERROR] LogOutputStream:75 - [STDERR_REDIRECT] [Fatal Error] :1:1: Premature end of file.
2025-12-13 15:20:06,443 [ERROR] LogOutputStream:75 - [STDERR_REDIRECT] 
2025-12-13 15:20:07,442 [ERROR] LogOutputStream:75 - [STDERR_REDIRECT] [Fatal Error] :1:1: Premature end of file.
2025-12-13 15:20:07,443 [ERROR] LogOutputStream:75 - [STDERR_REDIRECT] 
2025-12-13 15:20:08,444 [ERROR] LogOutputStream:75 - [STDERR_REDIRECT] [Fatal Error] :1:1: Premature end of file.
2025-12-13 15:20:08,444 [ERROR] LogOutputStream:75 - [STDERR_REDIRECT] 
2025-12-13 15:20:09,443 [ERROR] LogOutputStream:75 - [STDERR_REDIRECT] [Fatal Error] :1:1: Premature end of file.
2025-12-13 15:20:09,443 [ERROR] LogOutputStream:75 - [STDERR_REDIRECT] 
2025-12-13 15:20:10,444 [ERROR] LogOutputStream:75 - [STDERR_REDIRECT] [Fatal Error] :1:1: Premature end of file.
2025-12-13 15:20:10,444 [ERROR] LogOutputStream:75 - [STDERR_REDIRECT] 
2025-12-13 15:20:11,445 [ERROR] LogOutputStream:75 - [STDERR_REDIRECT] [Fatal Error] :1:1: Premature end of file.
2025-12-13 15:20:11,445 [ERROR] LogOutputStream:75 - [STDERR_REDIRECT] 
2025-12-13 15:20:12,437 [ERROR] LogOutputStream:75 - [STDERR_REDIRECT] [Fatal Error] :1:1: Premature end of file.
2025-12-13 15:20:12,438 [ERROR] LogOutputStream:75 - [STDERR_REDIRECT] 
2025-12-13 15:20:13,439 [ERROR] LogOutputStream:75 - [STDERR_REDIRECT] [Fatal Error] :1:1: Premature end of file.
2025-12-13 15:20:13,439 [ERROR] LogOutputStream:75 - [STDERR_REDIRECT] 
2025-12-13 15:20:14,444 [ERROR] LogOutputStream:75 - [STDERR_REDIRECT] [Fatal Error] :1:1: Premature end of file.
2025-12-13 15:20:14,444 [ERROR] LogOutputStream:75 - [STDERR_REDIRECT] 
2025-12-13 15:20:15,457 [ERROR] LogOutputStream:75 - [STDERR_REDIRECT] [Fatal Error] :1:1: Premature end of file.
2025-12-13 15:20:15,457 [ERROR] LogOutputStream:75 - [STDERR_REDIRECT] 
2025-12-13 15:20:16,454 [ERROR] LogOutputStream:75 - [STDERR_REDIRECT] [Fatal Error] :1:1: Premature end of file.
2025-12-13 15:20:16,454 [ERROR] LogOutputStream:75 - [STDERR_REDIRECT] 
2025-12-13 15:20:17,437 [ERROR] LogOutputStream:75 - [STDERR_REDIRECT] [Fatal Error] :1:1: Premature end of file.
2025-12-13 15:20:17,437 [ERROR] LogOutputStream:75 - [STDERR_REDIRECT] 
2025-12-13 15:20:18,437 [ERROR] LogOutputStream:75 - [STDERR_REDIRECT] [Fatal Error] :1:1: Premature end of file.
2025-12-13 15:20:18,437 [ERROR] LogOutputStream:75 - [STDERR_REDIRECT] 
2025-12-13 15:20:19,439 [ERROR] LogOutputStream:75 - [STDERR_REDIRECT] [Fatal Error] :1:1: Premature end of file.
2025-12-13 15:20:19,439 [ERROR] LogOutputStream:75 - [STDERR_REDIRECT] 
2025-12-13 15:20:20,436 [ERROR] LogOutputStream:75 - [STDERR_REDIRECT] [Fatal Error] :1:1: Premature end of file.
2025-12-13 15:20:20,437 [ERROR] LogOutputStream:75 - [STDERR_REDIRECT] 
2025-12-13 15:20:21,436 [ERROR] LogOutputStream:75 - [STDERR_REDIRECT] [Fatal Error] :1:1: Premature end of file.
2025-12-13 15:20:21,437 [ERROR] LogOutputStream:75 - [STDERR_REDIRECT] 
2025-12-13 15:20:22,460 [ERROR] LogOutputStream:75 - [STDERR_REDIRECT] [Fatal Error] :1:1: Premature end of file.
2025-12-13 15:20:22,460 [ERROR] LogOutputStream:75 - [STDERR_REDIRECT] 
2025-12-13 15:20:23,437 [ERROR] LogOutputStream:75 - [STDERR_REDIRECT] [Fatal Error] :1:1: Premature end of file.
2025-12-13 15:20:23,437 [ERROR] LogOutputStream:75 - [STDERR_REDIRECT] 
2025-12-13 15:20:24,434 [ERROR] LogOutputStream:75 - [STDERR_REDIRECT] [Fatal Error] :1:1: Premature end of file.
2025-12-13 15:20:24,435 [ERROR] LogOutputStream:75 - [STDERR_REDIRECT] 
2025-12-13 15:20:25,437 [ERROR] LogOutputStream:75 - [STDERR_REDIRECT] [Fatal Error] :1:1: Premature end of file.
2025-12-13 15:20:25,437 [ERROR] LogOutputStream:75 - [STDERR_REDIRECT] 
2025-12-13 15:20:26,442 [ERROR] LogOutputStream:75 - [STDERR_REDIRECT] [Fatal Error] :1:1: Premature end of file.
2025-12-13 15:20:26,442 [ERROR] LogOutputStream:75 - [STDERR_REDIRECT] 
2025-12-13 15:20:27,439 [ERROR] LogOutputStream:75 - [STDERR_REDIRECT] [Fatal Error] :1:1: Premature end of file.
2025-12-13 15:20:27,440 [ERROR] LogOutputStream:75 - [STDERR_REDIRECT] 
2025-12-13 15:20:28,434 [ERROR] LogOutputStream:75 - [STDERR_REDIRECT] [Fatal Error] :1:1: Premature end of file.
2025-12-13 15:20:28,434 [ERROR] LogOutputStream:75 - [STDERR_REDIRECT] 
2025-12-13 15:20:29,445 [ERROR] LogOutputStream:75 - [STDERR_REDIRECT] [Fatal Error] :1:1: Premature end of file.
2025-12-13 15:20:29,446 [ERROR] LogOutputStream:75 - [STDERR_REDIRECT] 
2025-12-13 15:20:30,444 [ERROR] LogOutputStream:75 - [STDERR_REDIRECT] [Fatal Error] :1:1: Premature end of file.
2025-12-13 15:20:30,444 [ERROR] LogOutputStream:75 - [STDERR_REDIRECT] 
2025-12-13 15:20:31,440 [ERROR] LogOutputStream:75 - [STDERR_REDIRECT] [Fatal Error] :1:1: Premature end of file.
2025-12-13 15:20:31,441 [ERROR] LogOutputStream:75 - [STDERR_REDIRECT] 
2025-12-13 15:20:32,444 [ERROR] LogOutputStream:75 - [STDERR_REDIRECT] [Fatal Error] :1:1: Premature end of file.
2025-12-13 15:20:32,445 [ERROR] LogOutputStream:75 - [STDERR_REDIRECT] 
2025-12-13 15:20:33,446 [ERROR] LogOutputStream:75 - [STDERR_REDIRECT] [Fatal Error] :1:1: Premature end of file.
2025-12-13 15:20:33,447 [ERROR] LogOutputStream:75 - [STDERR_REDIRECT] 
2025-12-13 15:20:34,441 [ERROR] LogOutputStream:75 - [STDERR_REDIRECT] [Fatal Error] :1:1: Premature end of file.
2025-12-13 15:20:34,441 [ERROR] LogOutputStream:75 - [STDERR_REDIRECT] 
2025-12-13 15:20:35,439 [ERROR] LogOutputStream:75 - [STDERR_REDIRECT] [Fatal Error] :1:1: Premature end of file.
2025-12-13 15:20:35,439 [ERROR] LogOutputStream:75 - [STDERR_REDIRECT] 
2025-12-13 15:20:36,438 [ERROR] LogOutputStream:75 - [STDERR_REDIRECT] [Fatal Error] :1:1: Premature end of file.
2025-12-13 15:20:36,438 [ERROR] LogOutputStream:75 - [STDERR_REDIRECT] 
2025-12-13 15:20:37,443 [ERROR] LogOutputStream:75 - [STDERR_REDIRECT] [Fatal Error] :1:1: Premature end of file.
2025-12-13 15:20:37,443 [ERROR] LogOutputStream:75 - [STDERR_REDIRECT] 
2025-12-13 15:20:38,460 [ERROR] LogOutputStream:75 - [STDERR_REDIRECT] [Fatal Error] :1:1: Premature end of file.
2025-12-13 15:20:38,460 [ERROR] LogOutputStream:75 - [STDERR_REDIRECT] 
2025-12-13 15:20:39,459 [ERROR] LogOutputStream:75 - [STDERR_REDIRECT] [Fatal Error] :1:1: Premature end of file.
2025-12-13 15:20:39,459 [ERROR] LogOutputStream:75 - [STDERR_REDIRECT] 
2025-12-13 15:20:40,440 [ERROR] LogOutputStream:75 - [STDERR_REDIRECT] [Fatal Error] :1:1: Premature end of file.
2025-12-13 15:20:40,440 [ERROR] LogOutputStream:75 - [STDERR_REDIRECT] 
2025-12-13 15:20:41,443 [ERROR] LogOutputStream:75 - [STDERR_REDIRECT] [Fatal Error] :1:1: Premature end of file.
2025-12-13 15:20:41,444 [ERROR] LogOutputStream:75 - [STDERR_REDIRECT] 
2025-12-13 15:20:42,437 [ERROR] LogOutputStream:75 - [STDERR_REDIRECT] [Fatal Error] :1:1: Premature end of file.
2025-12-13 15:20:42,437 [ERROR] LogOutputStream:75 - [STDERR_REDIRECT] 
2025-12-13 15:20:43,443 [ERROR] LogOutputStream:75 - [STDERR_REDIRECT] [Fatal Error] :1:1: Premature end of file.
2025-12-13 15:20:43,444 [ERROR] LogOutputStream:75 - [STDERR_REDIRECT] 
2025-12-13 15:20:44,434 [ERROR] LogOutputStream:75 - [STDERR_REDIRECT] [Fatal Error] :1:1: Premature end of file.
2025-12-13 15:20:44,434 [ERROR] LogOutputStream:75 - [STDERR_REDIRECT] 
2025-12-13 15:20:45,446 [ERROR] LogOutputStream:75 - [STDERR_REDIRECT] [Fatal Error] :1:1: Premature end of file.
2025-12-13 15:20:45,446 [ERROR] LogOutputStream:75 - [STDERR_REDIRECT] 
2025-12-13 15:20:46,445 [ERROR] LogOutputStream:75 - [STDERR_REDIRECT] [Fatal Error] :1:1: Premature end of file.
2025-12-13 15:20:46,445 [ERROR] LogOutputStream:75 - [STDERR_REDIRECT] 
2025-12-13 15:20:47,469 [ERROR] LogOutputStream:75 - [STDERR_REDIRECT] [Fatal Error] :1:1: Premature end of file.
2025-12-13 15:20:47,469 [ERROR] LogOutputStream:75 - [STDERR_REDIRECT] 
2025-12-13 15:20:48,453 [ERROR] LogOutputStream:75 - [STDERR_REDIRECT] [Fatal Error] :1:1: Premature end of file.
2025-12-13 15:20:48,453 [ERROR] LogOutputStream:75 - [STDERR_REDIRECT] 
2025-12-13 15:20:49,448 [ERROR] LogOutputStream:75 - [STDERR_REDIRECT] [Fatal Error] :1:1: Premature end of file.
2025-12-13 15:20:49,448 [ERROR] LogOutputStream:75 - [STDERR_REDIRECT] 
2025-12-13 15:20:50,443 [ERROR] LogOutputStream:75 - [STDERR_REDIRECT] [Fatal Error] :1:1: Premature end of file.
2025-12-13 15:20:50,444 [ERROR] LogOutputStream:75 - [STDERR_REDIRECT] 
2025-12-13 15:20:51,438 [ERROR] LogOutputStream:75 - [STDERR_REDIRECT] [Fatal Error] :1:1: Premature end of file.
2025-12-13 15:20:51,439 [ERROR] LogOutputStream:75 - [STDERR_REDIRECT] 
2025-12-13 15:20:52,494 [ERROR] LogOutputStream:75 - [STDERR_REDIRECT] [Fatal Error] :1:1: Premature end of file.
2025-12-13 15:20:52,494 [ERROR] LogOutputStream:75 - [STDERR_REDIRECT] 
2025-12-13 15:20:53,493 [ERROR] LogOutputStream:75 - [STDERR_REDIRECT] [Fatal Error] :1:1: Premature end of file.
2025-12-13 15:20:53,493 [ERROR] LogOutputStream:75 - [STDERR_REDIRECT] 
2025-12-13 15:20:54,446 [ERROR] LogOutputStream:75 - [STDERR_REDIRECT] [Fatal Error] :1:1: Premature end of file.
2025-12-13 15:20:54,446 [ERROR] LogOutputStream:75 - [STDERR_REDIRECT] 
2025-12-13 15:20:55,438 [ERROR] LogOutputStream:75 - [STDERR_REDIRECT] [Fatal Error] :1:1: Premature end of file.
2025-12-13 15:20:55,438 [ERROR] LogOutputStream:75 - [STDERR_REDIRECT] 
2025-12-13 15:20:56,442 [ERROR] LogOutputStream:75 - [STDERR_REDIRECT] [Fatal Error] :1:1: Premature end of file.
2025-12-13 15:20:56,442 [ERROR] LogOutputStream:75 - [STDERR_REDIRECT] 
2025-12-13 15:20:57,443 [ERROR] LogOutputStream:75 - [STDERR_REDIRECT] [Fatal Error] :1:1: Premature end of file.
2025-12-13 15:20:57,444 [ERROR] LogOutputStream:75 - [STDERR_REDIRECT] 
2025-12-13 15:20:58,442 [ERROR] LogOutputStream:75 - [STDERR_REDIRECT] [Fatal Error] :1:1: Premature end of file.
2025-12-13 15:20:58,442 [ERROR] LogOutputStream:75 - [STDERR_REDIRECT] 
2025-12-13 15:20:59,446 [ERROR] LogOutputStream:75 - [STDERR_REDIRECT] [Fatal Error] :1:1: Premature end of file.
2025-12-13 15:20:59,446 [ERROR] LogOutputStream:75 - [STDERR_REDIRECT] 
2025-12-13 15:21:00,445 [ERROR] LogOutputStream:75 - [STDERR_REDIRECT] [Fatal Error] :1:1: Premature end of file.
2025-12-13 15:21:00,445 [ERROR] LogOutputStream:75 - [STDERR_REDIRECT] 
2025-12-13 15:21:01,519 [ERROR] LogOutputStream:75 - [STDERR_REDIRECT] [Fatal Error] :1:1: Premature end of file.
2025-12-13 15:21:01,519 [ERROR] LogOutputStream:75 - [STDERR_REDIRECT] 
2025-12-13 15:21:02,530 [ERROR] LogOutputStream:75 - [STDERR_REDIRECT] [Fatal Error] :1:1: Premature end of file.
2025-12-13 15:21:02,530 [ERROR] LogOutputStream:75 - [STDERR_REDIRECT] 
2025-12-13 15:21:03,456 [ERROR] LogOutputStream:75 - [STDERR_REDIRECT] [Fatal Error] :1:1: Premature end of file.
2025-12-13 15:21:03,456 [ERROR] LogOutputStream:75 - [STDERR_REDIRECT] 
2025-12-13 15:21:04,441 [ERROR] LogOutputStream:75 - [STDERR_REDIRECT] [Fatal Error] :1:1: Premature end of file.
2025-12-13 15:21:04,441 [ERROR] LogOutputStream:75 - [STDERR_REDIRECT] 
2025-12-13 15:21:05,448 [ERROR] LogOutputStream:75 - [STDERR_REDIRECT] [Fatal Error] :1:1: Premature end of file.
2025-12-13 15:21:05,448 [ERROR] LogOutputStream:75 - [STDERR_REDIRECT] 
2025-12-13 15:21:06,447 [ERROR] LogOutputStream:75 - [STDERR_REDIRECT] [Fatal Error] :1:1: Premature end of file.
2025-12-13 15:21:06,447 [ERROR] LogOutputStream:75 - [STDERR_REDIRECT] 
2025-12-13 15:21:07,450 [ERROR] LogOutputStream:75 - [STDERR_REDIRECT] [Fatal Error] :1:1: Premature end of file.
2025-12-13 15:21:07,451 [ERROR] LogOutputStream:75 - [STDERR_REDIRECT] 
2025-12-13 15:21:08,490 [ERROR] LogOutputStream:75 - [STDERR_REDIRECT] [Fatal Error] :1:1: Premature end of file.
2025-12-13 15:21:08,491 [ERROR] LogOutputStream:75 - [STDERR_REDIRECT] 
2025-12-13 15:21:09,436 [ERROR] LogOutputStream:75 - [STDERR_REDIRECT] [Fatal Error] :1:1: Premature end of file.
2025-12-13 15:21:09,436 [ERROR] LogOutputStream:75 - [STDERR_REDIRECT] 
2025-12-13 15:21:10,488 [ERROR] LogOutputStream:75 - [STDERR_REDIRECT] [Fatal Error] :1:1: Premature end of file.
2025-12-13 15:21:10,488 [ERROR] LogOutputStream:75 - [STDERR_REDIRECT] 
2025-12-13 15:21:11,493 [ERROR] LogOutputStream:75 - [STDERR_REDIRECT] [Fatal Error] :1:1: Premature end of file.
2025-12-13 15:21:11,493 [ERROR] LogOutputStream:75 - [STDERR_REDIRECT] 
2025-12-13 15:21:12,496 [ERROR] LogOutputStream:75 - [STDERR_REDIRECT] [Fatal Error] :1:1: Premature end of file.
2025-12-13 15:21:12,496 [ERROR] LogOutputStream:75 - [STDERR_REDIRECT] 
2025-12-13 15:21:13,467 [ERROR] LogOutputStream:75 - [STDERR_REDIRECT] [Fatal Error] :1:1: Premature end of file.
2025-12-13 15:21:13,467 [ERROR] LogOutputStream:75 - [STDERR_REDIRECT] 
2025-12-13 15:21:14,447 [ERROR] LogOutputStream:75 - [STDERR_REDIRECT] [Fatal Error] :1:1: Premature end of file.
2025-12-13 15:21:14,447 [ERROR] LogOutputStream:75 - [STDERR_REDIRECT] 
2025-12-13 15:21:15,462 [ERROR] LogOutputStream:75 - [STDERR_REDIRECT] [Fatal Error] :1:1: Premature end of file.
2025-12-13 15:21:15,462 [ERROR] LogOutputStream:75 - [STDERR_REDIRECT] 
2025-12-13 15:21:16,462 [ERROR] LogOutputStream:75 - [STDERR_REDIRECT] [Fatal Error] :1:1: Premature end of file.
2025-12-13 15:21:16,462 [ERROR] LogOutputStream:75 - [STDERR_REDIRECT] 
2025-12-13 15:21:17,474 [ERROR] LogOutputStream:75 - [STDERR_REDIRECT] [Fatal Error] :1:1: Premature end of file.
2025-12-13 15:21:17,474 [ERROR] LogOutputStream:75 - [STDERR_REDIRECT] 
2025-12-13 15:21:18,461 [ERROR] LogOutputStream:75 - [STDERR_REDIRECT] [Fatal Error] :1:1: Premature end of file.
2025-12-13 15:21:18,461 [ERROR] LogOutputStream:75 - [STDERR_REDIRECT] 
2025-12-13 15:21:19,459 [ERROR] LogOutputStream:75 - [STDERR_REDIRECT] [Fatal Error] :1:1: Premature end of file.
2025-12-13 15:21:19,459 [ERROR] LogOutputStream:75 - [STDERR_REDIRECT] 
2025-12-13 15:21:20,453 [ERROR] LogOutputStream:75 - [STDERR_REDIRECT] [Fatal Error] :1:1: Premature end of file.
2025-12-13 15:21:20,453 [ERROR] LogOutputStream:75 - [STDERR_REDIRECT] 
2025-12-13 15:21:21,433 [ERROR] LogOutputStream:75 - [STDERR_REDIRECT] [Fatal Error] :1:1: Premature end of file.
2025-12-13 15:21:21,433 [ERROR] LogOutputStream:75 - [STDERR_REDIRECT] 
2025-12-13 15:21:22,444 [ERROR] LogOutputStream:75 - [STDERR_REDIRECT] [Fatal Error] :1:1: Premature end of file.
2025-12-13 15:21:22,444 [ERROR] LogOutputStream:75 - [STDERR_REDIRECT] 
2025-12-13 15:21:23,439 [ERROR] LogOutputStream:75 - [STDERR_REDIRECT] [Fatal Error] :1:1: Premature end of file.
2025-12-13 15:21:23,439 [ERROR] LogOutputStream:75 - [STDERR_REDIRECT] 
2025-12-13 15:21:24,440 [ERROR] LogOutputStream:75 - [STDERR_REDIRECT] [Fatal Error] :1:1: Premature end of file.
2025-12-13 15:21:24,440 [ERROR] LogOutputStream:75 - [STDERR_REDIRECT] 
2025-12-13 15:21:25,438 [ERROR] LogOutputStream:75 - [STDERR_REDIRECT] [Fatal Error] :1:1: Premature end of file.
2025-12-13 15:21:25,438 [ERROR] LogOutputStream:75 - [STDERR_REDIRECT] 
2025-12-13 15:21:26,440 [ERROR] LogOutputStream:75 - [STDERR_REDIRECT] [Fatal Error] :1:1: Premature end of file.
2025-12-13 15:21:26,440 [ERROR] LogOutputStream:75 - [STDERR_REDIRECT] 
2025-12-13 15:21:27,456 [ERROR] LogOutputStream:75 - [STDERR_REDIRECT] [Fatal Error] :1:1: Premature end of file.
2025-12-13 15:21:27,457 [ERROR] LogOutputStream:75 - [STDERR_REDIRECT] 
2025-12-13 15:21:28,444 [ERROR] LogOutputStream:75 - [STDERR_REDIRECT] [Fatal Error] :1:1: Premature end of file.
2025-12-13 15:21:28,444 [ERROR] LogOutputStream:75 - [STDERR_REDIRECT] 
2025-12-13 15:21:29,448 [ERROR] LogOutputStream:75 - [STDERR_REDIRECT] [Fatal Error] :1:1: Premature end of file.
2025-12-13 15:21:29,448 [ERROR] LogOutputStream:75 - [STDERR_REDIRECT] 
2025-12-13 15:21:30,438 [ERROR] LogOutputStream:75 - [STDERR_REDIRECT] [Fatal Error] :1:1: Premature end of file.
2025-12-13 15:21:30,438 [ERROR] LogOutputStream:75 - [STDERR_REDIRECT] 
2025-12-13 15:21:31,437 [ERROR] LogOutputStream:75 - [STDERR_REDIRECT] [Fatal Error] :1:1: Premature end of file.
2025-12-13 15:21:31,437 [ERROR] LogOutputStream:75 - [STDERR_REDIRECT] 
2025-12-13 15:21:32,440 [ERROR] LogOutputStream:75 - [STDERR_REDIRECT] [Fatal Error] :1:1: Premature end of file.
2025-12-13 15:21:32,440 [ERROR] LogOutputStream:75 - [STDERR_REDIRECT] 
2025-12-13 15:21:33,472 [ERROR] LogOutputStream:75 - [STDERR_REDIRECT] [Fatal Error] :1:1: Premature end of file.
2025-12-13 15:21:33,472 [ERROR] LogOutputStream:75 - [STDERR_REDIRECT] 
2025-12-13 15:21:34,598 [ERROR] LogOutputStream:75 - [STDERR_REDIRECT] [Fatal Error] :1:1: Premature end of file.
2025-12-13 15:21:34,598 [ERROR] LogOutputStream:75 - [STDERR_REDIRECT] 
2025-12-13 15:21:35,511 [ERROR] LogOutputStream:75 - [STDERR_REDIRECT] [Fatal Error] :1:1: Premature end of file.
2025-12-13 15:21:35,511 [ERROR] LogOutputStream:75 - [STDERR_REDIRECT] 
2025-12-13 15:21:36,452 [ERROR] LogOutputStream:75 - [STDERR_REDIRECT] [Fatal Error] :1:1: Premature end of file.
2025-12-13 15:21:36,453 [ERROR] LogOutputStream:75 - [STDERR_REDIRECT] 
2025-12-13 15:21:37,441 [ERROR] LogOutputStream:75 - [STDERR_REDIRECT] [Fatal Error] :1:1: Premature end of file.
2025-12-13 15:21:37,441 [ERROR] LogOutputStream:75 - [STDERR_REDIRECT] 
2025-12-13 15:21:38,442 [ERROR] LogOutputStream:75 - [STDERR_REDIRECT] [Fatal Error] :1:1: Premature end of file.
2025-12-13 15:21:38,458 [ERROR] LogOutputStream:75 - [STDERR_REDIRECT] 
2025-12-13 15:21:39,435 [ERROR] LogOutputStream:75 - [STDERR_REDIRECT] [Fatal Error] :1:1: Premature end of file.
2025-12-13 15:21:39,435 [ERROR] LogOutputStream:75 - [STDERR_REDIRECT] 
2025-12-13 15:21:40,445 [ERROR] LogOutputStream:75 - [STDERR_REDIRECT] [Fatal Error] :1:1: Premature end of file.
2025-12-13 15:21:40,445 [ERROR] LogOutputStream:75 - [STDERR_REDIRECT] 
2025-12-13 15:21:41,459 [ERROR] LogOutputStream:75 - [STDERR_REDIRECT] [Fatal Error] :1:1: Premature end of file.
2025-12-13 15:21:41,459 [ERROR] LogOutputStream:75 - [STDERR_REDIRECT] 
2025-12-13 15:21:42,438 [ERROR] LogOutputStream:75 - [STDERR_REDIRECT] [Fatal Error] :1:1: Premature end of file.
2025-12-13 15:21:42,438 [ERROR] LogOutputStream:75 - [STDERR_REDIRECT] 
2025-12-13 15:21:43,442 [ERROR] LogOutputStream:75 - [STDERR_REDIRECT] [Fatal Error] :1:1: Premature end of file.
2025-12-13 15:21:43,442 [ERROR] LogOutputStream:75 - [STDERR_REDIRECT] 
2025-12-13 15:21:44,441 [ERROR] LogOutputStream:75 - [STDERR_REDIRECT] [Fatal Error] :1:1: Premature end of file.
2025-12-13 15:21:44,441 [ERROR] LogOutputStream:75 - [STDERR_REDIRECT] 
2025-12-13 15:21:45,438 [ERROR] LogOutputStream:75 - [STDERR_REDIRECT] [Fatal Error] :1:1: Premature end of file.
2025-12-13 15:21:45,438 [ERROR] LogOutputStream:75 - [STDERR_REDIRECT] 
2025-12-13 15:21:46,436 [ERROR] LogOutputStream:75 - [STDERR_REDIRECT] [Fatal Error] :1:1: Premature end of file.
2025-12-13 15:21:46,436 [ERROR] LogOutputStream:75 - [STDERR_REDIRECT] 
2025-12-13 15:21:47,458 [ERROR] LogOutputStream:75 - [STDERR_REDIRECT] [Fatal Error] :1:1: Premature end of file.
2025-12-13 15:21:47,458 [ERROR] LogOutputStream:75 - [STDERR_REDIRECT] 
2025-12-13 15:21:48,454 [ERROR] LogOutputStream:75 - [STDERR_REDIRECT] [Fatal Error] :1:1: Premature end of file.
2025-12-13 15:21:48,454 [ERROR] LogOutputStream:75 - [STDERR_REDIRECT] 
2025-12-13 15:21:49,434 [ERROR] LogOutputStream:75 - [STDERR_REDIRECT] [Fatal Error] :1:1: Premature end of file.
2025-12-13 15:21:49,435 [ERROR] LogOutputStream:75 - [STDERR_REDIRECT] 
2025-12-13 15:21:50,433 [ERROR] LogOutputStream:75 - [STDERR_REDIRECT] [Fatal Error] :1:1: Premature end of file.
2025-12-13 15:21:50,434 [ERROR] LogOutputStream:75 - [STDERR_REDIRECT] 
2025-12-13 15:21:51,436 [ERROR] LogOutputStream:75 - [STDERR_REDIRECT] [Fatal Error] :1:1: Premature end of file.
2025-12-13 15:21:51,436 [ERROR] LogOutputStream:75 - [STDERR_REDIRECT] 
2025-12-13 15:21:52,457 [ERROR] LogOutputStream:75 - [STDERR_REDIRECT] [Fatal Error] :1:1: Premature end of file.
2025-12-13 15:21:52,457 [ERROR] LogOutputStream:75 - [STDERR_REDIRECT] 
2025-12-13 15:21:53,446 [ERROR] LogOutputStream:75 - [STDERR_REDIRECT] [Fatal Error] :1:1: Premature end of file.
2025-12-13 15:21:53,446 [ERROR] LogOutputStream:75 - [STDERR_REDIRECT] 
2025-12-13 15:21:54,439 [ERROR] LogOutputStream:75 - [STDERR_REDIRECT] [Fatal Error] :1:1: Premature end of file.
2025-12-13 15:21:54,440 [ERROR] LogOutputStream:75 - [STDERR_REDIRECT] 
2025-12-13 15:21:55,437 [ERROR] LogOutputStream:75 - [STDERR_REDIRECT] [Fatal Error] :1:1: Premature end of file.
2025-12-13 15:21:55,438 [ERROR] LogOutputStream:75 - [STDERR_REDIRECT] 
2025-12-13 15:21:56,439 [ERROR] LogOutputStream:75 - [STDERR_REDIRECT] [Fatal Error] :1:1: Premature end of file.
2025-12-13 15:21:56,439 [ERROR] LogOutputStream:75 - [STDERR_REDIRECT] 
2025-12-13 15:21:57,438 [ERROR] LogOutputStream:75 - [STDERR_REDIRECT] [Fatal Error] :1:1: Premature end of file.
2025-12-13 15:21:57,439 [ERROR] LogOutputStream:75 - [STDERR_REDIRECT] 
2025-12-13 15:21:58,437 [ERROR] LogOutputStream:75 - [STDERR_REDIRECT] [Fatal Error] :1:1: Premature end of file.
2025-12-13 15:21:58,437 [ERROR] LogOutputStream:75 - [STDERR_REDIRECT] 
2025-12-13 15:21:59,466 [ERROR] LogOutputStream:75 - [STDERR_REDIRECT] [Fatal Error] :1:1: Premature end of file.
2025-12-13 15:21:59,466 [ERROR] LogOutputStream:75 - [STDERR_REDIRECT] 
2025-12-13 15:22:00,436 [ERROR] LogOutputStream:75 - [STDERR_REDIRECT] [Fatal Error] :1:1: Premature end of file.
2025-12-13 15:22:00,436 [ERROR] LogOutputStream:75 - [STDERR_REDIRECT] 
2025-12-13 15:22:01,440 [ERROR] LogOutputStream:75 - [STDERR_REDIRECT] [Fatal Error] :1:1: Premature end of file.
2025-12-13 15:22:01,440 [ERROR] LogOutputStream:75 - [STDERR_REDIRECT] 
2025-12-13 15:22:02,438 [ERROR] LogOutputStream:75 - [STDERR_REDIRECT] [Fatal Error] :1:1: Premature end of file.
2025-12-13 15:22:02,438 [ERROR] LogOutputStream:75 - [STDERR_REDIRECT] 
2025-12-13 15:22:03,437 [ERROR] LogOutputStream:75 - [STDERR_REDIRECT] [Fatal Error] :1:1: Premature end of file.
2025-12-13 15:22:03,437 [ERROR] LogOutputStream:75 - [STDERR_REDIRECT] 
2025-12-13 15:22:04,440 [ERROR] LogOutputStream:75 - [STDERR_REDIRECT] [Fatal Error] :1:1: Premature end of file.
2025-12-13 15:22:04,440 [ERROR] LogOutputStream:75 - [STDERR_REDIRECT] 
2025-12-13 15:22:05,459 [ERROR] LogOutputStream:75 - [STDERR_REDIRECT] [Fatal Error] :1:1: Premature end of file.
2025-12-13 15:22:05,459 [ERROR] LogOutputStream:75 - [STDERR_REDIRECT] 
2025-12-13 15:22:06,461 [ERROR] LogOutputStream:75 - [STDERR_REDIRECT] [Fatal Error] :1:1: Premature end of file.
2025-12-13 15:22:06,461 [ERROR] LogOutputStream:75 - [STDERR_REDIRECT] 
2025-12-13 15:22:07,437 [ERROR] LogOutputStream:75 - [STDERR_REDIRECT] [Fatal Error] :1:1: Premature end of file.
2025-12-13 15:22:07,437 [ERROR] LogOutputStream:75 - [STDERR_REDIRECT] 
2025-12-13 15:22:08,438 [ERROR] LogOutputStream:75 - [STDERR_REDIRECT] [Fatal Error] :1:1: Premature end of file.
2025-12-13 15:22:08,438 [ERROR] LogOutputStream:75 - [STDERR_REDIRECT] 
2025-12-13 15:22:09,442 [ERROR] LogOutputStream:75 - [STDERR_REDIRECT] [Fatal Error] :1:1: Premature end of file.
2025-12-13 15:22:09,442 [ERROR] LogOutputStream:75 - [STDERR_REDIRECT] 
2025-12-13 15:22:10,439 [ERROR] LogOutputStream:75 - [STDERR_REDIRECT] [Fatal Error] :1:1: Premature end of file.
2025-12-13 15:22:10,439 [ERROR] LogOutputStream:75 - [STDERR_REDIRECT] 
2025-12-13 15:22:11,453 [ERROR] LogOutputStream:75 - [STDERR_REDIRECT] [Fatal Error] :1:1: Premature end of file.
2025-12-13 15:22:11,454 [ERROR] LogOutputStream:75 - [STDERR_REDIRECT] 
2025-12-13 15:22:12,438 [ERROR] LogOutputStream:75 - [STDERR_REDIRECT] [Fatal Error] :1:1: Premature end of file.
2025-12-13 15:22:12,438 [ERROR] LogOutputStream:75 - [STDERR_REDIRECT] 
2025-12-13 15:22:13,440 [ERROR] LogOutputStream:75 - [STDERR_REDIRECT] [Fatal Error] :1:1: Premature end of file.
2025-12-13 15:22:13,440 [ERROR] LogOutputStream:75 - [STDERR_REDIRECT] 
2025-12-13 15:22:14,440 [ERROR] LogOutputStream:75 - [STDERR_REDIRECT] [Fatal Error] :1:1: Premature end of file.
2025-12-13 15:22:14,440 [ERROR] LogOutputStream:75 - [STDERR_REDIRECT] 
2025-12-13 15:22:15,436 [ERROR] LogOutputStream:75 - [STDERR_REDIRECT] [Fatal Error] :1:1: Premature end of file.
2025-12-13 15:22:15,436 [ERROR] LogOutputStream:75 - [STDERR_REDIRECT] 
2025-12-13 15:22:16,439 [ERROR] LogOutputStream:75 - [STDERR_REDIRECT] [Fatal Error] :1:1: Premature end of file.
2025-12-13 15:22:16,439 [ERROR] LogOutputStream:75 - [STDERR_REDIRECT] 
2025-12-13 15:22:17,451 [ERROR] LogOutputStream:75 - [STDERR_REDIRECT] [Fatal Error] :1:1: Premature end of file.
2025-12-13 15:22:17,451 [ERROR] LogOutputStream:75 - [STDERR_REDIRECT] 
2025-12-13 15:22:18,456 [ERROR] LogOutputStream:75 - [STDERR_REDIRECT] [Fatal Error] :1:1: Premature end of file.
2025-12-13 15:22:18,456 [ERROR] LogOutputStream:75 - [STDERR_REDIRECT] 
2025-12-13 15:22:19,434 [ERROR] LogOutputStream:75 - [STDERR_REDIRECT] [Fatal Error] :1:1: Premature end of file.
2025-12-13 15:22:19,434 [ERROR] LogOutputStream:75 - [STDERR_REDIRECT] 
2025-12-13 15:22:20,434 [ERROR] LogOutputStream:75 - [STDERR_REDIRECT] [Fatal Error] :1:1: Premature end of file.
2025-12-13 15:22:20,434 [ERROR] LogOutputStream:75 - [STDERR_REDIRECT] 
2025-12-13 15:22:21,436 [ERROR] LogOutputStream:75 - [STDERR_REDIRECT] [Fatal Error] :1:1: Premature end of file.
2025-12-13 15:22:21,436 [ERROR] LogOutputStream:75 - [STDERR_REDIRECT] 
2025-12-13 15:22:22,440 [ERROR] LogOutputStream:75 - [STDERR_REDIRECT] [Fatal Error] :1:1: Premature end of file.
2025-12-13 15:22:22,440 [ERROR] LogOutputStream:75 - [STDERR_REDIRECT] 
2025-12-13 15:22:23,442 [ERROR] LogOutputStream:75 - [STDERR_REDIRECT] [Fatal Error] :1:1: Premature end of file.
2025-12-13 15:22:23,443 [ERROR] LogOutputStream:75 - [STDERR_REDIRECT] 
2025-12-13 15:22:24,447 [ERROR] LogOutputStream:75 - [STDERR_REDIRECT] [Fatal Error] :1:1: Premature end of file.
2025-12-13 15:22:24,447 [ERROR] LogOutputStream:75 - [STDERR_REDIRECT] 
2025-12-13 15:22:25,435 [ERROR] LogOutputStream:75 - [STDERR_REDIRECT] [Fatal Error] :1:1: Premature end of file.
2025-12-13 15:22:25,435 [ERROR] LogOutputStream:75 - [STDERR_REDIRECT] 
2025-12-13 15:22:26,426 [ERROR] LogOutputStream:75 - [STDERR_REDIRECT] [Fatal Error] :1:1: Premature end of file.
2025-12-13 15:22:26,426 [ERROR] LogOutputStream:75 - [STDERR_REDIRECT] 
2025-12-13 15:22:27,432 [ERROR] LogOutputStream:75 - [STDERR_REDIRECT] [Fatal Error] :1:1: Premature end of file.
2025-12-13 15:22:27,432 [ERROR] LogOutputStream:75 - [STDERR_REDIRECT] 
2025-12-13 15:22:28,439 [ERROR] LogOutputStream:75 - [STDERR_REDIRECT] [Fatal Error] :1:1: Premature end of file.
2025-12-13 15:22:28,439 [ERROR] LogOutputStream:75 - [STDERR_REDIRECT] 
2025-12-13 15:22:29,440 [ERROR] LogOutputStream:75 - [STDERR_REDIRECT] [Fatal Error] :1:1: Premature end of file.
2025-12-13 15:22:29,440 [ERROR] LogOutputStream:75 - [STDERR_REDIRECT] 
2025-12-13 15:22:30,458 [ERROR] LogOutputStream:75 - [STDERR_REDIRECT] [Fatal Error] :1:1: Premature end of file.
2025-12-13 15:22:30,458 [ERROR] LogOutputStream:75 - [STDERR_REDIRECT] 
2025-12-13 15:22:31,437 [ERROR] LogOutputStream:75 - [STDERR_REDIRECT] [Fatal Error] :1:1: Premature end of file.
2025-12-13 15:22:31,437 [ERROR] LogOutputStream:75 - [STDERR_REDIRECT] 
2025-12-13 15:22:32,438 [ERROR] LogOutputStream:75 - [STDERR_REDIRECT] [Fatal Error] :1:1: Premature end of file.
2025-12-13 15:22:32,438 [ERROR] LogOutputStream:75 - [STDERR_REDIRECT] 
2025-12-13 15:22:33,448 [ERROR] LogOutputStream:75 - [STDERR_REDIRECT] [Fatal Error] :1:1: Premature end of file.
2025-12-13 15:22:33,448 [ERROR] LogOutputStream:75 - [STDERR_REDIRECT] 
2025-12-13 15:22:34,430 [ERROR] LogOutputStream:75 - [STDERR_REDIRECT] [Fatal Error] :1:1: Premature end of file.
2025-12-13 15:22:34,430 [ERROR] LogOutputStream:75 - [STDERR_REDIRECT] 
2025-12-13 15:22:35,436 [ERROR] LogOutputStream:75 - [STDERR_REDIRECT] [Fatal Error] :1:1: Premature end of file.
2025-12-13 15:22:35,437 [ERROR] LogOutputStream:75 - [STDERR_REDIRECT] 
2025-12-13 15:22:36,438 [ERROR] LogOutputStream:75 - [STDERR_REDIRECT] [Fatal Error] :1:1: Premature end of file.
2025-12-13 15:22:36,438 [ERROR] LogOutputStream:75 - [STDERR_REDIRECT] 
2025-12-13 15:22:37,448 [ERROR] LogOutputStream:75 - [STDERR_REDIRECT] [Fatal Error] :1:1: Premature end of file.
2025-12-13 15:22:37,448 [ERROR] LogOutputStream:75 - [STDERR_REDIRECT] 
2025-12-13 15:22:38,443 [ERROR] LogOutputStream:75 - [STDERR_REDIRECT] [Fatal Error] :1:1: Premature end of file.
2025-12-13 15:22:38,443 [ERROR] LogOutputStream:75 - [STDERR_REDIRECT] 
2025-12-13 15:22:39,439 [ERROR] LogOutputStream:75 - [STDERR_REDIRECT] [Fatal Error] :1:1: Premature end of file.
2025-12-13 15:22:39,439 [ERROR] LogOutputStream:75 - [STDERR_REDIRECT] 
2025-12-13 15:22:40,445 [ERROR] LogOutputStream:75 - [STDERR_REDIRECT] [Fatal Error] :1:1: Premature end of file.
2025-12-13 15:22:40,445 [ERROR] LogOutputStream:75 - [STDERR_REDIRECT] 
2025-12-13 15:22:41,442 [ERROR] LogOutputStream:75 - [STDERR_REDIRECT] [Fatal Error] :1:1: Premature end of file.
2025-12-13 15:22:41,443 [ERROR] LogOutputStream:75 - [STDERR_REDIRECT] 
2025-12-13 15:22:42,444 [ERROR] LogOutputStream:75 - [STDERR_REDIRECT] [Fatal Error] :1:1: Premature end of file.
2025-12-13 15:22:42,444 [ERROR] LogOutputStream:75 - [STDERR_REDIRECT] 
2025-12-13 15:22:43,442 [ERROR] LogOutputStream:75 - [STDERR_REDIRECT] [Fatal Error] :1:1: Premature end of file.
2025-12-13 15:22:43,442 [ERROR] LogOutputStream:75 - [STDERR_REDIRECT] 
2025-12-13 15:22:44,444 [ERROR] LogOutputStream:75 - [STDERR_REDIRECT] [Fatal Error] :1:1: Premature end of file.
2025-12-13 15:22:44,445 [ERROR] LogOutputStream:75 - [STDERR_REDIRECT] 
2025-12-13 15:22:45,438 [ERROR] LogOutputStream:75 - [STDERR_REDIRECT] [Fatal Error] :1:1: Premature end of file.
2025-12-13 15:22:45,438 [ERROR] LogOutputStream:75 - [STDERR_REDIRECT] 
2025-12-13 15:22:46,446 [ERROR] LogOutputStream:75 - [STDERR_REDIRECT] [Fatal Error] :1:1: Premature end of file.
2025-12-13 15:22:46,446 [ERROR] LogOutputStream:75 - [STDERR_REDIRECT] 
2025-12-13 15:22:47,440 [ERROR] LogOutputStream:75 - [STDERR_REDIRECT] [Fatal Error] :1:1: Premature end of file.
2025-12-13 15:22:47,440 [ERROR] LogOutputStream:75 - [STDERR_REDIRECT] 
2025-12-13 15:22:48,441 [ERROR] LogOutputStream:75 - [STDERR_REDIRECT] [Fatal Error] :1:1: Premature end of file.
2025-12-13 15:22:48,441 [ERROR] LogOutputStream:75 - [STDERR_REDIRECT] 
2025-12-13 15:22:49,441 [ERROR] LogOutputStream:75 - [STDERR_REDIRECT] [Fatal Error] :1:1: Premature end of file.
2025-12-13 15:22:49,441 [ERROR] LogOutputStream:75 - [STDERR_REDIRECT] 
2025-12-13 15:22:50,442 [ERROR] LogOutputStream:75 - [STDERR_REDIRECT] [Fatal Error] :1:1: Premature end of file.
2025-12-13 15:22:50,443 [ERROR] LogOutputStream:75 - [STDERR_REDIRECT] 
2025-12-13 15:22:51,442 [ERROR] LogOutputStream:75 - [STDERR_REDIRECT] [Fatal Error] :1:1: Premature end of file.
2025-12-13 15:22:51,442 [ERROR] LogOutputStream:75 - [STDERR_REDIRECT] 
2025-12-13 15:22:52,443 [ERROR] LogOutputStream:75 - [STDERR_REDIRECT] [Fatal Error] :1:1: Premature end of file.
2025-12-13 15:22:52,443 [ERROR] LogOutputStream:75 - [STDERR_REDIRECT] 
2025-12-13 15:22:53,444 [ERROR] LogOutputStream:75 - [STDERR_REDIRECT] [Fatal Error] :1:1: Premature end of file.
2025-12-13 15:22:53,444 [ERROR] LogOutputStream:75 - [STDERR_REDIRECT] 
2025-12-13 15:22:54,440 [ERROR] LogOutputStream:75 - [STDERR_REDIRECT] [Fatal Error] :1:1: Premature end of file.
2025-12-13 15:22:54,440 [ERROR] LogOutputStream:75 - [STDERR_REDIRECT] 
2025-12-13 15:22:55,441 [ERROR] LogOutputStream:75 - [STDERR_REDIRECT] [Fatal Error] :1:1: Premature end of file.
2025-12-13 15:22:55,441 [ERROR] LogOutputStream:75 - [STDERR_REDIRECT] 
2025-12-13 15:22:56,442 [ERROR] LogOutputStream:75 - [STDERR_REDIRECT] [Fatal Error] :1:1: Premature end of file.
2025-12-13 15:22:56,442 [ERROR] LogOutputStream:75 - [STDERR_REDIRECT] 
2025-12-13 15:22:57,441 [ERROR] LogOutputStream:75 - [STDERR_REDIRECT] [Fatal Error] :1:1: Premature end of file.
2025-12-13 15:22:57,441 [ERROR] LogOutputStream:75 - [STDERR_REDIRECT] 
2025-12-13 15:22:58,439 [ERROR] LogOutputStream:75 - [STDERR_REDIRECT] [Fatal Error] :1:1: Premature end of file.
2025-12-13 15:22:58,439 [ERROR] LogOutputStream:75 - [STDERR_REDIRECT] 
2025-12-13 15:22:59,444 [ERROR] LogOutputStream:75 - [STDERR_REDIRECT] [Fatal Error] :1:1: Premature end of file.
2025-12-13 15:22:59,444 [ERROR] LogOutputStream:75 - [STDERR_REDIRECT] 
2025-12-13 15:23:00,441 [ERROR] LogOutputStream:75 - [STDERR_REDIRECT] [Fatal Error] :1:1: Premature end of file.
2025-12-13 15:23:00,441 [ERROR] LogOutputStream:75 - [STDERR_REDIRECT] 
2025-12-13 15:23:01,442 [ERROR] LogOutputStream:75 - [STDERR_REDIRECT] [Fatal Error] :1:1: Premature end of file.
2025-12-13 15:23:01,442 [ERROR] LogOutputStream:75 - [STDERR_REDIRECT] 
2025-12-13 15:23:02,444 [ERROR] LogOutputStream:75 - [STDERR_REDIRECT] [Fatal Error] :1:1: Premature end of file.
2025-12-13 15:23:02,445 [ERROR] LogOutputStream:75 - [STDERR_REDIRECT] 
2025-12-13 15:23:03,442 [ERROR] LogOutputStream:75 - [STDERR_REDIRECT] [Fatal Error] :1:1: Premature end of file.
2025-12-13 15:23:03,443 [ERROR] LogOutputStream:75 - [STDERR_REDIRECT] 
2025-12-13 15:23:04,444 [ERROR] LogOutputStream:75 - [STDERR_REDIRECT] [Fatal Error] :1:1: Premature end of file.
2025-12-13 15:23:04,444 [ERROR] LogOutputStream:75 - [STDERR_REDIRECT] 
2025-12-13 15:23:05,443 [ERROR] LogOutputStream:75 - [STDERR_REDIRECT] [Fatal Error] :1:1: Premature end of file.
2025-12-13 15:23:05,443 [ERROR] LogOutputStream:75 - [STDERR_REDIRECT] 
2025-12-13 15:23:06,440 [ERROR] LogOutputStream:75 - [STDERR_REDIRECT] [Fatal Error] :1:1: Premature end of file.
2025-12-13 15:23:06,440 [ERROR] LogOutputStream:75 - [STDERR_REDIRECT] 
2025-12-13 15:23:07,442 [ERROR] LogOutputStream:75 - [STDERR_REDIRECT] [Fatal Error] :1:1: Premature end of file.
2025-12-13 15:23:07,442 [ERROR] LogOutputStream:75 - [STDERR_REDIRECT] 
2025-12-13 15:23:08,445 [ERROR] LogOutputStream:75 - [STDERR_REDIRECT] [Fatal Error] :1:1: Premature end of file.
2025-12-13 15:23:08,445 [ERROR] LogOutputStream:75 - [STDERR_REDIRECT] 
2025-12-13 15:23:09,443 [ERROR] LogOutputStream:75 - [STDERR_REDIRECT] [Fatal Error] :1:1: Premature end of file.
2025-12-13 15:23:09,443 [ERROR] LogOutputStream:75 - [STDERR_REDIRECT] 
2025-12-13 15:23:10,444 [ERROR] LogOutputStream:75 - [STDERR_REDIRECT] [Fatal Error] :1:1: Premature end of file.
2025-12-13 15:23:10,444 [ERROR] LogOutputStream:75 - [STDERR_REDIRECT] 
2025-12-13 15:23:11,444 [ERROR] LogOutputStream:75 - [STDERR_REDIRECT] [Fatal Error] :1:1: Premature end of file.
2025-12-13 15:23:11,444 [ERROR] LogOutputStream:75 - [STDERR_REDIRECT] 
2025-12-13 15:23:12,444 [ERROR] LogOutputStream:75 - [STDERR_REDIRECT] [Fatal Error] :1:1: Premature end of file.
2025-12-13 15:23:12,444 [ERROR] LogOutputStream:75 - [STDERR_REDIRECT] 
2025-12-13 15:23:13,445 [ERROR] LogOutputStream:75 - [STDERR_REDIRECT] [Fatal Error] :1:1: Premature end of file.
2025-12-13 15:23:13,445 [ERROR] LogOutputStream:75 - [STDERR_REDIRECT] 
2025-12-13 15:23:14,451 [ERROR] LogOutputStream:75 - [STDERR_REDIRECT] [Fatal Error] :1:1: Premature end of file.
2025-12-13 15:23:14,451 [ERROR] LogOutputStream:75 - [STDERR_REDIRECT] 
2025-12-13 15:23:15,443 [ERROR] LogOutputStream:75 - [STDERR_REDIRECT] [Fatal Error] :1:1: Premature end of file.
2025-12-13 15:23:15,443 [ERROR] LogOutputStream:75 - [STDERR_REDIRECT] 
2025-12-13 15:23:16,441 [ERROR] LogOutputStream:75 - [STDERR_REDIRECT] [Fatal Error] :1:1: Premature end of file.
2025-12-13 15:23:16,441 [ERROR] LogOutputStream:75 - [STDERR_REDIRECT] 
2025-12-13 15:23:17,444 [ERROR] LogOutputStream:75 - [STDERR_REDIRECT] [Fatal Error] :1:1: Premature end of file.
2025-12-13 15:23:17,444 [ERROR] LogOutputStream:75 - [STDERR_REDIRECT] 
2025-12-13 15:23:18,447 [ERROR] LogOutputStream:75 - [STDERR_REDIRECT] [Fatal Error] :1:1: Premature end of file.
2025-12-13 15:23:18,447 [ERROR] LogOutputStream:75 - [STDERR_REDIRECT] 
2025-12-13 15:23:19,498 [ERROR] LogOutputStream:75 - [STDERR_REDIRECT] [Fatal Error] :1:1: Premature end of file.
2025-12-13 15:23:19,498 [ERROR] LogOutputStream:75 - [STDERR_REDIRECT] 
2025-12-13 15:23:20,484 [ERROR] LogOutputStream:75 - [STDERR_REDIRECT] [Fatal Error] :1:1: Premature end of file.
2025-12-13 15:23:20,484 [ERROR] LogOutputStream:75 - [STDERR_REDIRECT] 
2025-12-13 15:23:21,488 [ERROR] LogOutputStream:75 - [STDERR_REDIRECT] [Fatal Error] :1:1: Premature end of file.
2025-12-13 15:23:21,488 [ERROR] LogOutputStream:75 - [STDERR_REDIRECT] 
2025-12-13 15:23:22,498 [ERROR] LogOutputStream:75 - [STDERR_REDIRECT] [Fatal Error] :1:1: Premature end of file.
2025-12-13 15:23:22,498 [ERROR] LogOutputStream:75 - [STDERR_REDIRECT] 
2025-12-13 15:23:23,490 [ERROR] LogOutputStream:75 - [STDERR_REDIRECT] [Fatal Error] :1:1: Premature end of file.
2025-12-13 15:23:23,490 [ERROR] LogOutputStream:75 - [STDERR_REDIRECT] 
2025-12-13 15:23:24,449 [ERROR] LogOutputStream:75 - [STDERR_REDIRECT] [Fatal Error] :1:1: Premature end of file.
2025-12-13 15:23:24,449 [ERROR] LogOutputStream:75 - [STDERR_REDIRECT] 
2025-12-13 15:23:25,488 [ERROR] LogOutputStream:75 - [STDERR_REDIRECT] [Fatal Error] :1:1: Premature end of file.
2025-12-13 15:23:25,488 [ERROR] LogOutputStream:75 - [STDERR_REDIRECT] 
2025-12-13 15:23:26,438 [ERROR] LogOutputStream:75 - [STDERR_REDIRECT] [Fatal Error] :1:1: Premature end of file.
2025-12-13 15:23:26,438 [ERROR] LogOutputStream:75 - [STDERR_REDIRECT] 
2025-12-13 15:23:27,444 [ERROR] LogOutputStream:75 - [STDERR_REDIRECT] [Fatal Error] :1:1: Premature end of file.
2025-12-13 15:23:27,445 [ERROR] LogOutputStream:75 - [STDERR_REDIRECT] 
2025-12-13 15:23:28,443 [ERROR] LogOutputStream:75 - [STDERR_REDIRECT] [Fatal Error] :1:1: Premature end of file.
2025-12-13 15:23:28,443 [ERROR] LogOutputStream:75 - [STDERR_REDIRECT] 
2025-12-13 15:23:29,451 [ERROR] LogOutputStream:75 - [STDERR_REDIRECT] [Fatal Error] :1:1: Premature end of file.
2025-12-13 15:23:29,451 [ERROR] LogOutputStream:75 - [STDERR_REDIRECT] 
2025-12-13 15:23:30,441 [ERROR] LogOutputStream:75 - [STDERR_REDIRECT] [Fatal Error] :1:1: Premature end of file.
2025-12-13 15:23:30,442 [ERROR] LogOutputStream:75 - [STDERR_REDIRECT] 
2025-12-13 15:23:31,443 [ERROR] LogOutputStream:75 - [STDERR_REDIRECT] [Fatal Error] :1:1: Premature end of file.
2025-12-13 15:23:31,443 [ERROR] LogOutputStream:75 - [STDERR_REDIRECT] 
2025-12-13 15:23:32,446 [ERROR] LogOutputStream:75 - [STDERR_REDIRECT] [Fatal Error] :1:1: Premature end of file.
2025-12-13 15:23:32,446 [ERROR] LogOutputStream:75 - [STDERR_REDIRECT] 
2025-12-13 15:23:33,439 [ERROR] LogOutputStream:75 - [STDERR_REDIRECT] [Fatal Error] :1:1: Premature end of file.
2025-12-13 15:23:33,440 [ERROR] LogOutputStream:75 - [STDERR_REDIRECT] 
2025-12-13 15:23:34,446 [ERROR] LogOutputStream:75 - [STDERR_REDIRECT] [Fatal Error] :1:1: Premature end of file.
2025-12-13 15:23:34,446 [ERROR] LogOutputStream:75 - [STDERR_REDIRECT] 
2025-12-13 15:23:35,441 [ERROR] LogOutputStream:75 - [STDERR_REDIRECT] [Fatal Error] :1:1: Premature end of file.
2025-12-13 15:23:35,442 [ERROR] LogOutputStream:75 - [STDERR_REDIRECT] 
2025-12-13 15:23:36,446 [ERROR] LogOutputStream:75 - [STDERR_REDIRECT] [Fatal Error] :1:1: Premature end of file.
2025-12-13 15:23:36,446 [ERROR] LogOutputStream:75 - [STDERR_REDIRECT] 
2025-12-13 15:23:37,438 [ERROR] LogOutputStream:75 - [STDERR_REDIRECT] [Fatal Error] :1:1: Premature end of file.
2025-12-13 15:23:37,438 [ERROR] LogOutputStream:75 - [STDERR_REDIRECT] 
2025-12-13 15:23:38,442 [ERROR] LogOutputStream:75 - [STDERR_REDIRECT] [Fatal Error] :1:1: Premature end of file.
2025-12-13 15:23:38,442 [ERROR] LogOutputStream:75 - [STDERR_REDIRECT] 
2025-12-13 15:23:39,446 [ERROR] LogOutputStream:75 - [STDERR_REDIRECT] [Fatal Error] :1:1: Premature end of file.
2025-12-13 15:23:39,446 [ERROR] LogOutputStream:75 - [STDERR_REDIRECT] 
2025-12-13 15:23:40,444 [ERROR] LogOutputStream:75 - [STDERR_REDIRECT] [Fatal Error] :1:1: Premature end of file.
2025-12-13 15:23:40,444 [ERROR] LogOutputStream:75 - [STDERR_REDIRECT] 
2025-12-13 15:23:41,442 [ERROR] LogOutputStream:75 - [STDERR_REDIRECT] [Fatal Error] :1:1: Premature end of file.
2025-12-13 15:23:41,443 [ERROR] LogOutputStream:75 - [STDERR_REDIRECT] 
2025-12-13 15:23:42,444 [ERROR] LogOutputStream:75 - [STDERR_REDIRECT] [Fatal Error] :1:1: Premature end of file.
2025-12-13 15:23:42,444 [ERROR] LogOutputStream:75 - [STDERR_REDIRECT] 
2025-12-13 15:23:43,442 [ERROR] LogOutputStream:75 - [STDERR_REDIRECT] [Fatal Error] :1:1: Premature end of file.
2025-12-13 15:23:43,443 [ERROR] LogOutputStream:75 - [STDERR_REDIRECT] 
2025-12-13 15:23:44,444 [ERROR] LogOutputStream:75 - [STDERR_REDIRECT] [Fatal Error] :1:1: Premature end of file.
2025-12-13 15:23:44,444 [ERROR] LogOutputStream:75 - [STDERR_REDIRECT] 
2025-12-13 15:23:45,442 [ERROR] LogOutputStream:75 - [STDERR_REDIRECT] [Fatal Error] :1:1: Premature end of file.
2025-12-13 15:23:45,442 [ERROR] LogOutputStream:75 - [STDERR_REDIRECT] 
2025-12-13 15:23:46,441 [ERROR] LogOutputStream:75 - [STDERR_REDIRECT] [Fatal Error] :1:1: Premature end of file.
2025-12-13 15:23:46,441 [ERROR] LogOutputStream:75 - [STDERR_REDIRECT] 
2025-12-13 15:23:47,446 [ERROR] LogOutputStream:75 - [STDERR_REDIRECT] [Fatal Error] :1:1: Premature end of file.
2025-12-13 15:23:47,446 [ERROR] LogOutputStream:75 - [STDERR_REDIRECT] 
2025-12-13 15:23:48,454 [ERROR] LogOutputStream:75 - [STDERR_REDIRECT] [Fatal Error] :1:1: Premature end of file.
2025-12-13 15:23:48,454 [ERROR] LogOutputStream:75 - [STDERR_REDIRECT] 
2025-12-13 15:23:49,441 [ERROR] LogOutputStream:75 - [STDERR_REDIRECT] [Fatal Error] :1:1: Premature end of file.
2025-12-13 15:23:49,441 [ERROR] LogOutputStream:75 - [STDERR_REDIRECT] 
2025-12-13 15:23:50,444 [ERROR] LogOutputStream:75 - [STDERR_REDIRECT] [Fatal Error] :1:1: Premature end of file.
2025-12-13 15:23:50,444 [ERROR] LogOutputStream:75 - [STDERR_REDIRECT] 
2025-12-13 15:23:51,442 [ERROR] LogOutputStream:75 - [STDERR_REDIRECT] [Fatal Error] :1:1: Premature end of file.
2025-12-13 15:23:51,442 [ERROR] LogOutputStream:75 - [STDERR_REDIRECT] 
2025-12-13 15:23:52,444 [ERROR] LogOutputStream:75 - [STDERR_REDIRECT] [Fatal Error] :1:1: Premature end of file.
2025-12-13 15:23:52,444 [ERROR] LogOutputStream:75 - [STDERR_REDIRECT] 
2025-12-13 15:23:53,445 [ERROR] LogOutputStream:75 - [STDERR_REDIRECT] [Fatal Error] :1:1: Premature end of file.
2025-12-13 15:23:53,445 [ERROR] LogOutputStream:75 - [STDERR_REDIRECT] 
2025-12-13 15:23:54,443 [ERROR] LogOutputStream:75 - [STDERR_REDIRECT] [Fatal Error] :1:1: Premature end of file.
2025-12-13 15:23:54,443 [ERROR] LogOutputStream:75 - [STDERR_REDIRECT] 
2025-12-13 15:23:55,448 [ERROR] LogOutputStream:75 - [STDERR_REDIRECT] [Fatal Error] :1:1: Premature end of file.
2025-12-13 15:23:55,448 [ERROR] LogOutputStream:75 - [STDERR_REDIRECT] 
2025-12-13 15:23:56,439 [ERROR] LogOutputStream:75 - [STDERR_REDIRECT] [Fatal Error] :1:1: Premature end of file.
2025-12-13 15:23:56,439 [ERROR] LogOutputStream:75 - [STDERR_REDIRECT] 
2025-12-13 15:23:57,445 [ERROR] LogOutputStream:75 - [STDERR_REDIRECT] [Fatal Error] :1:1: Premature end of file.
2025-12-13 15:23:57,445 [ERROR] LogOutputStream:75 - [STDERR_REDIRECT] 
2025-12-13 15:23:58,444 [ERROR] LogOutputStream:75 - [STDERR_REDIRECT] [Fatal Error] :1:1: Premature end of file.
2025-12-13 15:23:58,444 [ERROR] LogOutputStream:75 - [STDERR_REDIRECT] 
2025-12-13 15:23:59,446 [ERROR] LogOutputStream:75 - [STDERR_REDIRECT] [Fatal Error] :1:1: Premature end of file.
2025-12-13 15:23:59,446 [ERROR] LogOutputStream:75 - [STDERR_REDIRECT] 
2025-12-13 15:24:00,443 [ERROR] LogOutputStream:75 - [STDERR_REDIRECT] [Fatal Error] :1:1: Premature end of file.
2025-12-13 15:24:00,443 [ERROR] LogOutputStream:75 - [STDERR_REDIRECT] 
2025-12-13 15:24:01,437 [ERROR] LogOutputStream:75 - [STDERR_REDIRECT] [Fatal Error] :1:1: Premature end of file.
2025-12-13 15:24:01,437 [ERROR] LogOutputStream:75 - [STDERR_REDIRECT] 
2025-12-13 15:24:02,443 [ERROR] LogOutputStream:75 - [STDERR_REDIRECT] [Fatal Error] :1:1: Premature end of file.
2025-12-13 15:24:02,443 [ERROR] LogOutputStream:75 - [STDERR_REDIRECT] 
2025-12-13 15:24:03,446 [ERROR] LogOutputStream:75 - [STDERR_REDIRECT] [Fatal Error] :1:1: Premature end of file.
2025-12-13 15:24:03,446 [ERROR] LogOutputStream:75 - [STDERR_REDIRECT] 
2025-12-13 15:24:04,443 [ERROR] LogOutputStream:75 - [STDERR_REDIRECT] [Fatal Error] :1:1: Premature end of file.
2025-12-13 15:24:04,444 [ERROR] LogOutputStream:75 - [STDERR_REDIRECT] 
2025-12-13 15:24:05,446 [ERROR] LogOutputStream:75 - [STDERR_REDIRECT] [Fatal Error] :1:1: Premature end of file.
2025-12-13 15:24:05,447 [ERROR] LogOutputStream:75 - [STDERR_REDIRECT] 
2025-12-13 15:24:06,443 [ERROR] LogOutputStream:75 - [STDERR_REDIRECT] [Fatal Error] :1:1: Premature end of file.
2025-12-13 15:24:06,443 [ERROR] LogOutputStream:75 - [STDERR_REDIRECT] 
2025-12-13 15:24:07,446 [ERROR] LogOutputStream:75 - [STDERR_REDIRECT] [Fatal Error] :1:1: Premature end of file.
2025-12-13 15:24:07,446 [ERROR] LogOutputStream:75 - [STDERR_REDIRECT] 
2025-12-13 15:24:08,445 [ERROR] LogOutputStream:75 - [STDERR_REDIRECT] [Fatal Error] :1:1: Premature end of file.
2025-12-13 15:24:08,446 [ERROR] LogOutputStream:75 - [STDERR_REDIRECT] 
2025-12-13 15:24:09,448 [ERROR] LogOutputStream:75 - [STDERR_REDIRECT] [Fatal Error] :1:1: Premature end of file.
2025-12-13 15:24:09,448 [ERROR] LogOutputStream:75 - [STDERR_REDIRECT] 
2025-12-13 15:24:10,445 [ERROR] LogOutputStream:75 - [STDERR_REDIRECT] [Fatal Error] :1:1: Premature end of file.
2025-12-13 15:24:10,445 [ERROR] LogOutputStream:75 - [STDERR_REDIRECT] 
2025-12-13 15:24:11,442 [ERROR] LogOutputStream:75 - [STDERR_REDIRECT] [Fatal Error] :1:1: Premature end of file.
2025-12-13 15:24:11,442 [ERROR] LogOutputStream:75 - [STDERR_REDIRECT] 
2025-12-13 15:24:12,443 [ERROR] LogOutputStream:75 - [STDERR_REDIRECT] [Fatal Error] :1:1: Premature end of file.
2025-12-13 15:24:12,443 [ERROR] LogOutputStream:75 - [STDERR_REDIRECT] 
2025-12-13 15:24:13,441 [ERROR] LogOutputStream:75 - [STDERR_REDIRECT] [Fatal Error] :1:1: Premature end of file.
2025-12-13 15:24:13,442 [ERROR] LogOutputStream:75 - [STDERR_REDIRECT] 
2025-12-13 15:24:14,438 [ERROR] LogOutputStream:75 - [STDERR_REDIRECT] [Fatal Error] :1:1: Premature end of file.
2025-12-13 15:24:14,440 [ERROR] LogOutputStream:75 - [STDERR_REDIRECT] 
2025-12-13 15:24:15,444 [ERROR] LogOutputStream:75 - [STDERR_REDIRECT] [Fatal Error] :1:1: Premature end of file.
2025-12-13 15:24:15,444 [ERROR] LogOutputStream:75 - [STDERR_REDIRECT] 
2025-12-13 15:24:16,439 [ERROR] LogOutputStream:75 - [STDERR_REDIRECT] [Fatal Error] :1:1: Premature end of file.
2025-12-13 15:24:16,440 [ERROR] LogOutputStream:75 - [STDERR_REDIRECT] 
2025-12-13 15:24:17,443 [ERROR] LogOutputStream:75 - [STDERR_REDIRECT] [Fatal Error] :1:1: Premature end of file.
2025-12-13 15:24:17,443 [ERROR] LogOutputStream:75 - [STDERR_REDIRECT] 
2025-12-13 15:24:18,443 [ERROR] LogOutputStream:75 - [STDERR_REDIRECT] [Fatal Error] :1:1: Premature end of file.
2025-12-13 15:24:18,443 [ERROR] LogOutputStream:75 - [STDERR_REDIRECT] 
2025-12-13 15:24:19,439 [ERROR] LogOutputStream:75 - [STDERR_REDIRECT] [Fatal Error] :1:1: Premature end of file.
2025-12-13 15:24:19,439 [ERROR] LogOutputStream:75 - [STDERR_REDIRECT] 
2025-12-13 15:24:20,444 [ERROR] LogOutputStream:75 - [STDERR_REDIRECT] [Fatal Error] :1:1: Premature end of file.
2025-12-13 15:24:20,444 [ERROR] LogOutputStream:75 - [STDERR_REDIRECT] 
2025-12-13 15:24:21,438 [ERROR] LogOutputStream:75 - [STDERR_REDIRECT] [Fatal Error] :1:1: Premature end of file.
2025-12-13 15:24:21,438 [ERROR] LogOutputStream:75 - [STDERR_REDIRECT] 
2025-12-13 15:24:22,442 [ERROR] LogOutputStream:75 - [STDERR_REDIRECT] [Fatal Error] :1:1: Premature end of file.
2025-12-13 15:24:22,442 [ERROR] LogOutputStream:75 - [STDERR_REDIRECT] 
2025-12-13 15:24:23,443 [ERROR] LogOutputStream:75 - [STDERR_REDIRECT] [Fatal Error] :1:1: Premature end of file.
2025-12-13 15:24:23,443 [ERROR] LogOutputStream:75 - [STDERR_REDIRECT] 
2025-12-13 15:24:24,442 [ERROR] LogOutputStream:75 - [STDERR_REDIRECT] [Fatal Error] :1:1: Premature end of file.
2025-12-13 15:24:24,442 [ERROR] LogOutputStream:75 - [STDERR_REDIRECT] 
2025-12-13 15:24:25,443 [ERROR] LogOutputStream:75 - [STDERR_REDIRECT] [Fatal Error] :1:1: Premature end of file.
2025-12-13 15:24:25,443 [ERROR] LogOutputStream:75 - [STDERR_REDIRECT] 
2025-12-13 15:24:26,441 [ERROR] LogOutputStream:75 - [STDERR_REDIRECT] [Fatal Error] :1:1: Premature end of file.
2025-12-13 15:24:26,441 [ERROR] LogOutputStream:75 - [STDERR_REDIRECT] 
2025-12-13 15:24:27,442 [ERROR] LogOutputStream:75 - [STDERR_REDIRECT] [Fatal Error] :1:1: Premature end of file.
2025-12-13 15:24:27,443 [ERROR] LogOutputStream:75 - [STDERR_REDIRECT] 
2025-12-13 15:24:28,444 [ERROR] LogOutputStream:75 - [STDERR_REDIRECT] [Fatal Error] :1:1: Premature end of file.
2025-12-13 15:24:28,444 [ERROR] LogOutputStream:75 - [STDERR_REDIRECT] 
2025-12-13 15:24:29,442 [ERROR] LogOutputStream:75 - [STDERR_REDIRECT] [Fatal Error] :1:1: Premature end of file.
2025-12-13 15:24:29,442 [ERROR] LogOutputStream:75 - [STDERR_REDIRECT] 
2025-12-13 15:24:30,441 [ERROR] LogOutputStream:75 - [STDERR_REDIRECT] [Fatal Error] :1:1: Premature end of file.
2025-12-13 15:24:30,441 [ERROR] LogOutputStream:75 - [STDERR_REDIRECT] 
2025-12-13 15:24:31,437 [ERROR] LogOutputStream:75 - [STDERR_REDIRECT] [Fatal Error] :1:1: Premature end of file.
2025-12-13 15:24:31,437 [ERROR] LogOutputStream:75 - [STDERR_REDIRECT] 
2025-12-13 15:24:32,444 [ERROR] LogOutputStream:75 - [STDERR_REDIRECT] [Fatal Error] :1:1: Premature end of file.
2025-12-13 15:24:32,444 [ERROR] LogOutputStream:75 - [STDERR_REDIRECT] 
2025-12-13 15:24:33,444 [ERROR] LogOutputStream:75 - [STDERR_REDIRECT] [Fatal Error] :1:1: Premature end of file.
2025-12-13 15:24:33,444 [ERROR] LogOutputStream:75 - [STDERR_REDIRECT] 
2025-12-13 15:24:34,445 [ERROR] LogOutputStream:75 - [STDERR_REDIRECT] [Fatal Error] :1:1: Premature end of file.
2025-12-13 15:24:34,445 [ERROR] LogOutputStream:75 - [STDERR_REDIRECT] 
2025-12-13 15:24:35,441 [ERROR] LogOutputStream:75 - [STDERR_REDIRECT] [Fatal Error] :1:1: Premature end of file.
2025-12-13 15:24:35,441 [ERROR] LogOutputStream:75 - [STDERR_REDIRECT] 
2025-12-13 15:24:36,439 [ERROR] LogOutputStream:75 - [STDERR_REDIRECT] [Fatal Error] :1:1: Premature end of file.
2025-12-13 15:24:36,439 [ERROR] LogOutputStream:75 - [STDERR_REDIRECT] 
2025-12-13 15:24:37,443 [ERROR] LogOutputStream:75 - [STDERR_REDIRECT] [Fatal Error] :1:1: Premature end of file.
2025-12-13 15:24:37,443 [ERROR] LogOutputStream:75 - [STDERR_REDIRECT] 
2025-12-13 15:24:38,444 [ERROR] LogOutputStream:75 - [STDERR_REDIRECT] [Fatal Error] :1:1: Premature end of file.
2025-12-13 15:24:38,444 [ERROR] LogOutputStream:75 - [STDERR_REDIRECT] 
2025-12-13 15:24:39,441 [ERROR] LogOutputStream:75 - [STDERR_REDIRECT] [Fatal Error] :1:1: Premature end of file.
2025-12-13 15:24:39,442 [ERROR] LogOutputStream:75 - [STDERR_REDIRECT] 
2025-12-13 15:24:40,443 [ERROR] LogOutputStream:75 - [STDERR_REDIRECT] [Fatal Error] :1:1: Premature end of file.
2025-12-13 15:24:40,443 [ERROR] LogOutputStream:75 - [STDERR_REDIRECT] 
2025-12-13 15:24:41,439 [ERROR] LogOutputStream:75 - [STDERR_REDIRECT] [Fatal Error] :1:1: Premature end of file.
2025-12-13 15:24:41,439 [ERROR] LogOutputStream:75 - [STDERR_REDIRECT] 
2025-12-13 15:24:42,445 [ERROR] LogOutputStream:75 - [STDERR_REDIRECT] [Fatal Error] :1:1: Premature end of file.
2025-12-13 15:24:42,445 [ERROR] LogOutputStream:75 - [STDERR_REDIRECT] 
2025-12-13 15:24:43,444 [ERROR] LogOutputStream:75 - [STDERR_REDIRECT] [Fatal Error] :1:1: Premature end of file.
2025-12-13 15:24:43,444 [ERROR] LogOutputStream:75 - [STDERR_REDIRECT] 
2025-12-13 15:24:44,443 [ERROR] LogOutputStream:75 - [STDERR_REDIRECT] [Fatal Error] :1:1: Premature end of file.
2025-12-13 15:24:44,443 [ERROR] LogOutputStream:75 - [STDERR_REDIRECT] 
2025-12-13 15:24:45,445 [ERROR] LogOutputStream:75 - [STDERR_REDIRECT] [Fatal Error] :1:1: Premature end of file.
2025-12-13 15:24:45,445 [ERROR] LogOutputStream:75 - [STDERR_REDIRECT] 
2025-12-13 15:24:46,439 [ERROR] LogOutputStream:75 - [STDERR_REDIRECT] [Fatal Error] :1:1: Premature end of file.
2025-12-13 15:24:46,440 [ERROR] LogOutputStream:75 - [STDERR_REDIRECT] 
2025-12-13 15:24:47,445 [ERROR] LogOutputStream:75 - [STDERR_REDIRECT] [Fatal Error] :1:1: Premature end of file.
2025-12-13 15:24:47,445 [ERROR] LogOutputStream:75 - [STDERR_REDIRECT] 
2025-12-13 15:24:48,444 [ERROR] LogOutputStream:75 - [STDERR_REDIRECT] [Fatal Error] :1:1: Premature end of file.
2025-12-13 15:24:48,444 [ERROR] LogOutputStream:75 - [STDERR_REDIRECT] 
2025-12-13 15:24:49,446 [ERROR] LogOutputStream:75 - [STDERR_REDIRECT] [Fatal Error] :1:1: Premature end of file.
2025-12-13 15:24:49,447 [ERROR] LogOutputStream:75 - [STDERR_REDIRECT] 
2025-12-13 15:24:50,441 [ERROR] LogOutputStream:75 - [STDERR_REDIRECT] [Fatal Error] :1:1: Premature end of file.
2025-12-13 15:24:50,441 [ERROR] LogOutputStream:75 - [STDERR_REDIRECT] 
2025-12-13 15:24:51,441 [ERROR] LogOutputStream:75 - [STDERR_REDIRECT] [Fatal Error] :1:1: Premature end of file.
2025-12-13 15:24:51,441 [ERROR] LogOutputStream:75 - [STDERR_REDIRECT] 
2025-12-13 15:24:52,441 [ERROR] LogOutputStream:75 - [STDERR_REDIRECT] [Fatal Error] :1:1: Premature end of file.
2025-12-13 15:24:52,441 [ERROR] LogOutputStream:75 - [STDERR_REDIRECT] 
2025-12-13 15:24:53,451 [ERROR] LogOutputStream:75 - [STDERR_REDIRECT] [Fatal Error] :1:1: Premature end of file.
2025-12-13 15:24:53,451 [ERROR] LogOutputStream:75 - [STDERR_REDIRECT] 
2025-12-13 15:24:54,442 [ERROR] LogOutputStream:75 - [STDERR_REDIRECT] [Fatal Error] :1:1: Premature end of file.
2025-12-13 15:24:54,442 [ERROR] LogOutputStream:75 - [STDERR_REDIRECT] 
2025-12-13 15:24:55,444 [ERROR] LogOutputStream:75 - [STDERR_REDIRECT] [Fatal Error] :1:1: Premature end of file.
2025-12-13 15:24:55,444 [ERROR] LogOutputStream:75 - [STDERR_REDIRECT] 
2025-12-13 15:24:56,445 [ERROR] LogOutputStream:75 - [STDERR_REDIRECT] [Fatal Error] :1:1: Premature end of file.
2025-12-13 15:24:56,445 [ERROR] LogOutputStream:75 - [STDERR_REDIRECT] 
2025-12-13 15:24:57,441 [ERROR] LogOutputStream:75 - [STDERR_REDIRECT] [Fatal Error] :1:1: Premature end of file.
2025-12-13 15:24:57,441 [ERROR] LogOutputStream:75 - [STDERR_REDIRECT] 
2025-12-13 15:24:58,445 [ERROR] LogOutputStream:75 - [STDERR_REDIRECT] [Fatal Error] :1:1: Premature end of file.
2025-12-13 15:24:58,446 [ERROR] LogOutputStream:75 - [STDERR_REDIRECT] 
2025-12-13 15:24:59,446 [ERROR] LogOutputStream:75 - [STDERR_REDIRECT] [Fatal Error] :1:1: Premature end of file.
2025-12-13 15:24:59,446 [ERROR] LogOutputStream:75 - [STDERR_REDIRECT] 
2025-12-13 15:25:00,443 [ERROR] LogOutputStream:75 - [STDERR_REDIRECT] [Fatal Error] :1:1: Premature end of file.
2025-12-13 15:25:00,443 [ERROR] LogOutputStream:75 - [STDERR_REDIRECT] 
2025-12-13 15:25:01,446 [ERROR] LogOutputStream:75 - [STDERR_REDIRECT] [Fatal Error] :1:1: Premature end of file.
2025-12-13 15:25:01,447 [ERROR] LogOutputStream:75 - [STDERR_REDIRECT] 
2025-12-13 15:25:02,497 [ERROR] LogOutputStream:75 - [STDERR_REDIRECT] [Fatal Error] :1:1: Premature end of file.
2025-12-13 15:25:02,497 [ERROR] LogOutputStream:75 - [STDERR_REDIRECT] 
2025-12-13 15:25:03,453 [ERROR] LogOutputStream:75 - [STDERR_REDIRECT] [Fatal Error] :1:1: Premature end of file.
2025-12-13 15:25:03,453 [ERROR] LogOutputStream:75 - [STDERR_REDIRECT] 
2025-12-13 15:25:04,441 [ERROR] LogOutputStream:75 - [STDERR_REDIRECT] [Fatal Error] :1:1: Premature end of file.
2025-12-13 15:25:04,441 [ERROR] LogOutputStream:75 - [STDERR_REDIRECT] 
2025-12-13 15:25:05,444 [ERROR] LogOutputStream:75 - [STDERR_REDIRECT] [Fatal Error] :1:1: Premature end of file.
2025-12-13 15:25:05,444 [ERROR] LogOutputStream:75 - [STDERR_REDIRECT] 
2025-12-13 15:25:06,441 [ERROR] LogOutputStream:75 - [STDERR_REDIRECT] [Fatal Error] :1:1: Premature end of file.
2025-12-13 15:25:06,441 [ERROR] LogOutputStream:75 - [STDERR_REDIRECT] 
2025-12-13 15:25:07,446 [ERROR] LogOutputStream:75 - [STDERR_REDIRECT] [Fatal Error] :1:1: Premature end of file.
2025-12-13 15:25:07,446 [ERROR] LogOutputStream:75 - [STDERR_REDIRECT] 
2025-12-13 15:25:08,441 [ERROR] LogOutputStream:75 - [STDERR_REDIRECT] [Fatal Error] :1:1: Premature end of file.
2025-12-13 15:25:08,441 [ERROR] LogOutputStream:75 - [STDERR_REDIRECT] 
2025-12-13 15:25:09,440 [ERROR] LogOutputStream:75 - [STDERR_REDIRECT] [Fatal Error] :1:1: Premature end of file.
2025-12-13 15:25:09,440 [ERROR] LogOutputStream:75 - [STDERR_REDIRECT] 
2025-12-13 15:25:10,444 [ERROR] LogOutputStream:75 - [STDERR_REDIRECT] [Fatal Error] :1:1: Premature end of file.
2025-12-13 15:25:10,444 [ERROR] LogOutputStream:75 - [STDERR_REDIRECT] 
2025-12-13 15:25:11,442 [ERROR] LogOutputStream:75 - [STDERR_REDIRECT] [Fatal Error] :1:1: Premature end of file.
2025-12-13 15:25:11,442 [ERROR] LogOutputStream:75 - [STDERR_REDIRECT] 
2025-12-13 15:25:12,443 [ERROR] LogOutputStream:75 - [STDERR_REDIRECT] [Fatal Error] :1:1: Premature end of file.
2025-12-13 15:25:12,470 [ERROR] LogOutputStream:75 - [STDERR_REDIRECT] 
2025-12-13 15:25:13,443 [ERROR] LogOutputStream:75 - [STDERR_REDIRECT] [Fatal Error] :1:1: Premature end of file.
2025-12-13 15:25:13,444 [ERROR] LogOutputStream:75 - [STDERR_REDIRECT] 
2025-12-13 15:25:14,440 [ERROR] LogOutputStream:75 - [STDERR_REDIRECT] [Fatal Error] :1:1: Premature end of file.
2025-12-13 15:25:14,440 [ERROR] LogOutputStream:75 - [STDERR_REDIRECT] 
2025-12-13 15:25:15,444 [ERROR] LogOutputStream:75 - [STDERR_REDIRECT] [Fatal Error] :1:1: Premature end of file.
2025-12-13 15:25:15,444 [ERROR] LogOutputStream:75 - [STDERR_REDIRECT] 
2025-12-13 15:25:16,445 [ERROR] LogOutputStream:75 - [STDERR_REDIRECT] [Fatal Error] :1:1: Premature end of file.
2025-12-13 15:25:16,445 [ERROR] LogOutputStream:75 - [STDERR_REDIRECT] 
2025-12-13 15:25:17,444 [ERROR] LogOutputStream:75 - [STDERR_REDIRECT] [Fatal Error] :1:1: Premature end of file.
2025-12-13 15:25:17,444 [ERROR] LogOutputStream:75 - [STDERR_REDIRECT] 
2025-12-13 15:25:18,446 [ERROR] LogOutputStream:75 - [STDERR_REDIRECT] [Fatal Error] :1:1: Premature end of file.
2025-12-13 15:25:18,446 [ERROR] LogOutputStream:75 - [STDERR_REDIRECT] 
2025-12-13 15:25:19,446 [ERROR] LogOutputStream:75 - [STDERR_REDIRECT] [Fatal Error] :1:1: Premature end of file.
2025-12-13 15:25:19,446 [ERROR] LogOutputStream:75 - [STDERR_REDIRECT] 
2025-12-13 15:25:20,446 [ERROR] LogOutputStream:75 - [STDERR_REDIRECT] [Fatal Error] :1:1: Premature end of file.
2025-12-13 15:25:20,446 [ERROR] LogOutputStream:75 - [STDERR_REDIRECT] 
2025-12-13 15:25:21,442 [ERROR] LogOutputStream:75 - [STDERR_REDIRECT] [Fatal Error] :1:1: Premature end of file.
2025-12-13 15:25:21,443 [ERROR] LogOutputStream:75 - [STDERR_REDIRECT] 
2025-12-13 15:25:22,439 [ERROR] LogOutputStream:75 - [STDERR_REDIRECT] [Fatal Error] :1:1: Premature end of file.
2025-12-13 15:25:22,440 [ERROR] LogOutputStream:75 - [STDERR_REDIRECT] 
2025-12-13 15:25:23,441 [ERROR] LogOutputStream:75 - [STDERR_REDIRECT] [Fatal Error] :1:1: Premature end of file.
2025-12-13 15:25:23,442 [ERROR] LogOutputStream:75 - [STDERR_REDIRECT] 
2025-12-13 15:25:24,442 [ERROR] LogOutputStream:75 - [STDERR_REDIRECT] [Fatal Error] :1:1: Premature end of file.
2025-12-13 15:25:24,442 [ERROR] LogOutputStream:75 - [STDERR_REDIRECT] 
2025-12-13 15:25:25,443 [ERROR] LogOutputStream:75 - [STDERR_REDIRECT] [Fatal Error] :1:1: Premature end of file.
2025-12-13 15:25:25,443 [ERROR] LogOutputStream:75 - [STDERR_REDIRECT] 
2025-12-13 15:25:26,442 [ERROR] LogOutputStream:75 - [STDERR_REDIRECT] [Fatal Error] :1:1: Premature end of file.
2025-12-13 15:25:26,442 [ERROR] LogOutputStream:75 - [STDERR_REDIRECT] 
2025-12-13 15:25:27,440 [ERROR] LogOutputStream:75 - [STDERR_REDIRECT] [Fatal Error] :1:1: Premature end of file.
2025-12-13 15:25:27,458 [ERROR] LogOutputStream:75 - [STDERR_REDIRECT] 
2025-12-13 15:25:28,444 [ERROR] LogOutputStream:75 - [STDERR_REDIRECT] [Fatal Error] :1:1: Premature end of file.
2025-12-13 15:25:28,444 [ERROR] LogOutputStream:75 - [STDERR_REDIRECT] 
2025-12-13 15:25:29,437 [ERROR] LogOutputStream:75 - [STDERR_REDIRECT] [Fatal Error] :1:1: Premature end of file.
2025-12-13 15:25:29,437 [ERROR] LogOutputStream:75 - [STDERR_REDIRECT] 
2025-12-13 15:25:30,443 [ERROR] LogOutputStream:75 - [STDERR_REDIRECT] [Fatal Error] :1:1: Premature end of file.
2025-12-13 15:25:30,443 [ERROR] LogOutputStream:75 - [STDERR_REDIRECT] 
2025-12-13 15:25:31,444 [ERROR] LogOutputStream:75 - [STDERR_REDIRECT] [Fatal Error] :1:1: Premature end of file.
2025-12-13 15:25:31,444 [ERROR] LogOutputStream:75 - [STDERR_REDIRECT] 
2025-12-13 15:25:32,441 [ERROR] LogOutputStream:75 - [STDERR_REDIRECT] [Fatal Error] :1:1: Premature end of file.
2025-12-13 15:25:32,441 [ERROR] LogOutputStream:75 - [STDERR_REDIRECT] 
2025-12-13 15:25:33,453 [ERROR] LogOutputStream:75 - [STDERR_REDIRECT] [Fatal Error] :1:1: Premature end of file.
2025-12-13 15:25:33,453 [ERROR] LogOutputStream:75 - [STDERR_REDIRECT] 
2025-12-13 15:25:34,456 [ERROR] LogOutputStream:75 - [STDERR_REDIRECT] [Fatal Error] :1:1: Premature end of file.
2025-12-13 15:25:34,456 [ERROR] LogOutputStream:75 - [STDERR_REDIRECT] 
2025-12-13 15:25:35,442 [ERROR] LogOutputStream:75 - [STDERR_REDIRECT] [Fatal Error] :1:1: Premature end of file.
2025-12-13 15:25:35,442 [ERROR] LogOutputStream:75 - [STDERR_REDIRECT] 
2025-12-13 15:25:36,444 [ERROR] LogOutputStream:75 - [STDERR_REDIRECT] [Fatal Error] :1:1: Premature end of file.
2025-12-13 15:25:36,444 [ERROR] LogOutputStream:75 - [STDERR_REDIRECT] 
2025-12-13 15:25:37,442 [ERROR] LogOutputStream:75 - [STDERR_REDIRECT] [Fatal Error] :1:1: Premature end of file.
2025-12-13 15:25:37,442 [ERROR] LogOutputStream:75 - [STDERR_REDIRECT] 
2025-12-13 15:25:38,439 [ERROR] LogOutputStream:75 - [STDERR_REDIRECT] [Fatal Error] :1:1: Premature end of file.
2025-12-13 15:25:38,439 [ERROR] LogOutputStream:75 - [STDERR_REDIRECT] 
2025-12-13 15:25:39,439 [ERROR] LogOutputStream:75 - [STDERR_REDIRECT] [Fatal Error] :1:1: Premature end of file.
2025-12-13 15:25:39,440 [ERROR] LogOutputStream:75 - [STDERR_REDIRECT] 
2025-12-13 15:25:40,436 [ERROR] LogOutputStream:75 - [STDERR_REDIRECT] [Fatal Error] :1:1: Premature end of file.
2025-12-13 15:25:40,436 [ERROR] LogOutputStream:75 - [STDERR_REDIRECT] 
2025-12-13 15:25:41,442 [ERROR] LogOutputStream:75 - [STDERR_REDIRECT] [Fatal Error] :1:1: Premature end of file.
2025-12-13 15:25:41,442 [ERROR] LogOutputStream:75 - [STDERR_REDIRECT] 
2025-12-13 15:25:42,442 [ERROR] LogOutputStream:75 - [STDERR_REDIRECT] [Fatal Error] :1:1: Premature end of file.
2025-12-13 15:25:42,442 [ERROR] LogOutputStream:75 - [STDERR_REDIRECT] 
2025-12-13 15:25:43,445 [ERROR] LogOutputStream:75 - [STDERR_REDIRECT] [Fatal Error] :1:1: Premature end of file.
2025-12-13 15:25:43,445 [ERROR] LogOutputStream:75 - [STDERR_REDIRECT] 
2025-12-13 15:25:44,442 [ERROR] LogOutputStream:75 - [STDERR_REDIRECT] [Fatal Error] :1:1: Premature end of file.
2025-12-13 15:25:44,442 [ERROR] LogOutputStream:75 - [STDERR_REDIRECT] 
2025-12-13 15:25:45,439 [ERROR] LogOutputStream:75 - [STDERR_REDIRECT] [Fatal Error] :1:1: Premature end of file.
2025-12-13 15:25:45,439 [ERROR] LogOutputStream:75 - [STDERR_REDIRECT] 
2025-12-13 15:25:46,438 [ERROR] LogOutputStream:75 - [STDERR_REDIRECT] [Fatal Error] :1:1: Premature end of file.
2025-12-13 15:25:46,438 [ERROR] LogOutputStream:75 - [STDERR_REDIRECT] 
2025-12-13 15:25:47,440 [ERROR] LogOutputStream:75 - [STDERR_REDIRECT] [Fatal Error] :1:1: Premature end of file.
2025-12-13 15:25:47,440 [ERROR] LogOutputStream:75 - [STDERR_REDIRECT] 
2025-12-13 15:25:48,447 [ERROR] LogOutputStream:75 - [STDERR_REDIRECT] [Fatal Error] :1:1: Premature end of file.
2025-12-13 15:25:48,447 [ERROR] LogOutputStream:75 - [STDERR_REDIRECT] 
2025-12-13 15:25:49,443 [ERROR] LogOutputStream:75 - [STDERR_REDIRECT] [Fatal Error] :1:1: Premature end of file.
2025-12-13 15:25:49,443 [ERROR] LogOutputStream:75 - [STDERR_REDIRECT] 
2025-12-13 15:25:50,438 [ERROR] LogOutputStream:75 - [STDERR_REDIRECT] [Fatal Error] :1:1: Premature end of file.
2025-12-13 15:25:50,438 [ERROR] LogOutputStream:75 - [STDERR_REDIRECT] 
2025-12-13 15:25:51,437 [ERROR] LogOutputStream:75 - [STDERR_REDIRECT] [Fatal Error] :1:1: Premature end of file.
2025-12-13 15:25:51,438 [ERROR] LogOutputStream:75 - [STDERR_REDIRECT] 
2025-12-13 15:25:52,447 [ERROR] LogOutputStream:75 - [STDERR_REDIRECT] [Fatal Error] :1:1: Premature end of file.
2025-12-13 15:25:52,447 [ERROR] LogOutputStream:75 - [STDERR_REDIRECT] 
2025-12-13 15:25:53,443 [ERROR] LogOutputStream:75 - [STDERR_REDIRECT] [Fatal Error] :1:1: Premature end of file.
2025-12-13 15:25:53,444 [ERROR] LogOutputStream:75 - [STDERR_REDIRECT] 
2025-12-13 15:25:54,445 [ERROR] LogOutputStream:75 - [STDERR_REDIRECT] [Fatal Error] :1:1: Premature end of file.
2025-12-13 15:25:54,445 [ERROR] LogOutputStream:75 - [STDERR_REDIRECT] 
2025-12-13 15:25:55,443 [ERROR] LogOutputStream:75 - [STDERR_REDIRECT] [Fatal Error] :1:1: Premature end of file.
2025-12-13 15:25:55,443 [ERROR] LogOutputStream:75 - [STDERR_REDIRECT] 
2025-12-13 15:25:56,441 [ERROR] LogOutputStream:75 - [STDERR_REDIRECT] [Fatal Error] :1:1: Premature end of file.
2025-12-13 15:25:56,441 [ERROR] LogOutputStream:75 - [STDERR_REDIRECT] 
2025-12-13 15:25:57,439 [ERROR] LogOutputStream:75 - [STDERR_REDIRECT] [Fatal Error] :1:1: Premature end of file.
2025-12-13 15:25:57,456 [ERROR] LogOutputStream:75 - [STDERR_REDIRECT] 
2025-12-13 15:25:58,444 [ERROR] LogOutputStream:75 - [STDERR_REDIRECT] [Fatal Error] :1:1: Premature end of file.
2025-12-13 15:25:58,444 [ERROR] LogOutputStream:75 - [STDERR_REDIRECT] 
2025-12-13 15:25:59,444 [ERROR] LogOutputStream:75 - [STDERR_REDIRECT] [Fatal Error] :1:1: Premature end of file.
2025-12-13 15:25:59,444 [ERROR] LogOutputStream:75 - [STDERR_REDIRECT] 
2025-12-13 15:26:00,442 [ERROR] LogOutputStream:75 - [STDERR_REDIRECT] [Fatal Error] :1:1: Premature end of file.
2025-12-13 15:26:00,442 [ERROR] LogOutputStream:75 - [STDERR_REDIRECT] 
2025-12-13 15:26:01,443 [ERROR] LogOutputStream:75 - [STDERR_REDIRECT] [Fatal Error] :1:1: Premature end of file.
2025-12-13 15:26:01,443 [ERROR] LogOutputStream:75 - [STDERR_REDIRECT] 
2025-12-13 15:26:02,443 [ERROR] LogOutputStream:75 - [STDERR_REDIRECT] [Fatal Error] :1:1: Premature end of file.
2025-12-13 15:26:02,443 [ERROR] LogOutputStream:75 - [STDERR_REDIRECT] 
2025-12-13 15:26:03,439 [ERROR] LogOutputStream:75 - [STDERR_REDIRECT] [Fatal Error] :1:1: Premature end of file.
2025-12-13 15:26:03,439 [ERROR] LogOutputStream:75 - [STDERR_REDIRECT] 
2025-12-13 15:26:04,443 [ERROR] LogOutputStream:75 - [STDERR_REDIRECT] [Fatal Error] :1:1: Premature end of file.
2025-12-13 15:26:04,443 [ERROR] LogOutputStream:75 - [STDERR_REDIRECT] 
2025-12-13 15:26:05,446 [ERROR] LogOutputStream:75 - [STDERR_REDIRECT] [Fatal Error] :1:1: Premature end of file.
2025-12-13 15:26:05,446 [ERROR] LogOutputStream:75 - [STDERR_REDIRECT] 
2025-12-13 15:26:06,441 [ERROR] LogOutputStream:75 - [STDERR_REDIRECT] [Fatal Error] :1:1: Premature end of file.
2025-12-13 15:26:06,442 [ERROR] LogOutputStream:75 - [STDERR_REDIRECT] 
2025-12-13 15:26:07,442 [ERROR] LogOutputStream:75 - [STDERR_REDIRECT] [Fatal Error] :1:1: Premature end of file.
2025-12-13 15:26:07,442 [ERROR] LogOutputStream:75 - [STDERR_REDIRECT] 
2025-12-13 15:26:08,443 [ERROR] LogOutputStream:75 - [STDERR_REDIRECT] [Fatal Error] :1:1: Premature end of file.
2025-12-13 15:26:08,444 [ERROR] LogOutputStream:75 - [STDERR_REDIRECT] 
2025-12-13 15:26:09,441 [ERROR] LogOutputStream:75 - [STDERR_REDIRECT] [Fatal Error] :1:1: Premature end of file.
2025-12-13 15:26:09,441 [ERROR] LogOutputStream:75 - [STDERR_REDIRECT] 
2025-12-13 15:26:10,442 [ERROR] LogOutputStream:75 - [STDERR_REDIRECT] [Fatal Error] :1:1: Premature end of file.
2025-12-13 15:26:10,442 [ERROR] LogOutputStream:75 - [STDERR_REDIRECT] 
2025-12-13 15:26:11,442 [ERROR] LogOutputStream:75 - [STDERR_REDIRECT] [Fatal Error] :1:1: Premature end of file.
2025-12-13 15:26:11,442 [ERROR] LogOutputStream:75 - [STDERR_REDIRECT] 
2025-12-13 15:26:12,444 [ERROR] LogOutputStream:75 - [STDERR_REDIRECT] [Fatal Error] :1:1: Premature end of file.
2025-12-13 15:26:12,451 [ERROR] LogOutputStream:75 - [STDERR_REDIRECT] 
2025-12-13 15:26:13,441 [ERROR] LogOutputStream:75 - [STDERR_REDIRECT] [Fatal Error] :1:1: Premature end of file.
2025-12-13 15:26:13,441 [ERROR] LogOutputStream:75 - [STDERR_REDIRECT] 
2025-12-13 15:26:14,445 [ERROR] LogOutputStream:75 - [STDERR_REDIRECT] [Fatal Error] :1:1: Premature end of file.
2025-12-13 15:26:14,445 [ERROR] LogOutputStream:75 - [STDERR_REDIRECT] 
2025-12-13 15:26:15,443 [ERROR] LogOutputStream:75 - [STDERR_REDIRECT] [Fatal Error] :1:1: Premature end of file.
2025-12-13 15:26:15,443 [ERROR] LogOutputStream:75 - [STDERR_REDIRECT] 
2025-12-13 15:26:16,440 [ERROR] LogOutputStream:75 - [STDERR_REDIRECT] [Fatal Error] :1:1: Premature end of file.
2025-12-13 15:26:16,440 [ERROR] LogOutputStream:75 - [STDERR_REDIRECT] 
2025-12-13 15:26:17,440 [ERROR] LogOutputStream:75 - [STDERR_REDIRECT] [Fatal Error] :1:1: Premature end of file.
2025-12-13 15:26:17,440 [ERROR] LogOutputStream:75 - [STDERR_REDIRECT] 
2025-12-13 15:26:18,442 [ERROR] LogOutputStream:75 - [STDERR_REDIRECT] [Fatal Error] :1:1: Premature end of file.
2025-12-13 15:26:18,442 [ERROR] LogOutputStream:75 - [STDERR_REDIRECT] 
2025-12-13 15:26:19,445 [ERROR] LogOutputStream:75 - [STDERR_REDIRECT] [Fatal Error] :1:1: Premature end of file.
2025-12-13 15:26:19,445 [ERROR] LogOutputStream:75 - [STDERR_REDIRECT] 
2025-12-13 15:26:20,445 [ERROR] LogOutputStream:75 - [STDERR_REDIRECT] [Fatal Error] :1:1: Premature end of file.
2025-12-13 15:26:20,445 [ERROR] LogOutputStream:75 - [STDERR_REDIRECT] 
2025-12-13 15:26:21,441 [ERROR] LogOutputStream:75 - [STDERR_REDIRECT] [Fatal Error] :1:1: Premature end of file.
2025-12-13 15:26:21,441 [ERROR] LogOutputStream:75 - [STDERR_REDIRECT] 
2025-12-13 15:26:22,445 [ERROR] LogOutputStream:75 - [STDERR_REDIRECT] [Fatal Error] :1:1: Premature end of file.
2025-12-13 15:26:22,445 [ERROR] LogOutputStream:75 - [STDERR_REDIRECT] 
2025-12-13 15:26:23,445 [ERROR] LogOutputStream:75 - [STDERR_REDIRECT] [Fatal Error] :1:1: Premature end of file.
2025-12-13 15:26:23,445 [ERROR] LogOutputStream:75 - [STDERR_REDIRECT] 
2025-12-13 15:26:24,445 [ERROR] LogOutputStream:75 - [STDERR_REDIRECT] [Fatal Error] :1:1: Premature end of file.
2025-12-13 15:26:24,445 [ERROR] LogOutputStream:75 - [STDERR_REDIRECT] 
2025-12-13 15:26:25,446 [ERROR] LogOutputStream:75 - [STDERR_REDIRECT] [Fatal Error] :1:1: Premature end of file.
2025-12-13 15:26:25,446 [ERROR] LogOutputStream:75 - [STDERR_REDIRECT] 
2025-12-13 15:26:26,441 [ERROR] LogOutputStream:75 - [STDERR_REDIRECT] [Fatal Error] :1:1: Premature end of file.
2025-12-13 15:26:26,441 [ERROR] LogOutputStream:75 - [STDERR_REDIRECT] 
2025-12-13 15:26:27,449 [ERROR] LogOutputStream:75 - [STDERR_REDIRECT] [Fatal Error] :1:1: Premature end of file.
2025-12-13 15:26:27,450 [ERROR] LogOutputStream:75 - [STDERR_REDIRECT] 
2025-12-13 15:26:28,444 [ERROR] LogOutputStream:75 - [STDERR_REDIRECT] [Fatal Error] :1:1: Premature end of file.
2025-12-13 15:26:28,445 [ERROR] LogOutputStream:75 - [STDERR_REDIRECT] 
2025-12-13 15:26:29,443 [ERROR] LogOutputStream:75 - [STDERR_REDIRECT] [Fatal Error] :1:1: Premature end of file.
2025-12-13 15:26:29,443 [ERROR] LogOutputStream:75 - [STDERR_REDIRECT] 
2025-12-13 15:26:30,440 [ERROR] LogOutputStream:75 - [STDERR_REDIRECT] [Fatal Error] :1:1: Premature end of file.
2025-12-13 15:26:30,440 [ERROR] LogOutputStream:75 - [STDERR_REDIRECT] 
2025-12-13 15:26:31,442 [ERROR] LogOutputStream:75 - [STDERR_REDIRECT] [Fatal Error] :1:1: Premature end of file.
2025-12-13 15:26:31,442 [ERROR] LogOutputStream:75 - [STDERR_REDIRECT] 
2025-12-13 15:26:32,468 [ERROR] LogOutputStream:75 - [STDERR_REDIRECT] [Fatal Error] :1:1: Premature end of file.
2025-12-13 15:26:32,468 [ERROR] LogOutputStream:75 - [STDERR_REDIRECT] 
2025-12-13 15:26:33,471 [ERROR] LogOutputStream:75 - [STDERR_REDIRECT] [Fatal Error] :1:1: Premature end of file.
2025-12-13 15:26:33,471 [ERROR] LogOutputStream:75 - [STDERR_REDIRECT] 
2025-12-13 15:26:34,533 [ERROR] LogOutputStream:75 - [STDERR_REDIRECT] [Fatal Error] :1:1: Premature end of file.
2025-12-13 15:26:34,533 [ERROR] LogOutputStream:75 - [STDERR_REDIRECT] 
2025-12-13 15:26:35,489 [ERROR] LogOutputStream:75 - [STDERR_REDIRECT] [Fatal Error] :1:1: Premature end of file.
2025-12-13 15:26:35,489 [ERROR] LogOutputStream:75 - [STDERR_REDIRECT] 
2025-12-13 15:26:36,473 [ERROR] LogOutputStream:75 - [STDERR_REDIRECT] [Fatal Error] :1:1: Premature end of file.
2025-12-13 15:26:36,485 [ERROR] LogOutputStream:75 - [STDERR_REDIRECT] 
2025-12-13 15:26:37,490 [ERROR] LogOutputStream:75 - [STDERR_REDIRECT] [Fatal Error] :1:1: Premature end of file.
2025-12-13 15:26:37,490 [ERROR] LogOutputStream:75 - [STDERR_REDIRECT] 
2025-12-13 15:26:38,491 [ERROR] LogOutputStream:75 - [STDERR_REDIRECT] [Fatal Error] :1:1: Premature end of file.
2025-12-13 15:26:38,491 [ERROR] LogOutputStream:75 - [STDERR_REDIRECT] 
2025-12-13 15:26:39,498 [ERROR] LogOutputStream:75 - [STDERR_REDIRECT] [Fatal Error] :1:1: Premature end of file.
2025-12-13 15:26:39,498 [ERROR] LogOutputStream:75 - [STDERR_REDIRECT] 
2025-12-13 15:26:40,481 [ERROR] LogOutputStream:75 - [STDERR_REDIRECT] [Fatal Error] :1:1: Premature end of file.
2025-12-13 15:26:40,481 [ERROR] LogOutputStream:75 - [STDERR_REDIRECT] 
2025-12-13 15:26:41,505 [ERROR] LogOutputStream:75 - [STDERR_REDIRECT] [Fatal Error] :1:1: Premature end of file.
2025-12-13 15:26:41,505 [ERROR] LogOutputStream:75 - [STDERR_REDIRECT] 
2025-12-13 15:26:42,507 [ERROR] LogOutputStream:75 - [STDERR_REDIRECT] [Fatal Error] :1:1: Premature end of file.
2025-12-13 15:26:42,507 [ERROR] LogOutputStream:75 - [STDERR_REDIRECT] 
2025-12-13 15:26:43,490 [ERROR] LogOutputStream:75 - [STDERR_REDIRECT] [Fatal Error] :1:1: Premature end of file.
2025-12-13 15:26:43,491 [ERROR] LogOutputStream:75 - [STDERR_REDIRECT] 
2025-12-13 15:26:44,512 [ERROR] LogOutputStream:75 - [STDERR_REDIRECT] [Fatal Error] :1:1: Premature end of file.
2025-12-13 15:26:44,512 [ERROR] LogOutputStream:75 - [STDERR_REDIRECT] 
2025-12-13 15:26:45,508 [ERROR] LogOutputStream:75 - [STDERR_REDIRECT] [Fatal Error] :1:1: Premature end of file.
2025-12-13 15:26:45,508 [ERROR] LogOutputStream:75 - [STDERR_REDIRECT] 
2025-12-13 15:26:46,493 [ERROR] LogOutputStream:75 - [STDERR_REDIRECT] [Fatal Error] :1:1: Premature end of file.
2025-12-13 15:26:46,493 [ERROR] LogOutputStream:75 - [STDERR_REDIRECT] 
2025-12-13 15:26:47,504 [ERROR] LogOutputStream:75 - [STDERR_REDIRECT] [Fatal Error] :1:1: Premature end of file.
2025-12-13 15:26:47,505 [ERROR] LogOutputStream:75 - [STDERR_REDIRECT] 
2025-12-13 15:26:48,624 [ERROR] LogOutputStream:75 - [STDERR_REDIRECT] [Fatal Error] :1:1: Premature end of file.
2025-12-13 15:26:48,624 [ERROR] LogOutputStream:75 - [STDERR_REDIRECT] 
2025-12-13 15:26:49,499 [ERROR] LogOutputStream:75 - [STDERR_REDIRECT] [Fatal Error] :1:1: Premature end of file.
2025-12-13 15:26:49,499 [ERROR] LogOutputStream:75 - [STDERR_REDIRECT] 
2025-12-13 15:26:50,490 [ERROR] LogOutputStream:75 - [STDERR_REDIRECT] [Fatal Error] :1:1: Premature end of file.
2025-12-13 15:26:50,490 [ERROR] LogOutputStream:75 - [STDERR_REDIRECT] 
2025-12-13 15:26:51,497 [ERROR] LogOutputStream:75 - [STDERR_REDIRECT] [Fatal Error] :1:1: Premature end of file.
2025-12-13 15:26:51,498 [ERROR] LogOutputStream:75 - [STDERR_REDIRECT] 
2025-12-13 15:26:52,489 [ERROR] LogOutputStream:75 - [STDERR_REDIRECT] [Fatal Error] :1:1: Premature end of file.
2025-12-13 15:26:52,490 [ERROR] LogOutputStream:75 - [STDERR_REDIRECT] 
2025-12-13 15:26:53,483 [ERROR] LogOutputStream:75 - [STDERR_REDIRECT] [Fatal Error] :1:1: Premature end of file.
2025-12-13 15:26:53,483 [ERROR] LogOutputStream:75 - [STDERR_REDIRECT] 
2025-12-13 15:26:54,510 [ERROR] LogOutputStream:75 - [STDERR_REDIRECT] [Fatal Error] :1:1: Premature end of file.
2025-12-13 15:26:54,511 [ERROR] LogOutputStream:75 - [STDERR_REDIRECT] 
2025-12-13 15:26:55,520 [ERROR] LogOutputStream:75 - [STDERR_REDIRECT] [Fatal Error] :1:1: Premature end of file.
2025-12-13 15:26:55,521 [ERROR] LogOutputStream:75 - [STDERR_REDIRECT] 
2025-12-13 15:26:56,503 [ERROR] LogOutputStream:75 - [STDERR_REDIRECT] [Fatal Error] :1:1: Premature end of file.
2025-12-13 15:26:56,503 [ERROR] LogOutputStream:75 - [STDERR_REDIRECT] 
2025-12-13 15:26:57,518 [ERROR] LogOutputStream:75 - [STDERR_REDIRECT] [Fatal Error] :1:1: Premature end of file.
2025-12-13 15:26:57,519 [ERROR] LogOutputStream:75 - [STDERR_REDIRECT] 
2025-12-13 15:26:58,513 [ERROR] LogOutputStream:75 - [STDERR_REDIRECT] [Fatal Error] :1:1: Premature end of file.
2025-12-13 15:26:58,514 [ERROR] LogOutputStream:75 - [STDERR_REDIRECT] 
2025-12-13 15:26:59,521 [ERROR] LogOutputStream:75 - [STDERR_REDIRECT] [Fatal Error] :1:1: Premature end of file.
2025-12-13 15:26:59,521 [ERROR] LogOutputStream:75 - [STDERR_REDIRECT] 
2025-12-13 15:27:00,505 [ERROR] LogOutputStream:75 - [STDERR_REDIRECT] [Fatal Error] :1:1: Premature end of file.
2025-12-13 15:27:00,505 [ERROR] LogOutputStream:75 - [STDERR_REDIRECT] 
2025-12-13 15:27:01,505 [ERROR] LogOutputStream:75 - [STDERR_REDIRECT] [Fatal Error] :1:1: Premature end of file.
2025-12-13 15:27:01,516 [ERROR] LogOutputStream:75 - [STDERR_REDIRECT] 
2025-12-13 15:27:02,510 [ERROR] LogOutputStream:75 - [STDERR_REDIRECT] [Fatal Error] :1:1: Premature end of file.
2025-12-13 15:27:02,511 [ERROR] LogOutputStream:75 - [STDERR_REDIRECT] 
2025-12-13 15:27:03,507 [ERROR] LogOutputStream:75 - [STDERR_REDIRECT] [Fatal Error] :1:1: Premature end of file.
2025-12-13 15:27:03,507 [ERROR] LogOutputStream:75 - [STDERR_REDIRECT] 
2025-12-13 15:27:04,522 [ERROR] LogOutputStream:75 - [STDERR_REDIRECT] [Fatal Error] :1:1: Premature end of file.
2025-12-13 15:27:04,522 [ERROR] LogOutputStream:75 - [STDERR_REDIRECT] 
2025-12-13 15:27:05,532 [ERROR] LogOutputStream:75 - [STDERR_REDIRECT] [Fatal Error] :1:1: Premature end of file.
2025-12-13 15:27:05,532 [ERROR] LogOutputStream:75 - [STDERR_REDIRECT] 
2025-12-13 15:27:06,515 [ERROR] LogOutputStream:75 - [STDERR_REDIRECT] [Fatal Error] :1:1: Premature end of file.
2025-12-13 15:27:06,515 [ERROR] LogOutputStream:75 - [STDERR_REDIRECT] 
2025-12-13 15:27:07,508 [ERROR] LogOutputStream:75 - [STDERR_REDIRECT] [Fatal Error] :1:1: Premature end of file.
2025-12-13 15:27:07,508 [ERROR] LogOutputStream:75 - [STDERR_REDIRECT] 
2025-12-13 15:27:08,518 [ERROR] LogOutputStream:75 - [STDERR_REDIRECT] [Fatal Error] :1:1: Premature end of file.
2025-12-13 15:27:08,519 [ERROR] LogOutputStream:75 - [STDERR_REDIRECT] 
2025-12-13 15:27:09,532 [ERROR] LogOutputStream:75 - [STDERR_REDIRECT] [Fatal Error] :1:1: Premature end of file.
2025-12-13 15:27:09,534 [ERROR] LogOutputStream:75 - [STDERR_REDIRECT] 
2025-12-13 15:27:10,504 [ERROR] LogOutputStream:75 - [STDERR_REDIRECT] [Fatal Error] :1:1: Premature end of file.
2025-12-13 15:27:10,504 [ERROR] LogOutputStream:75 - [STDERR_REDIRECT] 
2025-12-13 15:27:11,524 [ERROR] LogOutputStream:75 - [STDERR_REDIRECT] [Fatal Error] :1:1: Premature end of file.
2025-12-13 15:27:11,525 [ERROR] LogOutputStream:75 - [STDERR_REDIRECT] 
2025-12-13 15:27:12,526 [ERROR] LogOutputStream:75 - [STDERR_REDIRECT] [Fatal Error] :1:1: Premature end of file.
2025-12-13 15:27:12,526 [ERROR] LogOutputStream:75 - [STDERR_REDIRECT] 
2025-12-13 15:27:13,515 [ERROR] LogOutputStream:75 - [STDERR_REDIRECT] [Fatal Error] :1:1: Premature end of file.
2025-12-13 15:27:13,516 [ERROR] LogOutputStream:75 - [STDERR_REDIRECT] 
2025-12-13 15:27:14,509 [ERROR] LogOutputStream:75 - [STDERR_REDIRECT] [Fatal Error] :1:1: Premature end of file.
2025-12-13 15:27:14,510 [ERROR] LogOutputStream:75 - [STDERR_REDIRECT] 
2025-12-13 15:27:15,530 [ERROR] LogOutputStream:75 - [STDERR_REDIRECT] [Fatal Error] :1:1: Premature end of file.
2025-12-13 15:27:15,530 [ERROR] LogOutputStream:75 - [STDERR_REDIRECT] 
2025-12-13 15:27:16,510 [ERROR] LogOutputStream:75 - [STDERR_REDIRECT] [Fatal Error] :1:1: Premature end of file.
2025-12-13 15:27:16,510 [ERROR] LogOutputStream:75 - [STDERR_REDIRECT] 
2025-12-13 15:27:17,503 [ERROR] LogOutputStream:75 - [STDERR_REDIRECT] [Fatal Error] :1:1: Premature end of file.
2025-12-13 15:27:17,503 [ERROR] LogOutputStream:75 - [STDERR_REDIRECT] 
2025-12-13 15:27:18,487 [ERROR] LogOutputStream:75 - [STDERR_REDIRECT] [Fatal Error] :1:1: Premature end of file.
2025-12-13 15:27:18,487 [ERROR] LogOutputStream:75 - [STDERR_REDIRECT] 
2025-12-13 15:27:19,497 [ERROR] LogOutputStream:75 - [STDERR_REDIRECT] [Fatal Error] :1:1: Premature end of file.
2025-12-13 15:27:19,497 [ERROR] LogOutputStream:75 - [STDERR_REDIRECT] 
2025-12-13 15:27:20,503 [ERROR] LogOutputStream:75 - [STDERR_REDIRECT] [Fatal Error] :1:1: Premature end of file.
2025-12-13 15:27:20,503 [ERROR] LogOutputStream:75 - [STDERR_REDIRECT] 
2025-12-13 15:27:21,505 [ERROR] LogOutputStream:75 - [STDERR_REDIRECT] [Fatal Error] :1:1: Premature end of file.
2025-12-13 15:27:21,505 [ERROR] LogOutputStream:75 - [STDERR_REDIRECT] 
2025-12-13 15:27:22,504 [ERROR] LogOutputStream:75 - [STDERR_REDIRECT] [Fatal Error] :1:1: Premature end of file.
2025-12-13 15:27:22,504 [ERROR] LogOutputStream:75 - [STDERR_REDIRECT] 
2025-12-13 15:27:23,497 [ERROR] LogOutputStream:75 - [STDERR_REDIRECT] [Fatal Error] :1:1: Premature end of file.
2025-12-13 15:27:23,497 [ERROR] LogOutputStream:75 - [STDERR_REDIRECT] 
2025-12-13 15:27:24,509 [ERROR] LogOutputStream:75 - [STDERR_REDIRECT] [Fatal Error] :1:1: Premature end of file.
2025-12-13 15:27:24,510 [ERROR] LogOutputStream:75 - [STDERR_REDIRECT] 
2025-12-13 15:27:25,513 [ERROR] LogOutputStream:75 - [STDERR_REDIRECT] [Fatal Error] :1:1: Premature end of file.
2025-12-13 15:27:25,513 [ERROR] LogOutputStream:75 - [STDERR_REDIRECT] 
2025-12-13 15:27:26,494 [ERROR] LogOutputStream:75 - [STDERR_REDIRECT] [Fatal Error] :1:1: Premature end of file.
2025-12-13 15:27:26,494 [ERROR] LogOutputStream:75 - [STDERR_REDIRECT] 
2025-12-13 15:27:27,498 [ERROR] LogOutputStream:75 - [STDERR_REDIRECT] [Fatal Error] :1:1: Premature end of file.
2025-12-13 15:27:27,499 [ERROR] LogOutputStream:75 - [STDERR_REDIRECT] 
2025-12-13 15:27:28,505 [ERROR] LogOutputStream:75 - [STDERR_REDIRECT] [Fatal Error] :1:1: Premature end of file.
2025-12-13 15:27:28,505 [ERROR] LogOutputStream:75 - [STDERR_REDIRECT] 
2025-12-13 15:27:29,502 [ERROR] LogOutputStream:75 - [STDERR_REDIRECT] [Fatal Error] :1:1: Premature end of file.
2025-12-13 15:27:29,502 [ERROR] LogOutputStream:75 - [STDERR_REDIRECT] 
2025-12-13 15:27:30,484 [ERROR] LogOutputStream:75 - [STDERR_REDIRECT] [Fatal Error] :1:1: Premature end of file.
2025-12-13 15:27:30,484 [ERROR] LogOutputStream:75 - [STDERR_REDIRECT] 
2025-12-13 15:27:31,507 [ERROR] LogOutputStream:75 - [STDERR_REDIRECT] [Fatal Error] :1:1: Premature end of file.
2025-12-13 15:27:31,507 [ERROR] LogOutputStream:75 - [STDERR_REDIRECT] 
2025-12-13 15:27:32,474 [ERROR] LogOutputStream:75 - [STDERR_REDIRECT] [Fatal Error] :1:1: Premature end of file.
2025-12-13 15:27:32,474 [ERROR] LogOutputStream:75 - [STDERR_REDIRECT] 
2025-12-13 15:27:33,473 [ERROR] LogOutputStream:75 - [STDERR_REDIRECT] [Fatal Error] :1:1: Premature end of file.
2025-12-13 15:27:33,473 [ERROR] LogOutputStream:75 - [STDERR_REDIRECT] 
2025-12-13 15:27:34,473 [ERROR] LogOutputStream:75 - [STDERR_REDIRECT] [Fatal Error] :1:1: Premature end of file.
2025-12-13 15:27:34,473 [ERROR] LogOutputStream:75 - [STDERR_REDIRECT] 
2025-12-13 15:27:35,460 [ERROR] LogOutputStream:75 - [STDERR_REDIRECT] [Fatal Error] :1:1: Premature end of file.
2025-12-13 15:27:35,462 [ERROR] LogOutputStream:75 - [STDERR_REDIRECT] 
2025-12-13 15:27:36,445 [ERROR] LogOutputStream:75 - [STDERR_REDIRECT] [Fatal Error] :1:1: Premature end of file.
2025-12-13 15:27:36,446 [ERROR] LogOutputStream:75 - [STDERR_REDIRECT] 
2025-12-13 15:27:37,445 [ERROR] LogOutputStream:75 - [STDERR_REDIRECT] [Fatal Error] :1:1: Premature end of file.
2025-12-13 15:27:37,445 [ERROR] LogOutputStream:75 - [STDERR_REDIRECT] 
2025-12-13 15:27:38,435 [ERROR] LogOutputStream:75 - [STDERR_REDIRECT] [Fatal Error] :1:1: Premature end of file.
2025-12-13 15:27:38,436 [ERROR] LogOutputStream:75 - [STDERR_REDIRECT] 
2025-12-13 15:27:39,422 [ERROR] LogOutputStream:75 - [STDERR_REDIRECT] 
2025-12-13 15:32:22,507 [INFO] Activator:176 - 


2025-12-13 15:32:22,509 [INFO] Activator:177 - !SESSION log4j initialized
2025-12-13 15:32:27,581 [INFO] LogOutputStream:77 - [STDOUT_REDIRECT] 
2025-12-13 15:32:33,128 [ERROR] LogOutputStream:75 - [STDERR_REDIRECT] [Fatal Error] :1:1: Premature end of file.
2025-12-13 15:32:33,132 [ERROR] LogOutputStream:75 - [STDERR_REDIRECT] 
2025-12-13 15:32:33,876 [INFO] ApplicationProperties:184 - Using Application install path: C:\ST\STM32CubeIDE_1.18.1\STM32CubeIDE\plugins\com.st.stm32cube.common.mx_6.15.0.202507011659
2025-12-13 15:32:33,901 [INFO] DbMcusXml:78 - Set database path to: C:\ST\STM32CubeIDE_1.18.1\STM32CubeIDE\plugins\com.st.stm32cube.common.mx_6.15.0.202507011659\\db\/mcu/
2025-12-13 15:32:33,901 [INFO] ApiDb:274 - Set plugin database path to: C:\ST\STM32CubeIDE_1.18.1\STM32CubeIDE\plugins\com.st.stm32cube.common.mx_6.15.0.202507011659\\db\/plugins/boardmanager/
2025-12-13 15:32:33,901 [WARN] ApiDb:259 - Overriding images path with different value:  => C:\ST\STM32CubeIDE_1.18.1\STM32CubeIDE\plugins\com.st.stm32cube.common.mx_6.15.0.202507011659\\db\/plugins/mcufinder/images/
2025-12-13 15:32:33,915 [INFO] ApiDb:250 - Set database path to: C:\Users\mathe\.stmcufinder\plugins\mcufinder//mcu/
2025-12-13 15:32:33,915 [INFO] DbMcusAds:125 - Set database path to: C:\Users\mathe\.stmcufinder\plugins\mcufinder//mcu/
2025-12-13 15:32:33,919 [INFO] CrossReferenceDbSqlite:203 - Set database path to: C:\Users\mathe\.stmcufinder\plugins\mcufinder//mcu/cs/
2025-12-13 15:32:34,044 [INFO] RulesReader:64 - Compatibility file has been processed (317 Rules)
2025-12-13 15:32:34,098 [ERROR] LogOutputStream:75 - [STDERR_REDIRECT] [Fatal Error] :1:1: Premature end of file.
2025-12-13 15:32:34,098 [ERROR] LogOutputStream:75 - [STDERR_REDIRECT] 
2025-12-13 15:32:34,161 [INFO] DbMcusXml:78 - Set database path to: C:\ST\STM32CubeIDE_1.18.1\STM32CubeIDE\plugins\com.st.stm32cube.common.mx_6.15.0.202507011659\\db\/mcu/
2025-12-13 15:32:34,161 [INFO] ApiDb:274 - Set plugin database path to: C:\ST\STM32CubeIDE_1.18.1\STM32CubeIDE\plugins\com.st.stm32cube.common.mx_6.15.0.202507011659\\db\/plugins/boardmanager/
2025-12-13 15:32:34,161 [INFO] ApiDb:261 - Set plugin images path to: C:\ST\STM32CubeIDE_1.18.1\STM32CubeIDE\plugins\com.st.stm32cube.common.mx_6.15.0.202507011659\\db\/plugins/mcufinder/images/
2025-12-13 15:32:34,161 [WARN] DbFile:41 - Overriding database path with different value: C:\Users\mathe\.stmcufinder\plugins\mcufinder/ => C:\Users\mathe\.stmcufinder\plugins\mcufinder
2025-12-13 15:32:34,162 [INFO] ApiDb:250 - Set database path to: C:\Users\mathe\.stmcufinder\plugins\mcufinder//mcu/
2025-12-13 15:32:34,162 [WARN] DbFile:41 - Overriding database path with different value: C:\Users\mathe\.stmcufinder\plugins\mcufinder/ => C:\Users\mathe\.stmcufinder\plugins\mcufinder
2025-12-13 15:32:34,162 [INFO] DbMcusAds:125 - Set database path to: C:\Users\mathe\.stmcufinder\plugins\mcufinder//mcu/
2025-12-13 15:32:34,162 [WARN] DbFile:41 - Overriding database path with different value: C:\Users\mathe\.stmcufinder\plugins\mcufinder/ => C:\Users\mathe\.stmcufinder\plugins\mcufinder
2025-12-13 15:32:34,162 [WARN] DbFile:41 - Overriding database path with different value: C:\Users\mathe\.stmcufinder\plugins\mcufinder/ => C:\Users\mathe\.stmcufinder\plugins\mcufinder
2025-12-13 15:32:34,162 [INFO] CrossReferenceDbSqlite:203 - Set database path to: C:\Users\mathe\.stmcufinder\plugins\mcufinder//mcu/cs/
2025-12-13 15:32:34,250 [INFO] MainPanel:274 - HeapMemory: 268435456
2025-12-13 15:32:34,399 [INFO] DbMcusXml:78 - Set database path to: C:\ST\STM32CubeIDE_1.18.1\STM32CubeIDE\plugins\com.st.stm32cube.common.mx_6.15.0.202507011659\\db\/mcu/
2025-12-13 15:32:34,399 [INFO] ApiDb:274 - Set plugin database path to: C:\ST\STM32CubeIDE_1.18.1\STM32CubeIDE\plugins\com.st.stm32cube.common.mx_6.15.0.202507011659\\db\/plugins/boardmanager/
2025-12-13 15:32:34,399 [INFO] ApiDb:261 - Set plugin images path to: C:\ST\STM32CubeIDE_1.18.1\STM32CubeIDE\plugins\com.st.stm32cube.common.mx_6.15.0.202507011659\\db\/plugins/mcufinder/images/
2025-12-13 15:32:34,400 [WARN] DbFile:41 - Overriding database path with different value: C:\Users\mathe\.stmcufinder\plugins\mcufinder/ => C:\Users\mathe\.stmcufinder\plugins\mcufinder
2025-12-13 15:32:34,400 [INFO] ApiDb:250 - Set database path to: C:\Users\mathe\.stmcufinder\plugins\mcufinder//mcu/
2025-12-13 15:32:34,400 [WARN] DbFile:41 - Overriding database path with different value: C:\Users\mathe\.stmcufinder\plugins\mcufinder/ => C:\Users\mathe\.stmcufinder\plugins\mcufinder
2025-12-13 15:32:34,400 [INFO] DbMcusAds:125 - Set database path to: C:\Users\mathe\.stmcufinder\plugins\mcufinder//mcu/
2025-12-13 15:32:34,400 [WARN] DbFile:41 - Overriding database path with different value: C:\Users\mathe\.stmcufinder\plugins\mcufinder/ => C:\Users\mathe\.stmcufinder\plugins\mcufinder
2025-12-13 15:32:34,400 [WARN] DbFile:41 - Overriding database path with different value: C:\Users\mathe\.stmcufinder\plugins\mcufinder/ => C:\Users\mathe\.stmcufinder\plugins\mcufinder
2025-12-13 15:32:34,400 [INFO] CrossReferenceDbSqlite:203 - Set database path to: C:\Users\mathe\.stmcufinder\plugins\mcufinder//mcu/cs/
2025-12-13 15:32:34,420 [INFO] ApplicationProperties:184 - Using Application install path: C:\ST\STM32CubeIDE_1.18.1\STM32CubeIDE\plugins\com.st.stm32cube.common.mx_6.15.0.202507011659
2025-12-13 15:32:34,421 [INFO] PluginManage:196 - Search for loadable plugins [exclusion list=, ]
2025-12-13 15:32:34,424 [INFO] PluginManage:310 - Check plugin analytics
2025-12-13 15:32:35,093 [ERROR] LogOutputStream:75 - [STDERR_REDIRECT] [Fatal Error] :1:1: Premature end of file.
2025-12-13 15:32:35,094 [ERROR] LogOutputStream:75 - [STDERR_REDIRECT] 
2025-12-13 15:32:36,097 [ERROR] LogOutputStream:75 - [STDERR_REDIRECT] [Fatal Error] :1:1: Premature end of file.
2025-12-13 15:32:36,098 [ERROR] LogOutputStream:75 - [STDERR_REDIRECT] 
2025-12-13 15:32:37,112 [ERROR] LogOutputStream:75 - [STDERR_REDIRECT] [Fatal Error] :1:1: Premature end of file.
2025-12-13 15:32:37,112 [ERROR] LogOutputStream:75 - [STDERR_REDIRECT] 
2025-12-13 15:32:38,097 [ERROR] LogOutputStream:75 - [STDERR_REDIRECT] [Fatal Error] :1:1: Premature end of file.
2025-12-13 15:32:38,097 [ERROR] LogOutputStream:75 - [STDERR_REDIRECT] 
2025-12-13 15:32:39,103 [ERROR] LogOutputStream:75 - [STDERR_REDIRECT] [Fatal Error] :1:1: Premature end of file.
2025-12-13 15:32:39,103 [ERROR] LogOutputStream:75 - [STDERR_REDIRECT] 
2025-12-13 15:32:39,692 [INFO] AnalyticsPlugin:253 - Accepted Software Licenses: 
2025-12-13 15:32:39,692 [INFO] AnalyticsPlugin:255 - Accepted CMSIS Pack Licenses: 
2025-12-13 15:32:39,692 [INFO] AnalyticsPlugin:257 - Accepted Firmware Licenses: 
2025-12-13 15:32:39,692 [INFO] PluginManage:359 - Loaded plugin analytics (category:tool,tabindex:-1)
2025-12-13 15:32:39,692 [INFO] PluginManage:310 - Check plugin cadmodel
2025-12-13 15:32:39,709 [INFO] CADModel:105 - Init CAD model plugin
2025-12-13 15:32:39,709 [INFO] PluginManage:359 - Loaded plugin cadmodel (category:power,tabindex:5)
2025-12-13 15:32:39,709 [INFO] PluginManage:310 - Check plugin clock
2025-12-13 15:32:39,723 [INFO] PluginManage:359 - Loaded plugin clock (category:base,tabindex:2)
2025-12-13 15:32:39,723 [INFO] PluginManage:310 - Check plugin ddr
2025-12-13 15:32:39,723 [INFO] PluginManage:359 - Loaded plugin ddr (category:tool,tabindex:6)
2025-12-13 15:32:39,723 [INFO] PluginManage:310 - Check plugin filemanager
2025-12-13 15:32:39,877 [INFO] PluginManage:359 - Loaded plugin filemanager (category:base,tabindex:10)
2025-12-13 15:32:39,877 [INFO] PluginManage:310 - Check plugin ipmanager
2025-12-13 15:32:39,877 [INFO] PluginManage:359 - Loaded plugin ipmanager (category:base,tabindex:5)
2025-12-13 15:32:39,877 [INFO] PluginManage:310 - Check plugin lpbam
2025-12-13 15:32:39,887 [INFO] PluginManage:359 - Loaded plugin lpbam (category:base,tabindex:0)
2025-12-13 15:32:39,887 [INFO] PluginManage:310 - Check plugin memorymap
2025-12-13 15:32:39,908 [INFO] PluginManage:359 - Loaded plugin memorymap (category:base,tabindex:4)
2025-12-13 15:32:39,908 [INFO] PluginManage:310 - Check plugin pinoutandconfiguration
2025-12-13 15:32:39,918 [INFO] PluginManage:359 - Loaded plugin pinoutandconfiguration (category:base,tabindex:1)
2025-12-13 15:32:39,918 [INFO] PluginManage:310 - Check plugin pinoutconfig
2025-12-13 15:32:40,020 [WARN] SupportedApi:132 - Cannot load RTOS API schema: s4s-elt-must-match.1: The content of 'definitions' must match (annotation?, (simpleType | complexType)?, (unique | key | keyref)*)). A problem was found starting at: attribute.
2025-12-13 15:32:40,092 [ERROR] LogOutputStream:75 - [STDERR_REDIRECT] [Fatal Error] :1:1: Premature end of file.
2025-12-13 15:32:40,092 [ERROR] LogOutputStream:75 - [STDERR_REDIRECT] 
2025-12-13 15:32:40,238 [INFO] PluginManage:359 - Loaded plugin pinoutconfig (category:base,tabindex:0)
2025-12-13 15:32:40,238 [INFO] PluginManage:310 - Check plugin power
2025-12-13 15:32:40,256 [INFO] PluginManage:359 - Loaded plugin power (category:power,tabindex:4)
2025-12-13 15:32:40,257 [INFO] PluginManage:310 - Check plugin projectmanager
2025-12-13 15:32:40,278 [INFO] PluginManage:359 - Loaded plugin projectmanager (category:projectmanager,tabindex:4)
2025-12-13 15:32:40,278 [INFO] PluginManage:310 - Check plugin rif
2025-12-13 15:32:40,291 [INFO] PluginManage:359 - Loaded plugin rif (category:base,tabindex:3)
2025-12-13 15:32:40,292 [INFO] PluginManage:310 - Check plugin thirdparty
2025-12-13 15:32:40,496 [INFO] PluginManage:359 - Loaded plugin thirdparty (category:base,tabindex:-1)
2025-12-13 15:32:40,497 [INFO] PluginManage:310 - Check plugin tools
2025-12-13 15:32:40,496 [WARN] IntegrityCheckThread:84 - waiting for thirdparty lock release [integrity check]
2025-12-13 15:32:40,497 [INFO] IntegrityCheckThread:86 - entering critical section [integrity check]
2025-12-13 15:32:40,498 [INFO] ThirdPartyUpdaterWithRetryManager:70 - Updater plugin not ready yet. [1/15]
2025-12-13 15:32:40,500 [INFO] PluginManage:359 - Loaded plugin tools (category:base,tabindex:7)
2025-12-13 15:32:40,500 [INFO] PluginManage:310 - Check plugin tutovideos
2025-12-13 15:32:40,796 [INFO] PluginManage:359 - Loaded plugin tutovideos (category:base,tabindex:-1)
2025-12-13 15:32:40,797 [INFO] PluginManage:310 - Check plugin updater
2025-12-13 15:32:40,826 [INFO] PluginManage:359 - Loaded plugin updater (category:base,tabindex:12)
2025-12-13 15:32:40,827 [INFO] PluginManage:310 - Check plugin userauth
2025-12-13 15:32:40,833 [INFO] UserAuth:118 - Init User Auth plugin
2025-12-13 15:32:40,834 [INFO] PluginManage:359 - Loaded plugin userauth (category:base,tabindex:14)
2025-12-13 15:32:40,834 [INFO] PluginManage:283 - PluginManage : Loaded plugins [18]
2025-12-13 15:32:41,107 [ERROR] LogOutputStream:75 - [STDERR_REDIRECT] [Fatal Error] :1:1: Premature end of file.
2025-12-13 15:32:41,107 [ERROR] LogOutputStream:75 - [STDERR_REDIRECT] 
2025-12-13 15:32:41,139 [INFO] PinOutPanel:1589 - setPackage(No Configuration,No Configuration)
2025-12-13 15:32:41,246 [INFO] CADModel:165 - CPN selected for project level
2025-12-13 15:32:41,246 [INFO] CADModel:114 - Register for checkConnection events
2025-12-13 15:32:41,280 [INFO] IPUIPlugin:80 - create IPUIPlugin
2025-12-13 15:32:41,280 [INFO] PluginManager:220 - loadIPPluginJar : add adc
2025-12-13 15:32:41,283 [INFO] IPUIPlugin:80 - create IPUIPlugin
2025-12-13 15:32:41,284 [INFO] PluginManager:220 - loadIPPluginJar : add aes
2025-12-13 15:32:41,288 [INFO] IPUIPlugin:80 - create IPUIPlugin
2025-12-13 15:32:41,288 [INFO] PluginManager:220 - loadIPPluginJar : add can
2025-12-13 15:32:41,291 [INFO] IPUIPlugin:80 - create IPUIPlugin
2025-12-13 15:32:41,291 [INFO] PluginManager:220 - loadIPPluginJar : add comp
2025-12-13 15:32:41,295 [INFO] IPUIPlugin:80 - create IPUIPlugin
2025-12-13 15:32:41,295 [INFO] PluginManager:220 - loadIPPluginJar : add cryp
2025-12-13 15:32:41,301 [INFO] IPUIPlugin:80 - create IPUIPlugin
2025-12-13 15:32:41,301 [INFO] PluginManager:220 - loadIPPluginJar : add ddr_ctrl_phy
2025-12-13 15:32:41,306 [INFO] IPUIPlugin:80 - create IPUIPlugin
2025-12-13 15:32:41,306 [INFO] PluginManager:220 - loadIPPluginJar : add dfsdm
2025-12-13 15:32:41,314 [INFO] IPUIPlugin:80 - create IPUIPlugin
2025-12-13 15:32:41,314 [INFO] PluginManager:220 - loadIPPluginJar : add dma
2025-12-13 15:32:41,319 [INFO] IPUIPlugin:80 - create IPUIPlugin
2025-12-13 15:32:41,319 [INFO] PluginManager:220 - loadIPPluginJar : add dma3
2025-12-13 15:32:41,323 [INFO] IPUIPlugin:80 - create IPUIPlugin
2025-12-13 15:32:41,325 [INFO] PluginManager:220 - loadIPPluginJar : add extmemmanager
2025-12-13 15:32:41,326 [INFO] IPUIPlugin:80 - create IPUIPlugin
2025-12-13 15:32:41,327 [INFO] PluginManager:220 - loadIPPluginJar : add fatfs
2025-12-13 15:32:41,333 [INFO] IPUIPlugin:80 - create IPUIPlugin
2025-12-13 15:32:41,333 [INFO] PluginManager:220 - loadIPPluginJar : add fmc
2025-12-13 15:32:41,344 [INFO] IPUIPlugin:80 - create IPUIPlugin
2025-12-13 15:32:41,344 [INFO] PluginManager:220 - loadIPPluginJar : add freertos
2025-12-13 15:32:41,347 [INFO] IPUIPlugin:80 - create IPUIPlugin
2025-12-13 15:32:41,347 [INFO] PluginManager:220 - loadIPPluginJar : add genericplugin
2025-12-13 15:32:41,349 [INFO] IPUIPlugin:80 - create IPUIPlugin
2025-12-13 15:32:41,351 [INFO] PluginManager:220 - loadIPPluginJar : add gfxmmu
2025-12-13 15:32:41,356 [INFO] IPUIPlugin:80 - create IPUIPlugin
2025-12-13 15:32:41,356 [INFO] PluginManager:220 - loadIPPluginJar : add gic
2025-12-13 15:32:41,362 [INFO] IPUIPlugin:80 - create IPUIPlugin
2025-12-13 15:32:41,362 [INFO] PluginManager:220 - loadIPPluginJar : add gpio
2025-12-13 15:32:41,365 [INFO] IPUIPlugin:80 - create IPUIPlugin
2025-12-13 15:32:41,365 [INFO] PluginManager:220 - loadIPPluginJar : add gtzc
2025-12-13 15:32:41,369 [INFO] IPUIPlugin:80 - create IPUIPlugin
2025-12-13 15:32:41,369 [INFO] PluginManager:220 - loadIPPluginJar : add hash
2025-12-13 15:32:41,373 [INFO] IPUIPlugin:80 - create IPUIPlugin
2025-12-13 15:32:41,373 [INFO] PluginManager:220 - loadIPPluginJar : add i2c
2025-12-13 15:32:41,377 [INFO] IPUIPlugin:80 - create IPUIPlugin
2025-12-13 15:32:41,377 [INFO] PluginManager:220 - loadIPPluginJar : add i2s
2025-12-13 15:32:41,382 [INFO] IPUIPlugin:80 - create IPUIPlugin
2025-12-13 15:32:41,382 [INFO] PluginManager:220 - loadIPPluginJar : add i3c
2025-12-13 15:32:41,387 [INFO] IPUIPlugin:80 - create IPUIPlugin
2025-12-13 15:32:41,387 [INFO] PluginManager:220 - loadIPPluginJar : add ipddr
2025-12-13 15:32:41,396 [INFO] IPUIPlugin:80 - create IPUIPlugin
2025-12-13 15:32:41,396 [INFO] PluginManager:220 - loadIPPluginJar : add linkedlist
2025-12-13 15:32:41,404 [INFO] IPUIPlugin:80 - create IPUIPlugin
2025-12-13 15:32:41,404 [INFO] PluginManager:220 - loadIPPluginJar : add lorawan
2025-12-13 15:32:41,404 [INFO] IPUIPlugin:80 - create IPUIPlugin
2025-12-13 15:32:41,406 [INFO] PluginManager:220 - loadIPPluginJar : add ltdc
2025-12-13 15:32:41,413 [INFO] IPUIPlugin:80 - create IPUIPlugin
2025-12-13 15:32:41,413 [INFO] PluginManager:220 - loadIPPluginJar : add mdma
2025-12-13 15:32:41,418 [INFO] IPUIPlugin:80 - create IPUIPlugin
2025-12-13 15:32:41,418 [INFO] PluginManager:220 - loadIPPluginJar : add nvic
2025-12-13 15:32:41,422 [INFO] IPUIPlugin:80 - create IPUIPlugin
2025-12-13 15:32:41,422 [INFO] PluginManager:220 - loadIPPluginJar : add opamp
2025-12-13 15:32:41,425 [INFO] IPUIPlugin:80 - create IPUIPlugin
2025-12-13 15:32:41,425 [INFO] PluginManager:220 - loadIPPluginJar : add openamp
2025-12-13 15:32:41,430 [INFO] IPUIPlugin:80 - create IPUIPlugin
2025-12-13 15:32:41,430 [INFO] PluginManager:220 - loadIPPluginJar : add pdm2pcm
2025-12-13 15:32:41,438 [INFO] IPUIPlugin:80 - create IPUIPlugin
2025-12-13 15:32:41,441 [INFO] PluginManager:220 - loadIPPluginJar : add plateformsettings
2025-12-13 15:32:41,441 [INFO] IPUIPlugin:80 - create IPUIPlugin
2025-12-13 15:32:41,441 [INFO] PluginManager:220 - loadIPPluginJar : add quadspi
2025-12-13 15:32:41,443 [INFO] IPUIPlugin:80 - create IPUIPlugin
2025-12-13 15:32:41,444 [INFO] PluginManager:220 - loadIPPluginJar : add radio
2025-12-13 15:32:41,448 [INFO] IPUIPlugin:80 - create IPUIPlugin
2025-12-13 15:32:41,448 [INFO] PluginManager:220 - loadIPPluginJar : add resmgrutility
2025-12-13 15:32:41,453 [INFO] IPUIPlugin:80 - create IPUIPlugin
2025-12-13 15:32:41,453 [INFO] PluginManager:220 - loadIPPluginJar : add sai
2025-12-13 15:32:41,456 [INFO] IPUIPlugin:80 - create IPUIPlugin
2025-12-13 15:32:41,456 [INFO] PluginManager:220 - loadIPPluginJar : add spi
2025-12-13 15:32:41,460 [INFO] IPUIPlugin:80 - create IPUIPlugin
2025-12-13 15:32:41,461 [INFO] PluginManager:220 - loadIPPluginJar : add stm32_wpan
2025-12-13 15:32:41,464 [INFO] IPUIPlugin:80 - create IPUIPlugin
2025-12-13 15:32:41,464 [INFO] PluginManager:220 - loadIPPluginJar : add tim
2025-12-13 15:32:41,467 [INFO] IPUIPlugin:80 - create IPUIPlugin
2025-12-13 15:32:41,468 [INFO] PluginManager:220 - loadIPPluginJar : add touchsensing
2025-12-13 15:32:41,473 [INFO] IPUIPlugin:80 - create IPUIPlugin
2025-12-13 15:32:41,473 [INFO] PluginManager:220 - loadIPPluginJar : add tracer_emb
2025-12-13 15:32:41,475 [INFO] IPUIPlugin:80 - create IPUIPlugin
2025-12-13 15:32:41,475 [INFO] PluginManager:220 - loadIPPluginJar : add ts
2025-12-13 15:32:41,477 [INFO] IPUIPlugin:80 - create IPUIPlugin
2025-12-13 15:32:41,477 [INFO] PluginManager:220 - loadIPPluginJar : add tsc
2025-12-13 15:32:41,479 [INFO] IPUIPlugin:80 - create IPUIPlugin
2025-12-13 15:32:41,479 [INFO] PluginManager:220 - loadIPPluginJar : add ucpd
2025-12-13 15:32:41,482 [INFO] IPUIPlugin:80 - create IPUIPlugin
2025-12-13 15:32:41,483 [INFO] PluginManager:220 - loadIPPluginJar : add usart
2025-12-13 15:32:41,486 [INFO] IPUIPlugin:80 - create IPUIPlugin
2025-12-13 15:32:41,487 [INFO] PluginManager:220 - loadIPPluginJar : add usbx
2025-12-13 15:32:41,615 [FATAL] Updater:351 - Updater called before beeing initialized
2025-12-13 15:32:41,645 [INFO] RulesReader:64 - Compatibility file has been processed (317 Rules)
2025-12-13 15:32:41,670 [INFO] RulesReader:64 - Compatibility file has been processed (317 Rules)
2025-12-13 15:32:41,703 [INFO] CADModel:165 - CPN selected for project level
2025-12-13 15:32:41,703 [INFO] CADModel:114 - Register for checkConnection events
2025-12-13 15:32:41,703 [FATAL] Updater:351 - Updater called before beeing initialized
2025-12-13 15:32:41,703 [ERROR] CADModel:125 - Updater not yet initialized, retry later 
2025-12-13 15:32:42,012 [FATAL] Updater:351 - Updater called before beeing initialized
2025-12-13 15:32:42,015 [INFO] CADModel:165 - CPN selected for project level
2025-12-13 15:32:42,015 [INFO] CADModel:114 - Register for checkConnection events
2025-12-13 15:32:42,015 [FATAL] Updater:351 - Updater called before beeing initialized
2025-12-13 15:32:42,015 [ERROR] CADModel:125 - Updater not yet initialized, retry later 
2025-12-13 15:32:42,020 [FATAL] Updater:351 - Updater called before beeing initialized
2025-12-13 15:32:42,100 [ERROR] LogOutputStream:75 - [STDERR_REDIRECT] [Fatal Error] :1:1: Premature end of file.
2025-12-13 15:32:42,101 [ERROR] LogOutputStream:75 - [STDERR_REDIRECT] 
2025-12-13 15:32:42,163 [FATAL] Updater:351 - Updater called before beeing initialized
2025-12-13 15:32:42,167 [INFO] DbMcusAds:53 - JSON generation date=Thu Oct 02 15:06:05 IST 2025 (1759397765645)
2025-12-13 15:32:42,167 [FATAL] Updater:351 - Updater called before beeing initialized
2025-12-13 15:32:42,205 [WARN] DetailPanel:346 - Failed to get advertising image, set to default
2025-12-13 15:32:42,300 [FATAL] Updater:351 - Updater called before beeing initialized
2025-12-13 15:32:42,301 [FATAL] Updater:351 - Updater called before beeing initialized
2025-12-13 15:32:42,301 [FATAL] Updater:351 - Updater called before beeing initialized
2025-12-13 15:32:42,302 [WARN] DetailPanel:346 - Failed to get advertising image, set to default
2025-12-13 15:32:42,303 [FATAL] Updater:351 - Updater called before beeing initialized
2025-12-13 15:32:42,356 [ERROR] Updater:1198 - MainUpdater not yet initialized. External WinMGr cannot be set.
2025-12-13 15:32:42,360 [INFO] Updater:1134 - Updater Version found : 6.15.0
2025-12-13 15:32:42,377 [INFO] ApplicationProperties:184 - Using Application install path: C:\ST\STM32CubeIDE_1.18.1\STM32CubeIDE\plugins\com.st.stm32cube.common.mx_6.15.0.202507011659
2025-12-13 15:32:43,099 [ERROR] LogOutputStream:75 - [STDERR_REDIRECT] [Fatal Error] :1:1: Premature end of file.
2025-12-13 15:32:43,099 [ERROR] LogOutputStream:75 - [STDERR_REDIRECT] 
2025-12-13 15:32:43,512 [INFO] ThirdPartyUpdaterWithRetryManager:70 - Updater plugin not ready yet. [2/15]
2025-12-13 15:32:43,986 [ERROR] LogOutputStream:75 - [STDERR_REDIRECT] Dec 13, 2025 3:32:43 PM java.util.prefs.WindowsPreferences <init>
2025-12-13 15:32:43,987 [ERROR] LogOutputStream:75 - [STDERR_REDIRECT] WARNING: Could not open/create prefs root node Software\JavaSoft\Prefs at root 0xffffffff80000002. Windows RegCreateKeyEx(...) returned error code 5.
2025-12-13 15:32:43,987 [ERROR] LogOutputStream:75 - [STDERR_REDIRECT] 
2025-12-13 15:32:44,098 [ERROR] LogOutputStream:75 - [STDERR_REDIRECT] [Fatal Error] :1:1: Premature end of file.
2025-12-13 15:32:44,099 [ERROR] LogOutputStream:75 - [STDERR_REDIRECT] 
2025-12-13 15:32:44,995 [INFO] MainUpdater:2872 - connection check result : 10
2025-12-13 15:32:44,995 [INFO] MainUpdater:3604 - Updater definition file requires update
2025-12-13 15:32:44,996 [INFO] MainUpdater:289 - Updater Check For Update Now.
2025-12-13 15:32:44,996 [INFO] MicroXplorer:498 - Change Database Version : DB.6.0.150
2025-12-13 15:32:45,004 [INFO] McuFinderGlobals:63 - Set McuFinder mode to 2 (CubeIDE integrated)
2025-12-13 15:32:45,005 [INFO] UserAuth:487 - Internet connection configuration mode: 1
2025-12-13 15:32:45,029 [INFO] JxBrowserEngine:152 - Initiate JxBrowser Engine with user profile folder
2025-12-13 15:32:45,099 [ERROR] LogOutputStream:75 - [STDERR_REDIRECT] [Fatal Error] :1:1: Premature end of file.
2025-12-13 15:32:45,100 [ERROR] LogOutputStream:75 - [STDERR_REDIRECT] 
2025-12-13 15:32:45,409 [INFO] ServerAccessManage:452 - Complete download http(s) 200
2025-12-13 15:32:45,410 [INFO] ServerAccessManage:509 - Download File updaters.zip
2025-12-13 15:32:45,755 [INFO] FileExtend:248 - Unzip File : updaters.zip
2025-12-13 15:32:45,755 [INFO] FileExtend:263 - Standard Zip Deflate
2025-12-13 15:32:46,107 [ERROR] LogOutputStream:75 - [STDERR_REDIRECT] [Fatal Error] :1:1: Premature end of file.
2025-12-13 15:32:46,108 [ERROR] LogOutputStream:75 - [STDERR_REDIRECT] 
2025-12-13 15:32:46,307 [INFO] ServerAccessManage:452 - Complete download http(s) 200
2025-12-13 15:32:46,308 [INFO] ServerAccessManage:509 - Download File PacksControlFlags.xml
2025-12-13 15:32:46,350 [INFO] WebApp:169 - Instantiating new browser for Auth
2025-12-13 15:32:46,476 [INFO] ServerAccessManage:452 - Complete download http(s) 200
2025-12-13 15:32:46,476 [INFO] ServerAccessManage:509 - Download File cubemx.pidx
2025-12-13 15:32:46,513 [WARN] MainUpdater:1193 - Updater busy. Cannot search thirdparties
2025-12-13 15:32:46,513 [INFO] ThirdPartyUpdaterWithRetryManager:96 - Updater plugin is busy. [1/15]
2025-12-13 15:32:47,100 [ERROR] LogOutputStream:75 - [STDERR_REDIRECT] [Fatal Error] :1:1: Premature end of file.
2025-12-13 15:32:47,102 [ERROR] LogOutputStream:75 - [STDERR_REDIRECT] 
2025-12-13 15:32:47,444 [INFO] ServerAccessManage:452 - Complete download http(s) 200
2025-12-13 15:32:47,444 [INFO] ServerAccessManage:509 - Download File STMicroelectronics.X-CUBE-FREERTOS.pdsc
2025-12-13 15:32:48,031 [INFO] WebApp:463 - Apply proxy settings
2025-12-13 15:32:48,032 [INFO] WebApp:548 - Chromium requires no authentication
2025-12-13 15:32:48,044 [INFO] WebApp:491 - Direct internet connection detected
2025-12-13 15:32:48,073 [INFO] WebApp:900 - Register for checkConnection events
2025-12-13 15:32:48,073 [INFO] WebApp:463 - Apply proxy settings
2025-12-13 15:32:48,073 [INFO] WebApp:548 - Chromium requires no authentication
2025-12-13 15:32:48,074 [INFO] WebApp:491 - Direct internet connection detected
2025-12-13 15:32:48,092 [ERROR] LogOutputStream:75 - [STDERR_REDIRECT] [Fatal Error] :1:1: Premature end of file.
2025-12-13 15:32:48,092 [ERROR] LogOutputStream:75 - [STDERR_REDIRECT] 
2025-12-13 15:32:48,299 [INFO] WebApp:225 - Starting web application
2025-12-13 15:32:48,300 [INFO] WebApp:593 - Web application path used C:\ST\STM32CubeIDE_1.18.1\STM32CubeIDE\plugins\com.st.stm32cube.common.mx_6.15.0.202507011659\db\plugins\mcufinder\reactClient1\index.html
2025-12-13 15:32:48,418 [INFO] UserAuth:487 - Internet connection configuration mode: 1
2025-12-13 15:32:48,442 [INFO] WebApp:191 - Connection restablished
2025-12-13 15:32:49,111 [ERROR] LogOutputStream:75 - [STDERR_REDIRECT] [Fatal Error] :1:1: Premature end of file.
2025-12-13 15:32:49,112 [ERROR] LogOutputStream:75 - [STDERR_REDIRECT] 
2025-12-13 15:32:49,384 [INFO] ServerAccessManage:452 - Complete download http(s) 200
2025-12-13 15:32:49,384 [INFO] ServerAccessManage:509 - Download File STMicroelectronics.X-CUBE-MEMS1.pdsc
2025-12-13 15:32:49,517 [WARN] MainUpdater:1193 - Updater busy. Cannot search thirdparties
2025-12-13 15:32:49,517 [INFO] ThirdPartyUpdaterWithRetryManager:96 - Updater plugin is busy. [2/15]
2025-12-13 15:32:50,096 [ERROR] LogOutputStream:75 - [STDERR_REDIRECT] [Fatal Error] :1:1: Premature end of file.
2025-12-13 15:32:50,096 [ERROR] LogOutputStream:75 - [STDERR_REDIRECT] 
2025-12-13 15:32:51,101 [ERROR] LogOutputStream:75 - [STDERR_REDIRECT] [Fatal Error] :1:1: Premature end of file.
2025-12-13 15:32:51,101 [ERROR] LogOutputStream:75 - [STDERR_REDIRECT] 
2025-12-13 15:32:52,101 [ERROR] LogOutputStream:75 - [STDERR_REDIRECT] [Fatal Error] :1:1: Premature end of file.
2025-12-13 15:32:52,102 [ERROR] LogOutputStream:75 - [STDERR_REDIRECT] 
2025-12-13 15:32:52,524 [WARN] MainUpdater:1193 - Updater busy. Cannot search thirdparties
2025-12-13 15:32:52,524 [INFO] ThirdPartyUpdaterWithRetryManager:96 - Updater plugin is busy. [3/15]
2025-12-13 15:32:53,110 [ERROR] LogOutputStream:75 - [STDERR_REDIRECT] [Fatal Error] :1:1: Premature end of file.
2025-12-13 15:32:53,111 [ERROR] LogOutputStream:75 - [STDERR_REDIRECT] 
2025-12-13 15:32:54,124 [ERROR] LogOutputStream:75 - [STDERR_REDIRECT] [Fatal Error] :1:1: Premature end of file.
2025-12-13 15:32:54,125 [ERROR] LogOutputStream:75 - [STDERR_REDIRECT] 
2025-12-13 15:32:55,114 [ERROR] LogOutputStream:75 - [STDERR_REDIRECT] [Fatal Error] :1:1: Premature end of file.
2025-12-13 15:32:55,115 [ERROR] LogOutputStream:75 - [STDERR_REDIRECT] 
2025-12-13 15:32:55,530 [WARN] MainUpdater:1193 - Updater busy. Cannot search thirdparties
2025-12-13 15:32:55,530 [INFO] ThirdPartyUpdaterWithRetryManager:96 - Updater plugin is busy. [4/15]
2025-12-13 15:32:56,109 [ERROR] LogOutputStream:75 - [STDERR_REDIRECT] [Fatal Error] :1:1: Premature end of file.
2025-12-13 15:32:56,110 [ERROR] LogOutputStream:75 - [STDERR_REDIRECT] 
2025-12-13 15:32:57,147 [ERROR] LogOutputStream:75 - [STDERR_REDIRECT] [Fatal Error] :1:1: Premature end of file.
2025-12-13 15:32:57,148 [ERROR] LogOutputStream:75 - [STDERR_REDIRECT] 
2025-12-13 15:32:58,137 [ERROR] LogOutputStream:75 - [STDERR_REDIRECT] [Fatal Error] :1:1: Premature end of file.
2025-12-13 15:32:58,138 [ERROR] LogOutputStream:75 - [STDERR_REDIRECT] 
2025-12-13 15:32:58,541 [WARN] MainUpdater:1193 - Updater busy. Cannot search thirdparties
2025-12-13 15:32:58,542 [INFO] ThirdPartyUpdaterWithRetryManager:96 - Updater plugin is busy. [5/15]
2025-12-13 15:32:59,145 [ERROR] LogOutputStream:75 - [STDERR_REDIRECT] [Fatal Error] :1:1: Premature end of file.
2025-12-13 15:32:59,145 [ERROR] LogOutputStream:75 - [STDERR_REDIRECT] 
2025-12-13 15:33:00,142 [ERROR] LogOutputStream:75 - [STDERR_REDIRECT] [Fatal Error] :1:1: Premature end of file.
2025-12-13 15:33:00,143 [ERROR] LogOutputStream:75 - [STDERR_REDIRECT] 
2025-12-13 15:33:01,128 [ERROR] LogOutputStream:75 - [STDERR_REDIRECT] [Fatal Error] :1:1: Premature end of file.
2025-12-13 15:33:01,129 [ERROR] LogOutputStream:75 - [STDERR_REDIRECT] 
2025-12-13 15:33:01,549 [WARN] MainUpdater:1193 - Updater busy. Cannot search thirdparties
2025-12-13 15:33:01,554 [INFO] ThirdPartyUpdaterWithRetryManager:96 - Updater plugin is busy. [6/15]
2025-12-13 15:33:02,162 [ERROR] LogOutputStream:75 - [STDERR_REDIRECT] [Fatal Error] :1:1: Premature end of file.
2025-12-13 15:33:02,163 [ERROR] LogOutputStream:75 - [STDERR_REDIRECT] 
2025-12-13 15:33:03,152 [ERROR] LogOutputStream:75 - [STDERR_REDIRECT] [Fatal Error] :1:1: Premature end of file.
2025-12-13 15:33:03,153 [ERROR] LogOutputStream:75 - [STDERR_REDIRECT] 
2025-12-13 15:33:04,145 [ERROR] LogOutputStream:75 - [STDERR_REDIRECT] [Fatal Error] :1:1: Premature end of file.
2025-12-13 15:33:04,146 [ERROR] LogOutputStream:75 - [STDERR_REDIRECT] 
2025-12-13 15:33:04,567 [WARN] MainUpdater:1193 - Updater busy. Cannot search thirdparties
2025-12-13 15:33:04,568 [INFO] ThirdPartyUpdaterWithRetryManager:96 - Updater plugin is busy. [7/15]
2025-12-13 15:33:05,137 [ERROR] LogOutputStream:75 - [STDERR_REDIRECT] [Fatal Error] :1:1: Premature end of file.
2025-12-13 15:33:05,137 [ERROR] LogOutputStream:75 - [STDERR_REDIRECT] 
2025-12-13 15:33:06,153 [ERROR] LogOutputStream:75 - [STDERR_REDIRECT] [Fatal Error] :1:1: Premature end of file.
2025-12-13 15:33:06,155 [ERROR] LogOutputStream:75 - [STDERR_REDIRECT] 
2025-12-13 15:33:07,140 [ERROR] LogOutputStream:75 - [STDERR_REDIRECT] [Fatal Error] :1:1: Premature end of file.
2025-12-13 15:33:07,141 [ERROR] LogOutputStream:75 - [STDERR_REDIRECT] 
2025-12-13 15:33:07,579 [WARN] MainUpdater:1193 - Updater busy. Cannot search thirdparties
2025-12-13 15:33:07,580 [INFO] ThirdPartyUpdaterWithRetryManager:96 - Updater plugin is busy. [8/15]
2025-12-13 15:33:08,133 [ERROR] LogOutputStream:75 - [STDERR_REDIRECT] [Fatal Error] :1:1: Premature end of file.
2025-12-13 15:33:08,134 [ERROR] LogOutputStream:75 - [STDERR_REDIRECT] 
2025-12-13 15:33:09,135 [ERROR] LogOutputStream:75 - [STDERR_REDIRECT] [Fatal Error] :1:1: Premature end of file.
2025-12-13 15:33:09,137 [ERROR] LogOutputStream:75 - [STDERR_REDIRECT] 
2025-12-13 15:33:10,147 [ERROR] LogOutputStream:75 - [STDERR_REDIRECT] [Fatal Error] :1:1: Premature end of file.
2025-12-13 15:33:10,147 [ERROR] LogOutputStream:75 - [STDERR_REDIRECT] 
2025-12-13 15:33:10,589 [WARN] MainUpdater:1193 - Updater busy. Cannot search thirdparties
2025-12-13 15:33:10,590 [INFO] ThirdPartyUpdaterWithRetryManager:96 - Updater plugin is busy. [9/15]
2025-12-13 15:33:11,145 [ERROR] LogOutputStream:75 - [STDERR_REDIRECT] [Fatal Error] :1:1: Premature end of file.
2025-12-13 15:33:11,148 [ERROR] LogOutputStream:75 - [STDERR_REDIRECT] 
2025-12-13 15:33:11,719 [INFO] ServerAccessManage:452 - Complete download http(s) 200
2025-12-13 15:33:11,720 [INFO] ServerAccessManage:509 - Download File STMicroelectronics.X-CUBE-AZRTOS-H7RS.pdsc
2025-12-13 15:33:12,148 [ERROR] LogOutputStream:75 - [STDERR_REDIRECT] [Fatal Error] :1:1: Premature end of file.
2025-12-13 15:33:12,149 [ERROR] LogOutputStream:75 - [STDERR_REDIRECT] 
2025-12-13 15:33:13,163 [ERROR] LogOutputStream:75 - [STDERR_REDIRECT] [Fatal Error] :1:1: Premature end of file.
2025-12-13 15:33:13,165 [ERROR] LogOutputStream:75 - [STDERR_REDIRECT] 
2025-12-13 15:33:13,601 [WARN] MainUpdater:1193 - Updater busy. Cannot search thirdparties
2025-12-13 15:33:13,601 [INFO] ThirdPartyUpdaterWithRetryManager:96 - Updater plugin is busy. [10/15]
2025-12-13 15:33:14,174 [ERROR] LogOutputStream:75 - [STDERR_REDIRECT] [Fatal Error] :1:1: Premature end of file.
2025-12-13 15:33:14,176 [ERROR] LogOutputStream:75 - [STDERR_REDIRECT] 
2025-12-13 15:33:15,150 [ERROR] LogOutputStream:75 - [STDERR_REDIRECT] [Fatal Error] :1:1: Premature end of file.
2025-12-13 15:33:15,154 [ERROR] LogOutputStream:75 - [STDERR_REDIRECT] 
2025-12-13 15:33:15,324 [INFO] CheckServerUpdateThread:120 - End of CheckServer Thread
2025-12-13 15:33:15,446 [WARN] PackLoader:240 - Cannot read IP mode file for STMicroelectronics.X-CUBE-FREERTOS.1.4.0
2025-12-13 15:33:16,169 [ERROR] LogOutputStream:75 - [STDERR_REDIRECT] [Fatal Error] :1:1: Premature end of file.
2025-12-13 15:33:16,171 [ERROR] LogOutputStream:75 - [STDERR_REDIRECT] 
2025-12-13 15:33:16,198 [WARN] PackLoader:240 - Cannot read IP mode file for STMicroelectronics.X-CUBE-MEMS1.12.0.0
2025-12-13 15:33:16,755 [WARN] PackLoader:240 - Cannot read IP mode file for STMicroelectronics.X-CUBE-AZRTOS-H7RS.1.2.0
2025-12-13 15:33:16,773 [INFO] PopulateThirdPartyThread:66 - Ending populate Thread
2025-12-13 15:33:16,782 [INFO] ThirdParty:1030 - CMSIS Pack Vendor :STMicroelectronics X-CUBE-FREERTOS 1.4.0
2025-12-13 15:33:16,782 [INFO] ThirdParty:1030 - CMSIS Pack Vendor :STMicroelectronics X-CUBE-MEMS1 12.0.0
2025-12-13 15:33:16,783 [INFO] ThirdParty:1030 - CMSIS Pack Vendor :STMicroelectronics X-CUBE-AZRTOS-H7RS 1.2.0
2025-12-13 15:33:16,784 [INFO] LoadServerUpdatesThread:375 - End of LoadServerUpdate Thread
2025-12-13 15:33:17,205 [ERROR] LogOutputStream:75 - [STDERR_REDIRECT] [Fatal Error] :1:1: Premature end of file.
2025-12-13 15:33:17,210 [ERROR] LogOutputStream:75 - [STDERR_REDIRECT] 
2025-12-13 15:33:18,147 [ERROR] LogOutputStream:75 - [STDERR_REDIRECT] [Fatal Error] :1:1: Premature end of file.
2025-12-13 15:33:18,148 [ERROR] LogOutputStream:75 - [STDERR_REDIRECT] 
2025-12-13 15:33:18,383 [WARN] PackLoader:240 - Cannot read IP mode file for STMicroelectronics.FP-SNS-MOTENVWB1.1.4.0
2025-12-13 15:33:18,407 [WARN] PackLoader:240 - Cannot read IP mode file for STMicroelectronics.FP-ATR-ASTRA1.2.0.2
2025-12-13 15:33:18,453 [WARN] PackLoader:240 - Cannot read IP mode file for STMicroelectronics.X-CUBE-SMBUS.2.1.0
2025-12-13 15:33:18,470 [WARN] PackLoader:240 - Cannot read IP mode file for STMicroelectronics.X-CUBE-ST60.1.0.0
2025-12-13 15:33:18,520 [WARN] PackLoader:240 - Cannot read IP mode file for STMicroelectronics.X-CUBE-AZRTOS-F7.1.1.0
2025-12-13 15:33:18,543 [WARN] PackLoader:240 - Cannot read IP mode file for Cesanta.I-CUBE-Mongoose.7.19.0
2025-12-13 15:33:18,599 [WARN] PackLoader:240 - Cannot read IP mode file for STMicroelectronics.FP-SNS-MOTENV1.5.1.0
2025-12-13 15:33:18,637 [WARN] PackLoader:240 - Cannot read IP mode file for WES.I-CUBE-Cesium.1.4.0
2025-12-13 15:33:18,699 [WARN] PackLoader:240 - Cannot read IP mode file for Infineon.AIROC-Wi-Fi-Bluetooth-STM32.1.7.0
2025-12-13 15:33:18,804 [WARN] PackLoader:240 - Cannot read IP mode file for Infineon.AIROC-Wi-Fi-Bluetooth-STM32.1.7.1
2025-12-13 15:33:18,886 [WARN] PackLoader:240 - Cannot read IP mode file for STMicroelectronics.X-CUBE-AZRTOS-H7.3.4.0
2025-12-13 15:33:18,927 [WARN] PackLoader:240 - Cannot read IP mode file for STMicroelectronics.X-CUBE-DISPLAY.3.0.0
2025-12-13 15:33:18,975 [WARN] PackLoader:240 - Cannot read IP mode file for STMicroelectronics.X-CUBE-NFC10.1.0.0
2025-12-13 15:33:19,029 [WARN] PackLoader:240 - Cannot read IP mode file for STMicroelectronics.X-CUBE-BLEMGR.4.0.0
2025-12-13 15:33:19,074 [WARN] PackLoader:240 - Cannot read IP mode file for STMicroelectronics.X-CUBE-ST60.1.1.0
2025-12-13 15:33:19,106 [WARN] PackLoader:240 - Cannot read IP mode file for emotas.I-CUBE-CANOPEN.1.3.0
2025-12-13 15:33:19,129 [WARN] PackLoader:240 - Cannot read IP mode file for STMicroelectronics.X-CUBE-GNSS1.7.1.0
2025-12-13 15:33:19,172 [ERROR] LogOutputStream:75 - [STDERR_REDIRECT] [Fatal Error] :1:1: Premature end of file.
2025-12-13 15:33:19,173 [ERROR] LogOutputStream:75 - [STDERR_REDIRECT] 
2025-12-13 15:33:19,194 [WARN] ConditionMgr:438 - getConditionDescription Invalid condition id : Cortex-A Device cause : null
2025-12-13 15:33:19,260 [WARN] ConditionMgr:1044 - genDependencies : Invalid condition id : Cortex-A Device cause : null
2025-12-13 15:33:19,261 [WARN] ConditionMgr:1044 - genDependencies : Invalid condition id : Cortex-A Device cause : null
2025-12-13 15:33:19,261 [WARN] ConditionMgr:1044 - genDependencies : Invalid condition id : Cortex-A Device cause : null
2025-12-13 15:33:19,276 [WARN] PackLoader:240 - Cannot read IP mode file for STMicroelectronics.X-CUBE-AI.10.0.0
2025-12-13 15:33:19,298 [WARN] PackLoader:240 - Cannot read IP mode file for STMicroelectronics.FP-SNS-STBOX1.2.1.0
2025-12-13 15:33:19,317 [WARN] PackLoader:240 - Cannot read IP mode file for STMicroelectronics.FP-SNS-SMARTAG2.1.2.0
2025-12-13 15:33:19,333 [WARN] PackLoader:240 - Cannot read IP mode file for STMicroelectronics.FP-SNS-FLIGHT1.5.1.0
2025-12-13 15:33:19,360 [INFO] LogOutputStream:77 - [STDOUT_REDIRECT] 1 : Invalid condition id : UX_CORESTACK_Condition cause : null
2025-12-13 15:33:19,363 [INFO] LogOutputStream:77 - [STDOUT_REDIRECT] 1 : Invalid condition id : UX_CORESTACK_Condition cause : null
2025-12-13 15:33:19,369 [INFO] LogOutputStream:77 - [STDOUT_REDIRECT] 1 : Invalid condition id : UX_CORESTACK_Condition cause : null
2025-12-13 15:33:19,374 [INFO] LogOutputStream:77 - [STDOUT_REDIRECT] 1 : Invalid condition id : UX_CORESTACK_Condition cause : null
2025-12-13 15:33:19,381 [INFO] LogOutputStream:77 - [STDOUT_REDIRECT] 1 : Invalid condition id : UX_CORESTACK_Condition cause : null
2025-12-13 15:33:19,388 [WARN] PackLoader:240 - Cannot read IP mode file for STMicroelectronics.X-CUBE-AZRTOS-WL.2.0.0
2025-12-13 15:33:19,403 [WARN] PackLoader:240 - Cannot read IP mode file for STMicroelectronics.FP-SNS-MOTENV1.5.0.0
2025-12-13 15:33:19,461 [WARN] PackLoader:240 - Cannot read IP mode file for STMicroelectronics.X-CUBE-AZRTOS-H7RS.1.2.0
2025-12-13 15:33:19,480 [WARN] PackLoader:240 - Cannot read IP mode file for WES.I-CUBE-Cesium.1.3.0
2025-12-13 15:33:19,499 [WARN] PackLoader:240 - Cannot read IP mode file for STMicroelectronics.X-CUBE-BLE2.3.3.0
2025-12-13 15:33:19,574 [WARN] PackLoader:240 - Cannot read IP mode file for STMicroelectronics.X-CUBE-NFC9.1.0.0
2025-12-13 15:33:19,607 [WARN] PackLoader:240 - Cannot read IP mode file for wolfSSL.I-CUBE-wolfSSL.5.8.0
2025-12-13 15:33:19,622 [WARN] PackLoader:240 - Cannot read IP mode file for wolfSSL.I-CUBE-wolfSSL.5.8.2
2025-12-13 15:33:19,648 [WARN] PackLoader:240 - Cannot read IP mode file for STMicroelectronics.X-CUBE-BLE1.7.1.0
2025-12-13 15:33:19,673 [WARN] PackLoader:240 - Cannot read IP mode file for wolfSSL.I-CUBE-wolfMQTT.1.19.2
2025-12-13 15:33:19,707 [WARN] PackLoader:240 - Cannot read IP mode file for STMicroelectronics.X-CUBE-FREERTOS.1.4.0
2025-12-13 15:33:19,755 [WARN] PackLoader:240 - Cannot read IP mode file for STMicroelectronics.X-CUBE-EEPRMA1.5.2.0
2025-12-13 15:33:19,830 [WARN] PackLoader:240 - Cannot read IP mode file for STMicroelectronics.X-CUBE-ST67W61.1.1.0
2025-12-13 15:33:19,848 [WARN] PackLoader:240 - Cannot read IP mode file for STMicroelectronics.X-CUBE-AI.10.1.0
2025-12-13 15:33:19,992 [WARN] PackLoader:240 - Cannot read IP mode file for STMicroelectronics.X-CUBE-MEMS1.12.0.0
2025-12-13 15:33:20,144 [ERROR] LogOutputStream:75 - [STDERR_REDIRECT] [Fatal Error] :1:1: Premature end of file.
2025-12-13 15:33:20,148 [ERROR] LogOutputStream:75 - [STDERR_REDIRECT] 
2025-12-13 15:33:20,510 [WARN] PackLoader:240 - Cannot read IP mode file for STMicroelectronics.X-CUBE-MEMS1.11.2.0
2025-12-13 15:33:21,122 [WARN] PackLoader:240 - Cannot read IP mode file for STMicroelectronics.X-CUBE-AZRTOS-G0.1.1.0
2025-12-13 15:33:21,177 [WARN] PackLoader:240 - Cannot read IP mode file for STMicroelectronics.X-CUBE-SAFEA1.1.2.2
2025-12-13 15:33:21,180 [ERROR] LogOutputStream:75 - [STDERR_REDIRECT] [Fatal Error] :1:1: Premature end of file.
2025-12-13 15:33:21,183 [ERROR] LogOutputStream:75 - [STDERR_REDIRECT] 
2025-12-13 15:33:21,202 [WARN] PackLoader:240 - Cannot read IP mode file for STMicroelectronics.X-CUBE-NFC4.3.0.0
2025-12-13 15:33:21,242 [WARN] PackLoader:240 - Cannot read IP mode file for EmbeddedOffice.I-CUBE-FS-RTOS.1.0.1
2025-12-13 15:33:21,268 [WARN] PackLoader:240 - Cannot read IP mode file for STMicroelectronics.X-CUBE-WB05N.2.0.0
2025-12-13 15:33:21,290 [WARN] PackLoader:240 - Cannot read IP mode file for wolfSSL.I-CUBE-wolfTPM.3.8.0
2025-12-13 15:33:21,310 [WARN] PackLoader:240 - Cannot read IP mode file for STMicroelectronics.X-CUBE-TCPP.4.2.0
2025-12-13 15:33:21,334 [WARN] PackLoader:240 - Cannot read IP mode file for RealThread.X-CUBE-RT-Thread_Nano.4.1.1
2025-12-13 15:33:21,350 [WARN] PackLoader:240 - Cannot read IP mode file for STMicroelectronics.FP-ATR-SIGFOX1.3.2.0
2025-12-13 15:33:21,373 [WARN] PackLoader:240 - Cannot read IP mode file for STMicroelectronics.X-CUBE-EEPRMA1.5.1.0
2025-12-13 15:33:21,441 [WARN] PackLoader:240 - Cannot read IP mode file for ITTIA_DB.I-CUBE-ITTIADB.8.9.0
2025-12-13 15:33:21,491 [WARN] PackLoader:240 - Cannot read IP mode file for STMicroelectronics.X-CUBE-ST67W61.1.0.0
2025-12-13 15:33:21,505 [WARN] PackLoader:240 - Cannot read IP mode file for STMicroelectronics.X-CUBE-AI.10.2.0
2025-12-13 15:33:21,582 [WARN] PackLoader:240 - Cannot read IP mode file for SEGGER.I-CUBE-embOS.1.3.1
2025-12-13 15:33:21,965 [WARN] PackLoader:240 - Cannot read IP mode file for STMicroelectronics.X-CUBE-ALGOBUILD.1.4.0
2025-12-13 15:33:22,138 [ERROR] LogOutputStream:75 - [STDERR_REDIRECT] [Fatal Error] :1:1: Premature end of file.
2025-12-13 15:33:22,143 [ERROR] LogOutputStream:75 - [STDERR_REDIRECT] 
2025-12-13 15:33:22,155 [WARN] PackLoader:240 - Cannot read IP mode file for STMicroelectronics.X-CUBE-MEMS1.11.3.0
2025-12-13 15:33:22,437 [WARN] PackLoader:240 - Cannot read IP mode file for STMicroelectronics.X-CUBE-PM33A1.1.0.0
2025-12-13 15:33:22,476 [WARN] PackLoader:240 - Cannot read IP mode file for STMicroelectronics.X-CUBE-AZRTOS-F4.1.1.0
2025-12-13 15:33:22,499 [WARN] PackLoader:240 - Cannot read IP mode file for Avnet-IotConnect.X-CUBE-IoTC-DA16k-PMOD.1.0.0
2025-12-13 15:33:22,521 [WARN] PackLoader:240 - Cannot read IP mode file for STMicroelectronics.X-CUBE-ISPU.2.1.0
2025-12-13 15:33:22,565 [WARN] PackLoader:240 - Cannot read IP mode file for STMicroelectronics.X-CUBE-IPS.3.2.0
2025-12-13 15:33:22,627 [WARN] PackLoader:240 - Cannot read IP mode file for STMicroelectronics.X-CUBE-NFC12.1.0.0
2025-12-13 15:33:22,691 [WARN] PackLoader:240 - Cannot read IP mode file for STMicroelectronics.X-CUBE-AZRTOS-L5.2.0.0
2025-12-13 15:33:22,737 [WARN] PackLoader:240 - Cannot read IP mode file for STMicroelectronics.X-CUBE-NFC6.3.1.0
2025-12-13 15:33:22,782 [WARN] PackLoader:240 - Cannot read IP mode file for STMicroelectronics.X-CUBE-FREERTOS.1.3.1
2025-12-13 15:33:22,801 [WARN] PackLoader:240 - Cannot read IP mode file for STMicroelectronics.X-CUBE-TOUCHGFX.4.26.0
2025-12-13 15:33:22,817 [WARN] PackLoader:240 - Cannot read IP mode file for STMicroelectronics.FP-SNS-STAIOTCFT.1.0.0
2025-12-13 15:33:22,847 [WARN] PackLoader:240 - Cannot read IP mode file for STMicroelectronics.X-CUBE-DPower.1.3.0
2025-12-13 15:33:22,912 [WARN] ConditionMgr:438 - getConditionDescription Invalid condition id : LAN8742 Phy interface Condition cause : null
2025-12-13 15:33:22,914 [WARN] PackLoader:240 - Cannot read IP mode file for STMicroelectronics.X-CUBE-AZRTOS-L4.2.0.0
2025-12-13 15:33:22,917 [WARN] ConditionMgr:1044 - genDependencies : Invalid condition id : LAN8742 Phy interface Condition cause : null
2025-12-13 15:33:22,918 [WARN] ConditionMgr:1044 - genDependencies : Invalid condition id : LAN8742 Phy interface Condition cause : null
2025-12-13 15:33:22,921 [WARN] ConditionMgr:1044 - genDependencies : Invalid condition id : LAN8742 Phy interface Condition cause : null
2025-12-13 15:33:22,950 [WARN] PackLoader:240 - Cannot read IP mode file for STMicroelectronics.X-CUBE-SFXS2LP1.4.0.0
2025-12-13 15:33:23,021 [WARN] PackLoader:240 - Cannot read IP mode file for STMicroelectronics.X-CUBE-AZRTOS-H7.3.3.0
2025-12-13 15:33:23,070 [WARN] PackLoader:240 - Cannot read IP mode file for STMicroelectronics.X-CUBE-BLEMGR.4.1.0
2025-12-13 15:33:23,135 [WARN] ConditionMgr:438 - getConditionDescription Invalid condition id : UX DEVICE CLASS RTOS Condition cause : null
2025-12-13 15:33:23,135 [WARN] ConditionMgr:438 - getConditionDescription Invalid condition id : UX DEVICE CLASS RTOS Condition cause : null
2025-12-13 15:33:23,158 [ERROR] LogOutputStream:75 - [STDERR_REDIRECT] [Fatal Error] :1:1: Premature end of file.
2025-12-13 15:33:23,162 [ERROR] LogOutputStream:75 - [STDERR_REDIRECT] 
2025-12-13 15:33:23,165 [WARN] PackLoader:240 - Cannot read IP mode file for STMicroelectronics.X-CUBE-AZRTOS-WB.2.0.0
2025-12-13 15:33:23,167 [WARN] ConditionMgr:1044 - genDependencies : Invalid condition id : UX DEVICE CLASS RTOS Condition cause : null
2025-12-13 15:33:23,173 [WARN] ConditionMgr:1044 - genDependencies : Invalid condition id : UX DEVICE CLASS RTOS Condition cause : null
2025-12-13 15:33:23,175 [WARN] ConditionMgr:1044 - genDependencies : Invalid condition id : UX DEVICE CLASS RTOS Condition cause : null
2025-12-13 15:33:23,177 [WARN] ConditionMgr:1044 - genDependencies : Invalid condition id : UX DEVICE CLASS RTOS Condition cause : null
2025-12-13 15:33:23,177 [WARN] ConditionMgr:1044 - genDependencies : Invalid condition id : UX DEVICE CLASS RTOS Condition cause : null
2025-12-13 15:33:23,195 [WARN] PackLoader:240 - Cannot read IP mode file for STMicroelectronics.X-CUBE-GNSS1.7.0.1
2025-12-13 15:33:23,212 [WARN] PackLoader:240 - Cannot read IP mode file for STMicroelectronics.X-CUBE-TOUCHGFX.4.25.0
2025-12-13 15:33:23,241 [WARN] PackLoader:240 - Cannot read IP mode file for STMicroelectronics.FP-SNS-STBOX1.2.0.0
2025-12-13 15:33:23,256 [WARN] ConditionMgr:438 - getConditionDescription Invalid condition id : Cortex-A Device cause : null
2025-12-13 15:33:23,302 [WARN] ConditionMgr:1044 - genDependencies : Invalid condition id : Cortex-A Device cause : null
2025-12-13 15:33:23,304 [WARN] ConditionMgr:1044 - genDependencies : Invalid condition id : Cortex-A Device cause : null
2025-12-13 15:33:23,311 [WARN] ConditionMgr:1044 - genDependencies : Invalid condition id : Cortex-A Device cause : null
2025-12-13 15:33:23,356 [WARN] PackLoader:240 - Cannot read IP mode file for STMicroelectronics.X-CUBE-SUBG2.5.0.0
2025-12-13 15:33:23,416 [WARN] PackLoader:240 - Cannot read IP mode file for STMicroelectronics.X-CUBE-AZRTOS-H7RS.1.1.0
2025-12-13 15:33:23,431 [WARN] PackLoader:240 - Cannot read IP mode file for Cesanta.I-CUBE-Mongoose.7.13.0
2025-12-13 15:33:23,472 [WARN] PackLoader:240 - Cannot read IP mode file for STMicroelectronics.X-CUBE-AZRTOS-G4.2.0.0
2025-12-13 15:33:23,491 [WARN] PackLoader:240 - Cannot read IP mode file for wolfSSL.I-CUBE-wolfSSH.1.4.20
2025-12-13 15:33:23,510 [WARN] PackLoader:240 - Cannot read IP mode file for STMicroelectronics.X-CUBE-NFC7.2.0.0
2025-12-13 15:33:23,554 [WARN] PackLoader:240 - Cannot read IP mode file for STMicroelectronics.X-CUBE-IPS.3.1.0
2025-12-13 15:33:23,583 [WARN] PackLoader:240 - Cannot read IP mode file for STMicroelectronics.X-CUBE-ALS.1.0.2
2025-12-13 15:33:23,604 [WARN] PackLoader:240 - Cannot read IP mode file for STMicroelectronics.X-CUBE-STSE01.1.0.0
2025-12-13 15:33:23,623 [WARN] PackLoader:240 - Cannot read IP mode file for portGmbH.I-Cube-SoM-uGOAL.1.1.0
2025-12-13 15:33:23,647 [WARN] PackLoader:240 - Cannot read IP mode file for STMicroelectronics.X-CUBE-TOF1.3.4.3
2025-12-13 15:33:23,667 [INFO] ThirdParty:978 - Integrity check success = true
2025-12-13 15:33:23,668 [INFO] IntegrityCheckThread:100 - exiting critical section [integrity check]
2025-12-13 15:33:23,668 [INFO] IntegrityCheckThread:103 - End integrity checks thread
2025-12-13 15:33:24,145 [ERROR] LogOutputStream:75 - [STDERR_REDIRECT] [Fatal Error] :1:1: Premature end of file.
2025-12-13 15:33:24,147 [ERROR] LogOutputStream:75 - [STDERR_REDIRECT] 
2025-12-13 15:33:25,142 [ERROR] LogOutputStream:75 - [STDERR_REDIRECT] [Fatal Error] :1:1: Premature end of file.
2025-12-13 15:33:25,143 [ERROR] LogOutputStream:75 - [STDERR_REDIRECT] 
2025-12-13 15:33:26,160 [ERROR] LogOutputStream:75 - [STDERR_REDIRECT] [Fatal Error] :1:1: Premature end of file.
2025-12-13 15:33:26,161 [ERROR] LogOutputStream:75 - [STDERR_REDIRECT] 
2025-12-13 15:33:27,164 [ERROR] LogOutputStream:75 - [STDERR_REDIRECT] [Fatal Error] :1:1: Premature end of file.
2025-12-13 15:33:27,164 [ERROR] LogOutputStream:75 - [STDERR_REDIRECT] 
2025-12-13 15:33:28,145 [ERROR] LogOutputStream:75 - [STDERR_REDIRECT] [Fatal Error] :1:1: Premature end of file.
2025-12-13 15:33:28,146 [ERROR] LogOutputStream:75 - [STDERR_REDIRECT] 
2025-12-13 15:33:29,144 [ERROR] LogOutputStream:75 - [STDERR_REDIRECT] [Fatal Error] :1:1: Premature end of file.
2025-12-13 15:33:29,145 [ERROR] LogOutputStream:75 - [STDERR_REDIRECT] 
2025-12-13 15:33:30,134 [ERROR] LogOutputStream:75 - [STDERR_REDIRECT] [Fatal Error] :1:1: Premature end of file.
2025-12-13 15:33:30,135 [ERROR] LogOutputStream:75 - [STDERR_REDIRECT] 
2025-12-13 15:33:31,145 [ERROR] LogOutputStream:75 - [STDERR_REDIRECT] [Fatal Error] :1:1: Premature end of file.
2025-12-13 15:33:31,147 [ERROR] LogOutputStream:75 - [STDERR_REDIRECT] 
2025-12-13 15:33:32,141 [ERROR] LogOutputStream:75 - [STDERR_REDIRECT] [Fatal Error] :1:1: Premature end of file.
2025-12-13 15:33:32,142 [ERROR] LogOutputStream:75 - [STDERR_REDIRECT] 
2025-12-13 15:33:33,148 [ERROR] LogOutputStream:75 - [STDERR_REDIRECT] [Fatal Error] :1:1: Premature end of file.
2025-12-13 15:33:33,149 [ERROR] LogOutputStream:75 - [STDERR_REDIRECT] 
2025-12-13 15:33:34,138 [ERROR] LogOutputStream:75 - [STDERR_REDIRECT] [Fatal Error] :1:1: Premature end of file.
2025-12-13 15:33:34,138 [ERROR] LogOutputStream:75 - [STDERR_REDIRECT] 
2025-12-13 15:33:35,139 [ERROR] LogOutputStream:75 - [STDERR_REDIRECT] [Fatal Error] :1:1: Premature end of file.
2025-12-13 15:33:35,139 [ERROR] LogOutputStream:75 - [STDERR_REDIRECT] 
2025-12-13 15:33:36,125 [ERROR] LogOutputStream:75 - [STDERR_REDIRECT] [Fatal Error] :1:1: Premature end of file.
2025-12-13 15:33:36,126 [ERROR] LogOutputStream:75 - [STDERR_REDIRECT] 
2025-12-13 15:33:37,145 [ERROR] LogOutputStream:75 - [STDERR_REDIRECT] [Fatal Error] :1:1: Premature end of file.
2025-12-13 15:33:37,147 [ERROR] LogOutputStream:75 - [STDERR_REDIRECT] 
2025-12-13 15:33:38,140 [ERROR] LogOutputStream:75 - [STDERR_REDIRECT] [Fatal Error] :1:1: Premature end of file.
2025-12-13 15:33:38,141 [ERROR] LogOutputStream:75 - [STDERR_REDIRECT] 
2025-12-13 15:33:39,146 [ERROR] LogOutputStream:75 - [STDERR_REDIRECT] [Fatal Error] :1:1: Premature end of file.
2025-12-13 15:33:39,147 [ERROR] LogOutputStream:75 - [STDERR_REDIRECT] 
2025-12-13 15:33:40,139 [ERROR] LogOutputStream:75 - [STDERR_REDIRECT] [Fatal Error] :1:1: Premature end of file.
2025-12-13 15:33:40,140 [ERROR] LogOutputStream:75 - [STDERR_REDIRECT] 
2025-12-13 15:33:41,144 [ERROR] LogOutputStream:75 - [STDERR_REDIRECT] [Fatal Error] :1:1: Premature end of file.
2025-12-13 15:33:41,145 [ERROR] LogOutputStream:75 - [STDERR_REDIRECT] 
2025-12-13 15:33:42,132 [ERROR] LogOutputStream:75 - [STDERR_REDIRECT] [Fatal Error] :1:1: Premature end of file.
2025-12-13 15:33:42,133 [ERROR] LogOutputStream:75 - [STDERR_REDIRECT] 
2025-12-13 15:33:43,142 [ERROR] LogOutputStream:75 - [STDERR_REDIRECT] [Fatal Error] :1:1: Premature end of file.
2025-12-13 15:33:43,143 [ERROR] LogOutputStream:75 - [STDERR_REDIRECT] 
2025-12-13 15:33:44,144 [ERROR] LogOutputStream:75 - [STDERR_REDIRECT] [Fatal Error] :1:1: Premature end of file.
2025-12-13 15:33:44,145 [ERROR] LogOutputStream:75 - [STDERR_REDIRECT] 
2025-12-13 15:33:45,140 [ERROR] LogOutputStream:75 - [STDERR_REDIRECT] [Fatal Error] :1:1: Premature end of file.
2025-12-13 15:33:45,140 [ERROR] LogOutputStream:75 - [STDERR_REDIRECT] 
2025-12-13 15:33:46,142 [ERROR] LogOutputStream:75 - [STDERR_REDIRECT] [Fatal Error] :1:1: Premature end of file.
2025-12-13 15:33:46,143 [ERROR] LogOutputStream:75 - [STDERR_REDIRECT] 
2025-12-13 15:33:47,137 [ERROR] LogOutputStream:75 - [STDERR_REDIRECT] [Fatal Error] :1:1: Premature end of file.
2025-12-13 15:33:47,138 [ERROR] LogOutputStream:75 - [STDERR_REDIRECT] 
2025-12-13 15:33:48,144 [ERROR] LogOutputStream:75 - [STDERR_REDIRECT] [Fatal Error] :1:1: Premature end of file.
2025-12-13 15:33:48,145 [ERROR] LogOutputStream:75 - [STDERR_REDIRECT] 
2025-12-13 15:33:49,161 [ERROR] LogOutputStream:75 - [STDERR_REDIRECT] [Fatal Error] :1:1: Premature end of file.
2025-12-13 15:33:49,162 [ERROR] LogOutputStream:75 - [STDERR_REDIRECT] 
2025-12-13 15:33:50,137 [ERROR] LogOutputStream:75 - [STDERR_REDIRECT] [Fatal Error] :1:1: Premature end of file.
2025-12-13 15:33:50,138 [ERROR] LogOutputStream:75 - [STDERR_REDIRECT] 
2025-12-13 15:33:51,134 [ERROR] LogOutputStream:75 - [STDERR_REDIRECT] [Fatal Error] :1:1: Premature end of file.
2025-12-13 15:33:51,135 [ERROR] LogOutputStream:75 - [STDERR_REDIRECT] 
2025-12-13 15:33:52,146 [ERROR] LogOutputStream:75 - [STDERR_REDIRECT] [Fatal Error] :1:1: Premature end of file.
2025-12-13 15:33:52,147 [ERROR] LogOutputStream:75 - [STDERR_REDIRECT] 
2025-12-13 15:33:53,152 [ERROR] LogOutputStream:75 - [STDERR_REDIRECT] [Fatal Error] :1:1: Premature end of file.
2025-12-13 15:33:53,152 [ERROR] LogOutputStream:75 - [STDERR_REDIRECT] 
2025-12-13 15:33:54,142 [ERROR] LogOutputStream:75 - [STDERR_REDIRECT] [Fatal Error] :1:1: Premature end of file.
2025-12-13 15:33:54,143 [ERROR] LogOutputStream:75 - [STDERR_REDIRECT] 
2025-12-13 15:33:55,136 [ERROR] LogOutputStream:75 - [STDERR_REDIRECT] [Fatal Error] :1:1: Premature end of file.
2025-12-13 15:33:55,137 [ERROR] LogOutputStream:75 - [STDERR_REDIRECT] 
2025-12-13 15:33:56,133 [ERROR] LogOutputStream:75 - [STDERR_REDIRECT] [Fatal Error] :1:1: Premature end of file.
2025-12-13 15:33:56,134 [ERROR] LogOutputStream:75 - [STDERR_REDIRECT] 
2025-12-13 15:33:57,143 [ERROR] LogOutputStream:75 - [STDERR_REDIRECT] [Fatal Error] :1:1: Premature end of file.
2025-12-13 15:33:57,143 [ERROR] LogOutputStream:75 - [STDERR_REDIRECT] 
2025-12-13 15:33:58,151 [ERROR] LogOutputStream:75 - [STDERR_REDIRECT] [Fatal Error] :1:1: Premature end of file.
2025-12-13 15:33:58,152 [ERROR] LogOutputStream:75 - [STDERR_REDIRECT] 
2025-12-13 15:33:59,191 [ERROR] LogOutputStream:75 - [STDERR_REDIRECT] [Fatal Error] :1:1: Premature end of file.
2025-12-13 15:33:59,193 [ERROR] LogOutputStream:75 - [STDERR_REDIRECT] 
2025-12-13 15:34:00,139 [ERROR] LogOutputStream:75 - [STDERR_REDIRECT] [Fatal Error] :1:1: Premature end of file.
2025-12-13 15:34:00,140 [ERROR] LogOutputStream:75 - [STDERR_REDIRECT] 
2025-12-13 15:34:01,141 [ERROR] LogOutputStream:75 - [STDERR_REDIRECT] [Fatal Error] :1:1: Premature end of file.
2025-12-13 15:34:01,142 [ERROR] LogOutputStream:75 - [STDERR_REDIRECT] 
2025-12-13 15:34:02,134 [ERROR] LogOutputStream:75 - [STDERR_REDIRECT] [Fatal Error] :1:1: Premature end of file.
2025-12-13 15:34:02,134 [ERROR] LogOutputStream:75 - [STDERR_REDIRECT] 
2025-12-13 15:34:03,142 [ERROR] LogOutputStream:75 - [STDERR_REDIRECT] [Fatal Error] :1:1: Premature end of file.
2025-12-13 15:34:03,142 [ERROR] LogOutputStream:75 - [STDERR_REDIRECT] 
2025-12-13 15:34:04,144 [ERROR] LogOutputStream:75 - [STDERR_REDIRECT] [Fatal Error] :1:1: Premature end of file.
2025-12-13 15:34:04,144 [ERROR] LogOutputStream:75 - [STDERR_REDIRECT] 
2025-12-13 15:34:05,150 [ERROR] LogOutputStream:75 - [STDERR_REDIRECT] [Fatal Error] :1:1: Premature end of file.
2025-12-13 15:34:05,151 [ERROR] LogOutputStream:75 - [STDERR_REDIRECT] 
2025-12-13 15:34:06,157 [ERROR] LogOutputStream:75 - [STDERR_REDIRECT] [Fatal Error] :1:1: Premature end of file.
2025-12-13 15:34:06,158 [ERROR] LogOutputStream:75 - [STDERR_REDIRECT] 
2025-12-13 15:34:07,138 [ERROR] LogOutputStream:75 - [STDERR_REDIRECT] [Fatal Error] :1:1: Premature end of file.
2025-12-13 15:34:07,139 [ERROR] LogOutputStream:75 - [STDERR_REDIRECT] 
2025-12-13 15:34:08,142 [ERROR] LogOutputStream:75 - [STDERR_REDIRECT] [Fatal Error] :1:1: Premature end of file.
2025-12-13 15:34:08,143 [ERROR] LogOutputStream:75 - [STDERR_REDIRECT] 
2025-12-13 15:34:09,135 [ERROR] LogOutputStream:75 - [STDERR_REDIRECT] [Fatal Error] :1:1: Premature end of file.
2025-12-13 15:34:09,135 [ERROR] LogOutputStream:75 - [STDERR_REDIRECT] 
2025-12-13 15:34:10,139 [ERROR] LogOutputStream:75 - [STDERR_REDIRECT] [Fatal Error] :1:1: Premature end of file.
2025-12-13 15:34:10,140 [ERROR] LogOutputStream:75 - [STDERR_REDIRECT] 
2025-12-13 15:34:11,155 [ERROR] LogOutputStream:75 - [STDERR_REDIRECT] [Fatal Error] :1:1: Premature end of file.
2025-12-13 15:34:11,157 [ERROR] LogOutputStream:75 - [STDERR_REDIRECT] 
2025-12-13 15:34:12,141 [ERROR] LogOutputStream:75 - [STDERR_REDIRECT] [Fatal Error] :1:1: Premature end of file.
2025-12-13 15:34:12,142 [ERROR] LogOutputStream:75 - [STDERR_REDIRECT] 
2025-12-13 15:34:13,147 [ERROR] LogOutputStream:75 - [STDERR_REDIRECT] [Fatal Error] :1:1: Premature end of file.
2025-12-13 15:34:13,147 [ERROR] LogOutputStream:75 - [STDERR_REDIRECT] 
2025-12-13 15:34:14,135 [ERROR] LogOutputStream:75 - [STDERR_REDIRECT] [Fatal Error] :1:1: Premature end of file.
2025-12-13 15:34:14,135 [ERROR] LogOutputStream:75 - [STDERR_REDIRECT] 
2025-12-13 15:34:15,143 [ERROR] LogOutputStream:75 - [STDERR_REDIRECT] [Fatal Error] :1:1: Premature end of file.
2025-12-13 15:34:15,143 [ERROR] LogOutputStream:75 - [STDERR_REDIRECT] 
2025-12-13 15:34:16,142 [ERROR] LogOutputStream:75 - [STDERR_REDIRECT] [Fatal Error] :1:1: Premature end of file.
2025-12-13 15:34:16,142 [ERROR] LogOutputStream:75 - [STDERR_REDIRECT] 
2025-12-13 15:34:17,145 [ERROR] LogOutputStream:75 - [STDERR_REDIRECT] [Fatal Error] :1:1: Premature end of file.
2025-12-13 15:34:17,147 [ERROR] LogOutputStream:75 - [STDERR_REDIRECT] 
2025-12-13 15:34:18,140 [ERROR] LogOutputStream:75 - [STDERR_REDIRECT] [Fatal Error] :1:1: Premature end of file.
2025-12-13 15:34:18,141 [ERROR] LogOutputStream:75 - [STDERR_REDIRECT] 
2025-12-13 15:34:19,147 [ERROR] LogOutputStream:75 - [STDERR_REDIRECT] [Fatal Error] :1:1: Premature end of file.
2025-12-13 15:34:19,147 [ERROR] LogOutputStream:75 - [STDERR_REDIRECT] 
2025-12-13 15:34:20,141 [ERROR] LogOutputStream:75 - [STDERR_REDIRECT] [Fatal Error] :1:1: Premature end of file.
2025-12-13 15:34:20,142 [ERROR] LogOutputStream:75 - [STDERR_REDIRECT] 
2025-12-13 15:34:21,140 [ERROR] LogOutputStream:75 - [STDERR_REDIRECT] [Fatal Error] :1:1: Premature end of file.
2025-12-13 15:34:21,140 [ERROR] LogOutputStream:75 - [STDERR_REDIRECT] 
2025-12-13 15:34:22,141 [ERROR] LogOutputStream:75 - [STDERR_REDIRECT] [Fatal Error] :1:1: Premature end of file.
2025-12-13 15:34:22,144 [ERROR] LogOutputStream:75 - [STDERR_REDIRECT] 
2025-12-13 15:34:23,137 [ERROR] LogOutputStream:75 - [STDERR_REDIRECT] [Fatal Error] :1:1: Premature end of file.
2025-12-13 15:34:23,138 [ERROR] LogOutputStream:75 - [STDERR_REDIRECT] 
2025-12-13 15:34:24,131 [ERROR] LogOutputStream:75 - [STDERR_REDIRECT] [Fatal Error] :1:1: Premature end of file.
2025-12-13 15:34:24,131 [ERROR] LogOutputStream:75 - [STDERR_REDIRECT] 
2025-12-13 15:34:25,155 [ERROR] LogOutputStream:75 - [STDERR_REDIRECT] [Fatal Error] :1:1: Premature end of file.
2025-12-13 15:34:25,155 [ERROR] LogOutputStream:75 - [STDERR_REDIRECT] 
2025-12-13 15:34:26,145 [ERROR] LogOutputStream:75 - [STDERR_REDIRECT] [Fatal Error] :1:1: Premature end of file.
2025-12-13 15:34:26,147 [ERROR] LogOutputStream:75 - [STDERR_REDIRECT] 
2025-12-13 15:34:27,134 [ERROR] LogOutputStream:75 - [STDERR_REDIRECT] [Fatal Error] :1:1: Premature end of file.
2025-12-13 15:34:27,134 [ERROR] LogOutputStream:75 - [STDERR_REDIRECT] 
2025-12-13 15:34:28,136 [ERROR] LogOutputStream:75 - [STDERR_REDIRECT] [Fatal Error] :1:1: Premature end of file.
2025-12-13 15:34:28,137 [ERROR] LogOutputStream:75 - [STDERR_REDIRECT] 
2025-12-13 15:34:29,137 [ERROR] LogOutputStream:75 - [STDERR_REDIRECT] [Fatal Error] :1:1: Premature end of file.
2025-12-13 15:34:29,138 [ERROR] LogOutputStream:75 - [STDERR_REDIRECT] 
2025-12-13 15:34:30,149 [ERROR] LogOutputStream:75 - [STDERR_REDIRECT] [Fatal Error] :1:1: Premature end of file.
2025-12-13 15:34:30,150 [ERROR] LogOutputStream:75 - [STDERR_REDIRECT] 
2025-12-13 15:34:31,144 [ERROR] LogOutputStream:75 - [STDERR_REDIRECT] [Fatal Error] :1:1: Premature end of file.
2025-12-13 15:34:31,145 [ERROR] LogOutputStream:75 - [STDERR_REDIRECT] 
2025-12-13 15:34:32,133 [ERROR] LogOutputStream:75 - [STDERR_REDIRECT] [Fatal Error] :1:1: Premature end of file.
2025-12-13 15:34:32,134 [ERROR] LogOutputStream:75 - [STDERR_REDIRECT] 
2025-12-13 15:34:33,137 [ERROR] LogOutputStream:75 - [STDERR_REDIRECT] [Fatal Error] :1:1: Premature end of file.
2025-12-13 15:34:33,138 [ERROR] LogOutputStream:75 - [STDERR_REDIRECT] 
2025-12-13 15:34:34,142 [ERROR] LogOutputStream:75 - [STDERR_REDIRECT] [Fatal Error] :1:1: Premature end of file.
2025-12-13 15:34:34,143 [ERROR] LogOutputStream:75 - [STDERR_REDIRECT] 
2025-12-13 15:34:35,150 [ERROR] LogOutputStream:75 - [STDERR_REDIRECT] [Fatal Error] :1:1: Premature end of file.
2025-12-13 15:34:35,150 [ERROR] LogOutputStream:75 - [STDERR_REDIRECT] 
2025-12-13 15:34:36,140 [ERROR] LogOutputStream:75 - [STDERR_REDIRECT] [Fatal Error] :1:1: Premature end of file.
2025-12-13 15:34:36,141 [ERROR] LogOutputStream:75 - [STDERR_REDIRECT] 
2025-12-13 15:34:37,140 [ERROR] LogOutputStream:75 - [STDERR_REDIRECT] [Fatal Error] :1:1: Premature end of file.
2025-12-13 15:34:37,142 [ERROR] LogOutputStream:75 - [STDERR_REDIRECT] 
2025-12-13 15:34:38,132 [ERROR] LogOutputStream:75 - [STDERR_REDIRECT] [Fatal Error] :1:1: Premature end of file.
2025-12-13 15:34:38,133 [ERROR] LogOutputStream:75 - [STDERR_REDIRECT] 
2025-12-13 15:34:39,135 [ERROR] LogOutputStream:75 - [STDERR_REDIRECT] [Fatal Error] :1:1: Premature end of file.
2025-12-13 15:34:39,135 [ERROR] LogOutputStream:75 - [STDERR_REDIRECT] 
2025-12-13 15:34:40,923 [ERROR] LogOutputStream:75 - [STDERR_REDIRECT] [Fatal Error] :1:1: Premature end of file.
2025-12-13 15:34:40,924 [ERROR] LogOutputStream:75 - [STDERR_REDIRECT] 
2025-12-13 15:34:41,213 [ERROR] LogOutputStream:75 - [STDERR_REDIRECT] [Fatal Error] :1:1: Premature end of file.
2025-12-13 15:34:41,214 [ERROR] LogOutputStream:75 - [STDERR_REDIRECT] 
2025-12-13 15:34:42,130 [ERROR] LogOutputStream:75 - [STDERR_REDIRECT] [Fatal Error] :1:1: Premature end of file.
2025-12-13 15:34:42,130 [ERROR] LogOutputStream:75 - [STDERR_REDIRECT] 
2025-12-13 15:34:43,125 [ERROR] LogOutputStream:75 - [STDERR_REDIRECT] [Fatal Error] :1:1: Premature end of file.
2025-12-13 15:34:43,125 [ERROR] LogOutputStream:75 - [STDERR_REDIRECT] 
2025-12-13 15:34:44,139 [ERROR] LogOutputStream:75 - [STDERR_REDIRECT] [Fatal Error] :1:1: Premature end of file.
2025-12-13 15:34:44,140 [ERROR] LogOutputStream:75 - [STDERR_REDIRECT] 
2025-12-13 15:34:45,138 [ERROR] LogOutputStream:75 - [STDERR_REDIRECT] [Fatal Error] :1:1: Premature end of file.
2025-12-13 15:34:45,139 [ERROR] LogOutputStream:75 - [STDERR_REDIRECT] 
2025-12-13 15:34:46,133 [ERROR] LogOutputStream:75 - [STDERR_REDIRECT] [Fatal Error] :1:1: Premature end of file.
2025-12-13 15:34:46,134 [ERROR] LogOutputStream:75 - [STDERR_REDIRECT] 
2025-12-13 15:34:47,130 [ERROR] LogOutputStream:75 - [STDERR_REDIRECT] [Fatal Error] :1:1: Premature end of file.
2025-12-13 15:34:47,131 [ERROR] LogOutputStream:75 - [STDERR_REDIRECT] 
2025-12-13 15:34:48,137 [ERROR] LogOutputStream:75 - [STDERR_REDIRECT] [Fatal Error] :1:1: Premature end of file.
2025-12-13 15:34:48,138 [ERROR] LogOutputStream:75 - [STDERR_REDIRECT] 
2025-12-13 15:34:49,132 [ERROR] LogOutputStream:75 - [STDERR_REDIRECT] [Fatal Error] :1:1: Premature end of file.
2025-12-13 15:34:49,132 [ERROR] LogOutputStream:75 - [STDERR_REDIRECT] 
2025-12-13 15:34:50,132 [ERROR] LogOutputStream:75 - [STDERR_REDIRECT] [Fatal Error] :1:1: Premature end of file.
2025-12-13 15:34:50,133 [ERROR] LogOutputStream:75 - [STDERR_REDIRECT] 
2025-12-13 15:34:51,131 [ERROR] LogOutputStream:75 - [STDERR_REDIRECT] [Fatal Error] :1:1: Premature end of file.
2025-12-13 15:34:51,131 [ERROR] LogOutputStream:75 - [STDERR_REDIRECT] 
2025-12-13 15:34:52,124 [ERROR] LogOutputStream:75 - [STDERR_REDIRECT] [Fatal Error] :1:1: Premature end of file.
2025-12-13 15:34:52,125 [ERROR] LogOutputStream:75 - [STDERR_REDIRECT] 
2025-12-13 15:34:53,130 [ERROR] LogOutputStream:75 - [STDERR_REDIRECT] [Fatal Error] :1:1: Premature end of file.
2025-12-13 15:34:53,131 [ERROR] LogOutputStream:75 - [STDERR_REDIRECT] 
2025-12-13 15:34:54,123 [ERROR] LogOutputStream:75 - [STDERR_REDIRECT] [Fatal Error] :1:1: Premature end of file.
2025-12-13 15:34:54,123 [ERROR] LogOutputStream:75 - [STDERR_REDIRECT] 
2025-12-13 15:34:55,195 [ERROR] LogOutputStream:75 - [STDERR_REDIRECT] [Fatal Error] :1:1: Premature end of file.
2025-12-13 15:34:55,197 [ERROR] LogOutputStream:75 - [STDERR_REDIRECT] 
2025-12-13 15:34:56,138 [ERROR] LogOutputStream:75 - [STDERR_REDIRECT] [Fatal Error] :1:1: Premature end of file.
2025-12-13 15:34:56,139 [ERROR] LogOutputStream:75 - [STDERR_REDIRECT] 
2025-12-13 15:34:57,132 [ERROR] LogOutputStream:75 - [STDERR_REDIRECT] [Fatal Error] :1:1: Premature end of file.
2025-12-13 15:34:57,133 [ERROR] LogOutputStream:75 - [STDERR_REDIRECT] 
2025-12-13 15:34:58,135 [ERROR] LogOutputStream:75 - [STDERR_REDIRECT] [Fatal Error] :1:1: Premature end of file.
2025-12-13 15:34:58,137 [ERROR] LogOutputStream:75 - [STDERR_REDIRECT] 
2025-12-13 15:34:59,152 [ERROR] LogOutputStream:75 - [STDERR_REDIRECT] [Fatal Error] :1:1: Premature end of file.
2025-12-13 15:34:59,153 [ERROR] LogOutputStream:75 - [STDERR_REDIRECT] 
2025-12-13 15:35:00,127 [ERROR] LogOutputStream:75 - [STDERR_REDIRECT] [Fatal Error] :1:1: Premature end of file.
2025-12-13 15:35:00,127 [ERROR] LogOutputStream:75 - [STDERR_REDIRECT] 
2025-12-13 15:35:01,134 [ERROR] LogOutputStream:75 - [STDERR_REDIRECT] [Fatal Error] :1:1: Premature end of file.
2025-12-13 15:35:01,134 [ERROR] LogOutputStream:75 - [STDERR_REDIRECT] 
2025-12-13 15:35:03,277 [ERROR] LogOutputStream:75 - [STDERR_REDIRECT] [Fatal Error] :1:1: Premature end of file.
2025-12-13 15:35:03,277 [ERROR] LogOutputStream:75 - [STDERR_REDIRECT] 
2025-12-13 15:35:03,336 [ERROR] LogOutputStream:75 - [STDERR_REDIRECT] [Fatal Error] :1:1: Premature end of file.
2025-12-13 15:35:03,336 [ERROR] LogOutputStream:75 - [STDERR_REDIRECT] 
2025-12-13 15:35:04,135 [ERROR] LogOutputStream:75 - [STDERR_REDIRECT] [Fatal Error] :1:1: Premature end of file.
2025-12-13 15:35:04,135 [ERROR] LogOutputStream:75 - [STDERR_REDIRECT] 
2025-12-13 15:35:05,123 [ERROR] LogOutputStream:75 - [STDERR_REDIRECT] [Fatal Error] :1:1: Premature end of file.
2025-12-13 15:35:05,123 [ERROR] LogOutputStream:75 - [STDERR_REDIRECT] 
2025-12-13 15:35:06,125 [ERROR] LogOutputStream:75 - [STDERR_REDIRECT] [Fatal Error] :1:1: Premature end of file.
2025-12-13 15:35:06,126 [ERROR] LogOutputStream:75 - [STDERR_REDIRECT] 
2025-12-13 15:35:07,141 [ERROR] LogOutputStream:75 - [STDERR_REDIRECT] [Fatal Error] :1:1: Premature end of file.
2025-12-13 15:35:07,141 [ERROR] LogOutputStream:75 - [STDERR_REDIRECT] 
2025-12-13 15:35:08,831 [ERROR] LogOutputStream:75 - [STDERR_REDIRECT] [Fatal Error] :1:1: Premature end of file.
2025-12-13 15:35:08,832 [ERROR] LogOutputStream:75 - [STDERR_REDIRECT] 
2025-12-13 15:35:09,134 [ERROR] LogOutputStream:75 - [STDERR_REDIRECT] [Fatal Error] :1:1: Premature end of file.
2025-12-13 15:35:09,135 [ERROR] LogOutputStream:75 - [STDERR_REDIRECT] 
2025-12-13 15:35:10,124 [ERROR] LogOutputStream:75 - [STDERR_REDIRECT] [Fatal Error] :1:1: Premature end of file.
2025-12-13 15:35:10,125 [ERROR] LogOutputStream:75 - [STDERR_REDIRECT] 
2025-12-13 15:35:11,130 [ERROR] LogOutputStream:75 - [STDERR_REDIRECT] [Fatal Error] :1:1: Premature end of file.
2025-12-13 15:35:11,130 [ERROR] LogOutputStream:75 - [STDERR_REDIRECT] 
2025-12-13 15:35:12,128 [ERROR] LogOutputStream:75 - [STDERR_REDIRECT] [Fatal Error] :1:1: Premature end of file.
2025-12-13 15:35:12,128 [ERROR] LogOutputStream:75 - [STDERR_REDIRECT] 
2025-12-13 15:35:13,131 [ERROR] LogOutputStream:75 - [STDERR_REDIRECT] [Fatal Error] :1:1: Premature end of file.
2025-12-13 15:35:13,131 [ERROR] LogOutputStream:75 - [STDERR_REDIRECT] 
2025-12-13 15:35:14,129 [ERROR] LogOutputStream:75 - [STDERR_REDIRECT] [Fatal Error] :1:1: Premature end of file.
2025-12-13 15:35:14,129 [ERROR] LogOutputStream:75 - [STDERR_REDIRECT] 
2025-12-13 15:35:15,131 [ERROR] LogOutputStream:75 - [STDERR_REDIRECT] [Fatal Error] :1:1: Premature end of file.
2025-12-13 15:35:15,132 [ERROR] LogOutputStream:75 - [STDERR_REDIRECT] 
2025-12-13 15:35:16,129 [ERROR] LogOutputStream:75 - [STDERR_REDIRECT] [Fatal Error] :1:1: Premature end of file.
2025-12-13 15:35:16,130 [ERROR] LogOutputStream:75 - [STDERR_REDIRECT] 
2025-12-13 15:35:17,133 [ERROR] LogOutputStream:75 - [STDERR_REDIRECT] [Fatal Error] :1:1: Premature end of file.
2025-12-13 15:35:17,134 [ERROR] LogOutputStream:75 - [STDERR_REDIRECT] 
2025-12-13 15:35:18,147 [ERROR] LogOutputStream:75 - [STDERR_REDIRECT] [Fatal Error] :1:1: Premature end of file.
2025-12-13 15:35:18,148 [ERROR] LogOutputStream:75 - [STDERR_REDIRECT] 
2025-12-13 15:35:19,133 [ERROR] LogOutputStream:75 - [STDERR_REDIRECT] [Fatal Error] :1:1: Premature end of file.
2025-12-13 15:35:19,134 [ERROR] LogOutputStream:75 - [STDERR_REDIRECT] 
2025-12-13 15:35:20,130 [ERROR] LogOutputStream:75 - [STDERR_REDIRECT] [Fatal Error] :1:1: Premature end of file.
2025-12-13 15:35:20,131 [ERROR] LogOutputStream:75 - [STDERR_REDIRECT] 
2025-12-13 15:35:21,128 [ERROR] LogOutputStream:75 - [STDERR_REDIRECT] [Fatal Error] :1:1: Premature end of file.
2025-12-13 15:35:21,128 [ERROR] LogOutputStream:75 - [STDERR_REDIRECT] 
2025-12-13 15:35:22,140 [ERROR] LogOutputStream:75 - [STDERR_REDIRECT] [Fatal Error] :1:1: Premature end of file.
2025-12-13 15:35:22,143 [ERROR] LogOutputStream:75 - [STDERR_REDIRECT] 
2025-12-13 15:35:23,140 [ERROR] LogOutputStream:75 - [STDERR_REDIRECT] [Fatal Error] :1:1: Premature end of file.
2025-12-13 15:35:23,142 [ERROR] LogOutputStream:75 - [STDERR_REDIRECT] 
2025-12-13 15:35:24,139 [ERROR] LogOutputStream:75 - [STDERR_REDIRECT] [Fatal Error] :1:1: Premature end of file.
2025-12-13 15:35:24,141 [ERROR] LogOutputStream:75 - [STDERR_REDIRECT] 
2025-12-13 15:35:25,127 [ERROR] LogOutputStream:75 - [STDERR_REDIRECT] [Fatal Error] :1:1: Premature end of file.
2025-12-13 15:35:25,128 [ERROR] LogOutputStream:75 - [STDERR_REDIRECT] 
2025-12-13 15:35:26,144 [ERROR] LogOutputStream:75 - [STDERR_REDIRECT] [Fatal Error] :1:1: Premature end of file.
2025-12-13 15:35:26,147 [ERROR] LogOutputStream:75 - [STDERR_REDIRECT] 
2025-12-13 15:35:27,125 [ERROR] LogOutputStream:75 - [STDERR_REDIRECT] [Fatal Error] :1:1: Premature end of file.
2025-12-13 15:35:27,125 [ERROR] LogOutputStream:75 - [STDERR_REDIRECT] 
2025-12-13 15:35:28,138 [ERROR] LogOutputStream:75 - [STDERR_REDIRECT] [Fatal Error] :1:1: Premature end of file.
2025-12-13 15:35:28,138 [ERROR] LogOutputStream:75 - [STDERR_REDIRECT] 
2025-12-13 15:35:29,122 [ERROR] LogOutputStream:75 - [STDERR_REDIRECT] [Fatal Error] :1:1: Premature end of file.
2025-12-13 15:35:29,122 [ERROR] LogOutputStream:75 - [STDERR_REDIRECT] 
2025-12-13 15:35:30,131 [ERROR] LogOutputStream:75 - [STDERR_REDIRECT] [Fatal Error] :1:1: Premature end of file.
2025-12-13 15:35:30,131 [ERROR] LogOutputStream:75 - [STDERR_REDIRECT] 
2025-12-13 15:35:31,150 [ERROR] LogOutputStream:75 - [STDERR_REDIRECT] [Fatal Error] :1:1: Premature end of file.
2025-12-13 15:35:31,151 [ERROR] LogOutputStream:75 - [STDERR_REDIRECT] 
2025-12-13 15:35:32,139 [ERROR] LogOutputStream:75 - [STDERR_REDIRECT] [Fatal Error] :1:1: Premature end of file.
2025-12-13 15:35:32,141 [ERROR] LogOutputStream:75 - [STDERR_REDIRECT] 
2025-12-13 15:35:33,118 [ERROR] LogOutputStream:75 - [STDERR_REDIRECT] [Fatal Error] :1:1: Premature end of file.
2025-12-13 15:35:33,119 [ERROR] LogOutputStream:75 - [STDERR_REDIRECT] 
2025-12-13 15:35:34,125 [ERROR] LogOutputStream:75 - [STDERR_REDIRECT] [Fatal Error] :1:1: Premature end of file.
2025-12-13 15:35:34,127 [ERROR] LogOutputStream:75 - [STDERR_REDIRECT] 
2025-12-13 15:35:35,138 [ERROR] LogOutputStream:75 - [STDERR_REDIRECT] [Fatal Error] :1:1: Premature end of file.
2025-12-13 15:35:35,139 [ERROR] LogOutputStream:75 - [STDERR_REDIRECT] 
2025-12-13 15:35:36,130 [ERROR] LogOutputStream:75 - [STDERR_REDIRECT] [Fatal Error] :1:1: Premature end of file.
2025-12-13 15:35:36,131 [ERROR] LogOutputStream:75 - [STDERR_REDIRECT] 
2025-12-13 15:35:37,121 [ERROR] LogOutputStream:75 - [STDERR_REDIRECT] [Fatal Error] :1:1: Premature end of file.
2025-12-13 15:35:37,122 [ERROR] LogOutputStream:75 - [STDERR_REDIRECT] 
2025-12-13 15:35:38,126 [ERROR] LogOutputStream:75 - [STDERR_REDIRECT] [Fatal Error] :1:1: Premature end of file.
2025-12-13 15:35:38,127 [ERROR] LogOutputStream:75 - [STDERR_REDIRECT] 
2025-12-13 15:35:39,127 [ERROR] LogOutputStream:75 - [STDERR_REDIRECT] [Fatal Error] :1:1: Premature end of file.
2025-12-13 15:35:39,127 [ERROR] LogOutputStream:75 - [STDERR_REDIRECT] 
2025-12-13 15:35:40,128 [ERROR] LogOutputStream:75 - [STDERR_REDIRECT] [Fatal Error] :1:1: Premature end of file.
2025-12-13 15:35:40,129 [ERROR] LogOutputStream:75 - [STDERR_REDIRECT] 
2025-12-13 15:35:41,123 [ERROR] LogOutputStream:75 - [STDERR_REDIRECT] [Fatal Error] :1:1: Premature end of file.
2025-12-13 15:35:41,123 [ERROR] LogOutputStream:75 - [STDERR_REDIRECT] 
2025-12-13 15:35:42,125 [ERROR] LogOutputStream:75 - [STDERR_REDIRECT] [Fatal Error] :1:1: Premature end of file.
2025-12-13 15:35:42,125 [ERROR] LogOutputStream:75 - [STDERR_REDIRECT] 
2025-12-13 15:35:43,123 [ERROR] LogOutputStream:75 - [STDERR_REDIRECT] [Fatal Error] :1:1: Premature end of file.
2025-12-13 15:35:43,123 [ERROR] LogOutputStream:75 - [STDERR_REDIRECT] 
2025-12-13 15:35:44,127 [ERROR] LogOutputStream:75 - [STDERR_REDIRECT] [Fatal Error] :1:1: Premature end of file.
2025-12-13 15:35:44,127 [ERROR] LogOutputStream:75 - [STDERR_REDIRECT] 
2025-12-13 15:35:45,135 [ERROR] LogOutputStream:75 - [STDERR_REDIRECT] [Fatal Error] :1:1: Premature end of file.
2025-12-13 15:35:45,139 [ERROR] LogOutputStream:75 - [STDERR_REDIRECT] 
2025-12-13 15:35:46,144 [ERROR] LogOutputStream:75 - [STDERR_REDIRECT] [Fatal Error] :1:1: Premature end of file.
2025-12-13 15:35:46,148 [ERROR] LogOutputStream:75 - [STDERR_REDIRECT] 
2025-12-13 15:35:47,149 [ERROR] LogOutputStream:75 - [STDERR_REDIRECT] [Fatal Error] :1:1: Premature end of file.
2025-12-13 15:35:47,152 [ERROR] LogOutputStream:75 - [STDERR_REDIRECT] 
2025-12-13 15:35:48,143 [ERROR] LogOutputStream:75 - [STDERR_REDIRECT] [Fatal Error] :1:1: Premature end of file.
2025-12-13 15:35:48,150 [ERROR] LogOutputStream:75 - [STDERR_REDIRECT] 
2025-12-13 15:35:49,119 [ERROR] LogOutputStream:75 - [STDERR_REDIRECT] [Fatal Error] :1:1: Premature end of file.
2025-12-13 15:35:49,120 [ERROR] LogOutputStream:75 - [STDERR_REDIRECT] 
2025-12-13 15:35:50,139 [ERROR] LogOutputStream:75 - [STDERR_REDIRECT] [Fatal Error] :1:1: Premature end of file.
2025-12-13 15:35:50,141 [ERROR] LogOutputStream:75 - [STDERR_REDIRECT] 
2025-12-13 15:35:51,126 [ERROR] LogOutputStream:75 - [STDERR_REDIRECT] [Fatal Error] :1:1: Premature end of file.
2025-12-13 15:35:51,127 [ERROR] LogOutputStream:75 - [STDERR_REDIRECT] 
2025-12-13 15:35:52,132 [ERROR] LogOutputStream:75 - [STDERR_REDIRECT] [Fatal Error] :1:1: Premature end of file.
2025-12-13 15:35:52,132 [ERROR] LogOutputStream:75 - [STDERR_REDIRECT] 
2025-12-13 15:35:53,128 [ERROR] LogOutputStream:75 - [STDERR_REDIRECT] [Fatal Error] :1:1: Premature end of file.
2025-12-13 15:35:53,128 [ERROR] LogOutputStream:75 - [STDERR_REDIRECT] 
2025-12-13 15:35:54,127 [ERROR] LogOutputStream:75 - [STDERR_REDIRECT] [Fatal Error] :1:1: Premature end of file.
2025-12-13 15:35:54,128 [ERROR] LogOutputStream:75 - [STDERR_REDIRECT] 
2025-12-13 15:35:55,123 [ERROR] LogOutputStream:75 - [STDERR_REDIRECT] [Fatal Error] :1:1: Premature end of file.
2025-12-13 15:35:55,123 [ERROR] LogOutputStream:75 - [STDERR_REDIRECT] 
2025-12-13 15:35:56,124 [ERROR] LogOutputStream:75 - [STDERR_REDIRECT] [Fatal Error] :1:1: Premature end of file.
2025-12-13 15:35:56,124 [ERROR] LogOutputStream:75 - [STDERR_REDIRECT] 
2025-12-13 15:35:57,126 [ERROR] LogOutputStream:75 - [STDERR_REDIRECT] [Fatal Error] :1:1: Premature end of file.
2025-12-13 15:35:57,127 [ERROR] LogOutputStream:75 - [STDERR_REDIRECT] 
2025-12-13 15:35:58,134 [ERROR] LogOutputStream:75 - [STDERR_REDIRECT] [Fatal Error] :1:1: Premature end of file.
2025-12-13 15:35:58,134 [ERROR] LogOutputStream:75 - [STDERR_REDIRECT] 
2025-12-13 15:35:59,127 [ERROR] LogOutputStream:75 - [STDERR_REDIRECT] [Fatal Error] :1:1: Premature end of file.
2025-12-13 15:35:59,127 [ERROR] LogOutputStream:75 - [STDERR_REDIRECT] 
2025-12-13 15:36:00,135 [ERROR] LogOutputStream:75 - [STDERR_REDIRECT] [Fatal Error] :1:1: Premature end of file.
2025-12-13 15:36:00,135 [ERROR] LogOutputStream:75 - [STDERR_REDIRECT] 
2025-12-13 15:36:01,123 [ERROR] LogOutputStream:75 - [STDERR_REDIRECT] [Fatal Error] :1:1: Premature end of file.
2025-12-13 15:36:01,124 [ERROR] LogOutputStream:75 - [STDERR_REDIRECT] 
2025-12-13 15:36:02,130 [ERROR] LogOutputStream:75 - [STDERR_REDIRECT] [Fatal Error] :1:1: Premature end of file.
2025-12-13 15:36:02,131 [ERROR] LogOutputStream:75 - [STDERR_REDIRECT] 
2025-12-13 15:36:03,127 [ERROR] LogOutputStream:75 - [STDERR_REDIRECT] [Fatal Error] :1:1: Premature end of file.
2025-12-13 15:36:03,128 [ERROR] LogOutputStream:75 - [STDERR_REDIRECT] 
2025-12-13 15:36:04,129 [ERROR] LogOutputStream:75 - [STDERR_REDIRECT] [Fatal Error] :1:1: Premature end of file.
2025-12-13 15:36:04,129 [ERROR] LogOutputStream:75 - [STDERR_REDIRECT] 
2025-12-13 15:36:05,125 [ERROR] LogOutputStream:75 - [STDERR_REDIRECT] [Fatal Error] :1:1: Premature end of file.
2025-12-13 15:36:05,125 [ERROR] LogOutputStream:75 - [STDERR_REDIRECT] 
2025-12-13 15:36:06,138 [ERROR] LogOutputStream:75 - [STDERR_REDIRECT] [Fatal Error] :1:1: Premature end of file.
2025-12-13 15:36:06,138 [ERROR] LogOutputStream:75 - [STDERR_REDIRECT] 
2025-12-13 15:36:07,125 [ERROR] LogOutputStream:75 - [STDERR_REDIRECT] [Fatal Error] :1:1: Premature end of file.
2025-12-13 15:36:07,127 [ERROR] LogOutputStream:75 - [STDERR_REDIRECT] 
2025-12-13 15:36:08,123 [ERROR] LogOutputStream:75 - [STDERR_REDIRECT] [Fatal Error] :1:1: Premature end of file.
2025-12-13 15:36:08,124 [ERROR] LogOutputStream:75 - [STDERR_REDIRECT] 
2025-12-13 15:36:09,139 [ERROR] LogOutputStream:75 - [STDERR_REDIRECT] [Fatal Error] :1:1: Premature end of file.
2025-12-13 15:36:09,140 [ERROR] LogOutputStream:75 - [STDERR_REDIRECT] 
2025-12-13 15:36:10,126 [ERROR] LogOutputStream:75 - [STDERR_REDIRECT] [Fatal Error] :1:1: Premature end of file.
2025-12-13 15:36:10,127 [ERROR] LogOutputStream:75 - [STDERR_REDIRECT] 
2025-12-13 15:36:11,129 [ERROR] LogOutputStream:75 - [STDERR_REDIRECT] [Fatal Error] :1:1: Premature end of file.
2025-12-13 15:36:11,129 [ERROR] LogOutputStream:75 - [STDERR_REDIRECT] 
2025-12-13 15:36:12,132 [ERROR] LogOutputStream:75 - [STDERR_REDIRECT] [Fatal Error] :1:1: Premature end of file.
2025-12-13 15:36:12,132 [ERROR] LogOutputStream:75 - [STDERR_REDIRECT] 
2025-12-13 15:36:13,131 [ERROR] LogOutputStream:75 - [STDERR_REDIRECT] [Fatal Error] :1:1: Premature end of file.
2025-12-13 15:36:13,131 [ERROR] LogOutputStream:75 - [STDERR_REDIRECT] 
2025-12-13 15:36:14,137 [ERROR] LogOutputStream:75 - [STDERR_REDIRECT] [Fatal Error] :1:1: Premature end of file.
2025-12-13 15:36:14,138 [ERROR] LogOutputStream:75 - [STDERR_REDIRECT] 
2025-12-13 15:36:15,132 [ERROR] LogOutputStream:75 - [STDERR_REDIRECT] [Fatal Error] :1:1: Premature end of file.
2025-12-13 15:36:15,132 [ERROR] LogOutputStream:75 - [STDERR_REDIRECT] 
2025-12-13 15:36:16,130 [ERROR] LogOutputStream:75 - [STDERR_REDIRECT] [Fatal Error] :1:1: Premature end of file.
2025-12-13 15:36:16,130 [ERROR] LogOutputStream:75 - [STDERR_REDIRECT] 
2025-12-13 15:36:17,135 [ERROR] LogOutputStream:75 - [STDERR_REDIRECT] [Fatal Error] :1:1: Premature end of file.
2025-12-13 15:36:17,135 [ERROR] LogOutputStream:75 - [STDERR_REDIRECT] 
2025-12-13 15:36:18,142 [ERROR] LogOutputStream:75 - [STDERR_REDIRECT] [Fatal Error] :1:1: Premature end of file.
2025-12-13 15:36:18,143 [ERROR] LogOutputStream:75 - [STDERR_REDIRECT] 
2025-12-13 15:36:19,152 [ERROR] LogOutputStream:75 - [STDERR_REDIRECT] [Fatal Error] :1:1: Premature end of file.
2025-12-13 15:36:19,153 [ERROR] LogOutputStream:75 - [STDERR_REDIRECT] 
2025-12-13 15:36:20,131 [ERROR] LogOutputStream:75 - [STDERR_REDIRECT] [Fatal Error] :1:1: Premature end of file.
2025-12-13 15:36:20,132 [ERROR] LogOutputStream:75 - [STDERR_REDIRECT] 
2025-12-13 15:36:21,129 [ERROR] LogOutputStream:75 - [STDERR_REDIRECT] [Fatal Error] :1:1: Premature end of file.
2025-12-13 15:36:21,129 [ERROR] LogOutputStream:75 - [STDERR_REDIRECT] 
2025-12-13 15:36:22,133 [ERROR] LogOutputStream:75 - [STDERR_REDIRECT] [Fatal Error] :1:1: Premature end of file.
2025-12-13 15:36:22,133 [ERROR] LogOutputStream:75 - [STDERR_REDIRECT] 
2025-12-13 15:36:23,138 [ERROR] LogOutputStream:75 - [STDERR_REDIRECT] [Fatal Error] :1:1: Premature end of file.
2025-12-13 15:36:23,139 [ERROR] LogOutputStream:75 - [STDERR_REDIRECT] 
2025-12-13 15:36:24,125 [ERROR] LogOutputStream:75 - [STDERR_REDIRECT] [Fatal Error] :1:1: Premature end of file.
2025-12-13 15:36:24,125 [ERROR] LogOutputStream:75 - [STDERR_REDIRECT] 
2025-12-13 15:36:25,129 [ERROR] LogOutputStream:75 - [STDERR_REDIRECT] [Fatal Error] :1:1: Premature end of file.
2025-12-13 15:36:25,129 [ERROR] LogOutputStream:75 - [STDERR_REDIRECT] 
2025-12-13 15:36:26,135 [ERROR] LogOutputStream:75 - [STDERR_REDIRECT] [Fatal Error] :1:1: Premature end of file.
2025-12-13 15:36:26,136 [ERROR] LogOutputStream:75 - [STDERR_REDIRECT] 
2025-12-13 15:36:27,128 [ERROR] LogOutputStream:75 - [STDERR_REDIRECT] [Fatal Error] :1:1: Premature end of file.
2025-12-13 15:36:27,129 [ERROR] LogOutputStream:75 - [STDERR_REDIRECT] 
2025-12-13 15:36:28,130 [ERROR] LogOutputStream:75 - [STDERR_REDIRECT] [Fatal Error] :1:1: Premature end of file.
2025-12-13 15:36:28,131 [ERROR] LogOutputStream:75 - [STDERR_REDIRECT] 
2025-12-13 15:36:29,130 [ERROR] LogOutputStream:75 - [STDERR_REDIRECT] [Fatal Error] :1:1: Premature end of file.
2025-12-13 15:36:29,130 [ERROR] LogOutputStream:75 - [STDERR_REDIRECT] 
2025-12-13 15:36:30,140 [ERROR] LogOutputStream:75 - [STDERR_REDIRECT] [Fatal Error] :1:1: Premature end of file.
2025-12-13 15:36:30,140 [ERROR] LogOutputStream:75 - [STDERR_REDIRECT] 
2025-12-13 15:36:31,123 [ERROR] LogOutputStream:75 - [STDERR_REDIRECT] [Fatal Error] :1:1: Premature end of file.
2025-12-13 15:36:31,123 [ERROR] LogOutputStream:75 - [STDERR_REDIRECT] 
2025-12-13 15:36:32,129 [ERROR] LogOutputStream:75 - [STDERR_REDIRECT] [Fatal Error] :1:1: Premature end of file.
2025-12-13 15:36:32,129 [ERROR] LogOutputStream:75 - [STDERR_REDIRECT] 
2025-12-13 15:36:33,126 [ERROR] LogOutputStream:75 - [STDERR_REDIRECT] [Fatal Error] :1:1: Premature end of file.
2025-12-13 15:36:33,126 [ERROR] LogOutputStream:75 - [STDERR_REDIRECT] 
2025-12-13 15:36:34,125 [ERROR] LogOutputStream:75 - [STDERR_REDIRECT] [Fatal Error] :1:1: Premature end of file.
2025-12-13 15:36:34,127 [ERROR] LogOutputStream:75 - [STDERR_REDIRECT] 
2025-12-13 15:36:35,133 [ERROR] LogOutputStream:75 - [STDERR_REDIRECT] [Fatal Error] :1:1: Premature end of file.
2025-12-13 15:36:35,133 [ERROR] LogOutputStream:75 - [STDERR_REDIRECT] 
2025-12-13 15:36:36,132 [ERROR] LogOutputStream:75 - [STDERR_REDIRECT] [Fatal Error] :1:1: Premature end of file.
2025-12-13 15:36:36,132 [ERROR] LogOutputStream:75 - [STDERR_REDIRECT] 
2025-12-13 15:36:37,129 [ERROR] LogOutputStream:75 - [STDERR_REDIRECT] [Fatal Error] :1:1: Premature end of file.
2025-12-13 15:36:37,130 [ERROR] LogOutputStream:75 - [STDERR_REDIRECT] 
2025-12-13 15:36:38,139 [ERROR] LogOutputStream:75 - [STDERR_REDIRECT] [Fatal Error] :1:1: Premature end of file.
2025-12-13 15:36:38,140 [ERROR] LogOutputStream:75 - [STDERR_REDIRECT] 
2025-12-13 15:36:39,129 [ERROR] LogOutputStream:75 - [STDERR_REDIRECT] [Fatal Error] :1:1: Premature end of file.
2025-12-13 15:36:39,129 [ERROR] LogOutputStream:75 - [STDERR_REDIRECT] 
2025-12-13 15:36:40,131 [ERROR] LogOutputStream:75 - [STDERR_REDIRECT] [Fatal Error] :1:1: Premature end of file.
2025-12-13 15:36:40,132 [ERROR] LogOutputStream:75 - [STDERR_REDIRECT] 
2025-12-13 15:36:41,130 [ERROR] LogOutputStream:75 - [STDERR_REDIRECT] [Fatal Error] :1:1: Premature end of file.
2025-12-13 15:36:41,131 [ERROR] LogOutputStream:75 - [STDERR_REDIRECT] 
2025-12-13 15:36:42,148 [ERROR] LogOutputStream:75 - [STDERR_REDIRECT] [Fatal Error] :1:1: Premature end of file.
2025-12-13 15:36:42,148 [ERROR] LogOutputStream:75 - [STDERR_REDIRECT] 
2025-12-13 15:36:43,131 [ERROR] LogOutputStream:75 - [STDERR_REDIRECT] [Fatal Error] :1:1: Premature end of file.
2025-12-13 15:36:43,132 [ERROR] LogOutputStream:75 - [STDERR_REDIRECT] 
2025-12-13 15:36:44,124 [ERROR] LogOutputStream:75 - [STDERR_REDIRECT] [Fatal Error] :1:1: Premature end of file.
2025-12-13 15:36:44,125 [ERROR] LogOutputStream:75 - [STDERR_REDIRECT] 
2025-12-13 15:36:45,140 [ERROR] LogOutputStream:75 - [STDERR_REDIRECT] [Fatal Error] :1:1: Premature end of file.
2025-12-13 15:36:45,140 [ERROR] LogOutputStream:75 - [STDERR_REDIRECT] 
2025-12-13 15:36:46,131 [ERROR] LogOutputStream:75 - [STDERR_REDIRECT] [Fatal Error] :1:1: Premature end of file.
2025-12-13 15:36:46,132 [ERROR] LogOutputStream:75 - [STDERR_REDIRECT] 
2025-12-13 15:36:47,131 [ERROR] LogOutputStream:75 - [STDERR_REDIRECT] [Fatal Error] :1:1: Premature end of file.
2025-12-13 15:36:47,132 [ERROR] LogOutputStream:75 - [STDERR_REDIRECT] 
2025-12-13 15:36:48,137 [ERROR] LogOutputStream:75 - [STDERR_REDIRECT] [Fatal Error] :1:1: Premature end of file.
2025-12-13 15:36:48,137 [ERROR] LogOutputStream:75 - [STDERR_REDIRECT] 
2025-12-13 15:36:49,147 [ERROR] LogOutputStream:75 - [STDERR_REDIRECT] [Fatal Error] :1:1: Premature end of file.
2025-12-13 15:36:49,147 [ERROR] LogOutputStream:75 - [STDERR_REDIRECT] 
2025-12-13 15:36:50,127 [ERROR] LogOutputStream:75 - [STDERR_REDIRECT] [Fatal Error] :1:1: Premature end of file.
2025-12-13 15:36:50,127 [ERROR] LogOutputStream:75 - [STDERR_REDIRECT] 
2025-12-13 15:36:51,125 [ERROR] LogOutputStream:75 - [STDERR_REDIRECT] [Fatal Error] :1:1: Premature end of file.
2025-12-13 15:36:51,126 [ERROR] LogOutputStream:75 - [STDERR_REDIRECT] 
2025-12-13 15:36:52,128 [ERROR] LogOutputStream:75 - [STDERR_REDIRECT] [Fatal Error] :1:1: Premature end of file.
2025-12-13 15:36:52,128 [ERROR] LogOutputStream:75 - [STDERR_REDIRECT] 
2025-12-13 15:36:53,131 [ERROR] LogOutputStream:75 - [STDERR_REDIRECT] [Fatal Error] :1:1: Premature end of file.
2025-12-13 15:36:53,132 [ERROR] LogOutputStream:75 - [STDERR_REDIRECT] 
2025-12-13 15:36:54,135 [ERROR] LogOutputStream:75 - [STDERR_REDIRECT] [Fatal Error] :1:1: Premature end of file.
2025-12-13 15:36:54,135 [ERROR] LogOutputStream:75 - [STDERR_REDIRECT] 
2025-12-13 15:36:55,131 [ERROR] LogOutputStream:75 - [STDERR_REDIRECT] [Fatal Error] :1:1: Premature end of file.
2025-12-13 15:36:55,132 [ERROR] LogOutputStream:75 - [STDERR_REDIRECT] 
2025-12-13 15:36:56,140 [ERROR] LogOutputStream:75 - [STDERR_REDIRECT] [Fatal Error] :1:1: Premature end of file.
2025-12-13 15:36:56,140 [ERROR] LogOutputStream:75 - [STDERR_REDIRECT] 
2025-12-13 15:36:57,132 [ERROR] LogOutputStream:75 - [STDERR_REDIRECT] [Fatal Error] :1:1: Premature end of file.
2025-12-13 15:36:57,133 [ERROR] LogOutputStream:75 - [STDERR_REDIRECT] 
2025-12-13 15:36:58,137 [ERROR] LogOutputStream:75 - [STDERR_REDIRECT] [Fatal Error] :1:1: Premature end of file.
2025-12-13 15:36:58,137 [ERROR] LogOutputStream:75 - [STDERR_REDIRECT] 
2025-12-13 15:36:59,134 [ERROR] LogOutputStream:75 - [STDERR_REDIRECT] [Fatal Error] :1:1: Premature end of file.
2025-12-13 15:36:59,134 [ERROR] LogOutputStream:75 - [STDERR_REDIRECT] 
2025-12-13 15:37:00,139 [ERROR] LogOutputStream:75 - [STDERR_REDIRECT] [Fatal Error] :1:1: Premature end of file.
2025-12-13 15:37:00,139 [ERROR] LogOutputStream:75 - [STDERR_REDIRECT] 
2025-12-13 15:37:01,120 [ERROR] LogOutputStream:75 - [STDERR_REDIRECT] [Fatal Error] :1:1: Premature end of file.
2025-12-13 15:37:01,121 [ERROR] LogOutputStream:75 - [STDERR_REDIRECT] 
2025-12-13 15:37:02,133 [ERROR] LogOutputStream:75 - [STDERR_REDIRECT] [Fatal Error] :1:1: Premature end of file.
2025-12-13 15:37:02,133 [ERROR] LogOutputStream:75 - [STDERR_REDIRECT] 
2025-12-13 15:37:03,124 [ERROR] LogOutputStream:75 - [STDERR_REDIRECT] [Fatal Error] :1:1: Premature end of file.
2025-12-13 15:37:03,125 [ERROR] LogOutputStream:75 - [STDERR_REDIRECT] 
2025-12-13 15:37:04,135 [ERROR] LogOutputStream:75 - [STDERR_REDIRECT] [Fatal Error] :1:1: Premature end of file.
2025-12-13 15:37:04,135 [ERROR] LogOutputStream:75 - [STDERR_REDIRECT] 
2025-12-13 15:37:05,129 [ERROR] LogOutputStream:75 - [STDERR_REDIRECT] [Fatal Error] :1:1: Premature end of file.
2025-12-13 15:37:05,130 [ERROR] LogOutputStream:75 - [STDERR_REDIRECT] 
2025-12-13 15:37:06,137 [ERROR] LogOutputStream:75 - [STDERR_REDIRECT] [Fatal Error] :1:1: Premature end of file.
2025-12-13 15:37:06,137 [ERROR] LogOutputStream:75 - [STDERR_REDIRECT] 
2025-12-13 15:37:07,139 [ERROR] LogOutputStream:75 - [STDERR_REDIRECT] [Fatal Error] :1:1: Premature end of file.
2025-12-13 15:37:07,139 [ERROR] LogOutputStream:75 - [STDERR_REDIRECT] 
2025-12-13 15:37:08,175 [ERROR] LogOutputStream:75 - [STDERR_REDIRECT] [Fatal Error] :1:1: Premature end of file.
2025-12-13 15:37:08,176 [ERROR] LogOutputStream:75 - [STDERR_REDIRECT] 
2025-12-13 15:37:09,129 [ERROR] LogOutputStream:75 - [STDERR_REDIRECT] [Fatal Error] :1:1: Premature end of file.
2025-12-13 15:37:09,129 [ERROR] LogOutputStream:75 - [STDERR_REDIRECT] 
2025-12-13 15:37:10,127 [ERROR] LogOutputStream:75 - [STDERR_REDIRECT] [Fatal Error] :1:1: Premature end of file.
2025-12-13 15:37:10,127 [ERROR] LogOutputStream:75 - [STDERR_REDIRECT] 
2025-12-13 15:37:11,126 [ERROR] LogOutputStream:75 - [STDERR_REDIRECT] [Fatal Error] :1:1: Premature end of file.
2025-12-13 15:37:11,127 [ERROR] LogOutputStream:75 - [STDERR_REDIRECT] 
2025-12-13 15:37:12,131 [ERROR] LogOutputStream:75 - [STDERR_REDIRECT] [Fatal Error] :1:1: Premature end of file.
2025-12-13 15:37:12,132 [ERROR] LogOutputStream:75 - [STDERR_REDIRECT] 
2025-12-13 15:37:13,132 [ERROR] LogOutputStream:75 - [STDERR_REDIRECT] [Fatal Error] :1:1: Premature end of file.
2025-12-13 15:37:13,133 [ERROR] LogOutputStream:75 - [STDERR_REDIRECT] 
2025-12-13 15:37:14,145 [ERROR] LogOutputStream:75 - [STDERR_REDIRECT] [Fatal Error] :1:1: Premature end of file.
2025-12-13 15:37:14,146 [ERROR] LogOutputStream:75 - [STDERR_REDIRECT] 
2025-12-13 15:37:15,141 [ERROR] LogOutputStream:75 - [STDERR_REDIRECT] [Fatal Error] :1:1: Premature end of file.
2025-12-13 15:37:15,142 [ERROR] LogOutputStream:75 - [STDERR_REDIRECT] 
2025-12-13 15:37:16,133 [ERROR] LogOutputStream:75 - [STDERR_REDIRECT] [Fatal Error] :1:1: Premature end of file.
2025-12-13 15:37:16,134 [ERROR] LogOutputStream:75 - [STDERR_REDIRECT] 
2025-12-13 15:37:17,129 [ERROR] LogOutputStream:75 - [STDERR_REDIRECT] [Fatal Error] :1:1: Premature end of file.
2025-12-13 15:37:17,130 [ERROR] LogOutputStream:75 - [STDERR_REDIRECT] 
2025-12-13 15:37:18,140 [ERROR] LogOutputStream:75 - [STDERR_REDIRECT] [Fatal Error] :1:1: Premature end of file.
2025-12-13 15:37:18,141 [ERROR] LogOutputStream:75 - [STDERR_REDIRECT] 
2025-12-13 15:37:19,124 [ERROR] LogOutputStream:75 - [STDERR_REDIRECT] [Fatal Error] :1:1: Premature end of file.
2025-12-13 15:37:19,125 [ERROR] LogOutputStream:75 - [STDERR_REDIRECT] 
2025-12-13 15:37:20,129 [ERROR] LogOutputStream:75 - [STDERR_REDIRECT] [Fatal Error] :1:1: Premature end of file.
2025-12-13 15:37:20,130 [ERROR] LogOutputStream:75 - [STDERR_REDIRECT] 
2025-12-13 15:37:21,152 [ERROR] LogOutputStream:75 - [STDERR_REDIRECT] [Fatal Error] :1:1: Premature end of file.
2025-12-13 15:37:21,157 [ERROR] LogOutputStream:75 - [STDERR_REDIRECT] 
2025-12-13 15:37:22,135 [ERROR] LogOutputStream:75 - [STDERR_REDIRECT] [Fatal Error] :1:1: Premature end of file.
2025-12-13 15:37:22,137 [ERROR] LogOutputStream:75 - [STDERR_REDIRECT] 
2025-12-13 15:37:23,142 [ERROR] LogOutputStream:75 - [STDERR_REDIRECT] [Fatal Error] :1:1: Premature end of file.
2025-12-13 15:37:23,144 [ERROR] LogOutputStream:75 - [STDERR_REDIRECT] 
2025-12-13 15:37:24,129 [ERROR] LogOutputStream:75 - [STDERR_REDIRECT] [Fatal Error] :1:1: Premature end of file.
2025-12-13 15:37:24,130 [ERROR] LogOutputStream:75 - [STDERR_REDIRECT] 
2025-12-13 15:37:25,141 [ERROR] LogOutputStream:75 - [STDERR_REDIRECT] [Fatal Error] :1:1: Premature end of file.
2025-12-13 15:37:25,142 [ERROR] LogOutputStream:75 - [STDERR_REDIRECT] 
2025-12-13 15:37:26,139 [ERROR] LogOutputStream:75 - [STDERR_REDIRECT] [Fatal Error] :1:1: Premature end of file.
2025-12-13 15:37:26,140 [ERROR] LogOutputStream:75 - [STDERR_REDIRECT] 
2025-12-13 15:37:27,127 [ERROR] LogOutputStream:75 - [STDERR_REDIRECT] [Fatal Error] :1:1: Premature end of file.
2025-12-13 15:37:27,127 [ERROR] LogOutputStream:75 - [STDERR_REDIRECT] 
2025-12-13 15:37:28,125 [ERROR] LogOutputStream:75 - [STDERR_REDIRECT] [Fatal Error] :1:1: Premature end of file.
2025-12-13 15:37:28,125 [ERROR] LogOutputStream:75 - [STDERR_REDIRECT] 
2025-12-13 15:37:29,140 [ERROR] LogOutputStream:75 - [STDERR_REDIRECT] [Fatal Error] :1:1: Premature end of file.
2025-12-13 15:37:29,141 [ERROR] LogOutputStream:75 - [STDERR_REDIRECT] 
2025-12-13 15:37:30,127 [ERROR] LogOutputStream:75 - [STDERR_REDIRECT] [Fatal Error] :1:1: Premature end of file.
2025-12-13 15:37:30,127 [ERROR] LogOutputStream:75 - [STDERR_REDIRECT] 
2025-12-13 15:37:31,127 [ERROR] LogOutputStream:75 - [STDERR_REDIRECT] [Fatal Error] :1:1: Premature end of file.
2025-12-13 15:37:31,128 [ERROR] LogOutputStream:75 - [STDERR_REDIRECT] 
2025-12-13 15:37:32,140 [ERROR] LogOutputStream:75 - [STDERR_REDIRECT] [Fatal Error] :1:1: Premature end of file.
2025-12-13 15:37:32,140 [ERROR] LogOutputStream:75 - [STDERR_REDIRECT] 
2025-12-13 15:37:33,132 [ERROR] LogOutputStream:75 - [STDERR_REDIRECT] [Fatal Error] :1:1: Premature end of file.
2025-12-13 15:37:33,132 [ERROR] LogOutputStream:75 - [STDERR_REDIRECT] 
2025-12-13 15:37:34,133 [ERROR] LogOutputStream:75 - [STDERR_REDIRECT] [Fatal Error] :1:1: Premature end of file.
2025-12-13 15:37:34,133 [ERROR] LogOutputStream:75 - [STDERR_REDIRECT] 
2025-12-13 15:37:35,125 [ERROR] LogOutputStream:75 - [STDERR_REDIRECT] [Fatal Error] :1:1: Premature end of file.
2025-12-13 15:37:35,125 [ERROR] LogOutputStream:75 - [STDERR_REDIRECT] 
2025-12-13 15:37:36,132 [ERROR] LogOutputStream:75 - [STDERR_REDIRECT] [Fatal Error] :1:1: Premature end of file.
2025-12-13 15:37:36,132 [ERROR] LogOutputStream:75 - [STDERR_REDIRECT] 
2025-12-13 15:37:37,130 [ERROR] LogOutputStream:75 - [STDERR_REDIRECT] [Fatal Error] :1:1: Premature end of file.
2025-12-13 15:37:37,131 [ERROR] LogOutputStream:75 - [STDERR_REDIRECT] 
2025-12-13 15:37:38,130 [ERROR] LogOutputStream:75 - [STDERR_REDIRECT] [Fatal Error] :1:1: Premature end of file.
2025-12-13 15:37:38,131 [ERROR] LogOutputStream:75 - [STDERR_REDIRECT] 
2025-12-13 15:37:39,142 [ERROR] LogOutputStream:75 - [STDERR_REDIRECT] [Fatal Error] :1:1: Premature end of file.
2025-12-13 15:37:39,143 [ERROR] LogOutputStream:75 - [STDERR_REDIRECT] 
2025-12-13 15:37:40,130 [ERROR] LogOutputStream:75 - [STDERR_REDIRECT] [Fatal Error] :1:1: Premature end of file.
2025-12-13 15:37:40,131 [ERROR] LogOutputStream:75 - [STDERR_REDIRECT] 
2025-12-13 15:37:41,123 [ERROR] LogOutputStream:75 - [STDERR_REDIRECT] [Fatal Error] :1:1: Premature end of file.
2025-12-13 15:37:41,124 [ERROR] LogOutputStream:75 - [STDERR_REDIRECT] 
2025-12-13 15:37:42,128 [ERROR] LogOutputStream:75 - [STDERR_REDIRECT] [Fatal Error] :1:1: Premature end of file.
2025-12-13 15:37:42,128 [ERROR] LogOutputStream:75 - [STDERR_REDIRECT] 
2025-12-13 15:37:43,126 [ERROR] LogOutputStream:75 - [STDERR_REDIRECT] [Fatal Error] :1:1: Premature end of file.
2025-12-13 15:37:43,127 [ERROR] LogOutputStream:75 - [STDERR_REDIRECT] 
2025-12-13 15:37:44,133 [ERROR] LogOutputStream:75 - [STDERR_REDIRECT] [Fatal Error] :1:1: Premature end of file.
2025-12-13 15:37:44,134 [ERROR] LogOutputStream:75 - [STDERR_REDIRECT] 
2025-12-13 15:37:45,129 [ERROR] LogOutputStream:75 - [STDERR_REDIRECT] [Fatal Error] :1:1: Premature end of file.
2025-12-13 15:37:45,130 [ERROR] LogOutputStream:75 - [STDERR_REDIRECT] 
2025-12-13 15:37:46,130 [ERROR] LogOutputStream:75 - [STDERR_REDIRECT] [Fatal Error] :1:1: Premature end of file.
2025-12-13 15:37:46,130 [ERROR] LogOutputStream:75 - [STDERR_REDIRECT] 
2025-12-13 15:37:47,127 [ERROR] LogOutputStream:75 - [STDERR_REDIRECT] [Fatal Error] :1:1: Premature end of file.
2025-12-13 15:37:47,128 [ERROR] LogOutputStream:75 - [STDERR_REDIRECT] 
2025-12-13 15:37:48,134 [ERROR] LogOutputStream:75 - [STDERR_REDIRECT] [Fatal Error] :1:1: Premature end of file.
2025-12-13 15:37:48,135 [ERROR] LogOutputStream:75 - [STDERR_REDIRECT] 
2025-12-13 15:37:49,131 [ERROR] LogOutputStream:75 - [STDERR_REDIRECT] [Fatal Error] :1:1: Premature end of file.
2025-12-13 15:37:49,131 [ERROR] LogOutputStream:75 - [STDERR_REDIRECT] 
2025-12-13 15:37:50,125 [ERROR] LogOutputStream:75 - [STDERR_REDIRECT] [Fatal Error] :1:1: Premature end of file.
2025-12-13 15:37:50,125 [ERROR] LogOutputStream:75 - [STDERR_REDIRECT] 
2025-12-13 15:37:51,135 [ERROR] LogOutputStream:75 - [STDERR_REDIRECT] [Fatal Error] :1:1: Premature end of file.
2025-12-13 15:37:51,136 [ERROR] LogOutputStream:75 - [STDERR_REDIRECT] 
2025-12-13 15:37:52,130 [ERROR] LogOutputStream:75 - [STDERR_REDIRECT] [Fatal Error] :1:1: Premature end of file.
2025-12-13 15:37:52,130 [ERROR] LogOutputStream:75 - [STDERR_REDIRECT] 
2025-12-13 15:37:53,125 [ERROR] LogOutputStream:75 - [STDERR_REDIRECT] [Fatal Error] :1:1: Premature end of file.
2025-12-13 15:37:53,125 [ERROR] LogOutputStream:75 - [STDERR_REDIRECT] 
2025-12-13 15:37:54,123 [ERROR] LogOutputStream:75 - [STDERR_REDIRECT] [Fatal Error] :1:1: Premature end of file.
2025-12-13 15:37:54,123 [ERROR] LogOutputStream:75 - [STDERR_REDIRECT] 
2025-12-13 15:37:55,127 [ERROR] LogOutputStream:75 - [STDERR_REDIRECT] [Fatal Error] :1:1: Premature end of file.
2025-12-13 15:37:55,128 [ERROR] LogOutputStream:75 - [STDERR_REDIRECT] 
2025-12-13 15:37:56,129 [ERROR] LogOutputStream:75 - [STDERR_REDIRECT] [Fatal Error] :1:1: Premature end of file.
2025-12-13 15:37:56,130 [ERROR] LogOutputStream:75 - [STDERR_REDIRECT] 
2025-12-13 15:37:57,128 [ERROR] LogOutputStream:75 - [STDERR_REDIRECT] [Fatal Error] :1:1: Premature end of file.
2025-12-13 15:37:57,129 [ERROR] LogOutputStream:75 - [STDERR_REDIRECT] 
2025-12-13 15:37:58,140 [ERROR] LogOutputStream:75 - [STDERR_REDIRECT] [Fatal Error] :1:1: Premature end of file.
2025-12-13 15:37:58,140 [ERROR] LogOutputStream:75 - [STDERR_REDIRECT] 
2025-12-13 15:37:59,133 [ERROR] LogOutputStream:75 - [STDERR_REDIRECT] [Fatal Error] :1:1: Premature end of file.
2025-12-13 15:37:59,135 [ERROR] LogOutputStream:75 - [STDERR_REDIRECT] 
2025-12-13 15:38:00,144 [ERROR] LogOutputStream:75 - [STDERR_REDIRECT] [Fatal Error] :1:1: Premature end of file.
2025-12-13 15:38:00,144 [ERROR] LogOutputStream:75 - [STDERR_REDIRECT] 
2025-12-13 15:38:01,125 [ERROR] LogOutputStream:75 - [STDERR_REDIRECT] [Fatal Error] :1:1: Premature end of file.
2025-12-13 15:38:01,127 [ERROR] LogOutputStream:75 - [STDERR_REDIRECT] 
2025-12-13 15:38:02,125 [ERROR] LogOutputStream:75 - [STDERR_REDIRECT] [Fatal Error] :1:1: Premature end of file.
2025-12-13 15:38:02,127 [ERROR] LogOutputStream:75 - [STDERR_REDIRECT] 
2025-12-13 15:38:03,132 [ERROR] LogOutputStream:75 - [STDERR_REDIRECT] [Fatal Error] :1:1: Premature end of file.
2025-12-13 15:38:03,133 [ERROR] LogOutputStream:75 - [STDERR_REDIRECT] 
2025-12-13 15:38:04,137 [ERROR] LogOutputStream:75 - [STDERR_REDIRECT] [Fatal Error] :1:1: Premature end of file.
2025-12-13 15:38:04,138 [ERROR] LogOutputStream:75 - [STDERR_REDIRECT] 
2025-12-13 15:38:05,133 [ERROR] LogOutputStream:75 - [STDERR_REDIRECT] [Fatal Error] :1:1: Premature end of file.
2025-12-13 15:38:05,133 [ERROR] LogOutputStream:75 - [STDERR_REDIRECT] 
2025-12-13 15:38:06,129 [ERROR] LogOutputStream:75 - [STDERR_REDIRECT] [Fatal Error] :1:1: Premature end of file.
2025-12-13 15:38:06,129 [ERROR] LogOutputStream:75 - [STDERR_REDIRECT] 
2025-12-13 15:38:07,125 [ERROR] LogOutputStream:75 - [STDERR_REDIRECT] [Fatal Error] :1:1: Premature end of file.
2025-12-13 15:38:07,125 [ERROR] LogOutputStream:75 - [STDERR_REDIRECT] 
2025-12-13 15:38:08,133 [ERROR] LogOutputStream:75 - [STDERR_REDIRECT] [Fatal Error] :1:1: Premature end of file.
2025-12-13 15:38:08,134 [ERROR] LogOutputStream:75 - [STDERR_REDIRECT] 
2025-12-13 15:38:09,132 [ERROR] LogOutputStream:75 - [STDERR_REDIRECT] [Fatal Error] :1:1: Premature end of file.
2025-12-13 15:38:09,132 [ERROR] LogOutputStream:75 - [STDERR_REDIRECT] 
2025-12-13 15:38:10,123 [ERROR] LogOutputStream:75 - [STDERR_REDIRECT] [Fatal Error] :1:1: Premature end of file.
2025-12-13 15:38:10,124 [ERROR] LogOutputStream:75 - [STDERR_REDIRECT] 
2025-12-13 15:38:11,129 [ERROR] LogOutputStream:75 - [STDERR_REDIRECT] [Fatal Error] :1:1: Premature end of file.
2025-12-13 15:38:11,129 [ERROR] LogOutputStream:75 - [STDERR_REDIRECT] 
2025-12-13 15:38:12,130 [ERROR] LogOutputStream:75 - [STDERR_REDIRECT] [Fatal Error] :1:1: Premature end of file.
2025-12-13 15:38:12,130 [ERROR] LogOutputStream:75 - [STDERR_REDIRECT] 
2025-12-13 15:38:13,133 [ERROR] LogOutputStream:75 - [STDERR_REDIRECT] [Fatal Error] :1:1: Premature end of file.
2025-12-13 15:38:13,134 [ERROR] LogOutputStream:75 - [STDERR_REDIRECT] 
2025-12-13 15:38:14,140 [ERROR] LogOutputStream:75 - [STDERR_REDIRECT] [Fatal Error] :1:1: Premature end of file.
2025-12-13 15:38:14,140 [ERROR] LogOutputStream:75 - [STDERR_REDIRECT] 
2025-12-13 15:38:15,131 [ERROR] LogOutputStream:75 - [STDERR_REDIRECT] [Fatal Error] :1:1: Premature end of file.
2025-12-13 15:38:15,132 [ERROR] LogOutputStream:75 - [STDERR_REDIRECT] 
2025-12-13 15:38:16,126 [ERROR] LogOutputStream:75 - [STDERR_REDIRECT] [Fatal Error] :1:1: Premature end of file.
2025-12-13 15:38:16,127 [ERROR] LogOutputStream:75 - [STDERR_REDIRECT] 
2025-12-13 15:38:17,125 [ERROR] LogOutputStream:75 - [STDERR_REDIRECT] [Fatal Error] :1:1: Premature end of file.
2025-12-13 15:38:17,125 [ERROR] LogOutputStream:75 - [STDERR_REDIRECT] 
2025-12-13 15:38:18,129 [ERROR] LogOutputStream:75 - [STDERR_REDIRECT] [Fatal Error] :1:1: Premature end of file.
2025-12-13 15:38:18,129 [ERROR] LogOutputStream:75 - [STDERR_REDIRECT] 
2025-12-13 15:38:19,125 [ERROR] LogOutputStream:75 - [STDERR_REDIRECT] [Fatal Error] :1:1: Premature end of file.
2025-12-13 15:38:19,127 [ERROR] LogOutputStream:75 - [STDERR_REDIRECT] 
2025-12-13 15:38:20,127 [ERROR] LogOutputStream:75 - [STDERR_REDIRECT] [Fatal Error] :1:1: Premature end of file.
2025-12-13 15:38:20,127 [ERROR] LogOutputStream:75 - [STDERR_REDIRECT] 
2025-12-13 15:38:21,127 [ERROR] LogOutputStream:75 - [STDERR_REDIRECT] [Fatal Error] :1:1: Premature end of file.
2025-12-13 15:38:21,127 [ERROR] LogOutputStream:75 - [STDERR_REDIRECT] 
2025-12-13 15:38:22,124 [ERROR] LogOutputStream:75 - [STDERR_REDIRECT] [Fatal Error] :1:1: Premature end of file.
2025-12-13 15:38:22,125 [ERROR] LogOutputStream:75 - [STDERR_REDIRECT] 
2025-12-13 15:38:23,118 [ERROR] LogOutputStream:75 - [STDERR_REDIRECT] [Fatal Error] :1:1: Premature end of file.
2025-12-13 15:38:23,118 [ERROR] LogOutputStream:75 - [STDERR_REDIRECT] 
2025-12-13 15:38:24,129 [ERROR] LogOutputStream:75 - [STDERR_REDIRECT] [Fatal Error] :1:1: Premature end of file.
2025-12-13 15:38:24,129 [ERROR] LogOutputStream:75 - [STDERR_REDIRECT] 
2025-12-13 15:38:25,131 [ERROR] LogOutputStream:75 - [STDERR_REDIRECT] [Fatal Error] :1:1: Premature end of file.
2025-12-13 15:38:25,132 [ERROR] LogOutputStream:75 - [STDERR_REDIRECT] 
2025-12-13 15:38:26,132 [ERROR] LogOutputStream:75 - [STDERR_REDIRECT] [Fatal Error] :1:1: Premature end of file.
2025-12-13 15:38:26,132 [ERROR] LogOutputStream:75 - [STDERR_REDIRECT] 
2025-12-13 15:38:27,145 [ERROR] LogOutputStream:75 - [STDERR_REDIRECT] [Fatal Error] :1:1: Premature end of file.
2025-12-13 15:38:27,146 [ERROR] LogOutputStream:75 - [STDERR_REDIRECT] 
2025-12-13 15:38:28,137 [ERROR] LogOutputStream:75 - [STDERR_REDIRECT] [Fatal Error] :1:1: Premature end of file.
2025-12-13 15:38:28,138 [ERROR] LogOutputStream:75 - [STDERR_REDIRECT] 
2025-12-13 15:38:29,144 [ERROR] LogOutputStream:75 - [STDERR_REDIRECT] [Fatal Error] :1:1: Premature end of file.
2025-12-13 15:38:29,144 [ERROR] LogOutputStream:75 - [STDERR_REDIRECT] 
2025-12-13 15:38:30,127 [ERROR] LogOutputStream:75 - [STDERR_REDIRECT] [Fatal Error] :1:1: Premature end of file.
2025-12-13 15:38:30,127 [ERROR] LogOutputStream:75 - [STDERR_REDIRECT] 
2025-12-13 15:38:31,125 [ERROR] LogOutputStream:75 - [STDERR_REDIRECT] [Fatal Error] :1:1: Premature end of file.
2025-12-13 15:38:31,125 [ERROR] LogOutputStream:75 - [STDERR_REDIRECT] 
2025-12-13 15:38:32,130 [ERROR] LogOutputStream:75 - [STDERR_REDIRECT] [Fatal Error] :1:1: Premature end of file.
2025-12-13 15:38:32,130 [ERROR] LogOutputStream:75 - [STDERR_REDIRECT] 
2025-12-13 15:38:33,135 [ERROR] LogOutputStream:75 - [STDERR_REDIRECT] [Fatal Error] :1:1: Premature end of file.
2025-12-13 15:38:33,135 [ERROR] LogOutputStream:75 - [STDERR_REDIRECT] 
2025-12-13 15:38:34,131 [ERROR] LogOutputStream:75 - [STDERR_REDIRECT] [Fatal Error] :1:1: Premature end of file.
2025-12-13 15:38:34,131 [ERROR] LogOutputStream:75 - [STDERR_REDIRECT] 
2025-12-13 15:38:35,127 [ERROR] LogOutputStream:75 - [STDERR_REDIRECT] [Fatal Error] :1:1: Premature end of file.
2025-12-13 15:38:35,128 [ERROR] LogOutputStream:75 - [STDERR_REDIRECT] 
2025-12-13 15:38:36,131 [ERROR] LogOutputStream:75 - [STDERR_REDIRECT] [Fatal Error] :1:1: Premature end of file.
2025-12-13 15:38:36,132 [ERROR] LogOutputStream:75 - [STDERR_REDIRECT] 
2025-12-13 15:38:37,126 [ERROR] LogOutputStream:75 - [STDERR_REDIRECT] [Fatal Error] :1:1: Premature end of file.
2025-12-13 15:38:37,126 [ERROR] LogOutputStream:75 - [STDERR_REDIRECT] 
2025-12-13 15:38:38,138 [ERROR] LogOutputStream:75 - [STDERR_REDIRECT] [Fatal Error] :1:1: Premature end of file.
2025-12-13 15:38:38,139 [ERROR] LogOutputStream:75 - [STDERR_REDIRECT] 
2025-12-13 15:38:39,127 [ERROR] LogOutputStream:75 - [STDERR_REDIRECT] [Fatal Error] :1:1: Premature end of file.
2025-12-13 15:38:39,127 [ERROR] LogOutputStream:75 - [STDERR_REDIRECT] 
2025-12-13 15:38:40,124 [ERROR] LogOutputStream:75 - [STDERR_REDIRECT] [Fatal Error] :1:1: Premature end of file.
2025-12-13 15:38:40,124 [ERROR] LogOutputStream:75 - [STDERR_REDIRECT] 
2025-12-13 15:38:41,124 [ERROR] LogOutputStream:75 - [STDERR_REDIRECT] [Fatal Error] :1:1: Premature end of file.
2025-12-13 15:38:41,124 [ERROR] LogOutputStream:75 - [STDERR_REDIRECT] 
2025-12-13 15:38:42,129 [ERROR] LogOutputStream:75 - [STDERR_REDIRECT] [Fatal Error] :1:1: Premature end of file.
2025-12-13 15:38:42,129 [ERROR] LogOutputStream:75 - [STDERR_REDIRECT] 
2025-12-13 15:38:43,133 [ERROR] LogOutputStream:75 - [STDERR_REDIRECT] [Fatal Error] :1:1: Premature end of file.
2025-12-13 15:38:43,133 [ERROR] LogOutputStream:75 - [STDERR_REDIRECT] 
2025-12-13 15:38:44,124 [ERROR] LogOutputStream:75 - [STDERR_REDIRECT] [Fatal Error] :1:1: Premature end of file.
2025-12-13 15:38:44,124 [ERROR] LogOutputStream:75 - [STDERR_REDIRECT] 
2025-12-13 15:38:45,128 [ERROR] LogOutputStream:75 - [STDERR_REDIRECT] [Fatal Error] :1:1: Premature end of file.
2025-12-13 15:38:45,128 [ERROR] LogOutputStream:75 - [STDERR_REDIRECT] 
2025-12-13 15:38:46,126 [ERROR] LogOutputStream:75 - [STDERR_REDIRECT] [Fatal Error] :1:1: Premature end of file.
2025-12-13 15:38:46,127 [ERROR] LogOutputStream:75 - [STDERR_REDIRECT] 
2025-12-13 15:38:47,141 [ERROR] LogOutputStream:75 - [STDERR_REDIRECT] [Fatal Error] :1:1: Premature end of file.
2025-12-13 15:38:47,142 [ERROR] LogOutputStream:75 - [STDERR_REDIRECT] 
2025-12-13 15:38:48,130 [ERROR] LogOutputStream:75 - [STDERR_REDIRECT] [Fatal Error] :1:1: Premature end of file.
2025-12-13 15:38:48,130 [ERROR] LogOutputStream:75 - [STDERR_REDIRECT] 
2025-12-13 15:38:49,128 [ERROR] LogOutputStream:75 - [STDERR_REDIRECT] [Fatal Error] :1:1: Premature end of file.
2025-12-13 15:38:49,128 [ERROR] LogOutputStream:75 - [STDERR_REDIRECT] 
2025-12-13 15:38:50,125 [ERROR] LogOutputStream:75 - [STDERR_REDIRECT] [Fatal Error] :1:1: Premature end of file.
2025-12-13 15:38:50,127 [ERROR] LogOutputStream:75 - [STDERR_REDIRECT] 
2025-12-13 15:38:51,128 [ERROR] LogOutputStream:75 - [STDERR_REDIRECT] [Fatal Error] :1:1: Premature end of file.
2025-12-13 15:38:51,129 [ERROR] LogOutputStream:75 - [STDERR_REDIRECT] 
2025-12-13 15:38:52,123 [ERROR] LogOutputStream:75 - [STDERR_REDIRECT] [Fatal Error] :1:1: Premature end of file.
2025-12-13 15:38:52,124 [ERROR] LogOutputStream:75 - [STDERR_REDIRECT] 
2025-12-13 15:38:53,135 [ERROR] LogOutputStream:75 - [STDERR_REDIRECT] [Fatal Error] :1:1: Premature end of file.
2025-12-13 15:38:53,135 [ERROR] LogOutputStream:75 - [STDERR_REDIRECT] 
2025-12-13 15:38:54,127 [ERROR] LogOutputStream:75 - [STDERR_REDIRECT] [Fatal Error] :1:1: Premature end of file.
2025-12-13 15:38:54,127 [ERROR] LogOutputStream:75 - [STDERR_REDIRECT] 
2025-12-13 15:38:55,127 [ERROR] LogOutputStream:75 - [STDERR_REDIRECT] [Fatal Error] :1:1: Premature end of file.
2025-12-13 15:38:55,127 [ERROR] LogOutputStream:75 - [STDERR_REDIRECT] 
2025-12-13 15:38:56,127 [ERROR] LogOutputStream:75 - [STDERR_REDIRECT] [Fatal Error] :1:1: Premature end of file.
2025-12-13 15:38:56,127 [ERROR] LogOutputStream:75 - [STDERR_REDIRECT] 
2025-12-13 15:38:57,129 [ERROR] LogOutputStream:75 - [STDERR_REDIRECT] [Fatal Error] :1:1: Premature end of file.
2025-12-13 15:38:57,129 [ERROR] LogOutputStream:75 - [STDERR_REDIRECT] 
2025-12-13 15:38:58,132 [ERROR] LogOutputStream:75 - [STDERR_REDIRECT] [Fatal Error] :1:1: Premature end of file.
2025-12-13 15:38:58,133 [ERROR] LogOutputStream:75 - [STDERR_REDIRECT] 
2025-12-13 15:38:59,131 [ERROR] LogOutputStream:75 - [STDERR_REDIRECT] [Fatal Error] :1:1: Premature end of file.
2025-12-13 15:38:59,131 [ERROR] LogOutputStream:75 - [STDERR_REDIRECT] 
2025-12-13 15:39:00,140 [ERROR] LogOutputStream:75 - [STDERR_REDIRECT] [Fatal Error] :1:1: Premature end of file.
2025-12-13 15:39:00,140 [ERROR] LogOutputStream:75 - [STDERR_REDIRECT] 
2025-12-13 15:39:01,134 [ERROR] LogOutputStream:75 - [STDERR_REDIRECT] [Fatal Error] :1:1: Premature end of file.
2025-12-13 15:39:01,135 [ERROR] LogOutputStream:75 - [STDERR_REDIRECT] 
2025-12-13 15:39:02,133 [ERROR] LogOutputStream:75 - [STDERR_REDIRECT] [Fatal Error] :1:1: Premature end of file.
2025-12-13 15:39:02,134 [ERROR] LogOutputStream:75 - [STDERR_REDIRECT] 
2025-12-13 15:39:03,127 [ERROR] LogOutputStream:75 - [STDERR_REDIRECT] [Fatal Error] :1:1: Premature end of file.
2025-12-13 15:39:03,128 [ERROR] LogOutputStream:75 - [STDERR_REDIRECT] 
2025-12-13 15:39:04,131 [ERROR] LogOutputStream:75 - [STDERR_REDIRECT] [Fatal Error] :1:1: Premature end of file.
2025-12-13 15:39:04,131 [ERROR] LogOutputStream:75 - [STDERR_REDIRECT] 
2025-12-13 15:39:05,136 [ERROR] LogOutputStream:75 - [STDERR_REDIRECT] [Fatal Error] :1:1: Premature end of file.
2025-12-13 15:39:05,136 [ERROR] LogOutputStream:75 - [STDERR_REDIRECT] 
2025-12-13 15:39:06,125 [ERROR] LogOutputStream:75 - [STDERR_REDIRECT] [Fatal Error] :1:1: Premature end of file.
2025-12-13 15:39:06,125 [ERROR] LogOutputStream:75 - [STDERR_REDIRECT] 
2025-12-13 15:39:07,130 [ERROR] LogOutputStream:75 - [STDERR_REDIRECT] [Fatal Error] :1:1: Premature end of file.
2025-12-13 15:39:07,131 [ERROR] LogOutputStream:75 - [STDERR_REDIRECT] 
2025-12-13 15:39:08,128 [ERROR] LogOutputStream:75 - [STDERR_REDIRECT] [Fatal Error] :1:1: Premature end of file.
2025-12-13 15:39:08,128 [ERROR] LogOutputStream:75 - [STDERR_REDIRECT] 
2025-12-13 15:39:09,130 [ERROR] LogOutputStream:75 - [STDERR_REDIRECT] [Fatal Error] :1:1: Premature end of file.
2025-12-13 15:39:09,130 [ERROR] LogOutputStream:75 - [STDERR_REDIRECT] 
2025-12-13 15:39:10,131 [ERROR] LogOutputStream:75 - [STDERR_REDIRECT] [Fatal Error] :1:1: Premature end of file.
2025-12-13 15:39:10,131 [ERROR] LogOutputStream:75 - [STDERR_REDIRECT] 
2025-12-13 15:39:11,127 [ERROR] LogOutputStream:75 - [STDERR_REDIRECT] [Fatal Error] :1:1: Premature end of file.
2025-12-13 15:39:11,127 [ERROR] LogOutputStream:75 - [STDERR_REDIRECT] 
2025-12-13 15:39:12,135 [ERROR] LogOutputStream:75 - [STDERR_REDIRECT] [Fatal Error] :1:1: Premature end of file.
2025-12-13 15:39:12,136 [ERROR] LogOutputStream:75 - [STDERR_REDIRECT] 
2025-12-13 15:39:13,128 [ERROR] LogOutputStream:75 - [STDERR_REDIRECT] [Fatal Error] :1:1: Premature end of file.
2025-12-13 15:39:13,128 [ERROR] LogOutputStream:75 - [STDERR_REDIRECT] 
2025-12-13 15:39:14,124 [ERROR] LogOutputStream:75 - [STDERR_REDIRECT] [Fatal Error] :1:1: Premature end of file.
2025-12-13 15:39:14,124 [ERROR] LogOutputStream:75 - [STDERR_REDIRECT] 
2025-12-13 15:39:15,126 [ERROR] LogOutputStream:75 - [STDERR_REDIRECT] [Fatal Error] :1:1: Premature end of file.
2025-12-13 15:39:15,126 [ERROR] LogOutputStream:75 - [STDERR_REDIRECT] 
2025-12-13 15:39:16,128 [ERROR] LogOutputStream:75 - [STDERR_REDIRECT] [Fatal Error] :1:1: Premature end of file.
2025-12-13 15:39:16,129 [ERROR] LogOutputStream:75 - [STDERR_REDIRECT] 
2025-12-13 15:39:17,125 [ERROR] LogOutputStream:75 - [STDERR_REDIRECT] [Fatal Error] :1:1: Premature end of file.
2025-12-13 15:39:17,126 [ERROR] LogOutputStream:75 - [STDERR_REDIRECT] 
2025-12-13 15:39:18,123 [ERROR] LogOutputStream:75 - [STDERR_REDIRECT] [Fatal Error] :1:1: Premature end of file.
2025-12-13 15:39:18,123 [ERROR] LogOutputStream:75 - [STDERR_REDIRECT] 
2025-12-13 15:39:19,124 [ERROR] LogOutputStream:75 - [STDERR_REDIRECT] [Fatal Error] :1:1: Premature end of file.
2025-12-13 15:39:19,124 [ERROR] LogOutputStream:75 - [STDERR_REDIRECT] 
2025-12-13 15:39:20,129 [ERROR] LogOutputStream:75 - [STDERR_REDIRECT] [Fatal Error] :1:1: Premature end of file.
2025-12-13 15:39:20,129 [ERROR] LogOutputStream:75 - [STDERR_REDIRECT] 
2025-12-13 15:39:21,128 [ERROR] LogOutputStream:75 - [STDERR_REDIRECT] [Fatal Error] :1:1: Premature end of file.
2025-12-13 15:39:21,129 [ERROR] LogOutputStream:75 - [STDERR_REDIRECT] 
2025-12-13 15:39:22,128 [ERROR] LogOutputStream:75 - [STDERR_REDIRECT] [Fatal Error] :1:1: Premature end of file.
2025-12-13 15:39:22,129 [ERROR] LogOutputStream:75 - [STDERR_REDIRECT] 
2025-12-13 15:39:23,123 [ERROR] LogOutputStream:75 - [STDERR_REDIRECT] [Fatal Error] :1:1: Premature end of file.
2025-12-13 15:39:23,124 [ERROR] LogOutputStream:75 - [STDERR_REDIRECT] 
2025-12-13 15:39:24,129 [ERROR] LogOutputStream:75 - [STDERR_REDIRECT] [Fatal Error] :1:1: Premature end of file.
2025-12-13 15:39:24,129 [ERROR] LogOutputStream:75 - [STDERR_REDIRECT] 
2025-12-13 15:39:25,130 [ERROR] LogOutputStream:75 - [STDERR_REDIRECT] [Fatal Error] :1:1: Premature end of file.
2025-12-13 15:39:25,132 [ERROR] LogOutputStream:75 - [STDERR_REDIRECT] 
2025-12-13 15:39:26,139 [ERROR] LogOutputStream:75 - [STDERR_REDIRECT] [Fatal Error] :1:1: Premature end of file.
2025-12-13 15:39:26,139 [ERROR] LogOutputStream:75 - [STDERR_REDIRECT] 
2025-12-13 15:39:27,128 [ERROR] LogOutputStream:75 - [STDERR_REDIRECT] [Fatal Error] :1:1: Premature end of file.
2025-12-13 15:39:27,129 [ERROR] LogOutputStream:75 - [STDERR_REDIRECT] 
2025-12-13 15:39:28,128 [ERROR] LogOutputStream:75 - [STDERR_REDIRECT] [Fatal Error] :1:1: Premature end of file.
2025-12-13 15:39:28,128 [ERROR] LogOutputStream:75 - [STDERR_REDIRECT] 
2025-12-13 15:39:29,129 [ERROR] LogOutputStream:75 - [STDERR_REDIRECT] [Fatal Error] :1:1: Premature end of file.
2025-12-13 15:39:29,129 [ERROR] LogOutputStream:75 - [STDERR_REDIRECT] 
2025-12-13 15:39:30,125 [ERROR] LogOutputStream:75 - [STDERR_REDIRECT] [Fatal Error] :1:1: Premature end of file.
2025-12-13 15:39:30,127 [ERROR] LogOutputStream:75 - [STDERR_REDIRECT] 
2025-12-13 15:39:31,130 [ERROR] LogOutputStream:75 - [STDERR_REDIRECT] [Fatal Error] :1:1: Premature end of file.
2025-12-13 15:39:31,130 [ERROR] LogOutputStream:75 - [STDERR_REDIRECT] 
2025-12-13 15:39:32,142 [ERROR] LogOutputStream:75 - [STDERR_REDIRECT] [Fatal Error] :1:1: Premature end of file.
2025-12-13 15:39:32,142 [ERROR] LogOutputStream:75 - [STDERR_REDIRECT] 
2025-12-13 15:39:33,138 [ERROR] LogOutputStream:75 - [STDERR_REDIRECT] [Fatal Error] :1:1: Premature end of file.
2025-12-13 15:39:33,139 [ERROR] LogOutputStream:75 - [STDERR_REDIRECT] 
2025-12-13 15:39:34,133 [ERROR] LogOutputStream:75 - [STDERR_REDIRECT] [Fatal Error] :1:1: Premature end of file.
2025-12-13 15:39:34,134 [ERROR] LogOutputStream:75 - [STDERR_REDIRECT] 
2025-12-13 15:39:35,130 [ERROR] LogOutputStream:75 - [STDERR_REDIRECT] [Fatal Error] :1:1: Premature end of file.
2025-12-13 15:39:35,131 [ERROR] LogOutputStream:75 - [STDERR_REDIRECT] 
2025-12-13 15:39:36,125 [ERROR] LogOutputStream:75 - [STDERR_REDIRECT] [Fatal Error] :1:1: Premature end of file.
2025-12-13 15:39:36,125 [ERROR] LogOutputStream:75 - [STDERR_REDIRECT] 
2025-12-13 15:39:37,139 [ERROR] LogOutputStream:75 - [STDERR_REDIRECT] [Fatal Error] :1:1: Premature end of file.
2025-12-13 15:39:37,139 [ERROR] LogOutputStream:75 - [STDERR_REDIRECT] 
2025-12-13 15:39:38,128 [ERROR] LogOutputStream:75 - [STDERR_REDIRECT] [Fatal Error] :1:1: Premature end of file.
2025-12-13 15:39:38,128 [ERROR] LogOutputStream:75 - [STDERR_REDIRECT] 
2025-12-13 15:39:39,128 [ERROR] LogOutputStream:75 - [STDERR_REDIRECT] [Fatal Error] :1:1: Premature end of file.
2025-12-13 15:39:39,128 [ERROR] LogOutputStream:75 - [STDERR_REDIRECT] 
2025-12-13 15:39:40,127 [ERROR] LogOutputStream:75 - [STDERR_REDIRECT] [Fatal Error] :1:1: Premature end of file.
2025-12-13 15:39:40,127 [ERROR] LogOutputStream:75 - [STDERR_REDIRECT] 
2025-12-13 15:39:41,128 [ERROR] LogOutputStream:75 - [STDERR_REDIRECT] [Fatal Error] :1:1: Premature end of file.
2025-12-13 15:39:41,128 [ERROR] LogOutputStream:75 - [STDERR_REDIRECT] 
2025-12-13 15:39:42,130 [ERROR] LogOutputStream:75 - [STDERR_REDIRECT] [Fatal Error] :1:1: Premature end of file.
2025-12-13 15:39:42,131 [ERROR] LogOutputStream:75 - [STDERR_REDIRECT] 
2025-12-13 15:39:43,130 [ERROR] LogOutputStream:75 - [STDERR_REDIRECT] [Fatal Error] :1:1: Premature end of file.
2025-12-13 15:39:43,131 [ERROR] LogOutputStream:75 - [STDERR_REDIRECT] 
2025-12-13 15:39:44,127 [ERROR] LogOutputStream:75 - [STDERR_REDIRECT] [Fatal Error] :1:1: Premature end of file.
2025-12-13 15:39:44,127 [ERROR] LogOutputStream:75 - [STDERR_REDIRECT] 
2025-12-13 15:39:45,124 [ERROR] LogOutputStream:75 - [STDERR_REDIRECT] [Fatal Error] :1:1: Premature end of file.
2025-12-13 15:39:45,124 [ERROR] LogOutputStream:75 - [STDERR_REDIRECT] 
2025-12-13 15:39:46,125 [ERROR] LogOutputStream:75 - [STDERR_REDIRECT] [Fatal Error] :1:1: Premature end of file.
2025-12-13 15:39:46,126 [ERROR] LogOutputStream:75 - [STDERR_REDIRECT] 
2025-12-13 15:39:47,135 [ERROR] LogOutputStream:75 - [STDERR_REDIRECT] [Fatal Error] :1:1: Premature end of file.
2025-12-13 15:39:47,135 [ERROR] LogOutputStream:75 - [STDERR_REDIRECT] 
2025-12-13 15:39:48,122 [ERROR] LogOutputStream:75 - [STDERR_REDIRECT] [Fatal Error] :1:1: Premature end of file.
2025-12-13 15:39:48,122 [ERROR] LogOutputStream:75 - [STDERR_REDIRECT] 
2025-12-13 15:39:49,130 [ERROR] LogOutputStream:75 - [STDERR_REDIRECT] [Fatal Error] :1:1: Premature end of file.
2025-12-13 15:39:49,130 [ERROR] LogOutputStream:75 - [STDERR_REDIRECT] 
2025-12-13 15:39:50,130 [ERROR] LogOutputStream:75 - [STDERR_REDIRECT] [Fatal Error] :1:1: Premature end of file.
2025-12-13 15:39:50,130 [ERROR] LogOutputStream:75 - [STDERR_REDIRECT] 
2025-12-13 15:39:51,124 [ERROR] LogOutputStream:75 - [STDERR_REDIRECT] [Fatal Error] :1:1: Premature end of file.
2025-12-13 15:39:51,126 [ERROR] LogOutputStream:75 - [STDERR_REDIRECT] 
2025-12-13 15:39:52,133 [ERROR] LogOutputStream:75 - [STDERR_REDIRECT] [Fatal Error] :1:1: Premature end of file.
2025-12-13 15:39:52,134 [ERROR] LogOutputStream:75 - [STDERR_REDIRECT] 
2025-12-13 15:39:53,130 [ERROR] LogOutputStream:75 - [STDERR_REDIRECT] [Fatal Error] :1:1: Premature end of file.
2025-12-13 15:39:53,130 [ERROR] LogOutputStream:75 - [STDERR_REDIRECT] 
2025-12-13 15:39:54,127 [ERROR] LogOutputStream:75 - [STDERR_REDIRECT] [Fatal Error] :1:1: Premature end of file.
2025-12-13 15:39:54,127 [ERROR] LogOutputStream:75 - [STDERR_REDIRECT] 
2025-12-13 15:39:55,129 [ERROR] LogOutputStream:75 - [STDERR_REDIRECT] [Fatal Error] :1:1: Premature end of file.
2025-12-13 15:39:55,129 [ERROR] LogOutputStream:75 - [STDERR_REDIRECT] 
2025-12-13 15:39:56,127 [ERROR] LogOutputStream:75 - [STDERR_REDIRECT] [Fatal Error] :1:1: Premature end of file.
2025-12-13 15:39:56,127 [ERROR] LogOutputStream:75 - [STDERR_REDIRECT] 
2025-12-13 15:39:57,135 [ERROR] LogOutputStream:75 - [STDERR_REDIRECT] [Fatal Error] :1:1: Premature end of file.
2025-12-13 15:39:57,135 [ERROR] LogOutputStream:75 - [STDERR_REDIRECT] 
2025-12-13 15:39:58,137 [ERROR] LogOutputStream:75 - [STDERR_REDIRECT] [Fatal Error] :1:1: Premature end of file.
2025-12-13 15:39:58,138 [ERROR] LogOutputStream:75 - [STDERR_REDIRECT] 
2025-12-13 15:39:59,130 [ERROR] LogOutputStream:75 - [STDERR_REDIRECT] [Fatal Error] :1:1: Premature end of file.
2025-12-13 15:39:59,130 [ERROR] LogOutputStream:75 - [STDERR_REDIRECT] 
2025-12-13 15:40:00,130 [ERROR] LogOutputStream:75 - [STDERR_REDIRECT] [Fatal Error] :1:1: Premature end of file.
2025-12-13 15:40:00,130 [ERROR] LogOutputStream:75 - [STDERR_REDIRECT] 
2025-12-13 15:40:01,132 [ERROR] LogOutputStream:75 - [STDERR_REDIRECT] [Fatal Error] :1:1: Premature end of file.
2025-12-13 15:40:01,132 [ERROR] LogOutputStream:75 - [STDERR_REDIRECT] 
2025-12-13 15:40:02,137 [ERROR] LogOutputStream:75 - [STDERR_REDIRECT] [Fatal Error] :1:1: Premature end of file.
2025-12-13 15:40:02,137 [ERROR] LogOutputStream:75 - [STDERR_REDIRECT] 
2025-12-13 15:40:03,149 [ERROR] LogOutputStream:75 - [STDERR_REDIRECT] [Fatal Error] :1:1: Premature end of file.
2025-12-13 15:40:03,149 [ERROR] LogOutputStream:75 - [STDERR_REDIRECT] 
2025-12-13 15:40:04,124 [ERROR] LogOutputStream:75 - [STDERR_REDIRECT] [Fatal Error] :1:1: Premature end of file.
2025-12-13 15:40:04,139 [ERROR] LogOutputStream:75 - [STDERR_REDIRECT] 
2025-12-13 15:40:05,135 [ERROR] LogOutputStream:75 - [STDERR_REDIRECT] [Fatal Error] :1:1: Premature end of file.
2025-12-13 15:40:05,135 [ERROR] LogOutputStream:75 - [STDERR_REDIRECT] 
2025-12-13 15:40:06,124 [ERROR] LogOutputStream:75 - [STDERR_REDIRECT] [Fatal Error] :1:1: Premature end of file.
2025-12-13 15:40:06,124 [ERROR] LogOutputStream:75 - [STDERR_REDIRECT] 
2025-12-13 15:40:07,128 [ERROR] LogOutputStream:75 - [STDERR_REDIRECT] [Fatal Error] :1:1: Premature end of file.
2025-12-13 15:40:07,129 [ERROR] LogOutputStream:75 - [STDERR_REDIRECT] 
2025-12-13 15:40:08,129 [ERROR] LogOutputStream:75 - [STDERR_REDIRECT] [Fatal Error] :1:1: Premature end of file.
2025-12-13 15:40:08,130 [ERROR] LogOutputStream:75 - [STDERR_REDIRECT] 
2025-12-13 15:40:09,134 [ERROR] LogOutputStream:75 - [STDERR_REDIRECT] [Fatal Error] :1:1: Premature end of file.
2025-12-13 15:40:09,135 [ERROR] LogOutputStream:75 - [STDERR_REDIRECT] 
2025-12-13 15:40:10,138 [ERROR] LogOutputStream:75 - [STDERR_REDIRECT] [Fatal Error] :1:1: Premature end of file.
2025-12-13 15:40:10,138 [ERROR] LogOutputStream:75 - [STDERR_REDIRECT] 
2025-12-13 15:40:11,129 [ERROR] LogOutputStream:75 - [STDERR_REDIRECT] [Fatal Error] :1:1: Premature end of file.
2025-12-13 15:40:11,130 [ERROR] LogOutputStream:75 - [STDERR_REDIRECT] 
2025-12-13 15:40:12,132 [ERROR] LogOutputStream:75 - [STDERR_REDIRECT] [Fatal Error] :1:1: Premature end of file.
2025-12-13 15:40:12,133 [ERROR] LogOutputStream:75 - [STDERR_REDIRECT] 
2025-12-13 15:40:13,141 [ERROR] LogOutputStream:75 - [STDERR_REDIRECT] [Fatal Error] :1:1: Premature end of file.
2025-12-13 15:40:13,141 [ERROR] LogOutputStream:75 - [STDERR_REDIRECT] 
2025-12-13 15:40:14,130 [ERROR] LogOutputStream:75 - [STDERR_REDIRECT] [Fatal Error] :1:1: Premature end of file.
2025-12-13 15:40:14,130 [ERROR] LogOutputStream:75 - [STDERR_REDIRECT] 
2025-12-13 15:40:15,122 [ERROR] LogOutputStream:75 - [STDERR_REDIRECT] [Fatal Error] :1:1: Premature end of file.
2025-12-13 15:40:15,122 [ERROR] LogOutputStream:75 - [STDERR_REDIRECT] 
2025-12-13 15:40:16,124 [ERROR] LogOutputStream:75 - [STDERR_REDIRECT] [Fatal Error] :1:1: Premature end of file.
2025-12-13 15:40:16,124 [ERROR] LogOutputStream:75 - [STDERR_REDIRECT] 
2025-12-13 15:40:17,122 [ERROR] LogOutputStream:75 - [STDERR_REDIRECT] [Fatal Error] :1:1: Premature end of file.
2025-12-13 15:40:17,123 [ERROR] LogOutputStream:75 - [STDERR_REDIRECT] 
2025-12-13 15:40:18,129 [ERROR] LogOutputStream:75 - [STDERR_REDIRECT] [Fatal Error] :1:1: Premature end of file.
2025-12-13 15:40:18,130 [ERROR] LogOutputStream:75 - [STDERR_REDIRECT] 
2025-12-13 15:40:19,130 [ERROR] LogOutputStream:75 - [STDERR_REDIRECT] [Fatal Error] :1:1: Premature end of file.
2025-12-13 15:40:19,130 [ERROR] LogOutputStream:75 - [STDERR_REDIRECT] 
2025-12-13 15:40:20,120 [ERROR] LogOutputStream:75 - [STDERR_REDIRECT] [Fatal Error] :1:1: Premature end of file.
2025-12-13 15:40:20,121 [ERROR] LogOutputStream:75 - [STDERR_REDIRECT] 
2025-12-13 15:40:21,121 [ERROR] LogOutputStream:75 - [STDERR_REDIRECT] [Fatal Error] :1:1: Premature end of file.
2025-12-13 15:40:21,121 [ERROR] LogOutputStream:75 - [STDERR_REDIRECT] 
2025-12-13 15:40:22,118 [ERROR] LogOutputStream:75 - [STDERR_REDIRECT] [Fatal Error] :1:1: Premature end of file.
2025-12-13 15:40:22,118 [ERROR] LogOutputStream:75 - [STDERR_REDIRECT] 
2025-12-13 15:40:23,127 [ERROR] LogOutputStream:75 - [STDERR_REDIRECT] [Fatal Error] :1:1: Premature end of file.
2025-12-13 15:40:23,127 [ERROR] LogOutputStream:75 - [STDERR_REDIRECT] 
2025-12-13 15:40:24,138 [ERROR] LogOutputStream:75 - [STDERR_REDIRECT] [Fatal Error] :1:1: Premature end of file.
2025-12-13 15:40:24,138 [ERROR] LogOutputStream:75 - [STDERR_REDIRECT] 
2025-12-13 15:40:25,125 [ERROR] LogOutputStream:75 - [STDERR_REDIRECT] [Fatal Error] :1:1: Premature end of file.
2025-12-13 15:40:25,125 [ERROR] LogOutputStream:75 - [STDERR_REDIRECT] 
2025-12-13 15:40:26,126 [ERROR] LogOutputStream:75 - [STDERR_REDIRECT] [Fatal Error] :1:1: Premature end of file.
2025-12-13 15:40:26,126 [ERROR] LogOutputStream:75 - [STDERR_REDIRECT] 
2025-12-13 15:40:27,131 [ERROR] LogOutputStream:75 - [STDERR_REDIRECT] [Fatal Error] :1:1: Premature end of file.
2025-12-13 15:40:27,132 [ERROR] LogOutputStream:75 - [STDERR_REDIRECT] 
2025-12-13 15:40:28,126 [ERROR] LogOutputStream:75 - [STDERR_REDIRECT] [Fatal Error] :1:1: Premature end of file.
2025-12-13 15:40:28,126 [ERROR] LogOutputStream:75 - [STDERR_REDIRECT] 
2025-12-13 15:40:29,123 [ERROR] LogOutputStream:75 - [STDERR_REDIRECT] [Fatal Error] :1:1: Premature end of file.
2025-12-13 15:40:29,123 [ERROR] LogOutputStream:75 - [STDERR_REDIRECT] 
2025-12-13 15:40:30,124 [ERROR] LogOutputStream:75 - [STDERR_REDIRECT] [Fatal Error] :1:1: Premature end of file.
2025-12-13 15:40:30,125 [ERROR] LogOutputStream:75 - [STDERR_REDIRECT] 
2025-12-13 15:40:31,127 [ERROR] LogOutputStream:75 - [STDERR_REDIRECT] [Fatal Error] :1:1: Premature end of file.
2025-12-13 15:40:31,127 [ERROR] LogOutputStream:75 - [STDERR_REDIRECT] 
2025-12-13 15:40:32,137 [ERROR] LogOutputStream:75 - [STDERR_REDIRECT] [Fatal Error] :1:1: Premature end of file.
2025-12-13 15:40:32,137 [ERROR] LogOutputStream:75 - [STDERR_REDIRECT] 
2025-12-13 15:40:33,128 [ERROR] LogOutputStream:75 - [STDERR_REDIRECT] [Fatal Error] :1:1: Premature end of file.
2025-12-13 15:40:33,129 [ERROR] LogOutputStream:75 - [STDERR_REDIRECT] 
2025-12-13 15:40:34,129 [ERROR] LogOutputStream:75 - [STDERR_REDIRECT] [Fatal Error] :1:1: Premature end of file.
2025-12-13 15:40:34,137 [ERROR] LogOutputStream:75 - [STDERR_REDIRECT] 
2025-12-13 15:40:35,125 [ERROR] LogOutputStream:75 - [STDERR_REDIRECT] [Fatal Error] :1:1: Premature end of file.
2025-12-13 15:40:35,125 [ERROR] LogOutputStream:75 - [STDERR_REDIRECT] 
2025-12-13 15:40:36,128 [ERROR] LogOutputStream:75 - [STDERR_REDIRECT] [Fatal Error] :1:1: Premature end of file.
2025-12-13 15:40:36,129 [ERROR] LogOutputStream:75 - [STDERR_REDIRECT] 
2025-12-13 15:40:37,141 [ERROR] LogOutputStream:75 - [STDERR_REDIRECT] [Fatal Error] :1:1: Premature end of file.
2025-12-13 15:40:37,141 [ERROR] LogOutputStream:75 - [STDERR_REDIRECT] 
2025-12-13 15:40:38,127 [ERROR] LogOutputStream:75 - [STDERR_REDIRECT] [Fatal Error] :1:1: Premature end of file.
2025-12-13 15:40:38,128 [ERROR] LogOutputStream:75 - [STDERR_REDIRECT] 
2025-12-13 15:40:39,130 [ERROR] LogOutputStream:75 - [STDERR_REDIRECT] [Fatal Error] :1:1: Premature end of file.
2025-12-13 15:40:39,131 [ERROR] LogOutputStream:75 - [STDERR_REDIRECT] 
2025-12-13 15:40:40,128 [ERROR] LogOutputStream:75 - [STDERR_REDIRECT] [Fatal Error] :1:1: Premature end of file.
2025-12-13 15:40:40,130 [ERROR] LogOutputStream:75 - [STDERR_REDIRECT] 
2025-12-13 15:40:41,118 [ERROR] LogOutputStream:75 - [STDERR_REDIRECT] [Fatal Error] :1:1: Premature end of file.
2025-12-13 15:40:41,119 [ERROR] LogOutputStream:75 - [STDERR_REDIRECT] 
2025-12-13 15:40:42,129 [ERROR] LogOutputStream:75 - [STDERR_REDIRECT] [Fatal Error] :1:1: Premature end of file.
2025-12-13 15:40:42,130 [ERROR] LogOutputStream:75 - [STDERR_REDIRECT] 
2025-12-13 15:40:43,116 [ERROR] LogOutputStream:75 - [STDERR_REDIRECT] [Fatal Error] :1:1: Premature end of file.
2025-12-13 15:40:43,116 [ERROR] LogOutputStream:75 - [STDERR_REDIRECT] 
2025-12-13 15:40:44,124 [ERROR] LogOutputStream:75 - [STDERR_REDIRECT] [Fatal Error] :1:1: Premature end of file.
2025-12-13 15:40:44,124 [ERROR] LogOutputStream:75 - [STDERR_REDIRECT] 
2025-12-13 15:40:45,124 [ERROR] LogOutputStream:75 - [STDERR_REDIRECT] [Fatal Error] :1:1: Premature end of file.
2025-12-13 15:40:45,124 [ERROR] LogOutputStream:75 - [STDERR_REDIRECT] 
2025-12-13 15:40:46,122 [ERROR] LogOutputStream:75 - [STDERR_REDIRECT] [Fatal Error] :1:1: Premature end of file.
2025-12-13 15:40:46,123 [ERROR] LogOutputStream:75 - [STDERR_REDIRECT] 
2025-12-13 15:40:47,122 [ERROR] LogOutputStream:75 - [STDERR_REDIRECT] [Fatal Error] :1:1: Premature end of file.
2025-12-13 15:40:47,123 [ERROR] LogOutputStream:75 - [STDERR_REDIRECT] 
2025-12-13 15:40:48,124 [ERROR] LogOutputStream:75 - [STDERR_REDIRECT] [Fatal Error] :1:1: Premature end of file.
2025-12-13 15:40:48,125 [ERROR] LogOutputStream:75 - [STDERR_REDIRECT] 
2025-12-13 15:40:49,117 [ERROR] LogOutputStream:75 - [STDERR_REDIRECT] [Fatal Error] :1:1: Premature end of file.
2025-12-13 15:40:49,117 [ERROR] LogOutputStream:75 - [STDERR_REDIRECT] 
2025-12-13 15:40:50,115 [ERROR] LogOutputStream:75 - [STDERR_REDIRECT] [Fatal Error] :1:1: Premature end of file.
2025-12-13 15:40:50,115 [ERROR] LogOutputStream:75 - [STDERR_REDIRECT] 
2025-12-13 15:40:51,118 [ERROR] LogOutputStream:75 - [STDERR_REDIRECT] [Fatal Error] :1:1: Premature end of file.
2025-12-13 15:40:51,118 [ERROR] LogOutputStream:75 - [STDERR_REDIRECT] 
2025-12-13 15:40:52,125 [ERROR] LogOutputStream:75 - [STDERR_REDIRECT] [Fatal Error] :1:1: Premature end of file.
2025-12-13 15:40:52,125 [ERROR] LogOutputStream:75 - [STDERR_REDIRECT] 
2025-12-13 15:40:53,130 [ERROR] LogOutputStream:75 - [STDERR_REDIRECT] [Fatal Error] :1:1: Premature end of file.
2025-12-13 15:40:53,130 [ERROR] LogOutputStream:75 - [STDERR_REDIRECT] 
2025-12-13 15:40:54,117 [ERROR] LogOutputStream:75 - [STDERR_REDIRECT] [Fatal Error] :1:1: Premature end of file.
2025-12-13 15:40:54,117 [ERROR] LogOutputStream:75 - [STDERR_REDIRECT] 
2025-12-13 15:40:55,112 [ERROR] LogOutputStream:75 - [STDERR_REDIRECT] [Fatal Error] :1:1: Premature end of file.
2025-12-13 15:40:55,113 [ERROR] LogOutputStream:75 - [STDERR_REDIRECT] 
2025-12-13 15:40:56,112 [ERROR] LogOutputStream:75 - [STDERR_REDIRECT] [Fatal Error] :1:1: Premature end of file.
2025-12-13 15:40:56,112 [ERROR] LogOutputStream:75 - [STDERR_REDIRECT] 
2025-12-13 15:40:57,119 [ERROR] LogOutputStream:75 - [STDERR_REDIRECT] [Fatal Error] :1:1: Premature end of file.
2025-12-13 15:40:57,120 [ERROR] LogOutputStream:75 - [STDERR_REDIRECT] 
2025-12-13 15:40:58,124 [ERROR] LogOutputStream:75 - [STDERR_REDIRECT] [Fatal Error] :1:1: Premature end of file.
2025-12-13 15:40:58,124 [ERROR] LogOutputStream:75 - [STDERR_REDIRECT] 
2025-12-13 15:40:59,126 [ERROR] LogOutputStream:75 - [STDERR_REDIRECT] [Fatal Error] :1:1: Premature end of file.
2025-12-13 15:40:59,127 [ERROR] LogOutputStream:75 - [STDERR_REDIRECT] 
2025-12-13 15:41:00,130 [ERROR] LogOutputStream:75 - [STDERR_REDIRECT] [Fatal Error] :1:1: Premature end of file.
2025-12-13 15:41:00,130 [ERROR] LogOutputStream:75 - [STDERR_REDIRECT] 
2025-12-13 15:41:01,126 [ERROR] LogOutputStream:75 - [STDERR_REDIRECT] [Fatal Error] :1:1: Premature end of file.
2025-12-13 15:41:01,126 [ERROR] LogOutputStream:75 - [STDERR_REDIRECT] 
2025-12-13 15:41:02,124 [ERROR] LogOutputStream:75 - [STDERR_REDIRECT] [Fatal Error] :1:1: Premature end of file.
2025-12-13 15:41:02,125 [ERROR] LogOutputStream:75 - [STDERR_REDIRECT] 
2025-12-13 15:41:03,126 [ERROR] LogOutputStream:75 - [STDERR_REDIRECT] [Fatal Error] :1:1: Premature end of file.
2025-12-13 15:41:03,126 [ERROR] LogOutputStream:75 - [STDERR_REDIRECT] 
2025-12-13 15:41:04,131 [ERROR] LogOutputStream:75 - [STDERR_REDIRECT] [Fatal Error] :1:1: Premature end of file.
2025-12-13 15:41:04,133 [ERROR] LogOutputStream:75 - [STDERR_REDIRECT] 
2025-12-13 15:41:05,112 [ERROR] LogOutputStream:75 - [STDERR_REDIRECT] [Fatal Error] :1:1: Premature end of file.
2025-12-13 15:41:05,114 [ERROR] LogOutputStream:75 - [STDERR_REDIRECT] 
2025-12-13 15:41:06,109 [ERROR] LogOutputStream:75 - [STDERR_REDIRECT] [Fatal Error] :1:1: Premature end of file.
2025-12-13 15:41:06,109 [ERROR] LogOutputStream:75 - [STDERR_REDIRECT] 
2025-12-13 15:41:07,123 [ERROR] LogOutputStream:75 - [STDERR_REDIRECT] [Fatal Error] :1:1: Premature end of file.
2025-12-13 15:41:07,124 [ERROR] LogOutputStream:75 - [STDERR_REDIRECT] 
2025-12-13 15:41:08,119 [ERROR] LogOutputStream:75 - [STDERR_REDIRECT] [Fatal Error] :1:1: Premature end of file.
2025-12-13 15:41:08,119 [ERROR] LogOutputStream:75 - [STDERR_REDIRECT] 
2025-12-13 15:41:09,119 [ERROR] LogOutputStream:75 - [STDERR_REDIRECT] [Fatal Error] :1:1: Premature end of file.
2025-12-13 15:41:09,119 [ERROR] LogOutputStream:75 - [STDERR_REDIRECT] 
2025-12-13 15:41:10,130 [ERROR] LogOutputStream:75 - [STDERR_REDIRECT] [Fatal Error] :1:1: Premature end of file.
2025-12-13 15:41:10,131 [ERROR] LogOutputStream:75 - [STDERR_REDIRECT] 
2025-12-13 15:41:11,126 [ERROR] LogOutputStream:75 - [STDERR_REDIRECT] [Fatal Error] :1:1: Premature end of file.
2025-12-13 15:41:11,127 [ERROR] LogOutputStream:75 - [STDERR_REDIRECT] 
2025-12-13 15:41:12,126 [ERROR] LogOutputStream:75 - [STDERR_REDIRECT] [Fatal Error] :1:1: Premature end of file.
2025-12-13 15:41:12,126 [ERROR] LogOutputStream:75 - [STDERR_REDIRECT] 
2025-12-13 15:41:13,123 [ERROR] LogOutputStream:75 - [STDERR_REDIRECT] [Fatal Error] :1:1: Premature end of file.
2025-12-13 15:41:13,123 [ERROR] LogOutputStream:75 - [STDERR_REDIRECT] 
2025-12-13 15:41:14,121 [ERROR] LogOutputStream:75 - [STDERR_REDIRECT] [Fatal Error] :1:1: Premature end of file.
2025-12-13 15:41:14,122 [ERROR] LogOutputStream:75 - [STDERR_REDIRECT] 
2025-12-13 15:41:15,126 [ERROR] LogOutputStream:75 - [STDERR_REDIRECT] [Fatal Error] :1:1: Premature end of file.
2025-12-13 15:41:15,126 [ERROR] LogOutputStream:75 - [STDERR_REDIRECT] 
2025-12-13 15:41:16,124 [ERROR] LogOutputStream:75 - [STDERR_REDIRECT] [Fatal Error] :1:1: Premature end of file.
2025-12-13 15:41:16,124 [ERROR] LogOutputStream:75 - [STDERR_REDIRECT] 
2025-12-13 15:41:17,126 [ERROR] LogOutputStream:75 - [STDERR_REDIRECT] [Fatal Error] :1:1: Premature end of file.
2025-12-13 15:41:17,126 [ERROR] LogOutputStream:75 - [STDERR_REDIRECT] 
2025-12-13 15:41:18,124 [ERROR] LogOutputStream:75 - [STDERR_REDIRECT] [Fatal Error] :1:1: Premature end of file.
2025-12-13 15:41:18,124 [ERROR] LogOutputStream:75 - [STDERR_REDIRECT] 
2025-12-13 15:41:19,121 [ERROR] LogOutputStream:75 - [STDERR_REDIRECT] [Fatal Error] :1:1: Premature end of file.
2025-12-13 15:41:19,130 [ERROR] LogOutputStream:75 - [STDERR_REDIRECT] 
2025-12-13 15:41:20,123 [ERROR] LogOutputStream:75 - [STDERR_REDIRECT] [Fatal Error] :1:1: Premature end of file.
2025-12-13 15:41:20,124 [ERROR] LogOutputStream:75 - [STDERR_REDIRECT] 
2025-12-13 15:41:21,124 [ERROR] LogOutputStream:75 - [STDERR_REDIRECT] [Fatal Error] :1:1: Premature end of file.
2025-12-13 15:41:21,124 [ERROR] LogOutputStream:75 - [STDERR_REDIRECT] 
2025-12-13 15:41:22,130 [ERROR] LogOutputStream:75 - [STDERR_REDIRECT] [Fatal Error] :1:1: Premature end of file.
2025-12-13 15:41:22,130 [ERROR] LogOutputStream:75 - [STDERR_REDIRECT] 
2025-12-13 15:41:23,130 [ERROR] LogOutputStream:75 - [STDERR_REDIRECT] [Fatal Error] :1:1: Premature end of file.
2025-12-13 15:41:23,130 [ERROR] LogOutputStream:75 - [STDERR_REDIRECT] 
2025-12-13 15:41:24,120 [ERROR] LogOutputStream:75 - [STDERR_REDIRECT] [Fatal Error] :1:1: Premature end of file.
2025-12-13 15:41:24,121 [ERROR] LogOutputStream:75 - [STDERR_REDIRECT] 
2025-12-13 15:41:25,131 [ERROR] LogOutputStream:75 - [STDERR_REDIRECT] [Fatal Error] :1:1: Premature end of file.
2025-12-13 15:41:25,132 [ERROR] LogOutputStream:75 - [STDERR_REDIRECT] 
2025-12-13 15:41:26,130 [ERROR] LogOutputStream:75 - [STDERR_REDIRECT] [Fatal Error] :1:1: Premature end of file.
2025-12-13 15:41:26,130 [ERROR] LogOutputStream:75 - [STDERR_REDIRECT] 
2025-12-13 15:41:27,130 [ERROR] LogOutputStream:75 - [STDERR_REDIRECT] [Fatal Error] :1:1: Premature end of file.
2025-12-13 15:41:27,130 [ERROR] LogOutputStream:75 - [STDERR_REDIRECT] 
2025-12-13 15:41:28,128 [ERROR] LogOutputStream:75 - [STDERR_REDIRECT] [Fatal Error] :1:1: Premature end of file.
2025-12-13 15:41:28,129 [ERROR] LogOutputStream:75 - [STDERR_REDIRECT] 
2025-12-13 15:41:29,128 [ERROR] LogOutputStream:75 - [STDERR_REDIRECT] [Fatal Error] :1:1: Premature end of file.
2025-12-13 15:41:29,129 [ERROR] LogOutputStream:75 - [STDERR_REDIRECT] 
2025-12-13 15:41:30,131 [ERROR] LogOutputStream:75 - [STDERR_REDIRECT] [Fatal Error] :1:1: Premature end of file.
2025-12-13 15:41:30,131 [ERROR] LogOutputStream:75 - [STDERR_REDIRECT] 
2025-12-13 15:41:31,131 [ERROR] LogOutputStream:75 - [STDERR_REDIRECT] [Fatal Error] :1:1: Premature end of file.
2025-12-13 15:41:31,132 [ERROR] LogOutputStream:75 - [STDERR_REDIRECT] 
2025-12-13 15:41:32,126 [ERROR] LogOutputStream:75 - [STDERR_REDIRECT] [Fatal Error] :1:1: Premature end of file.
2025-12-13 15:41:32,127 [ERROR] LogOutputStream:75 - [STDERR_REDIRECT] 
2025-12-13 15:41:33,129 [ERROR] LogOutputStream:75 - [STDERR_REDIRECT] [Fatal Error] :1:1: Premature end of file.
2025-12-13 15:41:33,129 [ERROR] LogOutputStream:75 - [STDERR_REDIRECT] 
2025-12-13 15:41:34,127 [ERROR] LogOutputStream:75 - [STDERR_REDIRECT] [Fatal Error] :1:1: Premature end of file.
2025-12-13 15:41:34,128 [ERROR] LogOutputStream:75 - [STDERR_REDIRECT] 
2025-12-13 15:41:35,130 [ERROR] LogOutputStream:75 - [STDERR_REDIRECT] [Fatal Error] :1:1: Premature end of file.
2025-12-13 15:41:35,130 [ERROR] LogOutputStream:75 - [STDERR_REDIRECT] 
2025-12-13 15:41:36,126 [ERROR] LogOutputStream:75 - [STDERR_REDIRECT] [Fatal Error] :1:1: Premature end of file.
2025-12-13 15:41:36,127 [ERROR] LogOutputStream:75 - [STDERR_REDIRECT] 
2025-12-13 15:41:37,131 [ERROR] LogOutputStream:75 - [STDERR_REDIRECT] [Fatal Error] :1:1: Premature end of file.
2025-12-13 15:41:37,131 [ERROR] LogOutputStream:75 - [STDERR_REDIRECT] 
2025-12-13 15:41:38,132 [ERROR] LogOutputStream:75 - [STDERR_REDIRECT] [Fatal Error] :1:1: Premature end of file.
2025-12-13 15:41:38,133 [ERROR] LogOutputStream:75 - [STDERR_REDIRECT] 
2025-12-13 15:41:39,141 [ERROR] LogOutputStream:75 - [STDERR_REDIRECT] [Fatal Error] :1:1: Premature end of file.
2025-12-13 15:41:39,141 [ERROR] LogOutputStream:75 - [STDERR_REDIRECT] 
2025-12-13 15:41:40,120 [ERROR] LogOutputStream:75 - [STDERR_REDIRECT] [Fatal Error] :1:1: Premature end of file.
2025-12-13 15:41:40,120 [ERROR] LogOutputStream:75 - [STDERR_REDIRECT] 
2025-12-13 15:41:41,130 [ERROR] LogOutputStream:75 - [STDERR_REDIRECT] [Fatal Error] :1:1: Premature end of file.
2025-12-13 15:41:41,130 [ERROR] LogOutputStream:75 - [STDERR_REDIRECT] 
2025-12-13 15:41:42,130 [ERROR] LogOutputStream:75 - [STDERR_REDIRECT] [Fatal Error] :1:1: Premature end of file.
2025-12-13 15:41:42,130 [ERROR] LogOutputStream:75 - [STDERR_REDIRECT] 
2025-12-13 15:41:43,135 [ERROR] LogOutputStream:75 - [STDERR_REDIRECT] [Fatal Error] :1:1: Premature end of file.
2025-12-13 15:41:43,136 [ERROR] LogOutputStream:75 - [STDERR_REDIRECT] 
2025-12-13 15:41:44,134 [ERROR] LogOutputStream:75 - [STDERR_REDIRECT] [Fatal Error] :1:1: Premature end of file.
2025-12-13 15:41:44,135 [ERROR] LogOutputStream:75 - [STDERR_REDIRECT] 
2025-12-13 15:41:45,130 [ERROR] LogOutputStream:75 - [STDERR_REDIRECT] [Fatal Error] :1:1: Premature end of file.
2025-12-13 15:41:45,130 [ERROR] LogOutputStream:75 - [STDERR_REDIRECT] 
2025-12-13 15:41:46,129 [ERROR] LogOutputStream:75 - [STDERR_REDIRECT] [Fatal Error] :1:1: Premature end of file.
2025-12-13 15:41:46,129 [ERROR] LogOutputStream:75 - [STDERR_REDIRECT] 
2025-12-13 15:41:47,139 [ERROR] LogOutputStream:75 - [STDERR_REDIRECT] [Fatal Error] :1:1: Premature end of file.
2025-12-13 15:41:47,140 [ERROR] LogOutputStream:75 - [STDERR_REDIRECT] 
2025-12-13 15:41:48,126 [ERROR] LogOutputStream:75 - [STDERR_REDIRECT] [Fatal Error] :1:1: Premature end of file.
2025-12-13 15:41:48,126 [ERROR] LogOutputStream:75 - [STDERR_REDIRECT] 
2025-12-13 15:41:49,130 [ERROR] LogOutputStream:75 - [STDERR_REDIRECT] [Fatal Error] :1:1: Premature end of file.
2025-12-13 15:41:49,131 [ERROR] LogOutputStream:75 - [STDERR_REDIRECT] 
2025-12-13 15:41:50,121 [ERROR] LogOutputStream:75 - [STDERR_REDIRECT] [Fatal Error] :1:1: Premature end of file.
2025-12-13 15:41:50,122 [ERROR] LogOutputStream:75 - [STDERR_REDIRECT] 
2025-12-13 15:41:51,128 [ERROR] LogOutputStream:75 - [STDERR_REDIRECT] [Fatal Error] :1:1: Premature end of file.
2025-12-13 15:41:51,129 [ERROR] LogOutputStream:75 - [STDERR_REDIRECT] 
2025-12-13 15:41:52,124 [ERROR] LogOutputStream:75 - [STDERR_REDIRECT] [Fatal Error] :1:1: Premature end of file.
2025-12-13 15:41:52,125 [ERROR] LogOutputStream:75 - [STDERR_REDIRECT] 
2025-12-13 15:41:53,110 [ERROR] LogOutputStream:75 - [STDERR_REDIRECT] [Fatal Error] :1:1: Premature end of file.
2025-12-13 15:41:53,110 [ERROR] LogOutputStream:75 - [STDERR_REDIRECT] 
2025-12-13 15:41:54,117 [ERROR] LogOutputStream:75 - [STDERR_REDIRECT] [Fatal Error] :1:1: Premature end of file.
2025-12-13 15:41:54,118 [ERROR] LogOutputStream:75 - [STDERR_REDIRECT] 
2025-12-13 15:41:55,116 [ERROR] LogOutputStream:75 - [STDERR_REDIRECT] [Fatal Error] :1:1: Premature end of file.
2025-12-13 15:41:55,117 [ERROR] LogOutputStream:75 - [STDERR_REDIRECT] 
2025-12-13 15:41:56,135 [ERROR] LogOutputStream:75 - [STDERR_REDIRECT] [Fatal Error] :1:1: Premature end of file.
2025-12-13 15:41:56,136 [ERROR] LogOutputStream:75 - [STDERR_REDIRECT] 
2025-12-13 15:41:57,124 [ERROR] LogOutputStream:75 - [STDERR_REDIRECT] [Fatal Error] :1:1: Premature end of file.
2025-12-13 15:41:57,125 [ERROR] LogOutputStream:75 - [STDERR_REDIRECT] 
2025-12-13 15:41:58,127 [ERROR] LogOutputStream:75 - [STDERR_REDIRECT] [Fatal Error] :1:1: Premature end of file.
2025-12-13 15:41:58,127 [ERROR] LogOutputStream:75 - [STDERR_REDIRECT] 
2025-12-13 15:41:59,122 [ERROR] LogOutputStream:75 - [STDERR_REDIRECT] [Fatal Error] :1:1: Premature end of file.
2025-12-13 15:41:59,122 [ERROR] LogOutputStream:75 - [STDERR_REDIRECT] 
2025-12-13 15:42:00,128 [ERROR] LogOutputStream:75 - [STDERR_REDIRECT] [Fatal Error] :1:1: Premature end of file.
2025-12-13 15:42:00,128 [ERROR] LogOutputStream:75 - [STDERR_REDIRECT] 
2025-12-13 15:42:01,125 [ERROR] LogOutputStream:75 - [STDERR_REDIRECT] [Fatal Error] :1:1: Premature end of file.
2025-12-13 15:42:01,125 [ERROR] LogOutputStream:75 - [STDERR_REDIRECT] 
2025-12-13 15:42:02,122 [ERROR] LogOutputStream:75 - [STDERR_REDIRECT] [Fatal Error] :1:1: Premature end of file.
2025-12-13 15:42:02,122 [ERROR] LogOutputStream:75 - [STDERR_REDIRECT] 
2025-12-13 15:42:03,129 [ERROR] LogOutputStream:75 - [STDERR_REDIRECT] [Fatal Error] :1:1: Premature end of file.
2025-12-13 15:42:03,130 [ERROR] LogOutputStream:75 - [STDERR_REDIRECT] 
2025-12-13 15:42:04,139 [ERROR] LogOutputStream:75 - [STDERR_REDIRECT] [Fatal Error] :1:1: Premature end of file.
2025-12-13 15:42:04,139 [ERROR] LogOutputStream:75 - [STDERR_REDIRECT] 
2025-12-13 15:42:05,122 [ERROR] LogOutputStream:75 - [STDERR_REDIRECT] [Fatal Error] :1:1: Premature end of file.
2025-12-13 15:42:05,122 [ERROR] LogOutputStream:75 - [STDERR_REDIRECT] 
2025-12-13 15:42:06,129 [ERROR] LogOutputStream:75 - [STDERR_REDIRECT] [Fatal Error] :1:1: Premature end of file.
2025-12-13 15:42:06,129 [ERROR] LogOutputStream:75 - [STDERR_REDIRECT] 
2025-12-13 15:42:07,130 [ERROR] LogOutputStream:75 - [STDERR_REDIRECT] [Fatal Error] :1:1: Premature end of file.
2025-12-13 15:42:07,130 [ERROR] LogOutputStream:75 - [STDERR_REDIRECT] 
2025-12-13 15:42:08,128 [ERROR] LogOutputStream:75 - [STDERR_REDIRECT] [Fatal Error] :1:1: Premature end of file.
2025-12-13 15:42:08,129 [ERROR] LogOutputStream:75 - [STDERR_REDIRECT] 
2025-12-13 15:42:09,127 [ERROR] LogOutputStream:75 - [STDERR_REDIRECT] [Fatal Error] :1:1: Premature end of file.
2025-12-13 15:42:09,128 [ERROR] LogOutputStream:75 - [STDERR_REDIRECT] 
2025-12-13 15:42:10,122 [ERROR] LogOutputStream:75 - [STDERR_REDIRECT] [Fatal Error] :1:1: Premature end of file.
2025-12-13 15:42:10,123 [ERROR] LogOutputStream:75 - [STDERR_REDIRECT] 
2025-12-13 15:42:11,123 [ERROR] LogOutputStream:75 - [STDERR_REDIRECT] [Fatal Error] :1:1: Premature end of file.
2025-12-13 15:42:11,124 [ERROR] LogOutputStream:75 - [STDERR_REDIRECT] 
2025-12-13 15:42:12,128 [ERROR] LogOutputStream:75 - [STDERR_REDIRECT] [Fatal Error] :1:1: Premature end of file.
2025-12-13 15:42:12,128 [ERROR] LogOutputStream:75 - [STDERR_REDIRECT] 
2025-12-13 15:42:13,122 [ERROR] LogOutputStream:75 - [STDERR_REDIRECT] [Fatal Error] :1:1: Premature end of file.
2025-12-13 15:42:13,122 [ERROR] LogOutputStream:75 - [STDERR_REDIRECT] 
2025-12-13 15:42:14,125 [ERROR] LogOutputStream:75 - [STDERR_REDIRECT] [Fatal Error] :1:1: Premature end of file.
2025-12-13 15:42:14,125 [ERROR] LogOutputStream:75 - [STDERR_REDIRECT] 
2025-12-13 15:42:15,135 [ERROR] LogOutputStream:75 - [STDERR_REDIRECT] [Fatal Error] :1:1: Premature end of file.
2025-12-13 15:42:15,135 [ERROR] LogOutputStream:75 - [STDERR_REDIRECT] 
2025-12-13 15:42:16,118 [ERROR] LogOutputStream:75 - [STDERR_REDIRECT] [Fatal Error] :1:1: Premature end of file.
2025-12-13 15:42:16,118 [ERROR] LogOutputStream:75 - [STDERR_REDIRECT] 
2025-12-13 15:42:17,114 [ERROR] LogOutputStream:75 - [STDERR_REDIRECT] [Fatal Error] :1:1: Premature end of file.
2025-12-13 15:42:17,115 [ERROR] LogOutputStream:75 - [STDERR_REDIRECT] 
2025-12-13 15:42:18,111 [ERROR] LogOutputStream:75 - [STDERR_REDIRECT] [Fatal Error] :1:1: Premature end of file.
2025-12-13 15:42:18,111 [ERROR] LogOutputStream:75 - [STDERR_REDIRECT] 
2025-12-13 15:42:19,133 [ERROR] LogOutputStream:75 - [STDERR_REDIRECT] [Fatal Error] :1:1: Premature end of file.
2025-12-13 15:42:19,134 [ERROR] LogOutputStream:75 - [STDERR_REDIRECT] 
2025-12-13 15:42:20,119 [ERROR] LogOutputStream:75 - [STDERR_REDIRECT] [Fatal Error] :1:1: Premature end of file.
2025-12-13 15:42:20,119 [ERROR] LogOutputStream:75 - [STDERR_REDIRECT] 
2025-12-13 15:42:21,121 [ERROR] LogOutputStream:75 - [STDERR_REDIRECT] [Fatal Error] :1:1: Premature end of file.
2025-12-13 15:42:21,122 [ERROR] LogOutputStream:75 - [STDERR_REDIRECT] 
2025-12-13 15:42:22,133 [ERROR] LogOutputStream:75 - [STDERR_REDIRECT] [Fatal Error] :1:1: Premature end of file.
2025-12-13 15:42:22,133 [ERROR] LogOutputStream:75 - [STDERR_REDIRECT] 
2025-12-13 15:42:23,153 [ERROR] LogOutputStream:75 - [STDERR_REDIRECT] [Fatal Error] :1:1: Premature end of file.
2025-12-13 15:42:23,153 [ERROR] LogOutputStream:75 - [STDERR_REDIRECT] 
2025-12-13 15:42:24,119 [ERROR] LogOutputStream:75 - [STDERR_REDIRECT] [Fatal Error] :1:1: Premature end of file.
2025-12-13 15:42:24,119 [ERROR] LogOutputStream:75 - [STDERR_REDIRECT] 
2025-12-13 15:42:25,134 [ERROR] LogOutputStream:75 - [STDERR_REDIRECT] [Fatal Error] :1:1: Premature end of file.
2025-12-13 15:42:25,135 [ERROR] LogOutputStream:75 - [STDERR_REDIRECT] 
2025-12-13 15:42:26,121 [ERROR] LogOutputStream:75 - [STDERR_REDIRECT] [Fatal Error] :1:1: Premature end of file.
2025-12-13 15:42:26,122 [ERROR] LogOutputStream:75 - [STDERR_REDIRECT] 
2025-12-13 15:42:27,130 [ERROR] LogOutputStream:75 - [STDERR_REDIRECT] [Fatal Error] :1:1: Premature end of file.
2025-12-13 15:42:27,131 [ERROR] LogOutputStream:75 - [STDERR_REDIRECT] 
2025-12-13 15:42:28,124 [ERROR] LogOutputStream:75 - [STDERR_REDIRECT] [Fatal Error] :1:1: Premature end of file.
2025-12-13 15:42:28,125 [ERROR] LogOutputStream:75 - [STDERR_REDIRECT] 
2025-12-13 15:42:29,132 [ERROR] LogOutputStream:75 - [STDERR_REDIRECT] [Fatal Error] :1:1: Premature end of file.
2025-12-13 15:42:29,133 [ERROR] LogOutputStream:75 - [STDERR_REDIRECT] 
2025-12-13 15:42:30,126 [ERROR] LogOutputStream:75 - [STDERR_REDIRECT] [Fatal Error] :1:1: Premature end of file.
2025-12-13 15:42:30,126 [ERROR] LogOutputStream:75 - [STDERR_REDIRECT] 
2025-12-13 15:42:31,127 [ERROR] LogOutputStream:75 - [STDERR_REDIRECT] [Fatal Error] :1:1: Premature end of file.
2025-12-13 15:42:31,128 [ERROR] LogOutputStream:75 - [STDERR_REDIRECT] 
2025-12-13 15:42:32,120 [ERROR] LogOutputStream:75 - [STDERR_REDIRECT] [Fatal Error] :1:1: Premature end of file.
2025-12-13 15:42:32,121 [ERROR] LogOutputStream:75 - [STDERR_REDIRECT] 
2025-12-13 15:42:33,145 [ERROR] LogOutputStream:75 - [STDERR_REDIRECT] [Fatal Error] :1:1: Premature end of file.
2025-12-13 15:42:33,146 [ERROR] LogOutputStream:75 - [STDERR_REDIRECT] 
2025-12-13 15:42:34,122 [ERROR] LogOutputStream:75 - [STDERR_REDIRECT] [Fatal Error] :1:1: Premature end of file.
2025-12-13 15:42:34,123 [ERROR] LogOutputStream:75 - [STDERR_REDIRECT] 
2025-12-13 15:42:35,123 [ERROR] LogOutputStream:75 - [STDERR_REDIRECT] [Fatal Error] :1:1: Premature end of file.
2025-12-13 15:42:35,124 [ERROR] LogOutputStream:75 - [STDERR_REDIRECT] 
2025-12-13 15:42:36,128 [ERROR] LogOutputStream:75 - [STDERR_REDIRECT] [Fatal Error] :1:1: Premature end of file.
2025-12-13 15:42:36,128 [ERROR] LogOutputStream:75 - [STDERR_REDIRECT] 
2025-12-13 15:42:37,131 [ERROR] LogOutputStream:75 - [STDERR_REDIRECT] [Fatal Error] :1:1: Premature end of file.
2025-12-13 15:42:37,131 [ERROR] LogOutputStream:75 - [STDERR_REDIRECT] 
2025-12-13 15:42:38,127 [ERROR] LogOutputStream:75 - [STDERR_REDIRECT] [Fatal Error] :1:1: Premature end of file.
2025-12-13 15:42:38,128 [ERROR] LogOutputStream:75 - [STDERR_REDIRECT] 
2025-12-13 15:42:39,131 [ERROR] LogOutputStream:75 - [STDERR_REDIRECT] [Fatal Error] :1:1: Premature end of file.
2025-12-13 15:42:39,132 [ERROR] LogOutputStream:75 - [STDERR_REDIRECT] 
2025-12-13 15:42:40,127 [ERROR] LogOutputStream:75 - [STDERR_REDIRECT] [Fatal Error] :1:1: Premature end of file.
2025-12-13 15:42:40,128 [ERROR] LogOutputStream:75 - [STDERR_REDIRECT] 
2025-12-13 15:42:41,122 [ERROR] LogOutputStream:75 - [STDERR_REDIRECT] [Fatal Error] :1:1: Premature end of file.
2025-12-13 15:42:41,122 [ERROR] LogOutputStream:75 - [STDERR_REDIRECT] 
2025-12-13 15:42:42,122 [ERROR] LogOutputStream:75 - [STDERR_REDIRECT] [Fatal Error] :1:1: Premature end of file.
2025-12-13 15:42:42,122 [ERROR] LogOutputStream:75 - [STDERR_REDIRECT] 
2025-12-13 15:42:43,124 [ERROR] LogOutputStream:75 - [STDERR_REDIRECT] [Fatal Error] :1:1: Premature end of file.
2025-12-13 15:42:43,125 [ERROR] LogOutputStream:75 - [STDERR_REDIRECT] 
2025-12-13 15:42:44,120 [ERROR] LogOutputStream:75 - [STDERR_REDIRECT] [Fatal Error] :1:1: Premature end of file.
2025-12-13 15:42:44,120 [ERROR] LogOutputStream:75 - [STDERR_REDIRECT] 
2025-12-13 15:42:45,134 [ERROR] LogOutputStream:75 - [STDERR_REDIRECT] [Fatal Error] :1:1: Premature end of file.
2025-12-13 15:42:45,135 [ERROR] LogOutputStream:75 - [STDERR_REDIRECT] 
2025-12-13 15:42:46,129 [ERROR] LogOutputStream:75 - [STDERR_REDIRECT] [Fatal Error] :1:1: Premature end of file.
2025-12-13 15:42:46,129 [ERROR] LogOutputStream:75 - [STDERR_REDIRECT] 
2025-12-13 15:42:47,123 [ERROR] LogOutputStream:75 - [STDERR_REDIRECT] [Fatal Error] :1:1: Premature end of file.
2025-12-13 15:42:47,124 [ERROR] LogOutputStream:75 - [STDERR_REDIRECT] 
2025-12-13 15:42:48,127 [ERROR] LogOutputStream:75 - [STDERR_REDIRECT] [Fatal Error] :1:1: Premature end of file.
2025-12-13 15:42:48,128 [ERROR] LogOutputStream:75 - [STDERR_REDIRECT] 
2025-12-13 15:42:49,127 [ERROR] LogOutputStream:75 - [STDERR_REDIRECT] [Fatal Error] :1:1: Premature end of file.
2025-12-13 15:42:49,127 [ERROR] LogOutputStream:75 - [STDERR_REDIRECT] 
2025-12-13 15:42:50,123 [ERROR] LogOutputStream:75 - [STDERR_REDIRECT] [Fatal Error] :1:1: Premature end of file.
2025-12-13 15:42:50,123 [ERROR] LogOutputStream:75 - [STDERR_REDIRECT] 
2025-12-13 15:42:51,130 [ERROR] LogOutputStream:75 - [STDERR_REDIRECT] [Fatal Error] :1:1: Premature end of file.
2025-12-13 15:42:51,130 [ERROR] LogOutputStream:75 - [STDERR_REDIRECT] 
2025-12-13 15:42:52,125 [ERROR] LogOutputStream:75 - [STDERR_REDIRECT] [Fatal Error] :1:1: Premature end of file.
2025-12-13 15:42:52,126 [ERROR] LogOutputStream:75 - [STDERR_REDIRECT] 
2025-12-13 15:42:53,122 [ERROR] LogOutputStream:75 - [STDERR_REDIRECT] [Fatal Error] :1:1: Premature end of file.
2025-12-13 15:42:53,122 [ERROR] LogOutputStream:75 - [STDERR_REDIRECT] 
2025-12-13 15:42:54,125 [ERROR] LogOutputStream:75 - [STDERR_REDIRECT] [Fatal Error] :1:1: Premature end of file.
2025-12-13 15:42:54,126 [ERROR] LogOutputStream:75 - [STDERR_REDIRECT] 
2025-12-13 15:42:55,126 [ERROR] LogOutputStream:75 - [STDERR_REDIRECT] [Fatal Error] :1:1: Premature end of file.
2025-12-13 15:42:55,126 [ERROR] LogOutputStream:75 - [STDERR_REDIRECT] 
2025-12-13 15:42:56,151 [ERROR] LogOutputStream:75 - [STDERR_REDIRECT] [Fatal Error] :1:1: Premature end of file.
2025-12-13 15:42:56,152 [ERROR] LogOutputStream:75 - [STDERR_REDIRECT] 
2025-12-13 15:42:57,162 [ERROR] LogOutputStream:75 - [STDERR_REDIRECT] [Fatal Error] :1:1: Premature end of file.
2025-12-13 15:42:57,162 [ERROR] LogOutputStream:75 - [STDERR_REDIRECT] 
2025-12-13 15:42:58,132 [ERROR] LogOutputStream:75 - [STDERR_REDIRECT] [Fatal Error] :1:1: Premature end of file.
2025-12-13 15:42:58,132 [ERROR] LogOutputStream:75 - [STDERR_REDIRECT] 
2025-12-13 15:42:59,134 [ERROR] LogOutputStream:75 - [STDERR_REDIRECT] [Fatal Error] :1:1: Premature end of file.
2025-12-13 15:42:59,134 [ERROR] LogOutputStream:75 - [STDERR_REDIRECT] 
2025-12-13 15:43:00,120 [ERROR] LogOutputStream:75 - [STDERR_REDIRECT] [Fatal Error] :1:1: Premature end of file.
2025-12-13 15:43:00,120 [ERROR] LogOutputStream:75 - [STDERR_REDIRECT] 
2025-12-13 15:43:01,112 [ERROR] LogOutputStream:75 - [STDERR_REDIRECT] [Fatal Error] :1:1: Premature end of file.
2025-12-13 15:43:01,112 [ERROR] LogOutputStream:75 - [STDERR_REDIRECT] 
2025-12-13 15:43:02,115 [ERROR] LogOutputStream:75 - [STDERR_REDIRECT] [Fatal Error] :1:1: Premature end of file.
2025-12-13 15:43:02,115 [ERROR] LogOutputStream:75 - [STDERR_REDIRECT] 
2025-12-13 15:43:03,120 [ERROR] LogOutputStream:75 - [STDERR_REDIRECT] [Fatal Error] :1:1: Premature end of file.
2025-12-13 15:43:03,121 [ERROR] LogOutputStream:75 - [STDERR_REDIRECT] 
2025-12-13 15:43:04,128 [ERROR] LogOutputStream:75 - [STDERR_REDIRECT] [Fatal Error] :1:1: Premature end of file.
2025-12-13 15:43:04,128 [ERROR] LogOutputStream:75 - [STDERR_REDIRECT] 
2025-12-13 15:43:05,132 [ERROR] LogOutputStream:75 - [STDERR_REDIRECT] [Fatal Error] :1:1: Premature end of file.
2025-12-13 15:43:05,133 [ERROR] LogOutputStream:75 - [STDERR_REDIRECT] 
2025-12-13 15:43:06,122 [ERROR] LogOutputStream:75 - [STDERR_REDIRECT] [Fatal Error] :1:1: Premature end of file.
2025-12-13 15:43:06,122 [ERROR] LogOutputStream:75 - [STDERR_REDIRECT] 
2025-12-13 15:43:07,125 [ERROR] LogOutputStream:75 - [STDERR_REDIRECT] [Fatal Error] :1:1: Premature end of file.
2025-12-13 15:43:07,126 [ERROR] LogOutputStream:75 - [STDERR_REDIRECT] 
2025-12-13 15:43:08,125 [ERROR] LogOutputStream:75 - [STDERR_REDIRECT] [Fatal Error] :1:1: Premature end of file.
2025-12-13 15:43:08,125 [ERROR] LogOutputStream:75 - [STDERR_REDIRECT] 
2025-12-13 15:43:09,131 [ERROR] LogOutputStream:75 - [STDERR_REDIRECT] [Fatal Error] :1:1: Premature end of file.
2025-12-13 15:43:09,131 [ERROR] LogOutputStream:75 - [STDERR_REDIRECT] 
2025-12-13 15:43:10,131 [ERROR] LogOutputStream:75 - [STDERR_REDIRECT] [Fatal Error] :1:1: Premature end of file.
2025-12-13 15:43:10,131 [ERROR] LogOutputStream:75 - [STDERR_REDIRECT] 
2025-12-13 15:43:11,132 [ERROR] LogOutputStream:75 - [STDERR_REDIRECT] [Fatal Error] :1:1: Premature end of file.
2025-12-13 15:43:11,132 [ERROR] LogOutputStream:75 - [STDERR_REDIRECT] 
2025-12-13 15:43:12,127 [ERROR] LogOutputStream:75 - [STDERR_REDIRECT] [Fatal Error] :1:1: Premature end of file.
2025-12-13 15:43:12,127 [ERROR] LogOutputStream:75 - [STDERR_REDIRECT] 
2025-12-13 15:43:13,124 [ERROR] LogOutputStream:75 - [STDERR_REDIRECT] [Fatal Error] :1:1: Premature end of file.
2025-12-13 15:43:13,124 [ERROR] LogOutputStream:75 - [STDERR_REDIRECT] 
2025-12-13 15:43:14,125 [ERROR] LogOutputStream:75 - [STDERR_REDIRECT] [Fatal Error] :1:1: Premature end of file.
2025-12-13 15:43:14,125 [ERROR] LogOutputStream:75 - [STDERR_REDIRECT] 
2025-12-13 15:43:15,124 [ERROR] LogOutputStream:75 - [STDERR_REDIRECT] [Fatal Error] :1:1: Premature end of file.
2025-12-13 15:43:15,125 [ERROR] LogOutputStream:75 - [STDERR_REDIRECT] 
2025-12-13 15:43:16,124 [ERROR] LogOutputStream:75 - [STDERR_REDIRECT] [Fatal Error] :1:1: Premature end of file.
2025-12-13 15:43:16,124 [ERROR] LogOutputStream:75 - [STDERR_REDIRECT] 
2025-12-13 15:43:17,121 [ERROR] LogOutputStream:75 - [STDERR_REDIRECT] [Fatal Error] :1:1: Premature end of file.
2025-12-13 15:43:17,121 [ERROR] LogOutputStream:75 - [STDERR_REDIRECT] 
2025-12-13 15:43:18,127 [ERROR] LogOutputStream:75 - [STDERR_REDIRECT] [Fatal Error] :1:1: Premature end of file.
2025-12-13 15:43:18,127 [ERROR] LogOutputStream:75 - [STDERR_REDIRECT] 
2025-12-13 15:43:19,120 [ERROR] LogOutputStream:75 - [STDERR_REDIRECT] [Fatal Error] :1:1: Premature end of file.
2025-12-13 15:43:19,121 [ERROR] LogOutputStream:75 - [STDERR_REDIRECT] 
2025-12-13 15:43:20,121 [ERROR] LogOutputStream:75 - [STDERR_REDIRECT] [Fatal Error] :1:1: Premature end of file.
2025-12-13 15:43:20,122 [ERROR] LogOutputStream:75 - [STDERR_REDIRECT] 
2025-12-13 15:43:21,123 [ERROR] LogOutputStream:75 - [STDERR_REDIRECT] [Fatal Error] :1:1: Premature end of file.
2025-12-13 15:43:21,123 [ERROR] LogOutputStream:75 - [STDERR_REDIRECT] 
2025-12-13 15:43:22,121 [ERROR] LogOutputStream:75 - [STDERR_REDIRECT] [Fatal Error] :1:1: Premature end of file.
2025-12-13 15:43:22,121 [ERROR] LogOutputStream:75 - [STDERR_REDIRECT] 
2025-12-13 15:43:23,127 [ERROR] LogOutputStream:75 - [STDERR_REDIRECT] [Fatal Error] :1:1: Premature end of file.
2025-12-13 15:43:23,128 [ERROR] LogOutputStream:75 - [STDERR_REDIRECT] 
2025-12-13 15:43:24,125 [ERROR] LogOutputStream:75 - [STDERR_REDIRECT] [Fatal Error] :1:1: Premature end of file.
2025-12-13 15:43:24,125 [ERROR] LogOutputStream:75 - [STDERR_REDIRECT] 
2025-12-13 15:43:25,124 [ERROR] LogOutputStream:75 - [STDERR_REDIRECT] [Fatal Error] :1:1: Premature end of file.
2025-12-13 15:43:25,124 [ERROR] LogOutputStream:75 - [STDERR_REDIRECT] 
2025-12-13 15:43:26,132 [ERROR] LogOutputStream:75 - [STDERR_REDIRECT] [Fatal Error] :1:1: Premature end of file.
2025-12-13 15:43:26,132 [ERROR] LogOutputStream:75 - [STDERR_REDIRECT] 
2025-12-13 15:43:27,120 [ERROR] LogOutputStream:75 - [STDERR_REDIRECT] [Fatal Error] :1:1: Premature end of file.
2025-12-13 15:43:27,120 [ERROR] LogOutputStream:75 - [STDERR_REDIRECT] 
2025-12-13 15:43:28,124 [ERROR] LogOutputStream:75 - [STDERR_REDIRECT] [Fatal Error] :1:1: Premature end of file.
2025-12-13 15:43:28,124 [ERROR] LogOutputStream:75 - [STDERR_REDIRECT] 
2025-12-13 15:43:29,119 [ERROR] LogOutputStream:75 - [STDERR_REDIRECT] [Fatal Error] :1:1: Premature end of file.
2025-12-13 15:43:29,120 [ERROR] LogOutputStream:75 - [STDERR_REDIRECT] 
2025-12-13 15:43:30,122 [ERROR] LogOutputStream:75 - [STDERR_REDIRECT] [Fatal Error] :1:1: Premature end of file.
2025-12-13 15:43:30,122 [ERROR] LogOutputStream:75 - [STDERR_REDIRECT] 
2025-12-13 15:43:31,124 [ERROR] LogOutputStream:75 - [STDERR_REDIRECT] [Fatal Error] :1:1: Premature end of file.
2025-12-13 15:43:31,124 [ERROR] LogOutputStream:75 - [STDERR_REDIRECT] 
2025-12-13 15:43:32,129 [ERROR] LogOutputStream:75 - [STDERR_REDIRECT] [Fatal Error] :1:1: Premature end of file.
2025-12-13 15:43:32,130 [ERROR] LogOutputStream:75 - [STDERR_REDIRECT] 
2025-12-13 15:43:33,127 [ERROR] LogOutputStream:75 - [STDERR_REDIRECT] [Fatal Error] :1:1: Premature end of file.
2025-12-13 15:43:33,127 [ERROR] LogOutputStream:75 - [STDERR_REDIRECT] 
2025-12-13 15:43:34,130 [ERROR] LogOutputStream:75 - [STDERR_REDIRECT] [Fatal Error] :1:1: Premature end of file.
2025-12-13 15:43:34,131 [ERROR] LogOutputStream:75 - [STDERR_REDIRECT] 
2025-12-13 15:43:35,121 [ERROR] LogOutputStream:75 - [STDERR_REDIRECT] [Fatal Error] :1:1: Premature end of file.
2025-12-13 15:43:35,122 [ERROR] LogOutputStream:75 - [STDERR_REDIRECT] 
2025-12-13 15:43:36,121 [ERROR] LogOutputStream:75 - [STDERR_REDIRECT] [Fatal Error] :1:1: Premature end of file.
2025-12-13 15:43:36,121 [ERROR] LogOutputStream:75 - [STDERR_REDIRECT] 
2025-12-13 15:43:37,124 [ERROR] LogOutputStream:75 - [STDERR_REDIRECT] [Fatal Error] :1:1: Premature end of file.
2025-12-13 15:43:37,125 [ERROR] LogOutputStream:75 - [STDERR_REDIRECT] 
2025-12-13 15:43:38,121 [ERROR] LogOutputStream:75 - [STDERR_REDIRECT] [Fatal Error] :1:1: Premature end of file.
2025-12-13 15:43:38,122 [ERROR] LogOutputStream:75 - [STDERR_REDIRECT] 
2025-12-13 15:43:39,129 [ERROR] LogOutputStream:75 - [STDERR_REDIRECT] [Fatal Error] :1:1: Premature end of file.
2025-12-13 15:43:39,129 [ERROR] LogOutputStream:75 - [STDERR_REDIRECT] 
2025-12-13 15:43:40,123 [ERROR] LogOutputStream:75 - [STDERR_REDIRECT] [Fatal Error] :1:1: Premature end of file.
2025-12-13 15:43:40,125 [ERROR] LogOutputStream:75 - [STDERR_REDIRECT] 
2025-12-13 15:43:41,118 [ERROR] LogOutputStream:75 - [STDERR_REDIRECT] [Fatal Error] :1:1: Premature end of file.
2025-12-13 15:43:41,119 [ERROR] LogOutputStream:75 - [STDERR_REDIRECT] 
2025-12-13 15:43:42,129 [ERROR] LogOutputStream:75 - [STDERR_REDIRECT] [Fatal Error] :1:1: Premature end of file.
2025-12-13 15:43:42,130 [ERROR] LogOutputStream:75 - [STDERR_REDIRECT] 
2025-12-13 15:43:43,133 [ERROR] LogOutputStream:75 - [STDERR_REDIRECT] [Fatal Error] :1:1: Premature end of file.
2025-12-13 15:43:43,133 [ERROR] LogOutputStream:75 - [STDERR_REDIRECT] 
2025-12-13 15:43:44,144 [ERROR] LogOutputStream:75 - [STDERR_REDIRECT] [Fatal Error] :1:1: Premature end of file.
2025-12-13 15:43:44,144 [ERROR] LogOutputStream:75 - [STDERR_REDIRECT] 
2025-12-13 15:43:45,128 [ERROR] LogOutputStream:75 - [STDERR_REDIRECT] [Fatal Error] :1:1: Premature end of file.
2025-12-13 15:43:45,128 [ERROR] LogOutputStream:75 - [STDERR_REDIRECT] 
2025-12-13 15:43:46,132 [ERROR] LogOutputStream:75 - [STDERR_REDIRECT] [Fatal Error] :1:1: Premature end of file.
2025-12-13 15:43:46,132 [ERROR] LogOutputStream:75 - [STDERR_REDIRECT] 
2025-12-13 15:43:47,121 [ERROR] LogOutputStream:75 - [STDERR_REDIRECT] [Fatal Error] :1:1: Premature end of file.
2025-12-13 15:43:47,122 [ERROR] LogOutputStream:75 - [STDERR_REDIRECT] 
2025-12-13 15:43:48,120 [ERROR] LogOutputStream:75 - [STDERR_REDIRECT] [Fatal Error] :1:1: Premature end of file.
2025-12-13 15:43:48,120 [ERROR] LogOutputStream:75 - [STDERR_REDIRECT] 
2025-12-13 15:43:49,120 [ERROR] LogOutputStream:75 - [STDERR_REDIRECT] [Fatal Error] :1:1: Premature end of file.
2025-12-13 15:43:49,120 [ERROR] LogOutputStream:75 - [STDERR_REDIRECT] 
2025-12-13 15:43:50,121 [ERROR] LogOutputStream:75 - [STDERR_REDIRECT] [Fatal Error] :1:1: Premature end of file.
2025-12-13 15:43:50,122 [ERROR] LogOutputStream:75 - [STDERR_REDIRECT] 
2025-12-13 15:43:51,136 [ERROR] LogOutputStream:75 - [STDERR_REDIRECT] [Fatal Error] :1:1: Premature end of file.
2025-12-13 15:43:51,136 [ERROR] LogOutputStream:75 - [STDERR_REDIRECT] 
2025-12-13 15:43:52,111 [ERROR] LogOutputStream:75 - [STDERR_REDIRECT] [Fatal Error] :1:1: Premature end of file.
2025-12-13 15:43:52,111 [ERROR] LogOutputStream:75 - [STDERR_REDIRECT] 
2025-12-13 15:43:53,130 [ERROR] LogOutputStream:75 - [STDERR_REDIRECT] [Fatal Error] :1:1: Premature end of file.
2025-12-13 15:43:53,131 [ERROR] LogOutputStream:75 - [STDERR_REDIRECT] 
2025-12-13 15:43:54,131 [ERROR] LogOutputStream:75 - [STDERR_REDIRECT] [Fatal Error] :1:1: Premature end of file.
2025-12-13 15:43:54,132 [ERROR] LogOutputStream:75 - [STDERR_REDIRECT] 
2025-12-13 15:43:55,136 [ERROR] LogOutputStream:75 - [STDERR_REDIRECT] [Fatal Error] :1:1: Premature end of file.
2025-12-13 15:43:55,136 [ERROR] LogOutputStream:75 - [STDERR_REDIRECT] 
2025-12-13 15:43:56,133 [ERROR] LogOutputStream:75 - [STDERR_REDIRECT] [Fatal Error] :1:1: Premature end of file.
2025-12-13 15:43:56,134 [ERROR] LogOutputStream:75 - [STDERR_REDIRECT] 
2025-12-13 15:43:57,130 [ERROR] LogOutputStream:75 - [STDERR_REDIRECT] [Fatal Error] :1:1: Premature end of file.
2025-12-13 15:43:57,130 [ERROR] LogOutputStream:75 - [STDERR_REDIRECT] 
2025-12-13 15:43:58,108 [ERROR] LogOutputStream:75 - [STDERR_REDIRECT] [Fatal Error] :1:1: Premature end of file.
2025-12-13 15:43:58,109 [ERROR] LogOutputStream:75 - [STDERR_REDIRECT] 
2025-12-13 15:43:59,116 [ERROR] LogOutputStream:75 - [STDERR_REDIRECT] [Fatal Error] :1:1: Premature end of file.
2025-12-13 15:43:59,116 [ERROR] LogOutputStream:75 - [STDERR_REDIRECT] 
2025-12-13 15:44:00,205 [ERROR] LogOutputStream:75 - [STDERR_REDIRECT] [Fatal Error] :1:1: Premature end of file.
2025-12-13 15:44:00,205 [ERROR] LogOutputStream:75 - [STDERR_REDIRECT] 
2025-12-13 15:44:01,143 [ERROR] LogOutputStream:75 - [STDERR_REDIRECT] [Fatal Error] :1:1: Premature end of file.
2025-12-13 15:44:01,144 [ERROR] LogOutputStream:75 - [STDERR_REDIRECT] 
2025-12-13 15:44:02,151 [ERROR] LogOutputStream:75 - [STDERR_REDIRECT] [Fatal Error] :1:1: Premature end of file.
2025-12-13 15:44:02,151 [ERROR] LogOutputStream:75 - [STDERR_REDIRECT] 
2025-12-13 15:44:03,143 [ERROR] LogOutputStream:75 - [STDERR_REDIRECT] [Fatal Error] :1:1: Premature end of file.
2025-12-13 15:44:03,143 [ERROR] LogOutputStream:75 - [STDERR_REDIRECT] 
2025-12-13 15:44:04,149 [ERROR] LogOutputStream:75 - [STDERR_REDIRECT] [Fatal Error] :1:1: Premature end of file.
2025-12-13 15:44:04,149 [ERROR] LogOutputStream:75 - [STDERR_REDIRECT] 
2025-12-13 15:44:05,145 [ERROR] LogOutputStream:75 - [STDERR_REDIRECT] [Fatal Error] :1:1: Premature end of file.
2025-12-13 15:44:05,145 [ERROR] LogOutputStream:75 - [STDERR_REDIRECT] 
2025-12-13 15:44:06,141 [ERROR] LogOutputStream:75 - [STDERR_REDIRECT] [Fatal Error] :1:1: Premature end of file.
2025-12-13 15:44:06,141 [ERROR] LogOutputStream:75 - [STDERR_REDIRECT] 
2025-12-13 15:44:07,145 [ERROR] LogOutputStream:75 - [STDERR_REDIRECT] [Fatal Error] :1:1: Premature end of file.
2025-12-13 15:44:07,145 [ERROR] LogOutputStream:75 - [STDERR_REDIRECT] 
2025-12-13 15:44:08,119 [ERROR] LogOutputStream:75 - [STDERR_REDIRECT] [Fatal Error] :1:1: Premature end of file.
2025-12-13 15:44:08,119 [ERROR] LogOutputStream:75 - [STDERR_REDIRECT] 
2025-12-13 15:44:09,105 [ERROR] LogOutputStream:75 - [STDERR_REDIRECT] [Fatal Error] :1:1: Premature end of file.
2025-12-13 15:44:09,106 [ERROR] LogOutputStream:75 - [STDERR_REDIRECT] 
2025-12-13 15:44:10,117 [ERROR] LogOutputStream:75 - [STDERR_REDIRECT] [Fatal Error] :1:1: Premature end of file.
2025-12-13 15:44:10,117 [ERROR] LogOutputStream:75 - [STDERR_REDIRECT] 
2025-12-13 15:44:11,123 [ERROR] LogOutputStream:75 - [STDERR_REDIRECT] [Fatal Error] :1:1: Premature end of file.
2025-12-13 15:44:11,123 [ERROR] LogOutputStream:75 - [STDERR_REDIRECT] 
2025-12-13 15:44:12,126 [ERROR] LogOutputStream:75 - [STDERR_REDIRECT] [Fatal Error] :1:1: Premature end of file.
2025-12-13 15:44:12,126 [ERROR] LogOutputStream:75 - [STDERR_REDIRECT] 
2025-12-13 15:44:13,122 [ERROR] LogOutputStream:75 - [STDERR_REDIRECT] [Fatal Error] :1:1: Premature end of file.
2025-12-13 15:44:13,123 [ERROR] LogOutputStream:75 - [STDERR_REDIRECT] 
2025-12-13 15:44:14,130 [ERROR] LogOutputStream:75 - [STDERR_REDIRECT] [Fatal Error] :1:1: Premature end of file.
2025-12-13 15:44:14,130 [ERROR] LogOutputStream:75 - [STDERR_REDIRECT] 
2025-12-13 15:44:15,123 [ERROR] LogOutputStream:75 - [STDERR_REDIRECT] [Fatal Error] :1:1: Premature end of file.
2025-12-13 15:44:15,123 [ERROR] LogOutputStream:75 - [STDERR_REDIRECT] 
2025-12-13 15:44:16,125 [ERROR] LogOutputStream:75 - [STDERR_REDIRECT] [Fatal Error] :1:1: Premature end of file.
2025-12-13 15:44:16,125 [ERROR] LogOutputStream:75 - [STDERR_REDIRECT] 
2025-12-13 15:44:17,130 [ERROR] LogOutputStream:75 - [STDERR_REDIRECT] [Fatal Error] :1:1: Premature end of file.
2025-12-13 15:44:17,130 [ERROR] LogOutputStream:75 - [STDERR_REDIRECT] 
2025-12-13 15:44:18,126 [ERROR] LogOutputStream:75 - [STDERR_REDIRECT] [Fatal Error] :1:1: Premature end of file.
2025-12-13 15:44:18,127 [ERROR] LogOutputStream:75 - [STDERR_REDIRECT] 
2025-12-13 15:44:19,125 [ERROR] LogOutputStream:75 - [STDERR_REDIRECT] [Fatal Error] :1:1: Premature end of file.
2025-12-13 15:44:19,125 [ERROR] LogOutputStream:75 - [STDERR_REDIRECT] 
2025-12-13 15:44:20,125 [ERROR] LogOutputStream:75 - [STDERR_REDIRECT] [Fatal Error] :1:1: Premature end of file.
2025-12-13 15:44:20,125 [ERROR] LogOutputStream:75 - [STDERR_REDIRECT] 
2025-12-13 15:44:21,124 [ERROR] LogOutputStream:75 - [STDERR_REDIRECT] [Fatal Error] :1:1: Premature end of file.
2025-12-13 15:44:21,125 [ERROR] LogOutputStream:75 - [STDERR_REDIRECT] 
2025-12-13 15:44:22,127 [ERROR] LogOutputStream:75 - [STDERR_REDIRECT] [Fatal Error] :1:1: Premature end of file.
2025-12-13 15:44:22,128 [ERROR] LogOutputStream:75 - [STDERR_REDIRECT] 
2025-12-13 15:44:23,131 [ERROR] LogOutputStream:75 - [STDERR_REDIRECT] [Fatal Error] :1:1: Premature end of file.
2025-12-13 15:44:23,149 [ERROR] LogOutputStream:75 - [STDERR_REDIRECT] 
2025-12-13 15:44:24,128 [ERROR] LogOutputStream:75 - [STDERR_REDIRECT] [Fatal Error] :1:1: Premature end of file.
2025-12-13 15:44:24,128 [ERROR] LogOutputStream:75 - [STDERR_REDIRECT] 
2025-12-13 15:44:25,125 [ERROR] LogOutputStream:75 - [STDERR_REDIRECT] [Fatal Error] :1:1: Premature end of file.
2025-12-13 15:44:25,125 [ERROR] LogOutputStream:75 - [STDERR_REDIRECT] 
2025-12-13 15:44:26,123 [ERROR] LogOutputStream:75 - [STDERR_REDIRECT] [Fatal Error] :1:1: Premature end of file.
2025-12-13 15:44:26,123 [ERROR] LogOutputStream:75 - [STDERR_REDIRECT] 
2025-12-13 15:44:27,127 [ERROR] LogOutputStream:75 - [STDERR_REDIRECT] [Fatal Error] :1:1: Premature end of file.
2025-12-13 15:44:27,127 [ERROR] LogOutputStream:75 - [STDERR_REDIRECT] 
2025-12-13 15:44:28,130 [ERROR] LogOutputStream:75 - [STDERR_REDIRECT] [Fatal Error] :1:1: Premature end of file.
2025-12-13 15:44:28,130 [ERROR] LogOutputStream:75 - [STDERR_REDIRECT] 
2025-12-13 15:44:29,128 [ERROR] LogOutputStream:75 - [STDERR_REDIRECT] [Fatal Error] :1:1: Premature end of file.
2025-12-13 15:44:29,128 [ERROR] LogOutputStream:75 - [STDERR_REDIRECT] 
2025-12-13 15:44:30,127 [ERROR] LogOutputStream:75 - [STDERR_REDIRECT] [Fatal Error] :1:1: Premature end of file.
2025-12-13 15:44:30,127 [ERROR] LogOutputStream:75 - [STDERR_REDIRECT] 
2025-12-13 15:44:31,144 [ERROR] LogOutputStream:75 - [STDERR_REDIRECT] [Fatal Error] :1:1: Premature end of file.
2025-12-13 15:44:31,145 [ERROR] LogOutputStream:75 - [STDERR_REDIRECT] 
2025-12-13 15:44:32,125 [ERROR] LogOutputStream:75 - [STDERR_REDIRECT] [Fatal Error] :1:1: Premature end of file.
2025-12-13 15:44:32,126 [ERROR] LogOutputStream:75 - [STDERR_REDIRECT] 
2025-12-13 15:44:33,123 [ERROR] LogOutputStream:75 - [STDERR_REDIRECT] [Fatal Error] :1:1: Premature end of file.
2025-12-13 15:44:33,123 [ERROR] LogOutputStream:75 - [STDERR_REDIRECT] 
2025-12-13 15:44:34,124 [ERROR] LogOutputStream:75 - [STDERR_REDIRECT] [Fatal Error] :1:1: Premature end of file.
2025-12-13 15:44:34,125 [ERROR] LogOutputStream:75 - [STDERR_REDIRECT] 
2025-12-13 15:44:35,127 [ERROR] LogOutputStream:75 - [STDERR_REDIRECT] [Fatal Error] :1:1: Premature end of file.
2025-12-13 15:44:35,127 [ERROR] LogOutputStream:75 - [STDERR_REDIRECT] 
2025-12-13 15:44:36,137 [ERROR] LogOutputStream:75 - [STDERR_REDIRECT] [Fatal Error] :1:1: Premature end of file.
2025-12-13 15:44:36,137 [ERROR] LogOutputStream:75 - [STDERR_REDIRECT] 
2025-12-13 15:44:37,125 [ERROR] LogOutputStream:75 - [STDERR_REDIRECT] [Fatal Error] :1:1: Premature end of file.
2025-12-13 15:44:37,125 [ERROR] LogOutputStream:75 - [STDERR_REDIRECT] 
2025-12-13 15:44:38,130 [ERROR] LogOutputStream:75 - [STDERR_REDIRECT] [Fatal Error] :1:1: Premature end of file.
2025-12-13 15:44:38,130 [ERROR] LogOutputStream:75 - [STDERR_REDIRECT] 
2025-12-13 15:44:39,116 [ERROR] LogOutputStream:75 - [STDERR_REDIRECT] [Fatal Error] :1:1: Premature end of file.
2025-12-13 15:44:39,116 [ERROR] LogOutputStream:75 - [STDERR_REDIRECT] 
2025-12-13 15:44:40,131 [ERROR] LogOutputStream:75 - [STDERR_REDIRECT] [Fatal Error] :1:1: Premature end of file.
2025-12-13 15:44:40,132 [ERROR] LogOutputStream:75 - [STDERR_REDIRECT] 
2025-12-13 15:44:41,126 [ERROR] LogOutputStream:75 - [STDERR_REDIRECT] [Fatal Error] :1:1: Premature end of file.
2025-12-13 15:44:41,126 [ERROR] LogOutputStream:75 - [STDERR_REDIRECT] 
2025-12-13 15:44:42,127 [ERROR] LogOutputStream:75 - [STDERR_REDIRECT] [Fatal Error] :1:1: Premature end of file.
2025-12-13 15:44:42,127 [ERROR] LogOutputStream:75 - [STDERR_REDIRECT] 
2025-12-13 15:44:43,116 [ERROR] LogOutputStream:75 - [STDERR_REDIRECT] [Fatal Error] :1:1: Premature end of file.
2025-12-13 15:44:43,116 [ERROR] LogOutputStream:75 - [STDERR_REDIRECT] 
2025-12-13 15:44:44,100 [ERROR] LogOutputStream:75 - [STDERR_REDIRECT] [Fatal Error] :1:1: Premature end of file.
2025-12-13 15:44:44,100 [ERROR] LogOutputStream:75 - [STDERR_REDIRECT] 
2025-12-13 15:44:45,155 [ERROR] LogOutputStream:75 - [STDERR_REDIRECT] [Fatal Error] :1:1: Premature end of file.
2025-12-13 15:44:45,155 [ERROR] LogOutputStream:75 - [STDERR_REDIRECT] 
2025-12-13 15:44:46,139 [ERROR] LogOutputStream:75 - [STDERR_REDIRECT] [Fatal Error] :1:1: Premature end of file.
2025-12-13 15:44:46,139 [ERROR] LogOutputStream:75 - [STDERR_REDIRECT] 
2025-12-13 15:44:47,132 [ERROR] LogOutputStream:75 - [STDERR_REDIRECT] [Fatal Error] :1:1: Premature end of file.
2025-12-13 15:44:47,132 [ERROR] LogOutputStream:75 - [STDERR_REDIRECT] 
2025-12-13 15:44:48,155 [ERROR] LogOutputStream:75 - [STDERR_REDIRECT] [Fatal Error] :1:1: Premature end of file.
2025-12-13 15:44:48,155 [ERROR] LogOutputStream:75 - [STDERR_REDIRECT] 
2025-12-13 15:44:49,140 [ERROR] LogOutputStream:75 - [STDERR_REDIRECT] [Fatal Error] :1:1: Premature end of file.
2025-12-13 15:44:49,144 [ERROR] LogOutputStream:75 - [STDERR_REDIRECT] 
2025-12-13 15:44:50,131 [ERROR] LogOutputStream:75 - [STDERR_REDIRECT] [Fatal Error] :1:1: Premature end of file.
2025-12-13 15:44:50,146 [ERROR] LogOutputStream:75 - [STDERR_REDIRECT] 
2025-12-13 15:44:51,139 [ERROR] LogOutputStream:75 - [STDERR_REDIRECT] [Fatal Error] :1:1: Premature end of file.
2025-12-13 15:44:51,139 [ERROR] LogOutputStream:75 - [STDERR_REDIRECT] 
2025-12-13 15:44:52,131 [ERROR] LogOutputStream:75 - [STDERR_REDIRECT] [Fatal Error] :1:1: Premature end of file.
2025-12-13 15:44:52,131 [ERROR] LogOutputStream:75 - [STDERR_REDIRECT] 
2025-12-13 15:44:53,127 [ERROR] LogOutputStream:75 - [STDERR_REDIRECT] [Fatal Error] :1:1: Premature end of file.
2025-12-13 15:44:53,127 [ERROR] LogOutputStream:75 - [STDERR_REDIRECT] 
2025-12-13 15:44:54,137 [ERROR] LogOutputStream:75 - [STDERR_REDIRECT] [Fatal Error] :1:1: Premature end of file.
2025-12-13 15:44:54,137 [ERROR] LogOutputStream:75 - [STDERR_REDIRECT] 
2025-12-13 15:44:55,129 [ERROR] LogOutputStream:75 - [STDERR_REDIRECT] [Fatal Error] :1:1: Premature end of file.
2025-12-13 15:44:55,129 [ERROR] LogOutputStream:75 - [STDERR_REDIRECT] 
2025-12-13 15:44:56,132 [ERROR] LogOutputStream:75 - [STDERR_REDIRECT] [Fatal Error] :1:1: Premature end of file.
2025-12-13 15:44:56,132 [ERROR] LogOutputStream:75 - [STDERR_REDIRECT] 
2025-12-13 15:44:57,119 [ERROR] LogOutputStream:75 - [STDERR_REDIRECT] [Fatal Error] :1:1: Premature end of file.
2025-12-13 15:44:57,119 [ERROR] LogOutputStream:75 - [STDERR_REDIRECT] 
2025-12-13 15:44:58,132 [ERROR] LogOutputStream:75 - [STDERR_REDIRECT] [Fatal Error] :1:1: Premature end of file.
2025-12-13 15:44:58,132 [ERROR] LogOutputStream:75 - [STDERR_REDIRECT] 
2025-12-13 15:44:59,108 [ERROR] LogOutputStream:75 - [STDERR_REDIRECT] [Fatal Error] :1:1: Premature end of file.
2025-12-13 15:44:59,108 [ERROR] LogOutputStream:75 - [STDERR_REDIRECT] 
2025-12-13 15:45:00,142 [ERROR] LogOutputStream:75 - [STDERR_REDIRECT] [Fatal Error] :1:1: Premature end of file.
2025-12-13 15:45:00,142 [ERROR] LogOutputStream:75 - [STDERR_REDIRECT] 
2025-12-13 15:45:01,140 [ERROR] LogOutputStream:75 - [STDERR_REDIRECT] [Fatal Error] :1:1: Premature end of file.
2025-12-13 15:45:01,140 [ERROR] LogOutputStream:75 - [STDERR_REDIRECT] 
2025-12-13 15:45:02,135 [ERROR] LogOutputStream:75 - [STDERR_REDIRECT] [Fatal Error] :1:1: Premature end of file.
2025-12-13 15:45:02,138 [ERROR] LogOutputStream:75 - [STDERR_REDIRECT] 
2025-12-13 15:45:03,172 [ERROR] LogOutputStream:75 - [STDERR_REDIRECT] [Fatal Error] :1:1: Premature end of file.
2025-12-13 15:45:03,172 [ERROR] LogOutputStream:75 - [STDERR_REDIRECT] 
2025-12-13 15:45:04,122 [ERROR] LogOutputStream:75 - [STDERR_REDIRECT] [Fatal Error] :1:1: Premature end of file.
2025-12-13 15:45:04,123 [ERROR] LogOutputStream:75 - [STDERR_REDIRECT] 
2025-12-13 15:45:05,137 [ERROR] LogOutputStream:75 - [STDERR_REDIRECT] [Fatal Error] :1:1: Premature end of file.
2025-12-13 15:45:05,137 [ERROR] LogOutputStream:75 - [STDERR_REDIRECT] 
2025-12-13 15:45:06,138 [ERROR] LogOutputStream:75 - [STDERR_REDIRECT] [Fatal Error] :1:1: Premature end of file.
2025-12-13 15:45:06,138 [ERROR] LogOutputStream:75 - [STDERR_REDIRECT] 
2025-12-13 15:45:07,134 [ERROR] LogOutputStream:75 - [STDERR_REDIRECT] [Fatal Error] :1:1: Premature end of file.
2025-12-13 15:45:07,134 [ERROR] LogOutputStream:75 - [STDERR_REDIRECT] 
2025-12-13 15:45:08,134 [ERROR] LogOutputStream:75 - [STDERR_REDIRECT] [Fatal Error] :1:1: Premature end of file.
2025-12-13 15:45:08,134 [ERROR] LogOutputStream:75 - [STDERR_REDIRECT] 
2025-12-13 15:45:09,142 [ERROR] LogOutputStream:75 - [STDERR_REDIRECT] [Fatal Error] :1:1: Premature end of file.
2025-12-13 15:45:09,142 [ERROR] LogOutputStream:75 - [STDERR_REDIRECT] 
2025-12-13 15:45:10,161 [ERROR] LogOutputStream:75 - [STDERR_REDIRECT] [Fatal Error] :1:1: Premature end of file.
2025-12-13 15:45:10,161 [ERROR] LogOutputStream:75 - [STDERR_REDIRECT] 
2025-12-13 15:45:11,129 [ERROR] LogOutputStream:75 - [STDERR_REDIRECT] [Fatal Error] :1:1: Premature end of file.
2025-12-13 15:45:11,129 [ERROR] LogOutputStream:75 - [STDERR_REDIRECT] 
2025-12-13 15:45:12,122 [ERROR] LogOutputStream:75 - [STDERR_REDIRECT] [Fatal Error] :1:1: Premature end of file.
2025-12-13 15:45:12,122 [ERROR] LogOutputStream:75 - [STDERR_REDIRECT] 
2025-12-13 15:45:13,124 [ERROR] LogOutputStream:75 - [STDERR_REDIRECT] [Fatal Error] :1:1: Premature end of file.
2025-12-13 15:45:13,124 [ERROR] LogOutputStream:75 - [STDERR_REDIRECT] 
2025-12-13 15:45:14,123 [ERROR] LogOutputStream:75 - [STDERR_REDIRECT] [Fatal Error] :1:1: Premature end of file.
2025-12-13 15:45:14,123 [ERROR] LogOutputStream:75 - [STDERR_REDIRECT] 
2025-12-13 15:45:15,124 [ERROR] LogOutputStream:75 - [STDERR_REDIRECT] [Fatal Error] :1:1: Premature end of file.
2025-12-13 15:45:15,124 [ERROR] LogOutputStream:75 - [STDERR_REDIRECT] 
2025-12-13 15:45:16,125 [ERROR] LogOutputStream:75 - [STDERR_REDIRECT] [Fatal Error] :1:1: Premature end of file.
2025-12-13 15:45:16,127 [ERROR] LogOutputStream:75 - [STDERR_REDIRECT] 
2025-12-13 15:45:17,136 [ERROR] LogOutputStream:75 - [STDERR_REDIRECT] [Fatal Error] :1:1: Premature end of file.
2025-12-13 15:45:17,136 [ERROR] LogOutputStream:75 - [STDERR_REDIRECT] 
2025-12-13 15:45:18,134 [ERROR] LogOutputStream:75 - [STDERR_REDIRECT] [Fatal Error] :1:1: Premature end of file.
2025-12-13 15:45:18,137 [ERROR] LogOutputStream:75 - [STDERR_REDIRECT] 
2025-12-13 15:45:19,138 [ERROR] LogOutputStream:75 - [STDERR_REDIRECT] [Fatal Error] :1:1: Premature end of file.
2025-12-13 15:45:19,138 [ERROR] LogOutputStream:75 - [STDERR_REDIRECT] 
2025-12-13 15:45:20,146 [ERROR] LogOutputStream:75 - [STDERR_REDIRECT] [Fatal Error] :1:1: Premature end of file.
2025-12-13 15:45:20,148 [ERROR] LogOutputStream:75 - [STDERR_REDIRECT] 
2025-12-13 15:45:21,138 [ERROR] LogOutputStream:75 - [STDERR_REDIRECT] [Fatal Error] :1:1: Premature end of file.
2025-12-13 15:45:21,145 [ERROR] LogOutputStream:75 - [STDERR_REDIRECT] 
2025-12-13 15:45:22,166 [ERROR] LogOutputStream:75 - [STDERR_REDIRECT] [Fatal Error] :1:1: Premature end of file.
2025-12-13 15:45:22,166 [ERROR] LogOutputStream:75 - [STDERR_REDIRECT] 
2025-12-13 15:45:23,139 [ERROR] LogOutputStream:75 - [STDERR_REDIRECT] [Fatal Error] :1:1: Premature end of file.
2025-12-13 15:45:23,143 [ERROR] LogOutputStream:75 - [STDERR_REDIRECT] 
2025-12-13 15:45:24,130 [ERROR] LogOutputStream:75 - [STDERR_REDIRECT] [Fatal Error] :1:1: Premature end of file.
2025-12-13 15:45:24,130 [ERROR] LogOutputStream:75 - [STDERR_REDIRECT] 
2025-12-13 15:45:25,151 [ERROR] LogOutputStream:75 - [STDERR_REDIRECT] [Fatal Error] :1:1: Premature end of file.
2025-12-13 15:45:25,151 [ERROR] LogOutputStream:75 - [STDERR_REDIRECT] 
2025-12-13 15:45:26,155 [ERROR] LogOutputStream:75 - [STDERR_REDIRECT] [Fatal Error] :1:1: Premature end of file.
2025-12-13 15:45:26,155 [ERROR] LogOutputStream:75 - [STDERR_REDIRECT] 
2025-12-13 15:45:27,144 [ERROR] LogOutputStream:75 - [STDERR_REDIRECT] [Fatal Error] :1:1: Premature end of file.
2025-12-13 15:45:27,144 [ERROR] LogOutputStream:75 - [STDERR_REDIRECT] 
2025-12-13 15:45:28,129 [ERROR] LogOutputStream:75 - [STDERR_REDIRECT] [Fatal Error] :1:1: Premature end of file.
2025-12-13 15:45:28,129 [ERROR] LogOutputStream:75 - [STDERR_REDIRECT] 
2025-12-13 15:45:29,150 [ERROR] LogOutputStream:75 - [STDERR_REDIRECT] [Fatal Error] :1:1: Premature end of file.
2025-12-13 15:45:29,153 [ERROR] LogOutputStream:75 - [STDERR_REDIRECT] 
2025-12-13 15:45:30,151 [ERROR] LogOutputStream:75 - [STDERR_REDIRECT] [Fatal Error] :1:1: Premature end of file.
2025-12-13 15:45:30,151 [ERROR] LogOutputStream:75 - [STDERR_REDIRECT] 
2025-12-13 15:45:31,124 [ERROR] LogOutputStream:75 - [STDERR_REDIRECT] [Fatal Error] :1:1: Premature end of file.
2025-12-13 15:45:31,124 [ERROR] LogOutputStream:75 - [STDERR_REDIRECT] 
2025-12-13 15:45:32,144 [ERROR] LogOutputStream:75 - [STDERR_REDIRECT] [Fatal Error] :1:1: Premature end of file.
2025-12-13 15:45:32,144 [ERROR] LogOutputStream:75 - [STDERR_REDIRECT] 
2025-12-13 15:45:33,143 [ERROR] LogOutputStream:75 - [STDERR_REDIRECT] [Fatal Error] :1:1: Premature end of file.
2025-12-13 15:45:33,143 [ERROR] LogOutputStream:75 - [STDERR_REDIRECT] 
2025-12-13 15:45:34,140 [ERROR] LogOutputStream:75 - [STDERR_REDIRECT] [Fatal Error] :1:1: Premature end of file.
2025-12-13 15:45:34,140 [ERROR] LogOutputStream:75 - [STDERR_REDIRECT] 
2025-12-13 15:45:35,140 [ERROR] LogOutputStream:75 - [STDERR_REDIRECT] [Fatal Error] :1:1: Premature end of file.
2025-12-13 15:45:35,140 [ERROR] LogOutputStream:75 - [STDERR_REDIRECT] 
2025-12-13 15:45:36,113 [ERROR] LogOutputStream:75 - [STDERR_REDIRECT] [Fatal Error] :1:1: Premature end of file.
2025-12-13 15:45:36,113 [ERROR] LogOutputStream:75 - [STDERR_REDIRECT] 
2025-12-13 15:45:37,122 [ERROR] LogOutputStream:75 - [STDERR_REDIRECT] [Fatal Error] :1:1: Premature end of file.
2025-12-13 15:45:37,122 [ERROR] LogOutputStream:75 - [STDERR_REDIRECT] 
2025-12-13 15:45:38,125 [ERROR] LogOutputStream:75 - [STDERR_REDIRECT] [Fatal Error] :1:1: Premature end of file.
2025-12-13 15:45:38,125 [ERROR] LogOutputStream:75 - [STDERR_REDIRECT] 
2025-12-13 15:45:39,142 [ERROR] LogOutputStream:75 - [STDERR_REDIRECT] [Fatal Error] :1:1: Premature end of file.
2025-12-13 15:45:39,142 [ERROR] LogOutputStream:75 - [STDERR_REDIRECT] 
2025-12-13 15:45:40,151 [ERROR] LogOutputStream:75 - [STDERR_REDIRECT] [Fatal Error] :1:1: Premature end of file.
2025-12-13 15:45:40,151 [ERROR] LogOutputStream:75 - [STDERR_REDIRECT] 
2025-12-13 15:45:41,131 [ERROR] LogOutputStream:75 - [STDERR_REDIRECT] [Fatal Error] :1:1: Premature end of file.
2025-12-13 15:45:41,131 [ERROR] LogOutputStream:75 - [STDERR_REDIRECT] 
2025-12-13 15:45:42,133 [ERROR] LogOutputStream:75 - [STDERR_REDIRECT] [Fatal Error] :1:1: Premature end of file.
2025-12-13 15:45:42,133 [ERROR] LogOutputStream:75 - [STDERR_REDIRECT] 
2025-12-13 15:45:43,148 [ERROR] LogOutputStream:75 - [STDERR_REDIRECT] [Fatal Error] :1:1: Premature end of file.
2025-12-13 15:45:43,150 [ERROR] LogOutputStream:75 - [STDERR_REDIRECT] 
2025-12-13 15:45:44,134 [ERROR] LogOutputStream:75 - [STDERR_REDIRECT] [Fatal Error] :1:1: Premature end of file.
2025-12-13 15:45:44,134 [ERROR] LogOutputStream:75 - [STDERR_REDIRECT] 
2025-12-13 15:45:45,138 [ERROR] LogOutputStream:75 - [STDERR_REDIRECT] [Fatal Error] :1:1: Premature end of file.
2025-12-13 15:45:45,138 [ERROR] LogOutputStream:75 - [STDERR_REDIRECT] 
2025-12-13 15:45:46,140 [ERROR] LogOutputStream:75 - [STDERR_REDIRECT] [Fatal Error] :1:1: Premature end of file.
2025-12-13 15:45:46,140 [ERROR] LogOutputStream:75 - [STDERR_REDIRECT] 
2025-12-13 15:45:47,134 [ERROR] LogOutputStream:75 - [STDERR_REDIRECT] [Fatal Error] :1:1: Premature end of file.
2025-12-13 15:45:47,136 [ERROR] LogOutputStream:75 - [STDERR_REDIRECT] 
2025-12-13 15:45:48,133 [ERROR] LogOutputStream:75 - [STDERR_REDIRECT] [Fatal Error] :1:1: Premature end of file.
2025-12-13 15:45:48,133 [ERROR] LogOutputStream:75 - [STDERR_REDIRECT] 
2025-12-13 15:45:49,129 [ERROR] LogOutputStream:75 - [STDERR_REDIRECT] [Fatal Error] :1:1: Premature end of file.
2025-12-13 15:45:49,129 [ERROR] LogOutputStream:75 - [STDERR_REDIRECT] 
2025-12-13 15:45:50,123 [ERROR] LogOutputStream:75 - [STDERR_REDIRECT] [Fatal Error] :1:1: Premature end of file.
2025-12-13 15:45:50,130 [ERROR] LogOutputStream:75 - [STDERR_REDIRECT] 
2025-12-13 15:45:51,135 [ERROR] LogOutputStream:75 - [STDERR_REDIRECT] [Fatal Error] :1:1: Premature end of file.
2025-12-13 15:45:51,142 [ERROR] LogOutputStream:75 - [STDERR_REDIRECT] 
2025-12-13 15:45:52,133 [ERROR] LogOutputStream:75 - [STDERR_REDIRECT] [Fatal Error] :1:1: Premature end of file.
2025-12-13 15:45:52,133 [ERROR] LogOutputStream:75 - [STDERR_REDIRECT] 
2025-12-13 15:45:53,126 [ERROR] LogOutputStream:75 - [STDERR_REDIRECT] [Fatal Error] :1:1: Premature end of file.
2025-12-13 15:45:53,132 [ERROR] LogOutputStream:75 - [STDERR_REDIRECT] 
2025-12-13 15:45:54,140 [ERROR] LogOutputStream:75 - [STDERR_REDIRECT] [Fatal Error] :1:1: Premature end of file.
2025-12-13 15:45:54,140 [ERROR] LogOutputStream:75 - [STDERR_REDIRECT] 
2025-12-13 15:45:55,128 [ERROR] LogOutputStream:75 - [STDERR_REDIRECT] [Fatal Error] :1:1: Premature end of file.
2025-12-13 15:45:55,128 [ERROR] LogOutputStream:75 - [STDERR_REDIRECT] 
2025-12-13 15:45:56,130 [ERROR] LogOutputStream:75 - [STDERR_REDIRECT] [Fatal Error] :1:1: Premature end of file.
2025-12-13 15:45:56,130 [ERROR] LogOutputStream:75 - [STDERR_REDIRECT] 
2025-12-13 15:45:57,134 [ERROR] LogOutputStream:75 - [STDERR_REDIRECT] [Fatal Error] :1:1: Premature end of file.
2025-12-13 15:45:57,137 [ERROR] LogOutputStream:75 - [STDERR_REDIRECT] 
2025-12-13 15:45:58,134 [ERROR] LogOutputStream:75 - [STDERR_REDIRECT] [Fatal Error] :1:1: Premature end of file.
2025-12-13 15:45:58,134 [ERROR] LogOutputStream:75 - [STDERR_REDIRECT] 
2025-12-13 15:45:59,136 [ERROR] LogOutputStream:75 - [STDERR_REDIRECT] [Fatal Error] :1:1: Premature end of file.
2025-12-13 15:45:59,136 [ERROR] LogOutputStream:75 - [STDERR_REDIRECT] 
2025-12-13 15:46:00,139 [ERROR] LogOutputStream:75 - [STDERR_REDIRECT] [Fatal Error] :1:1: Premature end of file.
2025-12-13 15:46:00,139 [ERROR] LogOutputStream:75 - [STDERR_REDIRECT] 
2025-12-13 15:46:01,132 [ERROR] LogOutputStream:75 - [STDERR_REDIRECT] [Fatal Error] :1:1: Premature end of file.
2025-12-13 15:46:01,132 [ERROR] LogOutputStream:75 - [STDERR_REDIRECT] 
2025-12-13 15:46:02,129 [ERROR] LogOutputStream:75 - [STDERR_REDIRECT] [Fatal Error] :1:1: Premature end of file.
2025-12-13 15:46:02,129 [ERROR] LogOutputStream:75 - [STDERR_REDIRECT] 
2025-12-13 15:46:03,138 [ERROR] LogOutputStream:75 - [STDERR_REDIRECT] [Fatal Error] :1:1: Premature end of file.
2025-12-13 15:46:03,138 [ERROR] LogOutputStream:75 - [STDERR_REDIRECT] 
2025-12-13 15:46:04,133 [ERROR] LogOutputStream:75 - [STDERR_REDIRECT] [Fatal Error] :1:1: Premature end of file.
2025-12-13 15:46:04,133 [ERROR] LogOutputStream:75 - [STDERR_REDIRECT] 
2025-12-13 15:46:05,130 [ERROR] LogOutputStream:75 - [STDERR_REDIRECT] [Fatal Error] :1:1: Premature end of file.
2025-12-13 15:46:05,130 [ERROR] LogOutputStream:75 - [STDERR_REDIRECT] 
2025-12-13 15:46:06,141 [ERROR] LogOutputStream:75 - [STDERR_REDIRECT] [Fatal Error] :1:1: Premature end of file.
2025-12-13 15:46:06,141 [ERROR] LogOutputStream:75 - [STDERR_REDIRECT] 
2025-12-13 15:46:07,126 [ERROR] LogOutputStream:75 - [STDERR_REDIRECT] [Fatal Error] :1:1: Premature end of file.
2025-12-13 15:46:07,126 [ERROR] LogOutputStream:75 - [STDERR_REDIRECT] 
2025-12-13 15:46:08,136 [ERROR] LogOutputStream:75 - [STDERR_REDIRECT] [Fatal Error] :1:1: Premature end of file.
2025-12-13 15:46:08,136 [ERROR] LogOutputStream:75 - [STDERR_REDIRECT] 
2025-12-13 15:46:09,157 [ERROR] LogOutputStream:75 - [STDERR_REDIRECT] [Fatal Error] :1:1: Premature end of file.
2025-12-13 15:46:09,157 [ERROR] LogOutputStream:75 - [STDERR_REDIRECT] 
2025-12-13 15:46:10,135 [ERROR] LogOutputStream:75 - [STDERR_REDIRECT] [Fatal Error] :1:1: Premature end of file.
2025-12-13 15:46:10,135 [ERROR] LogOutputStream:75 - [STDERR_REDIRECT] 
2025-12-13 15:46:11,144 [ERROR] LogOutputStream:75 - [STDERR_REDIRECT] [Fatal Error] :1:1: Premature end of file.
2025-12-13 15:46:11,144 [ERROR] LogOutputStream:75 - [STDERR_REDIRECT] 
2025-12-13 15:46:11,575 [INFO] WebApp:194 - Connection lost
2025-12-13 15:46:12,145 [ERROR] LogOutputStream:75 - [STDERR_REDIRECT] [Fatal Error] :1:1: Premature end of file.
2025-12-13 15:46:12,145 [ERROR] LogOutputStream:75 - [STDERR_REDIRECT] 
2025-12-13 15:46:13,134 [ERROR] LogOutputStream:75 - [STDERR_REDIRECT] [Fatal Error] :1:1: Premature end of file.
2025-12-13 15:46:13,134 [ERROR] LogOutputStream:75 - [STDERR_REDIRECT] 
2025-12-13 15:46:14,131 [ERROR] LogOutputStream:75 - [STDERR_REDIRECT] [Fatal Error] :1:1: Premature end of file.
2025-12-13 15:46:14,139 [ERROR] LogOutputStream:75 - [STDERR_REDIRECT] 
2025-12-13 15:46:15,148 [ERROR] LogOutputStream:75 - [STDERR_REDIRECT] [Fatal Error] :1:1: Premature end of file.
2025-12-13 15:46:15,148 [ERROR] LogOutputStream:75 - [STDERR_REDIRECT] 
2025-12-13 15:46:16,128 [ERROR] LogOutputStream:75 - [STDERR_REDIRECT] [Fatal Error] :1:1: Premature end of file.
2025-12-13 15:46:16,128 [ERROR] LogOutputStream:75 - [STDERR_REDIRECT] 
2025-12-13 15:46:17,131 [ERROR] LogOutputStream:75 - [STDERR_REDIRECT] [Fatal Error] :1:1: Premature end of file.
2025-12-13 15:46:17,134 [ERROR] LogOutputStream:75 - [STDERR_REDIRECT] 
2025-12-13 15:46:18,134 [ERROR] LogOutputStream:75 - [STDERR_REDIRECT] [Fatal Error] :1:1: Premature end of file.
2025-12-13 15:46:18,134 [ERROR] LogOutputStream:75 - [STDERR_REDIRECT] 
2025-12-13 15:46:19,141 [ERROR] LogOutputStream:75 - [STDERR_REDIRECT] [Fatal Error] :1:1: Premature end of file.
2025-12-13 15:46:19,141 [ERROR] LogOutputStream:75 - [STDERR_REDIRECT] 
2025-12-13 15:46:20,129 [ERROR] LogOutputStream:75 - [STDERR_REDIRECT] [Fatal Error] :1:1: Premature end of file.
2025-12-13 15:46:20,129 [ERROR] LogOutputStream:75 - [STDERR_REDIRECT] 
2025-12-13 15:46:21,130 [ERROR] LogOutputStream:75 - [STDERR_REDIRECT] [Fatal Error] :1:1: Premature end of file.
2025-12-13 15:46:21,130 [ERROR] LogOutputStream:75 - [STDERR_REDIRECT] 
2025-12-13 15:46:22,113 [ERROR] LogOutputStream:75 - [STDERR_REDIRECT] [Fatal Error] :1:1: Premature end of file.
2025-12-13 15:46:22,113 [ERROR] LogOutputStream:75 - [STDERR_REDIRECT] 
2025-12-13 15:46:23,130 [ERROR] LogOutputStream:75 - [STDERR_REDIRECT] [Fatal Error] :1:1: Premature end of file.
2025-12-13 15:46:23,130 [ERROR] LogOutputStream:75 - [STDERR_REDIRECT] 
2025-12-13 15:46:24,136 [ERROR] LogOutputStream:75 - [STDERR_REDIRECT] [Fatal Error] :1:1: Premature end of file.
2025-12-13 15:46:24,136 [ERROR] LogOutputStream:75 - [STDERR_REDIRECT] 
2025-12-13 15:46:25,121 [ERROR] LogOutputStream:75 - [STDERR_REDIRECT] [Fatal Error] :1:1: Premature end of file.
2025-12-13 15:46:25,129 [ERROR] LogOutputStream:75 - [STDERR_REDIRECT] 
2025-12-13 15:46:26,127 [ERROR] LogOutputStream:75 - [STDERR_REDIRECT] [Fatal Error] :1:1: Premature end of file.
2025-12-13 15:46:26,127 [ERROR] LogOutputStream:75 - [STDERR_REDIRECT] 
2025-12-13 15:46:27,128 [ERROR] LogOutputStream:75 - [STDERR_REDIRECT] [Fatal Error] :1:1: Premature end of file.
2025-12-13 15:46:27,128 [ERROR] LogOutputStream:75 - [STDERR_REDIRECT] 
2025-12-13 15:46:28,133 [ERROR] LogOutputStream:75 - [STDERR_REDIRECT] [Fatal Error] :1:1: Premature end of file.
2025-12-13 15:46:28,133 [ERROR] LogOutputStream:75 - [STDERR_REDIRECT] 
2025-12-13 15:46:29,120 [ERROR] LogOutputStream:75 - [STDERR_REDIRECT] [Fatal Error] :1:1: Premature end of file.
2025-12-13 15:46:29,128 [ERROR] LogOutputStream:75 - [STDERR_REDIRECT] 
2025-12-13 15:46:30,130 [ERROR] LogOutputStream:75 - [STDERR_REDIRECT] [Fatal Error] :1:1: Premature end of file.
2025-12-13 15:46:30,130 [ERROR] LogOutputStream:75 - [STDERR_REDIRECT] 
2025-12-13 15:46:31,128 [ERROR] LogOutputStream:75 - [STDERR_REDIRECT] [Fatal Error] :1:1: Premature end of file.
2025-12-13 15:46:31,134 [ERROR] LogOutputStream:75 - [STDERR_REDIRECT] 
2025-12-13 15:46:32,132 [ERROR] LogOutputStream:75 - [STDERR_REDIRECT] [Fatal Error] :1:1: Premature end of file.
2025-12-13 15:46:32,132 [ERROR] LogOutputStream:75 - [STDERR_REDIRECT] 
2025-12-13 15:46:33,123 [ERROR] LogOutputStream:75 - [STDERR_REDIRECT] [Fatal Error] :1:1: Premature end of file.
2025-12-13 15:46:33,123 [ERROR] LogOutputStream:75 - [STDERR_REDIRECT] 
2025-12-13 15:46:34,129 [ERROR] LogOutputStream:75 - [STDERR_REDIRECT] [Fatal Error] :1:1: Premature end of file.
2025-12-13 15:46:34,129 [ERROR] LogOutputStream:75 - [STDERR_REDIRECT] 
2025-12-13 15:46:35,140 [ERROR] LogOutputStream:75 - [STDERR_REDIRECT] [Fatal Error] :1:1: Premature end of file.
2025-12-13 15:46:35,140 [ERROR] LogOutputStream:75 - [STDERR_REDIRECT] 
2025-12-13 15:46:36,129 [ERROR] LogOutputStream:75 - [STDERR_REDIRECT] [Fatal Error] :1:1: Premature end of file.
2025-12-13 15:46:36,133 [ERROR] LogOutputStream:75 - [STDERR_REDIRECT] 
2025-12-13 15:46:37,135 [ERROR] LogOutputStream:75 - [STDERR_REDIRECT] [Fatal Error] :1:1: Premature end of file.
2025-12-13 15:46:37,135 [ERROR] LogOutputStream:75 - [STDERR_REDIRECT] 
2025-12-13 15:46:38,140 [ERROR] LogOutputStream:75 - [STDERR_REDIRECT] [Fatal Error] :1:1: Premature end of file.
2025-12-13 15:46:38,140 [ERROR] LogOutputStream:75 - [STDERR_REDIRECT] 
2025-12-13 15:46:39,132 [ERROR] LogOutputStream:75 - [STDERR_REDIRECT] [Fatal Error] :1:1: Premature end of file.
2025-12-13 15:46:39,132 [ERROR] LogOutputStream:75 - [STDERR_REDIRECT] 
2025-12-13 15:46:40,124 [ERROR] LogOutputStream:75 - [STDERR_REDIRECT] [Fatal Error] :1:1: Premature end of file.
2025-12-13 15:46:40,124 [ERROR] LogOutputStream:75 - [STDERR_REDIRECT] 
2025-12-13 15:46:41,128 [ERROR] LogOutputStream:75 - [STDERR_REDIRECT] [Fatal Error] :1:1: Premature end of file.
2025-12-13 15:46:41,128 [ERROR] LogOutputStream:75 - [STDERR_REDIRECT] 
2025-12-13 15:46:42,155 [ERROR] LogOutputStream:75 - [STDERR_REDIRECT] [Fatal Error] :1:1: Premature end of file.
2025-12-13 15:46:42,155 [ERROR] LogOutputStream:75 - [STDERR_REDIRECT] 
2025-12-13 15:46:43,149 [ERROR] LogOutputStream:75 - [STDERR_REDIRECT] [Fatal Error] :1:1: Premature end of file.
2025-12-13 15:46:43,149 [ERROR] LogOutputStream:75 - [STDERR_REDIRECT] 
2025-12-13 15:46:44,125 [ERROR] LogOutputStream:75 - [STDERR_REDIRECT] [Fatal Error] :1:1: Premature end of file.
2025-12-13 15:46:44,125 [ERROR] LogOutputStream:75 - [STDERR_REDIRECT] 
2025-12-13 15:46:45,136 [ERROR] LogOutputStream:75 - [STDERR_REDIRECT] [Fatal Error] :1:1: Premature end of file.
2025-12-13 15:46:45,136 [ERROR] LogOutputStream:75 - [STDERR_REDIRECT] 
2025-12-13 15:46:46,137 [ERROR] LogOutputStream:75 - [STDERR_REDIRECT] [Fatal Error] :1:1: Premature end of file.
2025-12-13 15:46:46,137 [ERROR] LogOutputStream:75 - [STDERR_REDIRECT] 
2025-12-13 15:46:47,136 [ERROR] LogOutputStream:75 - [STDERR_REDIRECT] [Fatal Error] :1:1: Premature end of file.
2025-12-13 15:46:47,136 [ERROR] LogOutputStream:75 - [STDERR_REDIRECT] 
2025-12-13 15:46:48,139 [ERROR] LogOutputStream:75 - [STDERR_REDIRECT] [Fatal Error] :1:1: Premature end of file.
2025-12-13 15:46:48,139 [ERROR] LogOutputStream:75 - [STDERR_REDIRECT] 
2025-12-13 15:46:49,138 [ERROR] LogOutputStream:75 - [STDERR_REDIRECT] [Fatal Error] :1:1: Premature end of file.
2025-12-13 15:46:49,138 [ERROR] LogOutputStream:75 - [STDERR_REDIRECT] 
2025-12-13 15:46:50,133 [ERROR] LogOutputStream:75 - [STDERR_REDIRECT] [Fatal Error] :1:1: Premature end of file.
2025-12-13 15:46:50,133 [ERROR] LogOutputStream:75 - [STDERR_REDIRECT] 
2025-12-13 15:46:51,142 [ERROR] LogOutputStream:75 - [STDERR_REDIRECT] [Fatal Error] :1:1: Premature end of file.
2025-12-13 15:46:51,142 [ERROR] LogOutputStream:75 - [STDERR_REDIRECT] 
2025-12-13 15:46:52,137 [ERROR] LogOutputStream:75 - [STDERR_REDIRECT] [Fatal Error] :1:1: Premature end of file.
2025-12-13 15:46:52,137 [ERROR] LogOutputStream:75 - [STDERR_REDIRECT] 
2025-12-13 15:46:53,148 [ERROR] LogOutputStream:75 - [STDERR_REDIRECT] [Fatal Error] :1:1: Premature end of file.
2025-12-13 15:46:53,148 [ERROR] LogOutputStream:75 - [STDERR_REDIRECT] 
2025-12-13 15:46:54,121 [ERROR] LogOutputStream:75 - [STDERR_REDIRECT] [Fatal Error] :1:1: Premature end of file.
2025-12-13 15:46:54,129 [ERROR] LogOutputStream:75 - [STDERR_REDIRECT] 
2025-12-13 15:46:55,137 [ERROR] LogOutputStream:75 - [STDERR_REDIRECT] [Fatal Error] :1:1: Premature end of file.
2025-12-13 15:46:55,137 [ERROR] LogOutputStream:75 - [STDERR_REDIRECT] 
2025-12-13 15:46:56,137 [ERROR] LogOutputStream:75 - [STDERR_REDIRECT] [Fatal Error] :1:1: Premature end of file.
2025-12-13 15:46:56,137 [ERROR] LogOutputStream:75 - [STDERR_REDIRECT] 
2025-12-13 15:46:57,145 [ERROR] LogOutputStream:75 - [STDERR_REDIRECT] [Fatal Error] :1:1: Premature end of file.
2025-12-13 15:46:57,145 [ERROR] LogOutputStream:75 - [STDERR_REDIRECT] 
2025-12-13 15:46:58,151 [ERROR] LogOutputStream:75 - [STDERR_REDIRECT] [Fatal Error] :1:1: Premature end of file.
2025-12-13 15:46:58,151 [ERROR] LogOutputStream:75 - [STDERR_REDIRECT] 
2025-12-13 15:46:59,145 [ERROR] LogOutputStream:75 - [STDERR_REDIRECT] [Fatal Error] :1:1: Premature end of file.
2025-12-13 15:46:59,148 [ERROR] LogOutputStream:75 - [STDERR_REDIRECT] 
2025-12-13 15:47:00,150 [ERROR] LogOutputStream:75 - [STDERR_REDIRECT] [Fatal Error] :1:1: Premature end of file.
2025-12-13 15:47:00,150 [ERROR] LogOutputStream:75 - [STDERR_REDIRECT] 
2025-12-13 15:47:01,133 [ERROR] LogOutputStream:75 - [STDERR_REDIRECT] [Fatal Error] :1:1: Premature end of file.
2025-12-13 15:47:01,133 [ERROR] LogOutputStream:75 - [STDERR_REDIRECT] 
2025-12-13 15:47:02,146 [ERROR] LogOutputStream:75 - [STDERR_REDIRECT] [Fatal Error] :1:1: Premature end of file.
2025-12-13 15:47:02,146 [ERROR] LogOutputStream:75 - [STDERR_REDIRECT] 
2025-12-13 15:47:03,142 [ERROR] LogOutputStream:75 - [STDERR_REDIRECT] [Fatal Error] :1:1: Premature end of file.
2025-12-13 15:47:03,142 [ERROR] LogOutputStream:75 - [STDERR_REDIRECT] 
2025-12-13 15:47:04,143 [ERROR] LogOutputStream:75 - [STDERR_REDIRECT] [Fatal Error] :1:1: Premature end of file.
2025-12-13 15:47:04,143 [ERROR] LogOutputStream:75 - [STDERR_REDIRECT] 
2025-12-13 15:47:05,144 [ERROR] LogOutputStream:75 - [STDERR_REDIRECT] [Fatal Error] :1:1: Premature end of file.
2025-12-13 15:47:05,144 [ERROR] LogOutputStream:75 - [STDERR_REDIRECT] 
2025-12-13 15:47:06,137 [ERROR] LogOutputStream:75 - [STDERR_REDIRECT] [Fatal Error] :1:1: Premature end of file.
2025-12-13 15:47:06,137 [ERROR] LogOutputStream:75 - [STDERR_REDIRECT] 
2025-12-13 15:47:07,148 [ERROR] LogOutputStream:75 - [STDERR_REDIRECT] [Fatal Error] :1:1: Premature end of file.
2025-12-13 15:47:07,150 [ERROR] LogOutputStream:75 - [STDERR_REDIRECT] 
2025-12-13 15:47:08,135 [ERROR] LogOutputStream:75 - [STDERR_REDIRECT] [Fatal Error] :1:1: Premature end of file.
2025-12-13 15:47:08,135 [ERROR] LogOutputStream:75 - [STDERR_REDIRECT] 
2025-12-13 15:47:09,124 [ERROR] LogOutputStream:75 - [STDERR_REDIRECT] [Fatal Error] :1:1: Premature end of file.
2025-12-13 15:47:09,124 [ERROR] LogOutputStream:75 - [STDERR_REDIRECT] 
2025-12-13 15:47:10,129 [ERROR] LogOutputStream:75 - [STDERR_REDIRECT] [Fatal Error] :1:1: Premature end of file.
2025-12-13 15:47:10,138 [ERROR] LogOutputStream:75 - [STDERR_REDIRECT] 
2025-12-13 15:47:11,125 [ERROR] LogOutputStream:75 - [STDERR_REDIRECT] [Fatal Error] :1:1: Premature end of file.
2025-12-13 15:47:11,125 [ERROR] LogOutputStream:75 - [STDERR_REDIRECT] 
2025-12-13 15:47:12,124 [ERROR] LogOutputStream:75 - [STDERR_REDIRECT] [Fatal Error] :1:1: Premature end of file.
2025-12-13 15:47:12,124 [ERROR] LogOutputStream:75 - [STDERR_REDIRECT] 
2025-12-13 15:47:13,151 [ERROR] LogOutputStream:75 - [STDERR_REDIRECT] [Fatal Error] :1:1: Premature end of file.
2025-12-13 15:47:13,151 [ERROR] LogOutputStream:75 - [STDERR_REDIRECT] 
2025-12-13 15:47:14,123 [ERROR] LogOutputStream:75 - [STDERR_REDIRECT] [Fatal Error] :1:1: Premature end of file.
2025-12-13 15:47:14,131 [ERROR] LogOutputStream:75 - [STDERR_REDIRECT] 
2025-12-13 15:47:15,159 [ERROR] LogOutputStream:75 - [STDERR_REDIRECT] [Fatal Error] :1:1: Premature end of file.
2025-12-13 15:47:15,159 [ERROR] LogOutputStream:75 - [STDERR_REDIRECT] 
2025-12-13 15:47:16,132 [ERROR] LogOutputStream:75 - [STDERR_REDIRECT] [Fatal Error] :1:1: Premature end of file.
2025-12-13 15:47:16,132 [ERROR] LogOutputStream:75 - [STDERR_REDIRECT] 
2025-12-13 15:47:17,134 [ERROR] LogOutputStream:75 - [STDERR_REDIRECT] [Fatal Error] :1:1: Premature end of file.
2025-12-13 15:47:17,134 [ERROR] LogOutputStream:75 - [STDERR_REDIRECT] 
2025-12-13 15:47:18,136 [ERROR] LogOutputStream:75 - [STDERR_REDIRECT] [Fatal Error] :1:1: Premature end of file.
2025-12-13 15:47:18,136 [ERROR] LogOutputStream:75 - [STDERR_REDIRECT] 
2025-12-13 15:47:19,129 [ERROR] LogOutputStream:75 - [STDERR_REDIRECT] [Fatal Error] :1:1: Premature end of file.
2025-12-13 15:47:19,129 [ERROR] LogOutputStream:75 - [STDERR_REDIRECT] 
2025-12-13 15:47:20,129 [ERROR] LogOutputStream:75 - [STDERR_REDIRECT] [Fatal Error] :1:1: Premature end of file.
2025-12-13 15:47:20,129 [ERROR] LogOutputStream:75 - [STDERR_REDIRECT] 
2025-12-13 15:47:21,132 [ERROR] LogOutputStream:75 - [STDERR_REDIRECT] [Fatal Error] :1:1: Premature end of file.
2025-12-13 15:47:21,132 [ERROR] LogOutputStream:75 - [STDERR_REDIRECT] 
2025-12-13 15:47:22,146 [ERROR] LogOutputStream:75 - [STDERR_REDIRECT] [Fatal Error] :1:1: Premature end of file.
2025-12-13 15:47:22,146 [ERROR] LogOutputStream:75 - [STDERR_REDIRECT] 
2025-12-13 15:47:23,142 [ERROR] LogOutputStream:75 - [STDERR_REDIRECT] [Fatal Error] :1:1: Premature end of file.
2025-12-13 15:47:23,142 [ERROR] LogOutputStream:75 - [STDERR_REDIRECT] 
2025-12-13 15:47:24,127 [ERROR] LogOutputStream:75 - [STDERR_REDIRECT] [Fatal Error] :1:1: Premature end of file.
2025-12-13 15:47:24,127 [ERROR] LogOutputStream:75 - [STDERR_REDIRECT] 
2025-12-13 15:47:25,140 [ERROR] LogOutputStream:75 - [STDERR_REDIRECT] [Fatal Error] :1:1: Premature end of file.
2025-12-13 15:47:25,142 [ERROR] LogOutputStream:75 - [STDERR_REDIRECT] 
2025-12-13 15:47:26,130 [ERROR] LogOutputStream:75 - [STDERR_REDIRECT] [Fatal Error] :1:1: Premature end of file.
2025-12-13 15:47:26,130 [ERROR] LogOutputStream:75 - [STDERR_REDIRECT] 
2025-12-13 15:47:27,147 [ERROR] LogOutputStream:75 - [STDERR_REDIRECT] [Fatal Error] :1:1: Premature end of file.
2025-12-13 15:47:27,163 [ERROR] LogOutputStream:75 - [STDERR_REDIRECT] 
2025-12-13 15:47:28,132 [ERROR] LogOutputStream:75 - [STDERR_REDIRECT] [Fatal Error] :1:1: Premature end of file.
2025-12-13 15:47:28,132 [ERROR] LogOutputStream:75 - [STDERR_REDIRECT] 
2025-12-13 15:47:29,132 [ERROR] LogOutputStream:75 - [STDERR_REDIRECT] [Fatal Error] :1:1: Premature end of file.
2025-12-13 15:47:29,132 [ERROR] LogOutputStream:75 - [STDERR_REDIRECT] 
2025-12-13 15:47:30,141 [ERROR] LogOutputStream:75 - [STDERR_REDIRECT] [Fatal Error] :1:1: Premature end of file.
2025-12-13 15:47:30,141 [ERROR] LogOutputStream:75 - [STDERR_REDIRECT] 
2025-12-13 15:47:31,134 [ERROR] LogOutputStream:75 - [STDERR_REDIRECT] [Fatal Error] :1:1: Premature end of file.
2025-12-13 15:47:31,135 [ERROR] LogOutputStream:75 - [STDERR_REDIRECT] 
2025-12-13 15:47:32,128 [ERROR] LogOutputStream:75 - [STDERR_REDIRECT] [Fatal Error] :1:1: Premature end of file.
2025-12-13 15:47:32,128 [ERROR] LogOutputStream:75 - [STDERR_REDIRECT] 
2025-12-13 15:47:33,129 [ERROR] LogOutputStream:75 - [STDERR_REDIRECT] [Fatal Error] :1:1: Premature end of file.
2025-12-13 15:47:33,129 [ERROR] LogOutputStream:75 - [STDERR_REDIRECT] 
2025-12-13 15:47:34,127 [ERROR] LogOutputStream:75 - [STDERR_REDIRECT] [Fatal Error] :1:1: Premature end of file.
2025-12-13 15:47:34,136 [ERROR] LogOutputStream:75 - [STDERR_REDIRECT] 
2025-12-13 15:47:35,147 [ERROR] LogOutputStream:75 - [STDERR_REDIRECT] [Fatal Error] :1:1: Premature end of file.
2025-12-13 15:47:35,147 [ERROR] LogOutputStream:75 - [STDERR_REDIRECT] 
2025-12-13 15:47:36,213 [ERROR] LogOutputStream:75 - [STDERR_REDIRECT] [Fatal Error] :1:1: Premature end of file.
2025-12-13 15:47:36,214 [ERROR] LogOutputStream:75 - [STDERR_REDIRECT] 
2025-12-13 15:47:37,121 [ERROR] LogOutputStream:75 - [STDERR_REDIRECT] [Fatal Error] :1:1: Premature end of file.
2025-12-13 15:47:37,121 [ERROR] LogOutputStream:75 - [STDERR_REDIRECT] 
2025-12-13 15:47:38,148 [ERROR] LogOutputStream:75 - [STDERR_REDIRECT] [Fatal Error] :1:1: Premature end of file.
2025-12-13 15:47:38,148 [ERROR] LogOutputStream:75 - [STDERR_REDIRECT] 
2025-12-13 15:47:39,134 [ERROR] LogOutputStream:75 - [STDERR_REDIRECT] [Fatal Error] :1:1: Premature end of file.
2025-12-13 15:47:39,135 [ERROR] LogOutputStream:75 - [STDERR_REDIRECT] 
2025-12-13 15:47:40,134 [ERROR] LogOutputStream:75 - [STDERR_REDIRECT] [Fatal Error] :1:1: Premature end of file.
2025-12-13 15:47:40,134 [ERROR] LogOutputStream:75 - [STDERR_REDIRECT] 
2025-12-13 15:47:41,143 [ERROR] LogOutputStream:75 - [STDERR_REDIRECT] [Fatal Error] :1:1: Premature end of file.
2025-12-13 15:47:41,143 [ERROR] LogOutputStream:75 - [STDERR_REDIRECT] 
2025-12-13 15:47:42,139 [ERROR] LogOutputStream:75 - [STDERR_REDIRECT] [Fatal Error] :1:1: Premature end of file.
2025-12-13 15:47:42,139 [ERROR] LogOutputStream:75 - [STDERR_REDIRECT] 
2025-12-13 15:47:43,136 [ERROR] LogOutputStream:75 - [STDERR_REDIRECT] [Fatal Error] :1:1: Premature end of file.
2025-12-13 15:47:43,136 [ERROR] LogOutputStream:75 - [STDERR_REDIRECT] 
2025-12-13 15:47:44,120 [ERROR] LogOutputStream:75 - [STDERR_REDIRECT] [Fatal Error] :1:1: Premature end of file.
2025-12-13 15:47:44,120 [ERROR] LogOutputStream:75 - [STDERR_REDIRECT] 
2025-12-13 15:47:45,145 [ERROR] LogOutputStream:75 - [STDERR_REDIRECT] [Fatal Error] :1:1: Premature end of file.
2025-12-13 15:47:45,145 [ERROR] LogOutputStream:75 - [STDERR_REDIRECT] 
2025-12-13 15:47:46,142 [ERROR] LogOutputStream:75 - [STDERR_REDIRECT] [Fatal Error] :1:1: Premature end of file.
2025-12-13 15:47:46,142 [ERROR] LogOutputStream:75 - [STDERR_REDIRECT] 
2025-12-13 15:47:47,137 [ERROR] LogOutputStream:75 - [STDERR_REDIRECT] [Fatal Error] :1:1: Premature end of file.
2025-12-13 15:47:47,137 [ERROR] LogOutputStream:75 - [STDERR_REDIRECT] 
2025-12-13 15:47:48,143 [ERROR] LogOutputStream:75 - [STDERR_REDIRECT] [Fatal Error] :1:1: Premature end of file.
2025-12-13 15:47:48,143 [ERROR] LogOutputStream:75 - [STDERR_REDIRECT] 
2025-12-13 15:47:49,143 [ERROR] LogOutputStream:75 - [STDERR_REDIRECT] [Fatal Error] :1:1: Premature end of file.
2025-12-13 15:47:49,143 [ERROR] LogOutputStream:75 - [STDERR_REDIRECT] 
2025-12-13 15:47:50,133 [ERROR] LogOutputStream:75 - [STDERR_REDIRECT] [Fatal Error] :1:1: Premature end of file.
2025-12-13 15:47:50,133 [ERROR] LogOutputStream:75 - [STDERR_REDIRECT] 
2025-12-13 15:47:51,135 [ERROR] LogOutputStream:75 - [STDERR_REDIRECT] [Fatal Error] :1:1: Premature end of file.
2025-12-13 15:47:51,143 [ERROR] LogOutputStream:75 - [STDERR_REDIRECT] 
2025-12-13 15:47:52,140 [ERROR] LogOutputStream:75 - [STDERR_REDIRECT] [Fatal Error] :1:1: Premature end of file.
2025-12-13 15:47:52,140 [ERROR] LogOutputStream:75 - [STDERR_REDIRECT] 
2025-12-13 15:47:53,149 [ERROR] LogOutputStream:75 - [STDERR_REDIRECT] [Fatal Error] :1:1: Premature end of file.
2025-12-13 15:47:53,149 [ERROR] LogOutputStream:75 - [STDERR_REDIRECT] 
2025-12-13 15:47:54,127 [ERROR] LogOutputStream:75 - [STDERR_REDIRECT] [Fatal Error] :1:1: Premature end of file.
2025-12-13 15:47:54,127 [ERROR] LogOutputStream:75 - [STDERR_REDIRECT] 
2025-12-13 15:47:55,136 [ERROR] LogOutputStream:75 - [STDERR_REDIRECT] [Fatal Error] :1:1: Premature end of file.
2025-12-13 15:47:55,136 [ERROR] LogOutputStream:75 - [STDERR_REDIRECT] 
2025-12-13 15:47:56,126 [ERROR] LogOutputStream:75 - [STDERR_REDIRECT] [Fatal Error] :1:1: Premature end of file.
2025-12-13 15:47:56,126 [ERROR] LogOutputStream:75 - [STDERR_REDIRECT] 
2025-12-13 15:47:57,143 [ERROR] LogOutputStream:75 - [STDERR_REDIRECT] [Fatal Error] :1:1: Premature end of file.
2025-12-13 15:47:57,143 [ERROR] LogOutputStream:75 - [STDERR_REDIRECT] 
2025-12-13 15:47:58,138 [ERROR] LogOutputStream:75 - [STDERR_REDIRECT] [Fatal Error] :1:1: Premature end of file.
2025-12-13 15:47:58,138 [ERROR] LogOutputStream:75 - [STDERR_REDIRECT] 
2025-12-13 15:47:59,144 [ERROR] LogOutputStream:75 - [STDERR_REDIRECT] [Fatal Error] :1:1: Premature end of file.
2025-12-13 15:47:59,144 [ERROR] LogOutputStream:75 - [STDERR_REDIRECT] 
2025-12-13 15:48:00,137 [ERROR] LogOutputStream:75 - [STDERR_REDIRECT] [Fatal Error] :1:1: Premature end of file.
2025-12-13 15:48:00,137 [ERROR] LogOutputStream:75 - [STDERR_REDIRECT] 
2025-12-13 15:48:01,151 [ERROR] LogOutputStream:75 - [STDERR_REDIRECT] [Fatal Error] :1:1: Premature end of file.
2025-12-13 15:48:01,151 [ERROR] LogOutputStream:75 - [STDERR_REDIRECT] 
2025-12-13 15:48:02,147 [ERROR] LogOutputStream:75 - [STDERR_REDIRECT] [Fatal Error] :1:1: Premature end of file.
2025-12-13 15:48:02,150 [ERROR] LogOutputStream:75 - [STDERR_REDIRECT] 
2025-12-13 15:48:03,141 [ERROR] LogOutputStream:75 - [STDERR_REDIRECT] [Fatal Error] :1:1: Premature end of file.
2025-12-13 15:48:03,141 [ERROR] LogOutputStream:75 - [STDERR_REDIRECT] 
2025-12-13 15:48:04,132 [ERROR] LogOutputStream:75 - [STDERR_REDIRECT] [Fatal Error] :1:1: Premature end of file.
2025-12-13 15:48:04,132 [ERROR] LogOutputStream:75 - [STDERR_REDIRECT] 
2025-12-13 15:48:05,126 [ERROR] LogOutputStream:75 - [STDERR_REDIRECT] [Fatal Error] :1:1: Premature end of file.
2025-12-13 15:48:05,134 [ERROR] LogOutputStream:75 - [STDERR_REDIRECT] 
2025-12-13 15:48:06,128 [ERROR] LogOutputStream:75 - [STDERR_REDIRECT] [Fatal Error] :1:1: Premature end of file.
2025-12-13 15:48:06,128 [ERROR] LogOutputStream:75 - [STDERR_REDIRECT] 
2025-12-13 15:48:07,147 [ERROR] LogOutputStream:75 - [STDERR_REDIRECT] [Fatal Error] :1:1: Premature end of file.
2025-12-13 15:48:07,147 [ERROR] LogOutputStream:75 - [STDERR_REDIRECT] 
2025-12-13 15:48:08,133 [ERROR] LogOutputStream:75 - [STDERR_REDIRECT] [Fatal Error] :1:1: Premature end of file.
2025-12-13 15:48:08,133 [ERROR] LogOutputStream:75 - [STDERR_REDIRECT] 
2025-12-13 15:48:09,122 [ERROR] LogOutputStream:75 - [STDERR_REDIRECT] [Fatal Error] :1:1: Premature end of file.
2025-12-13 15:48:09,130 [ERROR] LogOutputStream:75 - [STDERR_REDIRECT] 
2025-12-13 15:48:10,141 [ERROR] LogOutputStream:75 - [STDERR_REDIRECT] [Fatal Error] :1:1: Premature end of file.
2025-12-13 15:48:10,141 [ERROR] LogOutputStream:75 - [STDERR_REDIRECT] 
2025-12-13 15:48:11,128 [ERROR] LogOutputStream:75 - [STDERR_REDIRECT] [Fatal Error] :1:1: Premature end of file.
2025-12-13 15:48:11,136 [ERROR] LogOutputStream:75 - [STDERR_REDIRECT] 
2025-12-13 15:48:12,132 [ERROR] LogOutputStream:75 - [STDERR_REDIRECT] [Fatal Error] :1:1: Premature end of file.
2025-12-13 15:48:12,132 [ERROR] LogOutputStream:75 - [STDERR_REDIRECT] 
2025-12-13 15:48:13,129 [ERROR] LogOutputStream:75 - [STDERR_REDIRECT] [Fatal Error] :1:1: Premature end of file.
2025-12-13 15:48:13,129 [ERROR] LogOutputStream:75 - [STDERR_REDIRECT] 
2025-12-13 15:48:14,144 [ERROR] LogOutputStream:75 - [STDERR_REDIRECT] [Fatal Error] :1:1: Premature end of file.
2025-12-13 15:48:14,144 [ERROR] LogOutputStream:75 - [STDERR_REDIRECT] 
2025-12-13 15:48:15,134 [ERROR] LogOutputStream:75 - [STDERR_REDIRECT] [Fatal Error] :1:1: Premature end of file.
2025-12-13 15:48:15,134 [ERROR] LogOutputStream:75 - [STDERR_REDIRECT] 
2025-12-13 15:48:16,123 [ERROR] LogOutputStream:75 - [STDERR_REDIRECT] [Fatal Error] :1:1: Premature end of file.
2025-12-13 15:48:16,123 [ERROR] LogOutputStream:75 - [STDERR_REDIRECT] 
2025-12-13 15:48:17,138 [ERROR] LogOutputStream:75 - [STDERR_REDIRECT] [Fatal Error] :1:1: Premature end of file.
2025-12-13 15:48:17,138 [ERROR] LogOutputStream:75 - [STDERR_REDIRECT] 
2025-12-13 15:48:18,133 [ERROR] LogOutputStream:75 - [STDERR_REDIRECT] [Fatal Error] :1:1: Premature end of file.
2025-12-13 15:48:18,133 [ERROR] LogOutputStream:75 - [STDERR_REDIRECT] 
2025-12-13 15:48:19,144 [ERROR] LogOutputStream:75 - [STDERR_REDIRECT] [Fatal Error] :1:1: Premature end of file.
2025-12-13 15:48:19,144 [ERROR] LogOutputStream:75 - [STDERR_REDIRECT] 
2025-12-13 15:48:20,137 [ERROR] LogOutputStream:75 - [STDERR_REDIRECT] [Fatal Error] :1:1: Premature end of file.
2025-12-13 15:48:20,137 [ERROR] LogOutputStream:75 - [STDERR_REDIRECT] 
2025-12-13 15:48:21,143 [ERROR] LogOutputStream:75 - [STDERR_REDIRECT] [Fatal Error] :1:1: Premature end of file.
2025-12-13 15:48:21,143 [ERROR] LogOutputStream:75 - [STDERR_REDIRECT] 
2025-12-13 15:48:22,182 [ERROR] LogOutputStream:75 - [STDERR_REDIRECT] [Fatal Error] :1:1: Premature end of file.
2025-12-13 15:48:22,182 [ERROR] LogOutputStream:75 - [STDERR_REDIRECT] 
2025-12-13 15:48:23,147 [ERROR] LogOutputStream:75 - [STDERR_REDIRECT] [Fatal Error] :1:1: Premature end of file.
2025-12-13 15:48:23,149 [ERROR] LogOutputStream:75 - [STDERR_REDIRECT] 
2025-12-13 15:48:24,160 [ERROR] LogOutputStream:75 - [STDERR_REDIRECT] [Fatal Error] :1:1: Premature end of file.
2025-12-13 15:48:24,168 [ERROR] LogOutputStream:75 - [STDERR_REDIRECT] 
2025-12-13 15:48:25,158 [ERROR] LogOutputStream:75 - [STDERR_REDIRECT] [Fatal Error] :1:1: Premature end of file.
2025-12-13 15:48:25,158 [ERROR] LogOutputStream:75 - [STDERR_REDIRECT] 
2025-12-13 15:48:26,170 [ERROR] LogOutputStream:75 - [STDERR_REDIRECT] [Fatal Error] :1:1: Premature end of file.
2025-12-13 15:48:26,170 [ERROR] LogOutputStream:75 - [STDERR_REDIRECT] 
2025-12-13 15:48:27,172 [ERROR] LogOutputStream:75 - [STDERR_REDIRECT] [Fatal Error] :1:1: Premature end of file.
2025-12-13 15:48:27,172 [ERROR] LogOutputStream:75 - [STDERR_REDIRECT] 
2025-12-13 15:48:28,151 [ERROR] LogOutputStream:75 - [STDERR_REDIRECT] [Fatal Error] :1:1: Premature end of file.
2025-12-13 15:48:28,151 [ERROR] LogOutputStream:75 - [STDERR_REDIRECT] 
2025-12-13 15:48:29,180 [ERROR] LogOutputStream:75 - [STDERR_REDIRECT] [Fatal Error] :1:1: Premature end of file.
2025-12-13 15:48:29,180 [ERROR] LogOutputStream:75 - [STDERR_REDIRECT] 
2025-12-13 15:48:30,178 [ERROR] LogOutputStream:75 - [STDERR_REDIRECT] [Fatal Error] :1:1: Premature end of file.
2025-12-13 15:48:30,178 [ERROR] LogOutputStream:75 - [STDERR_REDIRECT] 
2025-12-13 15:48:31,159 [ERROR] LogOutputStream:75 - [STDERR_REDIRECT] [Fatal Error] :1:1: Premature end of file.
2025-12-13 15:48:31,159 [ERROR] LogOutputStream:75 - [STDERR_REDIRECT] 
2025-12-13 15:48:32,151 [ERROR] LogOutputStream:75 - [STDERR_REDIRECT] [Fatal Error] :1:1: Premature end of file.
2025-12-13 15:48:32,151 [ERROR] LogOutputStream:75 - [STDERR_REDIRECT] 
2025-12-13 15:48:33,172 [ERROR] LogOutputStream:75 - [STDERR_REDIRECT] [Fatal Error] :1:1: Premature end of file.
2025-12-13 15:48:33,172 [ERROR] LogOutputStream:75 - [STDERR_REDIRECT] 
2025-12-13 15:48:34,173 [ERROR] LogOutputStream:75 - [STDERR_REDIRECT] [Fatal Error] :1:1: Premature end of file.
2025-12-13 15:48:34,173 [ERROR] LogOutputStream:75 - [STDERR_REDIRECT] 
2025-12-13 15:48:35,187 [ERROR] LogOutputStream:75 - [STDERR_REDIRECT] [Fatal Error] :1:1: Premature end of file.
2025-12-13 15:48:35,187 [ERROR] LogOutputStream:75 - [STDERR_REDIRECT] 
2025-12-13 15:48:36,139 [ERROR] LogOutputStream:75 - [STDERR_REDIRECT] [Fatal Error] :1:1: Premature end of file.
2025-12-13 15:48:36,139 [ERROR] LogOutputStream:75 - [STDERR_REDIRECT] 
2025-12-13 15:48:37,164 [ERROR] LogOutputStream:75 - [STDERR_REDIRECT] [Fatal Error] :1:1: Premature end of file.
2025-12-13 15:48:37,164 [ERROR] LogOutputStream:75 - [STDERR_REDIRECT] 
2025-12-13 15:48:38,152 [ERROR] LogOutputStream:75 - [STDERR_REDIRECT] [Fatal Error] :1:1: Premature end of file.
2025-12-13 15:48:38,152 [ERROR] LogOutputStream:75 - [STDERR_REDIRECT] 
2025-12-13 15:48:39,143 [ERROR] LogOutputStream:75 - [STDERR_REDIRECT] [Fatal Error] :1:1: Premature end of file.
2025-12-13 15:48:39,143 [ERROR] LogOutputStream:75 - [STDERR_REDIRECT] 
2025-12-13 15:48:40,151 [ERROR] LogOutputStream:75 - [STDERR_REDIRECT] [Fatal Error] :1:1: Premature end of file.
2025-12-13 15:48:40,151 [ERROR] LogOutputStream:75 - [STDERR_REDIRECT] 
2025-12-13 15:48:41,156 [ERROR] LogOutputStream:75 - [STDERR_REDIRECT] [Fatal Error] :1:1: Premature end of file.
2025-12-13 15:48:41,156 [ERROR] LogOutputStream:75 - [STDERR_REDIRECT] 
2025-12-13 15:48:42,139 [ERROR] LogOutputStream:75 - [STDERR_REDIRECT] [Fatal Error] :1:1: Premature end of file.
2025-12-13 15:48:42,139 [ERROR] LogOutputStream:75 - [STDERR_REDIRECT] 
2025-12-13 15:48:43,158 [ERROR] LogOutputStream:75 - [STDERR_REDIRECT] [Fatal Error] :1:1: Premature end of file.
2025-12-13 15:48:43,158 [ERROR] LogOutputStream:75 - [STDERR_REDIRECT] 
2025-12-13 15:48:44,173 [ERROR] LogOutputStream:75 - [STDERR_REDIRECT] [Fatal Error] :1:1: Premature end of file.
2025-12-13 15:48:44,173 [ERROR] LogOutputStream:75 - [STDERR_REDIRECT] 
2025-12-13 15:48:45,148 [ERROR] LogOutputStream:75 - [STDERR_REDIRECT] [Fatal Error] :1:1: Premature end of file.
2025-12-13 15:48:45,148 [ERROR] LogOutputStream:75 - [STDERR_REDIRECT] 
2025-12-13 15:48:46,166 [ERROR] LogOutputStream:75 - [STDERR_REDIRECT] [Fatal Error] :1:1: Premature end of file.
2025-12-13 15:48:46,166 [ERROR] LogOutputStream:75 - [STDERR_REDIRECT] 
2025-12-13 15:48:47,171 [ERROR] LogOutputStream:75 - [STDERR_REDIRECT] [Fatal Error] :1:1: Premature end of file.
2025-12-13 15:48:47,171 [ERROR] LogOutputStream:75 - [STDERR_REDIRECT] 
2025-12-13 15:48:48,154 [ERROR] LogOutputStream:75 - [STDERR_REDIRECT] [Fatal Error] :1:1: Premature end of file.
2025-12-13 15:48:48,154 [ERROR] LogOutputStream:75 - [STDERR_REDIRECT] 
2025-12-13 15:48:49,154 [ERROR] LogOutputStream:75 - [STDERR_REDIRECT] [Fatal Error] :1:1: Premature end of file.
2025-12-13 15:48:49,154 [ERROR] LogOutputStream:75 - [STDERR_REDIRECT] 
2025-12-13 15:48:50,159 [ERROR] LogOutputStream:75 - [STDERR_REDIRECT] [Fatal Error] :1:1: Premature end of file.
2025-12-13 15:48:50,159 [ERROR] LogOutputStream:75 - [STDERR_REDIRECT] 
2025-12-13 15:48:51,152 [ERROR] LogOutputStream:75 - [STDERR_REDIRECT] [Fatal Error] :1:1: Premature end of file.
2025-12-13 15:48:51,152 [ERROR] LogOutputStream:75 - [STDERR_REDIRECT] 
2025-12-13 15:48:52,142 [ERROR] LogOutputStream:75 - [STDERR_REDIRECT] [Fatal Error] :1:1: Premature end of file.
2025-12-13 15:48:52,146 [ERROR] LogOutputStream:75 - [STDERR_REDIRECT] 
2025-12-13 15:48:53,147 [ERROR] LogOutputStream:75 - [STDERR_REDIRECT] [Fatal Error] :1:1: Premature end of file.
2025-12-13 15:48:53,147 [ERROR] LogOutputStream:75 - [STDERR_REDIRECT] 
2025-12-13 15:48:54,148 [ERROR] LogOutputStream:75 - [STDERR_REDIRECT] [Fatal Error] :1:1: Premature end of file.
2025-12-13 15:48:54,148 [ERROR] LogOutputStream:75 - [STDERR_REDIRECT] 
2025-12-13 15:48:55,152 [ERROR] LogOutputStream:75 - [STDERR_REDIRECT] [Fatal Error] :1:1: Premature end of file.
2025-12-13 15:48:55,152 [ERROR] LogOutputStream:75 - [STDERR_REDIRECT] 
2025-12-13 15:48:56,144 [ERROR] LogOutputStream:75 - [STDERR_REDIRECT] [Fatal Error] :1:1: Premature end of file.
2025-12-13 15:48:56,144 [ERROR] LogOutputStream:75 - [STDERR_REDIRECT] 
2025-12-13 15:48:57,147 [ERROR] LogOutputStream:75 - [STDERR_REDIRECT] [Fatal Error] :1:1: Premature end of file.
2025-12-13 15:48:57,147 [ERROR] LogOutputStream:75 - [STDERR_REDIRECT] 
2025-12-13 15:48:58,132 [ERROR] LogOutputStream:75 - [STDERR_REDIRECT] [Fatal Error] :1:1: Premature end of file.
2025-12-13 15:48:58,132 [ERROR] LogOutputStream:75 - [STDERR_REDIRECT] 
2025-12-13 15:48:59,133 [ERROR] LogOutputStream:75 - [STDERR_REDIRECT] [Fatal Error] :1:1: Premature end of file.
2025-12-13 15:48:59,133 [ERROR] LogOutputStream:75 - [STDERR_REDIRECT] 
2025-12-13 15:49:00,149 [ERROR] LogOutputStream:75 - [STDERR_REDIRECT] [Fatal Error] :1:1: Premature end of file.
2025-12-13 15:49:00,149 [ERROR] LogOutputStream:75 - [STDERR_REDIRECT] 
2025-12-13 15:49:01,118 [ERROR] LogOutputStream:75 - [STDERR_REDIRECT] [Fatal Error] :1:1: Premature end of file.
2025-12-13 15:49:01,118 [ERROR] LogOutputStream:75 - [STDERR_REDIRECT] 
2025-12-13 15:49:02,119 [ERROR] LogOutputStream:75 - [STDERR_REDIRECT] [Fatal Error] :1:1: Premature end of file.
2025-12-13 15:49:02,119 [ERROR] LogOutputStream:75 - [STDERR_REDIRECT] 
2025-12-13 15:49:03,125 [ERROR] LogOutputStream:75 - [STDERR_REDIRECT] [Fatal Error] :1:1: Premature end of file.
2025-12-13 15:49:03,129 [ERROR] LogOutputStream:75 - [STDERR_REDIRECT] 
2025-12-13 15:49:04,118 [ERROR] LogOutputStream:75 - [STDERR_REDIRECT] [Fatal Error] :1:1: Premature end of file.
2025-12-13 15:49:04,123 [ERROR] LogOutputStream:75 - [STDERR_REDIRECT] 
2025-12-13 15:49:05,138 [ERROR] LogOutputStream:75 - [STDERR_REDIRECT] [Fatal Error] :1:1: Premature end of file.
2025-12-13 15:49:05,138 [ERROR] LogOutputStream:75 - [STDERR_REDIRECT] 
2025-12-13 15:49:06,133 [ERROR] LogOutputStream:75 - [STDERR_REDIRECT] [Fatal Error] :1:1: Premature end of file.
2025-12-13 15:49:06,137 [ERROR] LogOutputStream:75 - [STDERR_REDIRECT] 
2025-12-13 15:49:07,144 [ERROR] LogOutputStream:75 - [STDERR_REDIRECT] [Fatal Error] :1:1: Premature end of file.
2025-12-13 15:49:07,146 [ERROR] LogOutputStream:75 - [STDERR_REDIRECT] 
2025-12-13 15:49:08,126 [ERROR] LogOutputStream:75 - [STDERR_REDIRECT] [Fatal Error] :1:1: Premature end of file.
2025-12-13 15:49:08,126 [ERROR] LogOutputStream:75 - [STDERR_REDIRECT] 
2025-12-13 15:49:09,131 [ERROR] LogOutputStream:75 - [STDERR_REDIRECT] [Fatal Error] :1:1: Premature end of file.
2025-12-13 15:49:09,131 [ERROR] LogOutputStream:75 - [STDERR_REDIRECT] 
2025-12-13 15:49:10,138 [ERROR] LogOutputStream:75 - [STDERR_REDIRECT] [Fatal Error] :1:1: Premature end of file.
2025-12-13 15:49:10,138 [ERROR] LogOutputStream:75 - [STDERR_REDIRECT] 
2025-12-13 15:49:11,123 [ERROR] LogOutputStream:75 - [STDERR_REDIRECT] [Fatal Error] :1:1: Premature end of file.
2025-12-13 15:49:11,123 [ERROR] LogOutputStream:75 - [STDERR_REDIRECT] 
2025-12-13 15:49:12,143 [ERROR] LogOutputStream:75 - [STDERR_REDIRECT] [Fatal Error] :1:1: Premature end of file.
2025-12-13 15:49:12,143 [ERROR] LogOutputStream:75 - [STDERR_REDIRECT] 
2025-12-13 15:49:13,125 [ERROR] LogOutputStream:75 - [STDERR_REDIRECT] [Fatal Error] :1:1: Premature end of file.
2025-12-13 15:49:13,125 [ERROR] LogOutputStream:75 - [STDERR_REDIRECT] 
2025-12-13 15:49:14,130 [ERROR] LogOutputStream:75 - [STDERR_REDIRECT] [Fatal Error] :1:1: Premature end of file.
2025-12-13 15:49:14,130 [ERROR] LogOutputStream:75 - [STDERR_REDIRECT] 
2025-12-13 15:49:15,145 [ERROR] LogOutputStream:75 - [STDERR_REDIRECT] [Fatal Error] :1:1: Premature end of file.
2025-12-13 15:49:15,145 [ERROR] LogOutputStream:75 - [STDERR_REDIRECT] 
2025-12-13 15:49:16,159 [ERROR] LogOutputStream:75 - [STDERR_REDIRECT] [Fatal Error] :1:1: Premature end of file.
2025-12-13 15:49:16,159 [ERROR] LogOutputStream:75 - [STDERR_REDIRECT] 
2025-12-13 15:49:17,145 [ERROR] LogOutputStream:75 - [STDERR_REDIRECT] [Fatal Error] :1:1: Premature end of file.
2025-12-13 15:49:17,145 [ERROR] LogOutputStream:75 - [STDERR_REDIRECT] 
2025-12-13 15:49:18,127 [ERROR] LogOutputStream:75 - [STDERR_REDIRECT] [Fatal Error] :1:1: Premature end of file.
2025-12-13 15:49:18,127 [ERROR] LogOutputStream:75 - [STDERR_REDIRECT] 
2025-12-13 15:49:19,136 [ERROR] LogOutputStream:75 - [STDERR_REDIRECT] [Fatal Error] :1:1: Premature end of file.
2025-12-13 15:49:19,136 [ERROR] LogOutputStream:75 - [STDERR_REDIRECT] 
2025-12-13 15:49:20,127 [ERROR] LogOutputStream:75 - [STDERR_REDIRECT] [Fatal Error] :1:1: Premature end of file.
2025-12-13 15:49:20,140 [ERROR] LogOutputStream:75 - [STDERR_REDIRECT] 
2025-12-13 15:49:21,122 [ERROR] LogOutputStream:75 - [STDERR_REDIRECT] [Fatal Error] :1:1: Premature end of file.
2025-12-13 15:49:21,122 [ERROR] LogOutputStream:75 - [STDERR_REDIRECT] 
2025-12-13 15:49:22,140 [ERROR] LogOutputStream:75 - [STDERR_REDIRECT] [Fatal Error] :1:1: Premature end of file.
2025-12-13 15:49:22,140 [ERROR] LogOutputStream:75 - [STDERR_REDIRECT] 
2025-12-13 15:49:23,133 [ERROR] LogOutputStream:75 - [STDERR_REDIRECT] [Fatal Error] :1:1: Premature end of file.
2025-12-13 15:49:23,133 [ERROR] LogOutputStream:75 - [STDERR_REDIRECT] 
2025-12-13 15:49:24,133 [ERROR] LogOutputStream:75 - [STDERR_REDIRECT] [Fatal Error] :1:1: Premature end of file.
2025-12-13 15:49:24,133 [ERROR] LogOutputStream:75 - [STDERR_REDIRECT] 
2025-12-13 15:49:25,127 [ERROR] LogOutputStream:75 - [STDERR_REDIRECT] [Fatal Error] :1:1: Premature end of file.
2025-12-13 15:49:25,127 [ERROR] LogOutputStream:75 - [STDERR_REDIRECT] 
2025-12-13 15:49:26,127 [ERROR] LogOutputStream:75 - [STDERR_REDIRECT] [Fatal Error] :1:1: Premature end of file.
2025-12-13 15:49:26,127 [ERROR] LogOutputStream:75 - [STDERR_REDIRECT] 
2025-12-13 15:49:27,121 [ERROR] LogOutputStream:75 - [STDERR_REDIRECT] [Fatal Error] :1:1: Premature end of file.
2025-12-13 15:49:27,121 [ERROR] LogOutputStream:75 - [STDERR_REDIRECT] 
2025-12-13 15:49:28,142 [ERROR] LogOutputStream:75 - [STDERR_REDIRECT] [Fatal Error] :1:1: Premature end of file.
2025-12-13 15:49:28,144 [ERROR] LogOutputStream:75 - [STDERR_REDIRECT] 
2025-12-13 15:49:29,129 [ERROR] LogOutputStream:75 - [STDERR_REDIRECT] [Fatal Error] :1:1: Premature end of file.
2025-12-13 15:49:29,129 [ERROR] LogOutputStream:75 - [STDERR_REDIRECT] 
2025-12-13 15:49:30,129 [ERROR] LogOutputStream:75 - [STDERR_REDIRECT] [Fatal Error] :1:1: Premature end of file.
2025-12-13 15:49:30,129 [ERROR] LogOutputStream:75 - [STDERR_REDIRECT] 
2025-12-13 15:49:31,122 [ERROR] LogOutputStream:75 - [STDERR_REDIRECT] [Fatal Error] :1:1: Premature end of file.
2025-12-13 15:49:31,122 [ERROR] LogOutputStream:75 - [STDERR_REDIRECT] 
2025-12-13 15:49:32,148 [ERROR] LogOutputStream:75 - [STDERR_REDIRECT] [Fatal Error] :1:1: Premature end of file.
2025-12-13 15:49:32,148 [ERROR] LogOutputStream:75 - [STDERR_REDIRECT] 
2025-12-13 15:49:33,132 [ERROR] LogOutputStream:75 - [STDERR_REDIRECT] [Fatal Error] :1:1: Premature end of file.
2025-12-13 15:49:33,132 [ERROR] LogOutputStream:75 - [STDERR_REDIRECT] 
2025-12-13 15:49:34,136 [ERROR] LogOutputStream:75 - [STDERR_REDIRECT] [Fatal Error] :1:1: Premature end of file.
2025-12-13 15:49:34,142 [ERROR] LogOutputStream:75 - [STDERR_REDIRECT] 
2025-12-13 15:49:35,129 [ERROR] LogOutputStream:75 - [STDERR_REDIRECT] [Fatal Error] :1:1: Premature end of file.
2025-12-13 15:49:35,129 [ERROR] LogOutputStream:75 - [STDERR_REDIRECT] 
2025-12-13 15:49:36,141 [ERROR] LogOutputStream:75 - [STDERR_REDIRECT] [Fatal Error] :1:1: Premature end of file.
2025-12-13 15:49:36,141 [ERROR] LogOutputStream:75 - [STDERR_REDIRECT] 
2025-12-13 15:49:37,132 [ERROR] LogOutputStream:75 - [STDERR_REDIRECT] [Fatal Error] :1:1: Premature end of file.
2025-12-13 15:49:37,142 [ERROR] LogOutputStream:75 - [STDERR_REDIRECT] 
2025-12-13 15:49:38,123 [ERROR] LogOutputStream:75 - [STDERR_REDIRECT] [Fatal Error] :1:1: Premature end of file.
2025-12-13 15:49:38,123 [ERROR] LogOutputStream:75 - [STDERR_REDIRECT] 
2025-12-13 15:49:39,118 [ERROR] LogOutputStream:75 - [STDERR_REDIRECT] [Fatal Error] :1:1: Premature end of file.
2025-12-13 15:49:39,118 [ERROR] LogOutputStream:75 - [STDERR_REDIRECT] 
2025-12-13 15:49:40,139 [ERROR] LogOutputStream:75 - [STDERR_REDIRECT] [Fatal Error] :1:1: Premature end of file.
2025-12-13 15:49:40,139 [ERROR] LogOutputStream:75 - [STDERR_REDIRECT] 
2025-12-13 15:49:41,150 [ERROR] LogOutputStream:75 - [STDERR_REDIRECT] [Fatal Error] :1:1: Premature end of file.
2025-12-13 15:49:41,150 [ERROR] LogOutputStream:75 - [STDERR_REDIRECT] 
2025-12-13 15:49:42,124 [ERROR] LogOutputStream:75 - [STDERR_REDIRECT] [Fatal Error] :1:1: Premature end of file.
2025-12-13 15:49:42,139 [ERROR] LogOutputStream:75 - [STDERR_REDIRECT] 
2025-12-13 15:49:43,146 [ERROR] LogOutputStream:75 - [STDERR_REDIRECT] [Fatal Error] :1:1: Premature end of file.
2025-12-13 15:49:43,146 [ERROR] LogOutputStream:75 - [STDERR_REDIRECT] 
2025-12-13 15:49:44,135 [ERROR] LogOutputStream:75 - [STDERR_REDIRECT] [Fatal Error] :1:1: Premature end of file.
2025-12-13 15:49:44,135 [ERROR] LogOutputStream:75 - [STDERR_REDIRECT] 
2025-12-13 15:49:45,137 [ERROR] LogOutputStream:75 - [STDERR_REDIRECT] [Fatal Error] :1:1: Premature end of file.
2025-12-13 15:49:45,137 [ERROR] LogOutputStream:75 - [STDERR_REDIRECT] 
2025-12-13 15:49:46,147 [ERROR] LogOutputStream:75 - [STDERR_REDIRECT] [Fatal Error] :1:1: Premature end of file.
2025-12-13 15:49:46,147 [ERROR] LogOutputStream:75 - [STDERR_REDIRECT] 
2025-12-13 15:49:47,137 [ERROR] LogOutputStream:75 - [STDERR_REDIRECT] [Fatal Error] :1:1: Premature end of file.
2025-12-13 15:49:47,137 [ERROR] LogOutputStream:75 - [STDERR_REDIRECT] 
2025-12-13 15:49:48,132 [ERROR] LogOutputStream:75 - [STDERR_REDIRECT] [Fatal Error] :1:1: Premature end of file.
2025-12-13 15:49:48,132 [ERROR] LogOutputStream:75 - [STDERR_REDIRECT] 
2025-12-13 15:49:49,135 [ERROR] LogOutputStream:75 - [STDERR_REDIRECT] [Fatal Error] :1:1: Premature end of file.
2025-12-13 15:49:49,135 [ERROR] LogOutputStream:75 - [STDERR_REDIRECT] 
2025-12-13 15:49:50,122 [ERROR] LogOutputStream:75 - [STDERR_REDIRECT] [Fatal Error] :1:1: Premature end of file.
2025-12-13 15:49:50,137 [ERROR] LogOutputStream:75 - [STDERR_REDIRECT] 
2025-12-13 15:49:51,134 [ERROR] LogOutputStream:75 - [STDERR_REDIRECT] [Fatal Error] :1:1: Premature end of file.
2025-12-13 15:49:51,134 [ERROR] LogOutputStream:75 - [STDERR_REDIRECT] 
2025-12-13 15:49:52,144 [ERROR] LogOutputStream:75 - [STDERR_REDIRECT] [Fatal Error] :1:1: Premature end of file.
2025-12-13 15:49:52,144 [ERROR] LogOutputStream:75 - [STDERR_REDIRECT] 
2025-12-13 15:49:53,134 [ERROR] LogOutputStream:75 - [STDERR_REDIRECT] [Fatal Error] :1:1: Premature end of file.
2025-12-13 15:49:53,134 [ERROR] LogOutputStream:75 - [STDERR_REDIRECT] 
2025-12-13 15:49:54,130 [ERROR] LogOutputStream:75 - [STDERR_REDIRECT] [Fatal Error] :1:1: Premature end of file.
2025-12-13 15:49:54,130 [ERROR] LogOutputStream:75 - [STDERR_REDIRECT] 
2025-12-13 15:49:55,134 [ERROR] LogOutputStream:75 - [STDERR_REDIRECT] [Fatal Error] :1:1: Premature end of file.
2025-12-13 15:49:55,134 [ERROR] LogOutputStream:75 - [STDERR_REDIRECT] 
2025-12-13 15:49:56,124 [ERROR] LogOutputStream:75 - [STDERR_REDIRECT] [Fatal Error] :1:1: Premature end of file.
2025-12-13 15:49:56,124 [ERROR] LogOutputStream:75 - [STDERR_REDIRECT] 
2025-12-13 15:49:57,135 [ERROR] LogOutputStream:75 - [STDERR_REDIRECT] [Fatal Error] :1:1: Premature end of file.
2025-12-13 15:49:57,135 [ERROR] LogOutputStream:75 - [STDERR_REDIRECT] 
2025-12-13 15:49:58,142 [ERROR] LogOutputStream:75 - [STDERR_REDIRECT] [Fatal Error] :1:1: Premature end of file.
2025-12-13 15:49:58,142 [ERROR] LogOutputStream:75 - [STDERR_REDIRECT] 
2025-12-13 15:49:59,123 [ERROR] LogOutputStream:75 - [STDERR_REDIRECT] [Fatal Error] :1:1: Premature end of file.
2025-12-13 15:49:59,123 [ERROR] LogOutputStream:75 - [STDERR_REDIRECT] 
2025-12-13 15:50:00,118 [ERROR] LogOutputStream:75 - [STDERR_REDIRECT] [Fatal Error] :1:1: Premature end of file.
2025-12-13 15:50:00,118 [ERROR] LogOutputStream:75 - [STDERR_REDIRECT] 
2025-12-13 15:50:01,144 [ERROR] LogOutputStream:75 - [STDERR_REDIRECT] [Fatal Error] :1:1: Premature end of file.
2025-12-13 15:50:01,146 [ERROR] LogOutputStream:75 - [STDERR_REDIRECT] 
2025-12-13 15:50:02,134 [ERROR] LogOutputStream:75 - [STDERR_REDIRECT] [Fatal Error] :1:1: Premature end of file.
2025-12-13 15:50:02,134 [ERROR] LogOutputStream:75 - [STDERR_REDIRECT] 
2025-12-13 15:50:03,139 [ERROR] LogOutputStream:75 - [STDERR_REDIRECT] [Fatal Error] :1:1: Premature end of file.
2025-12-13 15:50:03,139 [ERROR] LogOutputStream:75 - [STDERR_REDIRECT] 
2025-12-13 15:50:04,125 [ERROR] LogOutputStream:75 - [STDERR_REDIRECT] [Fatal Error] :1:1: Premature end of file.
2025-12-13 15:50:04,125 [ERROR] LogOutputStream:75 - [STDERR_REDIRECT] 
2025-12-13 15:50:05,122 [ERROR] LogOutputStream:75 - [STDERR_REDIRECT] [Fatal Error] :1:1: Premature end of file.
2025-12-13 15:50:05,122 [ERROR] LogOutputStream:75 - [STDERR_REDIRECT] 
2025-12-13 15:50:06,135 [ERROR] LogOutputStream:75 - [STDERR_REDIRECT] [Fatal Error] :1:1: Premature end of file.
2025-12-13 15:50:06,135 [ERROR] LogOutputStream:75 - [STDERR_REDIRECT] 
2025-12-13 15:50:07,126 [ERROR] LogOutputStream:75 - [STDERR_REDIRECT] [Fatal Error] :1:1: Premature end of file.
2025-12-13 15:50:07,126 [ERROR] LogOutputStream:75 - [STDERR_REDIRECT] 
2025-12-13 15:50:08,138 [ERROR] LogOutputStream:75 - [STDERR_REDIRECT] [Fatal Error] :1:1: Premature end of file.
2025-12-13 15:50:08,138 [ERROR] LogOutputStream:75 - [STDERR_REDIRECT] 
2025-12-13 15:50:09,124 [ERROR] LogOutputStream:75 - [STDERR_REDIRECT] [Fatal Error] :1:1: Premature end of file.
2025-12-13 15:50:09,124 [ERROR] LogOutputStream:75 - [STDERR_REDIRECT] 
2025-12-13 15:50:10,128 [ERROR] LogOutputStream:75 - [STDERR_REDIRECT] [Fatal Error] :1:1: Premature end of file.
2025-12-13 15:50:10,128 [ERROR] LogOutputStream:75 - [STDERR_REDIRECT] 
2025-12-13 15:50:11,133 [ERROR] LogOutputStream:75 - [STDERR_REDIRECT] [Fatal Error] :1:1: Premature end of file.
2025-12-13 15:50:11,133 [ERROR] LogOutputStream:75 - [STDERR_REDIRECT] 
2025-12-13 15:50:12,137 [ERROR] LogOutputStream:75 - [STDERR_REDIRECT] [Fatal Error] :1:1: Premature end of file.
2025-12-13 15:50:12,137 [ERROR] LogOutputStream:75 - [STDERR_REDIRECT] 
2025-12-13 15:50:13,125 [ERROR] LogOutputStream:75 - [STDERR_REDIRECT] [Fatal Error] :1:1: Premature end of file.
2025-12-13 15:50:13,125 [ERROR] LogOutputStream:75 - [STDERR_REDIRECT] 
2025-12-13 15:50:14,132 [ERROR] LogOutputStream:75 - [STDERR_REDIRECT] [Fatal Error] :1:1: Premature end of file.
2025-12-13 15:50:14,132 [ERROR] LogOutputStream:75 - [STDERR_REDIRECT] 
2025-12-13 15:50:15,126 [ERROR] LogOutputStream:75 - [STDERR_REDIRECT] [Fatal Error] :1:1: Premature end of file.
2025-12-13 15:50:15,126 [ERROR] LogOutputStream:75 - [STDERR_REDIRECT] 
2025-12-13 15:50:16,124 [ERROR] LogOutputStream:75 - [STDERR_REDIRECT] [Fatal Error] :1:1: Premature end of file.
2025-12-13 15:50:16,124 [ERROR] LogOutputStream:75 - [STDERR_REDIRECT] 
2025-12-13 15:50:17,137 [ERROR] LogOutputStream:75 - [STDERR_REDIRECT] [Fatal Error] :1:1: Premature end of file.
2025-12-13 15:50:17,137 [ERROR] LogOutputStream:75 - [STDERR_REDIRECT] 
2025-12-13 15:50:18,122 [ERROR] LogOutputStream:75 - [STDERR_REDIRECT] [Fatal Error] :1:1: Premature end of file.
2025-12-13 15:50:18,122 [ERROR] LogOutputStream:75 - [STDERR_REDIRECT] 
2025-12-13 15:50:19,138 [ERROR] LogOutputStream:75 - [STDERR_REDIRECT] [Fatal Error] :1:1: Premature end of file.
2025-12-13 15:50:19,138 [ERROR] LogOutputStream:75 - [STDERR_REDIRECT] 
2025-12-13 15:50:20,126 [ERROR] LogOutputStream:75 - [STDERR_REDIRECT] [Fatal Error] :1:1: Premature end of file.
2025-12-13 15:50:20,126 [ERROR] LogOutputStream:75 - [STDERR_REDIRECT] 
2025-12-13 15:50:21,138 [ERROR] LogOutputStream:75 - [STDERR_REDIRECT] [Fatal Error] :1:1: Premature end of file.
2025-12-13 15:50:21,138 [ERROR] LogOutputStream:75 - [STDERR_REDIRECT] 
2025-12-13 15:50:22,143 [ERROR] LogOutputStream:75 - [STDERR_REDIRECT] [Fatal Error] :1:1: Premature end of file.
2025-12-13 15:50:22,143 [ERROR] LogOutputStream:75 - [STDERR_REDIRECT] 
2025-12-13 15:50:23,153 [ERROR] LogOutputStream:75 - [STDERR_REDIRECT] [Fatal Error] :1:1: Premature end of file.
2025-12-13 15:50:23,153 [ERROR] LogOutputStream:75 - [STDERR_REDIRECT] 
2025-12-13 15:50:24,150 [ERROR] LogOutputStream:75 - [STDERR_REDIRECT] [Fatal Error] :1:1: Premature end of file.
2025-12-13 15:50:24,152 [ERROR] LogOutputStream:75 - [STDERR_REDIRECT] 
2025-12-13 15:50:25,138 [ERROR] LogOutputStream:75 - [STDERR_REDIRECT] [Fatal Error] :1:1: Premature end of file.
2025-12-13 15:50:25,138 [ERROR] LogOutputStream:75 - [STDERR_REDIRECT] 
2025-12-13 15:50:26,151 [ERROR] LogOutputStream:75 - [STDERR_REDIRECT] [Fatal Error] :1:1: Premature end of file.
2025-12-13 15:50:26,151 [ERROR] LogOutputStream:75 - [STDERR_REDIRECT] 
2025-12-13 15:50:27,141 [ERROR] LogOutputStream:75 - [STDERR_REDIRECT] [Fatal Error] :1:1: Premature end of file.
2025-12-13 15:50:27,141 [ERROR] LogOutputStream:75 - [STDERR_REDIRECT] 
2025-12-13 15:50:28,142 [ERROR] LogOutputStream:75 - [STDERR_REDIRECT] [Fatal Error] :1:1: Premature end of file.
2025-12-13 15:50:28,142 [ERROR] LogOutputStream:75 - [STDERR_REDIRECT] 
2025-12-13 15:50:29,158 [ERROR] LogOutputStream:75 - [STDERR_REDIRECT] [Fatal Error] :1:1: Premature end of file.
2025-12-13 15:50:29,158 [ERROR] LogOutputStream:75 - [STDERR_REDIRECT] 
2025-12-13 15:50:30,118 [ERROR] LogOutputStream:75 - [STDERR_REDIRECT] [Fatal Error] :1:1: Premature end of file.
2025-12-13 15:50:30,118 [ERROR] LogOutputStream:75 - [STDERR_REDIRECT] 
2025-12-13 15:50:31,129 [ERROR] LogOutputStream:75 - [STDERR_REDIRECT] [Fatal Error] :1:1: Premature end of file.
2025-12-13 15:50:31,129 [ERROR] LogOutputStream:75 - [STDERR_REDIRECT] 
2025-12-13 15:50:32,133 [ERROR] LogOutputStream:75 - [STDERR_REDIRECT] [Fatal Error] :1:1: Premature end of file.
2025-12-13 15:50:32,133 [ERROR] LogOutputStream:75 - [STDERR_REDIRECT] 
2025-12-13 15:50:33,121 [ERROR] LogOutputStream:75 - [STDERR_REDIRECT] [Fatal Error] :1:1: Premature end of file.
2025-12-13 15:50:33,121 [ERROR] LogOutputStream:75 - [STDERR_REDIRECT] 
2025-12-13 15:50:34,135 [ERROR] LogOutputStream:75 - [STDERR_REDIRECT] [Fatal Error] :1:1: Premature end of file.
2025-12-13 15:50:34,135 [ERROR] LogOutputStream:75 - [STDERR_REDIRECT] 
2025-12-13 15:50:35,125 [ERROR] LogOutputStream:75 - [STDERR_REDIRECT] [Fatal Error] :1:1: Premature end of file.
2025-12-13 15:50:35,125 [ERROR] LogOutputStream:75 - [STDERR_REDIRECT] 
2025-12-13 15:50:36,133 [ERROR] LogOutputStream:75 - [STDERR_REDIRECT] [Fatal Error] :1:1: Premature end of file.
2025-12-13 15:50:36,134 [ERROR] LogOutputStream:75 - [STDERR_REDIRECT] 
2025-12-13 15:50:37,136 [ERROR] LogOutputStream:75 - [STDERR_REDIRECT] [Fatal Error] :1:1: Premature end of file.
2025-12-13 15:50:37,136 [ERROR] LogOutputStream:75 - [STDERR_REDIRECT] 
2025-12-13 15:50:38,148 [ERROR] LogOutputStream:75 - [STDERR_REDIRECT] [Fatal Error] :1:1: Premature end of file.
2025-12-13 15:50:38,148 [ERROR] LogOutputStream:75 - [STDERR_REDIRECT] 
2025-12-13 15:50:39,140 [ERROR] LogOutputStream:75 - [STDERR_REDIRECT] [Fatal Error] :1:1: Premature end of file.
2025-12-13 15:50:39,140 [ERROR] LogOutputStream:75 - [STDERR_REDIRECT] 
2025-12-13 15:50:40,142 [ERROR] LogOutputStream:75 - [STDERR_REDIRECT] [Fatal Error] :1:1: Premature end of file.
2025-12-13 15:50:40,142 [ERROR] LogOutputStream:75 - [STDERR_REDIRECT] 
2025-12-13 15:50:41,137 [ERROR] LogOutputStream:75 - [STDERR_REDIRECT] [Fatal Error] :1:1: Premature end of file.
2025-12-13 15:50:41,137 [ERROR] LogOutputStream:75 - [STDERR_REDIRECT] 
2025-12-13 15:50:42,134 [ERROR] LogOutputStream:75 - [STDERR_REDIRECT] [Fatal Error] :1:1: Premature end of file.
2025-12-13 15:50:42,134 [ERROR] LogOutputStream:75 - [STDERR_REDIRECT] 
2025-12-13 15:50:43,136 [ERROR] LogOutputStream:75 - [STDERR_REDIRECT] [Fatal Error] :1:1: Premature end of file.
2025-12-13 15:50:43,136 [ERROR] LogOutputStream:75 - [STDERR_REDIRECT] 
2025-12-13 15:50:44,144 [ERROR] LogOutputStream:75 - [STDERR_REDIRECT] [Fatal Error] :1:1: Premature end of file.
2025-12-13 15:50:44,149 [ERROR] LogOutputStream:75 - [STDERR_REDIRECT] 
2025-12-13 15:50:45,122 [ERROR] LogOutputStream:75 - [STDERR_REDIRECT] [Fatal Error] :1:1: Premature end of file.
2025-12-13 15:50:45,122 [ERROR] LogOutputStream:75 - [STDERR_REDIRECT] 
2025-12-13 15:50:46,163 [ERROR] LogOutputStream:75 - [STDERR_REDIRECT] [Fatal Error] :1:1: Premature end of file.
2025-12-13 15:50:46,163 [ERROR] LogOutputStream:75 - [STDERR_REDIRECT] 
2025-12-13 15:50:47,147 [ERROR] LogOutputStream:75 - [STDERR_REDIRECT] [Fatal Error] :1:1: Premature end of file.
2025-12-13 15:50:47,147 [ERROR] LogOutputStream:75 - [STDERR_REDIRECT] 
2025-12-13 15:50:48,134 [ERROR] LogOutputStream:75 - [STDERR_REDIRECT] [Fatal Error] :1:1: Premature end of file.
2025-12-13 15:50:48,134 [ERROR] LogOutputStream:75 - [STDERR_REDIRECT] 
2025-12-13 15:50:49,120 [ERROR] LogOutputStream:75 - [STDERR_REDIRECT] [Fatal Error] :1:1: Premature end of file.
2025-12-13 15:50:49,120 [ERROR] LogOutputStream:75 - [STDERR_REDIRECT] 
2025-12-13 15:50:50,130 [ERROR] LogOutputStream:75 - [STDERR_REDIRECT] [Fatal Error] :1:1: Premature end of file.
2025-12-13 15:50:50,130 [ERROR] LogOutputStream:75 - [STDERR_REDIRECT] 
2025-12-13 15:50:51,132 [ERROR] LogOutputStream:75 - [STDERR_REDIRECT] [Fatal Error] :1:1: Premature end of file.
2025-12-13 15:50:51,132 [ERROR] LogOutputStream:75 - [STDERR_REDIRECT] 
2025-12-13 15:50:52,133 [ERROR] LogOutputStream:75 - [STDERR_REDIRECT] [Fatal Error] :1:1: Premature end of file.
2025-12-13 15:50:52,133 [ERROR] LogOutputStream:75 - [STDERR_REDIRECT] 
2025-12-13 15:50:53,145 [ERROR] LogOutputStream:75 - [STDERR_REDIRECT] [Fatal Error] :1:1: Premature end of file.
2025-12-13 15:50:53,145 [ERROR] LogOutputStream:75 - [STDERR_REDIRECT] 
2025-12-13 15:50:54,135 [ERROR] LogOutputStream:75 - [STDERR_REDIRECT] [Fatal Error] :1:1: Premature end of file.
2025-12-13 15:50:54,135 [ERROR] LogOutputStream:75 - [STDERR_REDIRECT] 
2025-12-13 15:50:55,129 [ERROR] LogOutputStream:75 - [STDERR_REDIRECT] [Fatal Error] :1:1: Premature end of file.
2025-12-13 15:50:55,129 [ERROR] LogOutputStream:75 - [STDERR_REDIRECT] 
2025-12-13 15:50:56,147 [ERROR] LogOutputStream:75 - [STDERR_REDIRECT] [Fatal Error] :1:1: Premature end of file.
2025-12-13 15:50:56,147 [ERROR] LogOutputStream:75 - [STDERR_REDIRECT] 
2025-12-13 15:50:57,132 [ERROR] LogOutputStream:75 - [STDERR_REDIRECT] [Fatal Error] :1:1: Premature end of file.
2025-12-13 15:50:57,132 [ERROR] LogOutputStream:75 - [STDERR_REDIRECT] 
2025-12-13 15:50:58,127 [ERROR] LogOutputStream:75 - [STDERR_REDIRECT] [Fatal Error] :1:1: Premature end of file.
2025-12-13 15:50:58,127 [ERROR] LogOutputStream:75 - [STDERR_REDIRECT] 
2025-12-13 15:50:59,122 [ERROR] LogOutputStream:75 - [STDERR_REDIRECT] [Fatal Error] :1:1: Premature end of file.
2025-12-13 15:50:59,122 [ERROR] LogOutputStream:75 - [STDERR_REDIRECT] 
2025-12-13 15:51:00,134 [ERROR] LogOutputStream:75 - [STDERR_REDIRECT] [Fatal Error] :1:1: Premature end of file.
2025-12-13 15:51:00,134 [ERROR] LogOutputStream:75 - [STDERR_REDIRECT] 
2025-12-13 15:51:01,128 [ERROR] LogOutputStream:75 - [STDERR_REDIRECT] [Fatal Error] :1:1: Premature end of file.
2025-12-13 15:51:01,128 [ERROR] LogOutputStream:75 - [STDERR_REDIRECT] 
2025-12-13 15:51:02,121 [ERROR] LogOutputStream:75 - [STDERR_REDIRECT] [Fatal Error] :1:1: Premature end of file.
2025-12-13 15:51:02,121 [ERROR] LogOutputStream:75 - [STDERR_REDIRECT] 
2025-12-13 15:51:03,136 [ERROR] LogOutputStream:75 - [STDERR_REDIRECT] [Fatal Error] :1:1: Premature end of file.
2025-12-13 15:51:03,136 [ERROR] LogOutputStream:75 - [STDERR_REDIRECT] 
2025-12-13 15:51:04,140 [ERROR] LogOutputStream:75 - [STDERR_REDIRECT] [Fatal Error] :1:1: Premature end of file.
2025-12-13 15:51:04,140 [ERROR] LogOutputStream:75 - [STDERR_REDIRECT] 
2025-12-13 15:51:05,138 [ERROR] LogOutputStream:75 - [STDERR_REDIRECT] [Fatal Error] :1:1: Premature end of file.
2025-12-13 15:51:05,138 [ERROR] LogOutputStream:75 - [STDERR_REDIRECT] 
2025-12-13 15:51:06,139 [ERROR] LogOutputStream:75 - [STDERR_REDIRECT] [Fatal Error] :1:1: Premature end of file.
2025-12-13 15:51:06,144 [ERROR] LogOutputStream:75 - [STDERR_REDIRECT] 
2025-12-13 15:51:07,150 [ERROR] LogOutputStream:75 - [STDERR_REDIRECT] [Fatal Error] :1:1: Premature end of file.
2025-12-13 15:51:07,150 [ERROR] LogOutputStream:75 - [STDERR_REDIRECT] 
2025-12-13 15:51:08,126 [ERROR] LogOutputStream:75 - [STDERR_REDIRECT] [Fatal Error] :1:1: Premature end of file.
2025-12-13 15:51:08,126 [ERROR] LogOutputStream:75 - [STDERR_REDIRECT] 
2025-12-13 15:51:09,121 [ERROR] LogOutputStream:75 - [STDERR_REDIRECT] [Fatal Error] :1:1: Premature end of file.
2025-12-13 15:51:09,121 [ERROR] LogOutputStream:75 - [STDERR_REDIRECT] 
2025-12-13 15:51:10,148 [ERROR] LogOutputStream:75 - [STDERR_REDIRECT] [Fatal Error] :1:1: Premature end of file.
2025-12-13 15:51:10,148 [ERROR] LogOutputStream:75 - [STDERR_REDIRECT] 
2025-12-13 15:51:11,129 [ERROR] LogOutputStream:75 - [STDERR_REDIRECT] [Fatal Error] :1:1: Premature end of file.
2025-12-13 15:51:11,129 [ERROR] LogOutputStream:75 - [STDERR_REDIRECT] 
2025-12-13 15:51:12,135 [ERROR] LogOutputStream:75 - [STDERR_REDIRECT] [Fatal Error] :1:1: Premature end of file.
2025-12-13 15:51:12,135 [ERROR] LogOutputStream:75 - [STDERR_REDIRECT] 
2025-12-13 15:51:13,141 [ERROR] LogOutputStream:75 - [STDERR_REDIRECT] [Fatal Error] :1:1: Premature end of file.
2025-12-13 15:51:13,141 [ERROR] LogOutputStream:75 - [STDERR_REDIRECT] 
2025-12-13 15:51:14,144 [ERROR] LogOutputStream:75 - [STDERR_REDIRECT] [Fatal Error] :1:1: Premature end of file.
2025-12-13 15:51:14,144 [ERROR] LogOutputStream:75 - [STDERR_REDIRECT] 
2025-12-13 15:51:15,138 [ERROR] LogOutputStream:75 - [STDERR_REDIRECT] [Fatal Error] :1:1: Premature end of file.
2025-12-13 15:51:15,138 [ERROR] LogOutputStream:75 - [STDERR_REDIRECT] 
2025-12-13 15:51:16,148 [ERROR] LogOutputStream:75 - [STDERR_REDIRECT] [Fatal Error] :1:1: Premature end of file.
2025-12-13 15:51:16,148 [ERROR] LogOutputStream:75 - [STDERR_REDIRECT] 
2025-12-13 15:51:17,137 [ERROR] LogOutputStream:75 - [STDERR_REDIRECT] [Fatal Error] :1:1: Premature end of file.
2025-12-13 15:51:17,137 [ERROR] LogOutputStream:75 - [STDERR_REDIRECT] 
2025-12-13 15:51:18,138 [ERROR] LogOutputStream:75 - [STDERR_REDIRECT] [Fatal Error] :1:1: Premature end of file.
2025-12-13 15:51:18,138 [ERROR] LogOutputStream:75 - [STDERR_REDIRECT] 
2025-12-13 15:51:19,140 [ERROR] LogOutputStream:75 - [STDERR_REDIRECT] [Fatal Error] :1:1: Premature end of file.
2025-12-13 15:51:19,140 [ERROR] LogOutputStream:75 - [STDERR_REDIRECT] 
2025-12-13 15:51:20,134 [ERROR] LogOutputStream:75 - [STDERR_REDIRECT] [Fatal Error] :1:1: Premature end of file.
2025-12-13 15:51:20,134 [ERROR] LogOutputStream:75 - [STDERR_REDIRECT] 
2025-12-13 15:51:21,127 [ERROR] LogOutputStream:75 - [STDERR_REDIRECT] [Fatal Error] :1:1: Premature end of file.
2025-12-13 15:51:21,127 [ERROR] LogOutputStream:75 - [STDERR_REDIRECT] 
2025-12-13 15:51:22,137 [ERROR] LogOutputStream:75 - [STDERR_REDIRECT] [Fatal Error] :1:1: Premature end of file.
2025-12-13 15:51:22,137 [ERROR] LogOutputStream:75 - [STDERR_REDIRECT] 
2025-12-13 15:51:23,121 [ERROR] LogOutputStream:75 - [STDERR_REDIRECT] [Fatal Error] :1:1: Premature end of file.
2025-12-13 15:51:23,121 [ERROR] LogOutputStream:75 - [STDERR_REDIRECT] 
2025-12-13 15:51:24,128 [ERROR] LogOutputStream:75 - [STDERR_REDIRECT] [Fatal Error] :1:1: Premature end of file.
2025-12-13 15:51:24,128 [ERROR] LogOutputStream:75 - [STDERR_REDIRECT] 
2025-12-13 15:51:25,141 [ERROR] LogOutputStream:75 - [STDERR_REDIRECT] [Fatal Error] :1:1: Premature end of file.
2025-12-13 15:51:25,141 [ERROR] LogOutputStream:75 - [STDERR_REDIRECT] 
2025-12-13 15:51:26,151 [ERROR] LogOutputStream:75 - [STDERR_REDIRECT] [Fatal Error] :1:1: Premature end of file.
2025-12-13 15:51:26,151 [ERROR] LogOutputStream:75 - [STDERR_REDIRECT] 
2025-12-13 15:51:27,125 [ERROR] LogOutputStream:75 - [STDERR_REDIRECT] [Fatal Error] :1:1: Premature end of file.
2025-12-13 15:51:27,125 [ERROR] LogOutputStream:75 - [STDERR_REDIRECT] 
2025-12-13 15:51:28,134 [ERROR] LogOutputStream:75 - [STDERR_REDIRECT] [Fatal Error] :1:1: Premature end of file.
2025-12-13 15:51:28,134 [ERROR] LogOutputStream:75 - [STDERR_REDIRECT] 
2025-12-13 15:51:29,125 [ERROR] LogOutputStream:75 - [STDERR_REDIRECT] [Fatal Error] :1:1: Premature end of file.
2025-12-13 15:51:29,125 [ERROR] LogOutputStream:75 - [STDERR_REDIRECT] 
2025-12-13 15:51:30,134 [ERROR] LogOutputStream:75 - [STDERR_REDIRECT] [Fatal Error] :1:1: Premature end of file.
2025-12-13 15:51:30,134 [ERROR] LogOutputStream:75 - [STDERR_REDIRECT] 
2025-12-13 15:51:31,138 [ERROR] LogOutputStream:75 - [STDERR_REDIRECT] [Fatal Error] :1:1: Premature end of file.
2025-12-13 15:51:31,138 [ERROR] LogOutputStream:75 - [STDERR_REDIRECT] 
2025-12-13 15:51:32,132 [ERROR] LogOutputStream:75 - [STDERR_REDIRECT] [Fatal Error] :1:1: Premature end of file.
2025-12-13 15:51:32,132 [ERROR] LogOutputStream:75 - [STDERR_REDIRECT] 
2025-12-13 15:51:33,120 [ERROR] LogOutputStream:75 - [STDERR_REDIRECT] [Fatal Error] :1:1: Premature end of file.
2025-12-13 15:51:33,120 [ERROR] LogOutputStream:75 - [STDERR_REDIRECT] 
2025-12-13 15:51:34,132 [ERROR] LogOutputStream:75 - [STDERR_REDIRECT] [Fatal Error] :1:1: Premature end of file.
2025-12-13 15:51:34,132 [ERROR] LogOutputStream:75 - [STDERR_REDIRECT] 
2025-12-13 15:51:35,131 [ERROR] LogOutputStream:75 - [STDERR_REDIRECT] [Fatal Error] :1:1: Premature end of file.
2025-12-13 15:51:35,131 [ERROR] LogOutputStream:75 - [STDERR_REDIRECT] 
2025-12-13 15:51:36,133 [ERROR] LogOutputStream:75 - [STDERR_REDIRECT] [Fatal Error] :1:1: Premature end of file.
2025-12-13 15:51:36,133 [ERROR] LogOutputStream:75 - [STDERR_REDIRECT] 
2025-12-13 15:51:37,138 [ERROR] LogOutputStream:75 - [STDERR_REDIRECT] [Fatal Error] :1:1: Premature end of file.
2025-12-13 15:51:37,138 [ERROR] LogOutputStream:75 - [STDERR_REDIRECT] 
2025-12-13 15:51:38,154 [ERROR] LogOutputStream:75 - [STDERR_REDIRECT] [Fatal Error] :1:1: Premature end of file.
2025-12-13 15:51:38,154 [ERROR] LogOutputStream:75 - [STDERR_REDIRECT] 
2025-12-13 15:51:39,122 [ERROR] LogOutputStream:75 - [STDERR_REDIRECT] [Fatal Error] :1:1: Premature end of file.
2025-12-13 15:51:39,122 [ERROR] LogOutputStream:75 - [STDERR_REDIRECT] 
2025-12-13 15:51:40,133 [ERROR] LogOutputStream:75 - [STDERR_REDIRECT] [Fatal Error] :1:1: Premature end of file.
2025-12-13 15:51:40,133 [ERROR] LogOutputStream:75 - [STDERR_REDIRECT] 
2025-12-13 15:51:41,136 [ERROR] LogOutputStream:75 - [STDERR_REDIRECT] [Fatal Error] :1:1: Premature end of file.
2025-12-13 15:51:41,136 [ERROR] LogOutputStream:75 - [STDERR_REDIRECT] 
2025-12-13 15:51:42,131 [ERROR] LogOutputStream:75 - [STDERR_REDIRECT] [Fatal Error] :1:1: Premature end of file.
2025-12-13 15:51:42,131 [ERROR] LogOutputStream:75 - [STDERR_REDIRECT] 
2025-12-13 15:51:43,143 [ERROR] LogOutputStream:75 - [STDERR_REDIRECT] [Fatal Error] :1:1: Premature end of file.
2025-12-13 15:51:43,143 [ERROR] LogOutputStream:75 - [STDERR_REDIRECT] 
2025-12-13 15:51:44,129 [ERROR] LogOutputStream:75 - [STDERR_REDIRECT] [Fatal Error] :1:1: Premature end of file.
2025-12-13 15:51:44,129 [ERROR] LogOutputStream:75 - [STDERR_REDIRECT] 
2025-12-13 15:51:45,135 [ERROR] LogOutputStream:75 - [STDERR_REDIRECT] [Fatal Error] :1:1: Premature end of file.
2025-12-13 15:51:45,135 [ERROR] LogOutputStream:75 - [STDERR_REDIRECT] 
2025-12-13 15:51:46,126 [ERROR] LogOutputStream:75 - [STDERR_REDIRECT] [Fatal Error] :1:1: Premature end of file.
2025-12-13 15:51:46,126 [ERROR] LogOutputStream:75 - [STDERR_REDIRECT] 
2025-12-13 15:51:47,147 [ERROR] LogOutputStream:75 - [STDERR_REDIRECT] [Fatal Error] :1:1: Premature end of file.
2025-12-13 15:51:47,147 [ERROR] LogOutputStream:75 - [STDERR_REDIRECT] 
2025-12-13 15:51:48,141 [ERROR] LogOutputStream:75 - [STDERR_REDIRECT] [Fatal Error] :1:1: Premature end of file.
2025-12-13 15:51:48,141 [ERROR] LogOutputStream:75 - [STDERR_REDIRECT] 
2025-12-13 15:51:49,125 [ERROR] LogOutputStream:75 - [STDERR_REDIRECT] [Fatal Error] :1:1: Premature end of file.
2025-12-13 15:51:49,125 [ERROR] LogOutputStream:75 - [STDERR_REDIRECT] 
2025-12-13 15:51:50,131 [ERROR] LogOutputStream:75 - [STDERR_REDIRECT] [Fatal Error] :1:1: Premature end of file.
2025-12-13 15:51:50,131 [ERROR] LogOutputStream:75 - [STDERR_REDIRECT] 
2025-12-13 15:51:51,138 [ERROR] LogOutputStream:75 - [STDERR_REDIRECT] [Fatal Error] :1:1: Premature end of file.
2025-12-13 15:51:51,138 [ERROR] LogOutputStream:75 - [STDERR_REDIRECT] 
2025-12-13 15:51:52,136 [ERROR] LogOutputStream:75 - [STDERR_REDIRECT] [Fatal Error] :1:1: Premature end of file.
2025-12-13 15:51:52,136 [ERROR] LogOutputStream:75 - [STDERR_REDIRECT] 
2025-12-13 15:51:53,126 [ERROR] LogOutputStream:75 - [STDERR_REDIRECT] [Fatal Error] :1:1: Premature end of file.
2025-12-13 15:51:53,126 [ERROR] LogOutputStream:75 - [STDERR_REDIRECT] 
2025-12-13 15:51:54,134 [ERROR] LogOutputStream:75 - [STDERR_REDIRECT] [Fatal Error] :1:1: Premature end of file.
2025-12-13 15:51:54,136 [ERROR] LogOutputStream:75 - [STDERR_REDIRECT] 
2025-12-13 15:51:55,139 [ERROR] LogOutputStream:75 - [STDERR_REDIRECT] [Fatal Error] :1:1: Premature end of file.
2025-12-13 15:51:55,139 [ERROR] LogOutputStream:75 - [STDERR_REDIRECT] 
2025-12-13 15:51:56,145 [ERROR] LogOutputStream:75 - [STDERR_REDIRECT] [Fatal Error] :1:1: Premature end of file.
2025-12-13 15:51:56,145 [ERROR] LogOutputStream:75 - [STDERR_REDIRECT] 
2025-12-13 15:51:57,129 [ERROR] LogOutputStream:75 - [STDERR_REDIRECT] [Fatal Error] :1:1: Premature end of file.
2025-12-13 15:51:57,129 [ERROR] LogOutputStream:75 - [STDERR_REDIRECT] 
2025-12-13 15:51:58,122 [ERROR] LogOutputStream:75 - [STDERR_REDIRECT] [Fatal Error] :1:1: Premature end of file.
2025-12-13 15:51:58,122 [ERROR] LogOutputStream:75 - [STDERR_REDIRECT] 
2025-12-13 15:51:59,152 [ERROR] LogOutputStream:75 - [STDERR_REDIRECT] [Fatal Error] :1:1: Premature end of file.
2025-12-13 15:51:59,152 [ERROR] LogOutputStream:75 - [STDERR_REDIRECT] 
2025-12-13 15:52:00,131 [ERROR] LogOutputStream:75 - [STDERR_REDIRECT] [Fatal Error] :1:1: Premature end of file.
2025-12-13 15:52:00,131 [ERROR] LogOutputStream:75 - [STDERR_REDIRECT] 
2025-12-13 15:52:01,139 [ERROR] LogOutputStream:75 - [STDERR_REDIRECT] [Fatal Error] :1:1: Premature end of file.
2025-12-13 15:52:01,139 [ERROR] LogOutputStream:75 - [STDERR_REDIRECT] 
2025-12-13 15:52:02,147 [ERROR] LogOutputStream:75 - [STDERR_REDIRECT] [Fatal Error] :1:1: Premature end of file.
2025-12-13 15:52:02,147 [ERROR] LogOutputStream:75 - [STDERR_REDIRECT] 
2025-12-13 15:52:03,138 [ERROR] LogOutputStream:75 - [STDERR_REDIRECT] [Fatal Error] :1:1: Premature end of file.
2025-12-13 15:52:03,138 [ERROR] LogOutputStream:75 - [STDERR_REDIRECT] 
2025-12-13 15:52:04,158 [ERROR] LogOutputStream:75 - [STDERR_REDIRECT] [Fatal Error] :1:1: Premature end of file.
2025-12-13 15:52:04,158 [ERROR] LogOutputStream:75 - [STDERR_REDIRECT] 
2025-12-13 15:52:05,146 [ERROR] LogOutputStream:75 - [STDERR_REDIRECT] [Fatal Error] :1:1: Premature end of file.
2025-12-13 15:52:05,146 [ERROR] LogOutputStream:75 - [STDERR_REDIRECT] 
2025-12-13 15:52:06,136 [ERROR] LogOutputStream:75 - [STDERR_REDIRECT] [Fatal Error] :1:1: Premature end of file.
2025-12-13 15:52:06,136 [ERROR] LogOutputStream:75 - [STDERR_REDIRECT] 
2025-12-13 15:52:07,141 [ERROR] LogOutputStream:75 - [STDERR_REDIRECT] [Fatal Error] :1:1: Premature end of file.
2025-12-13 15:52:07,143 [ERROR] LogOutputStream:75 - [STDERR_REDIRECT] 
2025-12-13 15:52:08,147 [ERROR] LogOutputStream:75 - [STDERR_REDIRECT] [Fatal Error] :1:1: Premature end of file.
2025-12-13 15:52:08,147 [ERROR] LogOutputStream:75 - [STDERR_REDIRECT] 
2025-12-13 15:52:09,124 [ERROR] LogOutputStream:75 - [STDERR_REDIRECT] [Fatal Error] :1:1: Premature end of file.
2025-12-13 15:52:09,124 [ERROR] LogOutputStream:75 - [STDERR_REDIRECT] 
2025-12-13 15:52:10,119 [ERROR] LogOutputStream:75 - [STDERR_REDIRECT] [Fatal Error] :1:1: Premature end of file.
2025-12-13 15:52:10,119 [ERROR] LogOutputStream:75 - [STDERR_REDIRECT] 
2025-12-13 15:52:11,134 [ERROR] LogOutputStream:75 - [STDERR_REDIRECT] [Fatal Error] :1:1: Premature end of file.
2025-12-13 15:52:11,134 [ERROR] LogOutputStream:75 - [STDERR_REDIRECT] 
2025-12-13 15:52:12,120 [ERROR] LogOutputStream:75 - [STDERR_REDIRECT] [Fatal Error] :1:1: Premature end of file.
2025-12-13 15:52:12,120 [ERROR] LogOutputStream:75 - [STDERR_REDIRECT] 
2025-12-13 15:52:13,138 [ERROR] LogOutputStream:75 - [STDERR_REDIRECT] [Fatal Error] :1:1: Premature end of file.
2025-12-13 15:52:13,138 [ERROR] LogOutputStream:75 - [STDERR_REDIRECT] 
2025-12-13 15:52:14,130 [ERROR] LogOutputStream:75 - [STDERR_REDIRECT] [Fatal Error] :1:1: Premature end of file.
2025-12-13 15:52:14,130 [ERROR] LogOutputStream:75 - [STDERR_REDIRECT] 
2025-12-13 15:52:15,133 [ERROR] LogOutputStream:75 - [STDERR_REDIRECT] [Fatal Error] :1:1: Premature end of file.
2025-12-13 15:52:15,133 [ERROR] LogOutputStream:75 - [STDERR_REDIRECT] 
2025-12-13 15:52:16,144 [ERROR] LogOutputStream:75 - [STDERR_REDIRECT] [Fatal Error] :1:1: Premature end of file.
2025-12-13 15:52:16,144 [ERROR] LogOutputStream:75 - [STDERR_REDIRECT] 
2025-12-13 15:52:17,130 [ERROR] LogOutputStream:75 - [STDERR_REDIRECT] [Fatal Error] :1:1: Premature end of file.
2025-12-13 15:52:17,130 [ERROR] LogOutputStream:75 - [STDERR_REDIRECT] 
2025-12-13 15:52:18,133 [ERROR] LogOutputStream:75 - [STDERR_REDIRECT] [Fatal Error] :1:1: Premature end of file.
2025-12-13 15:52:18,140 [ERROR] LogOutputStream:75 - [STDERR_REDIRECT] 
2025-12-13 15:52:19,141 [ERROR] LogOutputStream:75 - [STDERR_REDIRECT] [Fatal Error] :1:1: Premature end of file.
2025-12-13 15:52:19,141 [ERROR] LogOutputStream:75 - [STDERR_REDIRECT] 
2025-12-13 15:52:20,134 [ERROR] LogOutputStream:75 - [STDERR_REDIRECT] [Fatal Error] :1:1: Premature end of file.
2025-12-13 15:52:20,134 [ERROR] LogOutputStream:75 - [STDERR_REDIRECT] 
2025-12-13 15:52:21,132 [ERROR] LogOutputStream:75 - [STDERR_REDIRECT] [Fatal Error] :1:1: Premature end of file.
2025-12-13 15:52:21,132 [ERROR] LogOutputStream:75 - [STDERR_REDIRECT] 
2025-12-13 15:52:22,141 [ERROR] LogOutputStream:75 - [STDERR_REDIRECT] [Fatal Error] :1:1: Premature end of file.
2025-12-13 15:52:22,143 [ERROR] LogOutputStream:75 - [STDERR_REDIRECT] 
2025-12-13 15:52:23,129 [ERROR] LogOutputStream:75 - [STDERR_REDIRECT] [Fatal Error] :1:1: Premature end of file.
2025-12-13 15:52:23,129 [ERROR] LogOutputStream:75 - [STDERR_REDIRECT] 
2025-12-13 15:52:24,118 [ERROR] LogOutputStream:75 - [STDERR_REDIRECT] [Fatal Error] :1:1: Premature end of file.
2025-12-13 15:52:24,118 [ERROR] LogOutputStream:75 - [STDERR_REDIRECT] 
2025-12-13 15:52:25,129 [ERROR] LogOutputStream:75 - [STDERR_REDIRECT] [Fatal Error] :1:1: Premature end of file.
2025-12-13 15:52:25,129 [ERROR] LogOutputStream:75 - [STDERR_REDIRECT] 
2025-12-13 15:52:26,137 [ERROR] LogOutputStream:75 - [STDERR_REDIRECT] [Fatal Error] :1:1: Premature end of file.
2025-12-13 15:52:26,141 [ERROR] LogOutputStream:75 - [STDERR_REDIRECT] 
2025-12-13 15:52:27,128 [ERROR] LogOutputStream:75 - [STDERR_REDIRECT] [Fatal Error] :1:1: Premature end of file.
2025-12-13 15:52:27,128 [ERROR] LogOutputStream:75 - [STDERR_REDIRECT] 
2025-12-13 15:52:28,143 [ERROR] LogOutputStream:75 - [STDERR_REDIRECT] [Fatal Error] :1:1: Premature end of file.
2025-12-13 15:52:28,143 [ERROR] LogOutputStream:75 - [STDERR_REDIRECT] 
2025-12-13 15:52:29,134 [ERROR] LogOutputStream:75 - [STDERR_REDIRECT] [Fatal Error] :1:1: Premature end of file.
2025-12-13 15:52:29,147 [ERROR] LogOutputStream:75 - [STDERR_REDIRECT] 
2025-12-13 15:52:30,131 [ERROR] LogOutputStream:75 - [STDERR_REDIRECT] [Fatal Error] :1:1: Premature end of file.
2025-12-13 15:52:30,131 [ERROR] LogOutputStream:75 - [STDERR_REDIRECT] 
2025-12-13 15:52:31,139 [ERROR] LogOutputStream:75 - [STDERR_REDIRECT] [Fatal Error] :1:1: Premature end of file.
2025-12-13 15:52:31,139 [ERROR] LogOutputStream:75 - [STDERR_REDIRECT] 
2025-12-13 15:52:32,147 [ERROR] LogOutputStream:75 - [STDERR_REDIRECT] [Fatal Error] :1:1: Premature end of file.
2025-12-13 15:52:32,147 [ERROR] LogOutputStream:75 - [STDERR_REDIRECT] 
2025-12-13 15:52:33,125 [ERROR] LogOutputStream:75 - [STDERR_REDIRECT] [Fatal Error] :1:1: Premature end of file.
2025-12-13 15:52:33,125 [ERROR] LogOutputStream:75 - [STDERR_REDIRECT] 
2025-12-13 15:52:34,130 [ERROR] LogOutputStream:75 - [STDERR_REDIRECT] [Fatal Error] :1:1: Premature end of file.
2025-12-13 15:52:34,130 [ERROR] LogOutputStream:75 - [STDERR_REDIRECT] 
2025-12-13 15:52:35,144 [ERROR] LogOutputStream:75 - [STDERR_REDIRECT] [Fatal Error] :1:1: Premature end of file.
2025-12-13 15:52:35,144 [ERROR] LogOutputStream:75 - [STDERR_REDIRECT] 
2025-12-13 15:52:36,129 [ERROR] LogOutputStream:75 - [STDERR_REDIRECT] [Fatal Error] :1:1: Premature end of file.
2025-12-13 15:52:36,129 [ERROR] LogOutputStream:75 - [STDERR_REDIRECT] 
2025-12-13 15:52:37,137 [ERROR] LogOutputStream:75 - [STDERR_REDIRECT] [Fatal Error] :1:1: Premature end of file.
2025-12-13 15:52:37,137 [ERROR] LogOutputStream:75 - [STDERR_REDIRECT] 
2025-12-13 15:52:38,134 [ERROR] LogOutputStream:75 - [STDERR_REDIRECT] [Fatal Error] :1:1: Premature end of file.
2025-12-13 15:52:38,134 [ERROR] LogOutputStream:75 - [STDERR_REDIRECT] 
2025-12-13 15:52:39,143 [ERROR] LogOutputStream:75 - [STDERR_REDIRECT] [Fatal Error] :1:1: Premature end of file.
2025-12-13 15:52:39,143 [ERROR] LogOutputStream:75 - [STDERR_REDIRECT] 
2025-12-13 15:52:40,132 [ERROR] LogOutputStream:75 - [STDERR_REDIRECT] [Fatal Error] :1:1: Premature end of file.
2025-12-13 15:52:40,132 [ERROR] LogOutputStream:75 - [STDERR_REDIRECT] 
2025-12-13 15:52:41,145 [ERROR] LogOutputStream:75 - [STDERR_REDIRECT] [Fatal Error] :1:1: Premature end of file.
2025-12-13 15:52:41,145 [ERROR] LogOutputStream:75 - [STDERR_REDIRECT] 
2025-12-13 15:52:42,140 [ERROR] LogOutputStream:75 - [STDERR_REDIRECT] [Fatal Error] :1:1: Premature end of file.
2025-12-13 15:52:42,140 [ERROR] LogOutputStream:75 - [STDERR_REDIRECT] 
2025-12-13 15:52:43,139 [ERROR] LogOutputStream:75 - [STDERR_REDIRECT] [Fatal Error] :1:1: Premature end of file.
2025-12-13 15:52:43,139 [ERROR] LogOutputStream:75 - [STDERR_REDIRECT] 
2025-12-13 15:52:44,129 [ERROR] LogOutputStream:75 - [STDERR_REDIRECT] [Fatal Error] :1:1: Premature end of file.
2025-12-13 15:52:44,129 [ERROR] LogOutputStream:75 - [STDERR_REDIRECT] 
2025-12-13 15:52:45,140 [ERROR] LogOutputStream:75 - [STDERR_REDIRECT] [Fatal Error] :1:1: Premature end of file.
2025-12-13 15:52:45,140 [ERROR] LogOutputStream:75 - [STDERR_REDIRECT] 
2025-12-13 15:52:46,149 [ERROR] LogOutputStream:75 - [STDERR_REDIRECT] [Fatal Error] :1:1: Premature end of file.
2025-12-13 15:52:46,149 [ERROR] LogOutputStream:75 - [STDERR_REDIRECT] 
2025-12-13 15:52:47,122 [ERROR] LogOutputStream:75 - [STDERR_REDIRECT] [Fatal Error] :1:1: Premature end of file.
2025-12-13 15:52:47,122 [ERROR] LogOutputStream:75 - [STDERR_REDIRECT] 
2025-12-13 15:52:48,143 [ERROR] LogOutputStream:75 - [STDERR_REDIRECT] [Fatal Error] :1:1: Premature end of file.
2025-12-13 15:52:48,143 [ERROR] LogOutputStream:75 - [STDERR_REDIRECT] 
2025-12-13 15:52:49,132 [ERROR] LogOutputStream:75 - [STDERR_REDIRECT] [Fatal Error] :1:1: Premature end of file.
2025-12-13 15:52:49,132 [ERROR] LogOutputStream:75 - [STDERR_REDIRECT] 
2025-12-13 15:52:50,125 [ERROR] LogOutputStream:75 - [STDERR_REDIRECT] [Fatal Error] :1:1: Premature end of file.
2025-12-13 15:52:50,125 [ERROR] LogOutputStream:75 - [STDERR_REDIRECT] 
2025-12-13 15:52:51,136 [ERROR] LogOutputStream:75 - [STDERR_REDIRECT] [Fatal Error] :1:1: Premature end of file.
2025-12-13 15:52:51,136 [ERROR] LogOutputStream:75 - [STDERR_REDIRECT] 
2025-12-13 15:52:52,126 [ERROR] LogOutputStream:75 - [STDERR_REDIRECT] [Fatal Error] :1:1: Premature end of file.
2025-12-13 15:52:52,137 [ERROR] LogOutputStream:75 - [STDERR_REDIRECT] 
2025-12-13 15:52:53,135 [ERROR] LogOutputStream:75 - [STDERR_REDIRECT] [Fatal Error] :1:1: Premature end of file.
2025-12-13 15:52:53,135 [ERROR] LogOutputStream:75 - [STDERR_REDIRECT] 
2025-12-13 15:52:54,141 [ERROR] LogOutputStream:75 - [STDERR_REDIRECT] [Fatal Error] :1:1: Premature end of file.
2025-12-13 15:52:54,141 [ERROR] LogOutputStream:75 - [STDERR_REDIRECT] 
2025-12-13 15:52:55,123 [ERROR] LogOutputStream:75 - [STDERR_REDIRECT] [Fatal Error] :1:1: Premature end of file.
2025-12-13 15:52:55,132 [ERROR] LogOutputStream:75 - [STDERR_REDIRECT] 
2025-12-13 15:52:56,137 [ERROR] LogOutputStream:75 - [STDERR_REDIRECT] [Fatal Error] :1:1: Premature end of file.
2025-12-13 15:52:56,137 [ERROR] LogOutputStream:75 - [STDERR_REDIRECT] 
2025-12-13 15:52:57,150 [ERROR] LogOutputStream:75 - [STDERR_REDIRECT] [Fatal Error] :1:1: Premature end of file.
2025-12-13 15:52:57,150 [ERROR] LogOutputStream:75 - [STDERR_REDIRECT] 
2025-12-13 15:52:58,149 [ERROR] LogOutputStream:75 - [STDERR_REDIRECT] [Fatal Error] :1:1: Premature end of file.
2025-12-13 15:52:58,149 [ERROR] LogOutputStream:75 - [STDERR_REDIRECT] 
2025-12-13 15:52:59,133 [ERROR] LogOutputStream:75 - [STDERR_REDIRECT] [Fatal Error] :1:1: Premature end of file.
2025-12-13 15:52:59,133 [ERROR] LogOutputStream:75 - [STDERR_REDIRECT] 
2025-12-13 15:53:00,136 [ERROR] LogOutputStream:75 - [STDERR_REDIRECT] [Fatal Error] :1:1: Premature end of file.
2025-12-13 15:53:00,136 [ERROR] LogOutputStream:75 - [STDERR_REDIRECT] 
2025-12-13 15:53:01,150 [ERROR] LogOutputStream:75 - [STDERR_REDIRECT] [Fatal Error] :1:1: Premature end of file.
2025-12-13 15:53:01,150 [ERROR] LogOutputStream:75 - [STDERR_REDIRECT] 
2025-12-13 15:53:02,128 [ERROR] LogOutputStream:75 - [STDERR_REDIRECT] [Fatal Error] :1:1: Premature end of file.
2025-12-13 15:53:02,128 [ERROR] LogOutputStream:75 - [STDERR_REDIRECT] 
2025-12-13 15:53:03,139 [ERROR] LogOutputStream:75 - [STDERR_REDIRECT] [Fatal Error] :1:1: Premature end of file.
2025-12-13 15:53:03,142 [ERROR] LogOutputStream:75 - [STDERR_REDIRECT] 
2025-12-13 15:53:04,144 [ERROR] LogOutputStream:75 - [STDERR_REDIRECT] [Fatal Error] :1:1: Premature end of file.
2025-12-13 15:53:04,144 [ERROR] LogOutputStream:75 - [STDERR_REDIRECT] 
2025-12-13 15:53:05,122 [ERROR] LogOutputStream:75 - [STDERR_REDIRECT] [Fatal Error] :1:1: Premature end of file.
2025-12-13 15:53:05,122 [ERROR] LogOutputStream:75 - [STDERR_REDIRECT] 
2025-12-13 15:53:06,134 [ERROR] LogOutputStream:75 - [STDERR_REDIRECT] [Fatal Error] :1:1: Premature end of file.
2025-12-13 15:53:06,134 [ERROR] LogOutputStream:75 - [STDERR_REDIRECT] 
2025-12-13 15:53:07,131 [ERROR] LogOutputStream:75 - [STDERR_REDIRECT] [Fatal Error] :1:1: Premature end of file.
2025-12-13 15:53:07,131 [ERROR] LogOutputStream:75 - [STDERR_REDIRECT] 
2025-12-13 15:53:08,126 [ERROR] LogOutputStream:75 - [STDERR_REDIRECT] [Fatal Error] :1:1: Premature end of file.
2025-12-13 15:53:08,126 [ERROR] LogOutputStream:75 - [STDERR_REDIRECT] 
2025-12-13 15:53:09,120 [ERROR] LogOutputStream:75 - [STDERR_REDIRECT] [Fatal Error] :1:1: Premature end of file.
2025-12-13 15:53:09,120 [ERROR] LogOutputStream:75 - [STDERR_REDIRECT] 
2025-12-13 15:53:10,137 [ERROR] LogOutputStream:75 - [STDERR_REDIRECT] [Fatal Error] :1:1: Premature end of file.
2025-12-13 15:53:10,137 [ERROR] LogOutputStream:75 - [STDERR_REDIRECT] 
2025-12-13 15:53:11,128 [ERROR] LogOutputStream:75 - [STDERR_REDIRECT] [Fatal Error] :1:1: Premature end of file.
2025-12-13 15:53:11,128 [ERROR] LogOutputStream:75 - [STDERR_REDIRECT] 
2025-12-13 15:53:12,147 [ERROR] LogOutputStream:75 - [STDERR_REDIRECT] [Fatal Error] :1:1: Premature end of file.
2025-12-13 15:53:12,147 [ERROR] LogOutputStream:75 - [STDERR_REDIRECT] 
2025-12-13 15:53:13,124 [ERROR] LogOutputStream:75 - [STDERR_REDIRECT] [Fatal Error] :1:1: Premature end of file.
2025-12-13 15:53:13,132 [ERROR] LogOutputStream:75 - [STDERR_REDIRECT] 
2025-12-13 15:53:14,134 [ERROR] LogOutputStream:75 - [STDERR_REDIRECT] [Fatal Error] :1:1: Premature end of file.
2025-12-13 15:53:14,134 [ERROR] LogOutputStream:75 - [STDERR_REDIRECT] 
2025-12-13 15:53:15,127 [ERROR] LogOutputStream:75 - [STDERR_REDIRECT] [Fatal Error] :1:1: Premature end of file.
2025-12-13 15:53:15,143 [ERROR] LogOutputStream:75 - [STDERR_REDIRECT] 
2025-12-13 15:53:16,125 [ERROR] LogOutputStream:75 - [STDERR_REDIRECT] [Fatal Error] :1:1: Premature end of file.
2025-12-13 15:53:16,125 [ERROR] LogOutputStream:75 - [STDERR_REDIRECT] 
2025-12-13 15:53:17,132 [ERROR] LogOutputStream:75 - [STDERR_REDIRECT] [Fatal Error] :1:1: Premature end of file.
2025-12-13 15:53:17,132 [ERROR] LogOutputStream:75 - [STDERR_REDIRECT] 
2025-12-13 15:53:18,150 [ERROR] LogOutputStream:75 - [STDERR_REDIRECT] [Fatal Error] :1:1: Premature end of file.
2025-12-13 15:53:18,150 [ERROR] LogOutputStream:75 - [STDERR_REDIRECT] 
2025-12-13 15:53:19,126 [ERROR] LogOutputStream:75 - [STDERR_REDIRECT] [Fatal Error] :1:1: Premature end of file.
2025-12-13 15:53:19,126 [ERROR] LogOutputStream:75 - [STDERR_REDIRECT] 
2025-12-13 15:53:20,149 [ERROR] LogOutputStream:75 - [STDERR_REDIRECT] [Fatal Error] :1:1: Premature end of file.
2025-12-13 15:53:20,149 [ERROR] LogOutputStream:75 - [STDERR_REDIRECT] 
2025-12-13 15:53:21,137 [ERROR] LogOutputStream:75 - [STDERR_REDIRECT] [Fatal Error] :1:1: Premature end of file.
2025-12-13 15:53:21,137 [ERROR] LogOutputStream:75 - [STDERR_REDIRECT] 
2025-12-13 15:53:22,148 [ERROR] LogOutputStream:75 - [STDERR_REDIRECT] [Fatal Error] :1:1: Premature end of file.
2025-12-13 15:53:22,148 [ERROR] LogOutputStream:75 - [STDERR_REDIRECT] 
2025-12-13 15:53:23,146 [ERROR] LogOutputStream:75 - [STDERR_REDIRECT] [Fatal Error] :1:1: Premature end of file.
2025-12-13 15:53:23,146 [ERROR] LogOutputStream:75 - [STDERR_REDIRECT] 
2025-12-13 15:53:24,146 [ERROR] LogOutputStream:75 - [STDERR_REDIRECT] [Fatal Error] :1:1: Premature end of file.
2025-12-13 15:53:24,146 [ERROR] LogOutputStream:75 - [STDERR_REDIRECT] 
2025-12-13 15:53:25,118 [ERROR] LogOutputStream:75 - [STDERR_REDIRECT] [Fatal Error] :1:1: Premature end of file.
2025-12-13 15:53:25,128 [ERROR] LogOutputStream:75 - [STDERR_REDIRECT] 
2025-12-13 15:53:26,137 [ERROR] LogOutputStream:75 - [STDERR_REDIRECT] [Fatal Error] :1:1: Premature end of file.
2025-12-13 15:53:26,137 [ERROR] LogOutputStream:75 - [STDERR_REDIRECT] 
2025-12-13 15:53:27,154 [ERROR] LogOutputStream:75 - [STDERR_REDIRECT] [Fatal Error] :1:1: Premature end of file.
2025-12-13 15:53:27,154 [ERROR] LogOutputStream:75 - [STDERR_REDIRECT] 
2025-12-13 15:53:28,131 [ERROR] LogOutputStream:75 - [STDERR_REDIRECT] [Fatal Error] :1:1: Premature end of file.
2025-12-13 15:53:28,131 [ERROR] LogOutputStream:75 - [STDERR_REDIRECT] 
2025-12-13 15:53:29,133 [ERROR] LogOutputStream:75 - [STDERR_REDIRECT] [Fatal Error] :1:1: Premature end of file.
2025-12-13 15:53:29,133 [ERROR] LogOutputStream:75 - [STDERR_REDIRECT] 
2025-12-13 15:53:30,121 [ERROR] LogOutputStream:75 - [STDERR_REDIRECT] [Fatal Error] :1:1: Premature end of file.
2025-12-13 15:53:30,121 [ERROR] LogOutputStream:75 - [STDERR_REDIRECT] 
2025-12-13 15:53:31,132 [ERROR] LogOutputStream:75 - [STDERR_REDIRECT] [Fatal Error] :1:1: Premature end of file.
2025-12-13 15:53:31,132 [ERROR] LogOutputStream:75 - [STDERR_REDIRECT] 
2025-12-13 15:53:32,136 [ERROR] LogOutputStream:75 - [STDERR_REDIRECT] [Fatal Error] :1:1: Premature end of file.
2025-12-13 15:53:32,136 [ERROR] LogOutputStream:75 - [STDERR_REDIRECT] 
2025-12-13 15:53:33,148 [ERROR] LogOutputStream:75 - [STDERR_REDIRECT] [Fatal Error] :1:1: Premature end of file.
2025-12-13 15:53:33,148 [ERROR] LogOutputStream:75 - [STDERR_REDIRECT] 
2025-12-13 15:53:34,141 [ERROR] LogOutputStream:75 - [STDERR_REDIRECT] [Fatal Error] :1:1: Premature end of file.
2025-12-13 15:53:34,141 [ERROR] LogOutputStream:75 - [STDERR_REDIRECT] 
2025-12-13 15:53:35,124 [ERROR] LogOutputStream:75 - [STDERR_REDIRECT] [Fatal Error] :1:1: Premature end of file.
2025-12-13 15:53:35,131 [ERROR] LogOutputStream:75 - [STDERR_REDIRECT] 
2025-12-13 15:53:36,118 [ERROR] LogOutputStream:75 - [STDERR_REDIRECT] [Fatal Error] :1:1: Premature end of file.
2025-12-13 15:53:36,118 [ERROR] LogOutputStream:75 - [STDERR_REDIRECT] 
2025-12-13 15:53:37,147 [ERROR] LogOutputStream:75 - [STDERR_REDIRECT] [Fatal Error] :1:1: Premature end of file.
2025-12-13 15:53:37,147 [ERROR] LogOutputStream:75 - [STDERR_REDIRECT] 
2025-12-13 15:53:38,139 [ERROR] LogOutputStream:75 - [STDERR_REDIRECT] [Fatal Error] :1:1: Premature end of file.
2025-12-13 15:53:38,139 [ERROR] LogOutputStream:75 - [STDERR_REDIRECT] 
2025-12-13 15:53:39,134 [ERROR] LogOutputStream:75 - [STDERR_REDIRECT] [Fatal Error] :1:1: Premature end of file.
2025-12-13 15:53:39,134 [ERROR] LogOutputStream:75 - [STDERR_REDIRECT] 
2025-12-13 15:53:40,129 [ERROR] LogOutputStream:75 - [STDERR_REDIRECT] [Fatal Error] :1:1: Premature end of file.
2025-12-13 15:53:40,129 [ERROR] LogOutputStream:75 - [STDERR_REDIRECT] 
2025-12-13 15:53:41,123 [ERROR] LogOutputStream:75 - [STDERR_REDIRECT] [Fatal Error] :1:1: Premature end of file.
2025-12-13 15:53:41,123 [ERROR] LogOutputStream:75 - [STDERR_REDIRECT] 
2025-12-13 15:53:42,135 [ERROR] LogOutputStream:75 - [STDERR_REDIRECT] [Fatal Error] :1:1: Premature end of file.
2025-12-13 15:53:42,135 [ERROR] LogOutputStream:75 - [STDERR_REDIRECT] 
2025-12-13 15:53:43,130 [ERROR] LogOutputStream:75 - [STDERR_REDIRECT] [Fatal Error] :1:1: Premature end of file.
2025-12-13 15:53:43,130 [ERROR] LogOutputStream:75 - [STDERR_REDIRECT] 
2025-12-13 15:53:44,121 [ERROR] LogOutputStream:75 - [STDERR_REDIRECT] [Fatal Error] :1:1: Premature end of file.
2025-12-13 15:53:44,121 [ERROR] LogOutputStream:75 - [STDERR_REDIRECT] 
2025-12-13 15:53:45,142 [ERROR] LogOutputStream:75 - [STDERR_REDIRECT] [Fatal Error] :1:1: Premature end of file.
2025-12-13 15:53:45,142 [ERROR] LogOutputStream:75 - [STDERR_REDIRECT] 
2025-12-13 15:53:46,127 [ERROR] LogOutputStream:75 - [STDERR_REDIRECT] [Fatal Error] :1:1: Premature end of file.
2025-12-13 15:53:46,140 [ERROR] LogOutputStream:75 - [STDERR_REDIRECT] 
2025-12-13 15:53:47,121 [ERROR] LogOutputStream:75 - [STDERR_REDIRECT] [Fatal Error] :1:1: Premature end of file.
2025-12-13 15:53:47,121 [ERROR] LogOutputStream:75 - [STDERR_REDIRECT] 
2025-12-13 15:53:48,138 [ERROR] LogOutputStream:75 - [STDERR_REDIRECT] [Fatal Error] :1:1: Premature end of file.
2025-12-13 15:53:48,138 [ERROR] LogOutputStream:75 - [STDERR_REDIRECT] 
2025-12-13 15:53:49,123 [ERROR] LogOutputStream:75 - [STDERR_REDIRECT] [Fatal Error] :1:1: Premature end of file.
2025-12-13 15:53:49,123 [ERROR] LogOutputStream:75 - [STDERR_REDIRECT] 
2025-12-13 15:53:50,135 [ERROR] LogOutputStream:75 - [STDERR_REDIRECT] [Fatal Error] :1:1: Premature end of file.
2025-12-13 15:53:50,135 [ERROR] LogOutputStream:75 - [STDERR_REDIRECT] 
2025-12-13 15:53:51,127 [ERROR] LogOutputStream:75 - [STDERR_REDIRECT] [Fatal Error] :1:1: Premature end of file.
2025-12-13 15:53:51,137 [ERROR] LogOutputStream:75 - [STDERR_REDIRECT] 
2025-12-13 15:53:52,138 [ERROR] LogOutputStream:75 - [STDERR_REDIRECT] [Fatal Error] :1:1: Premature end of file.
2025-12-13 15:53:52,138 [ERROR] LogOutputStream:75 - [STDERR_REDIRECT] 
2025-12-13 15:53:53,158 [ERROR] LogOutputStream:75 - [STDERR_REDIRECT] [Fatal Error] :1:1: Premature end of file.
2025-12-13 15:53:53,158 [ERROR] LogOutputStream:75 - [STDERR_REDIRECT] 
2025-12-13 15:53:54,157 [ERROR] LogOutputStream:75 - [STDERR_REDIRECT] [Fatal Error] :1:1: Premature end of file.
2025-12-13 15:53:54,157 [ERROR] LogOutputStream:75 - [STDERR_REDIRECT] 
2025-12-13 15:53:55,118 [ERROR] LogOutputStream:75 - [STDERR_REDIRECT] [Fatal Error] :1:1: Premature end of file.
2025-12-13 15:53:55,118 [ERROR] LogOutputStream:75 - [STDERR_REDIRECT] 
2025-12-13 15:53:56,129 [ERROR] LogOutputStream:75 - [STDERR_REDIRECT] [Fatal Error] :1:1: Premature end of file.
2025-12-13 15:53:56,129 [ERROR] LogOutputStream:75 - [STDERR_REDIRECT] 
2025-12-13 15:53:57,140 [ERROR] LogOutputStream:75 - [STDERR_REDIRECT] [Fatal Error] :1:1: Premature end of file.
2025-12-13 15:53:57,140 [ERROR] LogOutputStream:75 - [STDERR_REDIRECT] 
2025-12-13 15:53:58,134 [ERROR] LogOutputStream:75 - [STDERR_REDIRECT] [Fatal Error] :1:1: Premature end of file.
2025-12-13 15:53:58,134 [ERROR] LogOutputStream:75 - [STDERR_REDIRECT] 
2025-12-13 15:53:59,132 [ERROR] LogOutputStream:75 - [STDERR_REDIRECT] [Fatal Error] :1:1: Premature end of file.
2025-12-13 15:53:59,132 [ERROR] LogOutputStream:75 - [STDERR_REDIRECT] 
2025-12-13 15:54:00,143 [ERROR] LogOutputStream:75 - [STDERR_REDIRECT] [Fatal Error] :1:1: Premature end of file.
2025-12-13 15:54:00,143 [ERROR] LogOutputStream:75 - [STDERR_REDIRECT] 
2025-12-13 15:54:01,127 [ERROR] LogOutputStream:75 - [STDERR_REDIRECT] [Fatal Error] :1:1: Premature end of file.
2025-12-13 15:54:01,130 [ERROR] LogOutputStream:75 - [STDERR_REDIRECT] 
2025-12-13 15:54:02,117 [ERROR] LogOutputStream:75 - [STDERR_REDIRECT] [Fatal Error] :1:1: Premature end of file.
2025-12-13 15:54:02,130 [ERROR] LogOutputStream:75 - [STDERR_REDIRECT] 
2025-12-13 15:54:03,140 [ERROR] LogOutputStream:75 - [STDERR_REDIRECT] [Fatal Error] :1:1: Premature end of file.
2025-12-13 15:54:03,140 [ERROR] LogOutputStream:75 - [STDERR_REDIRECT] 
2025-12-13 15:54:04,152 [ERROR] LogOutputStream:75 - [STDERR_REDIRECT] [Fatal Error] :1:1: Premature end of file.
2025-12-13 15:54:04,152 [ERROR] LogOutputStream:75 - [STDERR_REDIRECT] 
2025-12-13 15:54:05,125 [ERROR] LogOutputStream:75 - [STDERR_REDIRECT] [Fatal Error] :1:1: Premature end of file.
2025-12-13 15:54:05,125 [ERROR] LogOutputStream:75 - [STDERR_REDIRECT] 
2025-12-13 15:54:06,131 [ERROR] LogOutputStream:75 - [STDERR_REDIRECT] [Fatal Error] :1:1: Premature end of file.
2025-12-13 15:54:06,131 [ERROR] LogOutputStream:75 - [STDERR_REDIRECT] 
2025-12-13 15:54:07,130 [ERROR] LogOutputStream:75 - [STDERR_REDIRECT] [Fatal Error] :1:1: Premature end of file.
2025-12-13 15:54:07,142 [ERROR] LogOutputStream:75 - [STDERR_REDIRECT] 
2025-12-13 15:54:08,128 [ERROR] LogOutputStream:75 - [STDERR_REDIRECT] [Fatal Error] :1:1: Premature end of file.
2025-12-13 15:54:08,128 [ERROR] LogOutputStream:75 - [STDERR_REDIRECT] 
2025-12-13 15:54:09,126 [ERROR] LogOutputStream:75 - [STDERR_REDIRECT] [Fatal Error] :1:1: Premature end of file.
2025-12-13 15:54:09,126 [ERROR] LogOutputStream:75 - [STDERR_REDIRECT] 
2025-12-13 15:54:10,129 [ERROR] LogOutputStream:75 - [STDERR_REDIRECT] [Fatal Error] :1:1: Premature end of file.
2025-12-13 15:54:10,129 [ERROR] LogOutputStream:75 - [STDERR_REDIRECT] 
2025-12-13 15:54:11,140 [ERROR] LogOutputStream:75 - [STDERR_REDIRECT] [Fatal Error] :1:1: Premature end of file.
2025-12-13 15:54:11,140 [ERROR] LogOutputStream:75 - [STDERR_REDIRECT] 
2025-12-13 15:54:12,132 [ERROR] LogOutputStream:75 - [STDERR_REDIRECT] [Fatal Error] :1:1: Premature end of file.
2025-12-13 15:54:12,132 [ERROR] LogOutputStream:75 - [STDERR_REDIRECT] 
2025-12-13 15:54:13,118 [ERROR] LogOutputStream:75 - [STDERR_REDIRECT] [Fatal Error] :1:1: Premature end of file.
2025-12-13 15:54:13,118 [ERROR] LogOutputStream:75 - [STDERR_REDIRECT] 
2025-12-13 15:54:14,130 [ERROR] LogOutputStream:75 - [STDERR_REDIRECT] [Fatal Error] :1:1: Premature end of file.
2025-12-13 15:54:14,130 [ERROR] LogOutputStream:75 - [STDERR_REDIRECT] 
2025-12-13 15:54:15,126 [ERROR] LogOutputStream:75 - [STDERR_REDIRECT] [Fatal Error] :1:1: Premature end of file.
2025-12-13 15:54:15,126 [ERROR] LogOutputStream:75 - [STDERR_REDIRECT] 
2025-12-13 15:54:16,128 [ERROR] LogOutputStream:75 - [STDERR_REDIRECT] [Fatal Error] :1:1: Premature end of file.
2025-12-13 15:54:16,128 [ERROR] LogOutputStream:75 - [STDERR_REDIRECT] 
2025-12-13 15:54:17,128 [ERROR] LogOutputStream:75 - [STDERR_REDIRECT] [Fatal Error] :1:1: Premature end of file.
2025-12-13 15:54:17,128 [ERROR] LogOutputStream:75 - [STDERR_REDIRECT] 
2025-12-13 15:54:18,130 [ERROR] LogOutputStream:75 - [STDERR_REDIRECT] [Fatal Error] :1:1: Premature end of file.
2025-12-13 15:54:18,130 [ERROR] LogOutputStream:75 - [STDERR_REDIRECT] 
2025-12-13 15:54:19,143 [ERROR] LogOutputStream:75 - [STDERR_REDIRECT] [Fatal Error] :1:1: Premature end of file.
2025-12-13 15:54:19,143 [ERROR] LogOutputStream:75 - [STDERR_REDIRECT] 
2025-12-13 15:54:20,141 [ERROR] LogOutputStream:75 - [STDERR_REDIRECT] [Fatal Error] :1:1: Premature end of file.
2025-12-13 15:54:20,141 [ERROR] LogOutputStream:75 - [STDERR_REDIRECT] 
2025-12-13 15:54:21,137 [ERROR] LogOutputStream:75 - [STDERR_REDIRECT] [Fatal Error] :1:1: Premature end of file.
2025-12-13 15:54:21,137 [ERROR] LogOutputStream:75 - [STDERR_REDIRECT] 
2025-12-13 15:54:22,140 [ERROR] LogOutputStream:75 - [STDERR_REDIRECT] [Fatal Error] :1:1: Premature end of file.
2025-12-13 15:54:22,140 [ERROR] LogOutputStream:75 - [STDERR_REDIRECT] 
2025-12-13 15:54:23,139 [ERROR] LogOutputStream:75 - [STDERR_REDIRECT] [Fatal Error] :1:1: Premature end of file.
2025-12-13 15:54:23,139 [ERROR] LogOutputStream:75 - [STDERR_REDIRECT] 
2025-12-13 15:54:24,179 [ERROR] LogOutputStream:75 - [STDERR_REDIRECT] [Fatal Error] :1:1: Premature end of file.
2025-12-13 15:54:24,179 [ERROR] LogOutputStream:75 - [STDERR_REDIRECT] 
2025-12-13 15:54:25,124 [ERROR] LogOutputStream:75 - [STDERR_REDIRECT] [Fatal Error] :1:1: Premature end of file.
2025-12-13 15:54:25,124 [ERROR] LogOutputStream:75 - [STDERR_REDIRECT] 
2025-12-13 15:54:26,132 [ERROR] LogOutputStream:75 - [STDERR_REDIRECT] [Fatal Error] :1:1: Premature end of file.
2025-12-13 15:54:26,132 [ERROR] LogOutputStream:75 - [STDERR_REDIRECT] 
2025-12-13 15:54:27,142 [ERROR] LogOutputStream:75 - [STDERR_REDIRECT] [Fatal Error] :1:1: Premature end of file.
2025-12-13 15:54:27,142 [ERROR] LogOutputStream:75 - [STDERR_REDIRECT] 
2025-12-13 15:54:28,126 [ERROR] LogOutputStream:75 - [STDERR_REDIRECT] [Fatal Error] :1:1: Premature end of file.
2025-12-13 15:54:28,126 [ERROR] LogOutputStream:75 - [STDERR_REDIRECT] 
2025-12-13 15:54:29,133 [ERROR] LogOutputStream:75 - [STDERR_REDIRECT] [Fatal Error] :1:1: Premature end of file.
2025-12-13 15:54:29,133 [ERROR] LogOutputStream:75 - [STDERR_REDIRECT] 
2025-12-13 15:54:30,136 [ERROR] LogOutputStream:75 - [STDERR_REDIRECT] [Fatal Error] :1:1: Premature end of file.
2025-12-13 15:54:30,136 [ERROR] LogOutputStream:75 - [STDERR_REDIRECT] 
2025-12-13 15:54:31,138 [ERROR] LogOutputStream:75 - [STDERR_REDIRECT] [Fatal Error] :1:1: Premature end of file.
2025-12-13 15:54:31,138 [ERROR] LogOutputStream:75 - [STDERR_REDIRECT] 
2025-12-13 15:54:32,130 [ERROR] LogOutputStream:75 - [STDERR_REDIRECT] [Fatal Error] :1:1: Premature end of file.
2025-12-13 15:54:32,130 [ERROR] LogOutputStream:75 - [STDERR_REDIRECT] 
2025-12-13 15:54:33,132 [ERROR] LogOutputStream:75 - [STDERR_REDIRECT] [Fatal Error] :1:1: Premature end of file.
2025-12-13 15:54:33,146 [ERROR] LogOutputStream:75 - [STDERR_REDIRECT] 
2025-12-13 15:54:34,133 [ERROR] LogOutputStream:75 - [STDERR_REDIRECT] [Fatal Error] :1:1: Premature end of file.
2025-12-13 15:54:34,133 [ERROR] LogOutputStream:75 - [STDERR_REDIRECT] 
2025-12-13 15:54:35,125 [ERROR] LogOutputStream:75 - [STDERR_REDIRECT] [Fatal Error] :1:1: Premature end of file.
2025-12-13 15:54:35,125 [ERROR] LogOutputStream:75 - [STDERR_REDIRECT] 
2025-12-13 15:54:36,135 [ERROR] LogOutputStream:75 - [STDERR_REDIRECT] [Fatal Error] :1:1: Premature end of file.
2025-12-13 15:54:36,135 [ERROR] LogOutputStream:75 - [STDERR_REDIRECT] 
2025-12-13 15:54:37,147 [ERROR] LogOutputStream:75 - [STDERR_REDIRECT] [Fatal Error] :1:1: Premature end of file.
2025-12-13 15:54:37,147 [ERROR] LogOutputStream:75 - [STDERR_REDIRECT] 
2025-12-13 15:54:38,141 [ERROR] LogOutputStream:75 - [STDERR_REDIRECT] [Fatal Error] :1:1: Premature end of file.
2025-12-13 15:54:38,141 [ERROR] LogOutputStream:75 - [STDERR_REDIRECT] 
2025-12-13 15:54:39,133 [ERROR] LogOutputStream:75 - [STDERR_REDIRECT] [Fatal Error] :1:1: Premature end of file.
2025-12-13 15:54:39,133 [ERROR] LogOutputStream:75 - [STDERR_REDIRECT] 
2025-12-13 15:54:40,148 [ERROR] LogOutputStream:75 - [STDERR_REDIRECT] [Fatal Error] :1:1: Premature end of file.
2025-12-13 15:54:40,148 [ERROR] LogOutputStream:75 - [STDERR_REDIRECT] 
2025-12-13 15:54:41,128 [ERROR] LogOutputStream:75 - [STDERR_REDIRECT] [Fatal Error] :1:1: Premature end of file.
2025-12-13 15:54:41,132 [ERROR] LogOutputStream:75 - [STDERR_REDIRECT] 
2025-12-13 15:54:42,133 [ERROR] LogOutputStream:75 - [STDERR_REDIRECT] [Fatal Error] :1:1: Premature end of file.
2025-12-13 15:54:42,133 [ERROR] LogOutputStream:75 - [STDERR_REDIRECT] 
2025-12-13 15:54:43,135 [ERROR] LogOutputStream:75 - [STDERR_REDIRECT] [Fatal Error] :1:1: Premature end of file.
2025-12-13 15:54:43,135 [ERROR] LogOutputStream:75 - [STDERR_REDIRECT] 
2025-12-13 15:54:44,123 [ERROR] LogOutputStream:75 - [STDERR_REDIRECT] [Fatal Error] :1:1: Premature end of file.
2025-12-13 15:54:44,123 [ERROR] LogOutputStream:75 - [STDERR_REDIRECT] 
2025-12-13 15:54:45,133 [ERROR] LogOutputStream:75 - [STDERR_REDIRECT] [Fatal Error] :1:1: Premature end of file.
2025-12-13 15:54:45,133 [ERROR] LogOutputStream:75 - [STDERR_REDIRECT] 
2025-12-13 15:54:46,129 [ERROR] LogOutputStream:75 - [STDERR_REDIRECT] [Fatal Error] :1:1: Premature end of file.
2025-12-13 15:54:46,129 [ERROR] LogOutputStream:75 - [STDERR_REDIRECT] 
2025-12-13 15:54:47,125 [ERROR] LogOutputStream:75 - [STDERR_REDIRECT] [Fatal Error] :1:1: Premature end of file.
2025-12-13 15:54:47,125 [ERROR] LogOutputStream:75 - [STDERR_REDIRECT] 
2025-12-13 15:54:48,132 [ERROR] LogOutputStream:75 - [STDERR_REDIRECT] [Fatal Error] :1:1: Premature end of file.
2025-12-13 15:54:48,132 [ERROR] LogOutputStream:75 - [STDERR_REDIRECT] 
2025-12-13 15:54:49,134 [ERROR] LogOutputStream:75 - [STDERR_REDIRECT] [Fatal Error] :1:1: Premature end of file.
2025-12-13 15:54:49,136 [ERROR] LogOutputStream:75 - [STDERR_REDIRECT] 
2025-12-13 15:54:50,124 [ERROR] LogOutputStream:75 - [STDERR_REDIRECT] [Fatal Error] :1:1: Premature end of file.
2025-12-13 15:54:50,124 [ERROR] LogOutputStream:75 - [STDERR_REDIRECT] 
2025-12-13 15:54:51,117 [ERROR] LogOutputStream:75 - [STDERR_REDIRECT] [Fatal Error] :1:1: Premature end of file.
2025-12-13 15:54:51,117 [ERROR] LogOutputStream:75 - [STDERR_REDIRECT] 
2025-12-13 15:54:52,145 [ERROR] LogOutputStream:75 - [STDERR_REDIRECT] [Fatal Error] :1:1: Premature end of file.
2025-12-13 15:54:52,145 [ERROR] LogOutputStream:75 - [STDERR_REDIRECT] 
2025-12-13 15:54:53,128 [ERROR] LogOutputStream:75 - [STDERR_REDIRECT] [Fatal Error] :1:1: Premature end of file.
2025-12-13 15:54:53,128 [ERROR] LogOutputStream:75 - [STDERR_REDIRECT] 
2025-12-13 15:54:54,144 [ERROR] LogOutputStream:75 - [STDERR_REDIRECT] [Fatal Error] :1:1: Premature end of file.
2025-12-13 15:54:54,144 [ERROR] LogOutputStream:75 - [STDERR_REDIRECT] 
2025-12-13 15:54:55,133 [ERROR] LogOutputStream:75 - [STDERR_REDIRECT] [Fatal Error] :1:1: Premature end of file.
2025-12-13 15:54:55,133 [ERROR] LogOutputStream:75 - [STDERR_REDIRECT] 
2025-12-13 15:54:56,139 [ERROR] LogOutputStream:75 - [STDERR_REDIRECT] [Fatal Error] :1:1: Premature end of file.
2025-12-13 15:54:56,139 [ERROR] LogOutputStream:75 - [STDERR_REDIRECT] 
2025-12-13 15:54:57,129 [ERROR] LogOutputStream:75 - [STDERR_REDIRECT] [Fatal Error] :1:1: Premature end of file.
2025-12-13 15:54:57,129 [ERROR] LogOutputStream:75 - [STDERR_REDIRECT] 
2025-12-13 15:54:58,128 [ERROR] LogOutputStream:75 - [STDERR_REDIRECT] [Fatal Error] :1:1: Premature end of file.
2025-12-13 15:54:58,128 [ERROR] LogOutputStream:75 - [STDERR_REDIRECT] 
2025-12-13 15:54:59,155 [ERROR] LogOutputStream:75 - [STDERR_REDIRECT] [Fatal Error] :1:1: Premature end of file.
2025-12-13 15:54:59,155 [ERROR] LogOutputStream:75 - [STDERR_REDIRECT] 
2025-12-13 15:55:00,131 [ERROR] LogOutputStream:75 - [STDERR_REDIRECT] [Fatal Error] :1:1: Premature end of file.
2025-12-13 15:55:00,131 [ERROR] LogOutputStream:75 - [STDERR_REDIRECT] 
2025-12-13 15:55:01,133 [ERROR] LogOutputStream:75 - [STDERR_REDIRECT] [Fatal Error] :1:1: Premature end of file.
2025-12-13 15:55:01,133 [ERROR] LogOutputStream:75 - [STDERR_REDIRECT] 
2025-12-13 15:55:02,140 [ERROR] LogOutputStream:75 - [STDERR_REDIRECT] [Fatal Error] :1:1: Premature end of file.
2025-12-13 15:55:02,140 [ERROR] LogOutputStream:75 - [STDERR_REDIRECT] 
2025-12-13 15:55:03,125 [ERROR] LogOutputStream:75 - [STDERR_REDIRECT] [Fatal Error] :1:1: Premature end of file.
2025-12-13 15:55:03,125 [ERROR] LogOutputStream:75 - [STDERR_REDIRECT] 
2025-12-13 15:55:04,128 [ERROR] LogOutputStream:75 - [STDERR_REDIRECT] [Fatal Error] :1:1: Premature end of file.
2025-12-13 15:55:04,128 [ERROR] LogOutputStream:75 - [STDERR_REDIRECT] 
2025-12-13 15:55:05,129 [ERROR] LogOutputStream:75 - [STDERR_REDIRECT] [Fatal Error] :1:1: Premature end of file.
2025-12-13 15:55:05,129 [ERROR] LogOutputStream:75 - [STDERR_REDIRECT] 
2025-12-13 15:55:06,128 [ERROR] LogOutputStream:75 - [STDERR_REDIRECT] [Fatal Error] :1:1: Premature end of file.
2025-12-13 15:55:06,128 [ERROR] LogOutputStream:75 - [STDERR_REDIRECT] 
2025-12-13 15:55:07,129 [ERROR] LogOutputStream:75 - [STDERR_REDIRECT] [Fatal Error] :1:1: Premature end of file.
2025-12-13 15:55:07,129 [ERROR] LogOutputStream:75 - [STDERR_REDIRECT] 
2025-12-13 15:55:08,130 [ERROR] LogOutputStream:75 - [STDERR_REDIRECT] [Fatal Error] :1:1: Premature end of file.
2025-12-13 15:55:08,130 [ERROR] LogOutputStream:75 - [STDERR_REDIRECT] 
2025-12-13 15:55:09,133 [ERROR] LogOutputStream:75 - [STDERR_REDIRECT] [Fatal Error] :1:1: Premature end of file.
2025-12-13 15:55:09,133 [ERROR] LogOutputStream:75 - [STDERR_REDIRECT] 
2025-12-13 15:55:10,157 [ERROR] LogOutputStream:75 - [STDERR_REDIRECT] [Fatal Error] :1:1: Premature end of file.
2025-12-13 15:55:10,157 [ERROR] LogOutputStream:75 - [STDERR_REDIRECT] 
2025-12-13 15:55:11,133 [ERROR] LogOutputStream:75 - [STDERR_REDIRECT] [Fatal Error] :1:1: Premature end of file.
2025-12-13 15:55:11,133 [ERROR] LogOutputStream:75 - [STDERR_REDIRECT] 
2025-12-13 15:55:12,143 [ERROR] LogOutputStream:75 - [STDERR_REDIRECT] [Fatal Error] :1:1: Premature end of file.
2025-12-13 15:55:12,143 [ERROR] LogOutputStream:75 - [STDERR_REDIRECT] 
2025-12-13 15:55:13,127 [ERROR] LogOutputStream:75 - [STDERR_REDIRECT] [Fatal Error] :1:1: Premature end of file.
2025-12-13 15:55:13,127 [ERROR] LogOutputStream:75 - [STDERR_REDIRECT] 
2025-12-13 15:55:14,122 [ERROR] LogOutputStream:75 - [STDERR_REDIRECT] [Fatal Error] :1:1: Premature end of file.
2025-12-13 15:55:14,122 [ERROR] LogOutputStream:75 - [STDERR_REDIRECT] 
2025-12-13 15:55:15,154 [ERROR] LogOutputStream:75 - [STDERR_REDIRECT] [Fatal Error] :1:1: Premature end of file.
2025-12-13 15:55:15,154 [ERROR] LogOutputStream:75 - [STDERR_REDIRECT] 
2025-12-13 15:55:16,137 [ERROR] LogOutputStream:75 - [STDERR_REDIRECT] [Fatal Error] :1:1: Premature end of file.
2025-12-13 15:55:16,137 [ERROR] LogOutputStream:75 - [STDERR_REDIRECT] 
2025-12-13 15:55:17,136 [ERROR] LogOutputStream:75 - [STDERR_REDIRECT] [Fatal Error] :1:1: Premature end of file.
2025-12-13 15:55:17,136 [ERROR] LogOutputStream:75 - [STDERR_REDIRECT] 
2025-12-13 15:55:18,130 [ERROR] LogOutputStream:75 - [STDERR_REDIRECT] [Fatal Error] :1:1: Premature end of file.
2025-12-13 15:55:18,130 [ERROR] LogOutputStream:75 - [STDERR_REDIRECT] 
2025-12-13 15:55:19,142 [ERROR] LogOutputStream:75 - [STDERR_REDIRECT] [Fatal Error] :1:1: Premature end of file.
2025-12-13 15:55:19,142 [ERROR] LogOutputStream:75 - [STDERR_REDIRECT] 
2025-12-13 15:55:20,150 [ERROR] LogOutputStream:75 - [STDERR_REDIRECT] [Fatal Error] :1:1: Premature end of file.
2025-12-13 15:55:20,150 [ERROR] LogOutputStream:75 - [STDERR_REDIRECT] 
2025-12-13 15:55:21,129 [ERROR] LogOutputStream:75 - [STDERR_REDIRECT] [Fatal Error] :1:1: Premature end of file.
2025-12-13 15:55:21,129 [ERROR] LogOutputStream:75 - [STDERR_REDIRECT] 
2025-12-13 15:55:22,133 [ERROR] LogOutputStream:75 - [STDERR_REDIRECT] [Fatal Error] :1:1: Premature end of file.
2025-12-13 15:55:22,135 [ERROR] LogOutputStream:75 - [STDERR_REDIRECT] 
2025-12-13 15:55:23,125 [ERROR] LogOutputStream:75 - [STDERR_REDIRECT] [Fatal Error] :1:1: Premature end of file.
2025-12-13 15:55:23,125 [ERROR] LogOutputStream:75 - [STDERR_REDIRECT] 
2025-12-13 15:55:24,133 [ERROR] LogOutputStream:75 - [STDERR_REDIRECT] [Fatal Error] :1:1: Premature end of file.
2025-12-13 15:55:24,133 [ERROR] LogOutputStream:75 - [STDERR_REDIRECT] 
2025-12-13 15:55:25,126 [ERROR] LogOutputStream:75 - [STDERR_REDIRECT] [Fatal Error] :1:1: Premature end of file.
2025-12-13 15:55:25,126 [ERROR] LogOutputStream:75 - [STDERR_REDIRECT] 
2025-12-13 15:55:26,118 [ERROR] LogOutputStream:75 - [STDERR_REDIRECT] [Fatal Error] :1:1: Premature end of file.
2025-12-13 15:55:26,118 [ERROR] LogOutputStream:75 - [STDERR_REDIRECT] 
2025-12-13 15:55:27,140 [ERROR] LogOutputStream:75 - [STDERR_REDIRECT] [Fatal Error] :1:1: Premature end of file.
2025-12-13 15:55:27,140 [ERROR] LogOutputStream:75 - [STDERR_REDIRECT] 
2025-12-13 15:55:28,157 [ERROR] LogOutputStream:75 - [STDERR_REDIRECT] [Fatal Error] :1:1: Premature end of file.
2025-12-13 15:55:28,157 [ERROR] LogOutputStream:75 - [STDERR_REDIRECT] 
2025-12-13 15:55:29,110 [ERROR] LogOutputStream:75 - [STDERR_REDIRECT] [Fatal Error] :1:1: Premature end of file.
2025-12-13 15:55:29,110 [ERROR] LogOutputStream:75 - [STDERR_REDIRECT] 
2025-12-13 16:00:40,139 [ERROR] LogOutputStream:75 - [STDERR_REDIRECT] [Fatal Error] :1:1: Premature end of file.
2025-12-13 16:00:40,139 [ERROR] LogOutputStream:75 - [STDERR_REDIRECT] 
2025-12-13 16:00:40,243 [ERROR] LogOutputStream:75 - [STDERR_REDIRECT] [Fatal Error] :1:1: Premature end of file.
2025-12-13 16:00:40,243 [ERROR] LogOutputStream:75 - [STDERR_REDIRECT] 
2025-12-13 16:00:40,311 [ERROR] LogOutputStream:75 - [STDERR_REDIRECT] [Fatal Error] :1:1: Premature end of file.
2025-12-13 16:00:40,311 [ERROR] LogOutputStream:75 - [STDERR_REDIRECT] 
2025-12-13 16:00:40,368 [ERROR] LogOutputStream:75 - [STDERR_REDIRECT] [Fatal Error] :1:1: Premature end of file.
2025-12-13 16:00:40,368 [ERROR] LogOutputStream:75 - [STDERR_REDIRECT] 
2025-12-13 16:00:40,417 [ERROR] LogOutputStream:75 - [STDERR_REDIRECT] [Fatal Error] :1:1: Premature end of file.
2025-12-13 16:00:40,417 [ERROR] LogOutputStream:75 - [STDERR_REDIRECT] 
2025-12-13 16:00:40,453 [ERROR] LogOutputStream:75 - [STDERR_REDIRECT] [Fatal Error] :1:1: Premature end of file.
2025-12-13 16:00:40,453 [ERROR] LogOutputStream:75 - [STDERR_REDIRECT] 
2025-12-13 16:00:40,483 [ERROR] LogOutputStream:75 - [STDERR_REDIRECT] [Fatal Error] :1:1: Premature end of file.
2025-12-13 16:00:40,483 [ERROR] LogOutputStream:75 - [STDERR_REDIRECT] 
2025-12-13 16:00:40,504 [ERROR] LogOutputStream:75 - [STDERR_REDIRECT] [Fatal Error] :1:1: Premature end of file.
2025-12-13 16:00:40,504 [ERROR] LogOutputStream:75 - [STDERR_REDIRECT] 
2025-12-13 16:00:40,537 [ERROR] LogOutputStream:75 - [STDERR_REDIRECT] [Fatal Error] :1:1: Premature end of file.
2025-12-13 16:00:40,537 [ERROR] LogOutputStream:75 - [STDERR_REDIRECT] 
2025-12-13 16:00:40,566 [ERROR] LogOutputStream:75 - [STDERR_REDIRECT] [Fatal Error] :1:1: Premature end of file.
2025-12-13 16:00:40,566 [ERROR] LogOutputStream:75 - [STDERR_REDIRECT] 
2025-12-13 16:00:40,596 [ERROR] LogOutputStream:75 - [STDERR_REDIRECT] [Fatal Error] :1:1: Premature end of file.
2025-12-13 16:00:40,596 [ERROR] LogOutputStream:75 - [STDERR_REDIRECT] 
2025-12-13 16:00:40,647 [ERROR] LogOutputStream:75 - [STDERR_REDIRECT] [Fatal Error] :1:1: Premature end of file.
2025-12-13 16:00:40,647 [ERROR] LogOutputStream:75 - [STDERR_REDIRECT] 
2025-12-13 16:00:40,678 [ERROR] LogOutputStream:75 - [STDERR_REDIRECT] [Fatal Error] :1:1: Premature end of file.
2025-12-13 16:00:40,678 [ERROR] LogOutputStream:75 - [STDERR_REDIRECT] 
2025-12-13 16:00:40,712 [ERROR] LogOutputStream:75 - [STDERR_REDIRECT] [Fatal Error] :1:1: Premature end of file.
2025-12-13 16:00:40,712 [ERROR] LogOutputStream:75 - [STDERR_REDIRECT] 
2025-12-13 16:00:40,729 [ERROR] LogOutputStream:75 - [STDERR_REDIRECT] [Fatal Error] :1:1: Premature end of file.
2025-12-13 16:00:40,729 [ERROR] LogOutputStream:75 - [STDERR_REDIRECT] 
2025-12-13 16:00:40,770 [ERROR] LogOutputStream:75 - [STDERR_REDIRECT] [Fatal Error] :1:1: Premature end of file.
2025-12-13 16:00:40,770 [ERROR] LogOutputStream:75 - [STDERR_REDIRECT] 
2025-12-13 16:00:40,790 [ERROR] LogOutputStream:75 - [STDERR_REDIRECT] [Fatal Error] :1:1: Premature end of file.
2025-12-13 16:00:40,790 [ERROR] LogOutputStream:75 - [STDERR_REDIRECT] 
2025-12-13 16:00:40,811 [ERROR] LogOutputStream:75 - [STDERR_REDIRECT] [Fatal Error] :1:1: Premature end of file.
2025-12-13 16:00:40,811 [ERROR] LogOutputStream:75 - [STDERR_REDIRECT] 
2025-12-13 16:00:40,832 [ERROR] LogOutputStream:75 - [STDERR_REDIRECT] [Fatal Error] :1:1: Premature end of file.
2025-12-13 16:00:40,832 [ERROR] LogOutputStream:75 - [STDERR_REDIRECT] 
2025-12-13 16:00:40,853 [ERROR] LogOutputStream:75 - [STDERR_REDIRECT] [Fatal Error] :1:1: Premature end of file.
2025-12-13 16:00:40,853 [ERROR] LogOutputStream:75 - [STDERR_REDIRECT] 
2025-12-13 16:00:40,874 [ERROR] LogOutputStream:75 - [STDERR_REDIRECT] [Fatal Error] :1:1: Premature end of file.
2025-12-13 16:00:40,874 [ERROR] LogOutputStream:75 - [STDERR_REDIRECT] 
2025-12-13 16:00:40,894 [ERROR] LogOutputStream:75 - [STDERR_REDIRECT] [Fatal Error] :1:1: Premature end of file.
2025-12-13 16:00:40,894 [ERROR] LogOutputStream:75 - [STDERR_REDIRECT] 
2025-12-13 16:00:40,916 [ERROR] LogOutputStream:75 - [STDERR_REDIRECT] [Fatal Error] :1:1: Premature end of file.
2025-12-13 16:00:40,916 [ERROR] LogOutputStream:75 - [STDERR_REDIRECT] 
2025-12-13 16:00:40,937 [ERROR] LogOutputStream:75 - [STDERR_REDIRECT] [Fatal Error] :1:1: Premature end of file.
2025-12-13 16:00:40,937 [ERROR] LogOutputStream:75 - [STDERR_REDIRECT] 
2025-12-13 16:00:40,975 [ERROR] LogOutputStream:75 - [STDERR_REDIRECT] [Fatal Error] :1:1: Premature end of file.
2025-12-13 16:00:40,975 [ERROR] LogOutputStream:75 - [STDERR_REDIRECT] 
2025-12-13 16:00:40,995 [ERROR] LogOutputStream:75 - [STDERR_REDIRECT] [Fatal Error] :1:1: Premature end of file.
2025-12-13 16:00:40,995 [ERROR] LogOutputStream:75 - [STDERR_REDIRECT] 
2025-12-13 16:00:41,016 [ERROR] LogOutputStream:75 - [STDERR_REDIRECT] [Fatal Error] :1:1: Premature end of file.
2025-12-13 16:00:41,016 [ERROR] LogOutputStream:75 - [STDERR_REDIRECT] 
2025-12-13 16:00:41,036 [ERROR] LogOutputStream:75 - [STDERR_REDIRECT] [Fatal Error] :1:1: Premature end of file.
2025-12-13 16:00:41,036 [ERROR] LogOutputStream:75 - [STDERR_REDIRECT] 
2025-12-13 16:00:41,057 [ERROR] LogOutputStream:75 - [STDERR_REDIRECT] [Fatal Error] :1:1: Premature end of file.
2025-12-13 16:00:41,057 [ERROR] LogOutputStream:75 - [STDERR_REDIRECT] 
2025-12-13 16:00:41,078 [ERROR] LogOutputStream:75 - [STDERR_REDIRECT] [Fatal Error] :1:1: Premature end of file.
2025-12-13 16:00:41,078 [ERROR] LogOutputStream:75 - [STDERR_REDIRECT] 
2025-12-13 16:00:41,098 [ERROR] LogOutputStream:75 - [STDERR_REDIRECT] [Fatal Error] :1:1: Premature end of file.
2025-12-13 16:00:41,098 [ERROR] LogOutputStream:75 - [STDERR_REDIRECT] 
2025-12-13 16:00:41,118 [ERROR] LogOutputStream:75 - [STDERR_REDIRECT] [Fatal Error] :1:1: Premature end of file.
2025-12-13 16:00:41,118 [ERROR] LogOutputStream:75 - [STDERR_REDIRECT] 
2025-12-13 16:00:41,149 [ERROR] LogOutputStream:75 - [STDERR_REDIRECT] [Fatal Error] :1:1: Premature end of file.
2025-12-13 16:00:41,149 [ERROR] LogOutputStream:75 - [STDERR_REDIRECT] 
2025-12-13 16:00:41,180 [ERROR] LogOutputStream:75 - [STDERR_REDIRECT] [Fatal Error] :1:1: Premature end of file.
2025-12-13 16:00:41,180 [ERROR] LogOutputStream:75 - [STDERR_REDIRECT] 
2025-12-13 16:00:41,202 [ERROR] LogOutputStream:75 - [STDERR_REDIRECT] [Fatal Error] :1:1: Premature end of file.
2025-12-13 16:00:41,202 [ERROR] LogOutputStream:75 - [STDERR_REDIRECT] 
2025-12-13 16:00:41,221 [ERROR] LogOutputStream:75 - [STDERR_REDIRECT] [Fatal Error] :1:1: Premature end of file.
2025-12-13 16:00:41,221 [ERROR] LogOutputStream:75 - [STDERR_REDIRECT] 
2025-12-13 16:00:41,240 [ERROR] LogOutputStream:75 - [STDERR_REDIRECT] [Fatal Error] :1:1: Premature end of file.
2025-12-13 16:00:41,240 [ERROR] LogOutputStream:75 - [STDERR_REDIRECT] 
2025-12-13 16:00:41,282 [ERROR] LogOutputStream:75 - [STDERR_REDIRECT] [Fatal Error] :1:1: Premature end of file.
2025-12-13 16:00:41,282 [ERROR] LogOutputStream:75 - [STDERR_REDIRECT] 
2025-12-13 16:00:41,302 [ERROR] LogOutputStream:75 - [STDERR_REDIRECT] [Fatal Error] :1:1: Premature end of file.
2025-12-13 16:00:41,302 [ERROR] LogOutputStream:75 - [STDERR_REDIRECT] 
2025-12-13 16:00:41,327 [ERROR] LogOutputStream:75 - [STDERR_REDIRECT] [Fatal Error] :1:1: Premature end of file.
2025-12-13 16:00:41,327 [ERROR] LogOutputStream:75 - [STDERR_REDIRECT] 
2025-12-13 16:00:41,355 [ERROR] LogOutputStream:75 - [STDERR_REDIRECT] [Fatal Error] :1:1: Premature end of file.
2025-12-13 16:00:41,356 [ERROR] LogOutputStream:75 - [STDERR_REDIRECT] 
2025-12-13 16:00:41,383 [ERROR] LogOutputStream:75 - [STDERR_REDIRECT] [Fatal Error] :1:1: Premature end of file.
2025-12-13 16:00:41,383 [ERROR] LogOutputStream:75 - [STDERR_REDIRECT] 
2025-12-13 16:00:41,406 [ERROR] LogOutputStream:75 - [STDERR_REDIRECT] [Fatal Error] :1:1: Premature end of file.
2025-12-13 16:00:41,406 [ERROR] LogOutputStream:75 - [STDERR_REDIRECT] 
2025-12-13 16:00:41,424 [ERROR] LogOutputStream:75 - [STDERR_REDIRECT] [Fatal Error] :1:1: Premature end of file.
2025-12-13 16:00:41,424 [ERROR] LogOutputStream:75 - [STDERR_REDIRECT] 
2025-12-13 16:00:41,450 [ERROR] LogOutputStream:75 - [STDERR_REDIRECT] [Fatal Error] :1:1: Premature end of file.
2025-12-13 16:00:41,450 [ERROR] LogOutputStream:75 - [STDERR_REDIRECT] 
2025-12-13 16:00:41,488 [ERROR] LogOutputStream:75 - [STDERR_REDIRECT] [Fatal Error] :1:1: Premature end of file.
2025-12-13 16:00:41,488 [ERROR] LogOutputStream:75 - [STDERR_REDIRECT] 
2025-12-13 16:00:41,506 [ERROR] LogOutputStream:75 - [STDERR_REDIRECT] [Fatal Error] :1:1: Premature end of file.
2025-12-13 16:00:41,506 [ERROR] LogOutputStream:75 - [STDERR_REDIRECT] 
2025-12-13 16:00:41,530 [ERROR] LogOutputStream:75 - [STDERR_REDIRECT] [Fatal Error] :1:1: Premature end of file.
2025-12-13 16:00:41,530 [ERROR] LogOutputStream:75 - [STDERR_REDIRECT] 
2025-12-13 16:00:41,547 [ERROR] LogOutputStream:75 - [STDERR_REDIRECT] [Fatal Error] :1:1: Premature end of file.
2025-12-13 16:00:41,547 [ERROR] LogOutputStream:75 - [STDERR_REDIRECT] 
2025-12-13 16:00:41,589 [ERROR] LogOutputStream:75 - [STDERR_REDIRECT] [Fatal Error] :1:1: Premature end of file.
2025-12-13 16:00:41,589 [ERROR] LogOutputStream:75 - [STDERR_REDIRECT] 
2025-12-13 16:00:41,609 [ERROR] LogOutputStream:75 - [STDERR_REDIRECT] [Fatal Error] :1:1: Premature end of file.
2025-12-13 16:00:41,609 [ERROR] LogOutputStream:75 - [STDERR_REDIRECT] 
2025-12-13 16:00:41,636 [ERROR] LogOutputStream:75 - [STDERR_REDIRECT] [Fatal Error] :1:1: Premature end of file.
2025-12-13 16:00:41,636 [ERROR] LogOutputStream:75 - [STDERR_REDIRECT] 
2025-12-13 16:00:41,659 [ERROR] LogOutputStream:75 - [STDERR_REDIRECT] [Fatal Error] :1:1: Premature end of file.
2025-12-13 16:00:41,659 [ERROR] LogOutputStream:75 - [STDERR_REDIRECT] 
2025-12-13 16:00:41,690 [ERROR] LogOutputStream:75 - [STDERR_REDIRECT] [Fatal Error] :1:1: Premature end of file.
2025-12-13 16:00:41,690 [ERROR] LogOutputStream:75 - [STDERR_REDIRECT] 
2025-12-13 16:00:41,711 [ERROR] LogOutputStream:75 - [STDERR_REDIRECT] [Fatal Error] :1:1: Premature end of file.
2025-12-13 16:00:41,711 [ERROR] LogOutputStream:75 - [STDERR_REDIRECT] 
2025-12-13 16:00:41,731 [ERROR] LogOutputStream:75 - [STDERR_REDIRECT] [Fatal Error] :1:1: Premature end of file.
2025-12-13 16:00:41,731 [ERROR] LogOutputStream:75 - [STDERR_REDIRECT] 
2025-12-13 16:00:41,754 [ERROR] LogOutputStream:75 - [STDERR_REDIRECT] [Fatal Error] :1:1: Premature end of file.
2025-12-13 16:00:41,754 [ERROR] LogOutputStream:75 - [STDERR_REDIRECT] 
2025-12-13 16:00:41,793 [ERROR] LogOutputStream:75 - [STDERR_REDIRECT] [Fatal Error] :1:1: Premature end of file.
2025-12-13 16:00:41,793 [ERROR] LogOutputStream:75 - [STDERR_REDIRECT] 
2025-12-13 16:00:41,813 [ERROR] LogOutputStream:75 - [STDERR_REDIRECT] [Fatal Error] :1:1: Premature end of file.
2025-12-13 16:00:41,813 [ERROR] LogOutputStream:75 - [STDERR_REDIRECT] 
2025-12-13 16:00:41,837 [ERROR] LogOutputStream:75 - [STDERR_REDIRECT] [Fatal Error] :1:1: Premature end of file.
2025-12-13 16:00:41,837 [ERROR] LogOutputStream:75 - [STDERR_REDIRECT] 
2025-12-13 16:00:41,859 [ERROR] LogOutputStream:75 - [STDERR_REDIRECT] [Fatal Error] :1:1: Premature end of file.
2025-12-13 16:00:41,859 [ERROR] LogOutputStream:75 - [STDERR_REDIRECT] 
2025-12-13 16:00:41,897 [ERROR] LogOutputStream:75 - [STDERR_REDIRECT] [Fatal Error] :1:1: Premature end of file.
2025-12-13 16:00:41,897 [ERROR] LogOutputStream:75 - [STDERR_REDIRECT] 
2025-12-13 16:00:41,916 [ERROR] LogOutputStream:75 - [STDERR_REDIRECT] [Fatal Error] :1:1: Premature end of file.
2025-12-13 16:00:41,916 [ERROR] LogOutputStream:75 - [STDERR_REDIRECT] 
2025-12-13 16:00:41,936 [ERROR] LogOutputStream:75 - [STDERR_REDIRECT] [Fatal Error] :1:1: Premature end of file.
2025-12-13 16:00:41,936 [ERROR] LogOutputStream:75 - [STDERR_REDIRECT] 
2025-12-13 16:00:41,956 [ERROR] LogOutputStream:75 - [STDERR_REDIRECT] [Fatal Error] :1:1: Premature end of file.
2025-12-13 16:00:41,956 [ERROR] LogOutputStream:75 - [STDERR_REDIRECT] 
2025-12-13 16:00:41,997 [ERROR] LogOutputStream:75 - [STDERR_REDIRECT] [Fatal Error] :1:1: Premature end of file.
2025-12-13 16:00:41,997 [ERROR] LogOutputStream:75 - [STDERR_REDIRECT] 
2025-12-13 16:00:42,012 [ERROR] LogOutputStream:75 - [STDERR_REDIRECT] [Fatal Error] :1:1: Premature end of file.
2025-12-13 16:00:42,012 [ERROR] LogOutputStream:75 - [STDERR_REDIRECT] 
2025-12-13 16:00:42,037 [ERROR] LogOutputStream:75 - [STDERR_REDIRECT] [Fatal Error] :1:1: Premature end of file.
2025-12-13 16:00:42,037 [ERROR] LogOutputStream:75 - [STDERR_REDIRECT] 
2025-12-13 16:00:42,058 [ERROR] LogOutputStream:75 - [STDERR_REDIRECT] [Fatal Error] :1:1: Premature end of file.
2025-12-13 16:00:42,058 [ERROR] LogOutputStream:75 - [STDERR_REDIRECT] 
2025-12-13 16:00:42,078 [ERROR] LogOutputStream:75 - [STDERR_REDIRECT] [Fatal Error] :1:1: Premature end of file.
2025-12-13 16:00:42,078 [ERROR] LogOutputStream:75 - [STDERR_REDIRECT] 
2025-12-13 16:00:42,098 [ERROR] LogOutputStream:75 - [STDERR_REDIRECT] [Fatal Error] :1:1: Premature end of file.
2025-12-13 16:00:42,098 [ERROR] LogOutputStream:75 - [STDERR_REDIRECT] 
2025-12-13 16:00:42,129 [ERROR] LogOutputStream:75 - [STDERR_REDIRECT] [Fatal Error] :1:1: Premature end of file.
2025-12-13 16:00:42,129 [ERROR] LogOutputStream:75 - [STDERR_REDIRECT] 
2025-12-13 16:00:42,149 [ERROR] LogOutputStream:75 - [STDERR_REDIRECT] [Fatal Error] :1:1: Premature end of file.
2025-12-13 16:00:42,149 [ERROR] LogOutputStream:75 - [STDERR_REDIRECT] 
2025-12-13 16:00:42,176 [ERROR] LogOutputStream:75 - [STDERR_REDIRECT] [Fatal Error] :1:1: Premature end of file.
2025-12-13 16:00:42,176 [ERROR] LogOutputStream:75 - [STDERR_REDIRECT] 
2025-12-13 16:00:42,201 [ERROR] LogOutputStream:75 - [STDERR_REDIRECT] [Fatal Error] :1:1: Premature end of file.
2025-12-13 16:00:42,201 [ERROR] LogOutputStream:75 - [STDERR_REDIRECT] 
2025-12-13 16:00:42,222 [ERROR] LogOutputStream:75 - [STDERR_REDIRECT] [Fatal Error] :1:1: Premature end of file.
2025-12-13 16:00:42,222 [ERROR] LogOutputStream:75 - [STDERR_REDIRECT] 
2025-12-13 16:00:42,242 [ERROR] LogOutputStream:75 - [STDERR_REDIRECT] [Fatal Error] :1:1: Premature end of file.
2025-12-13 16:00:42,242 [ERROR] LogOutputStream:75 - [STDERR_REDIRECT] 
2025-12-13 16:00:42,266 [ERROR] LogOutputStream:75 - [STDERR_REDIRECT] [Fatal Error] :1:1: Premature end of file.
2025-12-13 16:00:42,266 [ERROR] LogOutputStream:75 - [STDERR_REDIRECT] 
2025-12-13 16:00:42,304 [ERROR] LogOutputStream:75 - [STDERR_REDIRECT] [Fatal Error] :1:1: Premature end of file.
2025-12-13 16:00:42,304 [ERROR] LogOutputStream:75 - [STDERR_REDIRECT] 
2025-12-13 16:00:42,324 [ERROR] LogOutputStream:75 - [STDERR_REDIRECT] [Fatal Error] :1:1: Premature end of file.
2025-12-13 16:00:42,324 [ERROR] LogOutputStream:75 - [STDERR_REDIRECT] 
2025-12-13 16:00:42,348 [ERROR] LogOutputStream:75 - [STDERR_REDIRECT] [Fatal Error] :1:1: Premature end of file.
2025-12-13 16:00:42,348 [ERROR] LogOutputStream:75 - [STDERR_REDIRECT] 
2025-12-13 16:00:42,372 [ERROR] LogOutputStream:75 - [STDERR_REDIRECT] [Fatal Error] :1:1: Premature end of file.
2025-12-13 16:00:42,372 [ERROR] LogOutputStream:75 - [STDERR_REDIRECT] 
2025-12-13 16:00:42,408 [ERROR] LogOutputStream:75 - [STDERR_REDIRECT] [Fatal Error] :1:1: Premature end of file.
2025-12-13 16:00:42,408 [ERROR] LogOutputStream:75 - [STDERR_REDIRECT] 
2025-12-13 16:00:42,428 [ERROR] LogOutputStream:75 - [STDERR_REDIRECT] [Fatal Error] :1:1: Premature end of file.
2025-12-13 16:00:42,428 [ERROR] LogOutputStream:75 - [STDERR_REDIRECT] 
2025-12-13 16:00:42,449 [ERROR] LogOutputStream:75 - [STDERR_REDIRECT] [Fatal Error] :1:1: Premature end of file.
2025-12-13 16:00:42,449 [ERROR] LogOutputStream:75 - [STDERR_REDIRECT] 
2025-12-13 16:00:42,469 [ERROR] LogOutputStream:75 - [STDERR_REDIRECT] [Fatal Error] :1:1: Premature end of file.
2025-12-13 16:00:42,469 [ERROR] LogOutputStream:75 - [STDERR_REDIRECT] 
2025-12-13 16:00:42,515 [ERROR] LogOutputStream:75 - [STDERR_REDIRECT] [Fatal Error] :1:1: Premature end of file.
2025-12-13 16:00:42,515 [ERROR] LogOutputStream:75 - [STDERR_REDIRECT] 
2025-12-13 16:00:42,537 [ERROR] LogOutputStream:75 - [STDERR_REDIRECT] [Fatal Error] :1:1: Premature end of file.
2025-12-13 16:00:42,537 [ERROR] LogOutputStream:75 - [STDERR_REDIRECT] 
2025-12-13 16:00:42,558 [ERROR] LogOutputStream:75 - [STDERR_REDIRECT] [Fatal Error] :1:1: Premature end of file.
2025-12-13 16:00:42,558 [ERROR] LogOutputStream:75 - [STDERR_REDIRECT] 
2025-12-13 16:00:42,577 [ERROR] LogOutputStream:75 - [STDERR_REDIRECT] [Fatal Error] :1:1: Premature end of file.
2025-12-13 16:00:42,577 [ERROR] LogOutputStream:75 - [STDERR_REDIRECT] 
2025-12-13 16:00:42,597 [ERROR] LogOutputStream:75 - [STDERR_REDIRECT] [Fatal Error] :1:1: Premature end of file.
2025-12-13 16:00:42,597 [ERROR] LogOutputStream:75 - [STDERR_REDIRECT] 
2025-12-13 16:00:42,618 [ERROR] LogOutputStream:75 - [STDERR_REDIRECT] [Fatal Error] :1:1: Premature end of file.
2025-12-13 16:00:42,618 [ERROR] LogOutputStream:75 - [STDERR_REDIRECT] 
2025-12-13 16:00:42,638 [ERROR] LogOutputStream:75 - [STDERR_REDIRECT] [Fatal Error] :1:1: Premature end of file.
2025-12-13 16:00:42,638 [ERROR] LogOutputStream:75 - [STDERR_REDIRECT] 
2025-12-13 16:00:42,658 [ERROR] LogOutputStream:75 - [STDERR_REDIRECT] [Fatal Error] :1:1: Premature end of file.
2025-12-13 16:00:42,658 [ERROR] LogOutputStream:75 - [STDERR_REDIRECT] 
2025-12-13 16:00:42,672 [ERROR] LogOutputStream:75 - [STDERR_REDIRECT] [Fatal Error] :1:1: Premature end of file.
2025-12-13 16:00:42,672 [ERROR] LogOutputStream:75 - [STDERR_REDIRECT] 
2025-12-13 16:00:42,695 [ERROR] LogOutputStream:75 - [STDERR_REDIRECT] [Fatal Error] :1:1: Premature end of file.
2025-12-13 16:00:42,695 [ERROR] LogOutputStream:75 - [STDERR_REDIRECT] 
2025-12-13 16:00:42,719 [ERROR] LogOutputStream:75 - [STDERR_REDIRECT] [Fatal Error] :1:1: Premature end of file.
2025-12-13 16:00:42,723 [ERROR] LogOutputStream:75 - [STDERR_REDIRECT] 
2025-12-13 16:00:42,757 [ERROR] LogOutputStream:75 - [STDERR_REDIRECT] [Fatal Error] :1:1: Premature end of file.
2025-12-13 16:00:42,757 [ERROR] LogOutputStream:75 - [STDERR_REDIRECT] 
2025-12-13 16:00:42,781 [ERROR] LogOutputStream:75 - [STDERR_REDIRECT] [Fatal Error] :1:1: Premature end of file.
2025-12-13 16:00:42,781 [ERROR] LogOutputStream:75 - [STDERR_REDIRECT] 
2025-12-13 16:00:42,796 [ERROR] LogOutputStream:75 - [STDERR_REDIRECT] [Fatal Error] :1:1: Premature end of file.
2025-12-13 16:00:42,796 [ERROR] LogOutputStream:75 - [STDERR_REDIRECT] 
2025-12-13 16:00:42,822 [ERROR] LogOutputStream:75 - [STDERR_REDIRECT] [Fatal Error] :1:1: Premature end of file.
2025-12-13 16:00:42,822 [ERROR] LogOutputStream:75 - [STDERR_REDIRECT] 
2025-12-13 16:00:42,846 [ERROR] LogOutputStream:75 - [STDERR_REDIRECT] [Fatal Error] :1:1: Premature end of file.
2025-12-13 16:00:42,846 [ERROR] LogOutputStream:75 - [STDERR_REDIRECT] 
2025-12-13 16:00:42,867 [ERROR] LogOutputStream:75 - [STDERR_REDIRECT] [Fatal Error] :1:1: Premature end of file.
2025-12-13 16:00:42,867 [ERROR] LogOutputStream:75 - [STDERR_REDIRECT] 
2025-12-13 16:00:42,888 [ERROR] LogOutputStream:75 - [STDERR_REDIRECT] [Fatal Error] :1:1: Premature end of file.
2025-12-13 16:00:42,888 [ERROR] LogOutputStream:75 - [STDERR_REDIRECT] 
2025-12-13 16:00:42,924 [ERROR] LogOutputStream:75 - [STDERR_REDIRECT] [Fatal Error] :1:1: Premature end of file.
2025-12-13 16:00:42,924 [ERROR] LogOutputStream:75 - [STDERR_REDIRECT] 
2025-12-13 16:00:42,946 [ERROR] LogOutputStream:75 - [STDERR_REDIRECT] [Fatal Error] :1:1: Premature end of file.
2025-12-13 16:00:42,946 [ERROR] LogOutputStream:75 - [STDERR_REDIRECT] 
2025-12-13 16:00:42,965 [ERROR] LogOutputStream:75 - [STDERR_REDIRECT] [Fatal Error] :1:1: Premature end of file.
2025-12-13 16:00:42,965 [ERROR] LogOutputStream:75 - [STDERR_REDIRECT] 
2025-12-13 16:00:42,983 [ERROR] LogOutputStream:75 - [STDERR_REDIRECT] [Fatal Error] :1:1: Premature end of file.
2025-12-13 16:00:42,983 [ERROR] LogOutputStream:75 - [STDERR_REDIRECT] 
2025-12-13 16:00:43,008 [ERROR] LogOutputStream:75 - [STDERR_REDIRECT] [Fatal Error] :1:1: Premature end of file.
2025-12-13 16:00:43,008 [ERROR] LogOutputStream:75 - [STDERR_REDIRECT] 
2025-12-13 16:00:43,026 [ERROR] LogOutputStream:75 - [STDERR_REDIRECT] [Fatal Error] :1:1: Premature end of file.
2025-12-13 16:00:43,026 [ERROR] LogOutputStream:75 - [STDERR_REDIRECT] 
2025-12-13 16:00:43,048 [ERROR] LogOutputStream:75 - [STDERR_REDIRECT] [Fatal Error] :1:1: Premature end of file.
2025-12-13 16:00:43,048 [ERROR] LogOutputStream:75 - [STDERR_REDIRECT] 
2025-12-13 16:00:43,079 [ERROR] LogOutputStream:75 - [STDERR_REDIRECT] [Fatal Error] :1:1: Premature end of file.
2025-12-13 16:00:43,079 [ERROR] LogOutputStream:75 - [STDERR_REDIRECT] 
2025-12-13 16:00:43,103 [ERROR] LogOutputStream:75 - [STDERR_REDIRECT] [Fatal Error] :1:1: Premature end of file.
2025-12-13 16:00:43,103 [ERROR] LogOutputStream:75 - [STDERR_REDIRECT] 
2025-12-13 16:00:43,129 [ERROR] LogOutputStream:75 - [STDERR_REDIRECT] [Fatal Error] :1:1: Premature end of file.
2025-12-13 16:00:43,129 [ERROR] LogOutputStream:75 - [STDERR_REDIRECT] 
2025-12-13 16:00:43,152 [ERROR] LogOutputStream:75 - [STDERR_REDIRECT] [Fatal Error] :1:1: Premature end of file.
2025-12-13 16:00:43,152 [ERROR] LogOutputStream:75 - [STDERR_REDIRECT] 
2025-12-13 16:00:43,209 [ERROR] LogOutputStream:75 - [STDERR_REDIRECT] [Fatal Error] :1:1: Premature end of file.
2025-12-13 16:00:43,209 [ERROR] LogOutputStream:75 - [STDERR_REDIRECT] 
2025-12-13 16:00:43,241 [ERROR] LogOutputStream:75 - [STDERR_REDIRECT] [Fatal Error] :1:1: Premature end of file.
2025-12-13 16:00:43,241 [ERROR] LogOutputStream:75 - [STDERR_REDIRECT] 
2025-12-13 16:00:43,275 [ERROR] LogOutputStream:75 - [STDERR_REDIRECT] [Fatal Error] :1:1: Premature end of file.
2025-12-13 16:00:43,275 [ERROR] LogOutputStream:75 - [STDERR_REDIRECT] 
2025-12-13 16:00:43,324 [ERROR] LogOutputStream:75 - [STDERR_REDIRECT] [Fatal Error] :1:1: Premature end of file.
2025-12-13 16:00:43,324 [ERROR] LogOutputStream:75 - [STDERR_REDIRECT] 
2025-12-13 16:00:43,358 [ERROR] LogOutputStream:75 - [STDERR_REDIRECT] [Fatal Error] :1:1: Premature end of file.
2025-12-13 16:00:43,358 [ERROR] LogOutputStream:75 - [STDERR_REDIRECT] 
2025-12-13 16:00:43,384 [ERROR] LogOutputStream:75 - [STDERR_REDIRECT] [Fatal Error] :1:1: Premature end of file.
2025-12-13 16:00:43,384 [ERROR] LogOutputStream:75 - [STDERR_REDIRECT] 
2025-12-13 16:00:43,407 [ERROR] LogOutputStream:75 - [STDERR_REDIRECT] [Fatal Error] :1:1: Premature end of file.
2025-12-13 16:00:43,407 [ERROR] LogOutputStream:75 - [STDERR_REDIRECT] 
2025-12-13 16:00:43,439 [ERROR] LogOutputStream:75 - [STDERR_REDIRECT] [Fatal Error] :1:1: Premature end of file.
2025-12-13 16:00:43,439 [ERROR] LogOutputStream:75 - [STDERR_REDIRECT] 
2025-12-13 16:00:43,463 [ERROR] LogOutputStream:75 - [STDERR_REDIRECT] [Fatal Error] :1:1: Premature end of file.
2025-12-13 16:00:43,463 [ERROR] LogOutputStream:75 - [STDERR_REDIRECT] 
2025-12-13 16:00:43,485 [ERROR] LogOutputStream:75 - [STDERR_REDIRECT] [Fatal Error] :1:1: Premature end of file.
2025-12-13 16:00:43,485 [ERROR] LogOutputStream:75 - [STDERR_REDIRECT] 
2025-12-13 16:00:43,505 [ERROR] LogOutputStream:75 - [STDERR_REDIRECT] [Fatal Error] :1:1: Premature end of file.
2025-12-13 16:00:43,505 [ERROR] LogOutputStream:75 - [STDERR_REDIRECT] 
2025-12-13 16:00:43,529 [ERROR] LogOutputStream:75 - [STDERR_REDIRECT] [Fatal Error] :1:1: Premature end of file.
2025-12-13 16:00:43,529 [ERROR] LogOutputStream:75 - [STDERR_REDIRECT] 
2025-12-13 16:00:43,552 [ERROR] LogOutputStream:75 - [STDERR_REDIRECT] [Fatal Error] :1:1: Premature end of file.
2025-12-13 16:00:43,552 [ERROR] LogOutputStream:75 - [STDERR_REDIRECT] 
2025-12-13 16:00:43,575 [ERROR] LogOutputStream:75 - [STDERR_REDIRECT] [Fatal Error] :1:1: Premature end of file.
2025-12-13 16:00:43,575 [ERROR] LogOutputStream:75 - [STDERR_REDIRECT] 
2025-12-13 16:00:43,600 [ERROR] LogOutputStream:75 - [STDERR_REDIRECT] [Fatal Error] :1:1: Premature end of file.
2025-12-13 16:00:43,600 [ERROR] LogOutputStream:75 - [STDERR_REDIRECT] 
2025-12-13 16:00:43,627 [ERROR] LogOutputStream:75 - [STDERR_REDIRECT] [Fatal Error] :1:1: Premature end of file.
2025-12-13 16:00:43,627 [ERROR] LogOutputStream:75 - [STDERR_REDIRECT] 
2025-12-13 16:00:43,648 [ERROR] LogOutputStream:75 - [STDERR_REDIRECT] [Fatal Error] :1:1: Premature end of file.
2025-12-13 16:00:43,648 [ERROR] LogOutputStream:75 - [STDERR_REDIRECT] 
2025-12-13 16:00:43,668 [ERROR] LogOutputStream:75 - [STDERR_REDIRECT] [Fatal Error] :1:1: Premature end of file.
2025-12-13 16:00:43,668 [ERROR] LogOutputStream:75 - [STDERR_REDIRECT] 
2025-12-13 16:00:43,689 [ERROR] LogOutputStream:75 - [STDERR_REDIRECT] [Fatal Error] :1:1: Premature end of file.
2025-12-13 16:00:43,689 [ERROR] LogOutputStream:75 - [STDERR_REDIRECT] 
2025-12-13 16:00:43,713 [ERROR] LogOutputStream:75 - [STDERR_REDIRECT] [Fatal Error] :1:1: Premature end of file.
2025-12-13 16:00:43,713 [ERROR] LogOutputStream:75 - [STDERR_REDIRECT] 
2025-12-13 16:00:43,729 [ERROR] LogOutputStream:75 - [STDERR_REDIRECT] [Fatal Error] :1:1: Premature end of file.
2025-12-13 16:00:43,729 [ERROR] LogOutputStream:75 - [STDERR_REDIRECT] 
2025-12-13 16:00:43,754 [ERROR] LogOutputStream:75 - [STDERR_REDIRECT] [Fatal Error] :1:1: Premature end of file.
2025-12-13 16:00:43,754 [ERROR] LogOutputStream:75 - [STDERR_REDIRECT] 
2025-12-13 16:00:43,778 [ERROR] LogOutputStream:75 - [STDERR_REDIRECT] [Fatal Error] :1:1: Premature end of file.
2025-12-13 16:00:43,778 [ERROR] LogOutputStream:75 - [STDERR_REDIRECT] 
2025-12-13 16:00:43,798 [ERROR] LogOutputStream:75 - [STDERR_REDIRECT] [Fatal Error] :1:1: Premature end of file.
2025-12-13 16:00:43,798 [ERROR] LogOutputStream:75 - [STDERR_REDIRECT] 
2025-12-13 16:00:43,819 [ERROR] LogOutputStream:75 - [STDERR_REDIRECT] [Fatal Error] :1:1: Premature end of file.
2025-12-13 16:00:43,819 [ERROR] LogOutputStream:75 - [STDERR_REDIRECT] 
2025-12-13 16:00:43,843 [ERROR] LogOutputStream:75 - [STDERR_REDIRECT] [Fatal Error] :1:1: Premature end of file.
2025-12-13 16:00:43,843 [ERROR] LogOutputStream:75 - [STDERR_REDIRECT] 
2025-12-13 16:00:43,868 [ERROR] LogOutputStream:75 - [STDERR_REDIRECT] [Fatal Error] :1:1: Premature end of file.
2025-12-13 16:00:43,868 [ERROR] LogOutputStream:75 - [STDERR_REDIRECT] 
2025-12-13 16:00:43,884 [ERROR] LogOutputStream:75 - [STDERR_REDIRECT] [Fatal Error] :1:1: Premature end of file.
2025-12-13 16:00:43,884 [ERROR] LogOutputStream:75 - [STDERR_REDIRECT] 
2025-12-13 16:00:43,909 [ERROR] LogOutputStream:75 - [STDERR_REDIRECT] [Fatal Error] :1:1: Premature end of file.
2025-12-13 16:00:43,909 [ERROR] LogOutputStream:75 - [STDERR_REDIRECT] 
2025-12-13 16:00:43,929 [ERROR] LogOutputStream:75 - [STDERR_REDIRECT] [Fatal Error] :1:1: Premature end of file.
2025-12-13 16:00:43,929 [ERROR] LogOutputStream:75 - [STDERR_REDIRECT] 
2025-12-13 16:00:43,952 [ERROR] LogOutputStream:75 - [STDERR_REDIRECT] [Fatal Error] :1:1: Premature end of file.
2025-12-13 16:00:43,952 [ERROR] LogOutputStream:75 - [STDERR_REDIRECT] 
2025-12-13 16:00:43,974 [ERROR] LogOutputStream:75 - [STDERR_REDIRECT] [Fatal Error] :1:1: Premature end of file.
2025-12-13 16:00:43,974 [ERROR] LogOutputStream:75 - [STDERR_REDIRECT] 
2025-12-13 16:00:43,991 [ERROR] LogOutputStream:75 - [STDERR_REDIRECT] [Fatal Error] :1:1: Premature end of file.
2025-12-13 16:00:43,991 [ERROR] LogOutputStream:75 - [STDERR_REDIRECT] 
2025-12-13 16:00:44,008 [ERROR] LogOutputStream:75 - [STDERR_REDIRECT] [Fatal Error] :1:1: Premature end of file.
2025-12-13 16:00:44,008 [ERROR] LogOutputStream:75 - [STDERR_REDIRECT] 
2025-12-13 16:00:44,032 [ERROR] LogOutputStream:75 - [STDERR_REDIRECT] [Fatal Error] :1:1: Premature end of file.
2025-12-13 16:00:44,032 [ERROR] LogOutputStream:75 - [STDERR_REDIRECT] 
2025-12-13 16:00:44,053 [ERROR] LogOutputStream:75 - [STDERR_REDIRECT] [Fatal Error] :1:1: Premature end of file.
2025-12-13 16:00:44,053 [ERROR] LogOutputStream:75 - [STDERR_REDIRECT] 
2025-12-13 16:00:44,076 [ERROR] LogOutputStream:75 - [STDERR_REDIRECT] [Fatal Error] :1:1: Premature end of file.
2025-12-13 16:00:44,076 [ERROR] LogOutputStream:75 - [STDERR_REDIRECT] 
2025-12-13 16:00:44,089 [ERROR] LogOutputStream:75 - [STDERR_REDIRECT] [Fatal Error] :1:1: Premature end of file.
2025-12-13 16:00:44,089 [ERROR] LogOutputStream:75 - [STDERR_REDIRECT] 
2025-12-13 16:00:44,114 [ERROR] LogOutputStream:75 - [STDERR_REDIRECT] [Fatal Error] :1:1: Premature end of file.
2025-12-13 16:00:44,114 [ERROR] LogOutputStream:75 - [STDERR_REDIRECT] 
2025-12-13 16:00:44,131 [ERROR] LogOutputStream:75 - [STDERR_REDIRECT] [Fatal Error] :1:1: Premature end of file.
2025-12-13 16:00:44,131 [ERROR] LogOutputStream:75 - [STDERR_REDIRECT] 
2025-12-13 16:00:44,155 [ERROR] LogOutputStream:75 - [STDERR_REDIRECT] [Fatal Error] :1:1: Premature end of file.
2025-12-13 16:00:44,159 [ERROR] LogOutputStream:75 - [STDERR_REDIRECT] 
2025-12-13 16:00:44,180 [ERROR] LogOutputStream:75 - [STDERR_REDIRECT] [Fatal Error] :1:1: Premature end of file.
2025-12-13 16:00:44,180 [ERROR] LogOutputStream:75 - [STDERR_REDIRECT] 
2025-12-13 16:00:44,204 [ERROR] LogOutputStream:75 - [STDERR_REDIRECT] [Fatal Error] :1:1: Premature end of file.
2025-12-13 16:00:44,204 [ERROR] LogOutputStream:75 - [STDERR_REDIRECT] 
2025-12-13 16:00:44,220 [ERROR] LogOutputStream:75 - [STDERR_REDIRECT] [Fatal Error] :1:1: Premature end of file.
2025-12-13 16:00:44,220 [ERROR] LogOutputStream:75 - [STDERR_REDIRECT] 
2025-12-13 16:00:44,245 [ERROR] LogOutputStream:75 - [STDERR_REDIRECT] [Fatal Error] :1:1: Premature end of file.
2025-12-13 16:00:44,245 [ERROR] LogOutputStream:75 - [STDERR_REDIRECT] 
2025-12-13 16:00:44,265 [ERROR] LogOutputStream:75 - [STDERR_REDIRECT] [Fatal Error] :1:1: Premature end of file.
2025-12-13 16:00:44,265 [ERROR] LogOutputStream:75 - [STDERR_REDIRECT] 
2025-12-13 16:00:44,287 [ERROR] LogOutputStream:75 - [STDERR_REDIRECT] [Fatal Error] :1:1: Premature end of file.
2025-12-13 16:00:44,287 [ERROR] LogOutputStream:75 - [STDERR_REDIRECT] 
2025-12-13 16:00:44,305 [ERROR] LogOutputStream:75 - [STDERR_REDIRECT] [Fatal Error] :1:1: Premature end of file.
2025-12-13 16:00:44,305 [ERROR] LogOutputStream:75 - [STDERR_REDIRECT] 
2025-12-13 16:00:44,327 [ERROR] LogOutputStream:75 - [STDERR_REDIRECT] [Fatal Error] :1:1: Premature end of file.
2025-12-13 16:00:44,327 [ERROR] LogOutputStream:75 - [STDERR_REDIRECT] 
2025-12-13 16:00:44,343 [ERROR] LogOutputStream:75 - [STDERR_REDIRECT] [Fatal Error] :1:1: Premature end of file.
2025-12-13 16:00:44,343 [ERROR] LogOutputStream:75 - [STDERR_REDIRECT] 
2025-12-13 16:00:44,369 [ERROR] LogOutputStream:75 - [STDERR_REDIRECT] [Fatal Error] :1:1: Premature end of file.
2025-12-13 16:00:44,369 [ERROR] LogOutputStream:75 - [STDERR_REDIRECT] 
2025-12-13 16:00:44,392 [ERROR] LogOutputStream:75 - [STDERR_REDIRECT] [Fatal Error] :1:1: Premature end of file.
2025-12-13 16:00:44,392 [ERROR] LogOutputStream:75 - [STDERR_REDIRECT] 
2025-12-13 16:00:44,408 [ERROR] LogOutputStream:75 - [STDERR_REDIRECT] [Fatal Error] :1:1: Premature end of file.
2025-12-13 16:00:44,408 [ERROR] LogOutputStream:75 - [STDERR_REDIRECT] 
2025-12-13 16:00:44,434 [ERROR] LogOutputStream:75 - [STDERR_REDIRECT] [Fatal Error] :1:1: Premature end of file.
2025-12-13 16:00:44,434 [ERROR] LogOutputStream:75 - [STDERR_REDIRECT] 
2025-12-13 16:00:44,455 [ERROR] LogOutputStream:75 - [STDERR_REDIRECT] [Fatal Error] :1:1: Premature end of file.
2025-12-13 16:00:44,455 [ERROR] LogOutputStream:75 - [STDERR_REDIRECT] 
2025-12-13 16:00:44,476 [ERROR] LogOutputStream:75 - [STDERR_REDIRECT] [Fatal Error] :1:1: Premature end of file.
2025-12-13 16:00:44,476 [ERROR] LogOutputStream:75 - [STDERR_REDIRECT] 
2025-12-13 16:00:44,493 [ERROR] LogOutputStream:75 - [STDERR_REDIRECT] [Fatal Error] :1:1: Premature end of file.
2025-12-13 16:00:44,493 [ERROR] LogOutputStream:75 - [STDERR_REDIRECT] 
2025-12-13 16:00:44,517 [ERROR] LogOutputStream:75 - [STDERR_REDIRECT] [Fatal Error] :1:1: Premature end of file.
2025-12-13 16:00:44,519 [ERROR] LogOutputStream:75 - [STDERR_REDIRECT] 
2025-12-13 16:00:44,534 [ERROR] LogOutputStream:75 - [STDERR_REDIRECT] [Fatal Error] :1:1: Premature end of file.
2025-12-13 16:00:44,534 [ERROR] LogOutputStream:75 - [STDERR_REDIRECT] 
2025-12-13 16:00:44,561 [ERROR] LogOutputStream:75 - [STDERR_REDIRECT] [Fatal Error] :1:1: Premature end of file.
2025-12-13 16:00:44,561 [ERROR] LogOutputStream:75 - [STDERR_REDIRECT] 
2025-12-13 16:00:44,583 [ERROR] LogOutputStream:75 - [STDERR_REDIRECT] [Fatal Error] :1:1: Premature end of file.
2025-12-13 16:00:44,583 [ERROR] LogOutputStream:75 - [STDERR_REDIRECT] 
2025-12-13 16:00:44,603 [ERROR] LogOutputStream:75 - [STDERR_REDIRECT] [Fatal Error] :1:1: Premature end of file.
2025-12-13 16:00:44,603 [ERROR] LogOutputStream:75 - [STDERR_REDIRECT] 
2025-12-13 16:00:44,626 [ERROR] LogOutputStream:75 - [STDERR_REDIRECT] [Fatal Error] :1:1: Premature end of file.
2025-12-13 16:00:44,626 [ERROR] LogOutputStream:75 - [STDERR_REDIRECT] 
2025-12-13 16:00:44,651 [ERROR] LogOutputStream:75 - [STDERR_REDIRECT] [Fatal Error] :1:1: Premature end of file.
2025-12-13 16:00:44,651 [ERROR] LogOutputStream:75 - [STDERR_REDIRECT] 
2025-12-13 16:00:44,669 [ERROR] LogOutputStream:75 - [STDERR_REDIRECT] [Fatal Error] :1:1: Premature end of file.
2025-12-13 16:00:44,669 [ERROR] LogOutputStream:75 - [STDERR_REDIRECT] 
2025-12-13 16:00:44,700 [ERROR] LogOutputStream:75 - [STDERR_REDIRECT] [Fatal Error] :1:1: Premature end of file.
2025-12-13 16:00:44,700 [ERROR] LogOutputStream:75 - [STDERR_REDIRECT] 
2025-12-13 16:00:44,720 [ERROR] LogOutputStream:75 - [STDERR_REDIRECT] [Fatal Error] :1:1: Premature end of file.
2025-12-13 16:00:44,720 [ERROR] LogOutputStream:75 - [STDERR_REDIRECT] 
2025-12-13 16:00:44,744 [ERROR] LogOutputStream:75 - [STDERR_REDIRECT] [Fatal Error] :1:1: Premature end of file.
2025-12-13 16:00:44,744 [ERROR] LogOutputStream:75 - [STDERR_REDIRECT] 
2025-12-13 16:00:44,765 [ERROR] LogOutputStream:75 - [STDERR_REDIRECT] [Fatal Error] :1:1: Premature end of file.
2025-12-13 16:00:44,765 [ERROR] LogOutputStream:75 - [STDERR_REDIRECT] 
2025-12-13 16:00:44,785 [ERROR] LogOutputStream:75 - [STDERR_REDIRECT] [Fatal Error] :1:1: Premature end of file.
2025-12-13 16:00:44,785 [ERROR] LogOutputStream:75 - [STDERR_REDIRECT] 
2025-12-13 16:00:44,814 [ERROR] LogOutputStream:75 - [STDERR_REDIRECT] [Fatal Error] :1:1: Premature end of file.
2025-12-13 16:00:44,814 [ERROR] LogOutputStream:75 - [STDERR_REDIRECT] 
2025-12-13 16:00:44,835 [ERROR] LogOutputStream:75 - [STDERR_REDIRECT] [Fatal Error] :1:1: Premature end of file.
2025-12-13 16:00:44,835 [ERROR] LogOutputStream:75 - [STDERR_REDIRECT] 
2025-12-13 16:00:44,856 [ERROR] LogOutputStream:75 - [STDERR_REDIRECT] [Fatal Error] :1:1: Premature end of file.
2025-12-13 16:00:44,856 [ERROR] LogOutputStream:75 - [STDERR_REDIRECT] 
2025-12-13 16:00:44,880 [ERROR] LogOutputStream:75 - [STDERR_REDIRECT] [Fatal Error] :1:1: Premature end of file.
2025-12-13 16:00:44,880 [ERROR] LogOutputStream:75 - [STDERR_REDIRECT] 
2025-12-13 16:00:44,921 [ERROR] LogOutputStream:75 - [STDERR_REDIRECT] [Fatal Error] :1:1: Premature end of file.
2025-12-13 16:00:44,921 [ERROR] LogOutputStream:75 - [STDERR_REDIRECT] 
2025-12-13 16:00:44,938 [ERROR] LogOutputStream:75 - [STDERR_REDIRECT] [Fatal Error] :1:1: Premature end of file.
2025-12-13 16:00:44,938 [ERROR] LogOutputStream:75 - [STDERR_REDIRECT] 
2025-12-13 16:00:44,969 [ERROR] LogOutputStream:75 - [STDERR_REDIRECT] [Fatal Error] :1:1: Premature end of file.
2025-12-13 16:00:44,969 [ERROR] LogOutputStream:75 - [STDERR_REDIRECT] 
2025-12-13 16:00:44,999 [ERROR] LogOutputStream:75 - [STDERR_REDIRECT] [Fatal Error] :1:1: Premature end of file.
2025-12-13 16:00:44,999 [ERROR] LogOutputStream:75 - [STDERR_REDIRECT] 
2025-12-13 16:00:45,024 [ERROR] LogOutputStream:75 - [STDERR_REDIRECT] [Fatal Error] :1:1: Premature end of file.
2025-12-13 16:00:45,024 [ERROR] LogOutputStream:75 - [STDERR_REDIRECT] 
2025-12-13 16:00:45,043 [ERROR] LogOutputStream:75 - [STDERR_REDIRECT] [Fatal Error] :1:1: Premature end of file.
2025-12-13 16:00:45,043 [ERROR] LogOutputStream:75 - [STDERR_REDIRECT] 
2025-12-13 16:00:45,073 [ERROR] LogOutputStream:75 - [STDERR_REDIRECT] [Fatal Error] :1:1: Premature end of file.
2025-12-13 16:00:45,073 [ERROR] LogOutputStream:75 - [STDERR_REDIRECT] 
2025-12-13 16:00:45,093 [ERROR] LogOutputStream:75 - [STDERR_REDIRECT] [Fatal Error] :1:1: Premature end of file.
2025-12-13 16:00:45,093 [ERROR] LogOutputStream:75 - [STDERR_REDIRECT] 
2025-12-13 16:00:45,117 [ERROR] LogOutputStream:75 - [STDERR_REDIRECT] [Fatal Error] :1:1: Premature end of file.
2025-12-13 16:00:45,117 [ERROR] LogOutputStream:75 - [STDERR_REDIRECT] 
2025-12-13 16:00:45,134 [ERROR] LogOutputStream:75 - [STDERR_REDIRECT] [Fatal Error] :1:1: Premature end of file.
2025-12-13 16:00:45,134 [ERROR] LogOutputStream:75 - [STDERR_REDIRECT] 
2025-12-13 16:00:45,159 [ERROR] LogOutputStream:75 - [STDERR_REDIRECT] [Fatal Error] :1:1: Premature end of file.
2025-12-13 16:00:45,159 [ERROR] LogOutputStream:75 - [STDERR_REDIRECT] 
2025-12-13 16:00:45,178 [ERROR] LogOutputStream:75 - [STDERR_REDIRECT] [Fatal Error] :1:1: Premature end of file.
2025-12-13 16:00:45,178 [ERROR] LogOutputStream:75 - [STDERR_REDIRECT] 
2025-12-13 16:00:45,203 [ERROR] LogOutputStream:75 - [STDERR_REDIRECT] [Fatal Error] :1:1: Premature end of file.
2025-12-13 16:00:45,203 [ERROR] LogOutputStream:75 - [STDERR_REDIRECT] 
2025-12-13 16:00:45,224 [ERROR] LogOutputStream:75 - [STDERR_REDIRECT] [Fatal Error] :1:1: Premature end of file.
2025-12-13 16:00:45,224 [ERROR] LogOutputStream:75 - [STDERR_REDIRECT] 
2025-12-13 16:00:45,244 [ERROR] LogOutputStream:75 - [STDERR_REDIRECT] [Fatal Error] :1:1: Premature end of file.
2025-12-13 16:00:45,244 [ERROR] LogOutputStream:75 - [STDERR_REDIRECT] 
2025-12-13 16:00:45,260 [ERROR] LogOutputStream:75 - [STDERR_REDIRECT] [Fatal Error] :1:1: Premature end of file.
2025-12-13 16:00:45,268 [ERROR] LogOutputStream:75 - [STDERR_REDIRECT] 
2025-12-13 16:00:45,288 [ERROR] LogOutputStream:75 - [STDERR_REDIRECT] [Fatal Error] :1:1: Premature end of file.
2025-12-13 16:00:45,288 [ERROR] LogOutputStream:75 - [STDERR_REDIRECT] 
2025-12-13 16:00:45,320 [ERROR] LogOutputStream:75 - [STDERR_REDIRECT] [Fatal Error] :1:1: Premature end of file.
2025-12-13 16:00:45,320 [ERROR] LogOutputStream:75 - [STDERR_REDIRECT] 
2025-12-13 16:00:45,336 [ERROR] LogOutputStream:75 - [STDERR_REDIRECT] [Fatal Error] :1:1: Premature end of file.
2025-12-13 16:00:45,336 [ERROR] LogOutputStream:75 - [STDERR_REDIRECT] 
2025-12-13 16:00:45,360 [ERROR] LogOutputStream:75 - [STDERR_REDIRECT] [Fatal Error] :1:1: Premature end of file.
2025-12-13 16:00:45,360 [ERROR] LogOutputStream:75 - [STDERR_REDIRECT] 
2025-12-13 16:00:45,377 [ERROR] LogOutputStream:75 - [STDERR_REDIRECT] [Fatal Error] :1:1: Premature end of file.
2025-12-13 16:00:45,377 [ERROR] LogOutputStream:75 - [STDERR_REDIRECT] 
2025-12-13 16:00:45,402 [ERROR] LogOutputStream:75 - [STDERR_REDIRECT] [Fatal Error] :1:1: Premature end of file.
2025-12-13 16:00:45,402 [ERROR] LogOutputStream:75 - [STDERR_REDIRECT] 
2025-12-13 16:00:45,429 [ERROR] LogOutputStream:75 - [STDERR_REDIRECT] [Fatal Error] :1:1: Premature end of file.
2025-12-13 16:00:45,429 [ERROR] LogOutputStream:75 - [STDERR_REDIRECT] 
2025-12-13 16:00:45,449 [ERROR] LogOutputStream:75 - [STDERR_REDIRECT] [Fatal Error] :1:1: Premature end of file.
2025-12-13 16:00:45,449 [ERROR] LogOutputStream:75 - [STDERR_REDIRECT] 
2025-12-13 16:00:45,472 [ERROR] LogOutputStream:75 - [STDERR_REDIRECT] [Fatal Error] :1:1: Premature end of file.
2025-12-13 16:00:45,472 [ERROR] LogOutputStream:75 - [STDERR_REDIRECT] 
2025-12-13 16:00:45,495 [ERROR] LogOutputStream:75 - [STDERR_REDIRECT] [Fatal Error] :1:1: Premature end of file.
2025-12-13 16:00:45,495 [ERROR] LogOutputStream:75 - [STDERR_REDIRECT] 
2025-12-13 16:00:45,516 [ERROR] LogOutputStream:75 - [STDERR_REDIRECT] [Fatal Error] :1:1: Premature end of file.
2025-12-13 16:00:45,516 [ERROR] LogOutputStream:75 - [STDERR_REDIRECT] 
2025-12-13 16:00:45,535 [ERROR] LogOutputStream:75 - [STDERR_REDIRECT] [Fatal Error] :1:1: Premature end of file.
2025-12-13 16:00:45,535 [ERROR] LogOutputStream:75 - [STDERR_REDIRECT] 
2025-12-13 16:00:45,554 [ERROR] LogOutputStream:75 - [STDERR_REDIRECT] [Fatal Error] :1:1: Premature end of file.
2025-12-13 16:00:45,554 [ERROR] LogOutputStream:75 - [STDERR_REDIRECT] 
2025-12-13 16:00:45,577 [ERROR] LogOutputStream:75 - [STDERR_REDIRECT] [Fatal Error] :1:1: Premature end of file.
2025-12-13 16:00:45,577 [ERROR] LogOutputStream:75 - [STDERR_REDIRECT] 
2025-12-13 16:00:45,603 [ERROR] LogOutputStream:75 - [STDERR_REDIRECT] [Fatal Error] :1:1: Premature end of file.
2025-12-13 16:00:45,607 [ERROR] LogOutputStream:75 - [STDERR_REDIRECT] 
2025-12-13 16:00:45,639 [ERROR] LogOutputStream:75 - [STDERR_REDIRECT] [Fatal Error] :1:1: Premature end of file.
2025-12-13 16:00:45,639 [ERROR] LogOutputStream:75 - [STDERR_REDIRECT] 
2025-12-13 16:00:45,661 [ERROR] LogOutputStream:75 - [STDERR_REDIRECT] [Fatal Error] :1:1: Premature end of file.
2025-12-13 16:00:45,661 [ERROR] LogOutputStream:75 - [STDERR_REDIRECT] 
2025-12-13 16:00:45,681 [ERROR] LogOutputStream:75 - [STDERR_REDIRECT] [Fatal Error] :1:1: Premature end of file.
2025-12-13 16:00:45,681 [ERROR] LogOutputStream:75 - [STDERR_REDIRECT] 
2025-12-13 16:00:45,698 [ERROR] LogOutputStream:75 - [STDERR_REDIRECT] [Fatal Error] :1:1: Premature end of file.
2025-12-13 16:00:45,698 [ERROR] LogOutputStream:75 - [STDERR_REDIRECT] 
2025-12-13 16:00:45,722 [ERROR] LogOutputStream:75 - [STDERR_REDIRECT] [Fatal Error] :1:1: Premature end of file.
2025-12-13 16:00:45,722 [ERROR] LogOutputStream:75 - [STDERR_REDIRECT] 
2025-12-13 16:00:45,748 [ERROR] LogOutputStream:75 - [STDERR_REDIRECT] [Fatal Error] :1:1: Premature end of file.
2025-12-13 16:00:45,748 [ERROR] LogOutputStream:75 - [STDERR_REDIRECT] 
2025-12-13 16:00:45,771 [ERROR] LogOutputStream:75 - [STDERR_REDIRECT] [Fatal Error] :1:1: Premature end of file.
2025-12-13 16:00:45,771 [ERROR] LogOutputStream:75 - [STDERR_REDIRECT] 
2025-12-13 16:00:45,793 [ERROR] LogOutputStream:75 - [STDERR_REDIRECT] [Fatal Error] :1:1: Premature end of file.
2025-12-13 16:00:45,793 [ERROR] LogOutputStream:75 - [STDERR_REDIRECT] 
2025-12-13 16:00:45,809 [ERROR] LogOutputStream:75 - [STDERR_REDIRECT] [Fatal Error] :1:1: Premature end of file.
2025-12-13 16:00:45,813 [ERROR] LogOutputStream:75 - [STDERR_REDIRECT] 
2025-12-13 16:00:45,848 [ERROR] LogOutputStream:75 - [STDERR_REDIRECT] [Fatal Error] :1:1: Premature end of file.
2025-12-13 16:00:45,848 [ERROR] LogOutputStream:75 - [STDERR_REDIRECT] 
2025-12-13 16:00:45,868 [ERROR] LogOutputStream:75 - [STDERR_REDIRECT] [Fatal Error] :1:1: Premature end of file.
2025-12-13 16:00:45,868 [ERROR] LogOutputStream:75 - [STDERR_REDIRECT] 
2025-12-13 16:00:45,890 [ERROR] LogOutputStream:75 - [STDERR_REDIRECT] [Fatal Error] :1:1: Premature end of file.
2025-12-13 16:00:45,890 [ERROR] LogOutputStream:75 - [STDERR_REDIRECT] 
2025-12-13 16:00:45,923 [ERROR] LogOutputStream:75 - [STDERR_REDIRECT] [Fatal Error] :1:1: Premature end of file.
2025-12-13 16:00:45,923 [ERROR] LogOutputStream:75 - [STDERR_REDIRECT] 
2025-12-13 16:00:45,951 [ERROR] LogOutputStream:75 - [STDERR_REDIRECT] [Fatal Error] :1:1: Premature end of file.
2025-12-13 16:00:45,951 [ERROR] LogOutputStream:75 - [STDERR_REDIRECT] 
2025-12-13 16:00:45,981 [ERROR] LogOutputStream:75 - [STDERR_REDIRECT] [Fatal Error] :1:1: Premature end of file.
2025-12-13 16:00:45,981 [ERROR] LogOutputStream:75 - [STDERR_REDIRECT] 
2025-12-13 16:00:46,018 [ERROR] LogOutputStream:75 - [STDERR_REDIRECT] [Fatal Error] :1:1: Premature end of file.
2025-12-13 16:00:46,018 [ERROR] LogOutputStream:75 - [STDERR_REDIRECT] 
2025-12-13 16:00:46,059 [ERROR] LogOutputStream:75 - [STDERR_REDIRECT] [Fatal Error] :1:1: Premature end of file.
2025-12-13 16:00:46,059 [ERROR] LogOutputStream:75 - [STDERR_REDIRECT] 
2025-12-13 16:00:46,112 [ERROR] LogOutputStream:75 - [STDERR_REDIRECT] [Fatal Error] :1:1: Premature end of file.
2025-12-13 16:00:46,112 [ERROR] LogOutputStream:75 - [STDERR_REDIRECT] 
2025-12-13 16:00:46,140 [ERROR] LogOutputStream:75 - [STDERR_REDIRECT] [Fatal Error] :1:1: Premature end of file.
2025-12-13 16:00:46,140 [ERROR] LogOutputStream:75 - [STDERR_REDIRECT] 
2025-12-13 16:00:46,173 [ERROR] LogOutputStream:75 - [STDERR_REDIRECT] [Fatal Error] :1:1: Premature end of file.
2025-12-13 16:00:46,173 [ERROR] LogOutputStream:75 - [STDERR_REDIRECT] 
2025-12-13 16:00:46,209 [ERROR] LogOutputStream:75 - [STDERR_REDIRECT] [Fatal Error] :1:1: Premature end of file.
2025-12-13 16:00:46,209 [ERROR] LogOutputStream:75 - [STDERR_REDIRECT] 
2025-12-13 16:00:46,247 [ERROR] LogOutputStream:75 - [STDERR_REDIRECT] [Fatal Error] :1:1: Premature end of file.
2025-12-13 16:00:46,247 [ERROR] LogOutputStream:75 - [STDERR_REDIRECT] 
2025-12-13 16:00:46,274 [ERROR] LogOutputStream:75 - [STDERR_REDIRECT] [Fatal Error] :1:1: Premature end of file.
2025-12-13 16:00:46,274 [ERROR] LogOutputStream:75 - [STDERR_REDIRECT] 
2025-12-13 16:00:46,299 [ERROR] LogOutputStream:75 - [STDERR_REDIRECT] [Fatal Error] :1:1: Premature end of file.
2025-12-13 16:00:46,299 [ERROR] LogOutputStream:75 - [STDERR_REDIRECT] 
2025-12-13 16:00:46,323 [ERROR] LogOutputStream:75 - [STDERR_REDIRECT] [Fatal Error] :1:1: Premature end of file.
2025-12-13 16:00:46,323 [ERROR] LogOutputStream:75 - [STDERR_REDIRECT] 
2025-12-13 16:00:46,361 [ERROR] LogOutputStream:75 - [STDERR_REDIRECT] [Fatal Error] :1:1: Premature end of file.
2025-12-13 16:00:46,361 [ERROR] LogOutputStream:75 - [STDERR_REDIRECT] 
2025-12-13 16:00:46,382 [ERROR] LogOutputStream:75 - [STDERR_REDIRECT] [Fatal Error] :1:1: Premature end of file.
2025-12-13 16:00:46,382 [ERROR] LogOutputStream:75 - [STDERR_REDIRECT] 
2025-12-13 16:00:46,403 [ERROR] LogOutputStream:75 - [STDERR_REDIRECT] [Fatal Error] :1:1: Premature end of file.
2025-12-13 16:00:46,405 [ERROR] LogOutputStream:75 - [STDERR_REDIRECT] 
2025-12-13 16:00:46,423 [ERROR] LogOutputStream:75 - [STDERR_REDIRECT] [Fatal Error] :1:1: Premature end of file.
2025-12-13 16:00:46,423 [ERROR] LogOutputStream:75 - [STDERR_REDIRECT] 
2025-12-13 16:00:46,444 [ERROR] LogOutputStream:75 - [STDERR_REDIRECT] [Fatal Error] :1:1: Premature end of file.
2025-12-13 16:00:46,444 [ERROR] LogOutputStream:75 - [STDERR_REDIRECT] 
2025-12-13 16:00:46,465 [ERROR] LogOutputStream:75 - [STDERR_REDIRECT] [Fatal Error] :1:1: Premature end of file.
2025-12-13 16:00:46,465 [ERROR] LogOutputStream:75 - [STDERR_REDIRECT] 
2025-12-13 16:00:46,486 [ERROR] LogOutputStream:75 - [STDERR_REDIRECT] [Fatal Error] :1:1: Premature end of file.
2025-12-13 16:00:46,486 [ERROR] LogOutputStream:75 - [STDERR_REDIRECT] 
2025-12-13 16:00:46,507 [ERROR] LogOutputStream:75 - [STDERR_REDIRECT] [Fatal Error] :1:1: Premature end of file.
2025-12-13 16:00:46,507 [ERROR] LogOutputStream:75 - [STDERR_REDIRECT] 
2025-12-13 16:00:46,527 [ERROR] LogOutputStream:75 - [STDERR_REDIRECT] [Fatal Error] :1:1: Premature end of file.
2025-12-13 16:00:46,527 [ERROR] LogOutputStream:75 - [STDERR_REDIRECT] 
2025-12-13 16:00:46,566 [ERROR] LogOutputStream:75 - [STDERR_REDIRECT] [Fatal Error] :1:1: Premature end of file.
2025-12-13 16:00:46,566 [ERROR] LogOutputStream:75 - [STDERR_REDIRECT] 
2025-12-13 16:00:46,586 [ERROR] LogOutputStream:75 - [STDERR_REDIRECT] [Fatal Error] :1:1: Premature end of file.
2025-12-13 16:00:46,588 [ERROR] LogOutputStream:75 - [STDERR_REDIRECT] 
2025-12-13 16:00:46,607 [ERROR] LogOutputStream:75 - [STDERR_REDIRECT] [Fatal Error] :1:1: Premature end of file.
2025-12-13 16:00:46,607 [ERROR] LogOutputStream:75 - [STDERR_REDIRECT] 
2025-12-13 16:00:46,631 [ERROR] LogOutputStream:75 - [STDERR_REDIRECT] [Fatal Error] :1:1: Premature end of file.
2025-12-13 16:00:46,631 [ERROR] LogOutputStream:75 - [STDERR_REDIRECT] 
2025-12-13 16:00:46,653 [ERROR] LogOutputStream:75 - [STDERR_REDIRECT] [Fatal Error] :1:1: Premature end of file.
2025-12-13 16:00:46,656 [ERROR] LogOutputStream:75 - [STDERR_REDIRECT] 
2025-12-13 16:00:46,677 [ERROR] LogOutputStream:75 - [STDERR_REDIRECT] [Fatal Error] :1:1: Premature end of file.
2025-12-13 16:00:46,677 [ERROR] LogOutputStream:75 - [STDERR_REDIRECT] 
2025-12-13 16:00:46,698 [ERROR] LogOutputStream:75 - [STDERR_REDIRECT] [Fatal Error] :1:1: Premature end of file.
2025-12-13 16:00:46,698 [ERROR] LogOutputStream:75 - [STDERR_REDIRECT] 
2025-12-13 16:00:46,719 [ERROR] LogOutputStream:75 - [STDERR_REDIRECT] [Fatal Error] :1:1: Premature end of file.
2025-12-13 16:00:46,719 [ERROR] LogOutputStream:75 - [STDERR_REDIRECT] 
2025-12-13 16:00:46,744 [ERROR] LogOutputStream:75 - [STDERR_REDIRECT] [Fatal Error] :1:1: Premature end of file.
2025-12-13 16:00:46,744 [ERROR] LogOutputStream:75 - [STDERR_REDIRECT] 
2025-12-13 16:00:46,774 [ERROR] LogOutputStream:75 - [STDERR_REDIRECT] [Fatal Error] :1:1: Premature end of file.
2025-12-13 16:00:46,774 [ERROR] LogOutputStream:75 - [STDERR_REDIRECT] 
2025-12-13 16:00:46,799 [ERROR] LogOutputStream:75 - [STDERR_REDIRECT] [Fatal Error] :1:1: Premature end of file.
2025-12-13 16:00:46,799 [ERROR] LogOutputStream:75 - [STDERR_REDIRECT] 
2025-12-13 16:00:46,820 [ERROR] LogOutputStream:75 - [STDERR_REDIRECT] [Fatal Error] :1:1: Premature end of file.
2025-12-13 16:00:46,820 [ERROR] LogOutputStream:75 - [STDERR_REDIRECT] 
2025-12-13 16:00:46,840 [ERROR] LogOutputStream:75 - [STDERR_REDIRECT] [Fatal Error] :1:1: Premature end of file.
2025-12-13 16:00:46,840 [ERROR] LogOutputStream:75 - [STDERR_REDIRECT] 
2025-12-13 16:00:46,861 [ERROR] LogOutputStream:75 - [STDERR_REDIRECT] [Fatal Error] :1:1: Premature end of file.
2025-12-13 16:00:46,861 [ERROR] LogOutputStream:75 - [STDERR_REDIRECT] 
2025-12-13 16:00:46,882 [ERROR] LogOutputStream:75 - [STDERR_REDIRECT] [Fatal Error] :1:1: Premature end of file.
2025-12-13 16:00:46,882 [ERROR] LogOutputStream:75 - [STDERR_REDIRECT] 
2025-12-13 16:00:46,902 [ERROR] LogOutputStream:75 - [STDERR_REDIRECT] [Fatal Error] :1:1: Premature end of file.
2025-12-13 16:00:46,902 [ERROR] LogOutputStream:75 - [STDERR_REDIRECT] 
2025-12-13 16:00:46,923 [ERROR] LogOutputStream:75 - [STDERR_REDIRECT] [Fatal Error] :1:1: Premature end of file.
2025-12-13 16:00:46,923 [ERROR] LogOutputStream:75 - [STDERR_REDIRECT] 
2025-12-13 16:00:46,945 [ERROR] LogOutputStream:75 - [STDERR_REDIRECT] [Fatal Error] :1:1: Premature end of file.
2025-12-13 16:00:46,945 [ERROR] LogOutputStream:75 - [STDERR_REDIRECT] 
2025-12-13 16:00:46,963 [ERROR] LogOutputStream:75 - [STDERR_REDIRECT] [Fatal Error] :1:1: Premature end of file.
2025-12-13 16:00:46,963 [ERROR] LogOutputStream:75 - [STDERR_REDIRECT] 
2025-12-13 16:00:46,986 [ERROR] LogOutputStream:75 - [STDERR_REDIRECT] [Fatal Error] :1:1: Premature end of file.
2025-12-13 16:00:46,986 [ERROR] LogOutputStream:75 - [STDERR_REDIRECT] 
2025-12-13 16:00:47,005 [ERROR] LogOutputStream:75 - [STDERR_REDIRECT] [Fatal Error] :1:1: Premature end of file.
2025-12-13 16:00:47,005 [ERROR] LogOutputStream:75 - [STDERR_REDIRECT] 
2025-12-13 16:00:47,030 [ERROR] LogOutputStream:75 - [STDERR_REDIRECT] [Fatal Error] :1:1: Premature end of file.
2025-12-13 16:00:47,030 [ERROR] LogOutputStream:75 - [STDERR_REDIRECT] 
2025-12-13 16:00:47,051 [ERROR] LogOutputStream:75 - [STDERR_REDIRECT] [Fatal Error] :1:1: Premature end of file.
2025-12-13 16:00:47,051 [ERROR] LogOutputStream:75 - [STDERR_REDIRECT] 
2025-12-13 16:00:47,081 [ERROR] LogOutputStream:75 - [STDERR_REDIRECT] [Fatal Error] :1:1: Premature end of file.
2025-12-13 16:00:47,081 [ERROR] LogOutputStream:75 - [STDERR_REDIRECT] 
2025-12-13 16:00:47,102 [ERROR] LogOutputStream:75 - [STDERR_REDIRECT] [Fatal Error] :1:1: Premature end of file.
2025-12-13 16:00:47,102 [ERROR] LogOutputStream:75 - [STDERR_REDIRECT] 
2025-12-13 16:00:47,128 [ERROR] LogOutputStream:75 - [STDERR_REDIRECT] [Fatal Error] :1:1: Premature end of file.
2025-12-13 16:00:47,128 [ERROR] LogOutputStream:75 - [STDERR_REDIRECT] 
2025-12-13 16:00:47,149 [ERROR] LogOutputStream:75 - [STDERR_REDIRECT] [Fatal Error] :1:1: Premature end of file.
2025-12-13 16:00:47,149 [ERROR] LogOutputStream:75 - [STDERR_REDIRECT] 
2025-12-13 16:00:47,183 [ERROR] LogOutputStream:75 - [STDERR_REDIRECT] [Fatal Error] :1:1: Premature end of file.
2025-12-13 16:00:47,183 [ERROR] LogOutputStream:75 - [STDERR_REDIRECT] 
2025-12-13 16:00:47,209 [ERROR] LogOutputStream:75 - [STDERR_REDIRECT] [Fatal Error] :1:1: Premature end of file.
2025-12-13 16:00:47,209 [ERROR] LogOutputStream:75 - [STDERR_REDIRECT] 
2025-12-13 16:00:47,230 [ERROR] LogOutputStream:75 - [STDERR_REDIRECT] [Fatal Error] :1:1: Premature end of file.
2025-12-13 16:00:47,230 [ERROR] LogOutputStream:75 - [STDERR_REDIRECT] 
2025-12-13 16:00:47,251 [ERROR] LogOutputStream:75 - [STDERR_REDIRECT] [Fatal Error] :1:1: Premature end of file.
2025-12-13 16:00:47,251 [ERROR] LogOutputStream:75 - [STDERR_REDIRECT] 
2025-12-13 16:00:47,286 [ERROR] LogOutputStream:75 - [STDERR_REDIRECT] [Fatal Error] :1:1: Premature end of file.
2025-12-13 16:00:47,286 [ERROR] LogOutputStream:75 - [STDERR_REDIRECT] 
2025-12-13 16:00:47,308 [ERROR] LogOutputStream:75 - [STDERR_REDIRECT] [Fatal Error] :1:1: Premature end of file.
2025-12-13 16:00:47,308 [ERROR] LogOutputStream:75 - [STDERR_REDIRECT] 
2025-12-13 16:00:47,333 [ERROR] LogOutputStream:75 - [STDERR_REDIRECT] [Fatal Error] :1:1: Premature end of file.
2025-12-13 16:00:47,333 [ERROR] LogOutputStream:75 - [STDERR_REDIRECT] 
2025-12-13 16:00:47,355 [ERROR] LogOutputStream:75 - [STDERR_REDIRECT] [Fatal Error] :1:1: Premature end of file.
2025-12-13 16:00:47,355 [ERROR] LogOutputStream:75 - [STDERR_REDIRECT] 
2025-12-13 16:00:47,388 [ERROR] LogOutputStream:75 - [STDERR_REDIRECT] [Fatal Error] :1:1: Premature end of file.
2025-12-13 16:00:47,388 [ERROR] LogOutputStream:75 - [STDERR_REDIRECT] 
2025-12-13 16:00:47,414 [ERROR] LogOutputStream:75 - [STDERR_REDIRECT] [Fatal Error] :1:1: Premature end of file.
2025-12-13 16:00:47,414 [ERROR] LogOutputStream:75 - [STDERR_REDIRECT] 
2025-12-13 16:00:47,447 [ERROR] LogOutputStream:75 - [STDERR_REDIRECT] [Fatal Error] :1:1: Premature end of file.
2025-12-13 16:00:47,447 [ERROR] LogOutputStream:75 - [STDERR_REDIRECT] 
2025-12-13 16:00:47,467 [ERROR] LogOutputStream:75 - [STDERR_REDIRECT] [Fatal Error] :1:1: Premature end of file.
2025-12-13 16:00:47,467 [ERROR] LogOutputStream:75 - [STDERR_REDIRECT] 
2025-12-13 16:00:47,493 [ERROR] LogOutputStream:75 - [STDERR_REDIRECT] [Fatal Error] :1:1: Premature end of file.
2025-12-13 16:00:47,497 [ERROR] LogOutputStream:75 - [STDERR_REDIRECT] 
2025-12-13 16:00:47,519 [ERROR] LogOutputStream:75 - [STDERR_REDIRECT] [Fatal Error] :1:1: Premature end of file.
2025-12-13 16:00:47,519 [ERROR] LogOutputStream:75 - [STDERR_REDIRECT] 
2025-12-13 16:00:47,541 [ERROR] LogOutputStream:75 - [STDERR_REDIRECT] [Fatal Error] :1:1: Premature end of file.
2025-12-13 16:00:47,541 [ERROR] LogOutputStream:75 - [STDERR_REDIRECT] 
2025-12-13 16:00:47,566 [ERROR] LogOutputStream:75 - [STDERR_REDIRECT] [Fatal Error] :1:1: Premature end of file.
2025-12-13 16:00:47,566 [ERROR] LogOutputStream:75 - [STDERR_REDIRECT] 
2025-12-13 16:00:47,595 [ERROR] LogOutputStream:75 - [STDERR_REDIRECT] [Fatal Error] :1:1: Premature end of file.
2025-12-13 16:00:47,595 [ERROR] LogOutputStream:75 - [STDERR_REDIRECT] 
2025-12-13 16:00:47,616 [ERROR] LogOutputStream:75 - [STDERR_REDIRECT] [Fatal Error] :1:1: Premature end of file.
2025-12-13 16:00:47,616 [ERROR] LogOutputStream:75 - [STDERR_REDIRECT] 
2025-12-13 16:00:47,641 [ERROR] LogOutputStream:75 - [STDERR_REDIRECT] [Fatal Error] :1:1: Premature end of file.
2025-12-13 16:00:47,641 [ERROR] LogOutputStream:75 - [STDERR_REDIRECT] 
2025-12-13 16:00:47,667 [ERROR] LogOutputStream:75 - [STDERR_REDIRECT] [Fatal Error] :1:1: Premature end of file.
2025-12-13 16:00:47,667 [ERROR] LogOutputStream:75 - [STDERR_REDIRECT] 
2025-12-13 16:00:47,693 [ERROR] LogOutputStream:75 - [STDERR_REDIRECT] [Fatal Error] :1:1: Premature end of file.
2025-12-13 16:00:47,693 [ERROR] LogOutputStream:75 - [STDERR_REDIRECT] 
2025-12-13 16:00:47,714 [ERROR] LogOutputStream:75 - [STDERR_REDIRECT] [Fatal Error] :1:1: Premature end of file.
2025-12-13 16:00:47,719 [ERROR] LogOutputStream:75 - [STDERR_REDIRECT] 
2025-12-13 16:00:47,743 [ERROR] LogOutputStream:75 - [STDERR_REDIRECT] [Fatal Error] :1:1: Premature end of file.
2025-12-13 16:00:47,743 [ERROR] LogOutputStream:75 - [STDERR_REDIRECT] 
2025-12-13 16:00:47,764 [ERROR] LogOutputStream:75 - [STDERR_REDIRECT] [Fatal Error] :1:1: Premature end of file.
2025-12-13 16:00:47,768 [ERROR] LogOutputStream:75 - [STDERR_REDIRECT] 
2025-12-13 16:00:47,798 [ERROR] LogOutputStream:75 - [STDERR_REDIRECT] [Fatal Error] :1:1: Premature end of file.
2025-12-13 16:00:47,798 [ERROR] LogOutputStream:75 - [STDERR_REDIRECT] 
2025-12-13 16:00:47,832 [ERROR] LogOutputStream:75 - [STDERR_REDIRECT] [Fatal Error] :1:1: Premature end of file.
2025-12-13 16:00:47,832 [ERROR] LogOutputStream:75 - [STDERR_REDIRECT] 
2025-12-13 16:00:47,873 [ERROR] LogOutputStream:75 - [STDERR_REDIRECT] [Fatal Error] :1:1: Premature end of file.
2025-12-13 16:00:47,873 [ERROR] LogOutputStream:75 - [STDERR_REDIRECT] 
2025-12-13 16:00:47,902 [ERROR] LogOutputStream:75 - [STDERR_REDIRECT] [Fatal Error] :1:1: Premature end of file.
2025-12-13 16:00:47,902 [ERROR] LogOutputStream:75 - [STDERR_REDIRECT] 
2025-12-13 16:00:47,928 [ERROR] LogOutputStream:75 - [STDERR_REDIRECT] [Fatal Error] :1:1: Premature end of file.
2025-12-13 16:00:47,928 [ERROR] LogOutputStream:75 - [STDERR_REDIRECT] 
2025-12-13 16:00:47,952 [ERROR] LogOutputStream:75 - [STDERR_REDIRECT] [Fatal Error] :1:1: Premature end of file.
2025-12-13 16:00:47,952 [ERROR] LogOutputStream:75 - [STDERR_REDIRECT] 
2025-12-13 16:00:47,977 [ERROR] LogOutputStream:75 - [STDERR_REDIRECT] [Fatal Error] :1:1: Premature end of file.
2025-12-13 16:00:47,977 [ERROR] LogOutputStream:75 - [STDERR_REDIRECT] 
2025-12-13 16:00:48,007 [ERROR] LogOutputStream:75 - [STDERR_REDIRECT] [Fatal Error] :1:1: Premature end of file.
2025-12-13 16:00:48,007 [ERROR] LogOutputStream:75 - [STDERR_REDIRECT] 
2025-12-13 16:00:48,027 [ERROR] LogOutputStream:75 - [STDERR_REDIRECT] [Fatal Error] :1:1: Premature end of file.
2025-12-13 16:00:48,027 [ERROR] LogOutputStream:75 - [STDERR_REDIRECT] 
2025-12-13 16:00:48,051 [ERROR] LogOutputStream:75 - [STDERR_REDIRECT] [Fatal Error] :1:1: Premature end of file.
2025-12-13 16:00:48,051 [ERROR] LogOutputStream:75 - [STDERR_REDIRECT] 
2025-12-13 16:00:48,071 [ERROR] LogOutputStream:75 - [STDERR_REDIRECT] [Fatal Error] :1:1: Premature end of file.
2025-12-13 16:00:48,071 [ERROR] LogOutputStream:75 - [STDERR_REDIRECT] 
2025-12-13 16:00:48,109 [ERROR] LogOutputStream:75 - [STDERR_REDIRECT] [Fatal Error] :1:1: Premature end of file.
2025-12-13 16:00:48,109 [ERROR] LogOutputStream:75 - [STDERR_REDIRECT] 
2025-12-13 16:00:48,129 [ERROR] LogOutputStream:75 - [STDERR_REDIRECT] [Fatal Error] :1:1: Premature end of file.
2025-12-13 16:00:48,129 [ERROR] LogOutputStream:75 - [STDERR_REDIRECT] 
2025-12-13 16:00:48,150 [ERROR] LogOutputStream:75 - [STDERR_REDIRECT] [Fatal Error] :1:1: Premature end of file.
2025-12-13 16:00:48,150 [ERROR] LogOutputStream:75 - [STDERR_REDIRECT] 
2025-12-13 16:00:49,105 [ERROR] LogOutputStream:75 - [STDERR_REDIRECT] [Fatal Error] :1:1: Premature end of file.
2025-12-13 16:00:49,105 [ERROR] LogOutputStream:75 - [STDERR_REDIRECT] 
2025-12-13 16:00:50,101 [ERROR] LogOutputStream:75 - [STDERR_REDIRECT] [Fatal Error] :1:1: Premature end of file.
2025-12-13 16:00:50,101 [ERROR] LogOutputStream:75 - [STDERR_REDIRECT] 
2025-12-13 16:00:51,100 [ERROR] LogOutputStream:75 - [STDERR_REDIRECT] [Fatal Error] :1:1: Premature end of file.
2025-12-13 16:00:51,100 [ERROR] LogOutputStream:75 - [STDERR_REDIRECT] 
2025-12-13 16:00:52,091 [ERROR] LogOutputStream:75 - [STDERR_REDIRECT] [Fatal Error] :1:1: Premature end of file.
2025-12-13 16:00:52,091 [ERROR] LogOutputStream:75 - [STDERR_REDIRECT] 
2025-12-13 16:00:52,356 [ERROR] LogOutputStream:75 - [STDERR_REDIRECT] 
