2026-01-22 19:24:00,489 [INFO] Activator:176 - 


2026-01-22 19:24:00,496 [INFO] Activator:177 - !SESSION log4j initialized
2026-01-22 19:24:10,361 [INFO] LogOutputStream:77 - [STDOUT_REDIRECT] 
2026-01-22 19:24:16,918 [ERROR] LogOutputStream:75 - [STDERR_REDIRECT] [Fatal Error] :1:1: Premature end of file.
2026-01-22 19:24:16,920 [ERROR] LogOutputStream:75 - [STDERR_REDIRECT] 
2026-01-22 19:24:17,836 [ERROR] LogOutputStream:75 - [STDERR_REDIRECT] [Fatal Error] :1:1: Premature end of file.
2026-01-22 19:24:17,838 [ERROR] LogOutputStream:75 - [STDERR_REDIRECT] 
2026-01-22 19:24:17,967 [INFO] ApplicationProperties:184 - Using Application install path: C:\ST\STM32CubeIDE_1.18.1\STM32CubeIDE\plugins\com.st.stm32cube.common.mx_6.15.0.202507011659
2026-01-22 19:24:18,008 [INFO] DbMcusXml:78 - Set database path to: C:\ST\STM32CubeIDE_1.18.1\STM32CubeIDE\plugins\com.st.stm32cube.common.mx_6.15.0.202507011659\\db\/mcu/
2026-01-22 19:24:18,009 [INFO] ApiDb:274 - Set plugin database path to: C:\ST\STM32CubeIDE_1.18.1\STM32CubeIDE\plugins\com.st.stm32cube.common.mx_6.15.0.202507011659\\db\/plugins/boardmanager/
2026-01-22 19:24:18,009 [WARN] ApiDb:259 - Overriding images path with different value:  => C:\ST\STM32CubeIDE_1.18.1\STM32CubeIDE\plugins\com.st.stm32cube.common.mx_6.15.0.202507011659\\db\/plugins/mcufinder/images/
2026-01-22 19:24:18,022 [INFO] ApiDb:250 - Set database path to: C:\Users\mathe\.stmcufinder\plugins\mcufinder//mcu/
2026-01-22 19:24:18,024 [INFO] DbMcusAds:125 - Set database path to: C:\Users\mathe\.stmcufinder\plugins\mcufinder//mcu/
2026-01-22 19:24:18,027 [INFO] CrossReferenceDbSqlite:203 - Set database path to: C:\Users\mathe\.stmcufinder\plugins\mcufinder//mcu/cs/
2026-01-22 19:24:18,232 [INFO] RulesReader:64 - Compatibility file has been processed (317 Rules)
2026-01-22 19:24:18,395 [INFO] DbMcusXml:78 - Set database path to: C:\ST\STM32CubeIDE_1.18.1\STM32CubeIDE\plugins\com.st.stm32cube.common.mx_6.15.0.202507011659\\db\/mcu/
2026-01-22 19:24:18,395 [INFO] ApiDb:274 - Set plugin database path to: C:\ST\STM32CubeIDE_1.18.1\STM32CubeIDE\plugins\com.st.stm32cube.common.mx_6.15.0.202507011659\\db\/plugins/boardmanager/
2026-01-22 19:24:18,395 [INFO] ApiDb:261 - Set plugin images path to: C:\ST\STM32CubeIDE_1.18.1\STM32CubeIDE\plugins\com.st.stm32cube.common.mx_6.15.0.202507011659\\db\/plugins/mcufinder/images/
2026-01-22 19:24:18,396 [WARN] DbFile:41 - Overriding database path with different value: C:\Users\mathe\.stmcufinder\plugins\mcufinder/ => C:\Users\mathe\.stmcufinder\plugins\mcufinder
2026-01-22 19:24:18,396 [INFO] ApiDb:250 - Set database path to: C:\Users\mathe\.stmcufinder\plugins\mcufinder//mcu/
2026-01-22 19:24:18,396 [WARN] DbFile:41 - Overriding database path with different value: C:\Users\mathe\.stmcufinder\plugins\mcufinder/ => C:\Users\mathe\.stmcufinder\plugins\mcufinder
2026-01-22 19:24:18,396 [INFO] DbMcusAds:125 - Set database path to: C:\Users\mathe\.stmcufinder\plugins\mcufinder//mcu/
2026-01-22 19:24:18,396 [WARN] DbFile:41 - Overriding database path with different value: C:\Users\mathe\.stmcufinder\plugins\mcufinder/ => C:\Users\mathe\.stmcufinder\plugins\mcufinder
2026-01-22 19:24:18,396 [WARN] DbFile:41 - Overriding database path with different value: C:\Users\mathe\.stmcufinder\plugins\mcufinder/ => C:\Users\mathe\.stmcufinder\plugins\mcufinder
2026-01-22 19:24:18,396 [INFO] CrossReferenceDbSqlite:203 - Set database path to: C:\Users\mathe\.stmcufinder\plugins\mcufinder//mcu/cs/
2026-01-22 19:24:18,520 [INFO] MainPanel:274 - HeapMemory: 268435456
2026-01-22 19:24:18,682 [INFO] DbMcusXml:78 - Set database path to: C:\ST\STM32CubeIDE_1.18.1\STM32CubeIDE\plugins\com.st.stm32cube.common.mx_6.15.0.202507011659\\db\/mcu/
2026-01-22 19:24:18,682 [INFO] ApiDb:274 - Set plugin database path to: C:\ST\STM32CubeIDE_1.18.1\STM32CubeIDE\plugins\com.st.stm32cube.common.mx_6.15.0.202507011659\\db\/plugins/boardmanager/
2026-01-22 19:24:18,682 [INFO] ApiDb:261 - Set plugin images path to: C:\ST\STM32CubeIDE_1.18.1\STM32CubeIDE\plugins\com.st.stm32cube.common.mx_6.15.0.202507011659\\db\/plugins/mcufinder/images/
2026-01-22 19:24:18,683 [WARN] DbFile:41 - Overriding database path with different value: C:\Users\mathe\.stmcufinder\plugins\mcufinder/ => C:\Users\mathe\.stmcufinder\plugins\mcufinder
2026-01-22 19:24:18,683 [INFO] ApiDb:250 - Set database path to: C:\Users\mathe\.stmcufinder\plugins\mcufinder//mcu/
2026-01-22 19:24:18,683 [WARN] DbFile:41 - Overriding database path with different value: C:\Users\mathe\.stmcufinder\plugins\mcufinder/ => C:\Users\mathe\.stmcufinder\plugins\mcufinder
2026-01-22 19:24:18,683 [INFO] DbMcusAds:125 - Set database path to: C:\Users\mathe\.stmcufinder\plugins\mcufinder//mcu/
2026-01-22 19:24:18,683 [WARN] DbFile:41 - Overriding database path with different value: C:\Users\mathe\.stmcufinder\plugins\mcufinder/ => C:\Users\mathe\.stmcufinder\plugins\mcufinder
2026-01-22 19:24:18,683 [WARN] DbFile:41 - Overriding database path with different value: C:\Users\mathe\.stmcufinder\plugins\mcufinder/ => C:\Users\mathe\.stmcufinder\plugins\mcufinder
2026-01-22 19:24:18,683 [INFO] CrossReferenceDbSqlite:203 - Set database path to: C:\Users\mathe\.stmcufinder\plugins\mcufinder//mcu/cs/
2026-01-22 19:24:18,711 [INFO] ApplicationProperties:184 - Using Application install path: C:\ST\STM32CubeIDE_1.18.1\STM32CubeIDE\plugins\com.st.stm32cube.common.mx_6.15.0.202507011659
2026-01-22 19:24:18,713 [INFO] PluginManage:196 - Search for loadable plugins [exclusion list=, ]
2026-01-22 19:24:18,716 [INFO] PluginManage:310 - Check plugin analytics
2026-01-22 19:24:18,816 [ERROR] LogOutputStream:75 - [STDERR_REDIRECT] [Fatal Error] :1:1: Premature end of file.
2026-01-22 19:24:18,817 [ERROR] LogOutputStream:75 - [STDERR_REDIRECT] 
2026-01-22 19:24:19,816 [ERROR] LogOutputStream:75 - [STDERR_REDIRECT] [Fatal Error] :1:1: Premature end of file.
2026-01-22 19:24:19,816 [ERROR] LogOutputStream:75 - [STDERR_REDIRECT] 
2026-01-22 19:24:20,819 [ERROR] LogOutputStream:75 - [STDERR_REDIRECT] [Fatal Error] :1:1: Premature end of file.
2026-01-22 19:24:20,819 [ERROR] LogOutputStream:75 - [STDERR_REDIRECT] 
2026-01-22 19:24:21,815 [ERROR] LogOutputStream:75 - [STDERR_REDIRECT] [Fatal Error] :1:1: Premature end of file.
2026-01-22 19:24:21,816 [ERROR] LogOutputStream:75 - [STDERR_REDIRECT] 
2026-01-22 19:24:22,828 [ERROR] LogOutputStream:75 - [STDERR_REDIRECT] [Fatal Error] :1:1: Premature end of file.
2026-01-22 19:24:22,828 [ERROR] LogOutputStream:75 - [STDERR_REDIRECT] 
2026-01-22 19:24:23,814 [ERROR] LogOutputStream:75 - [STDERR_REDIRECT] [Fatal Error] :1:1: Premature end of file.
2026-01-22 19:24:23,814 [ERROR] LogOutputStream:75 - [STDERR_REDIRECT] 
2026-01-22 19:24:24,078 [INFO] AnalyticsPlugin:253 - Accepted Software Licenses: 
2026-01-22 19:24:24,078 [INFO] AnalyticsPlugin:255 - Accepted CMSIS Pack Licenses: 
2026-01-22 19:24:24,079 [INFO] AnalyticsPlugin:257 - Accepted Firmware Licenses: 
2026-01-22 19:24:24,089 [INFO] PluginManage:359 - Loaded plugin analytics (category:tool,tabindex:-1)
2026-01-22 19:24:24,089 [INFO] PluginManage:310 - Check plugin cadmodel
2026-01-22 19:24:24,102 [INFO] CADModel:105 - Init CAD model plugin
2026-01-22 19:24:24,103 [INFO] PluginManage:359 - Loaded plugin cadmodel (category:power,tabindex:5)
2026-01-22 19:24:24,103 [INFO] PluginManage:310 - Check plugin clock
2026-01-22 19:24:24,121 [INFO] PluginManage:359 - Loaded plugin clock (category:base,tabindex:2)
2026-01-22 19:24:24,121 [INFO] PluginManage:310 - Check plugin ddr
2026-01-22 19:24:24,124 [INFO] PluginManage:359 - Loaded plugin ddr (category:tool,tabindex:6)
2026-01-22 19:24:24,124 [INFO] PluginManage:310 - Check plugin filemanager
2026-01-22 19:24:24,357 [INFO] PluginManage:359 - Loaded plugin filemanager (category:base,tabindex:10)
2026-01-22 19:24:24,358 [INFO] PluginManage:310 - Check plugin ipmanager
2026-01-22 19:24:24,372 [INFO] PluginManage:359 - Loaded plugin ipmanager (category:base,tabindex:5)
2026-01-22 19:24:24,372 [INFO] PluginManage:310 - Check plugin lpbam
2026-01-22 19:24:24,389 [INFO] PluginManage:359 - Loaded plugin lpbam (category:base,tabindex:0)
2026-01-22 19:24:24,389 [INFO] PluginManage:310 - Check plugin memorymap
2026-01-22 19:24:24,411 [INFO] PluginManage:359 - Loaded plugin memorymap (category:base,tabindex:4)
2026-01-22 19:24:24,411 [INFO] PluginManage:310 - Check plugin pinoutandconfiguration
2026-01-22 19:24:24,423 [INFO] PluginManage:359 - Loaded plugin pinoutandconfiguration (category:base,tabindex:1)
2026-01-22 19:24:24,423 [INFO] PluginManage:310 - Check plugin pinoutconfig
2026-01-22 19:24:24,549 [WARN] SupportedApi:132 - Cannot load RTOS API schema: s4s-elt-must-match.1: The content of 'definitions' must match (annotation?, (simpleType | complexType)?, (unique | key | keyref)*)). A problem was found starting at: attribute.
2026-01-22 19:24:24,764 [INFO] PluginManage:359 - Loaded plugin pinoutconfig (category:base,tabindex:0)
2026-01-22 19:24:24,765 [INFO] PluginManage:310 - Check plugin power
2026-01-22 19:24:24,788 [INFO] PluginManage:359 - Loaded plugin power (category:power,tabindex:4)
2026-01-22 19:24:24,788 [INFO] PluginManage:310 - Check plugin projectmanager
2026-01-22 19:24:24,820 [INFO] PluginManage:359 - Loaded plugin projectmanager (category:projectmanager,tabindex:4)
2026-01-22 19:24:24,820 [INFO] PluginManage:310 - Check plugin rif
2026-01-22 19:24:24,820 [ERROR] LogOutputStream:75 - [STDERR_REDIRECT] [Fatal Error] :1:1: Premature end of file.
2026-01-22 19:24:24,821 [ERROR] LogOutputStream:75 - [STDERR_REDIRECT] 
2026-01-22 19:24:24,836 [INFO] PluginManage:359 - Loaded plugin rif (category:base,tabindex:3)
2026-01-22 19:24:24,836 [INFO] PluginManage:310 - Check plugin thirdparty
2026-01-22 19:24:25,111 [WARN] IntegrityCheckThread:84 - waiting for thirdparty lock release [integrity check]
2026-01-22 19:24:25,112 [INFO] IntegrityCheckThread:86 - entering critical section [integrity check]
2026-01-22 19:24:25,112 [INFO] ThirdPartyUpdaterWithRetryManager:70 - Updater plugin not ready yet. [1/15]
2026-01-22 19:24:25,113 [INFO] PluginManage:359 - Loaded plugin thirdparty (category:base,tabindex:-1)
2026-01-22 19:24:25,113 [INFO] PluginManage:310 - Check plugin tools
2026-01-22 19:24:25,119 [INFO] PluginManage:359 - Loaded plugin tools (category:base,tabindex:7)
2026-01-22 19:24:25,120 [INFO] PluginManage:310 - Check plugin tutovideos
2026-01-22 19:24:25,404 [INFO] PluginManage:359 - Loaded plugin tutovideos (category:base,tabindex:-1)
2026-01-22 19:24:25,404 [INFO] PluginManage:310 - Check plugin updater
2026-01-22 19:24:25,462 [INFO] PluginManage:359 - Loaded plugin updater (category:base,tabindex:12)
2026-01-22 19:24:25,462 [INFO] PluginManage:310 - Check plugin userauth
2026-01-22 19:24:25,470 [INFO] UserAuth:118 - Init User Auth plugin
2026-01-22 19:24:25,470 [INFO] PluginManage:359 - Loaded plugin userauth (category:base,tabindex:14)
2026-01-22 19:24:25,471 [INFO] PluginManage:283 - PluginManage : Loaded plugins [18]
2026-01-22 19:24:25,811 [ERROR] LogOutputStream:75 - [STDERR_REDIRECT] [Fatal Error] :1:1: Premature end of file.
2026-01-22 19:24:25,812 [ERROR] LogOutputStream:75 - [STDERR_REDIRECT] 
2026-01-22 19:24:25,848 [INFO] PinOutPanel:1589 - setPackage(No Configuration,No Configuration)
2026-01-22 19:24:25,984 [INFO] CADModel:165 - CPN selected for project level
2026-01-22 19:24:25,984 [INFO] CADModel:114 - Register for checkConnection events
2026-01-22 19:24:26,019 [INFO] IPUIPlugin:80 - create IPUIPlugin
2026-01-22 19:24:26,020 [INFO] PluginManager:220 - loadIPPluginJar : add adc
2026-01-22 19:24:26,028 [INFO] IPUIPlugin:80 - create IPUIPlugin
2026-01-22 19:24:26,029 [INFO] PluginManager:220 - loadIPPluginJar : add aes
2026-01-22 19:24:26,037 [INFO] IPUIPlugin:80 - create IPUIPlugin
2026-01-22 19:24:26,037 [INFO] PluginManager:220 - loadIPPluginJar : add can
2026-01-22 19:24:26,047 [INFO] IPUIPlugin:80 - create IPUIPlugin
2026-01-22 19:24:26,047 [INFO] PluginManager:220 - loadIPPluginJar : add comp
2026-01-22 19:24:26,056 [INFO] IPUIPlugin:80 - create IPUIPlugin
2026-01-22 19:24:26,056 [INFO] PluginManager:220 - loadIPPluginJar : add cryp
2026-01-22 19:24:26,069 [INFO] IPUIPlugin:80 - create IPUIPlugin
2026-01-22 19:24:26,069 [INFO] PluginManager:220 - loadIPPluginJar : add ddr_ctrl_phy
2026-01-22 19:24:26,077 [INFO] IPUIPlugin:80 - create IPUIPlugin
2026-01-22 19:24:26,077 [INFO] PluginManager:220 - loadIPPluginJar : add dfsdm
2026-01-22 19:24:26,100 [INFO] IPUIPlugin:80 - create IPUIPlugin
2026-01-22 19:24:26,105 [INFO] PluginManager:220 - loadIPPluginJar : add dma
2026-01-22 19:24:26,126 [INFO] IPUIPlugin:80 - create IPUIPlugin
2026-01-22 19:24:26,126 [INFO] PluginManager:220 - loadIPPluginJar : add dma3
2026-01-22 19:24:26,134 [INFO] IPUIPlugin:80 - create IPUIPlugin
2026-01-22 19:24:26,135 [INFO] PluginManager:220 - loadIPPluginJar : add extmemmanager
2026-01-22 19:24:26,141 [INFO] IPUIPlugin:80 - create IPUIPlugin
2026-01-22 19:24:26,143 [INFO] PluginManager:220 - loadIPPluginJar : add fatfs
2026-01-22 19:24:26,151 [INFO] IPUIPlugin:80 - create IPUIPlugin
2026-01-22 19:24:26,151 [INFO] PluginManager:220 - loadIPPluginJar : add fmc
2026-01-22 19:24:26,161 [INFO] IPUIPlugin:80 - create IPUIPlugin
2026-01-22 19:24:26,162 [INFO] PluginManager:220 - loadIPPluginJar : add freertos
2026-01-22 19:24:26,165 [INFO] IPUIPlugin:80 - create IPUIPlugin
2026-01-22 19:24:26,165 [INFO] PluginManager:220 - loadIPPluginJar : add genericplugin
2026-01-22 19:24:26,168 [INFO] IPUIPlugin:80 - create IPUIPlugin
2026-01-22 19:24:26,168 [INFO] PluginManager:220 - loadIPPluginJar : add gfxmmu
2026-01-22 19:24:26,175 [INFO] IPUIPlugin:80 - create IPUIPlugin
2026-01-22 19:24:26,175 [INFO] PluginManager:220 - loadIPPluginJar : add gic
2026-01-22 19:24:26,181 [INFO] IPUIPlugin:80 - create IPUIPlugin
2026-01-22 19:24:26,181 [INFO] PluginManager:220 - loadIPPluginJar : add gpio
2026-01-22 19:24:26,184 [INFO] IPUIPlugin:80 - create IPUIPlugin
2026-01-22 19:24:26,184 [INFO] PluginManager:220 - loadIPPluginJar : add gtzc
2026-01-22 19:24:26,187 [INFO] IPUIPlugin:80 - create IPUIPlugin
2026-01-22 19:24:26,187 [INFO] PluginManager:220 - loadIPPluginJar : add hash
2026-01-22 19:24:26,192 [INFO] IPUIPlugin:80 - create IPUIPlugin
2026-01-22 19:24:26,192 [INFO] PluginManager:220 - loadIPPluginJar : add i2c
2026-01-22 19:24:26,195 [INFO] IPUIPlugin:80 - create IPUIPlugin
2026-01-22 19:24:26,196 [INFO] PluginManager:220 - loadIPPluginJar : add i2s
2026-01-22 19:24:26,202 [INFO] IPUIPlugin:80 - create IPUIPlugin
2026-01-22 19:24:26,202 [INFO] PluginManager:220 - loadIPPluginJar : add i3c
2026-01-22 19:24:26,207 [INFO] IPUIPlugin:80 - create IPUIPlugin
2026-01-22 19:24:26,207 [INFO] PluginManager:220 - loadIPPluginJar : add ipddr
2026-01-22 19:24:26,217 [INFO] IPUIPlugin:80 - create IPUIPlugin
2026-01-22 19:24:26,217 [INFO] PluginManager:220 - loadIPPluginJar : add linkedlist
2026-01-22 19:24:26,223 [INFO] IPUIPlugin:80 - create IPUIPlugin
2026-01-22 19:24:26,223 [INFO] PluginManager:220 - loadIPPluginJar : add lorawan
2026-01-22 19:24:26,226 [INFO] IPUIPlugin:80 - create IPUIPlugin
2026-01-22 19:24:26,226 [INFO] PluginManager:220 - loadIPPluginJar : add ltdc
2026-01-22 19:24:26,235 [INFO] IPUIPlugin:80 - create IPUIPlugin
2026-01-22 19:24:26,235 [INFO] PluginManager:220 - loadIPPluginJar : add mdma
2026-01-22 19:24:26,240 [INFO] IPUIPlugin:80 - create IPUIPlugin
2026-01-22 19:24:26,240 [INFO] PluginManager:220 - loadIPPluginJar : add nvic
2026-01-22 19:24:26,248 [INFO] IPUIPlugin:80 - create IPUIPlugin
2026-01-22 19:24:26,248 [INFO] PluginManager:220 - loadIPPluginJar : add opamp
2026-01-22 19:24:26,256 [INFO] IPUIPlugin:80 - create IPUIPlugin
2026-01-22 19:24:26,256 [INFO] PluginManager:220 - loadIPPluginJar : add openamp
2026-01-22 19:24:26,263 [INFO] IPUIPlugin:80 - create IPUIPlugin
2026-01-22 19:24:26,263 [INFO] PluginManager:220 - loadIPPluginJar : add pdm2pcm
2026-01-22 19:24:26,276 [INFO] IPUIPlugin:80 - create IPUIPlugin
2026-01-22 19:24:26,288 [INFO] PluginManager:220 - loadIPPluginJar : add plateformsettings
2026-01-22 19:24:26,295 [INFO] IPUIPlugin:80 - create IPUIPlugin
2026-01-22 19:24:26,295 [INFO] PluginManager:220 - loadIPPluginJar : add quadspi
2026-01-22 19:24:26,302 [INFO] IPUIPlugin:80 - create IPUIPlugin
2026-01-22 19:24:26,306 [INFO] PluginManager:220 - loadIPPluginJar : add radio
2026-01-22 19:24:26,316 [INFO] IPUIPlugin:80 - create IPUIPlugin
2026-01-22 19:24:26,316 [INFO] PluginManager:220 - loadIPPluginJar : add resmgrutility
2026-01-22 19:24:26,325 [INFO] IPUIPlugin:80 - create IPUIPlugin
2026-01-22 19:24:26,325 [INFO] PluginManager:220 - loadIPPluginJar : add sai
2026-01-22 19:24:26,331 [INFO] IPUIPlugin:80 - create IPUIPlugin
2026-01-22 19:24:26,331 [INFO] PluginManager:220 - loadIPPluginJar : add spi
2026-01-22 19:24:26,346 [INFO] IPUIPlugin:80 - create IPUIPlugin
2026-01-22 19:24:26,347 [INFO] PluginManager:220 - loadIPPluginJar : add stm32_wpan
2026-01-22 19:24:26,352 [INFO] IPUIPlugin:80 - create IPUIPlugin
2026-01-22 19:24:26,352 [INFO] PluginManager:220 - loadIPPluginJar : add tim
2026-01-22 19:24:26,363 [INFO] IPUIPlugin:80 - create IPUIPlugin
2026-01-22 19:24:26,363 [INFO] PluginManager:220 - loadIPPluginJar : add touchsensing
2026-01-22 19:24:26,369 [INFO] IPUIPlugin:80 - create IPUIPlugin
2026-01-22 19:24:26,370 [INFO] PluginManager:220 - loadIPPluginJar : add tracer_emb
2026-01-22 19:24:26,377 [INFO] IPUIPlugin:80 - create IPUIPlugin
2026-01-22 19:24:26,377 [INFO] PluginManager:220 - loadIPPluginJar : add ts
2026-01-22 19:24:26,381 [INFO] IPUIPlugin:80 - create IPUIPlugin
2026-01-22 19:24:26,382 [INFO] PluginManager:220 - loadIPPluginJar : add tsc
2026-01-22 19:24:26,388 [INFO] IPUIPlugin:80 - create IPUIPlugin
2026-01-22 19:24:26,389 [INFO] PluginManager:220 - loadIPPluginJar : add ucpd
2026-01-22 19:24:26,398 [INFO] IPUIPlugin:80 - create IPUIPlugin
2026-01-22 19:24:26,398 [INFO] PluginManager:220 - loadIPPluginJar : add usart
2026-01-22 19:24:26,409 [INFO] IPUIPlugin:80 - create IPUIPlugin
2026-01-22 19:24:26,409 [INFO] PluginManager:220 - loadIPPluginJar : add usbx
2026-01-22 19:24:26,576 [FATAL] Updater:351 - Updater called before beeing initialized
2026-01-22 19:24:26,619 [INFO] RulesReader:64 - Compatibility file has been processed (317 Rules)
2026-01-22 19:24:26,634 [INFO] RulesReader:64 - Compatibility file has been processed (317 Rules)
2026-01-22 19:24:26,655 [INFO] CADModel:165 - CPN selected for project level
2026-01-22 19:24:26,655 [INFO] CADModel:114 - Register for checkConnection events
2026-01-22 19:24:26,655 [FATAL] Updater:351 - Updater called before beeing initialized
2026-01-22 19:24:26,656 [ERROR] CADModel:125 - Updater not yet initialized, retry later 
2026-01-22 19:24:26,804 [ERROR] LogOutputStream:75 - [STDERR_REDIRECT] [Fatal Error] :1:1: Premature end of file.
2026-01-22 19:24:26,806 [ERROR] LogOutputStream:75 - [STDERR_REDIRECT] 
2026-01-22 19:24:27,046 [FATAL] Updater:351 - Updater called before beeing initialized
2026-01-22 19:24:27,049 [INFO] CADModel:165 - CPN selected for project level
2026-01-22 19:24:27,049 [INFO] CADModel:114 - Register for checkConnection events
2026-01-22 19:24:27,049 [FATAL] Updater:351 - Updater called before beeing initialized
2026-01-22 19:24:27,049 [ERROR] CADModel:125 - Updater not yet initialized, retry later 
2026-01-22 19:24:27,055 [FATAL] Updater:351 - Updater called before beeing initialized
2026-01-22 19:24:27,305 [FATAL] Updater:351 - Updater called before beeing initialized
2026-01-22 19:24:27,311 [INFO] DbMcusAds:53 - JSON generation date=Thu Oct 02 15:06:05 IST 2025 (1759397765645)
2026-01-22 19:24:27,312 [FATAL] Updater:351 - Updater called before beeing initialized
2026-01-22 19:24:27,364 [WARN] DetailPanel:346 - Failed to get advertising image, set to default
2026-01-22 19:24:27,492 [FATAL] Updater:351 - Updater called before beeing initialized
2026-01-22 19:24:27,495 [FATAL] Updater:351 - Updater called before beeing initialized
2026-01-22 19:24:27,495 [FATAL] Updater:351 - Updater called before beeing initialized
2026-01-22 19:24:27,496 [WARN] DetailPanel:346 - Failed to get advertising image, set to default
2026-01-22 19:24:27,497 [FATAL] Updater:351 - Updater called before beeing initialized
2026-01-22 19:24:27,600 [ERROR] Updater:1198 - MainUpdater not yet initialized. External WinMGr cannot be set.
2026-01-22 19:24:27,604 [INFO] Updater:1134 - Updater Version found : 6.15.0
2026-01-22 19:24:27,676 [INFO] ApplicationProperties:184 - Using Application install path: C:\ST\STM32CubeIDE_1.18.1\STM32CubeIDE\plugins\com.st.stm32cube.common.mx_6.15.0.202507011659
2026-01-22 19:24:27,813 [ERROR] LogOutputStream:75 - [STDERR_REDIRECT] [Fatal Error] :1:1: Premature end of file.
2026-01-22 19:24:27,813 [ERROR] LogOutputStream:75 - [STDERR_REDIRECT] 
2026-01-22 19:24:28,114 [INFO] ThirdPartyUpdaterWithRetryManager:70 - Updater plugin not ready yet. [2/15]
2026-01-22 19:24:28,826 [ERROR] LogOutputStream:75 - [STDERR_REDIRECT] [Fatal Error] :1:1: Premature end of file.
2026-01-22 19:24:28,828 [ERROR] LogOutputStream:75 - [STDERR_REDIRECT] 
2026-01-22 19:24:29,358 [ERROR] LogOutputStream:75 - [STDERR_REDIRECT] Jan 22, 2026 7:24:29 PM java.util.prefs.WindowsPreferences <init>
2026-01-22 19:24:29,362 [ERROR] LogOutputStream:75 - [STDERR_REDIRECT] WARNING: Could not open/create prefs root node Software\JavaSoft\Prefs at root 0xffffffff80000002. Windows RegCreateKeyEx(...) returned error code 5.
2026-01-22 19:24:29,363 [ERROR] LogOutputStream:75 - [STDERR_REDIRECT] 
2026-01-22 19:24:29,829 [ERROR] LogOutputStream:75 - [STDERR_REDIRECT] [Fatal Error] :1:1: Premature end of file.
2026-01-22 19:24:29,832 [ERROR] LogOutputStream:75 - [STDERR_REDIRECT] 
2026-01-22 19:24:30,483 [INFO] MainUpdater:2872 - connection check result : 10
2026-01-22 19:24:30,484 [INFO] MainUpdater:3604 - Updater definition file requires update
2026-01-22 19:24:30,486 [INFO] MainUpdater:289 - Updater Check For Update Now.
2026-01-22 19:24:30,486 [INFO] MicroXplorer:498 - Change Database Version : DB.6.0.150
2026-01-22 19:24:30,511 [INFO] McuFinderGlobals:63 - Set McuFinder mode to 2 (CubeIDE integrated)
2026-01-22 19:24:30,513 [INFO] UserAuth:487 - Internet connection configuration mode: 1
2026-01-22 19:24:30,564 [INFO] JxBrowserEngine:152 - Initiate JxBrowser Engine with user profile folder
2026-01-22 19:24:30,813 [ERROR] LogOutputStream:75 - [STDERR_REDIRECT] [Fatal Error] :1:1: Premature end of file.
2026-01-22 19:24:30,813 [ERROR] LogOutputStream:75 - [STDERR_REDIRECT] 
2026-01-22 19:24:30,988 [INFO] ServerAccessManage:452 - Complete download http(s) 200
2026-01-22 19:24:30,990 [INFO] ServerAccessManage:509 - Download File updaters.zip
2026-01-22 19:24:31,114 [WARN] MainUpdater:1193 - Updater busy. Cannot search thirdparties
2026-01-22 19:24:31,115 [INFO] ThirdPartyUpdaterWithRetryManager:96 - Updater plugin is busy. [1/15]
2026-01-22 19:24:31,573 [INFO] FileExtend:248 - Unzip File : updaters.zip
2026-01-22 19:24:31,574 [INFO] FileExtend:263 - Standard Zip Deflate
2026-01-22 19:24:31,799 [ERROR] LogOutputStream:75 - [STDERR_REDIRECT] [Fatal Error] :1:1: Premature end of file.
2026-01-22 19:24:31,800 [ERROR] LogOutputStream:75 - [STDERR_REDIRECT] 
2026-01-22 19:24:32,195 [INFO] ServerAccessManage:452 - Complete download http(s) 200
2026-01-22 19:24:32,196 [INFO] ServerAccessManage:509 - Download File PacksControlFlags.xml
2026-01-22 19:24:32,401 [INFO] ServerAccessManage:452 - Complete download http(s) 200
2026-01-22 19:24:32,401 [INFO] ServerAccessManage:509 - Download File cubemx.pidx
2026-01-22 19:24:32,809 [ERROR] LogOutputStream:75 - [STDERR_REDIRECT] [Fatal Error] :1:1: Premature end of file.
2026-01-22 19:24:32,811 [ERROR] LogOutputStream:75 - [STDERR_REDIRECT] 
2026-01-22 19:24:33,535 [INFO] ServerAccessManage:452 - Complete download http(s) 200
2026-01-22 19:24:33,536 [INFO] ServerAccessManage:509 - Download File STMicroelectronics.X-CUBE-NFC6.pdsc
2026-01-22 19:24:33,819 [ERROR] LogOutputStream:75 - [STDERR_REDIRECT] [Fatal Error] :1:1: Premature end of file.
2026-01-22 19:24:33,819 [INFO] WebApp:169 - Instantiating new browser for Auth
2026-01-22 19:24:33,819 [ERROR] LogOutputStream:75 - [STDERR_REDIRECT] 
2026-01-22 19:24:34,116 [WARN] MainUpdater:1193 - Updater busy. Cannot search thirdparties
2026-01-22 19:24:34,116 [INFO] ThirdPartyUpdaterWithRetryManager:96 - Updater plugin is busy. [2/15]
2026-01-22 19:24:34,501 [INFO] ServerAccessManage:452 - Complete download http(s) 200
2026-01-22 19:24:34,501 [INFO] ServerAccessManage:509 - Download File STMicroelectronics.X-CUBE-ST67W61.pdsc
2026-01-22 19:24:34,821 [ERROR] LogOutputStream:75 - [STDERR_REDIRECT] [Fatal Error] :1:1: Premature end of file.
2026-01-22 19:24:34,823 [ERROR] LogOutputStream:75 - [STDERR_REDIRECT] 
2026-01-22 19:24:34,968 [INFO] ServerAccessManage:452 - Complete download http(s) 200
2026-01-22 19:24:34,969 [INFO] ServerAccessManage:509 - Download File STMicroelectronics.X-CUBE-STSE01.pdsc
2026-01-22 19:24:35,812 [ERROR] LogOutputStream:75 - [STDERR_REDIRECT] [Fatal Error] :1:1: Premature end of file.
2026-01-22 19:24:35,813 [ERROR] LogOutputStream:75 - [STDERR_REDIRECT] 
2026-01-22 19:24:36,414 [INFO] CheckServerUpdateThread:120 - End of CheckServer Thread
2026-01-22 19:24:36,609 [WARN] PackLoader:240 - Cannot read IP mode file for STMicroelectronics.X-CUBE-NFC6.3.2.0
2026-01-22 19:24:36,676 [WARN] PackLoader:240 - Cannot read IP mode file for STMicroelectronics.X-CUBE-ST67W61.1.2.0
2026-01-22 19:24:36,726 [WARN] PackLoader:240 - Cannot read IP mode file for STMicroelectronics.X-CUBE-STSE01.2.0.0
2026-01-22 19:24:36,739 [INFO] PopulateThirdPartyThread:66 - Ending populate Thread
2026-01-22 19:24:36,746 [INFO] ThirdParty:1030 - CMSIS Pack Vendor :STMicroelectronics X-CUBE-STSE01 2.0.0
2026-01-22 19:24:36,748 [INFO] ThirdParty:1030 - CMSIS Pack Vendor :STMicroelectronics X-CUBE-NFC6 3.2.0
2026-01-22 19:24:36,748 [INFO] ThirdParty:1030 - CMSIS Pack Vendor :STMicroelectronics X-CUBE-ST67W61 1.2.0
2026-01-22 19:24:36,750 [INFO] LoadServerUpdatesThread:375 - End of LoadServerUpdate Thread
2026-01-22 19:24:36,831 [ERROR] LogOutputStream:75 - [STDERR_REDIRECT] [Fatal Error] :1:1: Premature end of file.
2026-01-22 19:24:36,833 [ERROR] LogOutputStream:75 - [STDERR_REDIRECT] 
2026-01-22 19:24:37,695 [INFO] WebApp:463 - Apply proxy settings
2026-01-22 19:24:37,701 [INFO] WebApp:548 - Chromium requires no authentication
2026-01-22 19:24:37,835 [ERROR] LogOutputStream:75 - [STDERR_REDIRECT] [Fatal Error] :1:1: Premature end of file.
2026-01-22 19:24:37,839 [ERROR] LogOutputStream:75 - [STDERR_REDIRECT] 
2026-01-22 19:24:37,920 [INFO] WebApp:491 - Direct internet connection detected
2026-01-22 19:24:38,579 [INFO] WebApp:900 - Register for checkConnection events
2026-01-22 19:24:38,581 [INFO] WebApp:463 - Apply proxy settings
2026-01-22 19:24:38,583 [INFO] WebApp:548 - Chromium requires no authentication
2026-01-22 19:24:38,609 [INFO] WebApp:491 - Direct internet connection detected
2026-01-22 19:24:38,763 [INFO] WebApp:191 - Connection restablished
2026-01-22 19:24:38,874 [ERROR] LogOutputStream:75 - [STDERR_REDIRECT] [Fatal Error] :1:1: Premature end of file.
2026-01-22 19:24:38,876 [ERROR] LogOutputStream:75 - [STDERR_REDIRECT] 
2026-01-22 19:24:39,786 [WARN] PackLoader:240 - Cannot read IP mode file for STMicroelectronics.FP-SNS-MOTENVWB1.1.4.0
2026-01-22 19:24:39,825 [WARN] PackLoader:240 - Cannot read IP mode file for STMicroelectronics.FP-ATR-ASTRA1.2.0.2
2026-01-22 19:24:39,837 [ERROR] LogOutputStream:75 - [STDERR_REDIRECT] [Fatal Error] :1:1: Premature end of file.
2026-01-22 19:24:39,837 [ERROR] LogOutputStream:75 - [STDERR_REDIRECT] 
2026-01-22 19:24:39,900 [WARN] PackLoader:240 - Cannot read IP mode file for STMicroelectronics.X-CUBE-SMBUS.2.1.0
2026-01-22 19:24:39,923 [WARN] PackLoader:240 - Cannot read IP mode file for STMicroelectronics.X-CUBE-ST60.1.0.0
2026-01-22 19:24:40,097 [WARN] PackLoader:240 - Cannot read IP mode file for STMicroelectronics.X-CUBE-AZRTOS-F7.1.1.0
2026-01-22 19:24:40,136 [WARN] PackLoader:240 - Cannot read IP mode file for Cesanta.I-CUBE-Mongoose.7.19.0
2026-01-22 19:24:40,160 [WARN] PackLoader:240 - Cannot read IP mode file for STMicroelectronics.FP-SNS-MOTENV1.5.1.0
2026-01-22 19:24:40,233 [WARN] PackLoader:240 - Cannot read IP mode file for WES.I-CUBE-Cesium.1.4.0
2026-01-22 19:24:40,344 [WARN] PackLoader:240 - Cannot read IP mode file for Infineon.AIROC-Wi-Fi-Bluetooth-STM32.1.7.0
2026-01-22 19:24:40,447 [WARN] PackLoader:240 - Cannot read IP mode file for Infineon.AIROC-Wi-Fi-Bluetooth-STM32.1.7.1
2026-01-22 19:24:40,555 [WARN] PackLoader:240 - Cannot read IP mode file for STMicroelectronics.X-CUBE-AZRTOS-H7.3.4.0
2026-01-22 19:24:40,597 [WARN] PackLoader:240 - Cannot read IP mode file for STMicroelectronics.X-CUBE-DISPLAY.3.0.0
2026-01-22 19:24:40,664 [WARN] PackLoader:240 - Cannot read IP mode file for STMicroelectronics.X-CUBE-NFC10.1.0.0
2026-01-22 19:24:40,713 [WARN] PackLoader:240 - Cannot read IP mode file for STMicroelectronics.X-CUBE-BLEMGR.4.0.0
2026-01-22 19:24:40,745 [WARN] PackLoader:240 - Cannot read IP mode file for STMicroelectronics.X-CUBE-ST60.1.1.0
2026-01-22 19:24:40,778 [WARN] PackLoader:240 - Cannot read IP mode file for emotas.I-CUBE-CANOPEN.1.3.0
2026-01-22 19:24:40,820 [WARN] PackLoader:240 - Cannot read IP mode file for STMicroelectronics.X-CUBE-GNSS1.7.1.0
2026-01-22 19:24:40,846 [ERROR] LogOutputStream:75 - [STDERR_REDIRECT] [Fatal Error] :1:1: Premature end of file.
2026-01-22 19:24:40,854 [ERROR] LogOutputStream:75 - [STDERR_REDIRECT] 
2026-01-22 19:24:40,882 [WARN] ConditionMgr:438 - getConditionDescription Invalid condition id : Cortex-A Device cause : null
2026-01-22 19:24:40,953 [WARN] ConditionMgr:1044 - genDependencies : Invalid condition id : Cortex-A Device cause : null
2026-01-22 19:24:40,955 [WARN] ConditionMgr:1044 - genDependencies : Invalid condition id : Cortex-A Device cause : null
2026-01-22 19:24:40,955 [WARN] ConditionMgr:1044 - genDependencies : Invalid condition id : Cortex-A Device cause : null
2026-01-22 19:24:40,970 [WARN] PackLoader:240 - Cannot read IP mode file for STMicroelectronics.X-CUBE-AI.10.0.0
2026-01-22 19:24:41,004 [WARN] PackLoader:240 - Cannot read IP mode file for STMicroelectronics.FP-SNS-STBOX1.2.1.0
2026-01-22 19:24:41,028 [WARN] PackLoader:240 - Cannot read IP mode file for STMicroelectronics.FP-SNS-SMARTAG2.1.2.0
2026-01-22 19:24:41,051 [WARN] PackLoader:240 - Cannot read IP mode file for STMicroelectronics.FP-SNS-FLIGHT1.5.1.0
2026-01-22 19:24:41,083 [INFO] LogOutputStream:77 - [STDOUT_REDIRECT] 1 : Invalid condition id : UX_CORESTACK_Condition cause : null
2026-01-22 19:24:41,087 [INFO] LogOutputStream:77 - [STDOUT_REDIRECT] 1 : Invalid condition id : UX_CORESTACK_Condition cause : null
2026-01-22 19:24:41,093 [INFO] LogOutputStream:77 - [STDOUT_REDIRECT] 1 : Invalid condition id : UX_CORESTACK_Condition cause : null
2026-01-22 19:24:41,099 [INFO] LogOutputStream:77 - [STDOUT_REDIRECT] 1 : Invalid condition id : UX_CORESTACK_Condition cause : null
2026-01-22 19:24:41,105 [INFO] LogOutputStream:77 - [STDOUT_REDIRECT] 1 : Invalid condition id : UX_CORESTACK_Condition cause : null
2026-01-22 19:24:41,114 [WARN] PackLoader:240 - Cannot read IP mode file for STMicroelectronics.X-CUBE-AZRTOS-WL.2.0.0
2026-01-22 19:24:41,128 [WARN] PackLoader:240 - Cannot read IP mode file for STMicroelectronics.FP-SNS-MOTENV1.5.0.0
2026-01-22 19:24:41,213 [WARN] PackLoader:240 - Cannot read IP mode file for STMicroelectronics.X-CUBE-AZRTOS-H7RS.1.2.0
2026-01-22 19:24:41,240 [WARN] PackLoader:240 - Cannot read IP mode file for WES.I-CUBE-Cesium.1.3.0
2026-01-22 19:24:41,273 [WARN] PackLoader:240 - Cannot read IP mode file for STMicroelectronics.X-CUBE-BLE2.3.3.0
2026-01-22 19:24:41,377 [WARN] PackLoader:240 - Cannot read IP mode file for STMicroelectronics.X-CUBE-NFC9.1.0.0
2026-01-22 19:24:41,403 [WARN] PackLoader:240 - Cannot read IP mode file for wolfSSL.I-CUBE-wolfSSL.5.8.0
2026-01-22 19:24:41,417 [WARN] PackLoader:240 - Cannot read IP mode file for wolfSSL.I-CUBE-wolfSSL.5.8.2
2026-01-22 19:24:41,440 [WARN] PackLoader:240 - Cannot read IP mode file for STMicroelectronics.X-CUBE-BLE1.7.1.0
2026-01-22 19:24:41,461 [WARN] PackLoader:240 - Cannot read IP mode file for wolfSSL.I-CUBE-wolfMQTT.1.19.2
2026-01-22 19:24:41,498 [WARN] PackLoader:240 - Cannot read IP mode file for STMicroelectronics.X-CUBE-FREERTOS.1.4.0
2026-01-22 19:24:41,540 [WARN] PackLoader:240 - Cannot read IP mode file for STMicroelectronics.X-CUBE-EEPRMA1.5.2.0
2026-01-22 19:24:41,575 [WARN] PackLoader:240 - Cannot read IP mode file for STMicroelectronics.X-CUBE-ST67W61.1.1.0
2026-01-22 19:24:41,595 [WARN] PackLoader:240 - Cannot read IP mode file for STMicroelectronics.X-CUBE-AI.10.1.0
2026-01-22 19:24:41,813 [WARN] PackLoader:240 - Cannot read IP mode file for STMicroelectronics.X-CUBE-MEMS1.12.0.0
2026-01-22 19:24:41,865 [ERROR] LogOutputStream:75 - [STDERR_REDIRECT] [Fatal Error] :1:1: Premature end of file.
2026-01-22 19:24:41,869 [ERROR] LogOutputStream:75 - [STDERR_REDIRECT] 
2026-01-22 19:24:42,290 [WARN] PackLoader:240 - Cannot read IP mode file for STMicroelectronics.X-CUBE-MEMS1.11.2.0
2026-01-22 19:24:42,890 [ERROR] LogOutputStream:75 - [STDERR_REDIRECT] [Fatal Error] :1:1: Premature end of file.
2026-01-22 19:24:42,894 [ERROR] LogOutputStream:75 - [STDERR_REDIRECT] 
2026-01-22 19:24:43,013 [WARN] PackLoader:240 - Cannot read IP mode file for STMicroelectronics.X-CUBE-AZRTOS-G0.1.1.0
2026-01-22 19:24:43,039 [WARN] PackLoader:240 - Cannot read IP mode file for STMicroelectronics.X-CUBE-SAFEA1.1.2.2
2026-01-22 19:24:43,063 [WARN] PackLoader:240 - Cannot read IP mode file for STMicroelectronics.X-CUBE-NFC4.3.0.0
2026-01-22 19:24:43,098 [WARN] PackLoader:240 - Cannot read IP mode file for EmbeddedOffice.I-CUBE-FS-RTOS.1.0.1
2026-01-22 19:24:43,126 [WARN] PackLoader:240 - Cannot read IP mode file for STMicroelectronics.X-CUBE-WB05N.2.0.0
2026-01-22 19:24:43,146 [WARN] PackLoader:240 - Cannot read IP mode file for wolfSSL.I-CUBE-wolfTPM.3.8.0
2026-01-22 19:24:43,167 [WARN] PackLoader:240 - Cannot read IP mode file for STMicroelectronics.X-CUBE-TCPP.4.2.0
2026-01-22 19:24:43,195 [WARN] PackLoader:240 - Cannot read IP mode file for RealThread.X-CUBE-RT-Thread_Nano.4.1.1
2026-01-22 19:24:43,218 [WARN] PackLoader:240 - Cannot read IP mode file for STMicroelectronics.FP-ATR-SIGFOX1.3.2.0
2026-01-22 19:24:43,238 [WARN] PackLoader:240 - Cannot read IP mode file for STMicroelectronics.X-CUBE-EEPRMA1.5.1.0
2026-01-22 19:24:43,275 [WARN] PackLoader:240 - Cannot read IP mode file for ITTIA_DB.I-CUBE-ITTIADB.8.9.0
2026-01-22 19:24:43,299 [WARN] PackLoader:240 - Cannot read IP mode file for STMicroelectronics.X-CUBE-NFC6.3.2.0
2026-01-22 19:24:43,343 [WARN] PackLoader:240 - Cannot read IP mode file for STMicroelectronics.X-CUBE-ST67W61.1.0.0
2026-01-22 19:24:43,366 [WARN] PackLoader:240 - Cannot read IP mode file for STMicroelectronics.X-CUBE-AI.10.2.0
2026-01-22 19:24:43,453 [WARN] PackLoader:240 - Cannot read IP mode file for SEGGER.I-CUBE-embOS.1.3.1
2026-01-22 19:24:43,546 [WARN] PackLoader:240 - Cannot read IP mode file for STMicroelectronics.X-CUBE-ALGOBUILD.1.4.0
2026-01-22 19:24:43,712 [WARN] PackLoader:240 - Cannot read IP mode file for STMicroelectronics.X-CUBE-MEMS1.11.3.0
2026-01-22 19:24:43,841 [ERROR] LogOutputStream:75 - [STDERR_REDIRECT] [Fatal Error] :1:1: Premature end of file.
2026-01-22 19:24:43,847 [ERROR] LogOutputStream:75 - [STDERR_REDIRECT] 
2026-01-22 19:24:44,092 [WARN] PackLoader:240 - Cannot read IP mode file for STMicroelectronics.X-CUBE-PM33A1.1.0.0
2026-01-22 19:24:44,136 [WARN] PackLoader:240 - Cannot read IP mode file for STMicroelectronics.X-CUBE-AZRTOS-F4.1.1.0
2026-01-22 19:24:44,160 [WARN] PackLoader:240 - Cannot read IP mode file for Avnet-IotConnect.X-CUBE-IoTC-DA16k-PMOD.1.0.0
2026-01-22 19:24:44,180 [WARN] PackLoader:240 - Cannot read IP mode file for STMicroelectronics.X-CUBE-ISPU.2.1.0
2026-01-22 19:24:44,221 [WARN] PackLoader:240 - Cannot read IP mode file for STMicroelectronics.X-CUBE-IPS.3.2.0
2026-01-22 19:24:44,263 [WARN] PackLoader:240 - Cannot read IP mode file for STMicroelectronics.X-CUBE-NFC12.1.0.0
2026-01-22 19:24:44,338 [WARN] PackLoader:240 - Cannot read IP mode file for STMicroelectronics.X-CUBE-AZRTOS-L5.2.0.0
2026-01-22 19:24:44,366 [WARN] PackLoader:240 - Cannot read IP mode file for STMicroelectronics.X-CUBE-NFC6.3.1.0
2026-01-22 19:24:44,387 [WARN] PackLoader:240 - Cannot read IP mode file for STMicroelectronics.X-CUBE-FREERTOS.1.3.1
2026-01-22 19:24:44,409 [WARN] PackLoader:240 - Cannot read IP mode file for STMicroelectronics.X-CUBE-TOUCHGFX.4.26.0
2026-01-22 19:24:44,427 [WARN] PackLoader:240 - Cannot read IP mode file for STMicroelectronics.FP-SNS-STAIOTCFT.1.0.0
2026-01-22 19:24:44,447 [WARN] PackLoader:240 - Cannot read IP mode file for STMicroelectronics.X-CUBE-DPower.1.3.0
2026-01-22 19:24:44,546 [WARN] ConditionMgr:438 - getConditionDescription Invalid condition id : LAN8742 Phy interface Condition cause : null
2026-01-22 19:24:44,548 [WARN] PackLoader:240 - Cannot read IP mode file for STMicroelectronics.X-CUBE-AZRTOS-L4.2.0.0
2026-01-22 19:24:44,554 [WARN] ConditionMgr:1044 - genDependencies : Invalid condition id : LAN8742 Phy interface Condition cause : null
2026-01-22 19:24:44,554 [WARN] ConditionMgr:1044 - genDependencies : Invalid condition id : LAN8742 Phy interface Condition cause : null
2026-01-22 19:24:44,556 [WARN] ConditionMgr:1044 - genDependencies : Invalid condition id : LAN8742 Phy interface Condition cause : null
2026-01-22 19:24:44,581 [WARN] PackLoader:240 - Cannot read IP mode file for STMicroelectronics.X-CUBE-SFXS2LP1.4.0.0
2026-01-22 19:24:44,605 [WARN] PackLoader:240 - Cannot read IP mode file for STMicroelectronics.X-CUBE-ST67W61.1.2.0
2026-01-22 19:24:44,876 [WARN] PackLoader:240 - Cannot read IP mode file for STMicroelectronics.X-CUBE-AZRTOS-H7.3.3.0
2026-01-22 19:24:44,999 [ERROR] LogOutputStream:75 - [STDERR_REDIRECT] [Fatal Error] :1:1: Premature end of file.
2026-01-22 19:24:45,001 [ERROR] LogOutputStream:75 - [STDERR_REDIRECT] 
2026-01-22 19:24:45,080 [WARN] PackLoader:240 - Cannot read IP mode file for STMicroelectronics.X-CUBE-BLEMGR.4.1.0
2026-01-22 19:24:45,189 [WARN] ConditionMgr:438 - getConditionDescription Invalid condition id : UX DEVICE CLASS RTOS Condition cause : null
2026-01-22 19:24:45,189 [WARN] ConditionMgr:438 - getConditionDescription Invalid condition id : UX DEVICE CLASS RTOS Condition cause : null
2026-01-22 19:24:45,198 [WARN] PackLoader:240 - Cannot read IP mode file for STMicroelectronics.X-CUBE-AZRTOS-WB.2.0.0
2026-01-22 19:24:45,201 [WARN] ConditionMgr:1044 - genDependencies : Invalid condition id : UX DEVICE CLASS RTOS Condition cause : null
2026-01-22 19:24:45,201 [WARN] ConditionMgr:1044 - genDependencies : Invalid condition id : UX DEVICE CLASS RTOS Condition cause : null
2026-01-22 19:24:45,203 [WARN] ConditionMgr:1044 - genDependencies : Invalid condition id : UX DEVICE CLASS RTOS Condition cause : null
2026-01-22 19:24:45,203 [WARN] ConditionMgr:1044 - genDependencies : Invalid condition id : UX DEVICE CLASS RTOS Condition cause : null
2026-01-22 19:24:45,205 [WARN] ConditionMgr:1044 - genDependencies : Invalid condition id : UX DEVICE CLASS RTOS Condition cause : null
2026-01-22 19:24:45,226 [WARN] PackLoader:240 - Cannot read IP mode file for STMicroelectronics.X-CUBE-GNSS1.7.0.1
2026-01-22 19:24:45,245 [WARN] PackLoader:240 - Cannot read IP mode file for STMicroelectronics.X-CUBE-TOUCHGFX.4.25.0
2026-01-22 19:24:45,265 [WARN] PackLoader:240 - Cannot read IP mode file for STMicroelectronics.FP-SNS-STBOX1.2.0.0
2026-01-22 19:24:45,290 [WARN] ConditionMgr:438 - getConditionDescription Invalid condition id : Cortex-A Device cause : null
2026-01-22 19:24:45,317 [WARN] ConditionMgr:1044 - genDependencies : Invalid condition id : Cortex-A Device cause : null
2026-01-22 19:24:45,318 [WARN] ConditionMgr:1044 - genDependencies : Invalid condition id : Cortex-A Device cause : null
2026-01-22 19:24:45,318 [WARN] ConditionMgr:1044 - genDependencies : Invalid condition id : Cortex-A Device cause : null
2026-01-22 19:24:45,348 [WARN] PackLoader:240 - Cannot read IP mode file for STMicroelectronics.X-CUBE-STSE01.2.0.0
2026-01-22 19:24:45,379 [WARN] PackLoader:240 - Cannot read IP mode file for STMicroelectronics.X-CUBE-SUBG2.5.0.0
2026-01-22 19:24:45,449 [WARN] PackLoader:240 - Cannot read IP mode file for STMicroelectronics.X-CUBE-AZRTOS-H7RS.1.1.0
2026-01-22 19:24:45,468 [WARN] PackLoader:240 - Cannot read IP mode file for Cesanta.I-CUBE-Mongoose.7.13.0
2026-01-22 19:24:45,511 [WARN] PackLoader:240 - Cannot read IP mode file for STMicroelectronics.X-CUBE-AZRTOS-G4.2.0.0
2026-01-22 19:24:45,533 [WARN] PackLoader:240 - Cannot read IP mode file for wolfSSL.I-CUBE-wolfSSH.1.4.20
2026-01-22 19:24:45,553 [WARN] PackLoader:240 - Cannot read IP mode file for STMicroelectronics.X-CUBE-NFC7.2.0.0
2026-01-22 19:24:45,586 [WARN] PackLoader:240 - Cannot read IP mode file for STMicroelectronics.X-CUBE-IPS.3.1.0
2026-01-22 19:24:45,640 [WARN] PackLoader:240 - Cannot read IP mode file for STMicroelectronics.X-CUBE-ALS.1.0.2
2026-01-22 19:24:45,660 [WARN] PackLoader:240 - Cannot read IP mode file for STMicroelectronics.X-CUBE-STSE01.1.0.0
2026-01-22 19:24:45,687 [WARN] PackLoader:240 - Cannot read IP mode file for portGmbH.I-Cube-SoM-uGOAL.1.1.0
2026-01-22 19:24:45,715 [WARN] PackLoader:240 - Cannot read IP mode file for STMicroelectronics.X-CUBE-TOF1.3.4.3
2026-01-22 19:24:45,739 [INFO] ThirdParty:978 - Integrity check success = true
2026-01-22 19:24:45,739 [INFO] IntegrityCheckThread:100 - exiting critical section [integrity check]
2026-01-22 19:24:45,739 [INFO] IntegrityCheckThread:103 - End integrity checks thread
2026-01-22 19:24:45,827 [ERROR] LogOutputStream:75 - [STDERR_REDIRECT] [Fatal Error] :1:1: Premature end of file.
2026-01-22 19:24:45,829 [ERROR] LogOutputStream:75 - [STDERR_REDIRECT] 
2026-01-22 19:24:45,888 [INFO] WebApp:225 - Starting web application
2026-01-22 19:24:45,890 [INFO] WebApp:593 - Web application path used C:\ST\STM32CubeIDE_1.18.1\STM32CubeIDE\plugins\com.st.stm32cube.common.mx_6.15.0.202507011659\db\plugins\mcufinder\reactClient1\index.html
2026-01-22 19:24:46,833 [ERROR] LogOutputStream:75 - [STDERR_REDIRECT] [Fatal Error] :1:1: Premature end of file.
2026-01-22 19:24:46,835 [ERROR] LogOutputStream:75 - [STDERR_REDIRECT] 
2026-01-22 19:24:46,966 [INFO] UserAuth:487 - Internet connection configuration mode: 1
2026-01-22 19:24:47,852 [ERROR] LogOutputStream:75 - [STDERR_REDIRECT] [Fatal Error] :1:1: Premature end of file.
2026-01-22 19:24:47,852 [ERROR] LogOutputStream:75 - [STDERR_REDIRECT] 
2026-01-22 19:24:48,827 [ERROR] LogOutputStream:75 - [STDERR_REDIRECT] [Fatal Error] :1:1: Premature end of file.
2026-01-22 19:24:48,827 [ERROR] LogOutputStream:75 - [STDERR_REDIRECT] 
2026-01-22 19:24:49,826 [ERROR] LogOutputStream:75 - [STDERR_REDIRECT] [Fatal Error] :1:1: Premature end of file.
2026-01-22 19:24:49,826 [ERROR] LogOutputStream:75 - [STDERR_REDIRECT] 
2026-01-22 19:24:50,833 [ERROR] LogOutputStream:75 - [STDERR_REDIRECT] [Fatal Error] :1:1: Premature end of file.
2026-01-22 19:24:50,833 [ERROR] LogOutputStream:75 - [STDERR_REDIRECT] 
2026-01-22 19:24:51,814 [ERROR] LogOutputStream:75 - [STDERR_REDIRECT] [Fatal Error] :1:1: Premature end of file.
2026-01-22 19:24:51,814 [ERROR] LogOutputStream:75 - [STDERR_REDIRECT] 
2026-01-22 19:24:52,847 [ERROR] LogOutputStream:75 - [STDERR_REDIRECT] [Fatal Error] :1:1: Premature end of file.
2026-01-22 19:24:52,847 [ERROR] LogOutputStream:75 - [STDERR_REDIRECT] 
2026-01-22 19:24:53,837 [ERROR] LogOutputStream:75 - [STDERR_REDIRECT] [Fatal Error] :1:1: Premature end of file.
2026-01-22 19:24:53,840 [ERROR] LogOutputStream:75 - [STDERR_REDIRECT] 
2026-01-22 19:24:54,835 [ERROR] LogOutputStream:75 - [STDERR_REDIRECT] [Fatal Error] :1:1: Premature end of file.
2026-01-22 19:24:54,836 [ERROR] LogOutputStream:75 - [STDERR_REDIRECT] 
2026-01-22 19:24:55,824 [ERROR] LogOutputStream:75 - [STDERR_REDIRECT] [Fatal Error] :1:1: Premature end of file.
2026-01-22 19:24:55,825 [ERROR] LogOutputStream:75 - [STDERR_REDIRECT] 
2026-01-22 19:24:56,826 [ERROR] LogOutputStream:75 - [STDERR_REDIRECT] [Fatal Error] :1:1: Premature end of file.
2026-01-22 19:24:56,826 [ERROR] LogOutputStream:75 - [STDERR_REDIRECT] 
2026-01-22 19:24:57,847 [ERROR] LogOutputStream:75 - [STDERR_REDIRECT] [Fatal Error] :1:1: Premature end of file.
2026-01-22 19:24:57,847 [ERROR] LogOutputStream:75 - [STDERR_REDIRECT] 
2026-01-22 19:24:58,824 [ERROR] LogOutputStream:75 - [STDERR_REDIRECT] [Fatal Error] :1:1: Premature end of file.
2026-01-22 19:24:58,824 [ERROR] LogOutputStream:75 - [STDERR_REDIRECT] 
2026-01-22 19:24:59,862 [ERROR] LogOutputStream:75 - [STDERR_REDIRECT] [Fatal Error] :1:1: Premature end of file.
2026-01-22 19:24:59,862 [ERROR] LogOutputStream:75 - [STDERR_REDIRECT] 
2026-01-22 19:25:00,826 [ERROR] LogOutputStream:75 - [STDERR_REDIRECT] [Fatal Error] :1:1: Premature end of file.
2026-01-22 19:25:00,826 [ERROR] LogOutputStream:75 - [STDERR_REDIRECT] 
2026-01-22 19:25:01,831 [ERROR] LogOutputStream:75 - [STDERR_REDIRECT] [Fatal Error] :1:1: Premature end of file.
2026-01-22 19:25:01,831 [ERROR] LogOutputStream:75 - [STDERR_REDIRECT] 
2026-01-22 19:25:02,834 [ERROR] LogOutputStream:75 - [STDERR_REDIRECT] [Fatal Error] :1:1: Premature end of file.
2026-01-22 19:25:02,834 [ERROR] LogOutputStream:75 - [STDERR_REDIRECT] 
2026-01-22 19:25:03,833 [ERROR] LogOutputStream:75 - [STDERR_REDIRECT] [Fatal Error] :1:1: Premature end of file.
2026-01-22 19:25:03,833 [ERROR] LogOutputStream:75 - [STDERR_REDIRECT] 
2026-01-22 19:25:04,835 [ERROR] LogOutputStream:75 - [STDERR_REDIRECT] [Fatal Error] :1:1: Premature end of file.
2026-01-22 19:25:04,835 [ERROR] LogOutputStream:75 - [STDERR_REDIRECT] 
2026-01-22 19:25:05,832 [ERROR] LogOutputStream:75 - [STDERR_REDIRECT] [Fatal Error] :1:1: Premature end of file.
2026-01-22 19:25:05,832 [ERROR] LogOutputStream:75 - [STDERR_REDIRECT] 
2026-01-22 19:25:06,827 [ERROR] LogOutputStream:75 - [STDERR_REDIRECT] [Fatal Error] :1:1: Premature end of file.
2026-01-22 19:25:06,827 [ERROR] LogOutputStream:75 - [STDERR_REDIRECT] 
2026-01-22 19:25:07,831 [ERROR] LogOutputStream:75 - [STDERR_REDIRECT] [Fatal Error] :1:1: Premature end of file.
2026-01-22 19:25:07,832 [ERROR] LogOutputStream:75 - [STDERR_REDIRECT] 
2026-01-22 19:25:08,831 [ERROR] LogOutputStream:75 - [STDERR_REDIRECT] [Fatal Error] :1:1: Premature end of file.
2026-01-22 19:25:08,832 [ERROR] LogOutputStream:75 - [STDERR_REDIRECT] 
2026-01-22 19:25:09,831 [ERROR] LogOutputStream:75 - [STDERR_REDIRECT] [Fatal Error] :1:1: Premature end of file.
2026-01-22 19:25:09,831 [ERROR] LogOutputStream:75 - [STDERR_REDIRECT] 
2026-01-22 19:25:10,840 [ERROR] LogOutputStream:75 - [STDERR_REDIRECT] [Fatal Error] :1:1: Premature end of file.
2026-01-22 19:25:10,840 [ERROR] LogOutputStream:75 - [STDERR_REDIRECT] 
2026-01-22 19:25:11,843 [ERROR] LogOutputStream:75 - [STDERR_REDIRECT] [Fatal Error] :1:1: Premature end of file.
2026-01-22 19:25:11,843 [ERROR] LogOutputStream:75 - [STDERR_REDIRECT] 
2026-01-22 19:25:12,837 [ERROR] LogOutputStream:75 - [STDERR_REDIRECT] [Fatal Error] :1:1: Premature end of file.
2026-01-22 19:25:12,841 [ERROR] LogOutputStream:75 - [STDERR_REDIRECT] 
2026-01-22 19:25:13,834 [ERROR] LogOutputStream:75 - [STDERR_REDIRECT] [Fatal Error] :1:1: Premature end of file.
2026-01-22 19:25:13,836 [ERROR] LogOutputStream:75 - [STDERR_REDIRECT] 
2026-01-22 19:25:14,826 [ERROR] LogOutputStream:75 - [STDERR_REDIRECT] [Fatal Error] :1:1: Premature end of file.
2026-01-22 19:25:14,830 [ERROR] LogOutputStream:75 - [STDERR_REDIRECT] 
2026-01-22 19:25:15,823 [ERROR] LogOutputStream:75 - [STDERR_REDIRECT] [Fatal Error] :1:1: Premature end of file.
2026-01-22 19:25:15,826 [ERROR] LogOutputStream:75 - [STDERR_REDIRECT] 
2026-01-22 19:25:16,827 [ERROR] LogOutputStream:75 - [STDERR_REDIRECT] [Fatal Error] :1:1: Premature end of file.
2026-01-22 19:25:16,827 [ERROR] LogOutputStream:75 - [STDERR_REDIRECT] 
2026-01-22 19:25:17,845 [ERROR] LogOutputStream:75 - [STDERR_REDIRECT] [Fatal Error] :1:1: Premature end of file.
2026-01-22 19:25:17,845 [ERROR] LogOutputStream:75 - [STDERR_REDIRECT] 
2026-01-22 19:25:18,830 [ERROR] LogOutputStream:75 - [STDERR_REDIRECT] [Fatal Error] :1:1: Premature end of file.
2026-01-22 19:25:18,830 [ERROR] LogOutputStream:75 - [STDERR_REDIRECT] 
2026-01-22 19:25:19,823 [ERROR] LogOutputStream:75 - [STDERR_REDIRECT] [Fatal Error] :1:1: Premature end of file.
2026-01-22 19:25:19,823 [ERROR] LogOutputStream:75 - [STDERR_REDIRECT] 
2026-01-22 19:25:20,834 [ERROR] LogOutputStream:75 - [STDERR_REDIRECT] [Fatal Error] :1:1: Premature end of file.
2026-01-22 19:25:20,834 [ERROR] LogOutputStream:75 - [STDERR_REDIRECT] 
2026-01-22 19:25:21,832 [ERROR] LogOutputStream:75 - [STDERR_REDIRECT] [Fatal Error] :1:1: Premature end of file.
2026-01-22 19:25:21,834 [ERROR] LogOutputStream:75 - [STDERR_REDIRECT] 
2026-01-22 19:25:22,830 [ERROR] LogOutputStream:75 - [STDERR_REDIRECT] [Fatal Error] :1:1: Premature end of file.
2026-01-22 19:25:22,830 [ERROR] LogOutputStream:75 - [STDERR_REDIRECT] 
2026-01-22 19:25:23,815 [ERROR] LogOutputStream:75 - [STDERR_REDIRECT] [Fatal Error] :1:1: Premature end of file.
2026-01-22 19:25:23,815 [ERROR] LogOutputStream:75 - [STDERR_REDIRECT] 
2026-01-22 19:25:24,834 [ERROR] LogOutputStream:75 - [STDERR_REDIRECT] [Fatal Error] :1:1: Premature end of file.
2026-01-22 19:25:24,834 [ERROR] LogOutputStream:75 - [STDERR_REDIRECT] 
2026-01-22 19:25:25,828 [ERROR] LogOutputStream:75 - [STDERR_REDIRECT] [Fatal Error] :1:1: Premature end of file.
2026-01-22 19:25:25,830 [ERROR] LogOutputStream:75 - [STDERR_REDIRECT] 
2026-01-22 19:25:26,829 [ERROR] LogOutputStream:75 - [STDERR_REDIRECT] [Fatal Error] :1:1: Premature end of file.
2026-01-22 19:25:26,830 [ERROR] LogOutputStream:75 - [STDERR_REDIRECT] 
2026-01-22 19:25:27,822 [ERROR] LogOutputStream:75 - [STDERR_REDIRECT] [Fatal Error] :1:1: Premature end of file.
2026-01-22 19:25:27,822 [ERROR] LogOutputStream:75 - [STDERR_REDIRECT] 
2026-01-22 19:25:28,831 [ERROR] LogOutputStream:75 - [STDERR_REDIRECT] [Fatal Error] :1:1: Premature end of file.
2026-01-22 19:25:28,831 [ERROR] LogOutputStream:75 - [STDERR_REDIRECT] 
2026-01-22 19:25:29,824 [ERROR] LogOutputStream:75 - [STDERR_REDIRECT] [Fatal Error] :1:1: Premature end of file.
2026-01-22 19:25:29,824 [ERROR] LogOutputStream:75 - [STDERR_REDIRECT] 
2026-01-22 19:25:30,822 [ERROR] LogOutputStream:75 - [STDERR_REDIRECT] [Fatal Error] :1:1: Premature end of file.
2026-01-22 19:25:30,822 [ERROR] LogOutputStream:75 - [STDERR_REDIRECT] 
2026-01-22 19:25:31,811 [ERROR] LogOutputStream:75 - [STDERR_REDIRECT] [Fatal Error] :1:1: Premature end of file.
2026-01-22 19:25:31,811 [ERROR] LogOutputStream:75 - [STDERR_REDIRECT] 
2026-01-22 19:25:32,837 [ERROR] LogOutputStream:75 - [STDERR_REDIRECT] [Fatal Error] :1:1: Premature end of file.
2026-01-22 19:25:32,839 [ERROR] LogOutputStream:75 - [STDERR_REDIRECT] 
2026-01-22 19:25:33,836 [ERROR] LogOutputStream:75 - [STDERR_REDIRECT] [Fatal Error] :1:1: Premature end of file.
2026-01-22 19:25:33,836 [ERROR] LogOutputStream:75 - [STDERR_REDIRECT] 
2026-01-22 19:25:34,829 [ERROR] LogOutputStream:75 - [STDERR_REDIRECT] [Fatal Error] :1:1: Premature end of file.
2026-01-22 19:25:34,829 [ERROR] LogOutputStream:75 - [STDERR_REDIRECT] 
2026-01-22 19:25:35,833 [ERROR] LogOutputStream:75 - [STDERR_REDIRECT] [Fatal Error] :1:1: Premature end of file.
2026-01-22 19:25:35,833 [ERROR] LogOutputStream:75 - [STDERR_REDIRECT] 
2026-01-22 19:25:36,841 [ERROR] LogOutputStream:75 - [STDERR_REDIRECT] [Fatal Error] :1:1: Premature end of file.
2026-01-22 19:25:36,841 [ERROR] LogOutputStream:75 - [STDERR_REDIRECT] 
2026-01-22 19:25:37,837 [ERROR] LogOutputStream:75 - [STDERR_REDIRECT] [Fatal Error] :1:1: Premature end of file.
2026-01-22 19:25:37,837 [ERROR] LogOutputStream:75 - [STDERR_REDIRECT] 
2026-01-22 19:25:38,838 [ERROR] LogOutputStream:75 - [STDERR_REDIRECT] [Fatal Error] :1:1: Premature end of file.
2026-01-22 19:25:38,838 [ERROR] LogOutputStream:75 - [STDERR_REDIRECT] 
2026-01-22 19:25:39,829 [ERROR] LogOutputStream:75 - [STDERR_REDIRECT] [Fatal Error] :1:1: Premature end of file.
2026-01-22 19:25:39,829 [ERROR] LogOutputStream:75 - [STDERR_REDIRECT] 
2026-01-22 19:25:40,830 [ERROR] LogOutputStream:75 - [STDERR_REDIRECT] [Fatal Error] :1:1: Premature end of file.
2026-01-22 19:25:40,832 [ERROR] LogOutputStream:75 - [STDERR_REDIRECT] 
2026-01-22 19:25:41,844 [ERROR] LogOutputStream:75 - [STDERR_REDIRECT] [Fatal Error] :1:1: Premature end of file.
2026-01-22 19:25:41,844 [ERROR] LogOutputStream:75 - [STDERR_REDIRECT] 
2026-01-22 19:25:42,836 [ERROR] LogOutputStream:75 - [STDERR_REDIRECT] [Fatal Error] :1:1: Premature end of file.
2026-01-22 19:25:42,836 [ERROR] LogOutputStream:75 - [STDERR_REDIRECT] 
2026-01-22 19:25:43,842 [ERROR] LogOutputStream:75 - [STDERR_REDIRECT] [Fatal Error] :1:1: Premature end of file.
2026-01-22 19:25:43,842 [ERROR] LogOutputStream:75 - [STDERR_REDIRECT] 
2026-01-22 19:25:44,840 [ERROR] LogOutputStream:75 - [STDERR_REDIRECT] [Fatal Error] :1:1: Premature end of file.
2026-01-22 19:25:44,840 [ERROR] LogOutputStream:75 - [STDERR_REDIRECT] 
2026-01-22 19:25:45,834 [ERROR] LogOutputStream:75 - [STDERR_REDIRECT] [Fatal Error] :1:1: Premature end of file.
2026-01-22 19:25:45,834 [ERROR] LogOutputStream:75 - [STDERR_REDIRECT] 
2026-01-22 19:25:46,828 [ERROR] LogOutputStream:75 - [STDERR_REDIRECT] [Fatal Error] :1:1: Premature end of file.
2026-01-22 19:25:46,828 [ERROR] LogOutputStream:75 - [STDERR_REDIRECT] 
2026-01-22 19:25:47,833 [ERROR] LogOutputStream:75 - [STDERR_REDIRECT] [Fatal Error] :1:1: Premature end of file.
2026-01-22 19:25:47,833 [ERROR] LogOutputStream:75 - [STDERR_REDIRECT] 
2026-01-22 19:25:48,823 [ERROR] LogOutputStream:75 - [STDERR_REDIRECT] [Fatal Error] :1:1: Premature end of file.
2026-01-22 19:25:48,823 [ERROR] LogOutputStream:75 - [STDERR_REDIRECT] 
2026-01-22 19:25:49,828 [ERROR] LogOutputStream:75 - [STDERR_REDIRECT] [Fatal Error] :1:1: Premature end of file.
2026-01-22 19:25:49,828 [ERROR] LogOutputStream:75 - [STDERR_REDIRECT] 
2026-01-22 19:25:50,848 [ERROR] LogOutputStream:75 - [STDERR_REDIRECT] [Fatal Error] :1:1: Premature end of file.
2026-01-22 19:25:50,848 [ERROR] LogOutputStream:75 - [STDERR_REDIRECT] 
2026-01-22 19:25:51,832 [ERROR] LogOutputStream:75 - [STDERR_REDIRECT] [Fatal Error] :1:1: Premature end of file.
2026-01-22 19:25:51,834 [ERROR] LogOutputStream:75 - [STDERR_REDIRECT] 
2026-01-22 19:25:52,833 [ERROR] LogOutputStream:75 - [STDERR_REDIRECT] [Fatal Error] :1:1: Premature end of file.
2026-01-22 19:25:52,833 [ERROR] LogOutputStream:75 - [STDERR_REDIRECT] 
2026-01-22 19:25:53,836 [ERROR] LogOutputStream:75 - [STDERR_REDIRECT] [Fatal Error] :1:1: Premature end of file.
2026-01-22 19:25:53,836 [ERROR] LogOutputStream:75 - [STDERR_REDIRECT] 
2026-01-22 19:25:54,843 [ERROR] LogOutputStream:75 - [STDERR_REDIRECT] [Fatal Error] :1:1: Premature end of file.
2026-01-22 19:25:54,843 [ERROR] LogOutputStream:75 - [STDERR_REDIRECT] 
2026-01-22 19:25:55,859 [ERROR] LogOutputStream:75 - [STDERR_REDIRECT] [Fatal Error] :1:1: Premature end of file.
2026-01-22 19:25:55,862 [ERROR] LogOutputStream:75 - [STDERR_REDIRECT] 
2026-01-22 19:25:56,833 [ERROR] LogOutputStream:75 - [STDERR_REDIRECT] [Fatal Error] :1:1: Premature end of file.
2026-01-22 19:25:56,833 [ERROR] LogOutputStream:75 - [STDERR_REDIRECT] 
2026-01-22 19:25:57,836 [ERROR] LogOutputStream:75 - [STDERR_REDIRECT] [Fatal Error] :1:1: Premature end of file.
2026-01-22 19:25:57,836 [ERROR] LogOutputStream:75 - [STDERR_REDIRECT] 
2026-01-22 19:25:58,828 [ERROR] LogOutputStream:75 - [STDERR_REDIRECT] [Fatal Error] :1:1: Premature end of file.
2026-01-22 19:25:58,830 [ERROR] LogOutputStream:75 - [STDERR_REDIRECT] 
2026-01-22 19:25:59,838 [ERROR] LogOutputStream:75 - [STDERR_REDIRECT] [Fatal Error] :1:1: Premature end of file.
2026-01-22 19:25:59,838 [ERROR] LogOutputStream:75 - [STDERR_REDIRECT] 
2026-01-22 19:26:00,824 [ERROR] LogOutputStream:75 - [STDERR_REDIRECT] [Fatal Error] :1:1: Premature end of file.
2026-01-22 19:26:00,824 [ERROR] LogOutputStream:75 - [STDERR_REDIRECT] 
2026-01-22 19:26:01,843 [ERROR] LogOutputStream:75 - [STDERR_REDIRECT] [Fatal Error] :1:1: Premature end of file.
2026-01-22 19:26:01,843 [ERROR] LogOutputStream:75 - [STDERR_REDIRECT] 
2026-01-22 19:26:02,825 [ERROR] LogOutputStream:75 - [STDERR_REDIRECT] [Fatal Error] :1:1: Premature end of file.
2026-01-22 19:26:02,825 [ERROR] LogOutputStream:75 - [STDERR_REDIRECT] 
2026-01-22 19:26:03,826 [ERROR] LogOutputStream:75 - [STDERR_REDIRECT] [Fatal Error] :1:1: Premature end of file.
2026-01-22 19:26:03,826 [ERROR] LogOutputStream:75 - [STDERR_REDIRECT] 
2026-01-22 19:26:04,833 [ERROR] LogOutputStream:75 - [STDERR_REDIRECT] [Fatal Error] :1:1: Premature end of file.
2026-01-22 19:26:04,838 [ERROR] LogOutputStream:75 - [STDERR_REDIRECT] 
2026-01-22 19:26:05,825 [ERROR] LogOutputStream:75 - [STDERR_REDIRECT] [Fatal Error] :1:1: Premature end of file.
2026-01-22 19:26:05,826 [ERROR] LogOutputStream:75 - [STDERR_REDIRECT] 
2026-01-22 19:26:06,830 [ERROR] LogOutputStream:75 - [STDERR_REDIRECT] [Fatal Error] :1:1: Premature end of file.
2026-01-22 19:26:06,831 [ERROR] LogOutputStream:75 - [STDERR_REDIRECT] 
2026-01-22 19:26:07,837 [ERROR] LogOutputStream:75 - [STDERR_REDIRECT] [Fatal Error] :1:1: Premature end of file.
2026-01-22 19:26:07,837 [ERROR] LogOutputStream:75 - [STDERR_REDIRECT] 
2026-01-22 19:26:08,836 [ERROR] LogOutputStream:75 - [STDERR_REDIRECT] [Fatal Error] :1:1: Premature end of file.
2026-01-22 19:26:08,836 [ERROR] LogOutputStream:75 - [STDERR_REDIRECT] 
2026-01-22 19:26:09,870 [ERROR] LogOutputStream:75 - [STDERR_REDIRECT] [Fatal Error] :1:1: Premature end of file.
2026-01-22 19:26:09,870 [ERROR] LogOutputStream:75 - [STDERR_REDIRECT] 
2026-01-22 19:26:10,823 [ERROR] LogOutputStream:75 - [STDERR_REDIRECT] [Fatal Error] :1:1: Premature end of file.
2026-01-22 19:26:10,826 [ERROR] LogOutputStream:75 - [STDERR_REDIRECT] 
2026-01-22 19:26:11,832 [ERROR] LogOutputStream:75 - [STDERR_REDIRECT] [Fatal Error] :1:1: Premature end of file.
2026-01-22 19:26:11,832 [ERROR] LogOutputStream:75 - [STDERR_REDIRECT] 
2026-01-22 19:26:12,822 [ERROR] LogOutputStream:75 - [STDERR_REDIRECT] [Fatal Error] :1:1: Premature end of file.
2026-01-22 19:26:12,822 [ERROR] LogOutputStream:75 - [STDERR_REDIRECT] 
2026-01-22 19:26:13,802 [ERROR] LogOutputStream:75 - [STDERR_REDIRECT] [Fatal Error] :1:1: Premature end of file.
2026-01-22 19:26:13,802 [ERROR] LogOutputStream:75 - [STDERR_REDIRECT] 
2026-01-22 19:26:14,812 [ERROR] LogOutputStream:75 - [STDERR_REDIRECT] [Fatal Error] :1:1: Premature end of file.
2026-01-22 19:26:14,812 [ERROR] LogOutputStream:75 - [STDERR_REDIRECT] 
2026-01-22 19:26:15,823 [ERROR] LogOutputStream:75 - [STDERR_REDIRECT] [Fatal Error] :1:1: Premature end of file.
2026-01-22 19:26:15,823 [ERROR] LogOutputStream:75 - [STDERR_REDIRECT] 
2026-01-22 19:26:16,845 [ERROR] LogOutputStream:75 - [STDERR_REDIRECT] [Fatal Error] :1:1: Premature end of file.
2026-01-22 19:26:16,845 [ERROR] LogOutputStream:75 - [STDERR_REDIRECT] 
2026-01-22 19:26:17,843 [ERROR] LogOutputStream:75 - [STDERR_REDIRECT] [Fatal Error] :1:1: Premature end of file.
2026-01-22 19:26:17,844 [ERROR] LogOutputStream:75 - [STDERR_REDIRECT] 
2026-01-22 19:26:18,830 [ERROR] LogOutputStream:75 - [STDERR_REDIRECT] [Fatal Error] :1:1: Premature end of file.
2026-01-22 19:26:18,835 [ERROR] LogOutputStream:75 - [STDERR_REDIRECT] 
2026-01-22 19:26:19,830 [ERROR] LogOutputStream:75 - [STDERR_REDIRECT] [Fatal Error] :1:1: Premature end of file.
2026-01-22 19:26:19,830 [ERROR] LogOutputStream:75 - [STDERR_REDIRECT] 
2026-01-22 19:26:20,838 [ERROR] LogOutputStream:75 - [STDERR_REDIRECT] [Fatal Error] :1:1: Premature end of file.
2026-01-22 19:26:20,838 [ERROR] LogOutputStream:75 - [STDERR_REDIRECT] 
2026-01-22 19:26:21,868 [ERROR] LogOutputStream:75 - [STDERR_REDIRECT] [Fatal Error] :1:1: Premature end of file.
2026-01-22 19:26:21,868 [ERROR] LogOutputStream:75 - [STDERR_REDIRECT] 
2026-01-22 19:26:22,824 [ERROR] LogOutputStream:75 - [STDERR_REDIRECT] [Fatal Error] :1:1: Premature end of file.
2026-01-22 19:26:22,824 [ERROR] LogOutputStream:75 - [STDERR_REDIRECT] 
2026-01-22 19:26:23,838 [ERROR] LogOutputStream:75 - [STDERR_REDIRECT] [Fatal Error] :1:1: Premature end of file.
2026-01-22 19:26:23,841 [ERROR] LogOutputStream:75 - [STDERR_REDIRECT] 
2026-01-22 19:26:24,843 [ERROR] LogOutputStream:75 - [STDERR_REDIRECT] [Fatal Error] :1:1: Premature end of file.
2026-01-22 19:26:24,843 [ERROR] LogOutputStream:75 - [STDERR_REDIRECT] 
2026-01-22 19:26:25,830 [ERROR] LogOutputStream:75 - [STDERR_REDIRECT] [Fatal Error] :1:1: Premature end of file.
2026-01-22 19:26:25,830 [ERROR] LogOutputStream:75 - [STDERR_REDIRECT] 
2026-01-22 19:26:26,824 [ERROR] LogOutputStream:75 - [STDERR_REDIRECT] [Fatal Error] :1:1: Premature end of file.
2026-01-22 19:26:26,824 [ERROR] LogOutputStream:75 - [STDERR_REDIRECT] 
2026-01-22 19:26:27,827 [ERROR] LogOutputStream:75 - [STDERR_REDIRECT] [Fatal Error] :1:1: Premature end of file.
2026-01-22 19:26:27,827 [ERROR] LogOutputStream:75 - [STDERR_REDIRECT] 
2026-01-22 19:26:28,830 [ERROR] LogOutputStream:75 - [STDERR_REDIRECT] [Fatal Error] :1:1: Premature end of file.
2026-01-22 19:26:28,830 [ERROR] LogOutputStream:75 - [STDERR_REDIRECT] 
2026-01-22 19:26:29,827 [ERROR] LogOutputStream:75 - [STDERR_REDIRECT] [Fatal Error] :1:1: Premature end of file.
2026-01-22 19:26:29,827 [ERROR] LogOutputStream:75 - [STDERR_REDIRECT] 
2026-01-22 19:26:30,831 [ERROR] LogOutputStream:75 - [STDERR_REDIRECT] [Fatal Error] :1:1: Premature end of file.
2026-01-22 19:26:30,831 [ERROR] LogOutputStream:75 - [STDERR_REDIRECT] 
2026-01-22 19:26:31,827 [ERROR] LogOutputStream:75 - [STDERR_REDIRECT] [Fatal Error] :1:1: Premature end of file.
2026-01-22 19:26:31,827 [ERROR] LogOutputStream:75 - [STDERR_REDIRECT] 
2026-01-22 19:26:32,813 [ERROR] LogOutputStream:75 - [STDERR_REDIRECT] [Fatal Error] :1:1: Premature end of file.
2026-01-22 19:26:32,813 [ERROR] LogOutputStream:75 - [STDERR_REDIRECT] 
2026-01-22 19:26:33,826 [ERROR] LogOutputStream:75 - [STDERR_REDIRECT] [Fatal Error] :1:1: Premature end of file.
2026-01-22 19:26:33,826 [ERROR] LogOutputStream:75 - [STDERR_REDIRECT] 
2026-01-22 19:26:34,835 [ERROR] LogOutputStream:75 - [STDERR_REDIRECT] [Fatal Error] :1:1: Premature end of file.
2026-01-22 19:26:34,835 [ERROR] LogOutputStream:75 - [STDERR_REDIRECT] 
2026-01-22 19:26:35,828 [ERROR] LogOutputStream:75 - [STDERR_REDIRECT] [Fatal Error] :1:1: Premature end of file.
2026-01-22 19:26:35,830 [ERROR] LogOutputStream:75 - [STDERR_REDIRECT] 
2026-01-22 19:26:36,830 [ERROR] LogOutputStream:75 - [STDERR_REDIRECT] [Fatal Error] :1:1: Premature end of file.
2026-01-22 19:26:36,830 [ERROR] LogOutputStream:75 - [STDERR_REDIRECT] 
2026-01-22 19:26:37,829 [ERROR] LogOutputStream:75 - [STDERR_REDIRECT] [Fatal Error] :1:1: Premature end of file.
2026-01-22 19:26:37,829 [ERROR] LogOutputStream:75 - [STDERR_REDIRECT] 
2026-01-22 19:26:38,832 [ERROR] LogOutputStream:75 - [STDERR_REDIRECT] [Fatal Error] :1:1: Premature end of file.
2026-01-22 19:26:38,832 [ERROR] LogOutputStream:75 - [STDERR_REDIRECT] 
2026-01-22 19:26:39,843 [ERROR] LogOutputStream:75 - [STDERR_REDIRECT] [Fatal Error] :1:1: Premature end of file.
2026-01-22 19:26:39,843 [ERROR] LogOutputStream:75 - [STDERR_REDIRECT] 
2026-01-22 19:26:40,842 [ERROR] LogOutputStream:75 - [STDERR_REDIRECT] [Fatal Error] :1:1: Premature end of file.
2026-01-22 19:26:40,842 [ERROR] LogOutputStream:75 - [STDERR_REDIRECT] 
2026-01-22 19:26:41,833 [ERROR] LogOutputStream:75 - [STDERR_REDIRECT] [Fatal Error] :1:1: Premature end of file.
2026-01-22 19:26:41,833 [ERROR] LogOutputStream:75 - [STDERR_REDIRECT] 
2026-01-22 19:26:42,834 [ERROR] LogOutputStream:75 - [STDERR_REDIRECT] [Fatal Error] :1:1: Premature end of file.
2026-01-22 19:26:42,834 [ERROR] LogOutputStream:75 - [STDERR_REDIRECT] 
2026-01-22 19:26:43,820 [ERROR] LogOutputStream:75 - [STDERR_REDIRECT] [Fatal Error] :1:1: Premature end of file.
2026-01-22 19:26:43,821 [ERROR] LogOutputStream:75 - [STDERR_REDIRECT] 
2026-01-22 19:26:44,816 [ERROR] LogOutputStream:75 - [STDERR_REDIRECT] [Fatal Error] :1:1: Premature end of file.
2026-01-22 19:26:44,816 [ERROR] LogOutputStream:75 - [STDERR_REDIRECT] 
2026-01-22 19:26:45,831 [ERROR] LogOutputStream:75 - [STDERR_REDIRECT] [Fatal Error] :1:1: Premature end of file.
2026-01-22 19:26:45,833 [ERROR] LogOutputStream:75 - [STDERR_REDIRECT] 
2026-01-22 19:26:46,827 [ERROR] LogOutputStream:75 - [STDERR_REDIRECT] [Fatal Error] :1:1: Premature end of file.
2026-01-22 19:26:46,827 [ERROR] LogOutputStream:75 - [STDERR_REDIRECT] 
2026-01-22 19:26:47,833 [ERROR] LogOutputStream:75 - [STDERR_REDIRECT] [Fatal Error] :1:1: Premature end of file.
2026-01-22 19:26:47,833 [ERROR] LogOutputStream:75 - [STDERR_REDIRECT] 
2026-01-22 19:26:48,849 [ERROR] LogOutputStream:75 - [STDERR_REDIRECT] [Fatal Error] :1:1: Premature end of file.
2026-01-22 19:26:48,849 [ERROR] LogOutputStream:75 - [STDERR_REDIRECT] 
2026-01-22 19:26:49,829 [ERROR] LogOutputStream:75 - [STDERR_REDIRECT] [Fatal Error] :1:1: Premature end of file.
2026-01-22 19:26:49,829 [ERROR] LogOutputStream:75 - [STDERR_REDIRECT] 
2026-01-22 19:26:50,831 [ERROR] LogOutputStream:75 - [STDERR_REDIRECT] [Fatal Error] :1:1: Premature end of file.
2026-01-22 19:26:50,834 [ERROR] LogOutputStream:75 - [STDERR_REDIRECT] 
2026-01-22 19:26:51,830 [ERROR] LogOutputStream:75 - [STDERR_REDIRECT] [Fatal Error] :1:1: Premature end of file.
2026-01-22 19:26:51,830 [ERROR] LogOutputStream:75 - [STDERR_REDIRECT] 
2026-01-22 19:26:52,833 [ERROR] LogOutputStream:75 - [STDERR_REDIRECT] [Fatal Error] :1:1: Premature end of file.
2026-01-22 19:26:52,833 [ERROR] LogOutputStream:75 - [STDERR_REDIRECT] 
2026-01-22 19:26:53,832 [ERROR] LogOutputStream:75 - [STDERR_REDIRECT] [Fatal Error] :1:1: Premature end of file.
2026-01-22 19:26:53,835 [ERROR] LogOutputStream:75 - [STDERR_REDIRECT] 
2026-01-22 19:26:54,837 [ERROR] LogOutputStream:75 - [STDERR_REDIRECT] [Fatal Error] :1:1: Premature end of file.
2026-01-22 19:26:54,837 [ERROR] LogOutputStream:75 - [STDERR_REDIRECT] 
2026-01-22 19:26:55,824 [ERROR] LogOutputStream:75 - [STDERR_REDIRECT] [Fatal Error] :1:1: Premature end of file.
2026-01-22 19:26:55,824 [ERROR] LogOutputStream:75 - [STDERR_REDIRECT] 
2026-01-22 19:26:56,829 [ERROR] LogOutputStream:75 - [STDERR_REDIRECT] [Fatal Error] :1:1: Premature end of file.
2026-01-22 19:26:56,829 [ERROR] LogOutputStream:75 - [STDERR_REDIRECT] 
2026-01-22 19:26:57,820 [ERROR] LogOutputStream:75 - [STDERR_REDIRECT] [Fatal Error] :1:1: Premature end of file.
2026-01-22 19:26:57,821 [ERROR] LogOutputStream:75 - [STDERR_REDIRECT] 
2026-01-22 19:26:58,808 [ERROR] LogOutputStream:75 - [STDERR_REDIRECT] [Fatal Error] :1:1: Premature end of file.
2026-01-22 19:26:58,808 [ERROR] LogOutputStream:75 - [STDERR_REDIRECT] 
2026-01-22 19:26:59,826 [ERROR] LogOutputStream:75 - [STDERR_REDIRECT] [Fatal Error] :1:1: Premature end of file.
2026-01-22 19:26:59,827 [ERROR] LogOutputStream:75 - [STDERR_REDIRECT] 
2026-01-22 19:27:00,810 [ERROR] LogOutputStream:75 - [STDERR_REDIRECT] [Fatal Error] :1:1: Premature end of file.
2026-01-22 19:27:00,810 [ERROR] LogOutputStream:75 - [STDERR_REDIRECT] 
2026-01-22 19:27:01,812 [ERROR] LogOutputStream:75 - [STDERR_REDIRECT] [Fatal Error] :1:1: Premature end of file.
2026-01-22 19:27:01,812 [ERROR] LogOutputStream:75 - [STDERR_REDIRECT] 
2026-01-22 19:27:02,820 [ERROR] LogOutputStream:75 - [STDERR_REDIRECT] [Fatal Error] :1:1: Premature end of file.
2026-01-22 19:27:02,820 [ERROR] LogOutputStream:75 - [STDERR_REDIRECT] 
2026-01-22 19:27:03,813 [ERROR] LogOutputStream:75 - [STDERR_REDIRECT] [Fatal Error] :1:1: Premature end of file.
2026-01-22 19:27:03,814 [ERROR] LogOutputStream:75 - [STDERR_REDIRECT] 
2026-01-22 19:27:04,812 [ERROR] LogOutputStream:75 - [STDERR_REDIRECT] [Fatal Error] :1:1: Premature end of file.
2026-01-22 19:27:04,812 [ERROR] LogOutputStream:75 - [STDERR_REDIRECT] 
2026-01-22 19:27:05,815 [ERROR] LogOutputStream:75 - [STDERR_REDIRECT] [Fatal Error] :1:1: Premature end of file.
2026-01-22 19:27:05,816 [ERROR] LogOutputStream:75 - [STDERR_REDIRECT] 
2026-01-22 19:27:06,814 [ERROR] LogOutputStream:75 - [STDERR_REDIRECT] [Fatal Error] :1:1: Premature end of file.
2026-01-22 19:27:06,815 [ERROR] LogOutputStream:75 - [STDERR_REDIRECT] 
2026-01-22 19:27:07,816 [ERROR] LogOutputStream:75 - [STDERR_REDIRECT] [Fatal Error] :1:1: Premature end of file.
2026-01-22 19:27:07,817 [ERROR] LogOutputStream:75 - [STDERR_REDIRECT] 
2026-01-22 19:27:08,809 [ERROR] LogOutputStream:75 - [STDERR_REDIRECT] [Fatal Error] :1:1: Premature end of file.
2026-01-22 19:27:08,809 [ERROR] LogOutputStream:75 - [STDERR_REDIRECT] 
2026-01-22 19:27:09,823 [ERROR] LogOutputStream:75 - [STDERR_REDIRECT] [Fatal Error] :1:1: Premature end of file.
2026-01-22 19:27:09,824 [ERROR] LogOutputStream:75 - [STDERR_REDIRECT] 
2026-01-22 19:27:10,835 [ERROR] LogOutputStream:75 - [STDERR_REDIRECT] [Fatal Error] :1:1: Premature end of file.
2026-01-22 19:27:10,835 [ERROR] LogOutputStream:75 - [STDERR_REDIRECT] 
2026-01-22 19:27:11,818 [ERROR] LogOutputStream:75 - [STDERR_REDIRECT] [Fatal Error] :1:1: Premature end of file.
2026-01-22 19:27:11,818 [ERROR] LogOutputStream:75 - [STDERR_REDIRECT] 
2026-01-22 19:27:12,814 [ERROR] LogOutputStream:75 - [STDERR_REDIRECT] [Fatal Error] :1:1: Premature end of file.
2026-01-22 19:27:12,815 [ERROR] LogOutputStream:75 - [STDERR_REDIRECT] 
2026-01-22 19:27:13,867 [ERROR] LogOutputStream:75 - [STDERR_REDIRECT] [Fatal Error] :1:1: Premature end of file.
2026-01-22 19:27:13,867 [ERROR] LogOutputStream:75 - [STDERR_REDIRECT] 
2026-01-22 19:27:14,824 [ERROR] LogOutputStream:75 - [STDERR_REDIRECT] [Fatal Error] :1:1: Premature end of file.
2026-01-22 19:27:14,824 [ERROR] LogOutputStream:75 - [STDERR_REDIRECT] 
2026-01-22 19:27:15,820 [ERROR] LogOutputStream:75 - [STDERR_REDIRECT] [Fatal Error] :1:1: Premature end of file.
2026-01-22 19:27:15,820 [ERROR] LogOutputStream:75 - [STDERR_REDIRECT] 
2026-01-22 19:27:16,845 [ERROR] LogOutputStream:75 - [STDERR_REDIRECT] [Fatal Error] :1:1: Premature end of file.
2026-01-22 19:27:16,845 [ERROR] LogOutputStream:75 - [STDERR_REDIRECT] 
2026-01-22 19:27:17,845 [ERROR] LogOutputStream:75 - [STDERR_REDIRECT] [Fatal Error] :1:1: Premature end of file.
2026-01-22 19:27:17,847 [ERROR] LogOutputStream:75 - [STDERR_REDIRECT] 
2026-01-22 19:27:18,836 [ERROR] LogOutputStream:75 - [STDERR_REDIRECT] [Fatal Error] :1:1: Premature end of file.
2026-01-22 19:27:18,836 [ERROR] LogOutputStream:75 - [STDERR_REDIRECT] 
2026-01-22 19:27:19,826 [ERROR] LogOutputStream:75 - [STDERR_REDIRECT] [Fatal Error] :1:1: Premature end of file.
2026-01-22 19:27:19,826 [ERROR] LogOutputStream:75 - [STDERR_REDIRECT] 
2026-01-22 19:27:20,848 [ERROR] LogOutputStream:75 - [STDERR_REDIRECT] [Fatal Error] :1:1: Premature end of file.
2026-01-22 19:27:20,865 [ERROR] LogOutputStream:75 - [STDERR_REDIRECT] 
2026-01-22 19:27:21,836 [ERROR] LogOutputStream:75 - [STDERR_REDIRECT] [Fatal Error] :1:1: Premature end of file.
2026-01-22 19:27:21,836 [ERROR] LogOutputStream:75 - [STDERR_REDIRECT] 
2026-01-22 19:27:22,820 [ERROR] LogOutputStream:75 - [STDERR_REDIRECT] [Fatal Error] :1:1: Premature end of file.
2026-01-22 19:27:22,821 [ERROR] LogOutputStream:75 - [STDERR_REDIRECT] 
2026-01-22 19:27:23,810 [ERROR] LogOutputStream:75 - [STDERR_REDIRECT] [Fatal Error] :1:1: Premature end of file.
2026-01-22 19:27:23,810 [ERROR] LogOutputStream:75 - [STDERR_REDIRECT] 
2026-01-22 19:27:24,823 [ERROR] LogOutputStream:75 - [STDERR_REDIRECT] [Fatal Error] :1:1: Premature end of file.
2026-01-22 19:27:24,823 [ERROR] LogOutputStream:75 - [STDERR_REDIRECT] 
2026-01-22 19:27:25,832 [ERROR] LogOutputStream:75 - [STDERR_REDIRECT] [Fatal Error] :1:1: Premature end of file.
2026-01-22 19:27:25,833 [ERROR] LogOutputStream:75 - [STDERR_REDIRECT] 
2026-01-22 19:27:26,835 [ERROR] LogOutputStream:75 - [STDERR_REDIRECT] [Fatal Error] :1:1: Premature end of file.
2026-01-22 19:27:26,835 [ERROR] LogOutputStream:75 - [STDERR_REDIRECT] 
2026-01-22 19:27:27,826 [ERROR] LogOutputStream:75 - [STDERR_REDIRECT] [Fatal Error] :1:1: Premature end of file.
2026-01-22 19:27:27,826 [ERROR] LogOutputStream:75 - [STDERR_REDIRECT] 
2026-01-22 19:27:28,826 [ERROR] LogOutputStream:75 - [STDERR_REDIRECT] [Fatal Error] :1:1: Premature end of file.
2026-01-22 19:27:28,827 [ERROR] LogOutputStream:75 - [STDERR_REDIRECT] 
2026-01-22 19:27:29,823 [ERROR] LogOutputStream:75 - [STDERR_REDIRECT] [Fatal Error] :1:1: Premature end of file.
2026-01-22 19:27:29,823 [ERROR] LogOutputStream:75 - [STDERR_REDIRECT] 
2026-01-22 19:27:30,851 [ERROR] LogOutputStream:75 - [STDERR_REDIRECT] [Fatal Error] :1:1: Premature end of file.
2026-01-22 19:27:30,851 [ERROR] LogOutputStream:75 - [STDERR_REDIRECT] 
2026-01-22 19:27:31,860 [ERROR] LogOutputStream:75 - [STDERR_REDIRECT] [Fatal Error] :1:1: Premature end of file.
2026-01-22 19:27:31,861 [ERROR] LogOutputStream:75 - [STDERR_REDIRECT] 
2026-01-22 19:27:32,830 [ERROR] LogOutputStream:75 - [STDERR_REDIRECT] [Fatal Error] :1:1: Premature end of file.
2026-01-22 19:27:32,830 [ERROR] LogOutputStream:75 - [STDERR_REDIRECT] 
2026-01-22 19:27:33,831 [ERROR] LogOutputStream:75 - [STDERR_REDIRECT] [Fatal Error] :1:1: Premature end of file.
2026-01-22 19:27:33,833 [ERROR] LogOutputStream:75 - [STDERR_REDIRECT] 
2026-01-22 19:27:34,821 [ERROR] LogOutputStream:75 - [STDERR_REDIRECT] [Fatal Error] :1:1: Premature end of file.
2026-01-22 19:27:34,826 [ERROR] LogOutputStream:75 - [STDERR_REDIRECT] 
2026-01-22 19:27:35,841 [ERROR] LogOutputStream:75 - [STDERR_REDIRECT] [Fatal Error] :1:1: Premature end of file.
2026-01-22 19:27:35,860 [ERROR] LogOutputStream:75 - [STDERR_REDIRECT] 
2026-01-22 19:27:36,809 [ERROR] LogOutputStream:75 - [STDERR_REDIRECT] [Fatal Error] :1:1: Premature end of file.
2026-01-22 19:27:36,809 [ERROR] LogOutputStream:75 - [STDERR_REDIRECT] 
2026-01-22 19:27:37,824 [ERROR] LogOutputStream:75 - [STDERR_REDIRECT] [Fatal Error] :1:1: Premature end of file.
2026-01-22 19:27:37,824 [ERROR] LogOutputStream:75 - [STDERR_REDIRECT] 
2026-01-22 19:27:38,818 [ERROR] LogOutputStream:75 - [STDERR_REDIRECT] [Fatal Error] :1:1: Premature end of file.
2026-01-22 19:27:38,818 [ERROR] LogOutputStream:75 - [STDERR_REDIRECT] 
2026-01-22 19:27:39,820 [ERROR] LogOutputStream:75 - [STDERR_REDIRECT] [Fatal Error] :1:1: Premature end of file.
2026-01-22 19:27:39,821 [ERROR] LogOutputStream:75 - [STDERR_REDIRECT] 
2026-01-22 19:27:40,829 [ERROR] LogOutputStream:75 - [STDERR_REDIRECT] [Fatal Error] :1:1: Premature end of file.
2026-01-22 19:27:40,830 [ERROR] LogOutputStream:75 - [STDERR_REDIRECT] 
2026-01-22 19:27:41,804 [ERROR] LogOutputStream:75 - [STDERR_REDIRECT] [Fatal Error] :1:1: Premature end of file.
2026-01-22 19:27:41,806 [ERROR] LogOutputStream:75 - [STDERR_REDIRECT] 
2026-01-22 19:27:42,305 [ERROR] LogOutputStream:75 - [STDERR_REDIRECT] 
2026-01-22 20:06:24,999 [INFO] Activator:176 - 


2026-01-22 20:06:25,000 [INFO] Activator:177 - !SESSION log4j initialized
2026-01-22 20:06:33,023 [INFO] LogOutputStream:77 - [STDOUT_REDIRECT] 
2026-01-22 20:06:40,126 [INFO] ApplicationProperties:184 - Using Application install path: C:\ST\STM32CubeIDE_1.18.1\STM32CubeIDE\plugins\com.st.stm32cube.common.mx_6.15.0.202507011659
2026-01-22 20:06:40,154 [INFO] DbMcusXml:78 - Set database path to: C:\ST\STM32CubeIDE_1.18.1\STM32CubeIDE\plugins\com.st.stm32cube.common.mx_6.15.0.202507011659\\db\/mcu/
2026-01-22 20:06:40,154 [INFO] ApiDb:274 - Set plugin database path to: C:\ST\STM32CubeIDE_1.18.1\STM32CubeIDE\plugins\com.st.stm32cube.common.mx_6.15.0.202507011659\\db\/plugins/boardmanager/
2026-01-22 20:06:40,155 [WARN] ApiDb:259 - Overriding images path with different value:  => C:\ST\STM32CubeIDE_1.18.1\STM32CubeIDE\plugins\com.st.stm32cube.common.mx_6.15.0.202507011659\\db\/plugins/mcufinder/images/
2026-01-22 20:06:40,163 [INFO] ApiDb:250 - Set database path to: C:\Users\mathe\.stmcufinder\plugins\mcufinder//mcu/
2026-01-22 20:06:40,167 [INFO] DbMcusAds:125 - Set database path to: C:\Users\mathe\.stmcufinder\plugins\mcufinder//mcu/
2026-01-22 20:06:40,172 [INFO] CrossReferenceDbSqlite:203 - Set database path to: C:\Users\mathe\.stmcufinder\plugins\mcufinder//mcu/cs/
2026-01-22 20:06:40,358 [INFO] RulesReader:64 - Compatibility file has been processed (317 Rules)
2026-01-22 20:06:40,473 [ERROR] LogOutputStream:75 - [STDERR_REDIRECT] [Fatal Error] :1:1: Premature end of file.
2026-01-22 20:06:40,474 [ERROR] LogOutputStream:75 - [STDERR_REDIRECT] 
2026-01-22 20:06:40,533 [INFO] DbMcusXml:78 - Set database path to: C:\ST\STM32CubeIDE_1.18.1\STM32CubeIDE\plugins\com.st.stm32cube.common.mx_6.15.0.202507011659\\db\/mcu/
2026-01-22 20:06:40,533 [INFO] ApiDb:274 - Set plugin database path to: C:\ST\STM32CubeIDE_1.18.1\STM32CubeIDE\plugins\com.st.stm32cube.common.mx_6.15.0.202507011659\\db\/plugins/boardmanager/
2026-01-22 20:06:40,533 [INFO] ApiDb:261 - Set plugin images path to: C:\ST\STM32CubeIDE_1.18.1\STM32CubeIDE\plugins\com.st.stm32cube.common.mx_6.15.0.202507011659\\db\/plugins/mcufinder/images/
2026-01-22 20:06:40,534 [WARN] DbFile:41 - Overriding database path with different value: C:\Users\mathe\.stmcufinder\plugins\mcufinder/ => C:\Users\mathe\.stmcufinder\plugins\mcufinder
2026-01-22 20:06:40,534 [INFO] ApiDb:250 - Set database path to: C:\Users\mathe\.stmcufinder\plugins\mcufinder//mcu/
2026-01-22 20:06:40,534 [WARN] DbFile:41 - Overriding database path with different value: C:\Users\mathe\.stmcufinder\plugins\mcufinder/ => C:\Users\mathe\.stmcufinder\plugins\mcufinder
2026-01-22 20:06:40,534 [INFO] DbMcusAds:125 - Set database path to: C:\Users\mathe\.stmcufinder\plugins\mcufinder//mcu/
2026-01-22 20:06:40,534 [WARN] DbFile:41 - Overriding database path with different value: C:\Users\mathe\.stmcufinder\plugins\mcufinder/ => C:\Users\mathe\.stmcufinder\plugins\mcufinder
2026-01-22 20:06:40,534 [WARN] DbFile:41 - Overriding database path with different value: C:\Users\mathe\.stmcufinder\plugins\mcufinder/ => C:\Users\mathe\.stmcufinder\plugins\mcufinder
2026-01-22 20:06:40,534 [INFO] CrossReferenceDbSqlite:203 - Set database path to: C:\Users\mathe\.stmcufinder\plugins\mcufinder//mcu/cs/
2026-01-22 20:06:40,625 [INFO] MainPanel:274 - HeapMemory: 268435456
2026-01-22 20:06:40,745 [INFO] DbMcusXml:78 - Set database path to: C:\ST\STM32CubeIDE_1.18.1\STM32CubeIDE\plugins\com.st.stm32cube.common.mx_6.15.0.202507011659\\db\/mcu/
2026-01-22 20:06:40,745 [INFO] ApiDb:274 - Set plugin database path to: C:\ST\STM32CubeIDE_1.18.1\STM32CubeIDE\plugins\com.st.stm32cube.common.mx_6.15.0.202507011659\\db\/plugins/boardmanager/
2026-01-22 20:06:40,745 [INFO] ApiDb:261 - Set plugin images path to: C:\ST\STM32CubeIDE_1.18.1\STM32CubeIDE\plugins\com.st.stm32cube.common.mx_6.15.0.202507011659\\db\/plugins/mcufinder/images/
2026-01-22 20:06:40,745 [WARN] DbFile:41 - Overriding database path with different value: C:\Users\mathe\.stmcufinder\plugins\mcufinder/ => C:\Users\mathe\.stmcufinder\plugins\mcufinder
2026-01-22 20:06:40,745 [INFO] ApiDb:250 - Set database path to: C:\Users\mathe\.stmcufinder\plugins\mcufinder//mcu/
2026-01-22 20:06:40,745 [WARN] DbFile:41 - Overriding database path with different value: C:\Users\mathe\.stmcufinder\plugins\mcufinder/ => C:\Users\mathe\.stmcufinder\plugins\mcufinder
2026-01-22 20:06:40,745 [INFO] DbMcusAds:125 - Set database path to: C:\Users\mathe\.stmcufinder\plugins\mcufinder//mcu/
2026-01-22 20:06:40,745 [WARN] DbFile:41 - Overriding database path with different value: C:\Users\mathe\.stmcufinder\plugins\mcufinder/ => C:\Users\mathe\.stmcufinder\plugins\mcufinder
2026-01-22 20:06:40,745 [WARN] DbFile:41 - Overriding database path with different value: C:\Users\mathe\.stmcufinder\plugins\mcufinder/ => C:\Users\mathe\.stmcufinder\plugins\mcufinder
2026-01-22 20:06:40,745 [INFO] CrossReferenceDbSqlite:203 - Set database path to: C:\Users\mathe\.stmcufinder\plugins\mcufinder//mcu/cs/
2026-01-22 20:06:40,810 [INFO] ApplicationProperties:184 - Using Application install path: C:\ST\STM32CubeIDE_1.18.1\STM32CubeIDE\plugins\com.st.stm32cube.common.mx_6.15.0.202507011659
2026-01-22 20:06:40,812 [INFO] PluginManage:196 - Search for loadable plugins [exclusion list=, ]
2026-01-22 20:06:40,813 [INFO] PluginManage:310 - Check plugin analytics
2026-01-22 20:06:41,359 [ERROR] LogOutputStream:75 - [STDERR_REDIRECT] [Fatal Error] :1:1: Premature end of file.
2026-01-22 20:06:41,360 [ERROR] LogOutputStream:75 - [STDERR_REDIRECT] 
2026-01-22 20:06:42,365 [ERROR] LogOutputStream:75 - [STDERR_REDIRECT] [Fatal Error] :1:1: Premature end of file.
2026-01-22 20:06:42,365 [ERROR] LogOutputStream:75 - [STDERR_REDIRECT] 
2026-01-22 20:06:43,365 [ERROR] LogOutputStream:75 - [STDERR_REDIRECT] [Fatal Error] :1:1: Premature end of file.
2026-01-22 20:06:43,366 [ERROR] LogOutputStream:75 - [STDERR_REDIRECT] 
2026-01-22 20:06:44,369 [ERROR] LogOutputStream:75 - [STDERR_REDIRECT] [Fatal Error] :1:1: Premature end of file.
2026-01-22 20:06:44,375 [ERROR] LogOutputStream:75 - [STDERR_REDIRECT] 
2026-01-22 20:06:45,374 [ERROR] LogOutputStream:75 - [STDERR_REDIRECT] [Fatal Error] :1:1: Premature end of file.
2026-01-22 20:06:45,374 [ERROR] LogOutputStream:75 - [STDERR_REDIRECT] 
2026-01-22 20:06:46,380 [ERROR] LogOutputStream:75 - [STDERR_REDIRECT] [Fatal Error] :1:1: Premature end of file.
2026-01-22 20:06:46,382 [ERROR] LogOutputStream:75 - [STDERR_REDIRECT] 
2026-01-22 20:06:46,486 [INFO] AnalyticsPlugin:253 - Accepted Software Licenses: 
2026-01-22 20:06:46,486 [INFO] AnalyticsPlugin:255 - Accepted CMSIS Pack Licenses: 
2026-01-22 20:06:46,488 [INFO] AnalyticsPlugin:257 - Accepted Firmware Licenses: 
2026-01-22 20:06:46,497 [INFO] PluginManage:359 - Loaded plugin analytics (category:tool,tabindex:-1)
2026-01-22 20:06:46,499 [INFO] PluginManage:310 - Check plugin cadmodel
2026-01-22 20:06:46,511 [INFO] CADModel:105 - Init CAD model plugin
2026-01-22 20:06:46,513 [INFO] PluginManage:359 - Loaded plugin cadmodel (category:power,tabindex:5)
2026-01-22 20:06:46,513 [INFO] PluginManage:310 - Check plugin clock
2026-01-22 20:06:46,544 [INFO] PluginManage:359 - Loaded plugin clock (category:base,tabindex:2)
2026-01-22 20:06:46,544 [INFO] PluginManage:310 - Check plugin ddr
2026-01-22 20:06:46,552 [INFO] PluginManage:359 - Loaded plugin ddr (category:tool,tabindex:6)
2026-01-22 20:06:46,554 [INFO] PluginManage:310 - Check plugin filemanager
2026-01-22 20:06:47,053 [INFO] PluginManage:359 - Loaded plugin filemanager (category:base,tabindex:10)
2026-01-22 20:06:47,053 [INFO] PluginManage:310 - Check plugin ipmanager
2026-01-22 20:06:47,081 [INFO] PluginManage:359 - Loaded plugin ipmanager (category:base,tabindex:5)
2026-01-22 20:06:47,081 [INFO] PluginManage:310 - Check plugin lpbam
2026-01-22 20:06:47,111 [INFO] PluginManage:359 - Loaded plugin lpbam (category:base,tabindex:0)
2026-01-22 20:06:47,112 [INFO] PluginManage:310 - Check plugin memorymap
2026-01-22 20:06:47,151 [INFO] PluginManage:359 - Loaded plugin memorymap (category:base,tabindex:4)
2026-01-22 20:06:47,151 [INFO] PluginManage:310 - Check plugin pinoutandconfiguration
2026-01-22 20:06:47,180 [INFO] PluginManage:359 - Loaded plugin pinoutandconfiguration (category:base,tabindex:1)
2026-01-22 20:06:47,180 [INFO] PluginManage:310 - Check plugin pinoutconfig
2026-01-22 20:06:47,412 [ERROR] LogOutputStream:75 - [STDERR_REDIRECT] [Fatal Error] :1:1: Premature end of file.
2026-01-22 20:06:47,416 [ERROR] LogOutputStream:75 - [STDERR_REDIRECT] 
2026-01-22 20:06:47,671 [WARN] SupportedApi:132 - Cannot load RTOS API schema: s4s-elt-must-match.1: The content of 'definitions' must match (annotation?, (simpleType | complexType)?, (unique | key | keyref)*)). A problem was found starting at: attribute.
2026-01-22 20:06:48,183 [INFO] PluginManage:359 - Loaded plugin pinoutconfig (category:base,tabindex:0)
2026-01-22 20:06:48,183 [INFO] PluginManage:310 - Check plugin power
2026-01-22 20:06:48,206 [INFO] PluginManage:359 - Loaded plugin power (category:power,tabindex:4)
2026-01-22 20:06:48,206 [INFO] PluginManage:310 - Check plugin projectmanager
2026-01-22 20:06:48,268 [INFO] PluginManage:359 - Loaded plugin projectmanager (category:projectmanager,tabindex:4)
2026-01-22 20:06:48,270 [INFO] PluginManage:310 - Check plugin rif
2026-01-22 20:06:48,302 [INFO] PluginManage:359 - Loaded plugin rif (category:base,tabindex:3)
2026-01-22 20:06:48,302 [INFO] PluginManage:310 - Check plugin thirdparty
2026-01-22 20:06:48,390 [ERROR] LogOutputStream:75 - [STDERR_REDIRECT] [Fatal Error] :1:1: Premature end of file.
2026-01-22 20:06:48,392 [ERROR] LogOutputStream:75 - [STDERR_REDIRECT] 
2026-01-22 20:06:48,814 [INFO] PluginManage:359 - Loaded plugin thirdparty (category:base,tabindex:-1)
2026-01-22 20:06:48,814 [WARN] IntegrityCheckThread:84 - waiting for thirdparty lock release [integrity check]
2026-01-22 20:06:48,816 [INFO] PluginManage:310 - Check plugin tools
2026-01-22 20:06:48,816 [INFO] IntegrityCheckThread:86 - entering critical section [integrity check]
2026-01-22 20:06:48,821 [INFO] ThirdPartyUpdaterWithRetryManager:70 - Updater plugin not ready yet. [1/15]
2026-01-22 20:06:48,826 [INFO] PluginManage:359 - Loaded plugin tools (category:base,tabindex:7)
2026-01-22 20:06:48,828 [INFO] PluginManage:310 - Check plugin tutovideos
2026-01-22 20:06:49,491 [ERROR] LogOutputStream:75 - [STDERR_REDIRECT] [Fatal Error] :1:1: Premature end of file.
2026-01-22 20:06:49,496 [ERROR] LogOutputStream:75 - [STDERR_REDIRECT] 
2026-01-22 20:06:49,735 [INFO] PluginManage:359 - Loaded plugin tutovideos (category:base,tabindex:-1)
2026-01-22 20:06:49,735 [INFO] PluginManage:310 - Check plugin updater
2026-01-22 20:06:49,811 [INFO] PluginManage:359 - Loaded plugin updater (category:base,tabindex:12)
2026-01-22 20:06:49,811 [INFO] PluginManage:310 - Check plugin userauth
2026-01-22 20:06:49,824 [INFO] UserAuth:118 - Init User Auth plugin
2026-01-22 20:06:49,827 [INFO] PluginManage:359 - Loaded plugin userauth (category:base,tabindex:14)
2026-01-22 20:06:49,829 [INFO] PluginManage:283 - PluginManage : Loaded plugins [18]
2026-01-22 20:06:50,395 [ERROR] LogOutputStream:75 - [STDERR_REDIRECT] [Fatal Error] :1:1: Premature end of file.
2026-01-22 20:06:50,397 [ERROR] LogOutputStream:75 - [STDERR_REDIRECT] 
2026-01-22 20:06:50,661 [INFO] PinOutPanel:1589 - setPackage(No Configuration,No Configuration)
2026-01-22 20:06:50,962 [INFO] CADModel:165 - CPN selected for project level
2026-01-22 20:06:50,962 [INFO] CADModel:114 - Register for checkConnection events
2026-01-22 20:06:51,040 [INFO] IPUIPlugin:80 - create IPUIPlugin
2026-01-22 20:06:51,040 [INFO] PluginManager:220 - loadIPPluginJar : add adc
2026-01-22 20:06:51,055 [INFO] IPUIPlugin:80 - create IPUIPlugin
2026-01-22 20:06:51,055 [INFO] PluginManager:220 - loadIPPluginJar : add aes
2026-01-22 20:06:51,068 [INFO] IPUIPlugin:80 - create IPUIPlugin
2026-01-22 20:06:51,068 [INFO] PluginManager:220 - loadIPPluginJar : add can
2026-01-22 20:06:51,075 [INFO] IPUIPlugin:80 - create IPUIPlugin
2026-01-22 20:06:51,075 [INFO] PluginManager:220 - loadIPPluginJar : add comp
2026-01-22 20:06:51,090 [INFO] IPUIPlugin:80 - create IPUIPlugin
2026-01-22 20:06:51,090 [INFO] PluginManager:220 - loadIPPluginJar : add cryp
2026-01-22 20:06:51,097 [INFO] IPUIPlugin:80 - create IPUIPlugin
2026-01-22 20:06:51,097 [INFO] PluginManager:220 - loadIPPluginJar : add ddr_ctrl_phy
2026-01-22 20:06:51,111 [INFO] IPUIPlugin:80 - create IPUIPlugin
2026-01-22 20:06:51,111 [INFO] PluginManager:220 - loadIPPluginJar : add dfsdm
2026-01-22 20:06:51,131 [INFO] IPUIPlugin:80 - create IPUIPlugin
2026-01-22 20:06:51,133 [INFO] PluginManager:220 - loadIPPluginJar : add dma
2026-01-22 20:06:51,141 [INFO] IPUIPlugin:80 - create IPUIPlugin
2026-01-22 20:06:51,141 [INFO] PluginManager:220 - loadIPPluginJar : add dma3
2026-01-22 20:06:51,147 [INFO] IPUIPlugin:80 - create IPUIPlugin
2026-01-22 20:06:51,147 [INFO] PluginManager:220 - loadIPPluginJar : add extmemmanager
2026-01-22 20:06:51,147 [INFO] IPUIPlugin:80 - create IPUIPlugin
2026-01-22 20:06:51,147 [INFO] PluginManager:220 - loadIPPluginJar : add fatfs
2026-01-22 20:06:51,172 [INFO] IPUIPlugin:80 - create IPUIPlugin
2026-01-22 20:06:51,175 [INFO] PluginManager:220 - loadIPPluginJar : add fmc
2026-01-22 20:06:51,191 [INFO] IPUIPlugin:80 - create IPUIPlugin
2026-01-22 20:06:51,191 [INFO] PluginManager:220 - loadIPPluginJar : add freertos
2026-01-22 20:06:51,196 [INFO] IPUIPlugin:80 - create IPUIPlugin
2026-01-22 20:06:51,196 [INFO] PluginManager:220 - loadIPPluginJar : add genericplugin
2026-01-22 20:06:51,205 [INFO] IPUIPlugin:80 - create IPUIPlugin
2026-01-22 20:06:51,205 [INFO] PluginManager:220 - loadIPPluginJar : add gfxmmu
2026-01-22 20:06:51,221 [INFO] IPUIPlugin:80 - create IPUIPlugin
2026-01-22 20:06:51,221 [INFO] PluginManager:220 - loadIPPluginJar : add gic
2026-01-22 20:06:51,237 [INFO] IPUIPlugin:80 - create IPUIPlugin
2026-01-22 20:06:51,240 [INFO] PluginManager:220 - loadIPPluginJar : add gpio
2026-01-22 20:06:51,248 [INFO] IPUIPlugin:80 - create IPUIPlugin
2026-01-22 20:06:51,251 [INFO] PluginManager:220 - loadIPPluginJar : add gtzc
2026-01-22 20:06:51,260 [INFO] IPUIPlugin:80 - create IPUIPlugin
2026-01-22 20:06:51,262 [INFO] PluginManager:220 - loadIPPluginJar : add hash
2026-01-22 20:06:51,270 [INFO] IPUIPlugin:80 - create IPUIPlugin
2026-01-22 20:06:51,270 [INFO] PluginManager:220 - loadIPPluginJar : add i2c
2026-01-22 20:06:51,275 [INFO] IPUIPlugin:80 - create IPUIPlugin
2026-01-22 20:06:51,275 [INFO] PluginManager:220 - loadIPPluginJar : add i2s
2026-01-22 20:06:51,289 [INFO] IPUIPlugin:80 - create IPUIPlugin
2026-01-22 20:06:51,289 [INFO] PluginManager:220 - loadIPPluginJar : add i3c
2026-01-22 20:06:51,297 [INFO] IPUIPlugin:80 - create IPUIPlugin
2026-01-22 20:06:51,297 [INFO] PluginManager:220 - loadIPPluginJar : add ipddr
2026-01-22 20:06:51,321 [INFO] IPUIPlugin:80 - create IPUIPlugin
2026-01-22 20:06:51,321 [INFO] PluginManager:220 - loadIPPluginJar : add linkedlist
2026-01-22 20:06:51,332 [INFO] IPUIPlugin:80 - create IPUIPlugin
2026-01-22 20:06:51,332 [INFO] PluginManager:220 - loadIPPluginJar : add lorawan
2026-01-22 20:06:51,336 [INFO] IPUIPlugin:80 - create IPUIPlugin
2026-01-22 20:06:51,337 [INFO] PluginManager:220 - loadIPPluginJar : add ltdc
2026-01-22 20:06:51,355 [INFO] IPUIPlugin:80 - create IPUIPlugin
2026-01-22 20:06:51,357 [INFO] PluginManager:220 - loadIPPluginJar : add mdma
2026-01-22 20:06:51,368 [INFO] IPUIPlugin:80 - create IPUIPlugin
2026-01-22 20:06:51,371 [INFO] PluginManager:220 - loadIPPluginJar : add nvic
2026-01-22 20:06:51,384 [INFO] IPUIPlugin:80 - create IPUIPlugin
2026-01-22 20:06:51,384 [INFO] PluginManager:220 - loadIPPluginJar : add opamp
2026-01-22 20:06:51,392 [INFO] IPUIPlugin:80 - create IPUIPlugin
2026-01-22 20:06:51,392 [INFO] PluginManager:220 - loadIPPluginJar : add openamp
2026-01-22 20:06:51,405 [INFO] IPUIPlugin:80 - create IPUIPlugin
2026-01-22 20:06:51,405 [INFO] PluginManager:220 - loadIPPluginJar : add pdm2pcm
2026-01-22 20:06:51,424 [INFO] IPUIPlugin:80 - create IPUIPlugin
2026-01-22 20:06:51,436 [ERROR] LogOutputStream:75 - [STDERR_REDIRECT] [Fatal Error] :1:1: Premature end of file.
2026-01-22 20:06:51,436 [ERROR] LogOutputStream:75 - [STDERR_REDIRECT] 
2026-01-22 20:06:51,437 [INFO] PluginManager:220 - loadIPPluginJar : add plateformsettings
2026-01-22 20:06:51,440 [INFO] IPUIPlugin:80 - create IPUIPlugin
2026-01-22 20:06:51,444 [INFO] PluginManager:220 - loadIPPluginJar : add quadspi
2026-01-22 20:06:51,452 [INFO] IPUIPlugin:80 - create IPUIPlugin
2026-01-22 20:06:51,452 [INFO] PluginManager:220 - loadIPPluginJar : add radio
2026-01-22 20:06:51,470 [INFO] IPUIPlugin:80 - create IPUIPlugin
2026-01-22 20:06:51,471 [INFO] PluginManager:220 - loadIPPluginJar : add resmgrutility
2026-01-22 20:06:51,484 [INFO] IPUIPlugin:80 - create IPUIPlugin
2026-01-22 20:06:51,484 [INFO] PluginManager:220 - loadIPPluginJar : add sai
2026-01-22 20:06:51,496 [INFO] IPUIPlugin:80 - create IPUIPlugin
2026-01-22 20:06:51,496 [INFO] PluginManager:220 - loadIPPluginJar : add spi
2026-01-22 20:06:51,518 [INFO] IPUIPlugin:80 - create IPUIPlugin
2026-01-22 20:06:51,518 [INFO] PluginManager:220 - loadIPPluginJar : add stm32_wpan
2026-01-22 20:06:51,531 [INFO] IPUIPlugin:80 - create IPUIPlugin
2026-01-22 20:06:51,531 [INFO] PluginManager:220 - loadIPPluginJar : add tim
2026-01-22 20:06:51,544 [INFO] IPUIPlugin:80 - create IPUIPlugin
2026-01-22 20:06:51,544 [INFO] PluginManager:220 - loadIPPluginJar : add touchsensing
2026-01-22 20:06:51,556 [INFO] IPUIPlugin:80 - create IPUIPlugin
2026-01-22 20:06:51,556 [INFO] PluginManager:220 - loadIPPluginJar : add tracer_emb
2026-01-22 20:06:51,564 [INFO] IPUIPlugin:80 - create IPUIPlugin
2026-01-22 20:06:51,564 [INFO] PluginManager:220 - loadIPPluginJar : add ts
2026-01-22 20:06:51,570 [INFO] IPUIPlugin:80 - create IPUIPlugin
2026-01-22 20:06:51,570 [INFO] PluginManager:220 - loadIPPluginJar : add tsc
2026-01-22 20:06:51,579 [INFO] IPUIPlugin:80 - create IPUIPlugin
2026-01-22 20:06:51,581 [INFO] PluginManager:220 - loadIPPluginJar : add ucpd
2026-01-22 20:06:51,591 [INFO] IPUIPlugin:80 - create IPUIPlugin
2026-01-22 20:06:51,591 [INFO] PluginManager:220 - loadIPPluginJar : add usart
2026-01-22 20:06:51,599 [INFO] IPUIPlugin:80 - create IPUIPlugin
2026-01-22 20:06:51,599 [INFO] PluginManager:220 - loadIPPluginJar : add usbx
2026-01-22 20:06:51,830 [INFO] ThirdPartyUpdaterWithRetryManager:70 - Updater plugin not ready yet. [2/15]
2026-01-22 20:06:51,971 [FATAL] Updater:351 - Updater called before beeing initialized
2026-01-22 20:06:52,142 [INFO] RulesReader:64 - Compatibility file has been processed (317 Rules)
2026-01-22 20:06:52,219 [INFO] RulesReader:64 - Compatibility file has been processed (317 Rules)
2026-01-22 20:06:52,285 [INFO] CADModel:165 - CPN selected for project level
2026-01-22 20:06:52,285 [INFO] CADModel:114 - Register for checkConnection events
2026-01-22 20:06:52,285 [FATAL] Updater:351 - Updater called before beeing initialized
2026-01-22 20:06:52,285 [ERROR] CADModel:125 - Updater not yet initialized, retry later 
2026-01-22 20:06:52,395 [ERROR] LogOutputStream:75 - [STDERR_REDIRECT] [Fatal Error] :1:1: Premature end of file.
2026-01-22 20:06:52,397 [ERROR] LogOutputStream:75 - [STDERR_REDIRECT] 
2026-01-22 20:06:53,123 [FATAL] Updater:351 - Updater called before beeing initialized
2026-01-22 20:06:53,127 [INFO] CADModel:165 - CPN selected for project level
2026-01-22 20:06:53,127 [INFO] CADModel:114 - Register for checkConnection events
2026-01-22 20:06:53,127 [FATAL] Updater:351 - Updater called before beeing initialized
2026-01-22 20:06:53,127 [ERROR] CADModel:125 - Updater not yet initialized, retry later 
2026-01-22 20:06:53,141 [FATAL] Updater:351 - Updater called before beeing initialized
2026-01-22 20:06:53,376 [ERROR] LogOutputStream:75 - [STDERR_REDIRECT] [Fatal Error] :1:1: Premature end of file.
2026-01-22 20:06:53,376 [ERROR] LogOutputStream:75 - [STDERR_REDIRECT] 
2026-01-22 20:06:53,639 [FATAL] Updater:351 - Updater called before beeing initialized
2026-01-22 20:06:53,655 [INFO] DbMcusAds:53 - JSON generation date=Thu Oct 02 15:06:05 IST 2025 (1759397765645)
2026-01-22 20:06:53,655 [FATAL] Updater:351 - Updater called before beeing initialized
2026-01-22 20:06:53,782 [WARN] DetailPanel:346 - Failed to get advertising image, set to default
2026-01-22 20:06:54,128 [FATAL] Updater:351 - Updater called before beeing initialized
2026-01-22 20:06:54,134 [FATAL] Updater:351 - Updater called before beeing initialized
2026-01-22 20:06:54,135 [FATAL] Updater:351 - Updater called before beeing initialized
2026-01-22 20:06:54,135 [WARN] DetailPanel:346 - Failed to get advertising image, set to default
2026-01-22 20:06:54,138 [FATAL] Updater:351 - Updater called before beeing initialized
2026-01-22 20:06:54,341 [ERROR] Updater:1198 - MainUpdater not yet initialized. External WinMGr cannot be set.
2026-01-22 20:06:54,346 [INFO] Updater:1134 - Updater Version found : 6.15.0
2026-01-22 20:06:54,385 [ERROR] LogOutputStream:75 - [STDERR_REDIRECT] [Fatal Error] :1:1: Premature end of file.
2026-01-22 20:06:54,385 [ERROR] LogOutputStream:75 - [STDERR_REDIRECT] 
2026-01-22 20:06:54,410 [INFO] ApplicationProperties:184 - Using Application install path: C:\ST\STM32CubeIDE_1.18.1\STM32CubeIDE\plugins\com.st.stm32cube.common.mx_6.15.0.202507011659
2026-01-22 20:06:54,837 [FATAL] Updater:351 - Updater called before beeing initialized
2026-01-22 20:06:54,838 [ERROR] IntegrityCheckThread:130 - Cannot retrieve database content from updater: error 21
2026-01-22 20:06:54,840 [INFO] ThirdParty:978 - Integrity check success = false
2026-01-22 20:06:54,840 [INFO] IntegrityCheckThread:100 - exiting critical section [integrity check]
2026-01-22 20:06:54,840 [INFO] IntegrityCheckThread:103 - End integrity checks thread
2026-01-22 20:06:55,376 [ERROR] LogOutputStream:75 - [STDERR_REDIRECT] [Fatal Error] :1:1: Premature end of file.
2026-01-22 20:06:55,379 [ERROR] LogOutputStream:75 - [STDERR_REDIRECT] 
2026-01-22 20:06:56,060 [ERROR] LogOutputStream:75 - [STDERR_REDIRECT] Jan 22, 2026 8:06:56 PM java.util.prefs.WindowsPreferences <init>
2026-01-22 20:06:56,068 [ERROR] LogOutputStream:75 - [STDERR_REDIRECT] WARNING: Could not open/create prefs root node Software\JavaSoft\Prefs at root 0xffffffff80000002. Windows RegCreateKeyEx(...) returned error code 5.
2026-01-22 20:06:56,068 [ERROR] LogOutputStream:75 - [STDERR_REDIRECT] 
2026-01-22 20:06:56,399 [ERROR] LogOutputStream:75 - [STDERR_REDIRECT] [Fatal Error] :1:1: Premature end of file.
2026-01-22 20:06:56,406 [ERROR] LogOutputStream:75 - [STDERR_REDIRECT] 
2026-01-22 20:06:57,399 [ERROR] LogOutputStream:75 - [STDERR_REDIRECT] [Fatal Error] :1:1: Premature end of file.
2026-01-22 20:06:57,399 [ERROR] LogOutputStream:75 - [STDERR_REDIRECT] 
2026-01-22 20:06:58,012 [INFO] MainUpdater:2872 - connection check result : 10
2026-01-22 20:06:58,015 [INFO] MainUpdater:289 - Updater Check For Update Now.
2026-01-22 20:06:58,016 [INFO] MicroXplorer:498 - Change Database Version : DB.6.0.150
2026-01-22 20:06:58,038 [INFO] McuFinderGlobals:63 - Set McuFinder mode to 2 (CubeIDE integrated)
2026-01-22 20:06:58,044 [INFO] UserAuth:487 - Internet connection configuration mode: 1
2026-01-22 20:06:58,166 [INFO] JxBrowserEngine:152 - Initiate JxBrowser Engine with user profile folder
2026-01-22 20:06:58,387 [ERROR] LogOutputStream:75 - [STDERR_REDIRECT] [Fatal Error] :1:1: Premature end of file.
2026-01-22 20:06:58,392 [ERROR] LogOutputStream:75 - [STDERR_REDIRECT] 
2026-01-22 20:06:58,562 [INFO] CheckServerUpdateThread:120 - End of CheckServer Thread
2026-01-22 20:06:59,368 [ERROR] LogOutputStream:75 - [STDERR_REDIRECT] [Fatal Error] :1:1: Premature end of file.
2026-01-22 20:06:59,368 [ERROR] LogOutputStream:75 - [STDERR_REDIRECT] 
2026-01-22 20:07:00,410 [ERROR] LogOutputStream:75 - [STDERR_REDIRECT] [Fatal Error] :1:1: Premature end of file.
2026-01-22 20:07:00,412 [ERROR] LogOutputStream:75 - [STDERR_REDIRECT] 
2026-01-22 20:07:01,379 [ERROR] LogOutputStream:75 - [STDERR_REDIRECT] [Fatal Error] :1:1: Premature end of file.
2026-01-22 20:07:01,387 [ERROR] LogOutputStream:75 - [STDERR_REDIRECT] 
2026-01-22 20:07:02,415 [ERROR] LogOutputStream:75 - [STDERR_REDIRECT] [Fatal Error] :1:1: Premature end of file.
2026-01-22 20:07:02,419 [ERROR] LogOutputStream:75 - [STDERR_REDIRECT] 
2026-01-22 20:07:02,697 [INFO] WebApp:169 - Instantiating new browser for Auth
2026-01-22 20:07:03,407 [ERROR] LogOutputStream:75 - [STDERR_REDIRECT] [Fatal Error] :1:1: Premature end of file.
2026-01-22 20:07:03,409 [ERROR] LogOutputStream:75 - [STDERR_REDIRECT] 
2026-01-22 20:07:04,415 [ERROR] LogOutputStream:75 - [STDERR_REDIRECT] [Fatal Error] :1:1: Premature end of file.
2026-01-22 20:07:04,415 [ERROR] LogOutputStream:75 - [STDERR_REDIRECT] 
2026-01-22 20:07:04,951 [INFO] WebApp:463 - Apply proxy settings
2026-01-22 20:07:04,951 [INFO] WebApp:548 - Chromium requires no authentication
2026-01-22 20:07:04,980 [INFO] WebApp:491 - Direct internet connection detected
2026-01-22 20:07:05,054 [INFO] WebApp:900 - Register for checkConnection events
2026-01-22 20:07:05,054 [INFO] WebApp:463 - Apply proxy settings
2026-01-22 20:07:05,056 [INFO] WebApp:548 - Chromium requires no authentication
2026-01-22 20:07:05,056 [INFO] WebApp:491 - Direct internet connection detected
2026-01-22 20:07:05,397 [ERROR] LogOutputStream:75 - [STDERR_REDIRECT] [Fatal Error] :1:1: Premature end of file.
2026-01-22 20:07:05,399 [ERROR] LogOutputStream:75 - [STDERR_REDIRECT] 
2026-01-22 20:07:05,587 [INFO] WebApp:225 - Starting web application
2026-01-22 20:07:05,587 [INFO] WebApp:593 - Web application path used C:\ST\STM32CubeIDE_1.18.1\STM32CubeIDE\plugins\com.st.stm32cube.common.mx_6.15.0.202507011659\db\plugins\mcufinder\reactClient1\index.html
2026-01-22 20:07:05,804 [INFO] UserAuth:487 - Internet connection configuration mode: 1
2026-01-22 20:07:06,374 [ERROR] LogOutputStream:75 - [STDERR_REDIRECT] [Fatal Error] :1:1: Premature end of file.
2026-01-22 20:07:06,374 [ERROR] LogOutputStream:75 - [STDERR_REDIRECT] 
2026-01-22 20:07:07,394 [ERROR] LogOutputStream:75 - [STDERR_REDIRECT] [Fatal Error] :1:1: Premature end of file.
2026-01-22 20:07:07,396 [ERROR] LogOutputStream:75 - [STDERR_REDIRECT] 
2026-01-22 20:07:08,400 [ERROR] LogOutputStream:75 - [STDERR_REDIRECT] [Fatal Error] :1:1: Premature end of file.
2026-01-22 20:07:08,402 [ERROR] LogOutputStream:75 - [STDERR_REDIRECT] 
2026-01-22 20:07:09,377 [ERROR] LogOutputStream:75 - [STDERR_REDIRECT] [Fatal Error] :1:1: Premature end of file.
2026-01-22 20:07:09,377 [ERROR] LogOutputStream:75 - [STDERR_REDIRECT] 
2026-01-22 20:07:10,371 [ERROR] LogOutputStream:75 - [STDERR_REDIRECT] [Fatal Error] :1:1: Premature end of file.
2026-01-22 20:07:10,371 [ERROR] LogOutputStream:75 - [STDERR_REDIRECT] 
2026-01-22 20:07:11,377 [ERROR] LogOutputStream:75 - [STDERR_REDIRECT] [Fatal Error] :1:1: Premature end of file.
2026-01-22 20:07:11,377 [ERROR] LogOutputStream:75 - [STDERR_REDIRECT] 
2026-01-22 20:07:12,393 [ERROR] LogOutputStream:75 - [STDERR_REDIRECT] [Fatal Error] :1:1: Premature end of file.
2026-01-22 20:07:12,393 [ERROR] LogOutputStream:75 - [STDERR_REDIRECT] 
2026-01-22 20:07:13,370 [ERROR] LogOutputStream:75 - [STDERR_REDIRECT] [Fatal Error] :1:1: Premature end of file.
2026-01-22 20:07:13,371 [ERROR] LogOutputStream:75 - [STDERR_REDIRECT] 
2026-01-22 20:07:14,364 [ERROR] LogOutputStream:75 - [STDERR_REDIRECT] [Fatal Error] :1:1: Premature end of file.
2026-01-22 20:07:14,364 [ERROR] LogOutputStream:75 - [STDERR_REDIRECT] 
2026-01-22 20:07:15,365 [ERROR] LogOutputStream:75 - [STDERR_REDIRECT] [Fatal Error] :1:1: Premature end of file.
2026-01-22 20:07:15,365 [ERROR] LogOutputStream:75 - [STDERR_REDIRECT] 
2026-01-22 20:07:16,386 [ERROR] LogOutputStream:75 - [STDERR_REDIRECT] [Fatal Error] :1:1: Premature end of file.
2026-01-22 20:07:16,387 [ERROR] LogOutputStream:75 - [STDERR_REDIRECT] 
2026-01-22 20:07:17,382 [ERROR] LogOutputStream:75 - [STDERR_REDIRECT] [Fatal Error] :1:1: Premature end of file.
2026-01-22 20:07:17,382 [ERROR] LogOutputStream:75 - [STDERR_REDIRECT] 
2026-01-22 20:07:18,378 [ERROR] LogOutputStream:75 - [STDERR_REDIRECT] [Fatal Error] :1:1: Premature end of file.
2026-01-22 20:07:18,378 [ERROR] LogOutputStream:75 - [STDERR_REDIRECT] 
2026-01-22 20:07:19,369 [ERROR] LogOutputStream:75 - [STDERR_REDIRECT] [Fatal Error] :1:1: Premature end of file.
2026-01-22 20:07:19,370 [ERROR] LogOutputStream:75 - [STDERR_REDIRECT] 
2026-01-22 20:07:20,363 [ERROR] LogOutputStream:75 - [STDERR_REDIRECT] [Fatal Error] :1:1: Premature end of file.
2026-01-22 20:07:20,364 [ERROR] LogOutputStream:75 - [STDERR_REDIRECT] 
2026-01-22 20:07:21,368 [ERROR] LogOutputStream:75 - [STDERR_REDIRECT] [Fatal Error] :1:1: Premature end of file.
2026-01-22 20:07:21,368 [ERROR] LogOutputStream:75 - [STDERR_REDIRECT] 
2026-01-22 20:07:21,458 [INFO] WebApp:191 - Connection restablished
2026-01-22 20:07:22,369 [ERROR] LogOutputStream:75 - [STDERR_REDIRECT] [Fatal Error] :1:1: Premature end of file.
2026-01-22 20:07:22,370 [ERROR] LogOutputStream:75 - [STDERR_REDIRECT] 
2026-01-22 20:07:23,408 [ERROR] LogOutputStream:75 - [STDERR_REDIRECT] [Fatal Error] :1:1: Premature end of file.
2026-01-22 20:07:23,408 [ERROR] LogOutputStream:75 - [STDERR_REDIRECT] 
2026-01-22 20:07:24,405 [ERROR] LogOutputStream:75 - [STDERR_REDIRECT] [Fatal Error] :1:1: Premature end of file.
2026-01-22 20:07:24,406 [ERROR] LogOutputStream:75 - [STDERR_REDIRECT] 
2026-01-22 20:07:25,377 [ERROR] LogOutputStream:75 - [STDERR_REDIRECT] [Fatal Error] :1:1: Premature end of file.
2026-01-22 20:07:25,377 [ERROR] LogOutputStream:75 - [STDERR_REDIRECT] 
2026-01-22 20:07:26,360 [ERROR] LogOutputStream:75 - [STDERR_REDIRECT] [Fatal Error] :1:1: Premature end of file.
2026-01-22 20:07:26,361 [ERROR] LogOutputStream:75 - [STDERR_REDIRECT] 
2026-01-22 20:07:27,370 [ERROR] LogOutputStream:75 - [STDERR_REDIRECT] [Fatal Error] :1:1: Premature end of file.
2026-01-22 20:07:27,371 [ERROR] LogOutputStream:75 - [STDERR_REDIRECT] 
2026-01-22 20:07:28,362 [ERROR] LogOutputStream:75 - [STDERR_REDIRECT] [Fatal Error] :1:1: Premature end of file.
2026-01-22 20:07:28,363 [ERROR] LogOutputStream:75 - [STDERR_REDIRECT] 
2026-01-22 20:07:29,375 [ERROR] LogOutputStream:75 - [STDERR_REDIRECT] [Fatal Error] :1:1: Premature end of file.
2026-01-22 20:07:29,376 [ERROR] LogOutputStream:75 - [STDERR_REDIRECT] 
2026-01-22 20:07:30,369 [ERROR] LogOutputStream:75 - [STDERR_REDIRECT] [Fatal Error] :1:1: Premature end of file.
2026-01-22 20:07:30,370 [ERROR] LogOutputStream:75 - [STDERR_REDIRECT] 
2026-01-22 20:07:31,357 [ERROR] LogOutputStream:75 - [STDERR_REDIRECT] [Fatal Error] :1:1: Premature end of file.
2026-01-22 20:07:31,357 [ERROR] LogOutputStream:75 - [STDERR_REDIRECT] 
2026-01-22 20:07:32,412 [ERROR] LogOutputStream:75 - [STDERR_REDIRECT] [Fatal Error] :1:1: Premature end of file.
2026-01-22 20:07:32,413 [ERROR] LogOutputStream:75 - [STDERR_REDIRECT] 
2026-01-22 20:07:33,366 [ERROR] LogOutputStream:75 - [STDERR_REDIRECT] [Fatal Error] :1:1: Premature end of file.
2026-01-22 20:07:33,367 [ERROR] LogOutputStream:75 - [STDERR_REDIRECT] 
2026-01-22 20:07:34,361 [ERROR] LogOutputStream:75 - [STDERR_REDIRECT] [Fatal Error] :1:1: Premature end of file.
2026-01-22 20:07:34,361 [ERROR] LogOutputStream:75 - [STDERR_REDIRECT] 
2026-01-22 20:07:35,357 [ERROR] LogOutputStream:75 - [STDERR_REDIRECT] [Fatal Error] :1:1: Premature end of file.
2026-01-22 20:07:35,357 [ERROR] LogOutputStream:75 - [STDERR_REDIRECT] 
2026-01-22 20:07:36,400 [ERROR] LogOutputStream:75 - [STDERR_REDIRECT] [Fatal Error] :1:1: Premature end of file.
2026-01-22 20:07:36,400 [ERROR] LogOutputStream:75 - [STDERR_REDIRECT] 
2026-01-22 20:07:37,415 [ERROR] LogOutputStream:75 - [STDERR_REDIRECT] [Fatal Error] :1:1: Premature end of file.
2026-01-22 20:07:37,415 [ERROR] LogOutputStream:75 - [STDERR_REDIRECT] 
2026-01-22 20:07:38,366 [ERROR] LogOutputStream:75 - [STDERR_REDIRECT] [Fatal Error] :1:1: Premature end of file.
2026-01-22 20:07:38,366 [ERROR] LogOutputStream:75 - [STDERR_REDIRECT] 
2026-01-22 20:07:39,392 [ERROR] LogOutputStream:75 - [STDERR_REDIRECT] [Fatal Error] :1:1: Premature end of file.
2026-01-22 20:07:39,392 [ERROR] LogOutputStream:75 - [STDERR_REDIRECT] 
2026-01-22 20:07:40,365 [ERROR] LogOutputStream:75 - [STDERR_REDIRECT] [Fatal Error] :1:1: Premature end of file.
2026-01-22 20:07:40,365 [ERROR] LogOutputStream:75 - [STDERR_REDIRECT] 
2026-01-22 20:07:41,380 [ERROR] LogOutputStream:75 - [STDERR_REDIRECT] [Fatal Error] :1:1: Premature end of file.
2026-01-22 20:07:41,380 [ERROR] LogOutputStream:75 - [STDERR_REDIRECT] 
2026-01-22 20:07:42,385 [ERROR] LogOutputStream:75 - [STDERR_REDIRECT] [Fatal Error] :1:1: Premature end of file.
2026-01-22 20:07:42,385 [ERROR] LogOutputStream:75 - [STDERR_REDIRECT] 
2026-01-22 20:07:43,374 [ERROR] LogOutputStream:75 - [STDERR_REDIRECT] [Fatal Error] :1:1: Premature end of file.
2026-01-22 20:07:43,374 [ERROR] LogOutputStream:75 - [STDERR_REDIRECT] 
2026-01-22 20:07:44,392 [ERROR] LogOutputStream:75 - [STDERR_REDIRECT] [Fatal Error] :1:1: Premature end of file.
2026-01-22 20:07:44,392 [ERROR] LogOutputStream:75 - [STDERR_REDIRECT] 
2026-01-22 20:07:45,375 [ERROR] LogOutputStream:75 - [STDERR_REDIRECT] [Fatal Error] :1:1: Premature end of file.
2026-01-22 20:07:45,375 [ERROR] LogOutputStream:75 - [STDERR_REDIRECT] 
2026-01-22 20:07:46,376 [ERROR] LogOutputStream:75 - [STDERR_REDIRECT] [Fatal Error] :1:1: Premature end of file.
2026-01-22 20:07:46,386 [ERROR] LogOutputStream:75 - [STDERR_REDIRECT] 
2026-01-22 20:07:47,386 [ERROR] LogOutputStream:75 - [STDERR_REDIRECT] [Fatal Error] :1:1: Premature end of file.
2026-01-22 20:07:47,386 [ERROR] LogOutputStream:75 - [STDERR_REDIRECT] 
2026-01-22 20:07:48,382 [ERROR] LogOutputStream:75 - [STDERR_REDIRECT] [Fatal Error] :1:1: Premature end of file.
2026-01-22 20:07:48,382 [ERROR] LogOutputStream:75 - [STDERR_REDIRECT] 
2026-01-22 20:07:49,370 [ERROR] LogOutputStream:75 - [STDERR_REDIRECT] [Fatal Error] :1:1: Premature end of file.
2026-01-22 20:07:49,370 [ERROR] LogOutputStream:75 - [STDERR_REDIRECT] 
2026-01-22 20:07:50,400 [ERROR] LogOutputStream:75 - [STDERR_REDIRECT] [Fatal Error] :1:1: Premature end of file.
2026-01-22 20:07:50,402 [ERROR] LogOutputStream:75 - [STDERR_REDIRECT] 
2026-01-22 20:07:51,376 [ERROR] LogOutputStream:75 - [STDERR_REDIRECT] [Fatal Error] :1:1: Premature end of file.
2026-01-22 20:07:51,379 [ERROR] LogOutputStream:75 - [STDERR_REDIRECT] 
2026-01-22 20:07:52,425 [ERROR] LogOutputStream:75 - [STDERR_REDIRECT] [Fatal Error] :1:1: Premature end of file.
2026-01-22 20:07:52,425 [ERROR] LogOutputStream:75 - [STDERR_REDIRECT] 
2026-01-22 20:07:53,384 [ERROR] LogOutputStream:75 - [STDERR_REDIRECT] [Fatal Error] :1:1: Premature end of file.
2026-01-22 20:07:53,384 [ERROR] LogOutputStream:75 - [STDERR_REDIRECT] 
2026-01-22 20:07:54,432 [ERROR] LogOutputStream:75 - [STDERR_REDIRECT] [Fatal Error] :1:1: Premature end of file.
2026-01-22 20:07:54,432 [ERROR] LogOutputStream:75 - [STDERR_REDIRECT] 
2026-01-22 20:07:55,425 [ERROR] LogOutputStream:75 - [STDERR_REDIRECT] [Fatal Error] :1:1: Premature end of file.
2026-01-22 20:07:55,425 [ERROR] LogOutputStream:75 - [STDERR_REDIRECT] 
2026-01-22 20:07:56,412 [ERROR] LogOutputStream:75 - [STDERR_REDIRECT] [Fatal Error] :1:1: Premature end of file.
2026-01-22 20:07:56,412 [ERROR] LogOutputStream:75 - [STDERR_REDIRECT] 
2026-01-22 20:07:57,380 [ERROR] LogOutputStream:75 - [STDERR_REDIRECT] [Fatal Error] :1:1: Premature end of file.
2026-01-22 20:07:57,380 [ERROR] LogOutputStream:75 - [STDERR_REDIRECT] 
2026-01-22 20:07:58,389 [ERROR] LogOutputStream:75 - [STDERR_REDIRECT] [Fatal Error] :1:1: Premature end of file.
2026-01-22 20:07:58,389 [ERROR] LogOutputStream:75 - [STDERR_REDIRECT] 
2026-01-22 20:07:59,395 [ERROR] LogOutputStream:75 - [STDERR_REDIRECT] [Fatal Error] :1:1: Premature end of file.
2026-01-22 20:07:59,404 [ERROR] LogOutputStream:75 - [STDERR_REDIRECT] 
2026-01-22 20:08:00,411 [ERROR] LogOutputStream:75 - [STDERR_REDIRECT] [Fatal Error] :1:1: Premature end of file.
2026-01-22 20:08:00,413 [ERROR] LogOutputStream:75 - [STDERR_REDIRECT] 
2026-01-22 20:08:01,388 [ERROR] LogOutputStream:75 - [STDERR_REDIRECT] [Fatal Error] :1:1: Premature end of file.
2026-01-22 20:08:01,388 [ERROR] LogOutputStream:75 - [STDERR_REDIRECT] 
2026-01-22 20:08:02,405 [ERROR] LogOutputStream:75 - [STDERR_REDIRECT] [Fatal Error] :1:1: Premature end of file.
2026-01-22 20:08:02,405 [ERROR] LogOutputStream:75 - [STDERR_REDIRECT] 
2026-01-22 20:08:03,376 [ERROR] LogOutputStream:75 - [STDERR_REDIRECT] [Fatal Error] :1:1: Premature end of file.
2026-01-22 20:08:03,378 [ERROR] LogOutputStream:75 - [STDERR_REDIRECT] 
2026-01-22 20:08:04,385 [ERROR] LogOutputStream:75 - [STDERR_REDIRECT] [Fatal Error] :1:1: Premature end of file.
2026-01-22 20:08:04,385 [ERROR] LogOutputStream:75 - [STDERR_REDIRECT] 
2026-01-22 20:08:05,376 [ERROR] LogOutputStream:75 - [STDERR_REDIRECT] [Fatal Error] :1:1: Premature end of file.
2026-01-22 20:08:05,376 [ERROR] LogOutputStream:75 - [STDERR_REDIRECT] 
2026-01-22 20:08:06,360 [ERROR] LogOutputStream:75 - [STDERR_REDIRECT] [Fatal Error] :1:1: Premature end of file.
2026-01-22 20:08:06,360 [ERROR] LogOutputStream:75 - [STDERR_REDIRECT] 
2026-01-22 20:08:07,386 [ERROR] LogOutputStream:75 - [STDERR_REDIRECT] [Fatal Error] :1:1: Premature end of file.
2026-01-22 20:08:07,386 [ERROR] LogOutputStream:75 - [STDERR_REDIRECT] 
2026-01-22 20:08:08,385 [ERROR] LogOutputStream:75 - [STDERR_REDIRECT] [Fatal Error] :1:1: Premature end of file.
2026-01-22 20:08:08,385 [ERROR] LogOutputStream:75 - [STDERR_REDIRECT] 
2026-01-22 20:08:09,443 [ERROR] LogOutputStream:75 - [STDERR_REDIRECT] [Fatal Error] :1:1: Premature end of file.
2026-01-22 20:08:09,443 [ERROR] LogOutputStream:75 - [STDERR_REDIRECT] 
2026-01-22 20:08:10,368 [ERROR] LogOutputStream:75 - [STDERR_REDIRECT] [Fatal Error] :1:1: Premature end of file.
2026-01-22 20:08:10,369 [ERROR] LogOutputStream:75 - [STDERR_REDIRECT] 
2026-01-22 20:08:11,380 [ERROR] LogOutputStream:75 - [STDERR_REDIRECT] [Fatal Error] :1:1: Premature end of file.
2026-01-22 20:08:11,380 [ERROR] LogOutputStream:75 - [STDERR_REDIRECT] 
2026-01-22 20:08:12,368 [ERROR] LogOutputStream:75 - [STDERR_REDIRECT] [Fatal Error] :1:1: Premature end of file.
2026-01-22 20:08:12,369 [ERROR] LogOutputStream:75 - [STDERR_REDIRECT] 
2026-01-22 20:08:13,363 [ERROR] LogOutputStream:75 - [STDERR_REDIRECT] [Fatal Error] :1:1: Premature end of file.
2026-01-22 20:08:13,363 [ERROR] LogOutputStream:75 - [STDERR_REDIRECT] 
2026-01-22 20:08:14,390 [ERROR] LogOutputStream:75 - [STDERR_REDIRECT] [Fatal Error] :1:1: Premature end of file.
2026-01-22 20:08:14,391 [ERROR] LogOutputStream:75 - [STDERR_REDIRECT] 
2026-01-22 20:08:15,383 [ERROR] LogOutputStream:75 - [STDERR_REDIRECT] [Fatal Error] :1:1: Premature end of file.
2026-01-22 20:08:15,383 [ERROR] LogOutputStream:75 - [STDERR_REDIRECT] 
2026-01-22 20:08:16,359 [ERROR] LogOutputStream:75 - [STDERR_REDIRECT] [Fatal Error] :1:1: Premature end of file.
2026-01-22 20:08:16,359 [ERROR] LogOutputStream:75 - [STDERR_REDIRECT] 
2026-01-22 20:08:17,373 [ERROR] LogOutputStream:75 - [STDERR_REDIRECT] [Fatal Error] :1:1: Premature end of file.
2026-01-22 20:08:17,373 [ERROR] LogOutputStream:75 - [STDERR_REDIRECT] 
2026-01-22 20:08:18,369 [ERROR] LogOutputStream:75 - [STDERR_REDIRECT] [Fatal Error] :1:1: Premature end of file.
2026-01-22 20:08:18,369 [ERROR] LogOutputStream:75 - [STDERR_REDIRECT] 
2026-01-22 20:08:19,369 [ERROR] LogOutputStream:75 - [STDERR_REDIRECT] [Fatal Error] :1:1: Premature end of file.
2026-01-22 20:08:19,369 [ERROR] LogOutputStream:75 - [STDERR_REDIRECT] 
2026-01-22 20:08:20,350 [ERROR] LogOutputStream:75 - [STDERR_REDIRECT] [Fatal Error] :1:1: Premature end of file.
2026-01-22 20:08:20,351 [ERROR] LogOutputStream:75 - [STDERR_REDIRECT] 
2026-01-22 20:08:21,374 [ERROR] LogOutputStream:75 - [STDERR_REDIRECT] [Fatal Error] :1:1: Premature end of file.
2026-01-22 20:08:21,375 [ERROR] LogOutputStream:75 - [STDERR_REDIRECT] 
2026-01-22 20:08:22,367 [ERROR] LogOutputStream:75 - [STDERR_REDIRECT] [Fatal Error] :1:1: Premature end of file.
2026-01-22 20:08:22,368 [ERROR] LogOutputStream:75 - [STDERR_REDIRECT] 
2026-01-22 20:08:23,367 [ERROR] LogOutputStream:75 - [STDERR_REDIRECT] [Fatal Error] :1:1: Premature end of file.
2026-01-22 20:08:23,367 [ERROR] LogOutputStream:75 - [STDERR_REDIRECT] 
2026-01-22 20:08:24,377 [ERROR] LogOutputStream:75 - [STDERR_REDIRECT] [Fatal Error] :1:1: Premature end of file.
2026-01-22 20:08:24,377 [ERROR] LogOutputStream:75 - [STDERR_REDIRECT] 
2026-01-22 20:08:25,401 [ERROR] LogOutputStream:75 - [STDERR_REDIRECT] [Fatal Error] :1:1: Premature end of file.
2026-01-22 20:08:25,401 [ERROR] LogOutputStream:75 - [STDERR_REDIRECT] 
2026-01-22 20:08:26,373 [ERROR] LogOutputStream:75 - [STDERR_REDIRECT] [Fatal Error] :1:1: Premature end of file.
2026-01-22 20:08:26,373 [ERROR] LogOutputStream:75 - [STDERR_REDIRECT] 
2026-01-22 20:08:27,370 [ERROR] LogOutputStream:75 - [STDERR_REDIRECT] [Fatal Error] :1:1: Premature end of file.
2026-01-22 20:08:27,371 [ERROR] LogOutputStream:75 - [STDERR_REDIRECT] 
2026-01-22 20:08:28,401 [ERROR] LogOutputStream:75 - [STDERR_REDIRECT] [Fatal Error] :1:1: Premature end of file.
2026-01-22 20:08:28,403 [ERROR] LogOutputStream:75 - [STDERR_REDIRECT] 
2026-01-22 20:08:29,384 [ERROR] LogOutputStream:75 - [STDERR_REDIRECT] [Fatal Error] :1:1: Premature end of file.
2026-01-22 20:08:29,384 [ERROR] LogOutputStream:75 - [STDERR_REDIRECT] 
2026-01-22 20:08:30,378 [ERROR] LogOutputStream:75 - [STDERR_REDIRECT] [Fatal Error] :1:1: Premature end of file.
2026-01-22 20:08:30,381 [ERROR] LogOutputStream:75 - [STDERR_REDIRECT] 
2026-01-22 20:08:31,383 [ERROR] LogOutputStream:75 - [STDERR_REDIRECT] [Fatal Error] :1:1: Premature end of file.
2026-01-22 20:08:31,383 [ERROR] LogOutputStream:75 - [STDERR_REDIRECT] 
2026-01-22 20:08:32,375 [ERROR] LogOutputStream:75 - [STDERR_REDIRECT] [Fatal Error] :1:1: Premature end of file.
2026-01-22 20:08:32,375 [ERROR] LogOutputStream:75 - [STDERR_REDIRECT] 
2026-01-22 20:08:33,373 [ERROR] LogOutputStream:75 - [STDERR_REDIRECT] [Fatal Error] :1:1: Premature end of file.
2026-01-22 20:08:33,373 [ERROR] LogOutputStream:75 - [STDERR_REDIRECT] 
2026-01-22 20:08:34,371 [ERROR] LogOutputStream:75 - [STDERR_REDIRECT] [Fatal Error] :1:1: Premature end of file.
2026-01-22 20:08:34,372 [ERROR] LogOutputStream:75 - [STDERR_REDIRECT] 
2026-01-22 20:08:35,365 [ERROR] LogOutputStream:75 - [STDERR_REDIRECT] [Fatal Error] :1:1: Premature end of file.
2026-01-22 20:08:35,366 [ERROR] LogOutputStream:75 - [STDERR_REDIRECT] 
2026-01-22 20:08:36,364 [ERROR] LogOutputStream:75 - [STDERR_REDIRECT] [Fatal Error] :1:1: Premature end of file.
2026-01-22 20:08:36,365 [ERROR] LogOutputStream:75 - [STDERR_REDIRECT] 
2026-01-22 20:08:37,381 [ERROR] LogOutputStream:75 - [STDERR_REDIRECT] [Fatal Error] :1:1: Premature end of file.
2026-01-22 20:08:37,381 [ERROR] LogOutputStream:75 - [STDERR_REDIRECT] 
2026-01-22 20:08:38,377 [ERROR] LogOutputStream:75 - [STDERR_REDIRECT] [Fatal Error] :1:1: Premature end of file.
2026-01-22 20:08:38,377 [ERROR] LogOutputStream:75 - [STDERR_REDIRECT] 
2026-01-22 20:08:39,383 [ERROR] LogOutputStream:75 - [STDERR_REDIRECT] [Fatal Error] :1:1: Premature end of file.
2026-01-22 20:08:39,383 [ERROR] LogOutputStream:75 - [STDERR_REDIRECT] 
2026-01-22 20:08:40,378 [ERROR] LogOutputStream:75 - [STDERR_REDIRECT] [Fatal Error] :1:1: Premature end of file.
2026-01-22 20:08:40,378 [ERROR] LogOutputStream:75 - [STDERR_REDIRECT] 
2026-01-22 20:08:41,373 [ERROR] LogOutputStream:75 - [STDERR_REDIRECT] [Fatal Error] :1:1: Premature end of file.
2026-01-22 20:08:41,373 [ERROR] LogOutputStream:75 - [STDERR_REDIRECT] 
2026-01-22 20:08:42,399 [ERROR] LogOutputStream:75 - [STDERR_REDIRECT] [Fatal Error] :1:1: Premature end of file.
2026-01-22 20:08:42,400 [ERROR] LogOutputStream:75 - [STDERR_REDIRECT] 
2026-01-22 20:08:43,382 [ERROR] LogOutputStream:75 - [STDERR_REDIRECT] [Fatal Error] :1:1: Premature end of file.
2026-01-22 20:08:43,382 [ERROR] LogOutputStream:75 - [STDERR_REDIRECT] 
2026-01-22 20:08:44,375 [ERROR] LogOutputStream:75 - [STDERR_REDIRECT] [Fatal Error] :1:1: Premature end of file.
2026-01-22 20:08:44,375 [ERROR] LogOutputStream:75 - [STDERR_REDIRECT] 
2026-01-22 20:08:45,392 [ERROR] LogOutputStream:75 - [STDERR_REDIRECT] [Fatal Error] :1:1: Premature end of file.
2026-01-22 20:08:45,392 [ERROR] LogOutputStream:75 - [STDERR_REDIRECT] 
2026-01-22 20:08:46,386 [ERROR] LogOutputStream:75 - [STDERR_REDIRECT] [Fatal Error] :1:1: Premature end of file.
2026-01-22 20:08:46,386 [ERROR] LogOutputStream:75 - [STDERR_REDIRECT] 
2026-01-22 20:08:47,382 [ERROR] LogOutputStream:75 - [STDERR_REDIRECT] [Fatal Error] :1:1: Premature end of file.
2026-01-22 20:08:47,384 [ERROR] LogOutputStream:75 - [STDERR_REDIRECT] 
2026-01-22 20:08:48,372 [ERROR] LogOutputStream:75 - [STDERR_REDIRECT] [Fatal Error] :1:1: Premature end of file.
2026-01-22 20:08:48,373 [ERROR] LogOutputStream:75 - [STDERR_REDIRECT] 
2026-01-22 20:08:49,384 [ERROR] LogOutputStream:75 - [STDERR_REDIRECT] [Fatal Error] :1:1: Premature end of file.
2026-01-22 20:08:49,384 [ERROR] LogOutputStream:75 - [STDERR_REDIRECT] 
2026-01-22 20:08:50,384 [ERROR] LogOutputStream:75 - [STDERR_REDIRECT] [Fatal Error] :1:1: Premature end of file.
2026-01-22 20:08:50,384 [ERROR] LogOutputStream:75 - [STDERR_REDIRECT] 
2026-01-22 20:08:51,371 [ERROR] LogOutputStream:75 - [STDERR_REDIRECT] [Fatal Error] :1:1: Premature end of file.
2026-01-22 20:08:51,372 [ERROR] LogOutputStream:75 - [STDERR_REDIRECT] 
2026-01-22 20:08:52,380 [ERROR] LogOutputStream:75 - [STDERR_REDIRECT] [Fatal Error] :1:1: Premature end of file.
2026-01-22 20:08:52,380 [ERROR] LogOutputStream:75 - [STDERR_REDIRECT] 
2026-01-22 20:08:53,382 [ERROR] LogOutputStream:75 - [STDERR_REDIRECT] [Fatal Error] :1:1: Premature end of file.
2026-01-22 20:08:53,382 [ERROR] LogOutputStream:75 - [STDERR_REDIRECT] 
2026-01-22 20:08:54,381 [ERROR] LogOutputStream:75 - [STDERR_REDIRECT] [Fatal Error] :1:1: Premature end of file.
2026-01-22 20:08:54,381 [ERROR] LogOutputStream:75 - [STDERR_REDIRECT] 
2026-01-22 20:08:55,363 [ERROR] LogOutputStream:75 - [STDERR_REDIRECT] [Fatal Error] :1:1: Premature end of file.
2026-01-22 20:08:55,363 [ERROR] LogOutputStream:75 - [STDERR_REDIRECT] 
2026-01-22 20:08:56,380 [ERROR] LogOutputStream:75 - [STDERR_REDIRECT] [Fatal Error] :1:1: Premature end of file.
2026-01-22 20:08:56,381 [ERROR] LogOutputStream:75 - [STDERR_REDIRECT] 
2026-01-22 20:08:57,372 [ERROR] LogOutputStream:75 - [STDERR_REDIRECT] [Fatal Error] :1:1: Premature end of file.
2026-01-22 20:08:57,372 [ERROR] LogOutputStream:75 - [STDERR_REDIRECT] 
2026-01-22 20:08:58,353 [ERROR] LogOutputStream:75 - [STDERR_REDIRECT] [Fatal Error] :1:1: Premature end of file.
2026-01-22 20:08:58,353 [ERROR] LogOutputStream:75 - [STDERR_REDIRECT] 
2026-01-22 20:08:59,363 [ERROR] LogOutputStream:75 - [STDERR_REDIRECT] [Fatal Error] :1:1: Premature end of file.
2026-01-22 20:08:59,363 [ERROR] LogOutputStream:75 - [STDERR_REDIRECT] 
2026-01-22 20:09:00,359 [ERROR] LogOutputStream:75 - [STDERR_REDIRECT] [Fatal Error] :1:1: Premature end of file.
2026-01-22 20:09:00,360 [ERROR] LogOutputStream:75 - [STDERR_REDIRECT] 
2026-01-22 20:09:01,358 [ERROR] LogOutputStream:75 - [STDERR_REDIRECT] [Fatal Error] :1:1: Premature end of file.
2026-01-22 20:09:01,358 [ERROR] LogOutputStream:75 - [STDERR_REDIRECT] 
2026-01-22 20:09:02,358 [ERROR] LogOutputStream:75 - [STDERR_REDIRECT] [Fatal Error] :1:1: Premature end of file.
2026-01-22 20:09:02,358 [ERROR] LogOutputStream:75 - [STDERR_REDIRECT] 
2026-01-22 20:09:03,347 [ERROR] LogOutputStream:75 - [STDERR_REDIRECT] [Fatal Error] :1:1: Premature end of file.
2026-01-22 20:09:03,347 [ERROR] LogOutputStream:75 - [STDERR_REDIRECT] 
2026-01-22 20:09:04,360 [ERROR] LogOutputStream:75 - [STDERR_REDIRECT] [Fatal Error] :1:1: Premature end of file.
2026-01-22 20:09:04,360 [ERROR] LogOutputStream:75 - [STDERR_REDIRECT] 
2026-01-22 20:09:05,365 [ERROR] LogOutputStream:75 - [STDERR_REDIRECT] [Fatal Error] :1:1: Premature end of file.
2026-01-22 20:09:05,366 [ERROR] LogOutputStream:75 - [STDERR_REDIRECT] 
2026-01-22 20:09:06,361 [ERROR] LogOutputStream:75 - [STDERR_REDIRECT] [Fatal Error] :1:1: Premature end of file.
2026-01-22 20:09:06,362 [ERROR] LogOutputStream:75 - [STDERR_REDIRECT] 
2026-01-22 20:09:07,356 [ERROR] LogOutputStream:75 - [STDERR_REDIRECT] [Fatal Error] :1:1: Premature end of file.
2026-01-22 20:09:07,356 [ERROR] LogOutputStream:75 - [STDERR_REDIRECT] 
2026-01-22 20:09:08,356 [ERROR] LogOutputStream:75 - [STDERR_REDIRECT] [Fatal Error] :1:1: Premature end of file.
2026-01-22 20:09:08,356 [ERROR] LogOutputStream:75 - [STDERR_REDIRECT] 
2026-01-22 20:09:09,348 [ERROR] LogOutputStream:75 - [STDERR_REDIRECT] [Fatal Error] :1:1: Premature end of file.
2026-01-22 20:09:09,348 [ERROR] LogOutputStream:75 - [STDERR_REDIRECT] 
2026-01-22 20:09:10,359 [ERROR] LogOutputStream:75 - [STDERR_REDIRECT] [Fatal Error] :1:1: Premature end of file.
2026-01-22 20:09:10,360 [ERROR] LogOutputStream:75 - [STDERR_REDIRECT] 
2026-01-22 20:09:11,360 [ERROR] LogOutputStream:75 - [STDERR_REDIRECT] [Fatal Error] :1:1: Premature end of file.
2026-01-22 20:09:11,361 [ERROR] LogOutputStream:75 - [STDERR_REDIRECT] 
2026-01-22 20:09:12,352 [ERROR] LogOutputStream:75 - [STDERR_REDIRECT] [Fatal Error] :1:1: Premature end of file.
2026-01-22 20:09:12,352 [ERROR] LogOutputStream:75 - [STDERR_REDIRECT] 
2026-01-22 20:09:13,380 [ERROR] LogOutputStream:75 - [STDERR_REDIRECT] [Fatal Error] :1:1: Premature end of file.
2026-01-22 20:09:13,381 [ERROR] LogOutputStream:75 - [STDERR_REDIRECT] 
2026-01-22 20:09:14,358 [ERROR] LogOutputStream:75 - [STDERR_REDIRECT] [Fatal Error] :1:1: Premature end of file.
2026-01-22 20:09:14,358 [ERROR] LogOutputStream:75 - [STDERR_REDIRECT] 
2026-01-22 20:09:15,358 [ERROR] LogOutputStream:75 - [STDERR_REDIRECT] [Fatal Error] :1:1: Premature end of file.
2026-01-22 20:09:15,358 [ERROR] LogOutputStream:75 - [STDERR_REDIRECT] 
2026-01-22 20:09:16,367 [ERROR] LogOutputStream:75 - [STDERR_REDIRECT] [Fatal Error] :1:1: Premature end of file.
2026-01-22 20:09:16,368 [ERROR] LogOutputStream:75 - [STDERR_REDIRECT] 
2026-01-22 20:09:17,364 [ERROR] LogOutputStream:75 - [STDERR_REDIRECT] [Fatal Error] :1:1: Premature end of file.
2026-01-22 20:09:17,364 [ERROR] LogOutputStream:75 - [STDERR_REDIRECT] 
2026-01-22 20:09:18,370 [ERROR] LogOutputStream:75 - [STDERR_REDIRECT] [Fatal Error] :1:1: Premature end of file.
2026-01-22 20:09:18,370 [ERROR] LogOutputStream:75 - [STDERR_REDIRECT] 
2026-01-22 20:09:19,369 [ERROR] LogOutputStream:75 - [STDERR_REDIRECT] [Fatal Error] :1:1: Premature end of file.
2026-01-22 20:09:19,370 [ERROR] LogOutputStream:75 - [STDERR_REDIRECT] 
2026-01-22 20:09:20,365 [ERROR] LogOutputStream:75 - [STDERR_REDIRECT] [Fatal Error] :1:1: Premature end of file.
2026-01-22 20:09:20,365 [ERROR] LogOutputStream:75 - [STDERR_REDIRECT] 
2026-01-22 20:09:21,364 [ERROR] LogOutputStream:75 - [STDERR_REDIRECT] [Fatal Error] :1:1: Premature end of file.
2026-01-22 20:09:21,364 [ERROR] LogOutputStream:75 - [STDERR_REDIRECT] 
2026-01-22 20:09:22,359 [ERROR] LogOutputStream:75 - [STDERR_REDIRECT] [Fatal Error] :1:1: Premature end of file.
2026-01-22 20:09:22,359 [ERROR] LogOutputStream:75 - [STDERR_REDIRECT] 
2026-01-22 20:09:23,359 [ERROR] LogOutputStream:75 - [STDERR_REDIRECT] [Fatal Error] :1:1: Premature end of file.
2026-01-22 20:09:23,359 [ERROR] LogOutputStream:75 - [STDERR_REDIRECT] 
2026-01-22 20:09:24,355 [ERROR] LogOutputStream:75 - [STDERR_REDIRECT] [Fatal Error] :1:1: Premature end of file.
2026-01-22 20:09:24,355 [ERROR] LogOutputStream:75 - [STDERR_REDIRECT] 
2026-01-22 20:09:25,358 [ERROR] LogOutputStream:75 - [STDERR_REDIRECT] [Fatal Error] :1:1: Premature end of file.
2026-01-22 20:09:25,358 [ERROR] LogOutputStream:75 - [STDERR_REDIRECT] 
2026-01-22 20:09:26,357 [ERROR] LogOutputStream:75 - [STDERR_REDIRECT] [Fatal Error] :1:1: Premature end of file.
2026-01-22 20:09:26,358 [ERROR] LogOutputStream:75 - [STDERR_REDIRECT] 
2026-01-22 20:09:27,371 [ERROR] LogOutputStream:75 - [STDERR_REDIRECT] [Fatal Error] :1:1: Premature end of file.
2026-01-22 20:09:27,371 [ERROR] LogOutputStream:75 - [STDERR_REDIRECT] 
2026-01-22 20:09:28,347 [ERROR] LogOutputStream:75 - [STDERR_REDIRECT] [Fatal Error] :1:1: Premature end of file.
2026-01-22 20:09:28,347 [ERROR] LogOutputStream:75 - [STDERR_REDIRECT] 
2026-01-22 20:09:29,355 [ERROR] LogOutputStream:75 - [STDERR_REDIRECT] [Fatal Error] :1:1: Premature end of file.
2026-01-22 20:09:29,355 [ERROR] LogOutputStream:75 - [STDERR_REDIRECT] 
2026-01-22 20:09:30,368 [ERROR] LogOutputStream:75 - [STDERR_REDIRECT] [Fatal Error] :1:1: Premature end of file.
2026-01-22 20:09:30,369 [ERROR] LogOutputStream:75 - [STDERR_REDIRECT] 
2026-01-22 20:09:31,343 [ERROR] LogOutputStream:75 - [STDERR_REDIRECT] [Fatal Error] :1:1: Premature end of file.
2026-01-22 20:09:31,343 [ERROR] LogOutputStream:75 - [STDERR_REDIRECT] 
2026-01-22 20:09:32,352 [ERROR] LogOutputStream:75 - [STDERR_REDIRECT] [Fatal Error] :1:1: Premature end of file.
2026-01-22 20:09:32,352 [ERROR] LogOutputStream:75 - [STDERR_REDIRECT] 
2026-01-22 20:09:33,361 [ERROR] LogOutputStream:75 - [STDERR_REDIRECT] [Fatal Error] :1:1: Premature end of file.
2026-01-22 20:09:33,361 [ERROR] LogOutputStream:75 - [STDERR_REDIRECT] 
2026-01-22 20:09:34,368 [ERROR] LogOutputStream:75 - [STDERR_REDIRECT] [Fatal Error] :1:1: Premature end of file.
2026-01-22 20:09:34,369 [ERROR] LogOutputStream:75 - [STDERR_REDIRECT] 
2026-01-22 20:09:35,356 [ERROR] LogOutputStream:75 - [STDERR_REDIRECT] [Fatal Error] :1:1: Premature end of file.
2026-01-22 20:09:35,356 [ERROR] LogOutputStream:75 - [STDERR_REDIRECT] 
2026-01-22 20:09:36,377 [ERROR] LogOutputStream:75 - [STDERR_REDIRECT] [Fatal Error] :1:1: Premature end of file.
2026-01-22 20:09:36,378 [ERROR] LogOutputStream:75 - [STDERR_REDIRECT] 
2026-01-22 20:09:37,378 [ERROR] LogOutputStream:75 - [STDERR_REDIRECT] [Fatal Error] :1:1: Premature end of file.
2026-01-22 20:09:37,379 [ERROR] LogOutputStream:75 - [STDERR_REDIRECT] 
2026-01-22 20:09:38,390 [ERROR] LogOutputStream:75 - [STDERR_REDIRECT] [Fatal Error] :1:1: Premature end of file.
2026-01-22 20:09:38,391 [ERROR] LogOutputStream:75 - [STDERR_REDIRECT] 
2026-01-22 20:09:39,380 [ERROR] LogOutputStream:75 - [STDERR_REDIRECT] [Fatal Error] :1:1: Premature end of file.
2026-01-22 20:09:39,382 [ERROR] LogOutputStream:75 - [STDERR_REDIRECT] 
2026-01-22 20:09:40,377 [ERROR] LogOutputStream:75 - [STDERR_REDIRECT] [Fatal Error] :1:1: Premature end of file.
2026-01-22 20:09:40,377 [ERROR] LogOutputStream:75 - [STDERR_REDIRECT] 
2026-01-22 20:09:41,384 [ERROR] LogOutputStream:75 - [STDERR_REDIRECT] [Fatal Error] :1:1: Premature end of file.
2026-01-22 20:09:41,384 [ERROR] LogOutputStream:75 - [STDERR_REDIRECT] 
2026-01-22 20:09:42,372 [ERROR] LogOutputStream:75 - [STDERR_REDIRECT] [Fatal Error] :1:1: Premature end of file.
2026-01-22 20:09:42,372 [ERROR] LogOutputStream:75 - [STDERR_REDIRECT] 
2026-01-22 20:09:43,363 [ERROR] LogOutputStream:75 - [STDERR_REDIRECT] [Fatal Error] :1:1: Premature end of file.
2026-01-22 20:09:43,363 [ERROR] LogOutputStream:75 - [STDERR_REDIRECT] 
2026-01-22 20:09:44,366 [ERROR] LogOutputStream:75 - [STDERR_REDIRECT] [Fatal Error] :1:1: Premature end of file.
2026-01-22 20:09:44,368 [ERROR] LogOutputStream:75 - [STDERR_REDIRECT] 
2026-01-22 20:09:45,377 [ERROR] LogOutputStream:75 - [STDERR_REDIRECT] [Fatal Error] :1:1: Premature end of file.
2026-01-22 20:09:45,378 [ERROR] LogOutputStream:75 - [STDERR_REDIRECT] 
2026-01-22 20:09:46,357 [ERROR] LogOutputStream:75 - [STDERR_REDIRECT] [Fatal Error] :1:1: Premature end of file.
2026-01-22 20:09:46,357 [ERROR] LogOutputStream:75 - [STDERR_REDIRECT] 
2026-01-22 20:09:47,368 [ERROR] LogOutputStream:75 - [STDERR_REDIRECT] [Fatal Error] :1:1: Premature end of file.
2026-01-22 20:09:47,368 [ERROR] LogOutputStream:75 - [STDERR_REDIRECT] 
2026-01-22 20:09:48,378 [ERROR] LogOutputStream:75 - [STDERR_REDIRECT] [Fatal Error] :1:1: Premature end of file.
2026-01-22 20:09:48,378 [ERROR] LogOutputStream:75 - [STDERR_REDIRECT] 
2026-01-22 20:09:49,369 [ERROR] LogOutputStream:75 - [STDERR_REDIRECT] [Fatal Error] :1:1: Premature end of file.
2026-01-22 20:09:49,369 [ERROR] LogOutputStream:75 - [STDERR_REDIRECT] 
2026-01-22 20:09:50,372 [ERROR] LogOutputStream:75 - [STDERR_REDIRECT] [Fatal Error] :1:1: Premature end of file.
2026-01-22 20:09:50,372 [ERROR] LogOutputStream:75 - [STDERR_REDIRECT] 
2026-01-22 20:09:51,366 [ERROR] LogOutputStream:75 - [STDERR_REDIRECT] [Fatal Error] :1:1: Premature end of file.
2026-01-22 20:09:51,366 [ERROR] LogOutputStream:75 - [STDERR_REDIRECT] 
2026-01-22 20:09:52,363 [ERROR] LogOutputStream:75 - [STDERR_REDIRECT] [Fatal Error] :1:1: Premature end of file.
2026-01-22 20:09:52,363 [ERROR] LogOutputStream:75 - [STDERR_REDIRECT] 
2026-01-22 20:09:53,380 [ERROR] LogOutputStream:75 - [STDERR_REDIRECT] [Fatal Error] :1:1: Premature end of file.
2026-01-22 20:09:53,380 [ERROR] LogOutputStream:75 - [STDERR_REDIRECT] 
2026-01-22 20:09:54,373 [ERROR] LogOutputStream:75 - [STDERR_REDIRECT] [Fatal Error] :1:1: Premature end of file.
2026-01-22 20:09:54,373 [ERROR] LogOutputStream:75 - [STDERR_REDIRECT] 
2026-01-22 20:09:55,364 [ERROR] LogOutputStream:75 - [STDERR_REDIRECT] [Fatal Error] :1:1: Premature end of file.
2026-01-22 20:09:55,364 [ERROR] LogOutputStream:75 - [STDERR_REDIRECT] 
2026-01-22 20:09:56,391 [ERROR] LogOutputStream:75 - [STDERR_REDIRECT] [Fatal Error] :1:1: Premature end of file.
2026-01-22 20:09:56,391 [ERROR] LogOutputStream:75 - [STDERR_REDIRECT] 
2026-01-22 20:09:57,380 [ERROR] LogOutputStream:75 - [STDERR_REDIRECT] [Fatal Error] :1:1: Premature end of file.
2026-01-22 20:09:57,380 [ERROR] LogOutputStream:75 - [STDERR_REDIRECT] 
2026-01-22 20:09:58,366 [ERROR] LogOutputStream:75 - [STDERR_REDIRECT] [Fatal Error] :1:1: Premature end of file.
2026-01-22 20:09:58,367 [ERROR] LogOutputStream:75 - [STDERR_REDIRECT] 
2026-01-22 20:09:59,361 [ERROR] LogOutputStream:75 - [STDERR_REDIRECT] [Fatal Error] :1:1: Premature end of file.
2026-01-22 20:09:59,362 [ERROR] LogOutputStream:75 - [STDERR_REDIRECT] 
2026-01-22 20:10:00,357 [ERROR] LogOutputStream:75 - [STDERR_REDIRECT] [Fatal Error] :1:1: Premature end of file.
2026-01-22 20:10:00,357 [ERROR] LogOutputStream:75 - [STDERR_REDIRECT] 
2026-01-22 20:10:01,368 [ERROR] LogOutputStream:75 - [STDERR_REDIRECT] [Fatal Error] :1:1: Premature end of file.
2026-01-22 20:10:01,368 [ERROR] LogOutputStream:75 - [STDERR_REDIRECT] 
2026-01-22 20:10:02,380 [ERROR] LogOutputStream:75 - [STDERR_REDIRECT] [Fatal Error] :1:1: Premature end of file.
2026-01-22 20:10:02,381 [ERROR] LogOutputStream:75 - [STDERR_REDIRECT] 
2026-01-22 20:10:03,343 [ERROR] LogOutputStream:75 - [STDERR_REDIRECT] [Fatal Error] :1:1: Premature end of file.
2026-01-22 20:10:03,343 [ERROR] LogOutputStream:75 - [STDERR_REDIRECT] 
2026-01-22 20:10:04,362 [ERROR] LogOutputStream:75 - [STDERR_REDIRECT] [Fatal Error] :1:1: Premature end of file.
2026-01-22 20:10:04,362 [ERROR] LogOutputStream:75 - [STDERR_REDIRECT] 
2026-01-22 20:10:05,362 [ERROR] LogOutputStream:75 - [STDERR_REDIRECT] [Fatal Error] :1:1: Premature end of file.
2026-01-22 20:10:05,362 [ERROR] LogOutputStream:75 - [STDERR_REDIRECT] 
2026-01-22 20:10:06,342 [ERROR] LogOutputStream:75 - [STDERR_REDIRECT] [Fatal Error] :1:1: Premature end of file.
2026-01-22 20:10:06,344 [ERROR] LogOutputStream:75 - [STDERR_REDIRECT] 
2026-01-22 20:10:07,346 [ERROR] LogOutputStream:75 - [STDERR_REDIRECT] [Fatal Error] :1:1: Premature end of file.
2026-01-22 20:10:07,346 [ERROR] LogOutputStream:75 - [STDERR_REDIRECT] 
2026-01-22 20:10:08,348 [ERROR] LogOutputStream:75 - [STDERR_REDIRECT] [Fatal Error] :1:1: Premature end of file.
2026-01-22 20:10:08,348 [ERROR] LogOutputStream:75 - [STDERR_REDIRECT] 
2026-01-22 20:10:09,356 [ERROR] LogOutputStream:75 - [STDERR_REDIRECT] [Fatal Error] :1:1: Premature end of file.
2026-01-22 20:10:09,356 [ERROR] LogOutputStream:75 - [STDERR_REDIRECT] 
2026-01-22 20:10:10,338 [ERROR] LogOutputStream:75 - [STDERR_REDIRECT] [Fatal Error] :1:1: Premature end of file.
2026-01-22 20:10:10,338 [ERROR] LogOutputStream:75 - [STDERR_REDIRECT] 
2026-01-22 20:10:11,344 [ERROR] LogOutputStream:75 - [STDERR_REDIRECT] [Fatal Error] :1:1: Premature end of file.
2026-01-22 20:10:11,345 [ERROR] LogOutputStream:75 - [STDERR_REDIRECT] 
2026-01-22 20:10:12,342 [ERROR] LogOutputStream:75 - [STDERR_REDIRECT] [Fatal Error] :1:1: Premature end of file.
2026-01-22 20:10:12,343 [ERROR] LogOutputStream:75 - [STDERR_REDIRECT] 
2026-01-22 20:10:13,359 [ERROR] LogOutputStream:75 - [STDERR_REDIRECT] [Fatal Error] :1:1: Premature end of file.
2026-01-22 20:10:13,359 [ERROR] LogOutputStream:75 - [STDERR_REDIRECT] 
2026-01-22 20:10:14,367 [ERROR] LogOutputStream:75 - [STDERR_REDIRECT] [Fatal Error] :1:1: Premature end of file.
2026-01-22 20:10:14,367 [ERROR] LogOutputStream:75 - [STDERR_REDIRECT] 
2026-01-22 20:10:15,378 [ERROR] LogOutputStream:75 - [STDERR_REDIRECT] [Fatal Error] :1:1: Premature end of file.
2026-01-22 20:10:15,379 [ERROR] LogOutputStream:75 - [STDERR_REDIRECT] 
2026-01-22 20:10:16,372 [ERROR] LogOutputStream:75 - [STDERR_REDIRECT] [Fatal Error] :1:1: Premature end of file.
2026-01-22 20:10:16,373 [ERROR] LogOutputStream:75 - [STDERR_REDIRECT] 
2026-01-22 20:10:17,365 [ERROR] LogOutputStream:75 - [STDERR_REDIRECT] [Fatal Error] :1:1: Premature end of file.
2026-01-22 20:10:17,365 [ERROR] LogOutputStream:75 - [STDERR_REDIRECT] 
2026-01-22 20:10:18,363 [ERROR] LogOutputStream:75 - [STDERR_REDIRECT] [Fatal Error] :1:1: Premature end of file.
2026-01-22 20:10:18,363 [ERROR] LogOutputStream:75 - [STDERR_REDIRECT] 
2026-01-22 20:10:19,351 [ERROR] LogOutputStream:75 - [STDERR_REDIRECT] [Fatal Error] :1:1: Premature end of file.
2026-01-22 20:10:19,359 [ERROR] LogOutputStream:75 - [STDERR_REDIRECT] 
2026-01-22 20:10:20,358 [ERROR] LogOutputStream:75 - [STDERR_REDIRECT] [Fatal Error] :1:1: Premature end of file.
2026-01-22 20:10:20,358 [ERROR] LogOutputStream:75 - [STDERR_REDIRECT] 
2026-01-22 20:10:21,358 [ERROR] LogOutputStream:75 - [STDERR_REDIRECT] [Fatal Error] :1:1: Premature end of file.
2026-01-22 20:10:21,358 [ERROR] LogOutputStream:75 - [STDERR_REDIRECT] 
2026-01-22 20:10:22,362 [ERROR] LogOutputStream:75 - [STDERR_REDIRECT] [Fatal Error] :1:1: Premature end of file.
2026-01-22 20:10:22,362 [ERROR] LogOutputStream:75 - [STDERR_REDIRECT] 
2026-01-22 20:10:23,357 [ERROR] LogOutputStream:75 - [STDERR_REDIRECT] [Fatal Error] :1:1: Premature end of file.
2026-01-22 20:10:23,357 [ERROR] LogOutputStream:75 - [STDERR_REDIRECT] 
2026-01-22 20:10:24,361 [ERROR] LogOutputStream:75 - [STDERR_REDIRECT] [Fatal Error] :1:1: Premature end of file.
2026-01-22 20:10:24,361 [ERROR] LogOutputStream:75 - [STDERR_REDIRECT] 
2026-01-22 20:10:25,351 [ERROR] LogOutputStream:75 - [STDERR_REDIRECT] [Fatal Error] :1:1: Premature end of file.
2026-01-22 20:10:25,351 [ERROR] LogOutputStream:75 - [STDERR_REDIRECT] 
2026-01-22 20:10:26,358 [ERROR] LogOutputStream:75 - [STDERR_REDIRECT] [Fatal Error] :1:1: Premature end of file.
2026-01-22 20:10:26,358 [ERROR] LogOutputStream:75 - [STDERR_REDIRECT] 
2026-01-22 20:10:27,356 [ERROR] LogOutputStream:75 - [STDERR_REDIRECT] [Fatal Error] :1:1: Premature end of file.
2026-01-22 20:10:27,356 [ERROR] LogOutputStream:75 - [STDERR_REDIRECT] 
2026-01-22 20:10:28,354 [ERROR] LogOutputStream:75 - [STDERR_REDIRECT] [Fatal Error] :1:1: Premature end of file.
2026-01-22 20:10:28,357 [ERROR] LogOutputStream:75 - [STDERR_REDIRECT] 
2026-01-22 20:10:29,366 [ERROR] LogOutputStream:75 - [STDERR_REDIRECT] [Fatal Error] :1:1: Premature end of file.
2026-01-22 20:10:29,368 [ERROR] LogOutputStream:75 - [STDERR_REDIRECT] 
2026-01-22 20:10:30,353 [ERROR] LogOutputStream:75 - [STDERR_REDIRECT] [Fatal Error] :1:1: Premature end of file.
2026-01-22 20:10:30,353 [ERROR] LogOutputStream:75 - [STDERR_REDIRECT] 
2026-01-22 20:10:31,366 [ERROR] LogOutputStream:75 - [STDERR_REDIRECT] [Fatal Error] :1:1: Premature end of file.
2026-01-22 20:10:31,366 [ERROR] LogOutputStream:75 - [STDERR_REDIRECT] 
2026-01-22 20:10:32,367 [ERROR] LogOutputStream:75 - [STDERR_REDIRECT] [Fatal Error] :1:1: Premature end of file.
2026-01-22 20:10:32,367 [ERROR] LogOutputStream:75 - [STDERR_REDIRECT] 
2026-01-22 20:10:33,364 [ERROR] LogOutputStream:75 - [STDERR_REDIRECT] [Fatal Error] :1:1: Premature end of file.
2026-01-22 20:10:33,364 [ERROR] LogOutputStream:75 - [STDERR_REDIRECT] 
2026-01-22 20:10:34,366 [ERROR] LogOutputStream:75 - [STDERR_REDIRECT] [Fatal Error] :1:1: Premature end of file.
2026-01-22 20:10:34,366 [ERROR] LogOutputStream:75 - [STDERR_REDIRECT] 
2026-01-22 20:10:35,358 [ERROR] LogOutputStream:75 - [STDERR_REDIRECT] [Fatal Error] :1:1: Premature end of file.
2026-01-22 20:10:35,358 [ERROR] LogOutputStream:75 - [STDERR_REDIRECT] 
2026-01-22 20:10:36,372 [ERROR] LogOutputStream:75 - [STDERR_REDIRECT] [Fatal Error] :1:1: Premature end of file.
2026-01-22 20:10:36,372 [ERROR] LogOutputStream:75 - [STDERR_REDIRECT] 
2026-01-22 20:10:37,369 [ERROR] LogOutputStream:75 - [STDERR_REDIRECT] [Fatal Error] :1:1: Premature end of file.
2026-01-22 20:10:37,369 [ERROR] LogOutputStream:75 - [STDERR_REDIRECT] 
2026-01-22 20:10:38,366 [ERROR] LogOutputStream:75 - [STDERR_REDIRECT] [Fatal Error] :1:1: Premature end of file.
2026-01-22 20:10:38,368 [ERROR] LogOutputStream:75 - [STDERR_REDIRECT] 
2026-01-22 20:10:39,366 [ERROR] LogOutputStream:75 - [STDERR_REDIRECT] [Fatal Error] :1:1: Premature end of file.
2026-01-22 20:10:39,367 [ERROR] LogOutputStream:75 - [STDERR_REDIRECT] 
2026-01-22 20:10:40,356 [ERROR] LogOutputStream:75 - [STDERR_REDIRECT] [Fatal Error] :1:1: Premature end of file.
2026-01-22 20:10:40,356 [ERROR] LogOutputStream:75 - [STDERR_REDIRECT] 
2026-01-22 20:10:41,362 [ERROR] LogOutputStream:75 - [STDERR_REDIRECT] [Fatal Error] :1:1: Premature end of file.
2026-01-22 20:10:41,362 [ERROR] LogOutputStream:75 - [STDERR_REDIRECT] 
2026-01-22 20:10:42,366 [ERROR] LogOutputStream:75 - [STDERR_REDIRECT] [Fatal Error] :1:1: Premature end of file.
2026-01-22 20:10:42,366 [ERROR] LogOutputStream:75 - [STDERR_REDIRECT] 
2026-01-22 20:10:43,359 [ERROR] LogOutputStream:75 - [STDERR_REDIRECT] [Fatal Error] :1:1: Premature end of file.
2026-01-22 20:10:43,359 [ERROR] LogOutputStream:75 - [STDERR_REDIRECT] 
2026-01-22 20:10:44,357 [ERROR] LogOutputStream:75 - [STDERR_REDIRECT] [Fatal Error] :1:1: Premature end of file.
2026-01-22 20:10:44,357 [ERROR] LogOutputStream:75 - [STDERR_REDIRECT] 
2026-01-22 20:10:45,357 [ERROR] LogOutputStream:75 - [STDERR_REDIRECT] [Fatal Error] :1:1: Premature end of file.
2026-01-22 20:10:45,357 [ERROR] LogOutputStream:75 - [STDERR_REDIRECT] 
2026-01-22 20:10:46,361 [ERROR] LogOutputStream:75 - [STDERR_REDIRECT] [Fatal Error] :1:1: Premature end of file.
2026-01-22 20:10:46,361 [ERROR] LogOutputStream:75 - [STDERR_REDIRECT] 
2026-01-22 20:10:47,351 [ERROR] LogOutputStream:75 - [STDERR_REDIRECT] [Fatal Error] :1:1: Premature end of file.
2026-01-22 20:10:47,351 [ERROR] LogOutputStream:75 - [STDERR_REDIRECT] 
2026-01-22 20:10:48,354 [ERROR] LogOutputStream:75 - [STDERR_REDIRECT] [Fatal Error] :1:1: Premature end of file.
2026-01-22 20:10:48,354 [ERROR] LogOutputStream:75 - [STDERR_REDIRECT] 
2026-01-22 20:10:49,357 [ERROR] LogOutputStream:75 - [STDERR_REDIRECT] [Fatal Error] :1:1: Premature end of file.
2026-01-22 20:10:49,357 [ERROR] LogOutputStream:75 - [STDERR_REDIRECT] 
2026-01-22 20:10:50,358 [ERROR] LogOutputStream:75 - [STDERR_REDIRECT] [Fatal Error] :1:1: Premature end of file.
2026-01-22 20:10:50,358 [ERROR] LogOutputStream:75 - [STDERR_REDIRECT] 
2026-01-22 20:10:51,347 [ERROR] LogOutputStream:75 - [STDERR_REDIRECT] [Fatal Error] :1:1: Premature end of file.
2026-01-22 20:10:51,347 [ERROR] LogOutputStream:75 - [STDERR_REDIRECT] 
2026-01-22 20:10:52,351 [ERROR] LogOutputStream:75 - [STDERR_REDIRECT] [Fatal Error] :1:1: Premature end of file.
2026-01-22 20:10:52,351 [ERROR] LogOutputStream:75 - [STDERR_REDIRECT] 
2026-01-22 20:10:53,358 [ERROR] LogOutputStream:75 - [STDERR_REDIRECT] [Fatal Error] :1:1: Premature end of file.
2026-01-22 20:10:53,359 [ERROR] LogOutputStream:75 - [STDERR_REDIRECT] 
2026-01-22 20:10:54,356 [ERROR] LogOutputStream:75 - [STDERR_REDIRECT] [Fatal Error] :1:1: Premature end of file.
2026-01-22 20:10:54,356 [ERROR] LogOutputStream:75 - [STDERR_REDIRECT] 
2026-01-22 20:10:55,357 [ERROR] LogOutputStream:75 - [STDERR_REDIRECT] [Fatal Error] :1:1: Premature end of file.
2026-01-22 20:10:55,357 [ERROR] LogOutputStream:75 - [STDERR_REDIRECT] 
2026-01-22 20:10:56,358 [ERROR] LogOutputStream:75 - [STDERR_REDIRECT] [Fatal Error] :1:1: Premature end of file.
2026-01-22 20:10:56,358 [ERROR] LogOutputStream:75 - [STDERR_REDIRECT] 
2026-01-22 20:10:57,357 [ERROR] LogOutputStream:75 - [STDERR_REDIRECT] [Fatal Error] :1:1: Premature end of file.
2026-01-22 20:10:57,358 [ERROR] LogOutputStream:75 - [STDERR_REDIRECT] 
2026-01-22 20:10:58,346 [ERROR] LogOutputStream:75 - [STDERR_REDIRECT] [Fatal Error] :1:1: Premature end of file.
2026-01-22 20:10:58,346 [ERROR] LogOutputStream:75 - [STDERR_REDIRECT] 
2026-01-22 20:10:59,354 [ERROR] LogOutputStream:75 - [STDERR_REDIRECT] [Fatal Error] :1:1: Premature end of file.
2026-01-22 20:10:59,354 [ERROR] LogOutputStream:75 - [STDERR_REDIRECT] 
2026-01-22 20:11:00,355 [ERROR] LogOutputStream:75 - [STDERR_REDIRECT] [Fatal Error] :1:1: Premature end of file.
2026-01-22 20:11:00,356 [ERROR] LogOutputStream:75 - [STDERR_REDIRECT] 
2026-01-22 20:11:01,352 [ERROR] LogOutputStream:75 - [STDERR_REDIRECT] [Fatal Error] :1:1: Premature end of file.
2026-01-22 20:11:01,353 [ERROR] LogOutputStream:75 - [STDERR_REDIRECT] 
2026-01-22 20:11:02,354 [ERROR] LogOutputStream:75 - [STDERR_REDIRECT] [Fatal Error] :1:1: Premature end of file.
2026-01-22 20:11:02,355 [ERROR] LogOutputStream:75 - [STDERR_REDIRECT] 
2026-01-22 20:11:03,367 [ERROR] LogOutputStream:75 - [STDERR_REDIRECT] [Fatal Error] :1:1: Premature end of file.
2026-01-22 20:11:03,367 [ERROR] LogOutputStream:75 - [STDERR_REDIRECT] 
2026-01-22 20:11:04,356 [ERROR] LogOutputStream:75 - [STDERR_REDIRECT] [Fatal Error] :1:1: Premature end of file.
2026-01-22 20:11:04,357 [ERROR] LogOutputStream:75 - [STDERR_REDIRECT] 
2026-01-22 20:11:05,347 [ERROR] LogOutputStream:75 - [STDERR_REDIRECT] [Fatal Error] :1:1: Premature end of file.
2026-01-22 20:11:05,347 [ERROR] LogOutputStream:75 - [STDERR_REDIRECT] 
2026-01-22 20:11:06,354 [ERROR] LogOutputStream:75 - [STDERR_REDIRECT] [Fatal Error] :1:1: Premature end of file.
2026-01-22 20:11:06,354 [ERROR] LogOutputStream:75 - [STDERR_REDIRECT] 
2026-01-22 20:11:07,353 [ERROR] LogOutputStream:75 - [STDERR_REDIRECT] [Fatal Error] :1:1: Premature end of file.
2026-01-22 20:11:07,353 [ERROR] LogOutputStream:75 - [STDERR_REDIRECT] 
2026-01-22 20:11:08,356 [ERROR] LogOutputStream:75 - [STDERR_REDIRECT] [Fatal Error] :1:1: Premature end of file.
2026-01-22 20:11:08,357 [ERROR] LogOutputStream:75 - [STDERR_REDIRECT] 
2026-01-22 20:11:09,339 [ERROR] LogOutputStream:75 - [STDERR_REDIRECT] [Fatal Error] :1:1: Premature end of file.
2026-01-22 20:11:09,339 [ERROR] LogOutputStream:75 - [STDERR_REDIRECT] 
2026-01-22 20:11:10,356 [ERROR] LogOutputStream:75 - [STDERR_REDIRECT] [Fatal Error] :1:1: Premature end of file.
2026-01-22 20:11:10,356 [ERROR] LogOutputStream:75 - [STDERR_REDIRECT] 
2026-01-22 20:11:11,351 [ERROR] LogOutputStream:75 - [STDERR_REDIRECT] [Fatal Error] :1:1: Premature end of file.
2026-01-22 20:11:11,363 [ERROR] LogOutputStream:75 - [STDERR_REDIRECT] 
2026-01-22 20:11:12,369 [ERROR] LogOutputStream:75 - [STDERR_REDIRECT] [Fatal Error] :1:1: Premature end of file.
2026-01-22 20:11:12,369 [ERROR] LogOutputStream:75 - [STDERR_REDIRECT] 
2026-01-22 20:11:13,341 [ERROR] LogOutputStream:75 - [STDERR_REDIRECT] [Fatal Error] :1:1: Premature end of file.
2026-01-22 20:11:13,341 [ERROR] LogOutputStream:75 - [STDERR_REDIRECT] 
2026-01-22 20:11:14,371 [ERROR] LogOutputStream:75 - [STDERR_REDIRECT] [Fatal Error] :1:1: Premature end of file.
2026-01-22 20:11:14,372 [ERROR] LogOutputStream:75 - [STDERR_REDIRECT] 
2026-01-22 20:11:15,371 [ERROR] LogOutputStream:75 - [STDERR_REDIRECT] [Fatal Error] :1:1: Premature end of file.
2026-01-22 20:11:15,371 [ERROR] LogOutputStream:75 - [STDERR_REDIRECT] 
2026-01-22 20:11:16,354 [ERROR] LogOutputStream:75 - [STDERR_REDIRECT] [Fatal Error] :1:1: Premature end of file.
2026-01-22 20:11:16,354 [ERROR] LogOutputStream:75 - [STDERR_REDIRECT] 
2026-01-22 20:11:17,363 [ERROR] LogOutputStream:75 - [STDERR_REDIRECT] [Fatal Error] :1:1: Premature end of file.
2026-01-22 20:11:17,363 [ERROR] LogOutputStream:75 - [STDERR_REDIRECT] 
2026-01-22 20:11:18,363 [ERROR] LogOutputStream:75 - [STDERR_REDIRECT] [Fatal Error] :1:1: Premature end of file.
2026-01-22 20:11:18,363 [ERROR] LogOutputStream:75 - [STDERR_REDIRECT] 
2026-01-22 20:11:19,364 [ERROR] LogOutputStream:75 - [STDERR_REDIRECT] [Fatal Error] :1:1: Premature end of file.
2026-01-22 20:11:19,367 [ERROR] LogOutputStream:75 - [STDERR_REDIRECT] 
2026-01-22 20:11:20,368 [ERROR] LogOutputStream:75 - [STDERR_REDIRECT] [Fatal Error] :1:1: Premature end of file.
2026-01-22 20:11:20,368 [ERROR] LogOutputStream:75 - [STDERR_REDIRECT] 
2026-01-22 20:11:21,365 [ERROR] LogOutputStream:75 - [STDERR_REDIRECT] [Fatal Error] :1:1: Premature end of file.
2026-01-22 20:11:21,365 [ERROR] LogOutputStream:75 - [STDERR_REDIRECT] 
2026-01-22 20:11:22,357 [ERROR] LogOutputStream:75 - [STDERR_REDIRECT] [Fatal Error] :1:1: Premature end of file.
2026-01-22 20:11:22,359 [ERROR] LogOutputStream:75 - [STDERR_REDIRECT] 
2026-01-22 20:11:23,358 [ERROR] LogOutputStream:75 - [STDERR_REDIRECT] [Fatal Error] :1:1: Premature end of file.
2026-01-22 20:11:23,359 [ERROR] LogOutputStream:75 - [STDERR_REDIRECT] 
2026-01-22 20:11:24,357 [ERROR] LogOutputStream:75 - [STDERR_REDIRECT] [Fatal Error] :1:1: Premature end of file.
2026-01-22 20:11:24,358 [ERROR] LogOutputStream:75 - [STDERR_REDIRECT] 
2026-01-22 20:11:25,352 [ERROR] LogOutputStream:75 - [STDERR_REDIRECT] [Fatal Error] :1:1: Premature end of file.
2026-01-22 20:11:25,352 [ERROR] LogOutputStream:75 - [STDERR_REDIRECT] 
2026-01-22 20:11:26,350 [ERROR] LogOutputStream:75 - [STDERR_REDIRECT] [Fatal Error] :1:1: Premature end of file.
2026-01-22 20:11:26,350 [ERROR] LogOutputStream:75 - [STDERR_REDIRECT] 
2026-01-22 20:11:27,354 [ERROR] LogOutputStream:75 - [STDERR_REDIRECT] [Fatal Error] :1:1: Premature end of file.
2026-01-22 20:11:27,355 [ERROR] LogOutputStream:75 - [STDERR_REDIRECT] 
2026-01-22 20:11:28,342 [ERROR] LogOutputStream:75 - [STDERR_REDIRECT] [Fatal Error] :1:1: Premature end of file.
2026-01-22 20:11:28,342 [ERROR] LogOutputStream:75 - [STDERR_REDIRECT] 
2026-01-22 20:11:29,352 [ERROR] LogOutputStream:75 - [STDERR_REDIRECT] [Fatal Error] :1:1: Premature end of file.
2026-01-22 20:11:29,353 [ERROR] LogOutputStream:75 - [STDERR_REDIRECT] 
2026-01-22 20:11:30,348 [ERROR] LogOutputStream:75 - [STDERR_REDIRECT] [Fatal Error] :1:1: Premature end of file.
2026-01-22 20:11:30,348 [ERROR] LogOutputStream:75 - [STDERR_REDIRECT] 
2026-01-22 20:11:31,355 [ERROR] LogOutputStream:75 - [STDERR_REDIRECT] [Fatal Error] :1:1: Premature end of file.
2026-01-22 20:11:31,355 [ERROR] LogOutputStream:75 - [STDERR_REDIRECT] 
2026-01-22 20:11:32,353 [ERROR] LogOutputStream:75 - [STDERR_REDIRECT] [Fatal Error] :1:1: Premature end of file.
2026-01-22 20:11:32,353 [ERROR] LogOutputStream:75 - [STDERR_REDIRECT] 
2026-01-22 20:11:33,350 [ERROR] LogOutputStream:75 - [STDERR_REDIRECT] [Fatal Error] :1:1: Premature end of file.
2026-01-22 20:11:33,351 [ERROR] LogOutputStream:75 - [STDERR_REDIRECT] 
2026-01-22 20:11:34,351 [ERROR] LogOutputStream:75 - [STDERR_REDIRECT] [Fatal Error] :1:1: Premature end of file.
2026-01-22 20:11:34,351 [ERROR] LogOutputStream:75 - [STDERR_REDIRECT] 
2026-01-22 20:11:35,351 [ERROR] LogOutputStream:75 - [STDERR_REDIRECT] [Fatal Error] :1:1: Premature end of file.
2026-01-22 20:11:35,351 [ERROR] LogOutputStream:75 - [STDERR_REDIRECT] 
2026-01-22 20:11:36,359 [ERROR] LogOutputStream:75 - [STDERR_REDIRECT] [Fatal Error] :1:1: Premature end of file.
2026-01-22 20:11:36,360 [ERROR] LogOutputStream:75 - [STDERR_REDIRECT] 
2026-01-22 20:11:37,350 [ERROR] LogOutputStream:75 - [STDERR_REDIRECT] [Fatal Error] :1:1: Premature end of file.
2026-01-22 20:11:37,350 [ERROR] LogOutputStream:75 - [STDERR_REDIRECT] 
2026-01-22 20:11:38,366 [ERROR] LogOutputStream:75 - [STDERR_REDIRECT] [Fatal Error] :1:1: Premature end of file.
2026-01-22 20:11:38,366 [ERROR] LogOutputStream:75 - [STDERR_REDIRECT] 
2026-01-22 20:11:39,354 [ERROR] LogOutputStream:75 - [STDERR_REDIRECT] [Fatal Error] :1:1: Premature end of file.
2026-01-22 20:11:39,354 [ERROR] LogOutputStream:75 - [STDERR_REDIRECT] 
2026-01-22 20:11:40,355 [ERROR] LogOutputStream:75 - [STDERR_REDIRECT] [Fatal Error] :1:1: Premature end of file.
2026-01-22 20:11:40,355 [ERROR] LogOutputStream:75 - [STDERR_REDIRECT] 
2026-01-22 20:11:41,363 [ERROR] LogOutputStream:75 - [STDERR_REDIRECT] [Fatal Error] :1:1: Premature end of file.
2026-01-22 20:11:41,364 [ERROR] LogOutputStream:75 - [STDERR_REDIRECT] 
2026-01-22 20:11:42,367 [ERROR] LogOutputStream:75 - [STDERR_REDIRECT] [Fatal Error] :1:1: Premature end of file.
2026-01-22 20:11:42,367 [ERROR] LogOutputStream:75 - [STDERR_REDIRECT] 
2026-01-22 20:11:43,355 [ERROR] LogOutputStream:75 - [STDERR_REDIRECT] [Fatal Error] :1:1: Premature end of file.
2026-01-22 20:11:43,361 [ERROR] LogOutputStream:75 - [STDERR_REDIRECT] 
2026-01-22 20:11:44,367 [ERROR] LogOutputStream:75 - [STDERR_REDIRECT] [Fatal Error] :1:1: Premature end of file.
2026-01-22 20:11:44,368 [ERROR] LogOutputStream:75 - [STDERR_REDIRECT] 
2026-01-22 20:11:45,367 [ERROR] LogOutputStream:75 - [STDERR_REDIRECT] [Fatal Error] :1:1: Premature end of file.
2026-01-22 20:11:45,367 [ERROR] LogOutputStream:75 - [STDERR_REDIRECT] 
2026-01-22 20:11:46,364 [ERROR] LogOutputStream:75 - [STDERR_REDIRECT] [Fatal Error] :1:1: Premature end of file.
2026-01-22 20:11:46,364 [ERROR] LogOutputStream:75 - [STDERR_REDIRECT] 
2026-01-22 20:11:47,365 [ERROR] LogOutputStream:75 - [STDERR_REDIRECT] [Fatal Error] :1:1: Premature end of file.
2026-01-22 20:11:47,365 [ERROR] LogOutputStream:75 - [STDERR_REDIRECT] 
2026-01-22 20:11:48,353 [ERROR] LogOutputStream:75 - [STDERR_REDIRECT] [Fatal Error] :1:1: Premature end of file.
2026-01-22 20:11:48,353 [ERROR] LogOutputStream:75 - [STDERR_REDIRECT] 
2026-01-22 20:11:49,354 [ERROR] LogOutputStream:75 - [STDERR_REDIRECT] [Fatal Error] :1:1: Premature end of file.
2026-01-22 20:11:49,354 [ERROR] LogOutputStream:75 - [STDERR_REDIRECT] 
2026-01-22 20:11:50,372 [ERROR] LogOutputStream:75 - [STDERR_REDIRECT] [Fatal Error] :1:1: Premature end of file.
2026-01-22 20:11:50,372 [ERROR] LogOutputStream:75 - [STDERR_REDIRECT] 
2026-01-22 20:11:51,366 [ERROR] LogOutputStream:75 - [STDERR_REDIRECT] [Fatal Error] :1:1: Premature end of file.
2026-01-22 20:11:51,369 [ERROR] LogOutputStream:75 - [STDERR_REDIRECT] 
2026-01-22 20:11:52,363 [ERROR] LogOutputStream:75 - [STDERR_REDIRECT] [Fatal Error] :1:1: Premature end of file.
2026-01-22 20:11:52,363 [ERROR] LogOutputStream:75 - [STDERR_REDIRECT] 
2026-01-22 20:11:53,369 [ERROR] LogOutputStream:75 - [STDERR_REDIRECT] [Fatal Error] :1:1: Premature end of file.
2026-01-22 20:11:53,369 [ERROR] LogOutputStream:75 - [STDERR_REDIRECT] 
2026-01-22 20:11:54,367 [ERROR] LogOutputStream:75 - [STDERR_REDIRECT] [Fatal Error] :1:1: Premature end of file.
2026-01-22 20:11:54,367 [ERROR] LogOutputStream:75 - [STDERR_REDIRECT] 
2026-01-22 20:11:55,367 [ERROR] LogOutputStream:75 - [STDERR_REDIRECT] [Fatal Error] :1:1: Premature end of file.
2026-01-22 20:11:55,370 [ERROR] LogOutputStream:75 - [STDERR_REDIRECT] 
2026-01-22 20:11:56,375 [ERROR] LogOutputStream:75 - [STDERR_REDIRECT] [Fatal Error] :1:1: Premature end of file.
2026-01-22 20:11:56,375 [ERROR] LogOutputStream:75 - [STDERR_REDIRECT] 
2026-01-22 20:11:57,363 [ERROR] LogOutputStream:75 - [STDERR_REDIRECT] [Fatal Error] :1:1: Premature end of file.
2026-01-22 20:11:57,363 [ERROR] LogOutputStream:75 - [STDERR_REDIRECT] 
2026-01-22 20:11:58,373 [ERROR] LogOutputStream:75 - [STDERR_REDIRECT] [Fatal Error] :1:1: Premature end of file.
2026-01-22 20:11:58,373 [ERROR] LogOutputStream:75 - [STDERR_REDIRECT] 
2026-01-22 20:11:59,370 [ERROR] LogOutputStream:75 - [STDERR_REDIRECT] [Fatal Error] :1:1: Premature end of file.
2026-01-22 20:11:59,370 [ERROR] LogOutputStream:75 - [STDERR_REDIRECT] 
2026-01-22 20:12:00,368 [ERROR] LogOutputStream:75 - [STDERR_REDIRECT] [Fatal Error] :1:1: Premature end of file.
2026-01-22 20:12:00,368 [ERROR] LogOutputStream:75 - [STDERR_REDIRECT] 
2026-01-22 20:12:01,374 [ERROR] LogOutputStream:75 - [STDERR_REDIRECT] [Fatal Error] :1:1: Premature end of file.
2026-01-22 20:12:01,374 [ERROR] LogOutputStream:75 - [STDERR_REDIRECT] 
2026-01-22 20:12:02,360 [ERROR] LogOutputStream:75 - [STDERR_REDIRECT] [Fatal Error] :1:1: Premature end of file.
2026-01-22 20:12:02,362 [ERROR] LogOutputStream:75 - [STDERR_REDIRECT] 
2026-01-22 20:12:03,362 [ERROR] LogOutputStream:75 - [STDERR_REDIRECT] [Fatal Error] :1:1: Premature end of file.
2026-01-22 20:12:03,362 [ERROR] LogOutputStream:75 - [STDERR_REDIRECT] 
2026-01-22 20:12:04,365 [ERROR] LogOutputStream:75 - [STDERR_REDIRECT] [Fatal Error] :1:1: Premature end of file.
2026-01-22 20:12:04,365 [ERROR] LogOutputStream:75 - [STDERR_REDIRECT] 
2026-01-22 20:12:05,368 [ERROR] LogOutputStream:75 - [STDERR_REDIRECT] [Fatal Error] :1:1: Premature end of file.
2026-01-22 20:12:05,368 [ERROR] LogOutputStream:75 - [STDERR_REDIRECT] 
2026-01-22 20:12:06,362 [ERROR] LogOutputStream:75 - [STDERR_REDIRECT] [Fatal Error] :1:1: Premature end of file.
2026-01-22 20:12:06,362 [ERROR] LogOutputStream:75 - [STDERR_REDIRECT] 
2026-01-22 20:12:07,359 [ERROR] LogOutputStream:75 - [STDERR_REDIRECT] [Fatal Error] :1:1: Premature end of file.
2026-01-22 20:12:07,359 [ERROR] LogOutputStream:75 - [STDERR_REDIRECT] 
2026-01-22 20:12:08,361 [ERROR] LogOutputStream:75 - [STDERR_REDIRECT] [Fatal Error] :1:1: Premature end of file.
2026-01-22 20:12:08,361 [ERROR] LogOutputStream:75 - [STDERR_REDIRECT] 
2026-01-22 20:12:09,368 [ERROR] LogOutputStream:75 - [STDERR_REDIRECT] [Fatal Error] :1:1: Premature end of file.
2026-01-22 20:12:09,368 [ERROR] LogOutputStream:75 - [STDERR_REDIRECT] 
2026-01-22 20:12:10,360 [ERROR] LogOutputStream:75 - [STDERR_REDIRECT] [Fatal Error] :1:1: Premature end of file.
2026-01-22 20:12:10,362 [ERROR] LogOutputStream:75 - [STDERR_REDIRECT] 
2026-01-22 20:12:11,378 [ERROR] LogOutputStream:75 - [STDERR_REDIRECT] [Fatal Error] :1:1: Premature end of file.
2026-01-22 20:12:11,378 [ERROR] LogOutputStream:75 - [STDERR_REDIRECT] 
2026-01-22 20:12:12,365 [ERROR] LogOutputStream:75 - [STDERR_REDIRECT] [Fatal Error] :1:1: Premature end of file.
2026-01-22 20:12:12,365 [ERROR] LogOutputStream:75 - [STDERR_REDIRECT] 
2026-01-22 20:12:13,373 [ERROR] LogOutputStream:75 - [STDERR_REDIRECT] [Fatal Error] :1:1: Premature end of file.
2026-01-22 20:12:13,373 [ERROR] LogOutputStream:75 - [STDERR_REDIRECT] 
2026-01-22 20:12:14,365 [ERROR] LogOutputStream:75 - [STDERR_REDIRECT] [Fatal Error] :1:1: Premature end of file.
2026-01-22 20:12:14,366 [ERROR] LogOutputStream:75 - [STDERR_REDIRECT] 
2026-01-22 20:12:15,375 [ERROR] LogOutputStream:75 - [STDERR_REDIRECT] [Fatal Error] :1:1: Premature end of file.
2026-01-22 20:12:15,375 [ERROR] LogOutputStream:75 - [STDERR_REDIRECT] 
2026-01-22 20:12:16,378 [ERROR] LogOutputStream:75 - [STDERR_REDIRECT] [Fatal Error] :1:1: Premature end of file.
2026-01-22 20:12:16,378 [ERROR] LogOutputStream:75 - [STDERR_REDIRECT] 
2026-01-22 20:12:17,363 [ERROR] LogOutputStream:75 - [STDERR_REDIRECT] [Fatal Error] :1:1: Premature end of file.
2026-01-22 20:12:17,363 [ERROR] LogOutputStream:75 - [STDERR_REDIRECT] 
2026-01-22 20:12:18,367 [ERROR] LogOutputStream:75 - [STDERR_REDIRECT] [Fatal Error] :1:1: Premature end of file.
2026-01-22 20:12:18,367 [ERROR] LogOutputStream:75 - [STDERR_REDIRECT] 
2026-01-22 20:12:19,369 [ERROR] LogOutputStream:75 - [STDERR_REDIRECT] [Fatal Error] :1:1: Premature end of file.
2026-01-22 20:12:19,369 [ERROR] LogOutputStream:75 - [STDERR_REDIRECT] 
2026-01-22 20:12:20,364 [ERROR] LogOutputStream:75 - [STDERR_REDIRECT] [Fatal Error] :1:1: Premature end of file.
2026-01-22 20:12:20,364 [ERROR] LogOutputStream:75 - [STDERR_REDIRECT] 
2026-01-22 20:12:21,363 [ERROR] LogOutputStream:75 - [STDERR_REDIRECT] [Fatal Error] :1:1: Premature end of file.
2026-01-22 20:12:21,363 [ERROR] LogOutputStream:75 - [STDERR_REDIRECT] 
2026-01-22 20:12:22,355 [ERROR] LogOutputStream:75 - [STDERR_REDIRECT] [Fatal Error] :1:1: Premature end of file.
2026-01-22 20:12:22,355 [ERROR] LogOutputStream:75 - [STDERR_REDIRECT] 
2026-01-22 20:12:23,373 [ERROR] LogOutputStream:75 - [STDERR_REDIRECT] [Fatal Error] :1:1: Premature end of file.
2026-01-22 20:12:23,375 [ERROR] LogOutputStream:75 - [STDERR_REDIRECT] 
2026-01-22 20:12:24,368 [ERROR] LogOutputStream:75 - [STDERR_REDIRECT] [Fatal Error] :1:1: Premature end of file.
2026-01-22 20:12:24,369 [ERROR] LogOutputStream:75 - [STDERR_REDIRECT] 
2026-01-22 20:12:25,348 [ERROR] LogOutputStream:75 - [STDERR_REDIRECT] [Fatal Error] :1:1: Premature end of file.
2026-01-22 20:12:25,348 [ERROR] LogOutputStream:75 - [STDERR_REDIRECT] 
2026-01-22 20:12:26,346 [ERROR] LogOutputStream:75 - [STDERR_REDIRECT] [Fatal Error] :1:1: Premature end of file.
2026-01-22 20:12:26,346 [ERROR] LogOutputStream:75 - [STDERR_REDIRECT] 
2026-01-22 20:12:27,355 [ERROR] LogOutputStream:75 - [STDERR_REDIRECT] [Fatal Error] :1:1: Premature end of file.
2026-01-22 20:12:27,355 [ERROR] LogOutputStream:75 - [STDERR_REDIRECT] 
2026-01-22 20:12:28,358 [ERROR] LogOutputStream:75 - [STDERR_REDIRECT] [Fatal Error] :1:1: Premature end of file.
2026-01-22 20:12:28,358 [ERROR] LogOutputStream:75 - [STDERR_REDIRECT] 
2026-01-22 20:12:29,365 [ERROR] LogOutputStream:75 - [STDERR_REDIRECT] [Fatal Error] :1:1: Premature end of file.
2026-01-22 20:12:29,365 [ERROR] LogOutputStream:75 - [STDERR_REDIRECT] 
2026-01-22 20:12:30,365 [ERROR] LogOutputStream:75 - [STDERR_REDIRECT] [Fatal Error] :1:1: Premature end of file.
2026-01-22 20:12:30,365 [ERROR] LogOutputStream:75 - [STDERR_REDIRECT] 
2026-01-22 20:12:31,367 [ERROR] LogOutputStream:75 - [STDERR_REDIRECT] [Fatal Error] :1:1: Premature end of file.
2026-01-22 20:12:31,368 [ERROR] LogOutputStream:75 - [STDERR_REDIRECT] 
2026-01-22 20:12:32,349 [ERROR] LogOutputStream:75 - [STDERR_REDIRECT] [Fatal Error] :1:1: Premature end of file.
2026-01-22 20:12:32,349 [ERROR] LogOutputStream:75 - [STDERR_REDIRECT] 
2026-01-22 20:12:33,363 [ERROR] LogOutputStream:75 - [STDERR_REDIRECT] [Fatal Error] :1:1: Premature end of file.
2026-01-22 20:12:33,364 [ERROR] LogOutputStream:75 - [STDERR_REDIRECT] 
2026-01-22 20:12:34,370 [ERROR] LogOutputStream:75 - [STDERR_REDIRECT] [Fatal Error] :1:1: Premature end of file.
2026-01-22 20:12:34,371 [ERROR] LogOutputStream:75 - [STDERR_REDIRECT] 
2026-01-22 20:12:35,367 [ERROR] LogOutputStream:75 - [STDERR_REDIRECT] [Fatal Error] :1:1: Premature end of file.
2026-01-22 20:12:35,367 [ERROR] LogOutputStream:75 - [STDERR_REDIRECT] 
2026-01-22 20:12:36,358 [ERROR] LogOutputStream:75 - [STDERR_REDIRECT] [Fatal Error] :1:1: Premature end of file.
2026-01-22 20:12:36,358 [ERROR] LogOutputStream:75 - [STDERR_REDIRECT] 
2026-01-22 20:12:37,365 [ERROR] LogOutputStream:75 - [STDERR_REDIRECT] [Fatal Error] :1:1: Premature end of file.
2026-01-22 20:12:37,365 [ERROR] LogOutputStream:75 - [STDERR_REDIRECT] 
2026-01-22 20:12:38,356 [ERROR] LogOutputStream:75 - [STDERR_REDIRECT] [Fatal Error] :1:1: Premature end of file.
2026-01-22 20:12:38,356 [ERROR] LogOutputStream:75 - [STDERR_REDIRECT] 
2026-01-22 20:12:39,356 [ERROR] LogOutputStream:75 - [STDERR_REDIRECT] [Fatal Error] :1:1: Premature end of file.
2026-01-22 20:12:39,356 [ERROR] LogOutputStream:75 - [STDERR_REDIRECT] 
2026-01-22 20:12:40,351 [ERROR] LogOutputStream:75 - [STDERR_REDIRECT] [Fatal Error] :1:1: Premature end of file.
2026-01-22 20:12:40,351 [ERROR] LogOutputStream:75 - [STDERR_REDIRECT] 
2026-01-22 20:12:41,366 [ERROR] LogOutputStream:75 - [STDERR_REDIRECT] [Fatal Error] :1:1: Premature end of file.
2026-01-22 20:12:41,366 [ERROR] LogOutputStream:75 - [STDERR_REDIRECT] 
2026-01-22 20:12:42,363 [ERROR] LogOutputStream:75 - [STDERR_REDIRECT] [Fatal Error] :1:1: Premature end of file.
2026-01-22 20:12:42,363 [ERROR] LogOutputStream:75 - [STDERR_REDIRECT] 
2026-01-22 20:12:43,365 [ERROR] LogOutputStream:75 - [STDERR_REDIRECT] [Fatal Error] :1:1: Premature end of file.
2026-01-22 20:12:43,365 [ERROR] LogOutputStream:75 - [STDERR_REDIRECT] 
2026-01-22 20:12:44,349 [ERROR] LogOutputStream:75 - [STDERR_REDIRECT] [Fatal Error] :1:1: Premature end of file.
2026-01-22 20:12:44,349 [ERROR] LogOutputStream:75 - [STDERR_REDIRECT] 
2026-01-22 20:12:45,360 [ERROR] LogOutputStream:75 - [STDERR_REDIRECT] [Fatal Error] :1:1: Premature end of file.
2026-01-22 20:12:45,360 [ERROR] LogOutputStream:75 - [STDERR_REDIRECT] 
2026-01-22 20:12:46,350 [ERROR] LogOutputStream:75 - [STDERR_REDIRECT] [Fatal Error] :1:1: Premature end of file.
2026-01-22 20:12:46,350 [ERROR] LogOutputStream:75 - [STDERR_REDIRECT] 
2026-01-22 20:12:47,369 [ERROR] LogOutputStream:75 - [STDERR_REDIRECT] [Fatal Error] :1:1: Premature end of file.
2026-01-22 20:12:47,370 [ERROR] LogOutputStream:75 - [STDERR_REDIRECT] 
2026-01-22 20:12:48,362 [ERROR] LogOutputStream:75 - [STDERR_REDIRECT] [Fatal Error] :1:1: Premature end of file.
2026-01-22 20:12:48,362 [ERROR] LogOutputStream:75 - [STDERR_REDIRECT] 
2026-01-22 20:12:49,373 [ERROR] LogOutputStream:75 - [STDERR_REDIRECT] [Fatal Error] :1:1: Premature end of file.
2026-01-22 20:12:49,374 [ERROR] LogOutputStream:75 - [STDERR_REDIRECT] 
2026-01-22 20:12:50,346 [ERROR] LogOutputStream:75 - [STDERR_REDIRECT] [Fatal Error] :1:1: Premature end of file.
2026-01-22 20:12:50,347 [ERROR] LogOutputStream:75 - [STDERR_REDIRECT] 
2026-01-22 20:12:51,349 [ERROR] LogOutputStream:75 - [STDERR_REDIRECT] [Fatal Error] :1:1: Premature end of file.
2026-01-22 20:12:51,349 [ERROR] LogOutputStream:75 - [STDERR_REDIRECT] 
2026-01-22 20:12:52,354 [ERROR] LogOutputStream:75 - [STDERR_REDIRECT] [Fatal Error] :1:1: Premature end of file.
2026-01-22 20:12:52,354 [ERROR] LogOutputStream:75 - [STDERR_REDIRECT] 
2026-01-22 20:12:53,375 [ERROR] LogOutputStream:75 - [STDERR_REDIRECT] [Fatal Error] :1:1: Premature end of file.
2026-01-22 20:12:53,375 [ERROR] LogOutputStream:75 - [STDERR_REDIRECT] 
2026-01-22 20:12:53,781 [ERROR] LogOutputStream:75 - [STDERR_REDIRECT] Artifact repository out of sync. Overwriting C:\ST\STM32CubeIDE_1.18.1\STM32CubeIDE\plugins\com.st.stm32cube.ide.mcu.externaltools.cubeprogrammer.win32_2.2.300.202508131133
2026-01-22 20:12:54,369 [ERROR] LogOutputStream:75 - [STDERR_REDIRECT] [Fatal Error] :1:1: Premature end of file.
2026-01-22 20:12:54,369 [ERROR] LogOutputStream:75 - [STDERR_REDIRECT] 
2026-01-22 20:12:55,358 [ERROR] LogOutputStream:75 - [STDERR_REDIRECT] [Fatal Error] :1:1: Premature end of file.
2026-01-22 20:12:55,362 [ERROR] LogOutputStream:75 - [STDERR_REDIRECT] 
2026-01-22 20:12:56,359 [ERROR] LogOutputStream:75 - [STDERR_REDIRECT] [Fatal Error] :1:1: Premature end of file.
2026-01-22 20:12:56,359 [ERROR] LogOutputStream:75 - [STDERR_REDIRECT] 
2026-01-22 20:12:57,362 [ERROR] LogOutputStream:75 - [STDERR_REDIRECT] [Fatal Error] :1:1: Premature end of file.
2026-01-22 20:12:57,362 [ERROR] LogOutputStream:75 - [STDERR_REDIRECT] 
2026-01-22 20:12:58,371 [ERROR] LogOutputStream:75 - [STDERR_REDIRECT] [Fatal Error] :1:1: Premature end of file.
2026-01-22 20:12:58,373 [ERROR] LogOutputStream:75 - [STDERR_REDIRECT] 
2026-01-22 20:12:59,373 [ERROR] LogOutputStream:75 - [STDERR_REDIRECT] [Fatal Error] :1:1: Premature end of file.
2026-01-22 20:12:59,373 [ERROR] LogOutputStream:75 - [STDERR_REDIRECT] 
2026-01-22 20:13:00,352 [ERROR] LogOutputStream:75 - [STDERR_REDIRECT] [Fatal Error] :1:1: Premature end of file.
2026-01-22 20:13:00,366 [ERROR] LogOutputStream:75 - [STDERR_REDIRECT] 
2026-01-22 20:13:01,361 [ERROR] LogOutputStream:75 - [STDERR_REDIRECT] [Fatal Error] :1:1: Premature end of file.
2026-01-22 20:13:01,361 [ERROR] LogOutputStream:75 - [STDERR_REDIRECT] 
2026-01-22 20:13:02,359 [ERROR] LogOutputStream:75 - [STDERR_REDIRECT] [Fatal Error] :1:1: Premature end of file.
2026-01-22 20:13:02,362 [ERROR] LogOutputStream:75 - [STDERR_REDIRECT] 
2026-01-22 20:13:03,369 [ERROR] LogOutputStream:75 - [STDERR_REDIRECT] [Fatal Error] :1:1: Premature end of file.
2026-01-22 20:13:03,371 [ERROR] LogOutputStream:75 - [STDERR_REDIRECT] 
2026-01-22 20:13:04,377 [ERROR] LogOutputStream:75 - [STDERR_REDIRECT] [Fatal Error] :1:1: Premature end of file.
2026-01-22 20:13:04,377 [ERROR] LogOutputStream:75 - [STDERR_REDIRECT] 
2026-01-22 20:13:05,375 [ERROR] LogOutputStream:75 - [STDERR_REDIRECT] [Fatal Error] :1:1: Premature end of file.
2026-01-22 20:13:05,375 [ERROR] LogOutputStream:75 - [STDERR_REDIRECT] 
2026-01-22 20:13:06,369 [ERROR] LogOutputStream:75 - [STDERR_REDIRECT] [Fatal Error] :1:1: Premature end of file.
2026-01-22 20:13:06,369 [ERROR] LogOutputStream:75 - [STDERR_REDIRECT] 
2026-01-22 20:13:07,357 [ERROR] LogOutputStream:75 - [STDERR_REDIRECT] [Fatal Error] :1:1: Premature end of file.
2026-01-22 20:13:07,357 [ERROR] LogOutputStream:75 - [STDERR_REDIRECT] 
2026-01-22 20:13:08,361 [ERROR] LogOutputStream:75 - [STDERR_REDIRECT] [Fatal Error] :1:1: Premature end of file.
2026-01-22 20:13:08,361 [ERROR] LogOutputStream:75 - [STDERR_REDIRECT] 
2026-01-22 20:13:09,353 [ERROR] LogOutputStream:75 - [STDERR_REDIRECT] [Fatal Error] :1:1: Premature end of file.
2026-01-22 20:13:09,353 [ERROR] LogOutputStream:75 - [STDERR_REDIRECT] 
2026-01-22 20:13:10,370 [ERROR] LogOutputStream:75 - [STDERR_REDIRECT] [Fatal Error] :1:1: Premature end of file.
2026-01-22 20:13:10,370 [ERROR] LogOutputStream:75 - [STDERR_REDIRECT] 
2026-01-22 20:13:11,376 [ERROR] LogOutputStream:75 - [STDERR_REDIRECT] [Fatal Error] :1:1: Premature end of file.
2026-01-22 20:13:11,376 [ERROR] LogOutputStream:75 - [STDERR_REDIRECT] 
2026-01-22 20:13:12,361 [ERROR] LogOutputStream:75 - [STDERR_REDIRECT] [Fatal Error] :1:1: Premature end of file.
2026-01-22 20:13:12,361 [ERROR] LogOutputStream:75 - [STDERR_REDIRECT] 
2026-01-22 20:13:13,366 [ERROR] LogOutputStream:75 - [STDERR_REDIRECT] [Fatal Error] :1:1: Premature end of file.
2026-01-22 20:13:13,368 [ERROR] LogOutputStream:75 - [STDERR_REDIRECT] 
2026-01-22 20:13:14,355 [ERROR] LogOutputStream:75 - [STDERR_REDIRECT] [Fatal Error] :1:1: Premature end of file.
2026-01-22 20:13:14,355 [ERROR] LogOutputStream:75 - [STDERR_REDIRECT] 
2026-01-22 20:13:15,349 [ERROR] LogOutputStream:75 - [STDERR_REDIRECT] [Fatal Error] :1:1: Premature end of file.
2026-01-22 20:13:15,349 [ERROR] LogOutputStream:75 - [STDERR_REDIRECT] 
2026-01-22 20:13:16,367 [ERROR] LogOutputStream:75 - [STDERR_REDIRECT] [Fatal Error] :1:1: Premature end of file.
2026-01-22 20:13:16,367 [ERROR] LogOutputStream:75 - [STDERR_REDIRECT] 
2026-01-22 20:13:17,354 [ERROR] LogOutputStream:75 - [STDERR_REDIRECT] [Fatal Error] :1:1: Premature end of file.
2026-01-22 20:13:17,354 [ERROR] LogOutputStream:75 - [STDERR_REDIRECT] 
2026-01-22 20:13:18,369 [ERROR] LogOutputStream:75 - [STDERR_REDIRECT] [Fatal Error] :1:1: Premature end of file.
2026-01-22 20:13:18,369 [ERROR] LogOutputStream:75 - [STDERR_REDIRECT] 
2026-01-22 20:13:19,366 [ERROR] LogOutputStream:75 - [STDERR_REDIRECT] [Fatal Error] :1:1: Premature end of file.
2026-01-22 20:13:19,366 [ERROR] LogOutputStream:75 - [STDERR_REDIRECT] 
2026-01-22 20:13:20,366 [ERROR] LogOutputStream:75 - [STDERR_REDIRECT] [Fatal Error] :1:1: Premature end of file.
2026-01-22 20:13:20,366 [ERROR] LogOutputStream:75 - [STDERR_REDIRECT] 
2026-01-22 20:13:21,363 [ERROR] LogOutputStream:75 - [STDERR_REDIRECT] [Fatal Error] :1:1: Premature end of file.
2026-01-22 20:13:21,363 [ERROR] LogOutputStream:75 - [STDERR_REDIRECT] 
2026-01-22 20:13:22,360 [ERROR] LogOutputStream:75 - [STDERR_REDIRECT] [Fatal Error] :1:1: Premature end of file.
2026-01-22 20:13:22,360 [ERROR] LogOutputStream:75 - [STDERR_REDIRECT] 
2026-01-22 20:13:23,366 [ERROR] LogOutputStream:75 - [STDERR_REDIRECT] [Fatal Error] :1:1: Premature end of file.
2026-01-22 20:13:23,367 [ERROR] LogOutputStream:75 - [STDERR_REDIRECT] 
2026-01-22 20:13:24,357 [ERROR] LogOutputStream:75 - [STDERR_REDIRECT] [Fatal Error] :1:1: Premature end of file.
2026-01-22 20:13:24,358 [ERROR] LogOutputStream:75 - [STDERR_REDIRECT] 
2026-01-22 20:13:25,357 [ERROR] LogOutputStream:75 - [STDERR_REDIRECT] [Fatal Error] :1:1: Premature end of file.
2026-01-22 20:13:25,357 [ERROR] LogOutputStream:75 - [STDERR_REDIRECT] 
2026-01-22 20:13:26,361 [ERROR] LogOutputStream:75 - [STDERR_REDIRECT] [Fatal Error] :1:1: Premature end of file.
2026-01-22 20:13:26,361 [ERROR] LogOutputStream:75 - [STDERR_REDIRECT] 
2026-01-22 20:13:27,362 [ERROR] LogOutputStream:75 - [STDERR_REDIRECT] [Fatal Error] :1:1: Premature end of file.
2026-01-22 20:13:27,362 [ERROR] LogOutputStream:75 - [STDERR_REDIRECT] 
2026-01-22 20:13:28,366 [ERROR] LogOutputStream:75 - [STDERR_REDIRECT] [Fatal Error] :1:1: Premature end of file.
2026-01-22 20:13:28,366 [ERROR] LogOutputStream:75 - [STDERR_REDIRECT] 
2026-01-22 20:13:29,391 [ERROR] LogOutputStream:75 - [STDERR_REDIRECT] [Fatal Error] :1:1: Premature end of file.
2026-01-22 20:13:29,391 [ERROR] LogOutputStream:75 - [STDERR_REDIRECT] 
2026-01-22 20:13:30,365 [ERROR] LogOutputStream:75 - [STDERR_REDIRECT] [Fatal Error] :1:1: Premature end of file.
2026-01-22 20:13:30,365 [ERROR] LogOutputStream:75 - [STDERR_REDIRECT] 
2026-01-22 20:13:31,365 [ERROR] LogOutputStream:75 - [STDERR_REDIRECT] [Fatal Error] :1:1: Premature end of file.
2026-01-22 20:13:31,366 [ERROR] LogOutputStream:75 - [STDERR_REDIRECT] 
2026-01-22 20:13:32,377 [ERROR] LogOutputStream:75 - [STDERR_REDIRECT] [Fatal Error] :1:1: Premature end of file.
2026-01-22 20:13:32,378 [ERROR] LogOutputStream:75 - [STDERR_REDIRECT] 
2026-01-22 20:13:33,390 [ERROR] LogOutputStream:75 - [STDERR_REDIRECT] [Fatal Error] :1:1: Premature end of file.
2026-01-22 20:13:33,391 [ERROR] LogOutputStream:75 - [STDERR_REDIRECT] 
2026-01-22 20:13:34,368 [ERROR] LogOutputStream:75 - [STDERR_REDIRECT] [Fatal Error] :1:1: Premature end of file.
2026-01-22 20:13:34,368 [ERROR] LogOutputStream:75 - [STDERR_REDIRECT] 
2026-01-22 20:13:35,373 [ERROR] LogOutputStream:75 - [STDERR_REDIRECT] [Fatal Error] :1:1: Premature end of file.
2026-01-22 20:13:35,373 [ERROR] LogOutputStream:75 - [STDERR_REDIRECT] 
2026-01-22 20:13:36,376 [ERROR] LogOutputStream:75 - [STDERR_REDIRECT] [Fatal Error] :1:1: Premature end of file.
2026-01-22 20:13:36,376 [ERROR] LogOutputStream:75 - [STDERR_REDIRECT] 
2026-01-22 20:13:37,366 [ERROR] LogOutputStream:75 - [STDERR_REDIRECT] [Fatal Error] :1:1: Premature end of file.
2026-01-22 20:13:37,366 [ERROR] LogOutputStream:75 - [STDERR_REDIRECT] 
2026-01-22 20:13:38,363 [ERROR] LogOutputStream:75 - [STDERR_REDIRECT] [Fatal Error] :1:1: Premature end of file.
2026-01-22 20:13:38,363 [ERROR] LogOutputStream:75 - [STDERR_REDIRECT] 
2026-01-22 20:13:39,354 [ERROR] LogOutputStream:75 - [STDERR_REDIRECT] [Fatal Error] :1:1: Premature end of file.
2026-01-22 20:13:39,354 [ERROR] LogOutputStream:75 - [STDERR_REDIRECT] 
2026-01-22 20:13:40,378 [ERROR] LogOutputStream:75 - [STDERR_REDIRECT] [Fatal Error] :1:1: Premature end of file.
2026-01-22 20:13:40,380 [ERROR] LogOutputStream:75 - [STDERR_REDIRECT] 
2026-01-22 20:13:41,361 [ERROR] LogOutputStream:75 - [STDERR_REDIRECT] [Fatal Error] :1:1: Premature end of file.
2026-01-22 20:13:41,362 [ERROR] LogOutputStream:75 - [STDERR_REDIRECT] 
2026-01-22 20:13:42,355 [ERROR] LogOutputStream:75 - [STDERR_REDIRECT] [Fatal Error] :1:1: Premature end of file.
2026-01-22 20:13:42,356 [ERROR] LogOutputStream:75 - [STDERR_REDIRECT] 
2026-01-22 20:13:43,367 [ERROR] LogOutputStream:75 - [STDERR_REDIRECT] [Fatal Error] :1:1: Premature end of file.
2026-01-22 20:13:43,367 [ERROR] LogOutputStream:75 - [STDERR_REDIRECT] 
2026-01-22 20:13:44,357 [ERROR] LogOutputStream:75 - [STDERR_REDIRECT] [Fatal Error] :1:1: Premature end of file.
2026-01-22 20:13:44,358 [ERROR] LogOutputStream:75 - [STDERR_REDIRECT] 
2026-01-22 20:13:45,356 [ERROR] LogOutputStream:75 - [STDERR_REDIRECT] [Fatal Error] :1:1: Premature end of file.
2026-01-22 20:13:45,356 [ERROR] LogOutputStream:75 - [STDERR_REDIRECT] 
2026-01-22 20:13:46,354 [ERROR] LogOutputStream:75 - [STDERR_REDIRECT] [Fatal Error] :1:1: Premature end of file.
2026-01-22 20:13:46,354 [ERROR] LogOutputStream:75 - [STDERR_REDIRECT] 
2026-01-22 20:13:47,350 [ERROR] LogOutputStream:75 - [STDERR_REDIRECT] [Fatal Error] :1:1: Premature end of file.
2026-01-22 20:13:47,350 [ERROR] LogOutputStream:75 - [STDERR_REDIRECT] 
2026-01-22 20:13:48,352 [ERROR] LogOutputStream:75 - [STDERR_REDIRECT] [Fatal Error] :1:1: Premature end of file.
2026-01-22 20:13:48,352 [ERROR] LogOutputStream:75 - [STDERR_REDIRECT] 
2026-01-22 20:13:49,367 [ERROR] LogOutputStream:75 - [STDERR_REDIRECT] [Fatal Error] :1:1: Premature end of file.
2026-01-22 20:13:49,367 [ERROR] LogOutputStream:75 - [STDERR_REDIRECT] 
2026-01-22 20:13:50,342 [ERROR] LogOutputStream:75 - [STDERR_REDIRECT] [Fatal Error] :1:1: Premature end of file.
2026-01-22 20:13:50,342 [ERROR] LogOutputStream:75 - [STDERR_REDIRECT] 
2026-01-22 20:13:51,350 [ERROR] LogOutputStream:75 - [STDERR_REDIRECT] [Fatal Error] :1:1: Premature end of file.
2026-01-22 20:13:51,350 [ERROR] LogOutputStream:75 - [STDERR_REDIRECT] 
2026-01-22 20:13:52,352 [ERROR] LogOutputStream:75 - [STDERR_REDIRECT] [Fatal Error] :1:1: Premature end of file.
2026-01-22 20:13:52,352 [ERROR] LogOutputStream:75 - [STDERR_REDIRECT] 
2026-01-22 20:13:53,352 [ERROR] LogOutputStream:75 - [STDERR_REDIRECT] [Fatal Error] :1:1: Premature end of file.
2026-01-22 20:13:53,352 [ERROR] LogOutputStream:75 - [STDERR_REDIRECT] 
2026-01-22 20:13:54,352 [ERROR] LogOutputStream:75 - [STDERR_REDIRECT] [Fatal Error] :1:1: Premature end of file.
2026-01-22 20:13:54,353 [ERROR] LogOutputStream:75 - [STDERR_REDIRECT] 
2026-01-22 20:13:55,362 [ERROR] LogOutputStream:75 - [STDERR_REDIRECT] [Fatal Error] :1:1: Premature end of file.
2026-01-22 20:13:55,362 [ERROR] LogOutputStream:75 - [STDERR_REDIRECT] 
2026-01-22 20:13:56,362 [ERROR] LogOutputStream:75 - [STDERR_REDIRECT] [Fatal Error] :1:1: Premature end of file.
2026-01-22 20:13:56,362 [ERROR] LogOutputStream:75 - [STDERR_REDIRECT] 
2026-01-22 20:13:57,367 [ERROR] LogOutputStream:75 - [STDERR_REDIRECT] [Fatal Error] :1:1: Premature end of file.
2026-01-22 20:13:57,368 [ERROR] LogOutputStream:75 - [STDERR_REDIRECT] 
2026-01-22 20:13:58,366 [ERROR] LogOutputStream:75 - [STDERR_REDIRECT] [Fatal Error] :1:1: Premature end of file.
2026-01-22 20:13:58,366 [ERROR] LogOutputStream:75 - [STDERR_REDIRECT] 
2026-01-22 20:13:59,362 [ERROR] LogOutputStream:75 - [STDERR_REDIRECT] [Fatal Error] :1:1: Premature end of file.
2026-01-22 20:13:59,362 [ERROR] LogOutputStream:75 - [STDERR_REDIRECT] 
2026-01-22 20:14:00,351 [ERROR] LogOutputStream:75 - [STDERR_REDIRECT] [Fatal Error] :1:1: Premature end of file.
2026-01-22 20:14:00,351 [ERROR] LogOutputStream:75 - [STDERR_REDIRECT] 
2026-01-22 20:14:01,368 [ERROR] LogOutputStream:75 - [STDERR_REDIRECT] [Fatal Error] :1:1: Premature end of file.
2026-01-22 20:14:01,369 [ERROR] LogOutputStream:75 - [STDERR_REDIRECT] 
2026-01-22 20:14:02,361 [ERROR] LogOutputStream:75 - [STDERR_REDIRECT] [Fatal Error] :1:1: Premature end of file.
2026-01-22 20:14:02,368 [ERROR] LogOutputStream:75 - [STDERR_REDIRECT] 
2026-01-22 20:14:03,353 [ERROR] LogOutputStream:75 - [STDERR_REDIRECT] [Fatal Error] :1:1: Premature end of file.
2026-01-22 20:14:03,353 [ERROR] LogOutputStream:75 - [STDERR_REDIRECT] 
2026-01-22 20:14:04,364 [ERROR] LogOutputStream:75 - [STDERR_REDIRECT] [Fatal Error] :1:1: Premature end of file.
2026-01-22 20:14:04,364 [ERROR] LogOutputStream:75 - [STDERR_REDIRECT] 
2026-01-22 20:14:05,359 [ERROR] LogOutputStream:75 - [STDERR_REDIRECT] [Fatal Error] :1:1: Premature end of file.
2026-01-22 20:14:05,359 [ERROR] LogOutputStream:75 - [STDERR_REDIRECT] 
2026-01-22 20:14:06,384 [ERROR] LogOutputStream:75 - [STDERR_REDIRECT] [Fatal Error] :1:1: Premature end of file.
2026-01-22 20:14:06,384 [ERROR] LogOutputStream:75 - [STDERR_REDIRECT] 
2026-01-22 20:14:07,361 [ERROR] LogOutputStream:75 - [STDERR_REDIRECT] [Fatal Error] :1:1: Premature end of file.
2026-01-22 20:14:07,361 [ERROR] LogOutputStream:75 - [STDERR_REDIRECT] 
2026-01-22 20:14:08,388 [ERROR] LogOutputStream:75 - [STDERR_REDIRECT] [Fatal Error] :1:1: Premature end of file.
2026-01-22 20:14:08,389 [ERROR] LogOutputStream:75 - [STDERR_REDIRECT] 
2026-01-22 20:14:09,370 [ERROR] LogOutputStream:75 - [STDERR_REDIRECT] [Fatal Error] :1:1: Premature end of file.
2026-01-22 20:14:09,370 [ERROR] LogOutputStream:75 - [STDERR_REDIRECT] 
2026-01-22 20:14:10,362 [ERROR] LogOutputStream:75 - [STDERR_REDIRECT] [Fatal Error] :1:1: Premature end of file.
2026-01-22 20:14:10,362 [ERROR] LogOutputStream:75 - [STDERR_REDIRECT] 
2026-01-22 20:14:11,367 [ERROR] LogOutputStream:75 - [STDERR_REDIRECT] [Fatal Error] :1:1: Premature end of file.
2026-01-22 20:14:11,369 [ERROR] LogOutputStream:75 - [STDERR_REDIRECT] 
2026-01-22 20:14:12,361 [ERROR] LogOutputStream:75 - [STDERR_REDIRECT] [Fatal Error] :1:1: Premature end of file.
2026-01-22 20:14:12,361 [ERROR] LogOutputStream:75 - [STDERR_REDIRECT] 
2026-01-22 20:14:13,368 [ERROR] LogOutputStream:75 - [STDERR_REDIRECT] [Fatal Error] :1:1: Premature end of file.
2026-01-22 20:14:13,368 [ERROR] LogOutputStream:75 - [STDERR_REDIRECT] 
2026-01-22 20:14:14,363 [ERROR] LogOutputStream:75 - [STDERR_REDIRECT] [Fatal Error] :1:1: Premature end of file.
2026-01-22 20:14:14,363 [ERROR] LogOutputStream:75 - [STDERR_REDIRECT] 
2026-01-22 20:14:15,357 [ERROR] LogOutputStream:75 - [STDERR_REDIRECT] [Fatal Error] :1:1: Premature end of file.
2026-01-22 20:14:15,357 [ERROR] LogOutputStream:75 - [STDERR_REDIRECT] 
2026-01-22 20:14:16,358 [ERROR] LogOutputStream:75 - [STDERR_REDIRECT] [Fatal Error] :1:1: Premature end of file.
2026-01-22 20:14:16,358 [ERROR] LogOutputStream:75 - [STDERR_REDIRECT] 
2026-01-22 20:14:17,368 [ERROR] LogOutputStream:75 - [STDERR_REDIRECT] [Fatal Error] :1:1: Premature end of file.
2026-01-22 20:14:17,368 [ERROR] LogOutputStream:75 - [STDERR_REDIRECT] 
2026-01-22 20:14:18,362 [ERROR] LogOutputStream:75 - [STDERR_REDIRECT] [Fatal Error] :1:1: Premature end of file.
2026-01-22 20:14:18,362 [ERROR] LogOutputStream:75 - [STDERR_REDIRECT] 
2026-01-22 20:14:19,355 [ERROR] LogOutputStream:75 - [STDERR_REDIRECT] [Fatal Error] :1:1: Premature end of file.
2026-01-22 20:14:19,356 [ERROR] LogOutputStream:75 - [STDERR_REDIRECT] 
2026-01-22 20:14:20,365 [ERROR] LogOutputStream:75 - [STDERR_REDIRECT] [Fatal Error] :1:1: Premature end of file.
2026-01-22 20:14:20,366 [ERROR] LogOutputStream:75 - [STDERR_REDIRECT] 
2026-01-22 20:14:21,359 [ERROR] LogOutputStream:75 - [STDERR_REDIRECT] [Fatal Error] :1:1: Premature end of file.
2026-01-22 20:14:21,360 [ERROR] LogOutputStream:75 - [STDERR_REDIRECT] 
2026-01-22 20:14:22,366 [ERROR] LogOutputStream:75 - [STDERR_REDIRECT] [Fatal Error] :1:1: Premature end of file.
2026-01-22 20:14:22,366 [ERROR] LogOutputStream:75 - [STDERR_REDIRECT] 
2026-01-22 20:14:23,357 [ERROR] LogOutputStream:75 - [STDERR_REDIRECT] [Fatal Error] :1:1: Premature end of file.
2026-01-22 20:14:23,357 [ERROR] LogOutputStream:75 - [STDERR_REDIRECT] 
2026-01-22 20:14:24,365 [ERROR] LogOutputStream:75 - [STDERR_REDIRECT] [Fatal Error] :1:1: Premature end of file.
2026-01-22 20:14:24,366 [ERROR] LogOutputStream:75 - [STDERR_REDIRECT] 
2026-01-22 20:14:25,370 [ERROR] LogOutputStream:75 - [STDERR_REDIRECT] [Fatal Error] :1:1: Premature end of file.
2026-01-22 20:14:25,370 [ERROR] LogOutputStream:75 - [STDERR_REDIRECT] 
2026-01-22 20:14:26,354 [ERROR] LogOutputStream:75 - [STDERR_REDIRECT] [Fatal Error] :1:1: Premature end of file.
2026-01-22 20:14:26,355 [ERROR] LogOutputStream:75 - [STDERR_REDIRECT] 
2026-01-22 20:14:27,372 [ERROR] LogOutputStream:75 - [STDERR_REDIRECT] [Fatal Error] :1:1: Premature end of file.
2026-01-22 20:14:27,373 [ERROR] LogOutputStream:75 - [STDERR_REDIRECT] 
2026-01-22 20:14:28,357 [ERROR] LogOutputStream:75 - [STDERR_REDIRECT] [Fatal Error] :1:1: Premature end of file.
2026-01-22 20:14:28,357 [ERROR] LogOutputStream:75 - [STDERR_REDIRECT] 
2026-01-22 20:14:29,364 [ERROR] LogOutputStream:75 - [STDERR_REDIRECT] [Fatal Error] :1:1: Premature end of file.
2026-01-22 20:14:29,364 [ERROR] LogOutputStream:75 - [STDERR_REDIRECT] 
2026-01-22 20:14:30,363 [ERROR] LogOutputStream:75 - [STDERR_REDIRECT] [Fatal Error] :1:1: Premature end of file.
2026-01-22 20:14:30,363 [ERROR] LogOutputStream:75 - [STDERR_REDIRECT] 
2026-01-22 20:14:31,361 [ERROR] LogOutputStream:75 - [STDERR_REDIRECT] [Fatal Error] :1:1: Premature end of file.
2026-01-22 20:14:31,361 [ERROR] LogOutputStream:75 - [STDERR_REDIRECT] 
2026-01-22 20:14:32,364 [ERROR] LogOutputStream:75 - [STDERR_REDIRECT] [Fatal Error] :1:1: Premature end of file.
2026-01-22 20:14:32,364 [ERROR] LogOutputStream:75 - [STDERR_REDIRECT] 
2026-01-22 20:14:33,361 [ERROR] LogOutputStream:75 - [STDERR_REDIRECT] [Fatal Error] :1:1: Premature end of file.
2026-01-22 20:14:33,361 [ERROR] LogOutputStream:75 - [STDERR_REDIRECT] 
2026-01-22 20:14:34,362 [ERROR] LogOutputStream:75 - [STDERR_REDIRECT] [Fatal Error] :1:1: Premature end of file.
2026-01-22 20:14:34,362 [ERROR] LogOutputStream:75 - [STDERR_REDIRECT] 
2026-01-22 20:14:35,355 [ERROR] LogOutputStream:75 - [STDERR_REDIRECT] [Fatal Error] :1:1: Premature end of file.
2026-01-22 20:14:35,355 [ERROR] LogOutputStream:75 - [STDERR_REDIRECT] 
2026-01-22 20:14:36,364 [ERROR] LogOutputStream:75 - [STDERR_REDIRECT] [Fatal Error] :1:1: Premature end of file.
2026-01-22 20:14:36,364 [ERROR] LogOutputStream:75 - [STDERR_REDIRECT] 
2026-01-22 20:14:37,361 [ERROR] LogOutputStream:75 - [STDERR_REDIRECT] [Fatal Error] :1:1: Premature end of file.
2026-01-22 20:14:37,361 [ERROR] LogOutputStream:75 - [STDERR_REDIRECT] 
2026-01-22 20:14:38,358 [ERROR] LogOutputStream:75 - [STDERR_REDIRECT] [Fatal Error] :1:1: Premature end of file.
2026-01-22 20:14:38,358 [ERROR] LogOutputStream:75 - [STDERR_REDIRECT] 
2026-01-22 20:14:39,363 [ERROR] LogOutputStream:75 - [STDERR_REDIRECT] [Fatal Error] :1:1: Premature end of file.
2026-01-22 20:14:39,363 [ERROR] LogOutputStream:75 - [STDERR_REDIRECT] 
2026-01-22 20:14:40,362 [ERROR] LogOutputStream:75 - [STDERR_REDIRECT] [Fatal Error] :1:1: Premature end of file.
2026-01-22 20:14:40,362 [ERROR] LogOutputStream:75 - [STDERR_REDIRECT] 
2026-01-22 20:14:41,367 [ERROR] LogOutputStream:75 - [STDERR_REDIRECT] [Fatal Error] :1:1: Premature end of file.
2026-01-22 20:14:41,367 [ERROR] LogOutputStream:75 - [STDERR_REDIRECT] 
2026-01-22 20:14:42,375 [ERROR] LogOutputStream:75 - [STDERR_REDIRECT] [Fatal Error] :1:1: Premature end of file.
2026-01-22 20:14:42,375 [ERROR] LogOutputStream:75 - [STDERR_REDIRECT] 
2026-01-22 20:14:43,366 [ERROR] LogOutputStream:75 - [STDERR_REDIRECT] [Fatal Error] :1:1: Premature end of file.
2026-01-22 20:14:43,367 [ERROR] LogOutputStream:75 - [STDERR_REDIRECT] 
2026-01-22 20:14:44,357 [ERROR] LogOutputStream:75 - [STDERR_REDIRECT] [Fatal Error] :1:1: Premature end of file.
2026-01-22 20:14:44,357 [ERROR] LogOutputStream:75 - [STDERR_REDIRECT] 
2026-01-22 20:14:45,373 [ERROR] LogOutputStream:75 - [STDERR_REDIRECT] [Fatal Error] :1:1: Premature end of file.
2026-01-22 20:14:45,373 [ERROR] LogOutputStream:75 - [STDERR_REDIRECT] 
2026-01-22 20:14:46,364 [ERROR] LogOutputStream:75 - [STDERR_REDIRECT] [Fatal Error] :1:1: Premature end of file.
2026-01-22 20:14:46,364 [ERROR] LogOutputStream:75 - [STDERR_REDIRECT] 
2026-01-22 20:14:47,372 [ERROR] LogOutputStream:75 - [STDERR_REDIRECT] [Fatal Error] :1:1: Premature end of file.
2026-01-22 20:14:47,372 [ERROR] LogOutputStream:75 - [STDERR_REDIRECT] 
2026-01-22 20:14:48,360 [ERROR] LogOutputStream:75 - [STDERR_REDIRECT] [Fatal Error] :1:1: Premature end of file.
2026-01-22 20:14:48,360 [ERROR] LogOutputStream:75 - [STDERR_REDIRECT] 
2026-01-22 20:14:49,367 [ERROR] LogOutputStream:75 - [STDERR_REDIRECT] [Fatal Error] :1:1: Premature end of file.
2026-01-22 20:14:49,367 [ERROR] LogOutputStream:75 - [STDERR_REDIRECT] 
2026-01-22 20:14:50,361 [ERROR] LogOutputStream:75 - [STDERR_REDIRECT] [Fatal Error] :1:1: Premature end of file.
2026-01-22 20:14:50,361 [ERROR] LogOutputStream:75 - [STDERR_REDIRECT] 
2026-01-22 20:14:51,361 [ERROR] LogOutputStream:75 - [STDERR_REDIRECT] [Fatal Error] :1:1: Premature end of file.
2026-01-22 20:14:51,361 [ERROR] LogOutputStream:75 - [STDERR_REDIRECT] 
2026-01-22 20:14:52,357 [ERROR] LogOutputStream:75 - [STDERR_REDIRECT] [Fatal Error] :1:1: Premature end of file.
2026-01-22 20:14:52,357 [ERROR] LogOutputStream:75 - [STDERR_REDIRECT] 
2026-01-22 20:14:53,378 [ERROR] LogOutputStream:75 - [STDERR_REDIRECT] [Fatal Error] :1:1: Premature end of file.
2026-01-22 20:14:53,378 [ERROR] LogOutputStream:75 - [STDERR_REDIRECT] 
2026-01-22 20:14:54,356 [ERROR] LogOutputStream:75 - [STDERR_REDIRECT] [Fatal Error] :1:1: Premature end of file.
2026-01-22 20:14:54,356 [ERROR] LogOutputStream:75 - [STDERR_REDIRECT] 
2026-01-22 20:14:55,358 [ERROR] LogOutputStream:75 - [STDERR_REDIRECT] [Fatal Error] :1:1: Premature end of file.
2026-01-22 20:14:55,358 [ERROR] LogOutputStream:75 - [STDERR_REDIRECT] 
2026-01-22 20:14:56,351 [ERROR] LogOutputStream:75 - [STDERR_REDIRECT] [Fatal Error] :1:1: Premature end of file.
2026-01-22 20:14:56,351 [ERROR] LogOutputStream:75 - [STDERR_REDIRECT] 
2026-01-22 20:14:57,381 [ERROR] LogOutputStream:75 - [STDERR_REDIRECT] [Fatal Error] :1:1: Premature end of file.
2026-01-22 20:14:57,381 [ERROR] LogOutputStream:75 - [STDERR_REDIRECT] 
2026-01-22 20:14:58,352 [ERROR] LogOutputStream:75 - [STDERR_REDIRECT] [Fatal Error] :1:1: Premature end of file.
2026-01-22 20:14:58,352 [ERROR] LogOutputStream:75 - [STDERR_REDIRECT] 
2026-01-22 20:14:59,367 [ERROR] LogOutputStream:75 - [STDERR_REDIRECT] [Fatal Error] :1:1: Premature end of file.
2026-01-22 20:14:59,367 [ERROR] LogOutputStream:75 - [STDERR_REDIRECT] 
2026-01-22 20:15:00,365 [ERROR] LogOutputStream:75 - [STDERR_REDIRECT] [Fatal Error] :1:1: Premature end of file.
2026-01-22 20:15:00,365 [ERROR] LogOutputStream:75 - [STDERR_REDIRECT] 
2026-01-22 20:15:01,358 [ERROR] LogOutputStream:75 - [STDERR_REDIRECT] [Fatal Error] :1:1: Premature end of file.
2026-01-22 20:15:01,359 [ERROR] LogOutputStream:75 - [STDERR_REDIRECT] 
2026-01-22 20:15:02,365 [ERROR] LogOutputStream:75 - [STDERR_REDIRECT] [Fatal Error] :1:1: Premature end of file.
2026-01-22 20:15:02,365 [ERROR] LogOutputStream:75 - [STDERR_REDIRECT] 
2026-01-22 20:15:03,369 [ERROR] LogOutputStream:75 - [STDERR_REDIRECT] [Fatal Error] :1:1: Premature end of file.
2026-01-22 20:15:03,370 [ERROR] LogOutputStream:75 - [STDERR_REDIRECT] 
2026-01-22 20:15:04,359 [ERROR] LogOutputStream:75 - [STDERR_REDIRECT] [Fatal Error] :1:1: Premature end of file.
2026-01-22 20:15:04,360 [ERROR] LogOutputStream:75 - [STDERR_REDIRECT] 
2026-01-22 20:15:05,355 [ERROR] LogOutputStream:75 - [STDERR_REDIRECT] [Fatal Error] :1:1: Premature end of file.
2026-01-22 20:15:05,356 [ERROR] LogOutputStream:75 - [STDERR_REDIRECT] 
2026-01-22 20:15:06,371 [ERROR] LogOutputStream:75 - [STDERR_REDIRECT] [Fatal Error] :1:1: Premature end of file.
2026-01-22 20:15:06,371 [ERROR] LogOutputStream:75 - [STDERR_REDIRECT] 
2026-01-22 20:15:07,361 [ERROR] LogOutputStream:75 - [STDERR_REDIRECT] [Fatal Error] :1:1: Premature end of file.
2026-01-22 20:15:07,361 [ERROR] LogOutputStream:75 - [STDERR_REDIRECT] 
2026-01-22 20:15:08,369 [ERROR] LogOutputStream:75 - [STDERR_REDIRECT] [Fatal Error] :1:1: Premature end of file.
2026-01-22 20:15:08,369 [ERROR] LogOutputStream:75 - [STDERR_REDIRECT] 
2026-01-22 20:15:09,359 [ERROR] LogOutputStream:75 - [STDERR_REDIRECT] [Fatal Error] :1:1: Premature end of file.
2026-01-22 20:15:09,359 [ERROR] LogOutputStream:75 - [STDERR_REDIRECT] 
2026-01-22 20:15:10,360 [ERROR] LogOutputStream:75 - [STDERR_REDIRECT] [Fatal Error] :1:1: Premature end of file.
2026-01-22 20:15:10,360 [ERROR] LogOutputStream:75 - [STDERR_REDIRECT] 
2026-01-22 20:15:11,380 [ERROR] LogOutputStream:75 - [STDERR_REDIRECT] [Fatal Error] :1:1: Premature end of file.
2026-01-22 20:15:11,380 [ERROR] LogOutputStream:75 - [STDERR_REDIRECT] 
2026-01-22 20:15:12,371 [ERROR] LogOutputStream:75 - [STDERR_REDIRECT] [Fatal Error] :1:1: Premature end of file.
2026-01-22 20:15:12,371 [ERROR] LogOutputStream:75 - [STDERR_REDIRECT] 
2026-01-22 20:15:13,351 [ERROR] LogOutputStream:75 - [STDERR_REDIRECT] [Fatal Error] :1:1: Premature end of file.
2026-01-22 20:15:13,351 [ERROR] LogOutputStream:75 - [STDERR_REDIRECT] 
2026-01-22 20:15:14,353 [ERROR] LogOutputStream:75 - [STDERR_REDIRECT] [Fatal Error] :1:1: Premature end of file.
2026-01-22 20:15:14,353 [ERROR] LogOutputStream:75 - [STDERR_REDIRECT] 
2026-01-22 20:15:15,348 [ERROR] LogOutputStream:75 - [STDERR_REDIRECT] [Fatal Error] :1:1: Premature end of file.
2026-01-22 20:15:15,348 [ERROR] LogOutputStream:75 - [STDERR_REDIRECT] 
2026-01-22 20:15:16,376 [ERROR] LogOutputStream:75 - [STDERR_REDIRECT] [Fatal Error] :1:1: Premature end of file.
2026-01-22 20:15:16,376 [ERROR] LogOutputStream:75 - [STDERR_REDIRECT] 
2026-01-22 20:15:17,366 [ERROR] LogOutputStream:75 - [STDERR_REDIRECT] [Fatal Error] :1:1: Premature end of file.
2026-01-22 20:15:17,366 [ERROR] LogOutputStream:75 - [STDERR_REDIRECT] 
2026-01-22 20:15:18,355 [ERROR] LogOutputStream:75 - [STDERR_REDIRECT] [Fatal Error] :1:1: Premature end of file.
2026-01-22 20:15:18,355 [ERROR] LogOutputStream:75 - [STDERR_REDIRECT] 
2026-01-22 20:15:19,372 [ERROR] LogOutputStream:75 - [STDERR_REDIRECT] [Fatal Error] :1:1: Premature end of file.
2026-01-22 20:15:19,372 [ERROR] LogOutputStream:75 - [STDERR_REDIRECT] 
2026-01-22 20:15:20,356 [ERROR] LogOutputStream:75 - [STDERR_REDIRECT] [Fatal Error] :1:1: Premature end of file.
2026-01-22 20:15:20,356 [ERROR] LogOutputStream:75 - [STDERR_REDIRECT] 
2026-01-22 20:15:21,356 [ERROR] LogOutputStream:75 - [STDERR_REDIRECT] [Fatal Error] :1:1: Premature end of file.
2026-01-22 20:15:21,356 [ERROR] LogOutputStream:75 - [STDERR_REDIRECT] 
2026-01-22 20:15:22,356 [ERROR] LogOutputStream:75 - [STDERR_REDIRECT] [Fatal Error] :1:1: Premature end of file.
2026-01-22 20:15:22,356 [ERROR] LogOutputStream:75 - [STDERR_REDIRECT] 
2026-01-22 20:15:23,372 [ERROR] LogOutputStream:75 - [STDERR_REDIRECT] [Fatal Error] :1:1: Premature end of file.
2026-01-22 20:15:23,372 [ERROR] LogOutputStream:75 - [STDERR_REDIRECT] 
2026-01-22 20:15:24,383 [ERROR] LogOutputStream:75 - [STDERR_REDIRECT] [Fatal Error] :1:1: Premature end of file.
2026-01-22 20:15:24,384 [ERROR] LogOutputStream:75 - [STDERR_REDIRECT] 
2026-01-22 20:15:25,372 [ERROR] LogOutputStream:75 - [STDERR_REDIRECT] [Fatal Error] :1:1: Premature end of file.
2026-01-22 20:15:25,373 [ERROR] LogOutputStream:75 - [STDERR_REDIRECT] 
2026-01-22 20:15:26,371 [ERROR] LogOutputStream:75 - [STDERR_REDIRECT] [Fatal Error] :1:1: Premature end of file.
2026-01-22 20:15:26,371 [ERROR] LogOutputStream:75 - [STDERR_REDIRECT] 
2026-01-22 20:15:27,355 [ERROR] LogOutputStream:75 - [STDERR_REDIRECT] [Fatal Error] :1:1: Premature end of file.
2026-01-22 20:15:27,355 [ERROR] LogOutputStream:75 - [STDERR_REDIRECT] 
2026-01-22 20:15:28,358 [ERROR] LogOutputStream:75 - [STDERR_REDIRECT] [Fatal Error] :1:1: Premature end of file.
2026-01-22 20:15:28,359 [ERROR] LogOutputStream:75 - [STDERR_REDIRECT] 
2026-01-22 20:15:29,366 [ERROR] LogOutputStream:75 - [STDERR_REDIRECT] [Fatal Error] :1:1: Premature end of file.
2026-01-22 20:15:29,366 [ERROR] LogOutputStream:75 - [STDERR_REDIRECT] 
2026-01-22 20:15:30,364 [ERROR] LogOutputStream:75 - [STDERR_REDIRECT] [Fatal Error] :1:1: Premature end of file.
2026-01-22 20:15:30,366 [ERROR] LogOutputStream:75 - [STDERR_REDIRECT] 
2026-01-22 20:15:31,364 [ERROR] LogOutputStream:75 - [STDERR_REDIRECT] [Fatal Error] :1:1: Premature end of file.
2026-01-22 20:15:31,364 [ERROR] LogOutputStream:75 - [STDERR_REDIRECT] 
2026-01-22 20:15:32,356 [ERROR] LogOutputStream:75 - [STDERR_REDIRECT] [Fatal Error] :1:1: Premature end of file.
2026-01-22 20:15:32,357 [ERROR] LogOutputStream:75 - [STDERR_REDIRECT] 
2026-01-22 20:15:33,383 [ERROR] LogOutputStream:75 - [STDERR_REDIRECT] [Fatal Error] :1:1: Premature end of file.
2026-01-22 20:15:33,383 [ERROR] LogOutputStream:75 - [STDERR_REDIRECT] 
2026-01-22 20:15:34,368 [ERROR] LogOutputStream:75 - [STDERR_REDIRECT] [Fatal Error] :1:1: Premature end of file.
2026-01-22 20:15:34,368 [ERROR] LogOutputStream:75 - [STDERR_REDIRECT] 
2026-01-22 20:15:35,352 [ERROR] LogOutputStream:75 - [STDERR_REDIRECT] [Fatal Error] :1:1: Premature end of file.
2026-01-22 20:15:35,352 [ERROR] LogOutputStream:75 - [STDERR_REDIRECT] 
2026-01-22 20:15:36,357 [ERROR] LogOutputStream:75 - [STDERR_REDIRECT] [Fatal Error] :1:1: Premature end of file.
2026-01-22 20:15:36,357 [ERROR] LogOutputStream:75 - [STDERR_REDIRECT] 
2026-01-22 20:15:37,356 [ERROR] LogOutputStream:75 - [STDERR_REDIRECT] [Fatal Error] :1:1: Premature end of file.
2026-01-22 20:15:37,360 [ERROR] LogOutputStream:75 - [STDERR_REDIRECT] 
2026-01-22 20:15:38,366 [ERROR] LogOutputStream:75 - [STDERR_REDIRECT] [Fatal Error] :1:1: Premature end of file.
2026-01-22 20:15:38,366 [ERROR] LogOutputStream:75 - [STDERR_REDIRECT] 
2026-01-22 20:15:39,348 [ERROR] LogOutputStream:75 - [STDERR_REDIRECT] [Fatal Error] :1:1: Premature end of file.
2026-01-22 20:15:39,348 [ERROR] LogOutputStream:75 - [STDERR_REDIRECT] 
2026-01-22 20:15:40,356 [ERROR] LogOutputStream:75 - [STDERR_REDIRECT] [Fatal Error] :1:1: Premature end of file.
2026-01-22 20:15:40,356 [ERROR] LogOutputStream:75 - [STDERR_REDIRECT] 
2026-01-22 20:15:41,356 [ERROR] LogOutputStream:75 - [STDERR_REDIRECT] [Fatal Error] :1:1: Premature end of file.
2026-01-22 20:15:41,356 [ERROR] LogOutputStream:75 - [STDERR_REDIRECT] 
2026-01-22 20:15:42,365 [ERROR] LogOutputStream:75 - [STDERR_REDIRECT] [Fatal Error] :1:1: Premature end of file.
2026-01-22 20:15:42,365 [ERROR] LogOutputStream:75 - [STDERR_REDIRECT] 
2026-01-22 20:15:43,355 [ERROR] LogOutputStream:75 - [STDERR_REDIRECT] [Fatal Error] :1:1: Premature end of file.
2026-01-22 20:15:43,355 [ERROR] LogOutputStream:75 - [STDERR_REDIRECT] 
2026-01-22 20:15:44,355 [ERROR] LogOutputStream:75 - [STDERR_REDIRECT] [Fatal Error] :1:1: Premature end of file.
2026-01-22 20:15:44,355 [ERROR] LogOutputStream:75 - [STDERR_REDIRECT] 
2026-01-22 20:15:45,343 [ERROR] LogOutputStream:75 - [STDERR_REDIRECT] [Fatal Error] :1:1: Premature end of file.
2026-01-22 20:15:45,344 [ERROR] LogOutputStream:75 - [STDERR_REDIRECT] 
2026-01-22 20:15:46,355 [ERROR] LogOutputStream:75 - [STDERR_REDIRECT] [Fatal Error] :1:1: Premature end of file.
2026-01-22 20:15:46,355 [ERROR] LogOutputStream:75 - [STDERR_REDIRECT] 
2026-01-22 20:15:47,366 [ERROR] LogOutputStream:75 - [STDERR_REDIRECT] [Fatal Error] :1:1: Premature end of file.
2026-01-22 20:15:47,366 [ERROR] LogOutputStream:75 - [STDERR_REDIRECT] 
2026-01-22 20:15:48,356 [ERROR] LogOutputStream:75 - [STDERR_REDIRECT] [Fatal Error] :1:1: Premature end of file.
2026-01-22 20:15:48,356 [ERROR] LogOutputStream:75 - [STDERR_REDIRECT] 
2026-01-22 20:15:49,355 [ERROR] LogOutputStream:75 - [STDERR_REDIRECT] [Fatal Error] :1:1: Premature end of file.
2026-01-22 20:15:49,355 [ERROR] LogOutputStream:75 - [STDERR_REDIRECT] 
2026-01-22 20:15:50,350 [ERROR] LogOutputStream:75 - [STDERR_REDIRECT] [Fatal Error] :1:1: Premature end of file.
2026-01-22 20:15:50,350 [ERROR] LogOutputStream:75 - [STDERR_REDIRECT] 
2026-01-22 20:15:51,365 [ERROR] LogOutputStream:75 - [STDERR_REDIRECT] [Fatal Error] :1:1: Premature end of file.
2026-01-22 20:15:51,365 [ERROR] LogOutputStream:75 - [STDERR_REDIRECT] 
2026-01-22 20:15:52,366 [ERROR] LogOutputStream:75 - [STDERR_REDIRECT] [Fatal Error] :1:1: Premature end of file.
2026-01-22 20:15:52,366 [ERROR] LogOutputStream:75 - [STDERR_REDIRECT] 
2026-01-22 20:15:53,375 [ERROR] LogOutputStream:75 - [STDERR_REDIRECT] [Fatal Error] :1:1: Premature end of file.
2026-01-22 20:15:53,375 [ERROR] LogOutputStream:75 - [STDERR_REDIRECT] 
2026-01-22 20:15:54,388 [ERROR] LogOutputStream:75 - [STDERR_REDIRECT] [Fatal Error] :1:1: Premature end of file.
2026-01-22 20:15:54,388 [ERROR] LogOutputStream:75 - [STDERR_REDIRECT] 
2026-01-22 20:15:55,366 [ERROR] LogOutputStream:75 - [STDERR_REDIRECT] [Fatal Error] :1:1: Premature end of file.
2026-01-22 20:15:55,366 [ERROR] LogOutputStream:75 - [STDERR_REDIRECT] 
2026-01-22 20:15:56,366 [ERROR] LogOutputStream:75 - [STDERR_REDIRECT] [Fatal Error] :1:1: Premature end of file.
2026-01-22 20:15:56,366 [ERROR] LogOutputStream:75 - [STDERR_REDIRECT] 
2026-01-22 20:15:57,390 [ERROR] LogOutputStream:75 - [STDERR_REDIRECT] [Fatal Error] :1:1: Premature end of file.
2026-01-22 20:15:57,390 [ERROR] LogOutputStream:75 - [STDERR_REDIRECT] 
2026-01-22 20:15:58,385 [ERROR] LogOutputStream:75 - [STDERR_REDIRECT] [Fatal Error] :1:1: Premature end of file.
2026-01-22 20:15:58,385 [ERROR] LogOutputStream:75 - [STDERR_REDIRECT] 
2026-01-22 20:15:59,369 [ERROR] LogOutputStream:75 - [STDERR_REDIRECT] [Fatal Error] :1:1: Premature end of file.
2026-01-22 20:15:59,369 [ERROR] LogOutputStream:75 - [STDERR_REDIRECT] 
2026-01-22 20:16:00,377 [ERROR] LogOutputStream:75 - [STDERR_REDIRECT] [Fatal Error] :1:1: Premature end of file.
2026-01-22 20:16:00,377 [ERROR] LogOutputStream:75 - [STDERR_REDIRECT] 
2026-01-22 20:16:01,380 [ERROR] LogOutputStream:75 - [STDERR_REDIRECT] [Fatal Error] :1:1: Premature end of file.
2026-01-22 20:16:01,380 [ERROR] LogOutputStream:75 - [STDERR_REDIRECT] 
2026-01-22 20:16:02,384 [ERROR] LogOutputStream:75 - [STDERR_REDIRECT] [Fatal Error] :1:1: Premature end of file.
2026-01-22 20:16:02,384 [ERROR] LogOutputStream:75 - [STDERR_REDIRECT] 
2026-01-22 20:16:03,361 [ERROR] LogOutputStream:75 - [STDERR_REDIRECT] [Fatal Error] :1:1: Premature end of file.
2026-01-22 20:16:03,361 [ERROR] LogOutputStream:75 - [STDERR_REDIRECT] 
2026-01-22 20:16:04,360 [ERROR] LogOutputStream:75 - [STDERR_REDIRECT] [Fatal Error] :1:1: Premature end of file.
2026-01-22 20:16:04,360 [ERROR] LogOutputStream:75 - [STDERR_REDIRECT] 
2026-01-22 20:16:05,362 [ERROR] LogOutputStream:75 - [STDERR_REDIRECT] [Fatal Error] :1:1: Premature end of file.
2026-01-22 20:16:05,362 [ERROR] LogOutputStream:75 - [STDERR_REDIRECT] 
2026-01-22 20:16:06,362 [ERROR] LogOutputStream:75 - [STDERR_REDIRECT] [Fatal Error] :1:1: Premature end of file.
2026-01-22 20:16:06,363 [ERROR] LogOutputStream:75 - [STDERR_REDIRECT] 
2026-01-22 20:16:07,366 [ERROR] LogOutputStream:75 - [STDERR_REDIRECT] [Fatal Error] :1:1: Premature end of file.
2026-01-22 20:16:07,366 [ERROR] LogOutputStream:75 - [STDERR_REDIRECT] 
2026-01-22 20:16:08,367 [ERROR] LogOutputStream:75 - [STDERR_REDIRECT] [Fatal Error] :1:1: Premature end of file.
2026-01-22 20:16:08,367 [ERROR] LogOutputStream:75 - [STDERR_REDIRECT] 
2026-01-22 20:16:09,356 [ERROR] LogOutputStream:75 - [STDERR_REDIRECT] [Fatal Error] :1:1: Premature end of file.
2026-01-22 20:16:09,356 [ERROR] LogOutputStream:75 - [STDERR_REDIRECT] 
2026-01-22 20:16:10,362 [ERROR] LogOutputStream:75 - [STDERR_REDIRECT] [Fatal Error] :1:1: Premature end of file.
2026-01-22 20:16:10,362 [ERROR] LogOutputStream:75 - [STDERR_REDIRECT] 
2026-01-22 20:16:11,362 [ERROR] LogOutputStream:75 - [STDERR_REDIRECT] [Fatal Error] :1:1: Premature end of file.
2026-01-22 20:16:11,362 [ERROR] LogOutputStream:75 - [STDERR_REDIRECT] 
2026-01-22 20:16:12,361 [ERROR] LogOutputStream:75 - [STDERR_REDIRECT] [Fatal Error] :1:1: Premature end of file.
2026-01-22 20:16:12,361 [ERROR] LogOutputStream:75 - [STDERR_REDIRECT] 
2026-01-22 20:16:13,359 [ERROR] LogOutputStream:75 - [STDERR_REDIRECT] [Fatal Error] :1:1: Premature end of file.
2026-01-22 20:16:13,359 [ERROR] LogOutputStream:75 - [STDERR_REDIRECT] 
2026-01-22 20:16:14,349 [ERROR] LogOutputStream:75 - [STDERR_REDIRECT] [Fatal Error] :1:1: Premature end of file.
2026-01-22 20:16:14,349 [ERROR] LogOutputStream:75 - [STDERR_REDIRECT] 
2026-01-22 20:16:15,363 [ERROR] LogOutputStream:75 - [STDERR_REDIRECT] [Fatal Error] :1:1: Premature end of file.
2026-01-22 20:16:15,363 [ERROR] LogOutputStream:75 - [STDERR_REDIRECT] 
2026-01-22 20:16:16,351 [ERROR] LogOutputStream:75 - [STDERR_REDIRECT] [Fatal Error] :1:1: Premature end of file.
2026-01-22 20:16:16,351 [ERROR] LogOutputStream:75 - [STDERR_REDIRECT] 
2026-01-22 20:16:17,364 [ERROR] LogOutputStream:75 - [STDERR_REDIRECT] [Fatal Error] :1:1: Premature end of file.
2026-01-22 20:16:17,364 [ERROR] LogOutputStream:75 - [STDERR_REDIRECT] 
2026-01-22 20:16:18,363 [ERROR] LogOutputStream:75 - [STDERR_REDIRECT] [Fatal Error] :1:1: Premature end of file.
2026-01-22 20:16:18,363 [ERROR] LogOutputStream:75 - [STDERR_REDIRECT] 
2026-01-22 20:16:19,361 [ERROR] LogOutputStream:75 - [STDERR_REDIRECT] [Fatal Error] :1:1: Premature end of file.
2026-01-22 20:16:19,361 [ERROR] LogOutputStream:75 - [STDERR_REDIRECT] 
2026-01-22 20:16:20,355 [ERROR] LogOutputStream:75 - [STDERR_REDIRECT] [Fatal Error] :1:1: Premature end of file.
2026-01-22 20:16:20,356 [ERROR] LogOutputStream:75 - [STDERR_REDIRECT] 
2026-01-22 20:16:21,343 [ERROR] LogOutputStream:75 - [STDERR_REDIRECT] [Fatal Error] :1:1: Premature end of file.
2026-01-22 20:16:21,343 [ERROR] LogOutputStream:75 - [STDERR_REDIRECT] 
2026-01-22 20:16:22,342 [ERROR] LogOutputStream:75 - [STDERR_REDIRECT] [Fatal Error] :1:1: Premature end of file.
2026-01-22 20:16:22,342 [ERROR] LogOutputStream:75 - [STDERR_REDIRECT] 
2026-01-22 20:16:23,347 [ERROR] LogOutputStream:75 - [STDERR_REDIRECT] [Fatal Error] :1:1: Premature end of file.
2026-01-22 20:16:23,347 [ERROR] LogOutputStream:75 - [STDERR_REDIRECT] 
2026-01-22 20:16:24,355 [ERROR] LogOutputStream:75 - [STDERR_REDIRECT] [Fatal Error] :1:1: Premature end of file.
2026-01-22 20:16:24,355 [ERROR] LogOutputStream:75 - [STDERR_REDIRECT] 
2026-01-22 20:16:25,341 [ERROR] LogOutputStream:75 - [STDERR_REDIRECT] [Fatal Error] :1:1: Premature end of file.
2026-01-22 20:16:25,341 [ERROR] LogOutputStream:75 - [STDERR_REDIRECT] 
2026-01-22 20:16:26,346 [ERROR] LogOutputStream:75 - [STDERR_REDIRECT] [Fatal Error] :1:1: Premature end of file.
2026-01-22 20:16:26,346 [ERROR] LogOutputStream:75 - [STDERR_REDIRECT] 
2026-01-22 20:16:27,336 [ERROR] LogOutputStream:75 - [STDERR_REDIRECT] [Fatal Error] :1:1: Premature end of file.
2026-01-22 20:16:27,336 [ERROR] LogOutputStream:75 - [STDERR_REDIRECT] 
2026-01-22 20:16:28,346 [ERROR] LogOutputStream:75 - [STDERR_REDIRECT] [Fatal Error] :1:1: Premature end of file.
2026-01-22 20:16:28,346 [ERROR] LogOutputStream:75 - [STDERR_REDIRECT] 
2026-01-22 20:16:29,338 [ERROR] LogOutputStream:75 - [STDERR_REDIRECT] [Fatal Error] :1:1: Premature end of file.
2026-01-22 20:16:29,338 [ERROR] LogOutputStream:75 - [STDERR_REDIRECT] 
2026-01-22 20:16:30,351 [ERROR] LogOutputStream:75 - [STDERR_REDIRECT] [Fatal Error] :1:1: Premature end of file.
2026-01-22 20:16:30,351 [ERROR] LogOutputStream:75 - [STDERR_REDIRECT] 
2026-01-22 20:16:31,335 [ERROR] LogOutputStream:75 - [STDERR_REDIRECT] [Fatal Error] :1:1: Premature end of file.
2026-01-22 20:16:31,335 [ERROR] LogOutputStream:75 - [STDERR_REDIRECT] 
2026-01-22 20:16:32,348 [ERROR] LogOutputStream:75 - [STDERR_REDIRECT] [Fatal Error] :1:1: Premature end of file.
2026-01-22 20:16:32,348 [ERROR] LogOutputStream:75 - [STDERR_REDIRECT] 
2026-01-22 20:16:33,341 [ERROR] LogOutputStream:75 - [STDERR_REDIRECT] [Fatal Error] :1:1: Premature end of file.
2026-01-22 20:16:33,341 [ERROR] LogOutputStream:75 - [STDERR_REDIRECT] 
2026-01-22 20:16:34,343 [ERROR] LogOutputStream:75 - [STDERR_REDIRECT] [Fatal Error] :1:1: Premature end of file.
2026-01-22 20:16:34,343 [ERROR] LogOutputStream:75 - [STDERR_REDIRECT] 
2026-01-22 20:16:35,351 [ERROR] LogOutputStream:75 - [STDERR_REDIRECT] [Fatal Error] :1:1: Premature end of file.
2026-01-22 20:16:35,351 [ERROR] LogOutputStream:75 - [STDERR_REDIRECT] 
2026-01-22 20:16:36,346 [ERROR] LogOutputStream:75 - [STDERR_REDIRECT] [Fatal Error] :1:1: Premature end of file.
2026-01-22 20:16:36,347 [ERROR] LogOutputStream:75 - [STDERR_REDIRECT] 
2026-01-22 20:16:37,359 [ERROR] LogOutputStream:75 - [STDERR_REDIRECT] [Fatal Error] :1:1: Premature end of file.
2026-01-22 20:16:37,359 [ERROR] LogOutputStream:75 - [STDERR_REDIRECT] 
2026-01-22 20:16:38,349 [ERROR] LogOutputStream:75 - [STDERR_REDIRECT] [Fatal Error] :1:1: Premature end of file.
2026-01-22 20:16:38,350 [ERROR] LogOutputStream:75 - [STDERR_REDIRECT] 
2026-01-22 20:16:39,347 [ERROR] LogOutputStream:75 - [STDERR_REDIRECT] [Fatal Error] :1:1: Premature end of file.
2026-01-22 20:16:39,347 [ERROR] LogOutputStream:75 - [STDERR_REDIRECT] 
2026-01-22 20:16:40,346 [ERROR] LogOutputStream:75 - [STDERR_REDIRECT] [Fatal Error] :1:1: Premature end of file.
2026-01-22 20:16:40,346 [ERROR] LogOutputStream:75 - [STDERR_REDIRECT] 
2026-01-22 20:16:41,346 [ERROR] LogOutputStream:75 - [STDERR_REDIRECT] [Fatal Error] :1:1: Premature end of file.
2026-01-22 20:16:41,346 [ERROR] LogOutputStream:75 - [STDERR_REDIRECT] 
2026-01-22 20:16:42,343 [ERROR] LogOutputStream:75 - [STDERR_REDIRECT] [Fatal Error] :1:1: Premature end of file.
2026-01-22 20:16:42,343 [ERROR] LogOutputStream:75 - [STDERR_REDIRECT] 
2026-01-22 20:16:43,343 [ERROR] LogOutputStream:75 - [STDERR_REDIRECT] [Fatal Error] :1:1: Premature end of file.
2026-01-22 20:16:43,343 [ERROR] LogOutputStream:75 - [STDERR_REDIRECT] 
2026-01-22 20:16:44,352 [ERROR] LogOutputStream:75 - [STDERR_REDIRECT] [Fatal Error] :1:1: Premature end of file.
2026-01-22 20:16:44,352 [ERROR] LogOutputStream:75 - [STDERR_REDIRECT] 
2026-01-22 20:16:45,351 [ERROR] LogOutputStream:75 - [STDERR_REDIRECT] [Fatal Error] :1:1: Premature end of file.
2026-01-22 20:16:45,351 [ERROR] LogOutputStream:75 - [STDERR_REDIRECT] 
2026-01-22 20:16:46,345 [ERROR] LogOutputStream:75 - [STDERR_REDIRECT] [Fatal Error] :1:1: Premature end of file.
2026-01-22 20:16:46,345 [ERROR] LogOutputStream:75 - [STDERR_REDIRECT] 
2026-01-22 20:16:47,343 [ERROR] LogOutputStream:75 - [STDERR_REDIRECT] [Fatal Error] :1:1: Premature end of file.
2026-01-22 20:16:47,344 [ERROR] LogOutputStream:75 - [STDERR_REDIRECT] 
2026-01-22 20:16:48,349 [ERROR] LogOutputStream:75 - [STDERR_REDIRECT] [Fatal Error] :1:1: Premature end of file.
2026-01-22 20:16:48,349 [ERROR] LogOutputStream:75 - [STDERR_REDIRECT] 
2026-01-22 20:16:49,339 [ERROR] LogOutputStream:75 - [STDERR_REDIRECT] [Fatal Error] :1:1: Premature end of file.
2026-01-22 20:16:49,339 [ERROR] LogOutputStream:75 - [STDERR_REDIRECT] 
2026-01-22 20:16:50,337 [ERROR] LogOutputStream:75 - [STDERR_REDIRECT] [Fatal Error] :1:1: Premature end of file.
2026-01-22 20:16:50,337 [ERROR] LogOutputStream:75 - [STDERR_REDIRECT] 
2026-01-22 20:16:51,342 [ERROR] LogOutputStream:75 - [STDERR_REDIRECT] [Fatal Error] :1:1: Premature end of file.
2026-01-22 20:16:51,342 [ERROR] LogOutputStream:75 - [STDERR_REDIRECT] 
2026-01-22 20:16:52,343 [ERROR] LogOutputStream:75 - [STDERR_REDIRECT] [Fatal Error] :1:1: Premature end of file.
2026-01-22 20:16:52,344 [ERROR] LogOutputStream:75 - [STDERR_REDIRECT] 
2026-01-22 20:16:53,348 [ERROR] LogOutputStream:75 - [STDERR_REDIRECT] [Fatal Error] :1:1: Premature end of file.
2026-01-22 20:16:53,348 [ERROR] LogOutputStream:75 - [STDERR_REDIRECT] 
2026-01-22 20:16:54,346 [ERROR] LogOutputStream:75 - [STDERR_REDIRECT] [Fatal Error] :1:1: Premature end of file.
2026-01-22 20:16:54,347 [ERROR] LogOutputStream:75 - [STDERR_REDIRECT] 
2026-01-22 20:16:55,359 [ERROR] LogOutputStream:75 - [STDERR_REDIRECT] [Fatal Error] :1:1: Premature end of file.
2026-01-22 20:16:55,359 [ERROR] LogOutputStream:75 - [STDERR_REDIRECT] 
2026-01-22 20:16:56,352 [ERROR] LogOutputStream:75 - [STDERR_REDIRECT] [Fatal Error] :1:1: Premature end of file.
2026-01-22 20:16:56,352 [ERROR] LogOutputStream:75 - [STDERR_REDIRECT] 
2026-01-22 20:16:57,347 [ERROR] LogOutputStream:75 - [STDERR_REDIRECT] [Fatal Error] :1:1: Premature end of file.
2026-01-22 20:16:57,347 [ERROR] LogOutputStream:75 - [STDERR_REDIRECT] 
2026-01-22 20:16:58,351 [ERROR] LogOutputStream:75 - [STDERR_REDIRECT] [Fatal Error] :1:1: Premature end of file.
2026-01-22 20:16:58,352 [ERROR] LogOutputStream:75 - [STDERR_REDIRECT] 
2026-01-22 20:16:59,368 [ERROR] LogOutputStream:75 - [STDERR_REDIRECT] [Fatal Error] :1:1: Premature end of file.
2026-01-22 20:16:59,369 [ERROR] LogOutputStream:75 - [STDERR_REDIRECT] 
2026-01-22 20:17:00,370 [ERROR] LogOutputStream:75 - [STDERR_REDIRECT] [Fatal Error] :1:1: Premature end of file.
2026-01-22 20:17:00,370 [ERROR] LogOutputStream:75 - [STDERR_REDIRECT] 
2026-01-22 20:17:01,345 [ERROR] LogOutputStream:75 - [STDERR_REDIRECT] [Fatal Error] :1:1: Premature end of file.
2026-01-22 20:17:01,345 [ERROR] LogOutputStream:75 - [STDERR_REDIRECT] 
2026-01-22 20:17:02,347 [ERROR] LogOutputStream:75 - [STDERR_REDIRECT] [Fatal Error] :1:1: Premature end of file.
2026-01-22 20:17:02,347 [ERROR] LogOutputStream:75 - [STDERR_REDIRECT] 
2026-01-22 20:17:03,349 [ERROR] LogOutputStream:75 - [STDERR_REDIRECT] [Fatal Error] :1:1: Premature end of file.
2026-01-22 20:17:03,351 [ERROR] LogOutputStream:75 - [STDERR_REDIRECT] 
2026-01-22 20:17:04,345 [ERROR] LogOutputStream:75 - [STDERR_REDIRECT] [Fatal Error] :1:1: Premature end of file.
2026-01-22 20:17:04,345 [ERROR] LogOutputStream:75 - [STDERR_REDIRECT] 
2026-01-22 20:17:05,345 [ERROR] LogOutputStream:75 - [STDERR_REDIRECT] [Fatal Error] :1:1: Premature end of file.
2026-01-22 20:17:05,345 [ERROR] LogOutputStream:75 - [STDERR_REDIRECT] 
2026-01-22 20:17:06,351 [ERROR] LogOutputStream:75 - [STDERR_REDIRECT] [Fatal Error] :1:1: Premature end of file.
2026-01-22 20:17:06,351 [ERROR] LogOutputStream:75 - [STDERR_REDIRECT] 
2026-01-22 20:17:07,350 [ERROR] LogOutputStream:75 - [STDERR_REDIRECT] [Fatal Error] :1:1: Premature end of file.
2026-01-22 20:17:07,350 [ERROR] LogOutputStream:75 - [STDERR_REDIRECT] 
2026-01-22 20:17:08,357 [ERROR] LogOutputStream:75 - [STDERR_REDIRECT] [Fatal Error] :1:1: Premature end of file.
2026-01-22 20:17:08,357 [ERROR] LogOutputStream:75 - [STDERR_REDIRECT] 
2026-01-22 20:17:09,350 [ERROR] LogOutputStream:75 - [STDERR_REDIRECT] [Fatal Error] :1:1: Premature end of file.
2026-01-22 20:17:09,350 [ERROR] LogOutputStream:75 - [STDERR_REDIRECT] 
2026-01-22 20:17:10,354 [ERROR] LogOutputStream:75 - [STDERR_REDIRECT] [Fatal Error] :1:1: Premature end of file.
2026-01-22 20:17:10,354 [ERROR] LogOutputStream:75 - [STDERR_REDIRECT] 
2026-01-22 20:17:11,334 [ERROR] LogOutputStream:75 - [STDERR_REDIRECT] [Fatal Error] :1:1: Premature end of file.
2026-01-22 20:17:11,334 [ERROR] LogOutputStream:75 - [STDERR_REDIRECT] 
2026-01-22 20:17:12,349 [ERROR] LogOutputStream:75 - [STDERR_REDIRECT] [Fatal Error] :1:1: Premature end of file.
2026-01-22 20:17:12,349 [ERROR] LogOutputStream:75 - [STDERR_REDIRECT] 
2026-01-22 20:17:13,349 [ERROR] LogOutputStream:75 - [STDERR_REDIRECT] [Fatal Error] :1:1: Premature end of file.
2026-01-22 20:17:13,349 [ERROR] LogOutputStream:75 - [STDERR_REDIRECT] 
2026-01-22 20:17:14,350 [ERROR] LogOutputStream:75 - [STDERR_REDIRECT] [Fatal Error] :1:1: Premature end of file.
2026-01-22 20:17:14,350 [ERROR] LogOutputStream:75 - [STDERR_REDIRECT] 
2026-01-22 20:17:15,351 [ERROR] LogOutputStream:75 - [STDERR_REDIRECT] [Fatal Error] :1:1: Premature end of file.
2026-01-22 20:17:15,351 [ERROR] LogOutputStream:75 - [STDERR_REDIRECT] 
2026-01-22 20:17:16,355 [ERROR] LogOutputStream:75 - [STDERR_REDIRECT] [Fatal Error] :1:1: Premature end of file.
2026-01-22 20:17:16,355 [ERROR] LogOutputStream:75 - [STDERR_REDIRECT] 
2026-01-22 20:17:17,350 [ERROR] LogOutputStream:75 - [STDERR_REDIRECT] [Fatal Error] :1:1: Premature end of file.
2026-01-22 20:17:17,350 [ERROR] LogOutputStream:75 - [STDERR_REDIRECT] 
2026-01-22 20:17:18,352 [ERROR] LogOutputStream:75 - [STDERR_REDIRECT] [Fatal Error] :1:1: Premature end of file.
2026-01-22 20:17:18,352 [ERROR] LogOutputStream:75 - [STDERR_REDIRECT] 
2026-01-22 20:17:19,348 [ERROR] LogOutputStream:75 - [STDERR_REDIRECT] [Fatal Error] :1:1: Premature end of file.
2026-01-22 20:17:19,348 [ERROR] LogOutputStream:75 - [STDERR_REDIRECT] 
2026-01-22 20:17:20,344 [ERROR] LogOutputStream:75 - [STDERR_REDIRECT] [Fatal Error] :1:1: Premature end of file.
2026-01-22 20:17:20,344 [ERROR] LogOutputStream:75 - [STDERR_REDIRECT] 
2026-01-22 20:17:21,338 [ERROR] LogOutputStream:75 - [STDERR_REDIRECT] [Fatal Error] :1:1: Premature end of file.
2026-01-22 20:17:21,339 [ERROR] LogOutputStream:75 - [STDERR_REDIRECT] 
2026-01-22 20:17:22,340 [ERROR] LogOutputStream:75 - [STDERR_REDIRECT] [Fatal Error] :1:1: Premature end of file.
2026-01-22 20:17:22,340 [ERROR] LogOutputStream:75 - [STDERR_REDIRECT] 
2026-01-22 20:17:23,355 [ERROR] LogOutputStream:75 - [STDERR_REDIRECT] [Fatal Error] :1:1: Premature end of file.
2026-01-22 20:17:23,355 [ERROR] LogOutputStream:75 - [STDERR_REDIRECT] 
2026-01-22 20:17:24,350 [ERROR] LogOutputStream:75 - [STDERR_REDIRECT] [Fatal Error] :1:1: Premature end of file.
2026-01-22 20:17:24,350 [ERROR] LogOutputStream:75 - [STDERR_REDIRECT] 
2026-01-22 20:17:25,347 [ERROR] LogOutputStream:75 - [STDERR_REDIRECT] [Fatal Error] :1:1: Premature end of file.
2026-01-22 20:17:25,349 [ERROR] LogOutputStream:75 - [STDERR_REDIRECT] 
2026-01-22 20:17:26,346 [ERROR] LogOutputStream:75 - [STDERR_REDIRECT] [Fatal Error] :1:1: Premature end of file.
2026-01-22 20:17:26,346 [ERROR] LogOutputStream:75 - [STDERR_REDIRECT] 
2026-01-22 20:17:27,349 [ERROR] LogOutputStream:75 - [STDERR_REDIRECT] [Fatal Error] :1:1: Premature end of file.
2026-01-22 20:17:27,350 [ERROR] LogOutputStream:75 - [STDERR_REDIRECT] 
2026-01-22 20:17:28,349 [ERROR] LogOutputStream:75 - [STDERR_REDIRECT] [Fatal Error] :1:1: Premature end of file.
2026-01-22 20:17:28,349 [ERROR] LogOutputStream:75 - [STDERR_REDIRECT] 
2026-01-22 20:17:29,343 [ERROR] LogOutputStream:75 - [STDERR_REDIRECT] [Fatal Error] :1:1: Premature end of file.
2026-01-22 20:17:29,343 [ERROR] LogOutputStream:75 - [STDERR_REDIRECT] 
2026-01-22 20:17:30,343 [ERROR] LogOutputStream:75 - [STDERR_REDIRECT] [Fatal Error] :1:1: Premature end of file.
2026-01-22 20:17:30,344 [ERROR] LogOutputStream:75 - [STDERR_REDIRECT] 
2026-01-22 20:17:31,347 [ERROR] LogOutputStream:75 - [STDERR_REDIRECT] [Fatal Error] :1:1: Premature end of file.
2026-01-22 20:17:31,348 [ERROR] LogOutputStream:75 - [STDERR_REDIRECT] 
2026-01-22 20:17:32,352 [ERROR] LogOutputStream:75 - [STDERR_REDIRECT] [Fatal Error] :1:1: Premature end of file.
2026-01-22 20:17:32,354 [ERROR] LogOutputStream:75 - [STDERR_REDIRECT] 
2026-01-22 20:17:33,361 [ERROR] LogOutputStream:75 - [STDERR_REDIRECT] [Fatal Error] :1:1: Premature end of file.
2026-01-22 20:17:33,362 [ERROR] LogOutputStream:75 - [STDERR_REDIRECT] 
2026-01-22 20:17:34,349 [ERROR] LogOutputStream:75 - [STDERR_REDIRECT] [Fatal Error] :1:1: Premature end of file.
2026-01-22 20:17:34,349 [ERROR] LogOutputStream:75 - [STDERR_REDIRECT] 
2026-01-22 20:17:35,343 [ERROR] LogOutputStream:75 - [STDERR_REDIRECT] [Fatal Error] :1:1: Premature end of file.
2026-01-22 20:17:35,344 [ERROR] LogOutputStream:75 - [STDERR_REDIRECT] 
2026-01-22 20:17:36,348 [ERROR] LogOutputStream:75 - [STDERR_REDIRECT] [Fatal Error] :1:1: Premature end of file.
2026-01-22 20:17:36,348 [ERROR] LogOutputStream:75 - [STDERR_REDIRECT] 
2026-01-22 20:17:37,351 [ERROR] LogOutputStream:75 - [STDERR_REDIRECT] [Fatal Error] :1:1: Premature end of file.
2026-01-22 20:17:37,351 [ERROR] LogOutputStream:75 - [STDERR_REDIRECT] 
2026-01-22 20:17:38,355 [ERROR] LogOutputStream:75 - [STDERR_REDIRECT] [Fatal Error] :1:1: Premature end of file.
2026-01-22 20:17:38,356 [ERROR] LogOutputStream:75 - [STDERR_REDIRECT] 
2026-01-22 20:17:39,347 [ERROR] LogOutputStream:75 - [STDERR_REDIRECT] [Fatal Error] :1:1: Premature end of file.
2026-01-22 20:17:39,347 [ERROR] LogOutputStream:75 - [STDERR_REDIRECT] 
2026-01-22 20:17:40,345 [ERROR] LogOutputStream:75 - [STDERR_REDIRECT] [Fatal Error] :1:1: Premature end of file.
2026-01-22 20:17:40,345 [ERROR] LogOutputStream:75 - [STDERR_REDIRECT] 
2026-01-22 20:17:41,347 [ERROR] LogOutputStream:75 - [STDERR_REDIRECT] [Fatal Error] :1:1: Premature end of file.
2026-01-22 20:17:41,347 [ERROR] LogOutputStream:75 - [STDERR_REDIRECT] 
2026-01-22 20:17:42,345 [ERROR] LogOutputStream:75 - [STDERR_REDIRECT] [Fatal Error] :1:1: Premature end of file.
2026-01-22 20:17:42,345 [ERROR] LogOutputStream:75 - [STDERR_REDIRECT] 
2026-01-22 20:17:43,342 [ERROR] LogOutputStream:75 - [STDERR_REDIRECT] [Fatal Error] :1:1: Premature end of file.
2026-01-22 20:17:43,343 [ERROR] LogOutputStream:75 - [STDERR_REDIRECT] 
2026-01-22 20:17:44,348 [ERROR] LogOutputStream:75 - [STDERR_REDIRECT] [Fatal Error] :1:1: Premature end of file.
2026-01-22 20:17:44,348 [ERROR] LogOutputStream:75 - [STDERR_REDIRECT] 
2026-01-22 20:17:45,344 [ERROR] LogOutputStream:75 - [STDERR_REDIRECT] [Fatal Error] :1:1: Premature end of file.
2026-01-22 20:17:45,344 [ERROR] LogOutputStream:75 - [STDERR_REDIRECT] 
2026-01-22 20:17:46,347 [ERROR] LogOutputStream:75 - [STDERR_REDIRECT] [Fatal Error] :1:1: Premature end of file.
2026-01-22 20:17:46,347 [ERROR] LogOutputStream:75 - [STDERR_REDIRECT] 
2026-01-22 20:17:47,342 [ERROR] LogOutputStream:75 - [STDERR_REDIRECT] [Fatal Error] :1:1: Premature end of file.
2026-01-22 20:17:47,343 [ERROR] LogOutputStream:75 - [STDERR_REDIRECT] 
2026-01-22 20:17:48,344 [ERROR] LogOutputStream:75 - [STDERR_REDIRECT] [Fatal Error] :1:1: Premature end of file.
2026-01-22 20:17:48,344 [ERROR] LogOutputStream:75 - [STDERR_REDIRECT] 
2026-01-22 20:17:49,362 [ERROR] LogOutputStream:75 - [STDERR_REDIRECT] [Fatal Error] :1:1: Premature end of file.
2026-01-22 20:17:49,362 [ERROR] LogOutputStream:75 - [STDERR_REDIRECT] 
2026-01-22 20:17:50,364 [ERROR] LogOutputStream:75 - [STDERR_REDIRECT] [Fatal Error] :1:1: Premature end of file.
2026-01-22 20:17:50,364 [ERROR] LogOutputStream:75 - [STDERR_REDIRECT] 
2026-01-22 20:17:51,358 [ERROR] LogOutputStream:75 - [STDERR_REDIRECT] [Fatal Error] :1:1: Premature end of file.
2026-01-22 20:17:51,358 [ERROR] LogOutputStream:75 - [STDERR_REDIRECT] 
2026-01-22 20:17:52,355 [ERROR] LogOutputStream:75 - [STDERR_REDIRECT] [Fatal Error] :1:1: Premature end of file.
2026-01-22 20:17:52,356 [ERROR] LogOutputStream:75 - [STDERR_REDIRECT] 
2026-01-22 20:17:53,352 [ERROR] LogOutputStream:75 - [STDERR_REDIRECT] [Fatal Error] :1:1: Premature end of file.
2026-01-22 20:17:53,362 [ERROR] LogOutputStream:75 - [STDERR_REDIRECT] 
2026-01-22 20:17:54,359 [ERROR] LogOutputStream:75 - [STDERR_REDIRECT] [Fatal Error] :1:1: Premature end of file.
2026-01-22 20:17:54,359 [ERROR] LogOutputStream:75 - [STDERR_REDIRECT] 
2026-01-22 20:17:55,367 [ERROR] LogOutputStream:75 - [STDERR_REDIRECT] [Fatal Error] :1:1: Premature end of file.
2026-01-22 20:17:55,367 [ERROR] LogOutputStream:75 - [STDERR_REDIRECT] 
2026-01-22 20:17:56,349 [ERROR] LogOutputStream:75 - [STDERR_REDIRECT] [Fatal Error] :1:1: Premature end of file.
2026-01-22 20:17:56,351 [ERROR] LogOutputStream:75 - [STDERR_REDIRECT] 
2026-01-22 20:17:57,360 [ERROR] LogOutputStream:75 - [STDERR_REDIRECT] [Fatal Error] :1:1: Premature end of file.
2026-01-22 20:17:57,360 [ERROR] LogOutputStream:75 - [STDERR_REDIRECT] 
2026-01-22 20:17:58,361 [ERROR] LogOutputStream:75 - [STDERR_REDIRECT] [Fatal Error] :1:1: Premature end of file.
2026-01-22 20:17:58,361 [ERROR] LogOutputStream:75 - [STDERR_REDIRECT] 
2026-01-22 20:17:59,361 [ERROR] LogOutputStream:75 - [STDERR_REDIRECT] [Fatal Error] :1:1: Premature end of file.
2026-01-22 20:17:59,361 [ERROR] LogOutputStream:75 - [STDERR_REDIRECT] 
2026-01-22 20:18:00,361 [ERROR] LogOutputStream:75 - [STDERR_REDIRECT] [Fatal Error] :1:1: Premature end of file.
2026-01-22 20:18:00,361 [ERROR] LogOutputStream:75 - [STDERR_REDIRECT] 
2026-01-22 20:18:01,360 [ERROR] LogOutputStream:75 - [STDERR_REDIRECT] [Fatal Error] :1:1: Premature end of file.
2026-01-22 20:18:01,360 [ERROR] LogOutputStream:75 - [STDERR_REDIRECT] 
2026-01-22 20:18:02,360 [ERROR] LogOutputStream:75 - [STDERR_REDIRECT] [Fatal Error] :1:1: Premature end of file.
2026-01-22 20:18:02,360 [ERROR] LogOutputStream:75 - [STDERR_REDIRECT] 
2026-01-22 20:18:03,365 [ERROR] LogOutputStream:75 - [STDERR_REDIRECT] [Fatal Error] :1:1: Premature end of file.
2026-01-22 20:18:03,365 [ERROR] LogOutputStream:75 - [STDERR_REDIRECT] 
2026-01-22 20:18:04,351 [ERROR] LogOutputStream:75 - [STDERR_REDIRECT] [Fatal Error] :1:1: Premature end of file.
2026-01-22 20:18:04,351 [ERROR] LogOutputStream:75 - [STDERR_REDIRECT] 
2026-01-22 20:18:05,355 [ERROR] LogOutputStream:75 - [STDERR_REDIRECT] [Fatal Error] :1:1: Premature end of file.
2026-01-22 20:18:05,355 [ERROR] LogOutputStream:75 - [STDERR_REDIRECT] 
2026-01-22 20:18:06,368 [ERROR] LogOutputStream:75 - [STDERR_REDIRECT] [Fatal Error] :1:1: Premature end of file.
2026-01-22 20:18:06,368 [ERROR] LogOutputStream:75 - [STDERR_REDIRECT] 
2026-01-22 20:18:07,354 [ERROR] LogOutputStream:75 - [STDERR_REDIRECT] [Fatal Error] :1:1: Premature end of file.
2026-01-22 20:18:07,355 [ERROR] LogOutputStream:75 - [STDERR_REDIRECT] 
2026-01-22 20:18:08,349 [ERROR] LogOutputStream:75 - [STDERR_REDIRECT] [Fatal Error] :1:1: Premature end of file.
2026-01-22 20:18:08,349 [ERROR] LogOutputStream:75 - [STDERR_REDIRECT] 
2026-01-22 20:18:09,347 [ERROR] LogOutputStream:75 - [STDERR_REDIRECT] [Fatal Error] :1:1: Premature end of file.
2026-01-22 20:18:09,347 [ERROR] LogOutputStream:75 - [STDERR_REDIRECT] 
2026-01-22 20:18:10,350 [ERROR] LogOutputStream:75 - [STDERR_REDIRECT] [Fatal Error] :1:1: Premature end of file.
2026-01-22 20:18:10,350 [ERROR] LogOutputStream:75 - [STDERR_REDIRECT] 
2026-01-22 20:18:11,370 [ERROR] LogOutputStream:75 - [STDERR_REDIRECT] [Fatal Error] :1:1: Premature end of file.
2026-01-22 20:18:11,371 [ERROR] LogOutputStream:75 - [STDERR_REDIRECT] 
2026-01-22 20:18:12,353 [ERROR] LogOutputStream:75 - [STDERR_REDIRECT] [Fatal Error] :1:1: Premature end of file.
2026-01-22 20:18:12,353 [ERROR] LogOutputStream:75 - [STDERR_REDIRECT] 
2026-01-22 20:18:13,351 [ERROR] LogOutputStream:75 - [STDERR_REDIRECT] [Fatal Error] :1:1: Premature end of file.
2026-01-22 20:18:13,351 [ERROR] LogOutputStream:75 - [STDERR_REDIRECT] 
2026-01-22 20:18:14,355 [ERROR] LogOutputStream:75 - [STDERR_REDIRECT] [Fatal Error] :1:1: Premature end of file.
2026-01-22 20:18:14,355 [ERROR] LogOutputStream:75 - [STDERR_REDIRECT] 
2026-01-22 20:18:15,355 [ERROR] LogOutputStream:75 - [STDERR_REDIRECT] [Fatal Error] :1:1: Premature end of file.
2026-01-22 20:18:15,356 [ERROR] LogOutputStream:75 - [STDERR_REDIRECT] 
2026-01-22 20:18:16,349 [ERROR] LogOutputStream:75 - [STDERR_REDIRECT] [Fatal Error] :1:1: Premature end of file.
2026-01-22 20:18:16,349 [ERROR] LogOutputStream:75 - [STDERR_REDIRECT] 
2026-01-22 20:18:17,357 [ERROR] LogOutputStream:75 - [STDERR_REDIRECT] [Fatal Error] :1:1: Premature end of file.
2026-01-22 20:18:17,357 [ERROR] LogOutputStream:75 - [STDERR_REDIRECT] 
2026-01-22 20:18:18,358 [ERROR] LogOutputStream:75 - [STDERR_REDIRECT] [Fatal Error] :1:1: Premature end of file.
2026-01-22 20:18:18,358 [ERROR] LogOutputStream:75 - [STDERR_REDIRECT] 
2026-01-22 20:18:19,343 [ERROR] LogOutputStream:75 - [STDERR_REDIRECT] [Fatal Error] :1:1: Premature end of file.
2026-01-22 20:18:19,343 [ERROR] LogOutputStream:75 - [STDERR_REDIRECT] 
2026-01-22 20:18:20,344 [ERROR] LogOutputStream:75 - [STDERR_REDIRECT] [Fatal Error] :1:1: Premature end of file.
2026-01-22 20:18:20,344 [ERROR] LogOutputStream:75 - [STDERR_REDIRECT] 
2026-01-22 20:18:21,357 [ERROR] LogOutputStream:75 - [STDERR_REDIRECT] [Fatal Error] :1:1: Premature end of file.
2026-01-22 20:18:21,357 [ERROR] LogOutputStream:75 - [STDERR_REDIRECT] 
2026-01-22 20:18:22,357 [ERROR] LogOutputStream:75 - [STDERR_REDIRECT] [Fatal Error] :1:1: Premature end of file.
2026-01-22 20:18:22,358 [ERROR] LogOutputStream:75 - [STDERR_REDIRECT] 
2026-01-22 20:18:23,341 [ERROR] LogOutputStream:75 - [STDERR_REDIRECT] [Fatal Error] :1:1: Premature end of file.
2026-01-22 20:18:23,341 [ERROR] LogOutputStream:75 - [STDERR_REDIRECT] 
2026-01-22 20:18:24,354 [ERROR] LogOutputStream:75 - [STDERR_REDIRECT] [Fatal Error] :1:1: Premature end of file.
2026-01-22 20:18:24,354 [ERROR] LogOutputStream:75 - [STDERR_REDIRECT] 
2026-01-22 20:18:25,369 [ERROR] LogOutputStream:75 - [STDERR_REDIRECT] [Fatal Error] :1:1: Premature end of file.
2026-01-22 20:18:25,369 [ERROR] LogOutputStream:75 - [STDERR_REDIRECT] 
2026-01-22 20:18:26,361 [ERROR] LogOutputStream:75 - [STDERR_REDIRECT] [Fatal Error] :1:1: Premature end of file.
2026-01-22 20:18:26,361 [ERROR] LogOutputStream:75 - [STDERR_REDIRECT] 
2026-01-22 20:18:27,369 [ERROR] LogOutputStream:75 - [STDERR_REDIRECT] [Fatal Error] :1:1: Premature end of file.
2026-01-22 20:18:27,370 [ERROR] LogOutputStream:75 - [STDERR_REDIRECT] 
2026-01-22 20:18:28,360 [ERROR] LogOutputStream:75 - [STDERR_REDIRECT] [Fatal Error] :1:1: Premature end of file.
2026-01-22 20:18:28,360 [ERROR] LogOutputStream:75 - [STDERR_REDIRECT] 
2026-01-22 20:18:29,354 [ERROR] LogOutputStream:75 - [STDERR_REDIRECT] [Fatal Error] :1:1: Premature end of file.
2026-01-22 20:18:29,354 [ERROR] LogOutputStream:75 - [STDERR_REDIRECT] 
2026-01-22 20:18:30,377 [ERROR] LogOutputStream:75 - [STDERR_REDIRECT] [Fatal Error] :1:1: Premature end of file.
2026-01-22 20:18:30,378 [ERROR] LogOutputStream:75 - [STDERR_REDIRECT] 
2026-01-22 20:18:31,367 [ERROR] LogOutputStream:75 - [STDERR_REDIRECT] [Fatal Error] :1:1: Premature end of file.
2026-01-22 20:18:31,368 [ERROR] LogOutputStream:75 - [STDERR_REDIRECT] 
2026-01-22 20:18:32,359 [ERROR] LogOutputStream:75 - [STDERR_REDIRECT] [Fatal Error] :1:1: Premature end of file.
2026-01-22 20:18:32,359 [ERROR] LogOutputStream:75 - [STDERR_REDIRECT] 
2026-01-22 20:18:33,376 [ERROR] LogOutputStream:75 - [STDERR_REDIRECT] [Fatal Error] :1:1: Premature end of file.
2026-01-22 20:18:33,376 [ERROR] LogOutputStream:75 - [STDERR_REDIRECT] 
2026-01-22 20:18:34,365 [ERROR] LogOutputStream:75 - [STDERR_REDIRECT] [Fatal Error] :1:1: Premature end of file.
2026-01-22 20:18:34,365 [ERROR] LogOutputStream:75 - [STDERR_REDIRECT] 
2026-01-22 20:18:35,362 [ERROR] LogOutputStream:75 - [STDERR_REDIRECT] [Fatal Error] :1:1: Premature end of file.
2026-01-22 20:18:35,362 [ERROR] LogOutputStream:75 - [STDERR_REDIRECT] 
2026-01-22 20:18:36,356 [ERROR] LogOutputStream:75 - [STDERR_REDIRECT] [Fatal Error] :1:1: Premature end of file.
2026-01-22 20:18:36,356 [ERROR] LogOutputStream:75 - [STDERR_REDIRECT] 
2026-01-22 20:18:37,358 [ERROR] LogOutputStream:75 - [STDERR_REDIRECT] [Fatal Error] :1:1: Premature end of file.
2026-01-22 20:18:37,358 [ERROR] LogOutputStream:75 - [STDERR_REDIRECT] 
2026-01-22 20:18:38,367 [ERROR] LogOutputStream:75 - [STDERR_REDIRECT] [Fatal Error] :1:1: Premature end of file.
2026-01-22 20:18:38,367 [ERROR] LogOutputStream:75 - [STDERR_REDIRECT] 
2026-01-22 20:18:39,357 [ERROR] LogOutputStream:75 - [STDERR_REDIRECT] [Fatal Error] :1:1: Premature end of file.
2026-01-22 20:18:39,357 [ERROR] LogOutputStream:75 - [STDERR_REDIRECT] 
2026-01-22 20:18:40,345 [ERROR] LogOutputStream:75 - [STDERR_REDIRECT] [Fatal Error] :1:1: Premature end of file.
2026-01-22 20:18:40,353 [ERROR] LogOutputStream:75 - [STDERR_REDIRECT] 
2026-01-22 20:18:41,364 [ERROR] LogOutputStream:75 - [STDERR_REDIRECT] [Fatal Error] :1:1: Premature end of file.
2026-01-22 20:18:41,364 [ERROR] LogOutputStream:75 - [STDERR_REDIRECT] 
2026-01-22 20:18:42,360 [ERROR] LogOutputStream:75 - [STDERR_REDIRECT] [Fatal Error] :1:1: Premature end of file.
2026-01-22 20:18:42,360 [ERROR] LogOutputStream:75 - [STDERR_REDIRECT] 
2026-01-22 20:18:43,353 [ERROR] LogOutputStream:75 - [STDERR_REDIRECT] [Fatal Error] :1:1: Premature end of file.
2026-01-22 20:18:43,355 [ERROR] LogOutputStream:75 - [STDERR_REDIRECT] 
2026-01-22 20:18:44,355 [ERROR] LogOutputStream:75 - [STDERR_REDIRECT] [Fatal Error] :1:1: Premature end of file.
2026-01-22 20:18:44,355 [ERROR] LogOutputStream:75 - [STDERR_REDIRECT] 
2026-01-22 20:18:45,341 [ERROR] LogOutputStream:75 - [STDERR_REDIRECT] [Fatal Error] :1:1: Premature end of file.
2026-01-22 20:18:45,341 [ERROR] LogOutputStream:75 - [STDERR_REDIRECT] 
2026-01-22 20:18:46,368 [ERROR] LogOutputStream:75 - [STDERR_REDIRECT] [Fatal Error] :1:1: Premature end of file.
2026-01-22 20:18:46,368 [ERROR] LogOutputStream:75 - [STDERR_REDIRECT] 
2026-01-22 20:18:47,354 [ERROR] LogOutputStream:75 - [STDERR_REDIRECT] [Fatal Error] :1:1: Premature end of file.
2026-01-22 20:18:47,354 [ERROR] LogOutputStream:75 - [STDERR_REDIRECT] 
2026-01-22 20:18:48,354 [ERROR] LogOutputStream:75 - [STDERR_REDIRECT] [Fatal Error] :1:1: Premature end of file.
2026-01-22 20:18:48,354 [ERROR] LogOutputStream:75 - [STDERR_REDIRECT] 
2026-01-22 20:18:49,360 [ERROR] LogOutputStream:75 - [STDERR_REDIRECT] [Fatal Error] :1:1: Premature end of file.
2026-01-22 20:18:49,360 [ERROR] LogOutputStream:75 - [STDERR_REDIRECT] 
2026-01-22 20:18:50,343 [ERROR] LogOutputStream:75 - [STDERR_REDIRECT] [Fatal Error] :1:1: Premature end of file.
2026-01-22 20:18:50,349 [ERROR] LogOutputStream:75 - [STDERR_REDIRECT] 
2026-01-22 20:18:51,358 [ERROR] LogOutputStream:75 - [STDERR_REDIRECT] [Fatal Error] :1:1: Premature end of file.
2026-01-22 20:18:51,358 [ERROR] LogOutputStream:75 - [STDERR_REDIRECT] 
2026-01-22 20:18:52,365 [ERROR] LogOutputStream:75 - [STDERR_REDIRECT] [Fatal Error] :1:1: Premature end of file.
2026-01-22 20:18:52,365 [ERROR] LogOutputStream:75 - [STDERR_REDIRECT] 
2026-01-22 20:18:53,359 [ERROR] LogOutputStream:75 - [STDERR_REDIRECT] [Fatal Error] :1:1: Premature end of file.
2026-01-22 20:18:53,359 [ERROR] LogOutputStream:75 - [STDERR_REDIRECT] 
2026-01-22 20:18:54,342 [ERROR] LogOutputStream:75 - [STDERR_REDIRECT] [Fatal Error] :1:1: Premature end of file.
2026-01-22 20:18:54,342 [ERROR] LogOutputStream:75 - [STDERR_REDIRECT] 
2026-01-22 20:18:55,350 [ERROR] LogOutputStream:75 - [STDERR_REDIRECT] [Fatal Error] :1:1: Premature end of file.
2026-01-22 20:18:55,350 [ERROR] LogOutputStream:75 - [STDERR_REDIRECT] 
2026-01-22 20:18:56,340 [ERROR] LogOutputStream:75 - [STDERR_REDIRECT] [Fatal Error] :1:1: Premature end of file.
2026-01-22 20:18:56,340 [ERROR] LogOutputStream:75 - [STDERR_REDIRECT] 
2026-01-22 20:18:57,350 [ERROR] LogOutputStream:75 - [STDERR_REDIRECT] [Fatal Error] :1:1: Premature end of file.
2026-01-22 20:18:57,350 [ERROR] LogOutputStream:75 - [STDERR_REDIRECT] 
2026-01-22 20:18:58,337 [ERROR] LogOutputStream:75 - [STDERR_REDIRECT] [Fatal Error] :1:1: Premature end of file.
2026-01-22 20:18:58,351 [ERROR] LogOutputStream:75 - [STDERR_REDIRECT] 
2026-01-22 20:18:59,365 [ERROR] LogOutputStream:75 - [STDERR_REDIRECT] [Fatal Error] :1:1: Premature end of file.
2026-01-22 20:18:59,365 [ERROR] LogOutputStream:75 - [STDERR_REDIRECT] 
2026-01-22 20:19:00,359 [ERROR] LogOutputStream:75 - [STDERR_REDIRECT] [Fatal Error] :1:1: Premature end of file.
2026-01-22 20:19:00,359 [ERROR] LogOutputStream:75 - [STDERR_REDIRECT] 
2026-01-22 20:19:01,357 [ERROR] LogOutputStream:75 - [STDERR_REDIRECT] [Fatal Error] :1:1: Premature end of file.
2026-01-22 20:19:01,360 [ERROR] LogOutputStream:75 - [STDERR_REDIRECT] 
2026-01-22 20:19:02,345 [ERROR] LogOutputStream:75 - [STDERR_REDIRECT] [Fatal Error] :1:1: Premature end of file.
2026-01-22 20:19:02,346 [ERROR] LogOutputStream:75 - [STDERR_REDIRECT] 
2026-01-22 20:19:03,352 [ERROR] LogOutputStream:75 - [STDERR_REDIRECT] [Fatal Error] :1:1: Premature end of file.
2026-01-22 20:19:03,354 [ERROR] LogOutputStream:75 - [STDERR_REDIRECT] 
2026-01-22 20:19:04,353 [ERROR] LogOutputStream:75 - [STDERR_REDIRECT] [Fatal Error] :1:1: Premature end of file.
2026-01-22 20:19:04,353 [ERROR] LogOutputStream:75 - [STDERR_REDIRECT] 
2026-01-22 20:19:05,356 [ERROR] LogOutputStream:75 - [STDERR_REDIRECT] [Fatal Error] :1:1: Premature end of file.
2026-01-22 20:19:05,356 [ERROR] LogOutputStream:75 - [STDERR_REDIRECT] 
2026-01-22 20:19:06,356 [ERROR] LogOutputStream:75 - [STDERR_REDIRECT] [Fatal Error] :1:1: Premature end of file.
2026-01-22 20:19:06,356 [ERROR] LogOutputStream:75 - [STDERR_REDIRECT] 
2026-01-22 20:19:07,355 [ERROR] LogOutputStream:75 - [STDERR_REDIRECT] [Fatal Error] :1:1: Premature end of file.
2026-01-22 20:19:07,355 [ERROR] LogOutputStream:75 - [STDERR_REDIRECT] 
2026-01-22 20:19:08,341 [ERROR] LogOutputStream:75 - [STDERR_REDIRECT] [Fatal Error] :1:1: Premature end of file.
2026-01-22 20:19:08,345 [ERROR] LogOutputStream:75 - [STDERR_REDIRECT] 
2026-01-22 20:19:09,348 [ERROR] LogOutputStream:75 - [STDERR_REDIRECT] [Fatal Error] :1:1: Premature end of file.
2026-01-22 20:19:09,348 [ERROR] LogOutputStream:75 - [STDERR_REDIRECT] 
2026-01-22 20:19:10,359 [ERROR] LogOutputStream:75 - [STDERR_REDIRECT] [Fatal Error] :1:1: Premature end of file.
2026-01-22 20:19:10,360 [ERROR] LogOutputStream:75 - [STDERR_REDIRECT] 
2026-01-22 20:19:11,350 [ERROR] LogOutputStream:75 - [STDERR_REDIRECT] [Fatal Error] :1:1: Premature end of file.
2026-01-22 20:19:11,350 [ERROR] LogOutputStream:75 - [STDERR_REDIRECT] 
2026-01-22 20:19:12,343 [ERROR] LogOutputStream:75 - [STDERR_REDIRECT] [Fatal Error] :1:1: Premature end of file.
2026-01-22 20:19:12,343 [ERROR] LogOutputStream:75 - [STDERR_REDIRECT] 
2026-01-22 20:19:13,347 [ERROR] LogOutputStream:75 - [STDERR_REDIRECT] [Fatal Error] :1:1: Premature end of file.
2026-01-22 20:19:13,347 [ERROR] LogOutputStream:75 - [STDERR_REDIRECT] 
2026-01-22 20:19:14,350 [ERROR] LogOutputStream:75 - [STDERR_REDIRECT] [Fatal Error] :1:1: Premature end of file.
2026-01-22 20:19:14,350 [ERROR] LogOutputStream:75 - [STDERR_REDIRECT] 
2026-01-22 20:19:15,349 [ERROR] LogOutputStream:75 - [STDERR_REDIRECT] [Fatal Error] :1:1: Premature end of file.
2026-01-22 20:19:15,349 [ERROR] LogOutputStream:75 - [STDERR_REDIRECT] 
2026-01-22 20:19:16,352 [ERROR] LogOutputStream:75 - [STDERR_REDIRECT] [Fatal Error] :1:1: Premature end of file.
2026-01-22 20:19:16,352 [ERROR] LogOutputStream:75 - [STDERR_REDIRECT] 
2026-01-22 20:19:17,349 [ERROR] LogOutputStream:75 - [STDERR_REDIRECT] [Fatal Error] :1:1: Premature end of file.
2026-01-22 20:19:17,349 [ERROR] LogOutputStream:75 - [STDERR_REDIRECT] 
2026-01-22 20:19:18,344 [ERROR] LogOutputStream:75 - [STDERR_REDIRECT] [Fatal Error] :1:1: Premature end of file.
2026-01-22 20:19:18,346 [ERROR] LogOutputStream:75 - [STDERR_REDIRECT] 
2026-01-22 20:19:19,350 [ERROR] LogOutputStream:75 - [STDERR_REDIRECT] [Fatal Error] :1:1: Premature end of file.
2026-01-22 20:19:19,350 [ERROR] LogOutputStream:75 - [STDERR_REDIRECT] 
2026-01-22 20:19:20,338 [ERROR] LogOutputStream:75 - [STDERR_REDIRECT] [Fatal Error] :1:1: Premature end of file.
2026-01-22 20:19:20,338 [ERROR] LogOutputStream:75 - [STDERR_REDIRECT] 
2026-01-22 20:19:21,338 [ERROR] LogOutputStream:75 - [STDERR_REDIRECT] [Fatal Error] :1:1: Premature end of file.
2026-01-22 20:19:21,338 [ERROR] LogOutputStream:75 - [STDERR_REDIRECT] 
2026-01-22 20:19:22,350 [ERROR] LogOutputStream:75 - [STDERR_REDIRECT] [Fatal Error] :1:1: Premature end of file.
2026-01-22 20:19:22,351 [ERROR] LogOutputStream:75 - [STDERR_REDIRECT] 
2026-01-22 20:19:23,360 [ERROR] LogOutputStream:75 - [STDERR_REDIRECT] [Fatal Error] :1:1: Premature end of file.
2026-01-22 20:19:23,360 [ERROR] LogOutputStream:75 - [STDERR_REDIRECT] 
2026-01-22 20:19:24,366 [ERROR] LogOutputStream:75 - [STDERR_REDIRECT] [Fatal Error] :1:1: Premature end of file.
2026-01-22 20:19:24,366 [ERROR] LogOutputStream:75 - [STDERR_REDIRECT] 
2026-01-22 20:19:25,353 [ERROR] LogOutputStream:75 - [STDERR_REDIRECT] [Fatal Error] :1:1: Premature end of file.
2026-01-22 20:19:25,354 [ERROR] LogOutputStream:75 - [STDERR_REDIRECT] 
2026-01-22 20:19:26,352 [ERROR] LogOutputStream:75 - [STDERR_REDIRECT] [Fatal Error] :1:1: Premature end of file.
2026-01-22 20:19:26,353 [ERROR] LogOutputStream:75 - [STDERR_REDIRECT] 
2026-01-22 20:19:27,350 [ERROR] LogOutputStream:75 - [STDERR_REDIRECT] [Fatal Error] :1:1: Premature end of file.
2026-01-22 20:19:27,350 [ERROR] LogOutputStream:75 - [STDERR_REDIRECT] 
2026-01-22 20:19:28,350 [ERROR] LogOutputStream:75 - [STDERR_REDIRECT] [Fatal Error] :1:1: Premature end of file.
2026-01-22 20:19:28,350 [ERROR] LogOutputStream:75 - [STDERR_REDIRECT] 
2026-01-22 20:19:29,355 [ERROR] LogOutputStream:75 - [STDERR_REDIRECT] [Fatal Error] :1:1: Premature end of file.
2026-01-22 20:19:29,355 [ERROR] LogOutputStream:75 - [STDERR_REDIRECT] 
2026-01-22 20:19:30,342 [ERROR] LogOutputStream:75 - [STDERR_REDIRECT] [Fatal Error] :1:1: Premature end of file.
2026-01-22 20:19:30,342 [ERROR] LogOutputStream:75 - [STDERR_REDIRECT] 
2026-01-22 20:19:31,361 [ERROR] LogOutputStream:75 - [STDERR_REDIRECT] [Fatal Error] :1:1: Premature end of file.
2026-01-22 20:19:31,361 [ERROR] LogOutputStream:75 - [STDERR_REDIRECT] 
2026-01-22 20:19:32,331 [ERROR] LogOutputStream:75 - [STDERR_REDIRECT] [Fatal Error] :1:1: Premature end of file.
2026-01-22 20:19:32,331 [ERROR] LogOutputStream:75 - [STDERR_REDIRECT] 
2026-01-22 20:19:33,356 [ERROR] LogOutputStream:75 - [STDERR_REDIRECT] [Fatal Error] :1:1: Premature end of file.
2026-01-22 20:19:33,356 [ERROR] LogOutputStream:75 - [STDERR_REDIRECT] 
2026-01-22 20:19:34,359 [ERROR] LogOutputStream:75 - [STDERR_REDIRECT] [Fatal Error] :1:1: Premature end of file.
2026-01-22 20:19:34,359 [ERROR] LogOutputStream:75 - [STDERR_REDIRECT] 
2026-01-22 20:19:35,364 [ERROR] LogOutputStream:75 - [STDERR_REDIRECT] [Fatal Error] :1:1: Premature end of file.
2026-01-22 20:19:35,364 [ERROR] LogOutputStream:75 - [STDERR_REDIRECT] 
2026-01-22 20:19:36,351 [ERROR] LogOutputStream:75 - [STDERR_REDIRECT] [Fatal Error] :1:1: Premature end of file.
2026-01-22 20:19:36,351 [ERROR] LogOutputStream:75 - [STDERR_REDIRECT] 
2026-01-22 20:19:37,357 [ERROR] LogOutputStream:75 - [STDERR_REDIRECT] [Fatal Error] :1:1: Premature end of file.
2026-01-22 20:19:37,357 [ERROR] LogOutputStream:75 - [STDERR_REDIRECT] 
2026-01-22 20:19:38,346 [ERROR] LogOutputStream:75 - [STDERR_REDIRECT] [Fatal Error] :1:1: Premature end of file.
2026-01-22 20:19:38,347 [ERROR] LogOutputStream:75 - [STDERR_REDIRECT] 
2026-01-22 20:19:39,335 [ERROR] LogOutputStream:75 - [STDERR_REDIRECT] [Fatal Error] :1:1: Premature end of file.
2026-01-22 20:19:39,335 [ERROR] LogOutputStream:75 - [STDERR_REDIRECT] 
2026-01-22 20:19:40,344 [ERROR] LogOutputStream:75 - [STDERR_REDIRECT] [Fatal Error] :1:1: Premature end of file.
2026-01-22 20:19:40,345 [ERROR] LogOutputStream:75 - [STDERR_REDIRECT] 
2026-01-22 20:19:41,345 [ERROR] LogOutputStream:75 - [STDERR_REDIRECT] [Fatal Error] :1:1: Premature end of file.
2026-01-22 20:19:41,346 [ERROR] LogOutputStream:75 - [STDERR_REDIRECT] 
2026-01-22 20:19:42,367 [ERROR] LogOutputStream:75 - [STDERR_REDIRECT] [Fatal Error] :1:1: Premature end of file.
2026-01-22 20:19:42,367 [ERROR] LogOutputStream:75 - [STDERR_REDIRECT] 
2026-01-22 20:19:43,365 [ERROR] LogOutputStream:75 - [STDERR_REDIRECT] [Fatal Error] :1:1: Premature end of file.
2026-01-22 20:19:43,365 [ERROR] LogOutputStream:75 - [STDERR_REDIRECT] 
2026-01-22 20:19:44,347 [ERROR] LogOutputStream:75 - [STDERR_REDIRECT] [Fatal Error] :1:1: Premature end of file.
2026-01-22 20:19:44,347 [ERROR] LogOutputStream:75 - [STDERR_REDIRECT] 
2026-01-22 20:19:45,349 [ERROR] LogOutputStream:75 - [STDERR_REDIRECT] [Fatal Error] :1:1: Premature end of file.
2026-01-22 20:19:45,349 [ERROR] LogOutputStream:75 - [STDERR_REDIRECT] 
2026-01-22 20:19:46,360 [ERROR] LogOutputStream:75 - [STDERR_REDIRECT] [Fatal Error] :1:1: Premature end of file.
2026-01-22 20:19:46,360 [ERROR] LogOutputStream:75 - [STDERR_REDIRECT] 
2026-01-22 20:19:47,353 [ERROR] LogOutputStream:75 - [STDERR_REDIRECT] [Fatal Error] :1:1: Premature end of file.
2026-01-22 20:19:47,354 [ERROR] LogOutputStream:75 - [STDERR_REDIRECT] 
2026-01-22 20:19:48,356 [ERROR] LogOutputStream:75 - [STDERR_REDIRECT] [Fatal Error] :1:1: Premature end of file.
2026-01-22 20:19:48,356 [ERROR] LogOutputStream:75 - [STDERR_REDIRECT] 
2026-01-22 20:19:49,352 [ERROR] LogOutputStream:75 - [STDERR_REDIRECT] [Fatal Error] :1:1: Premature end of file.
2026-01-22 20:19:49,352 [ERROR] LogOutputStream:75 - [STDERR_REDIRECT] 
2026-01-22 20:19:50,346 [ERROR] LogOutputStream:75 - [STDERR_REDIRECT] [Fatal Error] :1:1: Premature end of file.
2026-01-22 20:19:50,346 [ERROR] LogOutputStream:75 - [STDERR_REDIRECT] 
2026-01-22 20:19:51,363 [ERROR] LogOutputStream:75 - [STDERR_REDIRECT] [Fatal Error] :1:1: Premature end of file.
2026-01-22 20:19:51,363 [ERROR] LogOutputStream:75 - [STDERR_REDIRECT] 
2026-01-22 20:19:52,357 [ERROR] LogOutputStream:75 - [STDERR_REDIRECT] [Fatal Error] :1:1: Premature end of file.
2026-01-22 20:19:52,357 [ERROR] LogOutputStream:75 - [STDERR_REDIRECT] 
2026-01-22 20:19:53,354 [ERROR] LogOutputStream:75 - [STDERR_REDIRECT] [Fatal Error] :1:1: Premature end of file.
2026-01-22 20:19:53,354 [ERROR] LogOutputStream:75 - [STDERR_REDIRECT] 
2026-01-22 20:19:54,352 [ERROR] LogOutputStream:75 - [STDERR_REDIRECT] [Fatal Error] :1:1: Premature end of file.
2026-01-22 20:19:54,357 [ERROR] LogOutputStream:75 - [STDERR_REDIRECT] 
2026-01-22 20:19:55,351 [ERROR] LogOutputStream:75 - [STDERR_REDIRECT] [Fatal Error] :1:1: Premature end of file.
2026-01-22 20:19:55,351 [ERROR] LogOutputStream:75 - [STDERR_REDIRECT] 
2026-01-22 20:19:56,341 [ERROR] LogOutputStream:75 - [STDERR_REDIRECT] [Fatal Error] :1:1: Premature end of file.
2026-01-22 20:19:56,341 [ERROR] LogOutputStream:75 - [STDERR_REDIRECT] 
2026-01-22 20:19:57,363 [ERROR] LogOutputStream:75 - [STDERR_REDIRECT] [Fatal Error] :1:1: Premature end of file.
2026-01-22 20:19:57,363 [ERROR] LogOutputStream:75 - [STDERR_REDIRECT] 
2026-01-22 20:19:58,362 [ERROR] LogOutputStream:75 - [STDERR_REDIRECT] [Fatal Error] :1:1: Premature end of file.
2026-01-22 20:19:58,362 [ERROR] LogOutputStream:75 - [STDERR_REDIRECT] 
2026-01-22 20:19:59,349 [ERROR] LogOutputStream:75 - [STDERR_REDIRECT] [Fatal Error] :1:1: Premature end of file.
2026-01-22 20:19:59,349 [ERROR] LogOutputStream:75 - [STDERR_REDIRECT] 
2026-01-22 20:20:00,361 [ERROR] LogOutputStream:75 - [STDERR_REDIRECT] [Fatal Error] :1:1: Premature end of file.
2026-01-22 20:20:00,361 [ERROR] LogOutputStream:75 - [STDERR_REDIRECT] 
2026-01-22 20:20:01,349 [ERROR] LogOutputStream:75 - [STDERR_REDIRECT] [Fatal Error] :1:1: Premature end of file.
2026-01-22 20:20:01,349 [ERROR] LogOutputStream:75 - [STDERR_REDIRECT] 
2026-01-22 20:20:02,361 [ERROR] LogOutputStream:75 - [STDERR_REDIRECT] [Fatal Error] :1:1: Premature end of file.
2026-01-22 20:20:02,361 [ERROR] LogOutputStream:75 - [STDERR_REDIRECT] 
2026-01-22 20:20:03,363 [ERROR] LogOutputStream:75 - [STDERR_REDIRECT] [Fatal Error] :1:1: Premature end of file.
2026-01-22 20:20:03,363 [ERROR] LogOutputStream:75 - [STDERR_REDIRECT] 
2026-01-22 20:20:04,355 [ERROR] LogOutputStream:75 - [STDERR_REDIRECT] [Fatal Error] :1:1: Premature end of file.
2026-01-22 20:20:04,355 [ERROR] LogOutputStream:75 - [STDERR_REDIRECT] 
2026-01-22 20:20:05,348 [ERROR] LogOutputStream:75 - [STDERR_REDIRECT] [Fatal Error] :1:1: Premature end of file.
2026-01-22 20:20:05,348 [ERROR] LogOutputStream:75 - [STDERR_REDIRECT] 
2026-01-22 20:20:06,369 [ERROR] LogOutputStream:75 - [STDERR_REDIRECT] [Fatal Error] :1:1: Premature end of file.
2026-01-22 20:20:06,369 [ERROR] LogOutputStream:75 - [STDERR_REDIRECT] 
2026-01-22 20:20:07,366 [ERROR] LogOutputStream:75 - [STDERR_REDIRECT] [Fatal Error] :1:1: Premature end of file.
2026-01-22 20:20:07,366 [ERROR] LogOutputStream:75 - [STDERR_REDIRECT] 
2026-01-22 20:20:08,372 [ERROR] LogOutputStream:75 - [STDERR_REDIRECT] [Fatal Error] :1:1: Premature end of file.
2026-01-22 20:20:08,372 [ERROR] LogOutputStream:75 - [STDERR_REDIRECT] 
2026-01-22 20:20:09,358 [ERROR] LogOutputStream:75 - [STDERR_REDIRECT] [Fatal Error] :1:1: Premature end of file.
2026-01-22 20:20:09,358 [ERROR] LogOutputStream:75 - [STDERR_REDIRECT] 
2026-01-22 20:20:10,367 [ERROR] LogOutputStream:75 - [STDERR_REDIRECT] [Fatal Error] :1:1: Premature end of file.
2026-01-22 20:20:10,367 [ERROR] LogOutputStream:75 - [STDERR_REDIRECT] 
2026-01-22 20:20:11,359 [ERROR] LogOutputStream:75 - [STDERR_REDIRECT] [Fatal Error] :1:1: Premature end of file.
2026-01-22 20:20:11,359 [ERROR] LogOutputStream:75 - [STDERR_REDIRECT] 
2026-01-22 20:20:12,359 [ERROR] LogOutputStream:75 - [STDERR_REDIRECT] [Fatal Error] :1:1: Premature end of file.
2026-01-22 20:20:12,359 [ERROR] LogOutputStream:75 - [STDERR_REDIRECT] 
2026-01-22 20:20:13,355 [ERROR] LogOutputStream:75 - [STDERR_REDIRECT] [Fatal Error] :1:1: Premature end of file.
2026-01-22 20:20:13,355 [ERROR] LogOutputStream:75 - [STDERR_REDIRECT] 
2026-01-22 20:20:14,351 [ERROR] LogOutputStream:75 - [STDERR_REDIRECT] [Fatal Error] :1:1: Premature end of file.
2026-01-22 20:20:14,351 [ERROR] LogOutputStream:75 - [STDERR_REDIRECT] 
2026-01-22 20:20:15,356 [ERROR] LogOutputStream:75 - [STDERR_REDIRECT] [Fatal Error] :1:1: Premature end of file.
2026-01-22 20:20:15,356 [ERROR] LogOutputStream:75 - [STDERR_REDIRECT] 
2026-01-22 20:20:16,355 [ERROR] LogOutputStream:75 - [STDERR_REDIRECT] [Fatal Error] :1:1: Premature end of file.
2026-01-22 20:20:16,355 [ERROR] LogOutputStream:75 - [STDERR_REDIRECT] 
2026-01-22 20:20:17,362 [ERROR] LogOutputStream:75 - [STDERR_REDIRECT] [Fatal Error] :1:1: Premature end of file.
2026-01-22 20:20:17,362 [ERROR] LogOutputStream:75 - [STDERR_REDIRECT] 
2026-01-22 20:20:18,358 [ERROR] LogOutputStream:75 - [STDERR_REDIRECT] [Fatal Error] :1:1: Premature end of file.
2026-01-22 20:20:18,358 [ERROR] LogOutputStream:75 - [STDERR_REDIRECT] 
2026-01-22 20:20:19,347 [ERROR] LogOutputStream:75 - [STDERR_REDIRECT] [Fatal Error] :1:1: Premature end of file.
2026-01-22 20:20:19,347 [ERROR] LogOutputStream:75 - [STDERR_REDIRECT] 
2026-01-22 20:20:20,347 [ERROR] LogOutputStream:75 - [STDERR_REDIRECT] [Fatal Error] :1:1: Premature end of file.
2026-01-22 20:20:20,347 [ERROR] LogOutputStream:75 - [STDERR_REDIRECT] 
2026-01-22 20:20:21,351 [ERROR] LogOutputStream:75 - [STDERR_REDIRECT] [Fatal Error] :1:1: Premature end of file.
2026-01-22 20:20:21,351 [ERROR] LogOutputStream:75 - [STDERR_REDIRECT] 
2026-01-22 20:20:22,344 [ERROR] LogOutputStream:75 - [STDERR_REDIRECT] [Fatal Error] :1:1: Premature end of file.
2026-01-22 20:20:22,344 [ERROR] LogOutputStream:75 - [STDERR_REDIRECT] 
2026-01-22 20:20:23,382 [ERROR] LogOutputStream:75 - [STDERR_REDIRECT] [Fatal Error] :1:1: Premature end of file.
2026-01-22 20:20:23,382 [ERROR] LogOutputStream:75 - [STDERR_REDIRECT] 
2026-01-22 20:20:24,368 [ERROR] LogOutputStream:75 - [STDERR_REDIRECT] [Fatal Error] :1:1: Premature end of file.
2026-01-22 20:20:24,368 [ERROR] LogOutputStream:75 - [STDERR_REDIRECT] 
2026-01-22 20:20:25,356 [ERROR] LogOutputStream:75 - [STDERR_REDIRECT] [Fatal Error] :1:1: Premature end of file.
2026-01-22 20:20:25,356 [ERROR] LogOutputStream:75 - [STDERR_REDIRECT] 
2026-01-22 20:20:26,360 [ERROR] LogOutputStream:75 - [STDERR_REDIRECT] [Fatal Error] :1:1: Premature end of file.
2026-01-22 20:20:26,360 [ERROR] LogOutputStream:75 - [STDERR_REDIRECT] 
2026-01-22 20:20:27,360 [ERROR] LogOutputStream:75 - [STDERR_REDIRECT] [Fatal Error] :1:1: Premature end of file.
2026-01-22 20:20:27,360 [ERROR] LogOutputStream:75 - [STDERR_REDIRECT] 
2026-01-22 20:20:28,352 [ERROR] LogOutputStream:75 - [STDERR_REDIRECT] [Fatal Error] :1:1: Premature end of file.
2026-01-22 20:20:28,352 [ERROR] LogOutputStream:75 - [STDERR_REDIRECT] 
2026-01-22 20:20:29,351 [ERROR] LogOutputStream:75 - [STDERR_REDIRECT] [Fatal Error] :1:1: Premature end of file.
2026-01-22 20:20:29,351 [ERROR] LogOutputStream:75 - [STDERR_REDIRECT] 
2026-01-22 20:20:30,359 [ERROR] LogOutputStream:75 - [STDERR_REDIRECT] [Fatal Error] :1:1: Premature end of file.
2026-01-22 20:20:30,359 [ERROR] LogOutputStream:75 - [STDERR_REDIRECT] 
2026-01-22 20:20:31,355 [ERROR] LogOutputStream:75 - [STDERR_REDIRECT] [Fatal Error] :1:1: Premature end of file.
2026-01-22 20:20:31,356 [ERROR] LogOutputStream:75 - [STDERR_REDIRECT] 
2026-01-22 20:20:32,371 [ERROR] LogOutputStream:75 - [STDERR_REDIRECT] [Fatal Error] :1:1: Premature end of file.
2026-01-22 20:20:32,371 [ERROR] LogOutputStream:75 - [STDERR_REDIRECT] 
2026-01-22 20:20:33,352 [ERROR] LogOutputStream:75 - [STDERR_REDIRECT] [Fatal Error] :1:1: Premature end of file.
2026-01-22 20:20:33,352 [ERROR] LogOutputStream:75 - [STDERR_REDIRECT] 
2026-01-22 20:20:34,353 [ERROR] LogOutputStream:75 - [STDERR_REDIRECT] [Fatal Error] :1:1: Premature end of file.
2026-01-22 20:20:34,353 [ERROR] LogOutputStream:75 - [STDERR_REDIRECT] 
2026-01-22 20:20:35,339 [ERROR] LogOutputStream:75 - [STDERR_REDIRECT] [Fatal Error] :1:1: Premature end of file.
2026-01-22 20:20:35,339 [ERROR] LogOutputStream:75 - [STDERR_REDIRECT] 
2026-01-22 20:20:36,351 [ERROR] LogOutputStream:75 - [STDERR_REDIRECT] [Fatal Error] :1:1: Premature end of file.
2026-01-22 20:20:36,353 [ERROR] LogOutputStream:75 - [STDERR_REDIRECT] 
2026-01-22 20:20:37,360 [ERROR] LogOutputStream:75 - [STDERR_REDIRECT] [Fatal Error] :1:1: Premature end of file.
2026-01-22 20:20:37,360 [ERROR] LogOutputStream:75 - [STDERR_REDIRECT] 
2026-01-22 20:20:38,383 [ERROR] LogOutputStream:75 - [STDERR_REDIRECT] [Fatal Error] :1:1: Premature end of file.
2026-01-22 20:20:38,383 [ERROR] LogOutputStream:75 - [STDERR_REDIRECT] 
2026-01-22 20:20:39,356 [ERROR] LogOutputStream:75 - [STDERR_REDIRECT] [Fatal Error] :1:1: Premature end of file.
2026-01-22 20:20:39,356 [ERROR] LogOutputStream:75 - [STDERR_REDIRECT] 
2026-01-22 20:20:40,352 [ERROR] LogOutputStream:75 - [STDERR_REDIRECT] [Fatal Error] :1:1: Premature end of file.
2026-01-22 20:20:40,352 [ERROR] LogOutputStream:75 - [STDERR_REDIRECT] 
2026-01-22 20:20:41,361 [ERROR] LogOutputStream:75 - [STDERR_REDIRECT] [Fatal Error] :1:1: Premature end of file.
2026-01-22 20:20:41,361 [ERROR] LogOutputStream:75 - [STDERR_REDIRECT] 
2026-01-22 20:20:42,356 [ERROR] LogOutputStream:75 - [STDERR_REDIRECT] [Fatal Error] :1:1: Premature end of file.
2026-01-22 20:20:42,356 [ERROR] LogOutputStream:75 - [STDERR_REDIRECT] 
2026-01-22 20:20:43,354 [ERROR] LogOutputStream:75 - [STDERR_REDIRECT] [Fatal Error] :1:1: Premature end of file.
2026-01-22 20:20:43,354 [ERROR] LogOutputStream:75 - [STDERR_REDIRECT] 
2026-01-22 20:20:44,350 [ERROR] LogOutputStream:75 - [STDERR_REDIRECT] [Fatal Error] :1:1: Premature end of file.
2026-01-22 20:20:44,350 [ERROR] LogOutputStream:75 - [STDERR_REDIRECT] 
2026-01-22 20:20:45,351 [ERROR] LogOutputStream:75 - [STDERR_REDIRECT] [Fatal Error] :1:1: Premature end of file.
2026-01-22 20:20:45,351 [ERROR] LogOutputStream:75 - [STDERR_REDIRECT] 
2026-01-22 20:20:46,351 [ERROR] LogOutputStream:75 - [STDERR_REDIRECT] [Fatal Error] :1:1: Premature end of file.
2026-01-22 20:20:46,351 [ERROR] LogOutputStream:75 - [STDERR_REDIRECT] 
2026-01-22 20:20:47,358 [ERROR] LogOutputStream:75 - [STDERR_REDIRECT] [Fatal Error] :1:1: Premature end of file.
2026-01-22 20:20:47,358 [ERROR] LogOutputStream:75 - [STDERR_REDIRECT] 
2026-01-22 20:20:48,354 [ERROR] LogOutputStream:75 - [STDERR_REDIRECT] [Fatal Error] :1:1: Premature end of file.
2026-01-22 20:20:48,354 [ERROR] LogOutputStream:75 - [STDERR_REDIRECT] 
2026-01-22 20:20:49,349 [ERROR] LogOutputStream:75 - [STDERR_REDIRECT] [Fatal Error] :1:1: Premature end of file.
2026-01-22 20:20:49,349 [ERROR] LogOutputStream:75 - [STDERR_REDIRECT] 
2026-01-22 20:20:50,351 [ERROR] LogOutputStream:75 - [STDERR_REDIRECT] [Fatal Error] :1:1: Premature end of file.
2026-01-22 20:20:50,351 [ERROR] LogOutputStream:75 - [STDERR_REDIRECT] 
2026-01-22 20:20:51,353 [ERROR] LogOutputStream:75 - [STDERR_REDIRECT] [Fatal Error] :1:1: Premature end of file.
2026-01-22 20:20:51,353 [ERROR] LogOutputStream:75 - [STDERR_REDIRECT] 
2026-01-22 20:20:52,345 [ERROR] LogOutputStream:75 - [STDERR_REDIRECT] [Fatal Error] :1:1: Premature end of file.
2026-01-22 20:20:52,345 [ERROR] LogOutputStream:75 - [STDERR_REDIRECT] 
2026-01-22 20:20:53,355 [ERROR] LogOutputStream:75 - [STDERR_REDIRECT] [Fatal Error] :1:1: Premature end of file.
2026-01-22 20:20:53,355 [ERROR] LogOutputStream:75 - [STDERR_REDIRECT] 
2026-01-22 20:20:54,340 [ERROR] LogOutputStream:75 - [STDERR_REDIRECT] [Fatal Error] :1:1: Premature end of file.
2026-01-22 20:20:54,340 [ERROR] LogOutputStream:75 - [STDERR_REDIRECT] 
2026-01-22 20:20:55,349 [ERROR] LogOutputStream:75 - [STDERR_REDIRECT] [Fatal Error] :1:1: Premature end of file.
2026-01-22 20:20:55,349 [ERROR] LogOutputStream:75 - [STDERR_REDIRECT] 
2026-01-22 20:20:56,354 [ERROR] LogOutputStream:75 - [STDERR_REDIRECT] [Fatal Error] :1:1: Premature end of file.
2026-01-22 20:20:56,354 [ERROR] LogOutputStream:75 - [STDERR_REDIRECT] 
2026-01-22 20:20:57,353 [ERROR] LogOutputStream:75 - [STDERR_REDIRECT] [Fatal Error] :1:1: Premature end of file.
2026-01-22 20:20:57,354 [ERROR] LogOutputStream:75 - [STDERR_REDIRECT] 
2026-01-22 20:20:58,350 [ERROR] LogOutputStream:75 - [STDERR_REDIRECT] [Fatal Error] :1:1: Premature end of file.
2026-01-22 20:20:58,350 [ERROR] LogOutputStream:75 - [STDERR_REDIRECT] 
2026-01-22 20:20:59,351 [ERROR] LogOutputStream:75 - [STDERR_REDIRECT] [Fatal Error] :1:1: Premature end of file.
2026-01-22 20:20:59,351 [ERROR] LogOutputStream:75 - [STDERR_REDIRECT] 
2026-01-22 20:21:00,354 [ERROR] LogOutputStream:75 - [STDERR_REDIRECT] [Fatal Error] :1:1: Premature end of file.
2026-01-22 20:21:00,356 [ERROR] LogOutputStream:75 - [STDERR_REDIRECT] 
2026-01-22 20:21:01,346 [ERROR] LogOutputStream:75 - [STDERR_REDIRECT] [Fatal Error] :1:1: Premature end of file.
2026-01-22 20:21:01,346 [ERROR] LogOutputStream:75 - [STDERR_REDIRECT] 
2026-01-22 20:21:02,351 [ERROR] LogOutputStream:75 - [STDERR_REDIRECT] [Fatal Error] :1:1: Premature end of file.
2026-01-22 20:21:02,351 [ERROR] LogOutputStream:75 - [STDERR_REDIRECT] 
2026-01-22 20:21:03,350 [ERROR] LogOutputStream:75 - [STDERR_REDIRECT] [Fatal Error] :1:1: Premature end of file.
2026-01-22 20:21:03,350 [ERROR] LogOutputStream:75 - [STDERR_REDIRECT] 
2026-01-22 20:21:04,346 [ERROR] LogOutputStream:75 - [STDERR_REDIRECT] [Fatal Error] :1:1: Premature end of file.
2026-01-22 20:21:04,346 [ERROR] LogOutputStream:75 - [STDERR_REDIRECT] 
2026-01-22 20:21:05,358 [ERROR] LogOutputStream:75 - [STDERR_REDIRECT] [Fatal Error] :1:1: Premature end of file.
2026-01-22 20:21:05,358 [ERROR] LogOutputStream:75 - [STDERR_REDIRECT] 
2026-01-22 20:21:06,361 [ERROR] LogOutputStream:75 - [STDERR_REDIRECT] [Fatal Error] :1:1: Premature end of file.
2026-01-22 20:21:06,361 [ERROR] LogOutputStream:75 - [STDERR_REDIRECT] 
2026-01-22 20:21:07,351 [ERROR] LogOutputStream:75 - [STDERR_REDIRECT] [Fatal Error] :1:1: Premature end of file.
2026-01-22 20:21:07,351 [ERROR] LogOutputStream:75 - [STDERR_REDIRECT] 
2026-01-22 20:21:08,363 [ERROR] LogOutputStream:75 - [STDERR_REDIRECT] [Fatal Error] :1:1: Premature end of file.
2026-01-22 20:21:08,363 [ERROR] LogOutputStream:75 - [STDERR_REDIRECT] 
2026-01-22 20:21:09,347 [ERROR] LogOutputStream:75 - [STDERR_REDIRECT] [Fatal Error] :1:1: Premature end of file.
2026-01-22 20:21:09,348 [ERROR] LogOutputStream:75 - [STDERR_REDIRECT] 
2026-01-22 20:21:10,344 [ERROR] LogOutputStream:75 - [STDERR_REDIRECT] [Fatal Error] :1:1: Premature end of file.
2026-01-22 20:21:10,345 [ERROR] LogOutputStream:75 - [STDERR_REDIRECT] 
2026-01-22 20:21:11,346 [ERROR] LogOutputStream:75 - [STDERR_REDIRECT] [Fatal Error] :1:1: Premature end of file.
2026-01-22 20:21:11,346 [ERROR] LogOutputStream:75 - [STDERR_REDIRECT] 
2026-01-22 20:21:12,347 [ERROR] LogOutputStream:75 - [STDERR_REDIRECT] [Fatal Error] :1:1: Premature end of file.
2026-01-22 20:21:12,347 [ERROR] LogOutputStream:75 - [STDERR_REDIRECT] 
2026-01-22 20:21:13,345 [ERROR] LogOutputStream:75 - [STDERR_REDIRECT] [Fatal Error] :1:1: Premature end of file.
2026-01-22 20:21:13,345 [ERROR] LogOutputStream:75 - [STDERR_REDIRECT] 
2026-01-22 20:21:14,354 [ERROR] LogOutputStream:75 - [STDERR_REDIRECT] [Fatal Error] :1:1: Premature end of file.
2026-01-22 20:21:14,354 [ERROR] LogOutputStream:75 - [STDERR_REDIRECT] 
2026-01-22 20:21:15,356 [ERROR] LogOutputStream:75 - [STDERR_REDIRECT] [Fatal Error] :1:1: Premature end of file.
2026-01-22 20:21:15,356 [ERROR] LogOutputStream:75 - [STDERR_REDIRECT] 
2026-01-22 20:21:16,354 [ERROR] LogOutputStream:75 - [STDERR_REDIRECT] [Fatal Error] :1:1: Premature end of file.
2026-01-22 20:21:16,354 [ERROR] LogOutputStream:75 - [STDERR_REDIRECT] 
2026-01-22 20:21:17,351 [ERROR] LogOutputStream:75 - [STDERR_REDIRECT] [Fatal Error] :1:1: Premature end of file.
2026-01-22 20:21:17,351 [ERROR] LogOutputStream:75 - [STDERR_REDIRECT] 
2026-01-22 20:21:18,344 [ERROR] LogOutputStream:75 - [STDERR_REDIRECT] [Fatal Error] :1:1: Premature end of file.
2026-01-22 20:21:18,344 [ERROR] LogOutputStream:75 - [STDERR_REDIRECT] 
2026-01-22 20:21:19,348 [ERROR] LogOutputStream:75 - [STDERR_REDIRECT] [Fatal Error] :1:1: Premature end of file.
2026-01-22 20:21:19,348 [ERROR] LogOutputStream:75 - [STDERR_REDIRECT] 
2026-01-22 20:21:20,347 [ERROR] LogOutputStream:75 - [STDERR_REDIRECT] [Fatal Error] :1:1: Premature end of file.
2026-01-22 20:21:20,348 [ERROR] LogOutputStream:75 - [STDERR_REDIRECT] 
2026-01-22 20:21:21,345 [ERROR] LogOutputStream:75 - [STDERR_REDIRECT] [Fatal Error] :1:1: Premature end of file.
2026-01-22 20:21:21,345 [ERROR] LogOutputStream:75 - [STDERR_REDIRECT] 
2026-01-22 20:21:22,359 [ERROR] LogOutputStream:75 - [STDERR_REDIRECT] [Fatal Error] :1:1: Premature end of file.
2026-01-22 20:21:22,359 [ERROR] LogOutputStream:75 - [STDERR_REDIRECT] 
2026-01-22 20:21:23,368 [ERROR] LogOutputStream:75 - [STDERR_REDIRECT] [Fatal Error] :1:1: Premature end of file.
2026-01-22 20:21:23,368 [ERROR] LogOutputStream:75 - [STDERR_REDIRECT] 
2026-01-22 20:21:24,361 [ERROR] LogOutputStream:75 - [STDERR_REDIRECT] [Fatal Error] :1:1: Premature end of file.
2026-01-22 20:21:24,361 [ERROR] LogOutputStream:75 - [STDERR_REDIRECT] 
2026-01-22 20:21:25,359 [ERROR] LogOutputStream:75 - [STDERR_REDIRECT] [Fatal Error] :1:1: Premature end of file.
2026-01-22 20:21:25,360 [ERROR] LogOutputStream:75 - [STDERR_REDIRECT] 
2026-01-22 20:21:26,371 [ERROR] LogOutputStream:75 - [STDERR_REDIRECT] [Fatal Error] :1:1: Premature end of file.
2026-01-22 20:21:26,371 [ERROR] LogOutputStream:75 - [STDERR_REDIRECT] 
2026-01-22 20:21:27,357 [ERROR] LogOutputStream:75 - [STDERR_REDIRECT] [Fatal Error] :1:1: Premature end of file.
2026-01-22 20:21:27,358 [ERROR] LogOutputStream:75 - [STDERR_REDIRECT] 
2026-01-22 20:21:28,343 [ERROR] LogOutputStream:75 - [STDERR_REDIRECT] [Fatal Error] :1:1: Premature end of file.
2026-01-22 20:21:28,343 [ERROR] LogOutputStream:75 - [STDERR_REDIRECT] 
2026-01-22 20:21:29,358 [ERROR] LogOutputStream:75 - [STDERR_REDIRECT] [Fatal Error] :1:1: Premature end of file.
2026-01-22 20:21:29,358 [ERROR] LogOutputStream:75 - [STDERR_REDIRECT] 
2026-01-22 20:21:30,359 [ERROR] LogOutputStream:75 - [STDERR_REDIRECT] [Fatal Error] :1:1: Premature end of file.
2026-01-22 20:21:30,359 [ERROR] LogOutputStream:75 - [STDERR_REDIRECT] 
2026-01-22 20:21:31,353 [ERROR] LogOutputStream:75 - [STDERR_REDIRECT] [Fatal Error] :1:1: Premature end of file.
2026-01-22 20:21:31,353 [ERROR] LogOutputStream:75 - [STDERR_REDIRECT] 
2026-01-22 20:21:32,356 [ERROR] LogOutputStream:75 - [STDERR_REDIRECT] [Fatal Error] :1:1: Premature end of file.
2026-01-22 20:21:32,356 [ERROR] LogOutputStream:75 - [STDERR_REDIRECT] 
2026-01-22 20:21:33,344 [ERROR] LogOutputStream:75 - [STDERR_REDIRECT] [Fatal Error] :1:1: Premature end of file.
2026-01-22 20:21:33,344 [ERROR] LogOutputStream:75 - [STDERR_REDIRECT] 
2026-01-22 20:21:34,354 [ERROR] LogOutputStream:75 - [STDERR_REDIRECT] [Fatal Error] :1:1: Premature end of file.
2026-01-22 20:21:34,354 [ERROR] LogOutputStream:75 - [STDERR_REDIRECT] 
2026-01-22 20:21:35,349 [ERROR] LogOutputStream:75 - [STDERR_REDIRECT] [Fatal Error] :1:1: Premature end of file.
2026-01-22 20:21:35,349 [ERROR] LogOutputStream:75 - [STDERR_REDIRECT] 
2026-01-22 20:21:36,355 [ERROR] LogOutputStream:75 - [STDERR_REDIRECT] [Fatal Error] :1:1: Premature end of file.
2026-01-22 20:21:36,356 [ERROR] LogOutputStream:75 - [STDERR_REDIRECT] 
2026-01-22 20:21:37,360 [ERROR] LogOutputStream:75 - [STDERR_REDIRECT] [Fatal Error] :1:1: Premature end of file.
2026-01-22 20:21:37,360 [ERROR] LogOutputStream:75 - [STDERR_REDIRECT] 
2026-01-22 20:21:38,365 [ERROR] LogOutputStream:75 - [STDERR_REDIRECT] [Fatal Error] :1:1: Premature end of file.
2026-01-22 20:21:38,365 [ERROR] LogOutputStream:75 - [STDERR_REDIRECT] 
2026-01-22 20:21:39,358 [ERROR] LogOutputStream:75 - [STDERR_REDIRECT] [Fatal Error] :1:1: Premature end of file.
2026-01-22 20:21:39,358 [ERROR] LogOutputStream:75 - [STDERR_REDIRECT] 
2026-01-22 20:21:40,357 [ERROR] LogOutputStream:75 - [STDERR_REDIRECT] [Fatal Error] :1:1: Premature end of file.
2026-01-22 20:21:40,357 [ERROR] LogOutputStream:75 - [STDERR_REDIRECT] 
2026-01-22 20:21:41,351 [ERROR] LogOutputStream:75 - [STDERR_REDIRECT] [Fatal Error] :1:1: Premature end of file.
2026-01-22 20:21:41,351 [ERROR] LogOutputStream:75 - [STDERR_REDIRECT] 
2026-01-22 20:21:42,371 [ERROR] LogOutputStream:75 - [STDERR_REDIRECT] [Fatal Error] :1:1: Premature end of file.
2026-01-22 20:21:42,372 [ERROR] LogOutputStream:75 - [STDERR_REDIRECT] 
2026-01-22 20:21:43,352 [ERROR] LogOutputStream:75 - [STDERR_REDIRECT] [Fatal Error] :1:1: Premature end of file.
2026-01-22 20:21:43,352 [ERROR] LogOutputStream:75 - [STDERR_REDIRECT] 
2026-01-22 20:21:44,359 [ERROR] LogOutputStream:75 - [STDERR_REDIRECT] [Fatal Error] :1:1: Premature end of file.
2026-01-22 20:21:44,359 [ERROR] LogOutputStream:75 - [STDERR_REDIRECT] 
2026-01-22 20:21:45,356 [ERROR] LogOutputStream:75 - [STDERR_REDIRECT] [Fatal Error] :1:1: Premature end of file.
2026-01-22 20:21:45,357 [ERROR] LogOutputStream:75 - [STDERR_REDIRECT] 
2026-01-22 20:21:46,340 [ERROR] LogOutputStream:75 - [STDERR_REDIRECT] [Fatal Error] :1:1: Premature end of file.
2026-01-22 20:21:46,340 [ERROR] LogOutputStream:75 - [STDERR_REDIRECT] 
2026-01-22 20:21:47,359 [ERROR] LogOutputStream:75 - [STDERR_REDIRECT] [Fatal Error] :1:1: Premature end of file.
2026-01-22 20:21:47,359 [ERROR] LogOutputStream:75 - [STDERR_REDIRECT] 
2026-01-22 20:21:48,357 [ERROR] LogOutputStream:75 - [STDERR_REDIRECT] [Fatal Error] :1:1: Premature end of file.
2026-01-22 20:21:48,357 [ERROR] LogOutputStream:75 - [STDERR_REDIRECT] 
2026-01-22 20:21:49,365 [ERROR] LogOutputStream:75 - [STDERR_REDIRECT] [Fatal Error] :1:1: Premature end of file.
2026-01-22 20:21:49,365 [ERROR] LogOutputStream:75 - [STDERR_REDIRECT] 
2026-01-22 20:21:50,359 [ERROR] LogOutputStream:75 - [STDERR_REDIRECT] [Fatal Error] :1:1: Premature end of file.
2026-01-22 20:21:50,360 [ERROR] LogOutputStream:75 - [STDERR_REDIRECT] 
2026-01-22 20:21:51,362 [ERROR] LogOutputStream:75 - [STDERR_REDIRECT] [Fatal Error] :1:1: Premature end of file.
2026-01-22 20:21:51,362 [ERROR] LogOutputStream:75 - [STDERR_REDIRECT] 
2026-01-22 20:21:52,359 [ERROR] LogOutputStream:75 - [STDERR_REDIRECT] [Fatal Error] :1:1: Premature end of file.
2026-01-22 20:21:52,359 [ERROR] LogOutputStream:75 - [STDERR_REDIRECT] 
2026-01-22 20:21:53,361 [ERROR] LogOutputStream:75 - [STDERR_REDIRECT] [Fatal Error] :1:1: Premature end of file.
2026-01-22 20:21:53,362 [ERROR] LogOutputStream:75 - [STDERR_REDIRECT] 
2026-01-22 20:21:54,361 [ERROR] LogOutputStream:75 - [STDERR_REDIRECT] [Fatal Error] :1:1: Premature end of file.
2026-01-22 20:21:54,361 [ERROR] LogOutputStream:75 - [STDERR_REDIRECT] 
2026-01-22 20:21:55,362 [ERROR] LogOutputStream:75 - [STDERR_REDIRECT] [Fatal Error] :1:1: Premature end of file.
2026-01-22 20:21:55,362 [ERROR] LogOutputStream:75 - [STDERR_REDIRECT] 
2026-01-22 20:21:56,364 [ERROR] LogOutputStream:75 - [STDERR_REDIRECT] [Fatal Error] :1:1: Premature end of file.
2026-01-22 20:21:56,364 [ERROR] LogOutputStream:75 - [STDERR_REDIRECT] 
2026-01-22 20:21:57,361 [ERROR] LogOutputStream:75 - [STDERR_REDIRECT] [Fatal Error] :1:1: Premature end of file.
2026-01-22 20:21:57,361 [ERROR] LogOutputStream:75 - [STDERR_REDIRECT] 
2026-01-22 20:21:58,356 [ERROR] LogOutputStream:75 - [STDERR_REDIRECT] [Fatal Error] :1:1: Premature end of file.
2026-01-22 20:21:58,356 [ERROR] LogOutputStream:75 - [STDERR_REDIRECT] 
2026-01-22 20:21:59,349 [ERROR] LogOutputStream:75 - [STDERR_REDIRECT] [Fatal Error] :1:1: Premature end of file.
2026-01-22 20:21:59,350 [ERROR] LogOutputStream:75 - [STDERR_REDIRECT] 
2026-01-22 20:22:00,356 [ERROR] LogOutputStream:75 - [STDERR_REDIRECT] [Fatal Error] :1:1: Premature end of file.
2026-01-22 20:22:00,356 [ERROR] LogOutputStream:75 - [STDERR_REDIRECT] 
2026-01-22 20:22:01,360 [ERROR] LogOutputStream:75 - [STDERR_REDIRECT] [Fatal Error] :1:1: Premature end of file.
2026-01-22 20:22:01,360 [ERROR] LogOutputStream:75 - [STDERR_REDIRECT] 
2026-01-22 20:22:02,349 [ERROR] LogOutputStream:75 - [STDERR_REDIRECT] [Fatal Error] :1:1: Premature end of file.
2026-01-22 20:22:02,349 [ERROR] LogOutputStream:75 - [STDERR_REDIRECT] 
2026-01-22 20:22:03,353 [ERROR] LogOutputStream:75 - [STDERR_REDIRECT] [Fatal Error] :1:1: Premature end of file.
2026-01-22 20:22:03,353 [ERROR] LogOutputStream:75 - [STDERR_REDIRECT] 
2026-01-22 20:22:04,356 [ERROR] LogOutputStream:75 - [STDERR_REDIRECT] [Fatal Error] :1:1: Premature end of file.
2026-01-22 20:22:04,356 [ERROR] LogOutputStream:75 - [STDERR_REDIRECT] 
2026-01-22 20:22:05,338 [ERROR] LogOutputStream:75 - [STDERR_REDIRECT] [Fatal Error] :1:1: Premature end of file.
2026-01-22 20:22:05,338 [ERROR] LogOutputStream:75 - [STDERR_REDIRECT] 
2026-01-22 20:22:06,356 [ERROR] LogOutputStream:75 - [STDERR_REDIRECT] [Fatal Error] :1:1: Premature end of file.
2026-01-22 20:22:06,356 [ERROR] LogOutputStream:75 - [STDERR_REDIRECT] 
2026-01-22 20:22:07,360 [ERROR] LogOutputStream:75 - [STDERR_REDIRECT] [Fatal Error] :1:1: Premature end of file.
2026-01-22 20:22:07,360 [ERROR] LogOutputStream:75 - [STDERR_REDIRECT] 
2026-01-22 20:22:08,356 [ERROR] LogOutputStream:75 - [STDERR_REDIRECT] [Fatal Error] :1:1: Premature end of file.
2026-01-22 20:22:08,356 [ERROR] LogOutputStream:75 - [STDERR_REDIRECT] 
2026-01-22 20:22:09,357 [ERROR] LogOutputStream:75 - [STDERR_REDIRECT] [Fatal Error] :1:1: Premature end of file.
2026-01-22 20:22:09,357 [ERROR] LogOutputStream:75 - [STDERR_REDIRECT] 
2026-01-22 20:22:10,349 [ERROR] LogOutputStream:75 - [STDERR_REDIRECT] [Fatal Error] :1:1: Premature end of file.
2026-01-22 20:22:10,349 [ERROR] LogOutputStream:75 - [STDERR_REDIRECT] 
2026-01-22 20:22:11,360 [ERROR] LogOutputStream:75 - [STDERR_REDIRECT] [Fatal Error] :1:1: Premature end of file.
2026-01-22 20:22:11,360 [ERROR] LogOutputStream:75 - [STDERR_REDIRECT] 
2026-01-22 20:22:12,365 [ERROR] LogOutputStream:75 - [STDERR_REDIRECT] [Fatal Error] :1:1: Premature end of file.
2026-01-22 20:22:12,365 [ERROR] LogOutputStream:75 - [STDERR_REDIRECT] 
2026-01-22 20:22:13,342 [ERROR] LogOutputStream:75 - [STDERR_REDIRECT] [Fatal Error] :1:1: Premature end of file.
2026-01-22 20:22:13,342 [ERROR] LogOutputStream:75 - [STDERR_REDIRECT] 
2026-01-22 20:22:14,351 [ERROR] LogOutputStream:75 - [STDERR_REDIRECT] [Fatal Error] :1:1: Premature end of file.
2026-01-22 20:22:14,351 [ERROR] LogOutputStream:75 - [STDERR_REDIRECT] 
2026-01-22 20:22:15,354 [ERROR] LogOutputStream:75 - [STDERR_REDIRECT] [Fatal Error] :1:1: Premature end of file.
2026-01-22 20:22:15,355 [ERROR] LogOutputStream:75 - [STDERR_REDIRECT] 
2026-01-22 20:22:16,355 [ERROR] LogOutputStream:75 - [STDERR_REDIRECT] [Fatal Error] :1:1: Premature end of file.
2026-01-22 20:22:16,355 [ERROR] LogOutputStream:75 - [STDERR_REDIRECT] 
2026-01-22 20:22:17,363 [ERROR] LogOutputStream:75 - [STDERR_REDIRECT] [Fatal Error] :1:1: Premature end of file.
2026-01-22 20:22:17,363 [ERROR] LogOutputStream:75 - [STDERR_REDIRECT] 
2026-01-22 20:22:18,357 [ERROR] LogOutputStream:75 - [STDERR_REDIRECT] [Fatal Error] :1:1: Premature end of file.
2026-01-22 20:22:18,358 [ERROR] LogOutputStream:75 - [STDERR_REDIRECT] 
2026-01-22 20:22:19,355 [ERROR] LogOutputStream:75 - [STDERR_REDIRECT] [Fatal Error] :1:1: Premature end of file.
2026-01-22 20:22:19,355 [ERROR] LogOutputStream:75 - [STDERR_REDIRECT] 
2026-01-22 20:22:20,359 [ERROR] LogOutputStream:75 - [STDERR_REDIRECT] [Fatal Error] :1:1: Premature end of file.
2026-01-22 20:22:20,359 [ERROR] LogOutputStream:75 - [STDERR_REDIRECT] 
2026-01-22 20:22:21,356 [ERROR] LogOutputStream:75 - [STDERR_REDIRECT] [Fatal Error] :1:1: Premature end of file.
2026-01-22 20:22:21,357 [ERROR] LogOutputStream:75 - [STDERR_REDIRECT] 
2026-01-22 20:22:22,358 [ERROR] LogOutputStream:75 - [STDERR_REDIRECT] [Fatal Error] :1:1: Premature end of file.
2026-01-22 20:22:22,358 [ERROR] LogOutputStream:75 - [STDERR_REDIRECT] 
2026-01-22 20:22:23,357 [ERROR] LogOutputStream:75 - [STDERR_REDIRECT] [Fatal Error] :1:1: Premature end of file.
2026-01-22 20:22:23,357 [ERROR] LogOutputStream:75 - [STDERR_REDIRECT] 
2026-01-22 20:22:24,352 [ERROR] LogOutputStream:75 - [STDERR_REDIRECT] [Fatal Error] :1:1: Premature end of file.
2026-01-22 20:22:24,352 [ERROR] LogOutputStream:75 - [STDERR_REDIRECT] 
2026-01-22 20:22:25,361 [ERROR] LogOutputStream:75 - [STDERR_REDIRECT] [Fatal Error] :1:1: Premature end of file.
2026-01-22 20:22:25,361 [ERROR] LogOutputStream:75 - [STDERR_REDIRECT] 
2026-01-22 20:22:26,354 [ERROR] LogOutputStream:75 - [STDERR_REDIRECT] [Fatal Error] :1:1: Premature end of file.
2026-01-22 20:22:26,354 [ERROR] LogOutputStream:75 - [STDERR_REDIRECT] 
2026-01-22 20:22:27,355 [ERROR] LogOutputStream:75 - [STDERR_REDIRECT] [Fatal Error] :1:1: Premature end of file.
2026-01-22 20:22:27,355 [ERROR] LogOutputStream:75 - [STDERR_REDIRECT] 
2026-01-22 20:22:28,359 [ERROR] LogOutputStream:75 - [STDERR_REDIRECT] [Fatal Error] :1:1: Premature end of file.
2026-01-22 20:22:28,360 [ERROR] LogOutputStream:75 - [STDERR_REDIRECT] 
2026-01-22 20:22:29,356 [ERROR] LogOutputStream:75 - [STDERR_REDIRECT] [Fatal Error] :1:1: Premature end of file.
2026-01-22 20:22:29,356 [ERROR] LogOutputStream:75 - [STDERR_REDIRECT] 
2026-01-22 20:22:30,345 [ERROR] LogOutputStream:75 - [STDERR_REDIRECT] [Fatal Error] :1:1: Premature end of file.
2026-01-22 20:22:30,345 [ERROR] LogOutputStream:75 - [STDERR_REDIRECT] 
2026-01-22 20:22:31,361 [ERROR] LogOutputStream:75 - [STDERR_REDIRECT] [Fatal Error] :1:1: Premature end of file.
2026-01-22 20:22:31,361 [ERROR] LogOutputStream:75 - [STDERR_REDIRECT] 
2026-01-22 20:22:32,354 [ERROR] LogOutputStream:75 - [STDERR_REDIRECT] [Fatal Error] :1:1: Premature end of file.
2026-01-22 20:22:32,355 [ERROR] LogOutputStream:75 - [STDERR_REDIRECT] 
2026-01-22 20:22:33,349 [ERROR] LogOutputStream:75 - [STDERR_REDIRECT] [Fatal Error] :1:1: Premature end of file.
2026-01-22 20:22:33,349 [ERROR] LogOutputStream:75 - [STDERR_REDIRECT] 
2026-01-22 20:22:34,343 [ERROR] LogOutputStream:75 - [STDERR_REDIRECT] [Fatal Error] :1:1: Premature end of file.
2026-01-22 20:22:34,344 [ERROR] LogOutputStream:75 - [STDERR_REDIRECT] 
2026-01-22 20:22:35,354 [ERROR] LogOutputStream:75 - [STDERR_REDIRECT] [Fatal Error] :1:1: Premature end of file.
2026-01-22 20:22:35,354 [ERROR] LogOutputStream:75 - [STDERR_REDIRECT] 
2026-01-22 20:22:36,344 [ERROR] LogOutputStream:75 - [STDERR_REDIRECT] [Fatal Error] :1:1: Premature end of file.
2026-01-22 20:22:36,344 [ERROR] LogOutputStream:75 - [STDERR_REDIRECT] 
2026-01-22 20:22:37,338 [ERROR] LogOutputStream:75 - [STDERR_REDIRECT] [Fatal Error] :1:1: Premature end of file.
2026-01-22 20:22:37,338 [ERROR] LogOutputStream:75 - [STDERR_REDIRECT] 
2026-01-22 20:22:38,350 [ERROR] LogOutputStream:75 - [STDERR_REDIRECT] [Fatal Error] :1:1: Premature end of file.
2026-01-22 20:22:38,350 [ERROR] LogOutputStream:75 - [STDERR_REDIRECT] 
2026-01-22 20:22:39,363 [ERROR] LogOutputStream:75 - [STDERR_REDIRECT] [Fatal Error] :1:1: Premature end of file.
2026-01-22 20:22:39,364 [ERROR] LogOutputStream:75 - [STDERR_REDIRECT] 
2026-01-22 20:22:40,354 [ERROR] LogOutputStream:75 - [STDERR_REDIRECT] [Fatal Error] :1:1: Premature end of file.
2026-01-22 20:22:40,354 [ERROR] LogOutputStream:75 - [STDERR_REDIRECT] 
2026-01-22 20:22:41,351 [ERROR] LogOutputStream:75 - [STDERR_REDIRECT] [Fatal Error] :1:1: Premature end of file.
2026-01-22 20:22:41,351 [ERROR] LogOutputStream:75 - [STDERR_REDIRECT] 
2026-01-22 20:22:42,352 [ERROR] LogOutputStream:75 - [STDERR_REDIRECT] [Fatal Error] :1:1: Premature end of file.
2026-01-22 20:22:42,352 [ERROR] LogOutputStream:75 - [STDERR_REDIRECT] 
2026-01-22 20:22:43,354 [ERROR] LogOutputStream:75 - [STDERR_REDIRECT] [Fatal Error] :1:1: Premature end of file.
2026-01-22 20:22:43,354 [ERROR] LogOutputStream:75 - [STDERR_REDIRECT] 
2026-01-22 20:22:44,358 [ERROR] LogOutputStream:75 - [STDERR_REDIRECT] [Fatal Error] :1:1: Premature end of file.
2026-01-22 20:22:44,358 [ERROR] LogOutputStream:75 - [STDERR_REDIRECT] 
2026-01-22 20:22:45,353 [ERROR] LogOutputStream:75 - [STDERR_REDIRECT] [Fatal Error] :1:1: Premature end of file.
2026-01-22 20:22:45,353 [ERROR] LogOutputStream:75 - [STDERR_REDIRECT] 
2026-01-22 20:22:46,349 [ERROR] LogOutputStream:75 - [STDERR_REDIRECT] [Fatal Error] :1:1: Premature end of file.
2026-01-22 20:22:46,349 [ERROR] LogOutputStream:75 - [STDERR_REDIRECT] 
2026-01-22 20:22:47,371 [ERROR] LogOutputStream:75 - [STDERR_REDIRECT] [Fatal Error] :1:1: Premature end of file.
2026-01-22 20:22:47,371 [ERROR] LogOutputStream:75 - [STDERR_REDIRECT] 
2026-01-22 20:22:48,356 [ERROR] LogOutputStream:75 - [STDERR_REDIRECT] [Fatal Error] :1:1: Premature end of file.
2026-01-22 20:22:48,356 [ERROR] LogOutputStream:75 - [STDERR_REDIRECT] 
2026-01-22 20:22:49,341 [ERROR] LogOutputStream:75 - [STDERR_REDIRECT] [Fatal Error] :1:1: Premature end of file.
2026-01-22 20:22:49,350 [ERROR] LogOutputStream:75 - [STDERR_REDIRECT] 
2026-01-22 20:22:50,354 [ERROR] LogOutputStream:75 - [STDERR_REDIRECT] [Fatal Error] :1:1: Premature end of file.
2026-01-22 20:22:50,354 [ERROR] LogOutputStream:75 - [STDERR_REDIRECT] 
2026-01-22 20:22:51,358 [ERROR] LogOutputStream:75 - [STDERR_REDIRECT] [Fatal Error] :1:1: Premature end of file.
2026-01-22 20:22:51,358 [ERROR] LogOutputStream:75 - [STDERR_REDIRECT] 
2026-01-22 20:22:52,359 [ERROR] LogOutputStream:75 - [STDERR_REDIRECT] [Fatal Error] :1:1: Premature end of file.
2026-01-22 20:22:52,359 [ERROR] LogOutputStream:75 - [STDERR_REDIRECT] 
2026-01-22 20:22:53,344 [ERROR] LogOutputStream:75 - [STDERR_REDIRECT] [Fatal Error] :1:1: Premature end of file.
2026-01-22 20:22:53,344 [ERROR] LogOutputStream:75 - [STDERR_REDIRECT] 
2026-01-22 20:22:54,350 [ERROR] LogOutputStream:75 - [STDERR_REDIRECT] [Fatal Error] :1:1: Premature end of file.
2026-01-22 20:22:54,350 [ERROR] LogOutputStream:75 - [STDERR_REDIRECT] 
2026-01-22 20:22:55,364 [ERROR] LogOutputStream:75 - [STDERR_REDIRECT] [Fatal Error] :1:1: Premature end of file.
2026-01-22 20:22:55,364 [ERROR] LogOutputStream:75 - [STDERR_REDIRECT] 
2026-01-22 20:22:56,365 [ERROR] LogOutputStream:75 - [STDERR_REDIRECT] [Fatal Error] :1:1: Premature end of file.
2026-01-22 20:22:56,365 [ERROR] LogOutputStream:75 - [STDERR_REDIRECT] 
2026-01-22 20:22:57,336 [ERROR] LogOutputStream:75 - [STDERR_REDIRECT] [Fatal Error] :1:1: Premature end of file.
2026-01-22 20:22:57,336 [ERROR] LogOutputStream:75 - [STDERR_REDIRECT] 
2026-01-22 20:22:58,358 [ERROR] LogOutputStream:75 - [STDERR_REDIRECT] [Fatal Error] :1:1: Premature end of file.
2026-01-22 20:22:58,358 [ERROR] LogOutputStream:75 - [STDERR_REDIRECT] 
2026-01-22 20:22:59,355 [ERROR] LogOutputStream:75 - [STDERR_REDIRECT] [Fatal Error] :1:1: Premature end of file.
2026-01-22 20:22:59,357 [ERROR] LogOutputStream:75 - [STDERR_REDIRECT] 
2026-01-22 20:23:00,363 [ERROR] LogOutputStream:75 - [STDERR_REDIRECT] [Fatal Error] :1:1: Premature end of file.
2026-01-22 20:23:00,364 [ERROR] LogOutputStream:75 - [STDERR_REDIRECT] 
2026-01-22 20:23:01,366 [ERROR] LogOutputStream:75 - [STDERR_REDIRECT] [Fatal Error] :1:1: Premature end of file.
2026-01-22 20:23:01,366 [ERROR] LogOutputStream:75 - [STDERR_REDIRECT] 
2026-01-22 20:23:02,358 [ERROR] LogOutputStream:75 - [STDERR_REDIRECT] [Fatal Error] :1:1: Premature end of file.
2026-01-22 20:23:02,360 [ERROR] LogOutputStream:75 - [STDERR_REDIRECT] 
2026-01-22 20:23:03,352 [ERROR] LogOutputStream:75 - [STDERR_REDIRECT] [Fatal Error] :1:1: Premature end of file.
2026-01-22 20:23:03,352 [ERROR] LogOutputStream:75 - [STDERR_REDIRECT] 
2026-01-22 20:23:04,355 [ERROR] LogOutputStream:75 - [STDERR_REDIRECT] [Fatal Error] :1:1: Premature end of file.
2026-01-22 20:23:04,355 [ERROR] LogOutputStream:75 - [STDERR_REDIRECT] 
2026-01-22 20:23:05,360 [ERROR] LogOutputStream:75 - [STDERR_REDIRECT] [Fatal Error] :1:1: Premature end of file.
2026-01-22 20:23:05,360 [ERROR] LogOutputStream:75 - [STDERR_REDIRECT] 
2026-01-22 20:23:06,357 [ERROR] LogOutputStream:75 - [STDERR_REDIRECT] [Fatal Error] :1:1: Premature end of file.
2026-01-22 20:23:06,358 [ERROR] LogOutputStream:75 - [STDERR_REDIRECT] 
2026-01-22 20:23:07,356 [ERROR] LogOutputStream:75 - [STDERR_REDIRECT] [Fatal Error] :1:1: Premature end of file.
2026-01-22 20:23:07,356 [ERROR] LogOutputStream:75 - [STDERR_REDIRECT] 
2026-01-22 20:23:08,347 [ERROR] LogOutputStream:75 - [STDERR_REDIRECT] [Fatal Error] :1:1: Premature end of file.
2026-01-22 20:23:08,348 [ERROR] LogOutputStream:75 - [STDERR_REDIRECT] 
2026-01-22 20:23:09,350 [ERROR] LogOutputStream:75 - [STDERR_REDIRECT] [Fatal Error] :1:1: Premature end of file.
2026-01-22 20:23:09,350 [ERROR] LogOutputStream:75 - [STDERR_REDIRECT] 
2026-01-22 20:23:10,348 [ERROR] LogOutputStream:75 - [STDERR_REDIRECT] [Fatal Error] :1:1: Premature end of file.
2026-01-22 20:23:10,348 [ERROR] LogOutputStream:75 - [STDERR_REDIRECT] 
2026-01-22 20:23:11,355 [ERROR] LogOutputStream:75 - [STDERR_REDIRECT] [Fatal Error] :1:1: Premature end of file.
2026-01-22 20:23:11,355 [ERROR] LogOutputStream:75 - [STDERR_REDIRECT] 
2026-01-22 20:23:12,350 [ERROR] LogOutputStream:75 - [STDERR_REDIRECT] [Fatal Error] :1:1: Premature end of file.
2026-01-22 20:23:12,350 [ERROR] LogOutputStream:75 - [STDERR_REDIRECT] 
2026-01-22 20:23:13,353 [ERROR] LogOutputStream:75 - [STDERR_REDIRECT] [Fatal Error] :1:1: Premature end of file.
2026-01-22 20:23:13,353 [ERROR] LogOutputStream:75 - [STDERR_REDIRECT] 
2026-01-22 20:23:14,360 [ERROR] LogOutputStream:75 - [STDERR_REDIRECT] [Fatal Error] :1:1: Premature end of file.
2026-01-22 20:23:14,360 [ERROR] LogOutputStream:75 - [STDERR_REDIRECT] 
2026-01-22 20:23:15,352 [ERROR] LogOutputStream:75 - [STDERR_REDIRECT] [Fatal Error] :1:1: Premature end of file.
2026-01-22 20:23:15,352 [ERROR] LogOutputStream:75 - [STDERR_REDIRECT] 
2026-01-22 20:23:16,361 [ERROR] LogOutputStream:75 - [STDERR_REDIRECT] [Fatal Error] :1:1: Premature end of file.
2026-01-22 20:23:16,361 [ERROR] LogOutputStream:75 - [STDERR_REDIRECT] 
2026-01-22 20:23:17,343 [ERROR] LogOutputStream:75 - [STDERR_REDIRECT] [Fatal Error] :1:1: Premature end of file.
2026-01-22 20:23:17,343 [ERROR] LogOutputStream:75 - [STDERR_REDIRECT] 
2026-01-22 20:23:18,351 [ERROR] LogOutputStream:75 - [STDERR_REDIRECT] [Fatal Error] :1:1: Premature end of file.
2026-01-22 20:23:18,352 [ERROR] LogOutputStream:75 - [STDERR_REDIRECT] 
2026-01-22 20:23:19,351 [ERROR] LogOutputStream:75 - [STDERR_REDIRECT] [Fatal Error] :1:1: Premature end of file.
2026-01-22 20:23:19,351 [ERROR] LogOutputStream:75 - [STDERR_REDIRECT] 
2026-01-22 20:23:20,343 [ERROR] LogOutputStream:75 - [STDERR_REDIRECT] [Fatal Error] :1:1: Premature end of file.
2026-01-22 20:23:20,343 [ERROR] LogOutputStream:75 - [STDERR_REDIRECT] 
2026-01-22 20:23:21,361 [ERROR] LogOutputStream:75 - [STDERR_REDIRECT] [Fatal Error] :1:1: Premature end of file.
2026-01-22 20:23:21,361 [ERROR] LogOutputStream:75 - [STDERR_REDIRECT] 
2026-01-22 20:23:22,361 [ERROR] LogOutputStream:75 - [STDERR_REDIRECT] [Fatal Error] :1:1: Premature end of file.
2026-01-22 20:23:22,361 [ERROR] LogOutputStream:75 - [STDERR_REDIRECT] 
2026-01-22 20:23:23,352 [ERROR] LogOutputStream:75 - [STDERR_REDIRECT] [Fatal Error] :1:1: Premature end of file.
2026-01-22 20:23:23,352 [ERROR] LogOutputStream:75 - [STDERR_REDIRECT] 
2026-01-22 20:23:24,366 [ERROR] LogOutputStream:75 - [STDERR_REDIRECT] [Fatal Error] :1:1: Premature end of file.
2026-01-22 20:23:24,366 [ERROR] LogOutputStream:75 - [STDERR_REDIRECT] 
2026-01-22 20:23:25,355 [ERROR] LogOutputStream:75 - [STDERR_REDIRECT] [Fatal Error] :1:1: Premature end of file.
2026-01-22 20:23:25,355 [ERROR] LogOutputStream:75 - [STDERR_REDIRECT] 
2026-01-22 20:23:26,358 [ERROR] LogOutputStream:75 - [STDERR_REDIRECT] [Fatal Error] :1:1: Premature end of file.
2026-01-22 20:23:26,358 [ERROR] LogOutputStream:75 - [STDERR_REDIRECT] 
2026-01-22 20:23:27,356 [ERROR] LogOutputStream:75 - [STDERR_REDIRECT] [Fatal Error] :1:1: Premature end of file.
2026-01-22 20:23:27,356 [ERROR] LogOutputStream:75 - [STDERR_REDIRECT] 
2026-01-22 20:23:28,358 [ERROR] LogOutputStream:75 - [STDERR_REDIRECT] [Fatal Error] :1:1: Premature end of file.
2026-01-22 20:23:28,358 [ERROR] LogOutputStream:75 - [STDERR_REDIRECT] 
2026-01-22 20:23:29,367 [ERROR] LogOutputStream:75 - [STDERR_REDIRECT] [Fatal Error] :1:1: Premature end of file.
2026-01-22 20:23:29,367 [ERROR] LogOutputStream:75 - [STDERR_REDIRECT] 
2026-01-22 20:23:30,354 [ERROR] LogOutputStream:75 - [STDERR_REDIRECT] [Fatal Error] :1:1: Premature end of file.
2026-01-22 20:23:30,354 [ERROR] LogOutputStream:75 - [STDERR_REDIRECT] 
2026-01-22 20:23:31,367 [ERROR] LogOutputStream:75 - [STDERR_REDIRECT] [Fatal Error] :1:1: Premature end of file.
2026-01-22 20:23:31,369 [ERROR] LogOutputStream:75 - [STDERR_REDIRECT] 
2026-01-22 20:23:32,347 [ERROR] LogOutputStream:75 - [STDERR_REDIRECT] [Fatal Error] :1:1: Premature end of file.
2026-01-22 20:23:32,347 [ERROR] LogOutputStream:75 - [STDERR_REDIRECT] 
2026-01-22 20:23:33,357 [ERROR] LogOutputStream:75 - [STDERR_REDIRECT] [Fatal Error] :1:1: Premature end of file.
2026-01-22 20:23:33,357 [ERROR] LogOutputStream:75 - [STDERR_REDIRECT] 
2026-01-22 20:23:34,352 [ERROR] LogOutputStream:75 - [STDERR_REDIRECT] [Fatal Error] :1:1: Premature end of file.
2026-01-22 20:23:34,352 [ERROR] LogOutputStream:75 - [STDERR_REDIRECT] 
2026-01-22 20:23:35,362 [ERROR] LogOutputStream:75 - [STDERR_REDIRECT] [Fatal Error] :1:1: Premature end of file.
2026-01-22 20:23:35,362 [ERROR] LogOutputStream:75 - [STDERR_REDIRECT] 
2026-01-22 20:23:36,352 [ERROR] LogOutputStream:75 - [STDERR_REDIRECT] [Fatal Error] :1:1: Premature end of file.
2026-01-22 20:23:36,352 [ERROR] LogOutputStream:75 - [STDERR_REDIRECT] 
2026-01-22 20:23:37,361 [ERROR] LogOutputStream:75 - [STDERR_REDIRECT] [Fatal Error] :1:1: Premature end of file.
2026-01-22 20:23:37,362 [ERROR] LogOutputStream:75 - [STDERR_REDIRECT] 
2026-01-22 20:23:38,352 [ERROR] LogOutputStream:75 - [STDERR_REDIRECT] [Fatal Error] :1:1: Premature end of file.
2026-01-22 20:23:38,352 [ERROR] LogOutputStream:75 - [STDERR_REDIRECT] 
2026-01-22 20:23:39,351 [ERROR] LogOutputStream:75 - [STDERR_REDIRECT] [Fatal Error] :1:1: Premature end of file.
2026-01-22 20:23:39,351 [ERROR] LogOutputStream:75 - [STDERR_REDIRECT] 
2026-01-22 20:23:40,351 [ERROR] LogOutputStream:75 - [STDERR_REDIRECT] [Fatal Error] :1:1: Premature end of file.
2026-01-22 20:23:40,351 [ERROR] LogOutputStream:75 - [STDERR_REDIRECT] 
2026-01-22 20:23:41,342 [ERROR] LogOutputStream:75 - [STDERR_REDIRECT] [Fatal Error] :1:1: Premature end of file.
2026-01-22 20:23:41,342 [ERROR] LogOutputStream:75 - [STDERR_REDIRECT] 
2026-01-22 20:23:42,358 [ERROR] LogOutputStream:75 - [STDERR_REDIRECT] [Fatal Error] :1:1: Premature end of file.
2026-01-22 20:23:42,358 [ERROR] LogOutputStream:75 - [STDERR_REDIRECT] 
2026-01-22 20:23:43,355 [ERROR] LogOutputStream:75 - [STDERR_REDIRECT] [Fatal Error] :1:1: Premature end of file.
2026-01-22 20:23:43,355 [ERROR] LogOutputStream:75 - [STDERR_REDIRECT] 
2026-01-22 20:23:44,360 [ERROR] LogOutputStream:75 - [STDERR_REDIRECT] [Fatal Error] :1:1: Premature end of file.
2026-01-22 20:23:44,360 [ERROR] LogOutputStream:75 - [STDERR_REDIRECT] 
2026-01-22 20:23:45,365 [ERROR] LogOutputStream:75 - [STDERR_REDIRECT] [Fatal Error] :1:1: Premature end of file.
2026-01-22 20:23:45,365 [ERROR] LogOutputStream:75 - [STDERR_REDIRECT] 
2026-01-22 20:23:46,351 [ERROR] LogOutputStream:75 - [STDERR_REDIRECT] [Fatal Error] :1:1: Premature end of file.
2026-01-22 20:23:46,351 [ERROR] LogOutputStream:75 - [STDERR_REDIRECT] 
2026-01-22 20:23:47,353 [ERROR] LogOutputStream:75 - [STDERR_REDIRECT] [Fatal Error] :1:1: Premature end of file.
2026-01-22 20:23:47,353 [ERROR] LogOutputStream:75 - [STDERR_REDIRECT] 
2026-01-22 20:23:48,353 [ERROR] LogOutputStream:75 - [STDERR_REDIRECT] [Fatal Error] :1:1: Premature end of file.
2026-01-22 20:23:48,353 [ERROR] LogOutputStream:75 - [STDERR_REDIRECT] 
2026-01-22 20:23:49,358 [ERROR] LogOutputStream:75 - [STDERR_REDIRECT] [Fatal Error] :1:1: Premature end of file.
2026-01-22 20:23:49,358 [ERROR] LogOutputStream:75 - [STDERR_REDIRECT] 
2026-01-22 20:23:50,363 [ERROR] LogOutputStream:75 - [STDERR_REDIRECT] [Fatal Error] :1:1: Premature end of file.
2026-01-22 20:23:50,363 [ERROR] LogOutputStream:75 - [STDERR_REDIRECT] 
2026-01-22 20:23:51,350 [ERROR] LogOutputStream:75 - [STDERR_REDIRECT] [Fatal Error] :1:1: Premature end of file.
2026-01-22 20:23:51,350 [ERROR] LogOutputStream:75 - [STDERR_REDIRECT] 
2026-01-22 20:23:52,358 [ERROR] LogOutputStream:75 - [STDERR_REDIRECT] [Fatal Error] :1:1: Premature end of file.
2026-01-22 20:23:52,358 [ERROR] LogOutputStream:75 - [STDERR_REDIRECT] 
2026-01-22 20:23:53,373 [ERROR] LogOutputStream:75 - [STDERR_REDIRECT] [Fatal Error] :1:1: Premature end of file.
2026-01-22 20:23:53,373 [ERROR] LogOutputStream:75 - [STDERR_REDIRECT] 
2026-01-22 20:23:54,355 [ERROR] LogOutputStream:75 - [STDERR_REDIRECT] [Fatal Error] :1:1: Premature end of file.
2026-01-22 20:23:54,355 [ERROR] LogOutputStream:75 - [STDERR_REDIRECT] 
2026-01-22 20:23:55,358 [ERROR] LogOutputStream:75 - [STDERR_REDIRECT] [Fatal Error] :1:1: Premature end of file.
2026-01-22 20:23:55,358 [ERROR] LogOutputStream:75 - [STDERR_REDIRECT] 
2026-01-22 20:23:56,356 [ERROR] LogOutputStream:75 - [STDERR_REDIRECT] [Fatal Error] :1:1: Premature end of file.
2026-01-22 20:23:56,356 [ERROR] LogOutputStream:75 - [STDERR_REDIRECT] 
2026-01-22 20:23:57,365 [ERROR] LogOutputStream:75 - [STDERR_REDIRECT] [Fatal Error] :1:1: Premature end of file.
2026-01-22 20:23:57,365 [ERROR] LogOutputStream:75 - [STDERR_REDIRECT] 
2026-01-22 20:23:58,351 [ERROR] LogOutputStream:75 - [STDERR_REDIRECT] [Fatal Error] :1:1: Premature end of file.
2026-01-22 20:23:58,351 [ERROR] LogOutputStream:75 - [STDERR_REDIRECT] 
2026-01-22 20:23:59,349 [ERROR] LogOutputStream:75 - [STDERR_REDIRECT] [Fatal Error] :1:1: Premature end of file.
2026-01-22 20:23:59,349 [ERROR] LogOutputStream:75 - [STDERR_REDIRECT] 
2026-01-22 20:24:00,371 [ERROR] LogOutputStream:75 - [STDERR_REDIRECT] [Fatal Error] :1:1: Premature end of file.
2026-01-22 20:24:00,371 [ERROR] LogOutputStream:75 - [STDERR_REDIRECT] 
2026-01-22 20:24:01,360 [ERROR] LogOutputStream:75 - [STDERR_REDIRECT] [Fatal Error] :1:1: Premature end of file.
2026-01-22 20:24:01,360 [ERROR] LogOutputStream:75 - [STDERR_REDIRECT] 
2026-01-22 20:24:02,360 [ERROR] LogOutputStream:75 - [STDERR_REDIRECT] [Fatal Error] :1:1: Premature end of file.
2026-01-22 20:24:02,360 [ERROR] LogOutputStream:75 - [STDERR_REDIRECT] 
2026-01-22 20:24:03,358 [ERROR] LogOutputStream:75 - [STDERR_REDIRECT] [Fatal Error] :1:1: Premature end of file.
2026-01-22 20:24:03,358 [ERROR] LogOutputStream:75 - [STDERR_REDIRECT] 
2026-01-22 20:24:04,355 [ERROR] LogOutputStream:75 - [STDERR_REDIRECT] [Fatal Error] :1:1: Premature end of file.
2026-01-22 20:24:04,355 [ERROR] LogOutputStream:75 - [STDERR_REDIRECT] 
2026-01-22 20:24:05,364 [ERROR] LogOutputStream:75 - [STDERR_REDIRECT] [Fatal Error] :1:1: Premature end of file.
2026-01-22 20:24:05,367 [ERROR] LogOutputStream:75 - [STDERR_REDIRECT] 
2026-01-22 20:24:06,363 [ERROR] LogOutputStream:75 - [STDERR_REDIRECT] [Fatal Error] :1:1: Premature end of file.
2026-01-22 20:24:06,363 [ERROR] LogOutputStream:75 - [STDERR_REDIRECT] 
2026-01-22 20:24:07,352 [ERROR] LogOutputStream:75 - [STDERR_REDIRECT] [Fatal Error] :1:1: Premature end of file.
2026-01-22 20:24:07,352 [ERROR] LogOutputStream:75 - [STDERR_REDIRECT] 
2026-01-22 20:24:08,352 [ERROR] LogOutputStream:75 - [STDERR_REDIRECT] [Fatal Error] :1:1: Premature end of file.
2026-01-22 20:24:08,352 [ERROR] LogOutputStream:75 - [STDERR_REDIRECT] 
2026-01-22 20:24:09,357 [ERROR] LogOutputStream:75 - [STDERR_REDIRECT] [Fatal Error] :1:1: Premature end of file.
2026-01-22 20:24:09,357 [ERROR] LogOutputStream:75 - [STDERR_REDIRECT] 
2026-01-22 20:24:10,364 [ERROR] LogOutputStream:75 - [STDERR_REDIRECT] [Fatal Error] :1:1: Premature end of file.
2026-01-22 20:24:10,364 [ERROR] LogOutputStream:75 - [STDERR_REDIRECT] 
2026-01-22 20:24:11,352 [ERROR] LogOutputStream:75 - [STDERR_REDIRECT] [Fatal Error] :1:1: Premature end of file.
2026-01-22 20:24:11,352 [ERROR] LogOutputStream:75 - [STDERR_REDIRECT] 
2026-01-22 20:24:12,355 [ERROR] LogOutputStream:75 - [STDERR_REDIRECT] [Fatal Error] :1:1: Premature end of file.
2026-01-22 20:24:12,355 [ERROR] LogOutputStream:75 - [STDERR_REDIRECT] 
2026-01-22 20:24:13,354 [ERROR] LogOutputStream:75 - [STDERR_REDIRECT] [Fatal Error] :1:1: Premature end of file.
2026-01-22 20:24:13,354 [ERROR] LogOutputStream:75 - [STDERR_REDIRECT] 
2026-01-22 20:24:14,359 [ERROR] LogOutputStream:75 - [STDERR_REDIRECT] [Fatal Error] :1:1: Premature end of file.
2026-01-22 20:24:14,359 [ERROR] LogOutputStream:75 - [STDERR_REDIRECT] 
2026-01-22 20:24:15,355 [ERROR] LogOutputStream:75 - [STDERR_REDIRECT] [Fatal Error] :1:1: Premature end of file.
2026-01-22 20:24:15,355 [ERROR] LogOutputStream:75 - [STDERR_REDIRECT] 
2026-01-22 20:24:16,356 [ERROR] LogOutputStream:75 - [STDERR_REDIRECT] [Fatal Error] :1:1: Premature end of file.
2026-01-22 20:24:16,357 [ERROR] LogOutputStream:75 - [STDERR_REDIRECT] 
2026-01-22 20:24:17,352 [ERROR] LogOutputStream:75 - [STDERR_REDIRECT] [Fatal Error] :1:1: Premature end of file.
2026-01-22 20:24:17,352 [ERROR] LogOutputStream:75 - [STDERR_REDIRECT] 
2026-01-22 20:24:18,352 [ERROR] LogOutputStream:75 - [STDERR_REDIRECT] [Fatal Error] :1:1: Premature end of file.
2026-01-22 20:24:18,352 [ERROR] LogOutputStream:75 - [STDERR_REDIRECT] 
2026-01-22 20:24:19,353 [ERROR] LogOutputStream:75 - [STDERR_REDIRECT] [Fatal Error] :1:1: Premature end of file.
2026-01-22 20:24:19,353 [ERROR] LogOutputStream:75 - [STDERR_REDIRECT] 
2026-01-22 20:24:20,350 [ERROR] LogOutputStream:75 - [STDERR_REDIRECT] [Fatal Error] :1:1: Premature end of file.
2026-01-22 20:24:20,350 [ERROR] LogOutputStream:75 - [STDERR_REDIRECT] 
2026-01-22 20:24:21,355 [ERROR] LogOutputStream:75 - [STDERR_REDIRECT] [Fatal Error] :1:1: Premature end of file.
2026-01-22 20:24:21,355 [ERROR] LogOutputStream:75 - [STDERR_REDIRECT] 
2026-01-22 20:24:22,350 [ERROR] LogOutputStream:75 - [STDERR_REDIRECT] [Fatal Error] :1:1: Premature end of file.
2026-01-22 20:24:22,350 [ERROR] LogOutputStream:75 - [STDERR_REDIRECT] 
2026-01-22 20:24:23,358 [ERROR] LogOutputStream:75 - [STDERR_REDIRECT] [Fatal Error] :1:1: Premature end of file.
2026-01-22 20:24:23,360 [ERROR] LogOutputStream:75 - [STDERR_REDIRECT] 
2026-01-22 20:24:24,352 [ERROR] LogOutputStream:75 - [STDERR_REDIRECT] [Fatal Error] :1:1: Premature end of file.
2026-01-22 20:24:24,353 [ERROR] LogOutputStream:75 - [STDERR_REDIRECT] 
2026-01-22 20:24:25,377 [ERROR] LogOutputStream:75 - [STDERR_REDIRECT] [Fatal Error] :1:1: Premature end of file.
2026-01-22 20:24:25,378 [ERROR] LogOutputStream:75 - [STDERR_REDIRECT] 
2026-01-22 20:24:26,361 [ERROR] LogOutputStream:75 - [STDERR_REDIRECT] [Fatal Error] :1:1: Premature end of file.
2026-01-22 20:24:26,361 [ERROR] LogOutputStream:75 - [STDERR_REDIRECT] 
2026-01-22 20:24:27,363 [ERROR] LogOutputStream:75 - [STDERR_REDIRECT] [Fatal Error] :1:1: Premature end of file.
2026-01-22 20:24:27,363 [ERROR] LogOutputStream:75 - [STDERR_REDIRECT] 
2026-01-22 20:24:28,355 [ERROR] LogOutputStream:75 - [STDERR_REDIRECT] [Fatal Error] :1:1: Premature end of file.
2026-01-22 20:24:28,355 [ERROR] LogOutputStream:75 - [STDERR_REDIRECT] 
2026-01-22 20:24:29,355 [ERROR] LogOutputStream:75 - [STDERR_REDIRECT] [Fatal Error] :1:1: Premature end of file.
2026-01-22 20:24:29,355 [ERROR] LogOutputStream:75 - [STDERR_REDIRECT] 
2026-01-22 20:24:30,349 [ERROR] LogOutputStream:75 - [STDERR_REDIRECT] [Fatal Error] :1:1: Premature end of file.
2026-01-22 20:24:30,349 [ERROR] LogOutputStream:75 - [STDERR_REDIRECT] 
2026-01-22 20:24:31,351 [ERROR] LogOutputStream:75 - [STDERR_REDIRECT] [Fatal Error] :1:1: Premature end of file.
2026-01-22 20:24:31,351 [ERROR] LogOutputStream:75 - [STDERR_REDIRECT] 
2026-01-22 20:24:32,360 [ERROR] LogOutputStream:75 - [STDERR_REDIRECT] [Fatal Error] :1:1: Premature end of file.
2026-01-22 20:24:32,360 [ERROR] LogOutputStream:75 - [STDERR_REDIRECT] 
2026-01-22 20:24:33,364 [ERROR] LogOutputStream:75 - [STDERR_REDIRECT] [Fatal Error] :1:1: Premature end of file.
2026-01-22 20:24:33,365 [ERROR] LogOutputStream:75 - [STDERR_REDIRECT] 
2026-01-22 20:24:34,352 [ERROR] LogOutputStream:75 - [STDERR_REDIRECT] [Fatal Error] :1:1: Premature end of file.
2026-01-22 20:24:34,352 [ERROR] LogOutputStream:75 - [STDERR_REDIRECT] 
2026-01-22 20:24:35,356 [ERROR] LogOutputStream:75 - [STDERR_REDIRECT] [Fatal Error] :1:1: Premature end of file.
2026-01-22 20:24:35,356 [ERROR] LogOutputStream:75 - [STDERR_REDIRECT] 
2026-01-22 20:24:36,350 [ERROR] LogOutputStream:75 - [STDERR_REDIRECT] [Fatal Error] :1:1: Premature end of file.
2026-01-22 20:24:36,350 [ERROR] LogOutputStream:75 - [STDERR_REDIRECT] 
2026-01-22 20:24:37,353 [ERROR] LogOutputStream:75 - [STDERR_REDIRECT] [Fatal Error] :1:1: Premature end of file.
2026-01-22 20:24:37,353 [ERROR] LogOutputStream:75 - [STDERR_REDIRECT] 
2026-01-22 20:24:38,353 [ERROR] LogOutputStream:75 - [STDERR_REDIRECT] [Fatal Error] :1:1: Premature end of file.
2026-01-22 20:24:38,353 [ERROR] LogOutputStream:75 - [STDERR_REDIRECT] 
2026-01-22 20:24:39,351 [ERROR] LogOutputStream:75 - [STDERR_REDIRECT] [Fatal Error] :1:1: Premature end of file.
2026-01-22 20:24:39,351 [ERROR] LogOutputStream:75 - [STDERR_REDIRECT] 
2026-01-22 20:24:40,360 [ERROR] LogOutputStream:75 - [STDERR_REDIRECT] [Fatal Error] :1:1: Premature end of file.
2026-01-22 20:24:40,360 [ERROR] LogOutputStream:75 - [STDERR_REDIRECT] 
2026-01-22 20:24:41,355 [ERROR] LogOutputStream:75 - [STDERR_REDIRECT] [Fatal Error] :1:1: Premature end of file.
2026-01-22 20:24:41,355 [ERROR] LogOutputStream:75 - [STDERR_REDIRECT] 
2026-01-22 20:24:42,355 [ERROR] LogOutputStream:75 - [STDERR_REDIRECT] [Fatal Error] :1:1: Premature end of file.
2026-01-22 20:24:42,355 [ERROR] LogOutputStream:75 - [STDERR_REDIRECT] 
2026-01-22 20:24:43,353 [ERROR] LogOutputStream:75 - [STDERR_REDIRECT] [Fatal Error] :1:1: Premature end of file.
2026-01-22 20:24:43,353 [ERROR] LogOutputStream:75 - [STDERR_REDIRECT] 
2026-01-22 20:24:44,353 [ERROR] LogOutputStream:75 - [STDERR_REDIRECT] [Fatal Error] :1:1: Premature end of file.
2026-01-22 20:24:44,353 [ERROR] LogOutputStream:75 - [STDERR_REDIRECT] 
2026-01-22 20:24:45,354 [ERROR] LogOutputStream:75 - [STDERR_REDIRECT] [Fatal Error] :1:1: Premature end of file.
2026-01-22 20:24:45,354 [ERROR] LogOutputStream:75 - [STDERR_REDIRECT] 
2026-01-22 20:24:46,355 [ERROR] LogOutputStream:75 - [STDERR_REDIRECT] [Fatal Error] :1:1: Premature end of file.
2026-01-22 20:24:46,355 [ERROR] LogOutputStream:75 - [STDERR_REDIRECT] 
2026-01-22 20:24:47,353 [ERROR] LogOutputStream:75 - [STDERR_REDIRECT] [Fatal Error] :1:1: Premature end of file.
2026-01-22 20:24:47,353 [ERROR] LogOutputStream:75 - [STDERR_REDIRECT] 
2026-01-22 20:24:48,346 [ERROR] LogOutputStream:75 - [STDERR_REDIRECT] [Fatal Error] :1:1: Premature end of file.
2026-01-22 20:24:48,346 [ERROR] LogOutputStream:75 - [STDERR_REDIRECT] 
2026-01-22 20:24:49,353 [ERROR] LogOutputStream:75 - [STDERR_REDIRECT] [Fatal Error] :1:1: Premature end of file.
2026-01-22 20:24:49,353 [ERROR] LogOutputStream:75 - [STDERR_REDIRECT] 
2026-01-22 20:24:50,359 [ERROR] LogOutputStream:75 - [STDERR_REDIRECT] [Fatal Error] :1:1: Premature end of file.
2026-01-22 20:24:50,359 [ERROR] LogOutputStream:75 - [STDERR_REDIRECT] 
2026-01-22 20:24:51,362 [ERROR] LogOutputStream:75 - [STDERR_REDIRECT] [Fatal Error] :1:1: Premature end of file.
2026-01-22 20:24:51,362 [ERROR] LogOutputStream:75 - [STDERR_REDIRECT] 
2026-01-22 20:24:52,353 [ERROR] LogOutputStream:75 - [STDERR_REDIRECT] [Fatal Error] :1:1: Premature end of file.
2026-01-22 20:24:52,353 [ERROR] LogOutputStream:75 - [STDERR_REDIRECT] 
2026-01-22 20:24:53,354 [ERROR] LogOutputStream:75 - [STDERR_REDIRECT] [Fatal Error] :1:1: Premature end of file.
2026-01-22 20:24:53,354 [ERROR] LogOutputStream:75 - [STDERR_REDIRECT] 
2026-01-22 20:24:54,361 [ERROR] LogOutputStream:75 - [STDERR_REDIRECT] [Fatal Error] :1:1: Premature end of file.
2026-01-22 20:24:54,361 [ERROR] LogOutputStream:75 - [STDERR_REDIRECT] 
2026-01-22 20:24:55,348 [ERROR] LogOutputStream:75 - [STDERR_REDIRECT] [Fatal Error] :1:1: Premature end of file.
2026-01-22 20:24:55,348 [ERROR] LogOutputStream:75 - [STDERR_REDIRECT] 
2026-01-22 20:24:56,366 [ERROR] LogOutputStream:75 - [STDERR_REDIRECT] [Fatal Error] :1:1: Premature end of file.
2026-01-22 20:24:56,366 [ERROR] LogOutputStream:75 - [STDERR_REDIRECT] 
2026-01-22 20:24:57,365 [ERROR] LogOutputStream:75 - [STDERR_REDIRECT] [Fatal Error] :1:1: Premature end of file.
2026-01-22 20:24:57,366 [ERROR] LogOutputStream:75 - [STDERR_REDIRECT] 
2026-01-22 20:24:58,359 [ERROR] LogOutputStream:75 - [STDERR_REDIRECT] [Fatal Error] :1:1: Premature end of file.
2026-01-22 20:24:58,359 [ERROR] LogOutputStream:75 - [STDERR_REDIRECT] 
2026-01-22 20:24:59,360 [ERROR] LogOutputStream:75 - [STDERR_REDIRECT] [Fatal Error] :1:1: Premature end of file.
2026-01-22 20:24:59,361 [ERROR] LogOutputStream:75 - [STDERR_REDIRECT] 
2026-01-22 20:25:00,352 [ERROR] LogOutputStream:75 - [STDERR_REDIRECT] [Fatal Error] :1:1: Premature end of file.
2026-01-22 20:25:00,352 [ERROR] LogOutputStream:75 - [STDERR_REDIRECT] 
2026-01-22 20:25:01,352 [ERROR] LogOutputStream:75 - [STDERR_REDIRECT] [Fatal Error] :1:1: Premature end of file.
2026-01-22 20:25:01,352 [ERROR] LogOutputStream:75 - [STDERR_REDIRECT] 
2026-01-22 20:25:02,346 [ERROR] LogOutputStream:75 - [STDERR_REDIRECT] [Fatal Error] :1:1: Premature end of file.
2026-01-22 20:25:02,346 [ERROR] LogOutputStream:75 - [STDERR_REDIRECT] 
2026-01-22 20:25:03,352 [ERROR] LogOutputStream:75 - [STDERR_REDIRECT] [Fatal Error] :1:1: Premature end of file.
2026-01-22 20:25:03,352 [ERROR] LogOutputStream:75 - [STDERR_REDIRECT] 
2026-01-22 20:25:04,359 [ERROR] LogOutputStream:75 - [STDERR_REDIRECT] [Fatal Error] :1:1: Premature end of file.
2026-01-22 20:25:04,360 [ERROR] LogOutputStream:75 - [STDERR_REDIRECT] 
2026-01-22 20:25:05,352 [ERROR] LogOutputStream:75 - [STDERR_REDIRECT] [Fatal Error] :1:1: Premature end of file.
2026-01-22 20:25:05,352 [ERROR] LogOutputStream:75 - [STDERR_REDIRECT] 
2026-01-22 20:25:06,346 [ERROR] LogOutputStream:75 - [STDERR_REDIRECT] [Fatal Error] :1:1: Premature end of file.
2026-01-22 20:25:06,346 [ERROR] LogOutputStream:75 - [STDERR_REDIRECT] 
2026-01-22 20:25:07,351 [ERROR] LogOutputStream:75 - [STDERR_REDIRECT] [Fatal Error] :1:1: Premature end of file.
2026-01-22 20:25:07,351 [ERROR] LogOutputStream:75 - [STDERR_REDIRECT] 
2026-01-22 20:25:08,367 [ERROR] LogOutputStream:75 - [STDERR_REDIRECT] [Fatal Error] :1:1: Premature end of file.
2026-01-22 20:25:08,367 [ERROR] LogOutputStream:75 - [STDERR_REDIRECT] 
2026-01-22 20:25:09,351 [ERROR] LogOutputStream:75 - [STDERR_REDIRECT] [Fatal Error] :1:1: Premature end of file.
2026-01-22 20:25:09,351 [ERROR] LogOutputStream:75 - [STDERR_REDIRECT] 
2026-01-22 20:25:10,352 [ERROR] LogOutputStream:75 - [STDERR_REDIRECT] [Fatal Error] :1:1: Premature end of file.
2026-01-22 20:25:10,352 [ERROR] LogOutputStream:75 - [STDERR_REDIRECT] 
2026-01-22 20:25:11,355 [ERROR] LogOutputStream:75 - [STDERR_REDIRECT] [Fatal Error] :1:1: Premature end of file.
2026-01-22 20:25:11,355 [ERROR] LogOutputStream:75 - [STDERR_REDIRECT] 
2026-01-22 20:25:12,351 [ERROR] LogOutputStream:75 - [STDERR_REDIRECT] [Fatal Error] :1:1: Premature end of file.
2026-01-22 20:25:12,351 [ERROR] LogOutputStream:75 - [STDERR_REDIRECT] 
2026-01-22 20:25:13,351 [ERROR] LogOutputStream:75 - [STDERR_REDIRECT] [Fatal Error] :1:1: Premature end of file.
2026-01-22 20:25:13,351 [ERROR] LogOutputStream:75 - [STDERR_REDIRECT] 
2026-01-22 20:25:14,346 [ERROR] LogOutputStream:75 - [STDERR_REDIRECT] [Fatal Error] :1:1: Premature end of file.
2026-01-22 20:25:14,347 [ERROR] LogOutputStream:75 - [STDERR_REDIRECT] 
2026-01-22 20:25:15,346 [ERROR] LogOutputStream:75 - [STDERR_REDIRECT] [Fatal Error] :1:1: Premature end of file.
2026-01-22 20:25:15,346 [ERROR] LogOutputStream:75 - [STDERR_REDIRECT] 
2026-01-22 20:25:16,350 [ERROR] LogOutputStream:75 - [STDERR_REDIRECT] [Fatal Error] :1:1: Premature end of file.
2026-01-22 20:25:16,350 [ERROR] LogOutputStream:75 - [STDERR_REDIRECT] 
2026-01-22 20:25:17,364 [ERROR] LogOutputStream:75 - [STDERR_REDIRECT] [Fatal Error] :1:1: Premature end of file.
2026-01-22 20:25:17,364 [ERROR] LogOutputStream:75 - [STDERR_REDIRECT] 
2026-01-22 20:25:18,348 [ERROR] LogOutputStream:75 - [STDERR_REDIRECT] [Fatal Error] :1:1: Premature end of file.
2026-01-22 20:25:18,348 [ERROR] LogOutputStream:75 - [STDERR_REDIRECT] 
2026-01-22 20:25:19,358 [ERROR] LogOutputStream:75 - [STDERR_REDIRECT] [Fatal Error] :1:1: Premature end of file.
2026-01-22 20:25:19,359 [ERROR] LogOutputStream:75 - [STDERR_REDIRECT] 
2026-01-22 20:25:20,347 [ERROR] LogOutputStream:75 - [STDERR_REDIRECT] [Fatal Error] :1:1: Premature end of file.
2026-01-22 20:25:20,347 [ERROR] LogOutputStream:75 - [STDERR_REDIRECT] 
2026-01-22 20:25:21,335 [ERROR] LogOutputStream:75 - [STDERR_REDIRECT] [Fatal Error] :1:1: Premature end of file.
2026-01-22 20:25:21,335 [ERROR] LogOutputStream:75 - [STDERR_REDIRECT] 
2026-01-22 20:25:22,349 [ERROR] LogOutputStream:75 - [STDERR_REDIRECT] [Fatal Error] :1:1: Premature end of file.
2026-01-22 20:25:22,349 [ERROR] LogOutputStream:75 - [STDERR_REDIRECT] 
2026-01-22 20:25:23,354 [ERROR] LogOutputStream:75 - [STDERR_REDIRECT] [Fatal Error] :1:1: Premature end of file.
2026-01-22 20:25:23,354 [ERROR] LogOutputStream:75 - [STDERR_REDIRECT] 
2026-01-22 20:25:24,361 [ERROR] LogOutputStream:75 - [STDERR_REDIRECT] [Fatal Error] :1:1: Premature end of file.
2026-01-22 20:25:24,361 [ERROR] LogOutputStream:75 - [STDERR_REDIRECT] 
2026-01-22 20:25:25,346 [ERROR] LogOutputStream:75 - [STDERR_REDIRECT] [Fatal Error] :1:1: Premature end of file.
2026-01-22 20:25:25,346 [ERROR] LogOutputStream:75 - [STDERR_REDIRECT] 
2026-01-22 20:25:26,351 [ERROR] LogOutputStream:75 - [STDERR_REDIRECT] [Fatal Error] :1:1: Premature end of file.
2026-01-22 20:25:26,351 [ERROR] LogOutputStream:75 - [STDERR_REDIRECT] 
2026-01-22 20:25:27,357 [ERROR] LogOutputStream:75 - [STDERR_REDIRECT] [Fatal Error] :1:1: Premature end of file.
2026-01-22 20:25:27,357 [ERROR] LogOutputStream:75 - [STDERR_REDIRECT] 
2026-01-22 20:25:28,338 [ERROR] LogOutputStream:75 - [STDERR_REDIRECT] [Fatal Error] :1:1: Premature end of file.
2026-01-22 20:25:28,338 [ERROR] LogOutputStream:75 - [STDERR_REDIRECT] 
2026-01-22 20:25:29,351 [ERROR] LogOutputStream:75 - [STDERR_REDIRECT] [Fatal Error] :1:1: Premature end of file.
2026-01-22 20:25:29,351 [ERROR] LogOutputStream:75 - [STDERR_REDIRECT] 
2026-01-22 20:25:30,352 [ERROR] LogOutputStream:75 - [STDERR_REDIRECT] [Fatal Error] :1:1: Premature end of file.
2026-01-22 20:25:30,352 [ERROR] LogOutputStream:75 - [STDERR_REDIRECT] 
2026-01-22 20:25:31,348 [ERROR] LogOutputStream:75 - [STDERR_REDIRECT] [Fatal Error] :1:1: Premature end of file.
2026-01-22 20:25:31,348 [ERROR] LogOutputStream:75 - [STDERR_REDIRECT] 
2026-01-22 20:25:32,366 [ERROR] LogOutputStream:75 - [STDERR_REDIRECT] [Fatal Error] :1:1: Premature end of file.
2026-01-22 20:25:32,366 [ERROR] LogOutputStream:75 - [STDERR_REDIRECT] 
2026-01-22 20:25:33,357 [ERROR] LogOutputStream:75 - [STDERR_REDIRECT] [Fatal Error] :1:1: Premature end of file.
2026-01-22 20:25:33,357 [ERROR] LogOutputStream:75 - [STDERR_REDIRECT] 
2026-01-22 20:25:34,354 [ERROR] LogOutputStream:75 - [STDERR_REDIRECT] [Fatal Error] :1:1: Premature end of file.
2026-01-22 20:25:34,354 [ERROR] LogOutputStream:75 - [STDERR_REDIRECT] 
2026-01-22 20:25:35,345 [ERROR] LogOutputStream:75 - [STDERR_REDIRECT] [Fatal Error] :1:1: Premature end of file.
2026-01-22 20:25:35,345 [ERROR] LogOutputStream:75 - [STDERR_REDIRECT] 
2026-01-22 20:25:36,342 [ERROR] LogOutputStream:75 - [STDERR_REDIRECT] [Fatal Error] :1:1: Premature end of file.
2026-01-22 20:25:36,342 [ERROR] LogOutputStream:75 - [STDERR_REDIRECT] 
2026-01-22 20:25:37,342 [ERROR] LogOutputStream:75 - [STDERR_REDIRECT] [Fatal Error] :1:1: Premature end of file.
2026-01-22 20:25:37,342 [ERROR] LogOutputStream:75 - [STDERR_REDIRECT] 
2026-01-22 20:25:38,341 [ERROR] LogOutputStream:75 - [STDERR_REDIRECT] [Fatal Error] :1:1: Premature end of file.
2026-01-22 20:25:38,341 [ERROR] LogOutputStream:75 - [STDERR_REDIRECT] 
2026-01-22 20:25:39,344 [ERROR] LogOutputStream:75 - [STDERR_REDIRECT] [Fatal Error] :1:1: Premature end of file.
2026-01-22 20:25:39,344 [ERROR] LogOutputStream:75 - [STDERR_REDIRECT] 
2026-01-22 20:25:40,343 [ERROR] LogOutputStream:75 - [STDERR_REDIRECT] [Fatal Error] :1:1: Premature end of file.
2026-01-22 20:25:40,343 [ERROR] LogOutputStream:75 - [STDERR_REDIRECT] 
2026-01-22 20:25:41,342 [ERROR] LogOutputStream:75 - [STDERR_REDIRECT] [Fatal Error] :1:1: Premature end of file.
2026-01-22 20:25:41,342 [ERROR] LogOutputStream:75 - [STDERR_REDIRECT] 
2026-01-22 20:25:42,339 [ERROR] LogOutputStream:75 - [STDERR_REDIRECT] [Fatal Error] :1:1: Premature end of file.
2026-01-22 20:25:42,339 [ERROR] LogOutputStream:75 - [STDERR_REDIRECT] 
2026-01-22 20:25:43,345 [ERROR] LogOutputStream:75 - [STDERR_REDIRECT] [Fatal Error] :1:1: Premature end of file.
2026-01-22 20:25:43,345 [ERROR] LogOutputStream:75 - [STDERR_REDIRECT] 
2026-01-22 20:25:44,345 [ERROR] LogOutputStream:75 - [STDERR_REDIRECT] [Fatal Error] :1:1: Premature end of file.
2026-01-22 20:25:44,345 [ERROR] LogOutputStream:75 - [STDERR_REDIRECT] 
2026-01-22 20:25:45,346 [ERROR] LogOutputStream:75 - [STDERR_REDIRECT] [Fatal Error] :1:1: Premature end of file.
2026-01-22 20:25:45,346 [ERROR] LogOutputStream:75 - [STDERR_REDIRECT] 
2026-01-22 20:25:46,342 [ERROR] LogOutputStream:75 - [STDERR_REDIRECT] [Fatal Error] :1:1: Premature end of file.
2026-01-22 20:25:46,342 [ERROR] LogOutputStream:75 - [STDERR_REDIRECT] 
2026-01-22 20:25:47,340 [ERROR] LogOutputStream:75 - [STDERR_REDIRECT] [Fatal Error] :1:1: Premature end of file.
2026-01-22 20:25:47,340 [ERROR] LogOutputStream:75 - [STDERR_REDIRECT] 
2026-01-22 20:25:48,346 [ERROR] LogOutputStream:75 - [STDERR_REDIRECT] [Fatal Error] :1:1: Premature end of file.
2026-01-22 20:25:48,346 [ERROR] LogOutputStream:75 - [STDERR_REDIRECT] 
2026-01-22 20:25:49,341 [ERROR] LogOutputStream:75 - [STDERR_REDIRECT] [Fatal Error] :1:1: Premature end of file.
2026-01-22 20:25:49,341 [ERROR] LogOutputStream:75 - [STDERR_REDIRECT] 
2026-01-22 20:25:50,348 [ERROR] LogOutputStream:75 - [STDERR_REDIRECT] [Fatal Error] :1:1: Premature end of file.
2026-01-22 20:25:50,348 [ERROR] LogOutputStream:75 - [STDERR_REDIRECT] 
2026-01-22 20:25:51,350 [ERROR] LogOutputStream:75 - [STDERR_REDIRECT] [Fatal Error] :1:1: Premature end of file.
2026-01-22 20:25:51,350 [ERROR] LogOutputStream:75 - [STDERR_REDIRECT] 
2026-01-22 20:25:52,343 [ERROR] LogOutputStream:75 - [STDERR_REDIRECT] [Fatal Error] :1:1: Premature end of file.
2026-01-22 20:25:52,343 [ERROR] LogOutputStream:75 - [STDERR_REDIRECT] 
2026-01-22 20:25:53,347 [ERROR] LogOutputStream:75 - [STDERR_REDIRECT] [Fatal Error] :1:1: Premature end of file.
2026-01-22 20:25:53,347 [ERROR] LogOutputStream:75 - [STDERR_REDIRECT] 
2026-01-22 20:25:54,348 [ERROR] LogOutputStream:75 - [STDERR_REDIRECT] [Fatal Error] :1:1: Premature end of file.
2026-01-22 20:25:54,348 [ERROR] LogOutputStream:75 - [STDERR_REDIRECT] 
2026-01-22 20:25:55,341 [ERROR] LogOutputStream:75 - [STDERR_REDIRECT] [Fatal Error] :1:1: Premature end of file.
2026-01-22 20:25:55,341 [ERROR] LogOutputStream:75 - [STDERR_REDIRECT] 
2026-01-22 20:25:56,344 [ERROR] LogOutputStream:75 - [STDERR_REDIRECT] [Fatal Error] :1:1: Premature end of file.
2026-01-22 20:25:56,345 [ERROR] LogOutputStream:75 - [STDERR_REDIRECT] 
2026-01-22 20:25:57,344 [ERROR] LogOutputStream:75 - [STDERR_REDIRECT] [Fatal Error] :1:1: Premature end of file.
2026-01-22 20:25:57,344 [ERROR] LogOutputStream:75 - [STDERR_REDIRECT] 
2026-01-22 20:25:58,340 [ERROR] LogOutputStream:75 - [STDERR_REDIRECT] [Fatal Error] :1:1: Premature end of file.
2026-01-22 20:25:58,340 [ERROR] LogOutputStream:75 - [STDERR_REDIRECT] 
2026-01-22 20:25:59,346 [ERROR] LogOutputStream:75 - [STDERR_REDIRECT] [Fatal Error] :1:1: Premature end of file.
2026-01-22 20:25:59,346 [ERROR] LogOutputStream:75 - [STDERR_REDIRECT] 
2026-01-22 20:26:00,339 [ERROR] LogOutputStream:75 - [STDERR_REDIRECT] [Fatal Error] :1:1: Premature end of file.
2026-01-22 20:26:00,340 [ERROR] LogOutputStream:75 - [STDERR_REDIRECT] 
2026-01-22 20:26:01,346 [ERROR] LogOutputStream:75 - [STDERR_REDIRECT] [Fatal Error] :1:1: Premature end of file.
2026-01-22 20:26:01,346 [ERROR] LogOutputStream:75 - [STDERR_REDIRECT] 
2026-01-22 20:26:02,342 [ERROR] LogOutputStream:75 - [STDERR_REDIRECT] [Fatal Error] :1:1: Premature end of file.
2026-01-22 20:26:02,342 [ERROR] LogOutputStream:75 - [STDERR_REDIRECT] 
2026-01-22 20:26:03,342 [ERROR] LogOutputStream:75 - [STDERR_REDIRECT] [Fatal Error] :1:1: Premature end of file.
2026-01-22 20:26:03,342 [ERROR] LogOutputStream:75 - [STDERR_REDIRECT] 
2026-01-22 20:26:04,343 [ERROR] LogOutputStream:75 - [STDERR_REDIRECT] [Fatal Error] :1:1: Premature end of file.
2026-01-22 20:26:04,343 [ERROR] LogOutputStream:75 - [STDERR_REDIRECT] 
2026-01-22 20:26:05,347 [ERROR] LogOutputStream:75 - [STDERR_REDIRECT] [Fatal Error] :1:1: Premature end of file.
2026-01-22 20:26:05,347 [ERROR] LogOutputStream:75 - [STDERR_REDIRECT] 
2026-01-22 20:26:06,343 [ERROR] LogOutputStream:75 - [STDERR_REDIRECT] [Fatal Error] :1:1: Premature end of file.
2026-01-22 20:26:06,343 [ERROR] LogOutputStream:75 - [STDERR_REDIRECT] 
2026-01-22 20:26:07,340 [ERROR] LogOutputStream:75 - [STDERR_REDIRECT] [Fatal Error] :1:1: Premature end of file.
2026-01-22 20:26:07,340 [ERROR] LogOutputStream:75 - [STDERR_REDIRECT] 
2026-01-22 20:26:08,345 [ERROR] LogOutputStream:75 - [STDERR_REDIRECT] [Fatal Error] :1:1: Premature end of file.
2026-01-22 20:26:08,345 [ERROR] LogOutputStream:75 - [STDERR_REDIRECT] 
2026-01-22 20:26:09,340 [ERROR] LogOutputStream:75 - [STDERR_REDIRECT] [Fatal Error] :1:1: Premature end of file.
2026-01-22 20:26:09,340 [ERROR] LogOutputStream:75 - [STDERR_REDIRECT] 
2026-01-22 20:26:10,345 [ERROR] LogOutputStream:75 - [STDERR_REDIRECT] [Fatal Error] :1:1: Premature end of file.
2026-01-22 20:26:10,345 [ERROR] LogOutputStream:75 - [STDERR_REDIRECT] 
2026-01-22 20:26:11,344 [ERROR] LogOutputStream:75 - [STDERR_REDIRECT] [Fatal Error] :1:1: Premature end of file.
2026-01-22 20:26:11,344 [ERROR] LogOutputStream:75 - [STDERR_REDIRECT] 
2026-01-22 20:26:12,343 [ERROR] LogOutputStream:75 - [STDERR_REDIRECT] [Fatal Error] :1:1: Premature end of file.
2026-01-22 20:26:12,343 [ERROR] LogOutputStream:75 - [STDERR_REDIRECT] 
2026-01-22 20:26:13,342 [ERROR] LogOutputStream:75 - [STDERR_REDIRECT] [Fatal Error] :1:1: Premature end of file.
2026-01-22 20:26:13,342 [ERROR] LogOutputStream:75 - [STDERR_REDIRECT] 
2026-01-22 20:26:14,347 [ERROR] LogOutputStream:75 - [STDERR_REDIRECT] [Fatal Error] :1:1: Premature end of file.
2026-01-22 20:26:14,347 [ERROR] LogOutputStream:75 - [STDERR_REDIRECT] 
2026-01-22 20:26:15,345 [ERROR] LogOutputStream:75 - [STDERR_REDIRECT] [Fatal Error] :1:1: Premature end of file.
2026-01-22 20:26:15,345 [ERROR] LogOutputStream:75 - [STDERR_REDIRECT] 
2026-01-22 20:26:16,344 [ERROR] LogOutputStream:75 - [STDERR_REDIRECT] [Fatal Error] :1:1: Premature end of file.
2026-01-22 20:26:16,344 [ERROR] LogOutputStream:75 - [STDERR_REDIRECT] 
2026-01-22 20:26:17,344 [ERROR] LogOutputStream:75 - [STDERR_REDIRECT] [Fatal Error] :1:1: Premature end of file.
2026-01-22 20:26:17,344 [ERROR] LogOutputStream:75 - [STDERR_REDIRECT] 
2026-01-22 20:26:18,345 [ERROR] LogOutputStream:75 - [STDERR_REDIRECT] [Fatal Error] :1:1: Premature end of file.
2026-01-22 20:26:18,345 [ERROR] LogOutputStream:75 - [STDERR_REDIRECT] 
2026-01-22 20:26:19,348 [ERROR] LogOutputStream:75 - [STDERR_REDIRECT] [Fatal Error] :1:1: Premature end of file.
2026-01-22 20:26:19,348 [ERROR] LogOutputStream:75 - [STDERR_REDIRECT] 
2026-01-22 20:26:20,347 [ERROR] LogOutputStream:75 - [STDERR_REDIRECT] [Fatal Error] :1:1: Premature end of file.
2026-01-22 20:26:20,347 [ERROR] LogOutputStream:75 - [STDERR_REDIRECT] 
2026-01-22 20:26:21,704 [ERROR] LogOutputStream:75 - [STDERR_REDIRECT] 
2026-01-22 20:26:21,704 [ERROR] LogOutputStream:75 - [STDERR_REDIRECT] 
