2025-12-23 10:07:54,886 [INFO] Activator:176 - 


2025-12-23 10:07:54,893 [INFO] Activator:177 - !SESSION log4j initialized
2025-12-23 10:08:02,992 [INFO] LogOutputStream:77 - [STDOUT_REDIRECT] 
2025-12-23 10:08:09,840 [ERROR] LogOutputStream:75 - [STDERR_REDIRECT] [Fatal Error] :1:1: Premature end of file.
2025-12-23 10:08:09,842 [ERROR] LogOutputStream:75 - [STDERR_REDIRECT] 
2025-12-23 10:08:10,664 [INFO] ApplicationProperties:184 - Using Application install path: C:\ST\STM32CubeIDE_1.18.1\STM32CubeIDE\plugins\com.st.stm32cube.common.mx_6.15.0.202507011659
2025-12-23 10:08:10,699 [INFO] DbMcusXml:78 - Set database path to: C:\ST\STM32CubeIDE_1.18.1\STM32CubeIDE\plugins\com.st.stm32cube.common.mx_6.15.0.202507011659\\db\/mcu/
2025-12-23 10:08:10,700 [INFO] ApiDb:274 - Set plugin database path to: C:\ST\STM32CubeIDE_1.18.1\STM32CubeIDE\plugins\com.st.stm32cube.common.mx_6.15.0.202507011659\\db\/plugins/boardmanager/
2025-12-23 10:08:10,700 [WARN] ApiDb:259 - Overriding images path with different value:  => C:\ST\STM32CubeIDE_1.18.1\STM32CubeIDE\plugins\com.st.stm32cube.common.mx_6.15.0.202507011659\\db\/plugins/mcufinder/images/
2025-12-23 10:08:10,707 [ERROR] LogOutputStream:75 - [STDERR_REDIRECT] [Fatal Error] :1:1: Premature end of file.
2025-12-23 10:08:10,707 [ERROR] LogOutputStream:75 - [STDERR_REDIRECT] 
2025-12-23 10:08:10,715 [INFO] ApiDb:250 - Set database path to: C:\Users\mathe\.stmcufinder\plugins\mcufinder//mcu/
2025-12-23 10:08:10,717 [INFO] DbMcusAds:125 - Set database path to: C:\Users\mathe\.stmcufinder\plugins\mcufinder//mcu/
2025-12-23 10:08:10,720 [INFO] CrossReferenceDbSqlite:203 - Set database path to: C:\Users\mathe\.stmcufinder\plugins\mcufinder//mcu/cs/
2025-12-23 10:08:10,899 [INFO] RulesReader:64 - Compatibility file has been processed (317 Rules)
2025-12-23 10:08:11,047 [INFO] DbMcusXml:78 - Set database path to: C:\ST\STM32CubeIDE_1.18.1\STM32CubeIDE\plugins\com.st.stm32cube.common.mx_6.15.0.202507011659\\db\/mcu/
2025-12-23 10:08:11,047 [INFO] ApiDb:274 - Set plugin database path to: C:\ST\STM32CubeIDE_1.18.1\STM32CubeIDE\plugins\com.st.stm32cube.common.mx_6.15.0.202507011659\\db\/plugins/boardmanager/
2025-12-23 10:08:11,047 [INFO] ApiDb:261 - Set plugin images path to: C:\ST\STM32CubeIDE_1.18.1\STM32CubeIDE\plugins\com.st.stm32cube.common.mx_6.15.0.202507011659\\db\/plugins/mcufinder/images/
2025-12-23 10:08:11,048 [WARN] DbFile:41 - Overriding database path with different value: C:\Users\mathe\.stmcufinder\plugins\mcufinder/ => C:\Users\mathe\.stmcufinder\plugins\mcufinder
2025-12-23 10:08:11,048 [INFO] ApiDb:250 - Set database path to: C:\Users\mathe\.stmcufinder\plugins\mcufinder//mcu/
2025-12-23 10:08:11,048 [WARN] DbFile:41 - Overriding database path with different value: C:\Users\mathe\.stmcufinder\plugins\mcufinder/ => C:\Users\mathe\.stmcufinder\plugins\mcufinder
2025-12-23 10:08:11,049 [INFO] DbMcusAds:125 - Set database path to: C:\Users\mathe\.stmcufinder\plugins\mcufinder//mcu/
2025-12-23 10:08:11,049 [WARN] DbFile:41 - Overriding database path with different value: C:\Users\mathe\.stmcufinder\plugins\mcufinder/ => C:\Users\mathe\.stmcufinder\plugins\mcufinder
2025-12-23 10:08:11,049 [WARN] DbFile:41 - Overriding database path with different value: C:\Users\mathe\.stmcufinder\plugins\mcufinder/ => C:\Users\mathe\.stmcufinder\plugins\mcufinder
2025-12-23 10:08:11,049 [INFO] CrossReferenceDbSqlite:203 - Set database path to: C:\Users\mathe\.stmcufinder\plugins\mcufinder//mcu/cs/
2025-12-23 10:08:11,157 [INFO] MainPanel:274 - HeapMemory: 268435456
2025-12-23 10:08:11,396 [INFO] DbMcusXml:78 - Set database path to: C:\ST\STM32CubeIDE_1.18.1\STM32CubeIDE\plugins\com.st.stm32cube.common.mx_6.15.0.202507011659\\db\/mcu/
2025-12-23 10:08:11,396 [INFO] ApiDb:274 - Set plugin database path to: C:\ST\STM32CubeIDE_1.18.1\STM32CubeIDE\plugins\com.st.stm32cube.common.mx_6.15.0.202507011659\\db\/plugins/boardmanager/
2025-12-23 10:08:11,396 [INFO] ApiDb:261 - Set plugin images path to: C:\ST\STM32CubeIDE_1.18.1\STM32CubeIDE\plugins\com.st.stm32cube.common.mx_6.15.0.202507011659\\db\/plugins/mcufinder/images/
2025-12-23 10:08:11,397 [WARN] DbFile:41 - Overriding database path with different value: C:\Users\mathe\.stmcufinder\plugins\mcufinder/ => C:\Users\mathe\.stmcufinder\plugins\mcufinder
2025-12-23 10:08:11,397 [INFO] ApiDb:250 - Set database path to: C:\Users\mathe\.stmcufinder\plugins\mcufinder//mcu/
2025-12-23 10:08:11,397 [WARN] DbFile:41 - Overriding database path with different value: C:\Users\mathe\.stmcufinder\plugins\mcufinder/ => C:\Users\mathe\.stmcufinder\plugins\mcufinder
2025-12-23 10:08:11,397 [INFO] DbMcusAds:125 - Set database path to: C:\Users\mathe\.stmcufinder\plugins\mcufinder//mcu/
2025-12-23 10:08:11,397 [WARN] DbFile:41 - Overriding database path with different value: C:\Users\mathe\.stmcufinder\plugins\mcufinder/ => C:\Users\mathe\.stmcufinder\plugins\mcufinder
2025-12-23 10:08:11,398 [WARN] DbFile:41 - Overriding database path with different value: C:\Users\mathe\.stmcufinder\plugins\mcufinder/ => C:\Users\mathe\.stmcufinder\plugins\mcufinder
2025-12-23 10:08:11,398 [INFO] CrossReferenceDbSqlite:203 - Set database path to: C:\Users\mathe\.stmcufinder\plugins\mcufinder//mcu/cs/
2025-12-23 10:08:11,430 [INFO] ApplicationProperties:184 - Using Application install path: C:\ST\STM32CubeIDE_1.18.1\STM32CubeIDE\plugins\com.st.stm32cube.common.mx_6.15.0.202507011659
2025-12-23 10:08:11,433 [INFO] PluginManage:196 - Search for loadable plugins [exclusion list=, ]
2025-12-23 10:08:11,436 [INFO] PluginManage:310 - Check plugin analytics
2025-12-23 10:08:11,700 [ERROR] LogOutputStream:75 - [STDERR_REDIRECT] [Fatal Error] :1:1: Premature end of file.
2025-12-23 10:08:11,702 [ERROR] LogOutputStream:75 - [STDERR_REDIRECT] 
2025-12-23 10:08:12,713 [ERROR] LogOutputStream:75 - [STDERR_REDIRECT] [Fatal Error] :1:1: Premature end of file.
2025-12-23 10:08:12,713 [ERROR] LogOutputStream:75 - [STDERR_REDIRECT] 
2025-12-23 10:08:13,719 [ERROR] LogOutputStream:75 - [STDERR_REDIRECT] [Fatal Error] :1:1: Premature end of file.
2025-12-23 10:08:13,720 [ERROR] LogOutputStream:75 - [STDERR_REDIRECT] 
2025-12-23 10:08:14,720 [ERROR] LogOutputStream:75 - [STDERR_REDIRECT] [Fatal Error] :1:1: Premature end of file.
2025-12-23 10:08:14,721 [ERROR] LogOutputStream:75 - [STDERR_REDIRECT] 
2025-12-23 10:08:15,718 [ERROR] LogOutputStream:75 - [STDERR_REDIRECT] [Fatal Error] :1:1: Premature end of file.
2025-12-23 10:08:15,718 [ERROR] LogOutputStream:75 - [STDERR_REDIRECT] 
2025-12-23 10:08:16,724 [ERROR] LogOutputStream:75 - [STDERR_REDIRECT] [Fatal Error] :1:1: Premature end of file.
2025-12-23 10:08:16,726 [ERROR] LogOutputStream:75 - [STDERR_REDIRECT] 
2025-12-23 10:08:16,827 [INFO] AnalyticsPlugin:253 - Accepted Software Licenses: 
2025-12-23 10:08:16,828 [INFO] AnalyticsPlugin:255 - Accepted CMSIS Pack Licenses: 
2025-12-23 10:08:16,828 [INFO] AnalyticsPlugin:257 - Accepted Firmware Licenses: 
2025-12-23 10:08:16,835 [INFO] PluginManage:359 - Loaded plugin analytics (category:tool,tabindex:-1)
2025-12-23 10:08:16,836 [INFO] PluginManage:310 - Check plugin cadmodel
2025-12-23 10:08:16,848 [INFO] CADModel:105 - Init CAD model plugin
2025-12-23 10:08:16,848 [INFO] PluginManage:359 - Loaded plugin cadmodel (category:power,tabindex:5)
2025-12-23 10:08:16,848 [INFO] PluginManage:310 - Check plugin clock
2025-12-23 10:08:16,862 [INFO] PluginManage:359 - Loaded plugin clock (category:base,tabindex:2)
2025-12-23 10:08:16,863 [INFO] PluginManage:310 - Check plugin ddr
2025-12-23 10:08:16,866 [INFO] PluginManage:359 - Loaded plugin ddr (category:tool,tabindex:6)
2025-12-23 10:08:16,866 [INFO] PluginManage:310 - Check plugin filemanager
2025-12-23 10:08:17,119 [INFO] PluginManage:359 - Loaded plugin filemanager (category:base,tabindex:10)
2025-12-23 10:08:17,120 [INFO] PluginManage:310 - Check plugin ipmanager
2025-12-23 10:08:17,139 [INFO] PluginManage:359 - Loaded plugin ipmanager (category:base,tabindex:5)
2025-12-23 10:08:17,139 [INFO] PluginManage:310 - Check plugin lpbam
2025-12-23 10:08:17,157 [INFO] PluginManage:359 - Loaded plugin lpbam (category:base,tabindex:0)
2025-12-23 10:08:17,158 [INFO] PluginManage:310 - Check plugin memorymap
2025-12-23 10:08:17,190 [INFO] PluginManage:359 - Loaded plugin memorymap (category:base,tabindex:4)
2025-12-23 10:08:17,191 [INFO] PluginManage:310 - Check plugin pinoutandconfiguration
2025-12-23 10:08:17,211 [INFO] PluginManage:359 - Loaded plugin pinoutandconfiguration (category:base,tabindex:1)
2025-12-23 10:08:17,212 [INFO] PluginManage:310 - Check plugin pinoutconfig
2025-12-23 10:08:17,391 [WARN] SupportedApi:132 - Cannot load RTOS API schema: s4s-elt-must-match.1: The content of 'definitions' must match (annotation?, (simpleType | complexType)?, (unique | key | keyref)*)). A problem was found starting at: attribute.
2025-12-23 10:08:17,637 [INFO] PluginManage:359 - Loaded plugin pinoutconfig (category:base,tabindex:0)
2025-12-23 10:08:17,638 [INFO] PluginManage:310 - Check plugin power
2025-12-23 10:08:17,659 [INFO] PluginManage:359 - Loaded plugin power (category:power,tabindex:4)
2025-12-23 10:08:17,659 [INFO] PluginManage:310 - Check plugin projectmanager
2025-12-23 10:08:17,698 [INFO] PluginManage:359 - Loaded plugin projectmanager (category:projectmanager,tabindex:4)
2025-12-23 10:08:17,698 [INFO] PluginManage:310 - Check plugin rif
2025-12-23 10:08:17,716 [INFO] PluginManage:359 - Loaded plugin rif (category:base,tabindex:3)
2025-12-23 10:08:17,717 [INFO] PluginManage:310 - Check plugin thirdparty
2025-12-23 10:08:17,720 [ERROR] LogOutputStream:75 - [STDERR_REDIRECT] [Fatal Error] :1:1: Premature end of file.
2025-12-23 10:08:17,721 [ERROR] LogOutputStream:75 - [STDERR_REDIRECT] 
2025-12-23 10:08:17,943 [INFO] PluginManage:359 - Loaded plugin thirdparty (category:base,tabindex:-1)
2025-12-23 10:08:17,943 [WARN] IntegrityCheckThread:84 - waiting for thirdparty lock release [integrity check]
2025-12-23 10:08:17,943 [INFO] PluginManage:310 - Check plugin tools
2025-12-23 10:08:17,944 [INFO] IntegrityCheckThread:86 - entering critical section [integrity check]
2025-12-23 10:08:17,945 [INFO] ThirdPartyUpdaterWithRetryManager:70 - Updater plugin not ready yet. [1/15]
2025-12-23 10:08:17,949 [INFO] PluginManage:359 - Loaded plugin tools (category:base,tabindex:7)
2025-12-23 10:08:17,950 [INFO] PluginManage:310 - Check plugin tutovideos
2025-12-23 10:08:18,317 [INFO] PluginManage:359 - Loaded plugin tutovideos (category:base,tabindex:-1)
2025-12-23 10:08:18,317 [INFO] PluginManage:310 - Check plugin updater
2025-12-23 10:08:18,377 [INFO] PluginManage:359 - Loaded plugin updater (category:base,tabindex:12)
2025-12-23 10:08:18,378 [INFO] PluginManage:310 - Check plugin userauth
2025-12-23 10:08:18,384 [INFO] UserAuth:118 - Init User Auth plugin
2025-12-23 10:08:18,385 [INFO] PluginManage:359 - Loaded plugin userauth (category:base,tabindex:14)
2025-12-23 10:08:18,386 [INFO] PluginManage:283 - PluginManage : Loaded plugins [18]
2025-12-23 10:08:18,712 [ERROR] LogOutputStream:75 - [STDERR_REDIRECT] [Fatal Error] :1:1: Premature end of file.
2025-12-23 10:08:18,713 [ERROR] LogOutputStream:75 - [STDERR_REDIRECT] 
2025-12-23 10:08:18,791 [INFO] PinOutPanel:1589 - setPackage(No Configuration,No Configuration)
2025-12-23 10:08:18,993 [INFO] CADModel:165 - CPN selected for project level
2025-12-23 10:08:18,994 [INFO] CADModel:114 - Register for checkConnection events
2025-12-23 10:08:19,023 [INFO] IPUIPlugin:80 - create IPUIPlugin
2025-12-23 10:08:19,024 [INFO] PluginManager:220 - loadIPPluginJar : add adc
2025-12-23 10:08:19,028 [INFO] IPUIPlugin:80 - create IPUIPlugin
2025-12-23 10:08:19,028 [INFO] PluginManager:220 - loadIPPluginJar : add aes
2025-12-23 10:08:19,032 [INFO] IPUIPlugin:80 - create IPUIPlugin
2025-12-23 10:08:19,032 [INFO] PluginManager:220 - loadIPPluginJar : add can
2025-12-23 10:08:19,035 [INFO] IPUIPlugin:80 - create IPUIPlugin
2025-12-23 10:08:19,036 [INFO] PluginManager:220 - loadIPPluginJar : add comp
2025-12-23 10:08:19,040 [INFO] IPUIPlugin:80 - create IPUIPlugin
2025-12-23 10:08:19,040 [INFO] PluginManager:220 - loadIPPluginJar : add cryp
2025-12-23 10:08:19,044 [INFO] IPUIPlugin:80 - create IPUIPlugin
2025-12-23 10:08:19,045 [INFO] PluginManager:220 - loadIPPluginJar : add ddr_ctrl_phy
2025-12-23 10:08:19,049 [INFO] IPUIPlugin:80 - create IPUIPlugin
2025-12-23 10:08:19,049 [INFO] PluginManager:220 - loadIPPluginJar : add dfsdm
2025-12-23 10:08:19,057 [INFO] IPUIPlugin:80 - create IPUIPlugin
2025-12-23 10:08:19,058 [INFO] PluginManager:220 - loadIPPluginJar : add dma
2025-12-23 10:08:19,062 [INFO] IPUIPlugin:80 - create IPUIPlugin
2025-12-23 10:08:19,062 [INFO] PluginManager:220 - loadIPPluginJar : add dma3
2025-12-23 10:08:19,066 [INFO] IPUIPlugin:80 - create IPUIPlugin
2025-12-23 10:08:19,066 [INFO] PluginManager:220 - loadIPPluginJar : add extmemmanager
2025-12-23 10:08:19,069 [INFO] IPUIPlugin:80 - create IPUIPlugin
2025-12-23 10:08:19,069 [INFO] PluginManager:220 - loadIPPluginJar : add fatfs
2025-12-23 10:08:19,076 [INFO] IPUIPlugin:80 - create IPUIPlugin
2025-12-23 10:08:19,076 [INFO] PluginManager:220 - loadIPPluginJar : add fmc
2025-12-23 10:08:19,085 [INFO] IPUIPlugin:80 - create IPUIPlugin
2025-12-23 10:08:19,086 [INFO] PluginManager:220 - loadIPPluginJar : add freertos
2025-12-23 10:08:19,089 [INFO] IPUIPlugin:80 - create IPUIPlugin
2025-12-23 10:08:19,089 [INFO] PluginManager:220 - loadIPPluginJar : add genericplugin
2025-12-23 10:08:19,093 [INFO] IPUIPlugin:80 - create IPUIPlugin
2025-12-23 10:08:19,093 [INFO] PluginManager:220 - loadIPPluginJar : add gfxmmu
2025-12-23 10:08:19,101 [INFO] IPUIPlugin:80 - create IPUIPlugin
2025-12-23 10:08:19,101 [INFO] PluginManager:220 - loadIPPluginJar : add gic
2025-12-23 10:08:19,108 [INFO] IPUIPlugin:80 - create IPUIPlugin
2025-12-23 10:08:19,108 [INFO] PluginManager:220 - loadIPPluginJar : add gpio
2025-12-23 10:08:19,113 [INFO] IPUIPlugin:80 - create IPUIPlugin
2025-12-23 10:08:19,114 [INFO] PluginManager:220 - loadIPPluginJar : add gtzc
2025-12-23 10:08:19,118 [INFO] IPUIPlugin:80 - create IPUIPlugin
2025-12-23 10:08:19,119 [INFO] PluginManager:220 - loadIPPluginJar : add hash
2025-12-23 10:08:19,124 [INFO] IPUIPlugin:80 - create IPUIPlugin
2025-12-23 10:08:19,124 [INFO] PluginManager:220 - loadIPPluginJar : add i2c
2025-12-23 10:08:19,132 [INFO] IPUIPlugin:80 - create IPUIPlugin
2025-12-23 10:08:19,133 [INFO] PluginManager:220 - loadIPPluginJar : add i2s
2025-12-23 10:08:19,139 [INFO] IPUIPlugin:80 - create IPUIPlugin
2025-12-23 10:08:19,140 [INFO] PluginManager:220 - loadIPPluginJar : add i3c
2025-12-23 10:08:19,147 [INFO] IPUIPlugin:80 - create IPUIPlugin
2025-12-23 10:08:19,148 [INFO] PluginManager:220 - loadIPPluginJar : add ipddr
2025-12-23 10:08:19,160 [INFO] IPUIPlugin:80 - create IPUIPlugin
2025-12-23 10:08:19,160 [INFO] PluginManager:220 - loadIPPluginJar : add linkedlist
2025-12-23 10:08:19,165 [INFO] IPUIPlugin:80 - create IPUIPlugin
2025-12-23 10:08:19,166 [INFO] PluginManager:220 - loadIPPluginJar : add lorawan
2025-12-23 10:08:19,169 [INFO] IPUIPlugin:80 - create IPUIPlugin
2025-12-23 10:08:19,169 [INFO] PluginManager:220 - loadIPPluginJar : add ltdc
2025-12-23 10:08:19,178 [INFO] IPUIPlugin:80 - create IPUIPlugin
2025-12-23 10:08:19,178 [INFO] PluginManager:220 - loadIPPluginJar : add mdma
2025-12-23 10:08:19,183 [INFO] IPUIPlugin:80 - create IPUIPlugin
2025-12-23 10:08:19,184 [INFO] PluginManager:220 - loadIPPluginJar : add nvic
2025-12-23 10:08:19,189 [INFO] IPUIPlugin:80 - create IPUIPlugin
2025-12-23 10:08:19,189 [INFO] PluginManager:220 - loadIPPluginJar : add opamp
2025-12-23 10:08:19,194 [INFO] IPUIPlugin:80 - create IPUIPlugin
2025-12-23 10:08:19,194 [INFO] PluginManager:220 - loadIPPluginJar : add openamp
2025-12-23 10:08:19,199 [INFO] IPUIPlugin:80 - create IPUIPlugin
2025-12-23 10:08:19,200 [INFO] PluginManager:220 - loadIPPluginJar : add pdm2pcm
2025-12-23 10:08:19,208 [INFO] IPUIPlugin:80 - create IPUIPlugin
2025-12-23 10:08:19,211 [INFO] PluginManager:220 - loadIPPluginJar : add plateformsettings
2025-12-23 10:08:19,215 [INFO] IPUIPlugin:80 - create IPUIPlugin
2025-12-23 10:08:19,215 [INFO] PluginManager:220 - loadIPPluginJar : add quadspi
2025-12-23 10:08:19,220 [INFO] IPUIPlugin:80 - create IPUIPlugin
2025-12-23 10:08:19,221 [INFO] PluginManager:220 - loadIPPluginJar : add radio
2025-12-23 10:08:19,227 [INFO] IPUIPlugin:80 - create IPUIPlugin
2025-12-23 10:08:19,227 [INFO] PluginManager:220 - loadIPPluginJar : add resmgrutility
2025-12-23 10:08:19,233 [INFO] IPUIPlugin:80 - create IPUIPlugin
2025-12-23 10:08:19,233 [INFO] PluginManager:220 - loadIPPluginJar : add sai
2025-12-23 10:08:19,237 [INFO] IPUIPlugin:80 - create IPUIPlugin
2025-12-23 10:08:19,237 [INFO] PluginManager:220 - loadIPPluginJar : add spi
2025-12-23 10:08:19,247 [INFO] IPUIPlugin:80 - create IPUIPlugin
2025-12-23 10:08:19,248 [INFO] PluginManager:220 - loadIPPluginJar : add stm32_wpan
2025-12-23 10:08:19,252 [INFO] IPUIPlugin:80 - create IPUIPlugin
2025-12-23 10:08:19,252 [INFO] PluginManager:220 - loadIPPluginJar : add tim
2025-12-23 10:08:19,257 [INFO] IPUIPlugin:80 - create IPUIPlugin
2025-12-23 10:08:19,258 [INFO] PluginManager:220 - loadIPPluginJar : add touchsensing
2025-12-23 10:08:19,261 [INFO] IPUIPlugin:80 - create IPUIPlugin
2025-12-23 10:08:19,261 [INFO] PluginManager:220 - loadIPPluginJar : add tracer_emb
2025-12-23 10:08:19,266 [INFO] IPUIPlugin:80 - create IPUIPlugin
2025-12-23 10:08:19,267 [INFO] PluginManager:220 - loadIPPluginJar : add ts
2025-12-23 10:08:19,270 [INFO] IPUIPlugin:80 - create IPUIPlugin
2025-12-23 10:08:19,271 [INFO] PluginManager:220 - loadIPPluginJar : add tsc
2025-12-23 10:08:19,274 [INFO] IPUIPlugin:80 - create IPUIPlugin
2025-12-23 10:08:19,274 [INFO] PluginManager:220 - loadIPPluginJar : add ucpd
2025-12-23 10:08:19,278 [INFO] IPUIPlugin:80 - create IPUIPlugin
2025-12-23 10:08:19,279 [INFO] PluginManager:220 - loadIPPluginJar : add usart
2025-12-23 10:08:19,284 [INFO] IPUIPlugin:80 - create IPUIPlugin
2025-12-23 10:08:19,284 [INFO] PluginManager:220 - loadIPPluginJar : add usbx
2025-12-23 10:08:19,441 [FATAL] Updater:351 - Updater called before beeing initialized
2025-12-23 10:08:19,519 [INFO] RulesReader:64 - Compatibility file has been processed (317 Rules)
2025-12-23 10:08:19,570 [INFO] RulesReader:64 - Compatibility file has been processed (317 Rules)
2025-12-23 10:08:19,607 [INFO] CADModel:165 - CPN selected for project level
2025-12-23 10:08:19,607 [INFO] CADModel:114 - Register for checkConnection events
2025-12-23 10:08:19,607 [FATAL] Updater:351 - Updater called before beeing initialized
2025-12-23 10:08:19,607 [ERROR] CADModel:125 - Updater not yet initialized, retry later 
2025-12-23 10:08:19,726 [ERROR] LogOutputStream:75 - [STDERR_REDIRECT] [Fatal Error] :1:1: Premature end of file.
2025-12-23 10:08:19,727 [ERROR] LogOutputStream:75 - [STDERR_REDIRECT] 
2025-12-23 10:08:19,956 [FATAL] Updater:351 - Updater called before beeing initialized
2025-12-23 10:08:19,959 [INFO] CADModel:165 - CPN selected for project level
2025-12-23 10:08:19,959 [INFO] CADModel:114 - Register for checkConnection events
2025-12-23 10:08:19,959 [FATAL] Updater:351 - Updater called before beeing initialized
2025-12-23 10:08:19,959 [ERROR] CADModel:125 - Updater not yet initialized, retry later 
2025-12-23 10:08:19,964 [FATAL] Updater:351 - Updater called before beeing initialized
2025-12-23 10:08:20,190 [FATAL] Updater:351 - Updater called before beeing initialized
2025-12-23 10:08:20,196 [INFO] DbMcusAds:53 - JSON generation date=Thu Oct 02 15:06:05 IST 2025 (1759397765645)
2025-12-23 10:08:20,197 [FATAL] Updater:351 - Updater called before beeing initialized
2025-12-23 10:08:20,282 [WARN] DetailPanel:346 - Failed to get advertising image, set to default
2025-12-23 10:08:20,397 [FATAL] Updater:351 - Updater called before beeing initialized
2025-12-23 10:08:20,399 [FATAL] Updater:351 - Updater called before beeing initialized
2025-12-23 10:08:20,399 [FATAL] Updater:351 - Updater called before beeing initialized
2025-12-23 10:08:20,400 [WARN] DetailPanel:346 - Failed to get advertising image, set to default
2025-12-23 10:08:20,402 [FATAL] Updater:351 - Updater called before beeing initialized
2025-12-23 10:08:20,480 [ERROR] Updater:1198 - MainUpdater not yet initialized. External WinMGr cannot be set.
2025-12-23 10:08:20,485 [INFO] Updater:1134 - Updater Version found : 6.15.0
2025-12-23 10:08:20,522 [INFO] ApplicationProperties:184 - Using Application install path: C:\ST\STM32CubeIDE_1.18.1\STM32CubeIDE\plugins\com.st.stm32cube.common.mx_6.15.0.202507011659
2025-12-23 10:08:20,723 [ERROR] LogOutputStream:75 - [STDERR_REDIRECT] [Fatal Error] :1:1: Premature end of file.
2025-12-23 10:08:20,723 [ERROR] LogOutputStream:75 - [STDERR_REDIRECT] 
2025-12-23 10:08:20,945 [INFO] ThirdPartyUpdaterWithRetryManager:70 - Updater plugin not ready yet. [2/15]
2025-12-23 10:08:21,720 [ERROR] LogOutputStream:75 - [STDERR_REDIRECT] [Fatal Error] :1:1: Premature end of file.
2025-12-23 10:08:21,720 [ERROR] LogOutputStream:75 - [STDERR_REDIRECT] 
2025-12-23 10:08:22,119 [ERROR] LogOutputStream:75 - [STDERR_REDIRECT] Dec 23, 2025 10:08:22 AM java.util.prefs.WindowsPreferences <init>
2025-12-23 10:08:22,122 [ERROR] LogOutputStream:75 - [STDERR_REDIRECT] WARNING: Could not open/create prefs root node Software\JavaSoft\Prefs at root 0xffffffff80000002. Windows RegCreateKeyEx(...) returned error code 5.
2025-12-23 10:08:22,122 [ERROR] LogOutputStream:75 - [STDERR_REDIRECT] 
2025-12-23 10:08:22,718 [ERROR] LogOutputStream:75 - [STDERR_REDIRECT] [Fatal Error] :1:1: Premature end of file.
2025-12-23 10:08:22,718 [ERROR] LogOutputStream:75 - [STDERR_REDIRECT] 
2025-12-23 10:08:23,510 [INFO] MainUpdater:2872 - connection check result : 10
2025-12-23 10:08:23,510 [INFO] MainUpdater:3604 - Updater definition file requires update
2025-12-23 10:08:23,511 [INFO] MainUpdater:289 - Updater Check For Update Now.
2025-12-23 10:08:23,511 [INFO] MicroXplorer:498 - Change Database Version : DB.6.0.150
2025-12-23 10:08:23,535 [INFO] McuFinderGlobals:63 - Set McuFinder mode to 2 (CubeIDE integrated)
2025-12-23 10:08:23,535 [INFO] McuFinderGlobals:63 - Set McuFinder mode to 2 (CubeIDE integrated)
2025-12-23 10:08:23,539 [INFO] UserAuth:487 - Internet connection configuration mode: 1
2025-12-23 10:08:23,539 [INFO] UserAuth:487 - Internet connection configuration mode: 1
2025-12-23 10:08:23,606 [INFO] JxBrowserEngine:152 - Initiate JxBrowser Engine with user profile folder
2025-12-23 10:08:23,725 [ERROR] LogOutputStream:75 - [STDERR_REDIRECT] [Fatal Error] :1:1: Premature end of file.
2025-12-23 10:08:23,725 [ERROR] LogOutputStream:75 - [STDERR_REDIRECT] 
2025-12-23 10:08:23,947 [WARN] MainUpdater:1193 - Updater busy. Cannot search thirdparties
2025-12-23 10:08:23,948 [INFO] ThirdPartyUpdaterWithRetryManager:96 - Updater plugin is busy. [1/15]
2025-12-23 10:08:23,964 [INFO] ServerAccessManage:452 - Complete download http(s) 200
2025-12-23 10:08:23,967 [INFO] ServerAccessManage:509 - Download File updaters.zip
2025-12-23 10:08:24,389 [INFO] FileExtend:248 - Unzip File : updaters.zip
2025-12-23 10:08:24,390 [INFO] FileExtend:263 - Standard Zip Deflate
2025-12-23 10:08:24,747 [ERROR] LogOutputStream:75 - [STDERR_REDIRECT] [Fatal Error] :1:1: Premature end of file.
2025-12-23 10:08:24,747 [ERROR] LogOutputStream:75 - [STDERR_REDIRECT] 
2025-12-23 10:08:25,728 [ERROR] LogOutputStream:75 - [STDERR_REDIRECT] [Fatal Error] :1:1: Premature end of file.
2025-12-23 10:08:25,729 [ERROR] LogOutputStream:75 - [STDERR_REDIRECT] 
2025-12-23 10:08:26,000 [INFO] ServerAccessManage:452 - Complete download http(s) 200
2025-12-23 10:08:26,001 [INFO] ServerAccessManage:509 - Download File PacksControlFlags.xml
2025-12-23 10:08:26,206 [INFO] ServerAccessManage:452 - Complete download http(s) 200
2025-12-23 10:08:26,207 [INFO] ServerAccessManage:509 - Download File cubemx.pidx
2025-12-23 10:08:26,645 [INFO] LoadServerUpdatesThread:375 - End of LoadServerUpdate Thread
2025-12-23 10:08:26,728 [ERROR] LogOutputStream:75 - [STDERR_REDIRECT] [Fatal Error] :1:1: Premature end of file.
2025-12-23 10:08:26,732 [ERROR] LogOutputStream:75 - [STDERR_REDIRECT] 
2025-12-23 10:08:26,948 [WARN] MainUpdater:1193 - Updater busy. Cannot search thirdparties
2025-12-23 10:08:26,949 [INFO] ThirdPartyUpdaterWithRetryManager:96 - Updater plugin is busy. [2/15]
2025-12-23 10:08:27,004 [INFO] CheckServerUpdateThread:120 - End of CheckServer Thread
2025-12-23 10:08:27,268 [INFO] WebApp:169 - Instantiating new browser for Auth
2025-12-23 10:08:27,742 [ERROR] LogOutputStream:75 - [STDERR_REDIRECT] [Fatal Error] :1:1: Premature end of file.
2025-12-23 10:08:27,742 [ERROR] LogOutputStream:75 - [STDERR_REDIRECT] 
2025-12-23 10:08:28,724 [ERROR] LogOutputStream:75 - [STDERR_REDIRECT] [Fatal Error] :1:1: Premature end of file.
2025-12-23 10:08:28,725 [ERROR] LogOutputStream:75 - [STDERR_REDIRECT] 
2025-12-23 10:08:29,086 [INFO] WebApp:463 - Apply proxy settings
2025-12-23 10:08:29,087 [INFO] WebApp:548 - Chromium requires no authentication
2025-12-23 10:08:29,115 [INFO] WebApp:491 - Direct internet connection detected
2025-12-23 10:08:29,184 [INFO] WebApp:900 - Register for checkConnection events
2025-12-23 10:08:29,184 [INFO] WebApp:463 - Apply proxy settings
2025-12-23 10:08:29,185 [INFO] WebApp:548 - Chromium requires no authentication
2025-12-23 10:08:29,186 [INFO] WebApp:491 - Direct internet connection detected
2025-12-23 10:08:29,725 [ERROR] LogOutputStream:75 - [STDERR_REDIRECT] [Fatal Error] :1:1: Premature end of file.
2025-12-23 10:08:29,725 [ERROR] LogOutputStream:75 - [STDERR_REDIRECT] 
2025-12-23 10:08:29,727 [INFO] WebApp:191 - Connection restablished
2025-12-23 10:08:29,801 [INFO] WebApp:225 - Starting web application
2025-12-23 10:08:29,802 [INFO] WebApp:593 - Web application path used C:\ST\STM32CubeIDE_1.18.1\STM32CubeIDE\plugins\com.st.stm32cube.common.mx_6.15.0.202507011659\db\plugins\mcufinder\reactClient1\index.html
2025-12-23 10:08:30,181 [INFO] UserAuth:487 - Internet connection configuration mode: 1
2025-12-23 10:08:30,745 [ERROR] LogOutputStream:75 - [STDERR_REDIRECT] [Fatal Error] :1:1: Premature end of file.
2025-12-23 10:08:30,749 [ERROR] LogOutputStream:75 - [STDERR_REDIRECT] 
2025-12-23 10:08:31,745 [ERROR] LogOutputStream:75 - [STDERR_REDIRECT] [Fatal Error] :1:1: Premature end of file.
2025-12-23 10:08:31,745 [ERROR] LogOutputStream:75 - [STDERR_REDIRECT] 
2025-12-23 10:08:32,560 [WARN] PackLoader:240 - Cannot read IP mode file for STMicroelectronics.FP-SNS-MOTENVWB1.1.4.0
2025-12-23 10:08:32,677 [WARN] PackLoader:240 - Cannot read IP mode file for STMicroelectronics.FP-ATR-ASTRA1.2.0.2
2025-12-23 10:08:32,735 [ERROR] LogOutputStream:75 - [STDERR_REDIRECT] [Fatal Error] :1:1: Premature end of file.
2025-12-23 10:08:32,743 [ERROR] LogOutputStream:75 - [STDERR_REDIRECT] 
2025-12-23 10:08:32,784 [WARN] PackLoader:240 - Cannot read IP mode file for STMicroelectronics.X-CUBE-SMBUS.2.1.0
2025-12-23 10:08:32,817 [WARN] PackLoader:240 - Cannot read IP mode file for STMicroelectronics.X-CUBE-ST60.1.0.0
2025-12-23 10:08:33,006 [WARN] PackLoader:240 - Cannot read IP mode file for STMicroelectronics.X-CUBE-AZRTOS-F7.1.1.0
2025-12-23 10:08:33,039 [WARN] PackLoader:240 - Cannot read IP mode file for Cesanta.I-CUBE-Mongoose.7.19.0
2025-12-23 10:08:33,072 [WARN] PackLoader:240 - Cannot read IP mode file for STMicroelectronics.FP-SNS-MOTENV1.5.1.0
2025-12-23 10:08:33,171 [WARN] PackLoader:240 - Cannot read IP mode file for WES.I-CUBE-Cesium.1.4.0
2025-12-23 10:08:33,313 [WARN] PackLoader:240 - Cannot read IP mode file for Infineon.AIROC-Wi-Fi-Bluetooth-STM32.1.7.0
2025-12-23 10:08:33,438 [WARN] PackLoader:240 - Cannot read IP mode file for Infineon.AIROC-Wi-Fi-Bluetooth-STM32.1.7.1
2025-12-23 10:08:33,628 [WARN] PackLoader:240 - Cannot read IP mode file for STMicroelectronics.X-CUBE-AZRTOS-H7.3.4.0
2025-12-23 10:08:33,696 [WARN] PackLoader:240 - Cannot read IP mode file for STMicroelectronics.X-CUBE-DISPLAY.3.0.0
2025-12-23 10:08:33,753 [ERROR] LogOutputStream:75 - [STDERR_REDIRECT] [Fatal Error] :1:1: Premature end of file.
2025-12-23 10:08:33,762 [ERROR] LogOutputStream:75 - [STDERR_REDIRECT] 
2025-12-23 10:08:33,795 [WARN] PackLoader:240 - Cannot read IP mode file for STMicroelectronics.X-CUBE-NFC10.1.0.0
2025-12-23 10:08:33,853 [WARN] PackLoader:240 - Cannot read IP mode file for STMicroelectronics.X-CUBE-BLEMGR.4.0.0
2025-12-23 10:08:33,895 [WARN] PackLoader:240 - Cannot read IP mode file for STMicroelectronics.X-CUBE-ST60.1.1.0
2025-12-23 10:08:33,952 [WARN] PackLoader:240 - Cannot read IP mode file for emotas.I-CUBE-CANOPEN.1.3.0
2025-12-23 10:08:33,987 [WARN] PackLoader:240 - Cannot read IP mode file for STMicroelectronics.X-CUBE-GNSS1.7.1.0
2025-12-23 10:08:34,028 [WARN] ConditionMgr:438 - getConditionDescription Invalid condition id : Cortex-A Device cause : null
2025-12-23 10:08:34,111 [WARN] ConditionMgr:1044 - genDependencies : Invalid condition id : Cortex-A Device cause : null
2025-12-23 10:08:34,111 [WARN] ConditionMgr:1044 - genDependencies : Invalid condition id : Cortex-A Device cause : null
2025-12-23 10:08:34,111 [WARN] ConditionMgr:1044 - genDependencies : Invalid condition id : Cortex-A Device cause : null
2025-12-23 10:08:34,135 [WARN] PackLoader:240 - Cannot read IP mode file for STMicroelectronics.X-CUBE-AI.10.0.0
2025-12-23 10:08:34,177 [WARN] PackLoader:240 - Cannot read IP mode file for STMicroelectronics.FP-SNS-STBOX1.2.1.0
2025-12-23 10:08:34,201 [WARN] PackLoader:240 - Cannot read IP mode file for STMicroelectronics.FP-SNS-SMARTAG2.1.2.0
2025-12-23 10:08:34,234 [WARN] PackLoader:240 - Cannot read IP mode file for STMicroelectronics.FP-SNS-FLIGHT1.5.1.0
2025-12-23 10:08:34,264 [INFO] LogOutputStream:77 - [STDOUT_REDIRECT] 1 : Invalid condition id : UX_CORESTACK_Condition cause : null
2025-12-23 10:08:34,267 [INFO] LogOutputStream:77 - [STDOUT_REDIRECT] 1 : Invalid condition id : UX_CORESTACK_Condition cause : null
2025-12-23 10:08:34,270 [INFO] LogOutputStream:77 - [STDOUT_REDIRECT] 1 : Invalid condition id : UX_CORESTACK_Condition cause : null
2025-12-23 10:08:34,274 [INFO] LogOutputStream:77 - [STDOUT_REDIRECT] 1 : Invalid condition id : UX_CORESTACK_Condition cause : null
2025-12-23 10:08:34,278 [INFO] LogOutputStream:77 - [STDOUT_REDIRECT] 1 : Invalid condition id : UX_CORESTACK_Condition cause : null
2025-12-23 10:08:34,280 [WARN] PackLoader:240 - Cannot read IP mode file for STMicroelectronics.X-CUBE-AZRTOS-WL.2.0.0
2025-12-23 10:08:34,286 [WARN] PackLoader:240 - Cannot read IP mode file for STMicroelectronics.FP-SNS-MOTENV1.5.0.0
2025-12-23 10:08:34,307 [WARN] PackLoader:240 - Cannot read IP mode file for STMicroelectronics.X-CUBE-AZRTOS-H7RS.1.2.0
2025-12-23 10:08:34,316 [WARN] PackLoader:240 - Cannot read IP mode file for WES.I-CUBE-Cesium.1.3.0
2025-12-23 10:08:34,327 [WARN] PackLoader:240 - Cannot read IP mode file for STMicroelectronics.X-CUBE-BLE2.3.3.0
2025-12-23 10:08:34,353 [WARN] PackLoader:240 - Cannot read IP mode file for STMicroelectronics.X-CUBE-NFC9.1.0.0
2025-12-23 10:08:34,362 [WARN] PackLoader:240 - Cannot read IP mode file for wolfSSL.I-CUBE-wolfSSL.5.8.0
2025-12-23 10:08:34,368 [WARN] PackLoader:240 - Cannot read IP mode file for wolfSSL.I-CUBE-wolfSSL.5.8.2
2025-12-23 10:08:34,374 [WARN] PackLoader:240 - Cannot read IP mode file for STMicroelectronics.X-CUBE-BLE1.7.1.0
2025-12-23 10:08:34,381 [WARN] PackLoader:240 - Cannot read IP mode file for wolfSSL.I-CUBE-wolfMQTT.1.19.2
2025-12-23 10:08:34,390 [WARN] PackLoader:240 - Cannot read IP mode file for STMicroelectronics.X-CUBE-FREERTOS.1.4.0
2025-12-23 10:08:34,398 [WARN] PackLoader:240 - Cannot read IP mode file for STMicroelectronics.X-CUBE-EEPRMA1.5.2.0
2025-12-23 10:08:34,407 [WARN] PackLoader:240 - Cannot read IP mode file for STMicroelectronics.X-CUBE-ST67W61.1.1.0
2025-12-23 10:08:34,412 [WARN] PackLoader:240 - Cannot read IP mode file for STMicroelectronics.X-CUBE-AI.10.1.0
2025-12-23 10:08:34,448 [WARN] PackLoader:240 - Cannot read IP mode file for STMicroelectronics.X-CUBE-MEMS1.12.0.0
2025-12-23 10:08:34,561 [WARN] PackLoader:240 - Cannot read IP mode file for STMicroelectronics.X-CUBE-MEMS1.11.2.0
2025-12-23 10:08:34,698 [WARN] PackLoader:240 - Cannot read IP mode file for STMicroelectronics.X-CUBE-AZRTOS-G0.1.1.0
2025-12-23 10:08:34,707 [WARN] PackLoader:240 - Cannot read IP mode file for STMicroelectronics.X-CUBE-SAFEA1.1.2.2
2025-12-23 10:08:34,712 [ERROR] LogOutputStream:75 - [STDERR_REDIRECT] [Fatal Error] :1:1: Premature end of file.
2025-12-23 10:08:34,714 [WARN] PackLoader:240 - Cannot read IP mode file for STMicroelectronics.X-CUBE-NFC4.3.0.0
2025-12-23 10:08:34,714 [ERROR] LogOutputStream:75 - [STDERR_REDIRECT] 
2025-12-23 10:08:34,723 [WARN] PackLoader:240 - Cannot read IP mode file for EmbeddedOffice.I-CUBE-FS-RTOS.1.0.1
2025-12-23 10:08:34,729 [WARN] PackLoader:240 - Cannot read IP mode file for STMicroelectronics.X-CUBE-WB05N.2.0.0
2025-12-23 10:08:34,734 [WARN] PackLoader:240 - Cannot read IP mode file for wolfSSL.I-CUBE-wolfTPM.3.8.0
2025-12-23 10:08:34,741 [WARN] PackLoader:240 - Cannot read IP mode file for STMicroelectronics.X-CUBE-TCPP.4.2.0
2025-12-23 10:08:34,748 [WARN] PackLoader:240 - Cannot read IP mode file for RealThread.X-CUBE-RT-Thread_Nano.4.1.1
2025-12-23 10:08:34,753 [WARN] PackLoader:240 - Cannot read IP mode file for STMicroelectronics.FP-ATR-SIGFOX1.3.2.0
2025-12-23 10:08:34,758 [WARN] PackLoader:240 - Cannot read IP mode file for STMicroelectronics.X-CUBE-EEPRMA1.5.1.0
2025-12-23 10:08:34,766 [WARN] PackLoader:240 - Cannot read IP mode file for ITTIA_DB.I-CUBE-ITTIADB.8.9.0
2025-12-23 10:08:34,786 [WARN] PackLoader:240 - Cannot read IP mode file for STMicroelectronics.X-CUBE-ST67W61.1.0.0
2025-12-23 10:08:34,794 [WARN] PackLoader:240 - Cannot read IP mode file for STMicroelectronics.X-CUBE-AI.10.2.0
2025-12-23 10:08:34,823 [WARN] PackLoader:240 - Cannot read IP mode file for SEGGER.I-CUBE-embOS.1.3.1
2025-12-23 10:08:34,977 [WARN] PackLoader:240 - Cannot read IP mode file for STMicroelectronics.X-CUBE-ALGOBUILD.1.4.0
2025-12-23 10:08:35,009 [WARN] PackLoader:240 - Cannot read IP mode file for STMicroelectronics.X-CUBE-MEMS1.11.3.0
2025-12-23 10:08:35,110 [WARN] PackLoader:240 - Cannot read IP mode file for STMicroelectronics.X-CUBE-PM33A1.1.0.0
2025-12-23 10:08:35,123 [WARN] PackLoader:240 - Cannot read IP mode file for STMicroelectronics.X-CUBE-AZRTOS-F4.1.1.0
2025-12-23 10:08:35,130 [WARN] PackLoader:240 - Cannot read IP mode file for Avnet-IotConnect.X-CUBE-IoTC-DA16k-PMOD.1.0.0
2025-12-23 10:08:35,135 [WARN] PackLoader:240 - Cannot read IP mode file for STMicroelectronics.X-CUBE-ISPU.2.1.0
2025-12-23 10:08:35,149 [WARN] PackLoader:240 - Cannot read IP mode file for STMicroelectronics.X-CUBE-IPS.3.2.0
2025-12-23 10:08:35,165 [WARN] PackLoader:240 - Cannot read IP mode file for STMicroelectronics.X-CUBE-NFC12.1.0.0
2025-12-23 10:08:35,181 [WARN] PackLoader:240 - Cannot read IP mode file for STMicroelectronics.X-CUBE-AZRTOS-L5.2.0.0
2025-12-23 10:08:35,193 [WARN] PackLoader:240 - Cannot read IP mode file for STMicroelectronics.X-CUBE-NFC6.3.1.0
2025-12-23 10:08:35,200 [WARN] PackLoader:240 - Cannot read IP mode file for STMicroelectronics.X-CUBE-FREERTOS.1.3.1
2025-12-23 10:08:35,221 [WARN] PackLoader:240 - Cannot read IP mode file for STMicroelectronics.X-CUBE-TOUCHGFX.4.26.0
2025-12-23 10:08:35,228 [WARN] PackLoader:240 - Cannot read IP mode file for STMicroelectronics.FP-SNS-STAIOTCFT.1.0.0
2025-12-23 10:08:35,234 [WARN] PackLoader:240 - Cannot read IP mode file for STMicroelectronics.X-CUBE-DPower.1.3.0
2025-12-23 10:08:35,250 [WARN] ConditionMgr:438 - getConditionDescription Invalid condition id : LAN8742 Phy interface Condition cause : null
2025-12-23 10:08:35,251 [WARN] PackLoader:240 - Cannot read IP mode file for STMicroelectronics.X-CUBE-AZRTOS-L4.2.0.0
2025-12-23 10:08:35,253 [WARN] ConditionMgr:1044 - genDependencies : Invalid condition id : LAN8742 Phy interface Condition cause : null
2025-12-23 10:08:35,253 [WARN] ConditionMgr:1044 - genDependencies : Invalid condition id : LAN8742 Phy interface Condition cause : null
2025-12-23 10:08:35,254 [WARN] ConditionMgr:1044 - genDependencies : Invalid condition id : LAN8742 Phy interface Condition cause : null
2025-12-23 10:08:35,263 [WARN] PackLoader:240 - Cannot read IP mode file for STMicroelectronics.X-CUBE-SFXS2LP1.4.0.0
2025-12-23 10:08:35,280 [WARN] PackLoader:240 - Cannot read IP mode file for STMicroelectronics.X-CUBE-AZRTOS-H7.3.3.0
2025-12-23 10:08:35,291 [WARN] PackLoader:240 - Cannot read IP mode file for STMicroelectronics.X-CUBE-BLEMGR.4.1.0
2025-12-23 10:08:35,306 [WARN] ConditionMgr:438 - getConditionDescription Invalid condition id : UX DEVICE CLASS RTOS Condition cause : null
2025-12-23 10:08:35,307 [WARN] ConditionMgr:438 - getConditionDescription Invalid condition id : UX DEVICE CLASS RTOS Condition cause : null
2025-12-23 10:08:35,308 [WARN] PackLoader:240 - Cannot read IP mode file for STMicroelectronics.X-CUBE-AZRTOS-WB.2.0.0
2025-12-23 10:08:35,308 [WARN] ConditionMgr:1044 - genDependencies : Invalid condition id : UX DEVICE CLASS RTOS Condition cause : null
2025-12-23 10:08:35,308 [WARN] ConditionMgr:1044 - genDependencies : Invalid condition id : UX DEVICE CLASS RTOS Condition cause : null
2025-12-23 10:08:35,309 [WARN] ConditionMgr:1044 - genDependencies : Invalid condition id : UX DEVICE CLASS RTOS Condition cause : null
2025-12-23 10:08:35,309 [WARN] ConditionMgr:1044 - genDependencies : Invalid condition id : UX DEVICE CLASS RTOS Condition cause : null
2025-12-23 10:08:35,309 [WARN] ConditionMgr:1044 - genDependencies : Invalid condition id : UX DEVICE CLASS RTOS Condition cause : null
2025-12-23 10:08:35,316 [WARN] PackLoader:240 - Cannot read IP mode file for STMicroelectronics.X-CUBE-GNSS1.7.0.1
2025-12-23 10:08:35,322 [WARN] PackLoader:240 - Cannot read IP mode file for STMicroelectronics.X-CUBE-TOUCHGFX.4.25.0
2025-12-23 10:08:35,328 [WARN] PackLoader:240 - Cannot read IP mode file for STMicroelectronics.FP-SNS-STBOX1.2.0.0
2025-12-23 10:08:35,333 [WARN] ConditionMgr:438 - getConditionDescription Invalid condition id : Cortex-A Device cause : null
2025-12-23 10:08:35,341 [WARN] ConditionMgr:1044 - genDependencies : Invalid condition id : Cortex-A Device cause : null
2025-12-23 10:08:35,341 [WARN] ConditionMgr:1044 - genDependencies : Invalid condition id : Cortex-A Device cause : null
2025-12-23 10:08:35,341 [WARN] ConditionMgr:1044 - genDependencies : Invalid condition id : Cortex-A Device cause : null
2025-12-23 10:08:35,350 [WARN] PackLoader:240 - Cannot read IP mode file for STMicroelectronics.X-CUBE-SUBG2.5.0.0
2025-12-23 10:08:35,371 [WARN] PackLoader:240 - Cannot read IP mode file for STMicroelectronics.X-CUBE-AZRTOS-H7RS.1.1.0
2025-12-23 10:08:35,377 [WARN] PackLoader:240 - Cannot read IP mode file for Cesanta.I-CUBE-Mongoose.7.13.0
2025-12-23 10:08:35,396 [WARN] PackLoader:240 - Cannot read IP mode file for STMicroelectronics.X-CUBE-AZRTOS-G4.2.0.0
2025-12-23 10:08:35,407 [WARN] PackLoader:240 - Cannot read IP mode file for wolfSSL.I-CUBE-wolfSSH.1.4.20
2025-12-23 10:08:35,414 [WARN] PackLoader:240 - Cannot read IP mode file for STMicroelectronics.X-CUBE-NFC7.2.0.0
2025-12-23 10:08:35,432 [WARN] PackLoader:240 - Cannot read IP mode file for STMicroelectronics.X-CUBE-IPS.3.1.0
2025-12-23 10:08:35,449 [WARN] PackLoader:240 - Cannot read IP mode file for STMicroelectronics.X-CUBE-ALS.1.0.2
2025-12-23 10:08:35,457 [WARN] PackLoader:240 - Cannot read IP mode file for STMicroelectronics.X-CUBE-STSE01.1.0.0
2025-12-23 10:08:35,466 [WARN] PackLoader:240 - Cannot read IP mode file for portGmbH.I-Cube-SoM-uGOAL.1.1.0
2025-12-23 10:08:35,476 [WARN] PackLoader:240 - Cannot read IP mode file for STMicroelectronics.X-CUBE-TOF1.3.4.3
2025-12-23 10:08:35,487 [INFO] ThirdParty:978 - Integrity check success = true
2025-12-23 10:08:35,487 [INFO] IntegrityCheckThread:100 - exiting critical section [integrity check]
2025-12-23 10:08:35,488 [INFO] IntegrityCheckThread:103 - End integrity checks thread
2025-12-23 10:08:35,727 [ERROR] LogOutputStream:75 - [STDERR_REDIRECT] [Fatal Error] :1:1: Premature end of file.
2025-12-23 10:08:35,728 [ERROR] LogOutputStream:75 - [STDERR_REDIRECT] 
2025-12-23 10:08:36,707 [ERROR] LogOutputStream:75 - [STDERR_REDIRECT] [Fatal Error] :1:1: Premature end of file.
2025-12-23 10:08:36,709 [ERROR] LogOutputStream:75 - [STDERR_REDIRECT] 
2025-12-23 10:08:37,711 [ERROR] LogOutputStream:75 - [STDERR_REDIRECT] [Fatal Error] :1:1: Premature end of file.
2025-12-23 10:08:37,712 [ERROR] LogOutputStream:75 - [STDERR_REDIRECT] 
2025-12-23 10:08:38,731 [ERROR] LogOutputStream:75 - [STDERR_REDIRECT] [Fatal Error] :1:1: Premature end of file.
2025-12-23 10:08:38,731 [ERROR] LogOutputStream:75 - [STDERR_REDIRECT] 
2025-12-23 10:08:39,729 [ERROR] LogOutputStream:75 - [STDERR_REDIRECT] [Fatal Error] :1:1: Premature end of file.
2025-12-23 10:08:39,730 [ERROR] LogOutputStream:75 - [STDERR_REDIRECT] 
2025-12-23 10:08:40,725 [ERROR] LogOutputStream:75 - [STDERR_REDIRECT] [Fatal Error] :1:1: Premature end of file.
2025-12-23 10:08:40,726 [ERROR] LogOutputStream:75 - [STDERR_REDIRECT] 
2025-12-23 10:08:41,723 [ERROR] LogOutputStream:75 - [STDERR_REDIRECT] [Fatal Error] :1:1: Premature end of file.
2025-12-23 10:08:41,724 [ERROR] LogOutputStream:75 - [STDERR_REDIRECT] 
2025-12-23 10:08:42,730 [ERROR] LogOutputStream:75 - [STDERR_REDIRECT] [Fatal Error] :1:1: Premature end of file.
2025-12-23 10:08:42,730 [ERROR] LogOutputStream:75 - [STDERR_REDIRECT] 
2025-12-23 10:08:43,727 [ERROR] LogOutputStream:75 - [STDERR_REDIRECT] [Fatal Error] :1:1: Premature end of file.
2025-12-23 10:08:43,727 [ERROR] LogOutputStream:75 - [STDERR_REDIRECT] 
2025-12-23 10:08:44,709 [ERROR] LogOutputStream:75 - [STDERR_REDIRECT] [Fatal Error] :1:1: Premature end of file.
2025-12-23 10:08:44,709 [ERROR] LogOutputStream:75 - [STDERR_REDIRECT] 
2025-12-23 10:08:45,725 [ERROR] LogOutputStream:75 - [STDERR_REDIRECT] [Fatal Error] :1:1: Premature end of file.
2025-12-23 10:08:45,725 [ERROR] LogOutputStream:75 - [STDERR_REDIRECT] 
2025-12-23 10:08:46,727 [ERROR] LogOutputStream:75 - [STDERR_REDIRECT] [Fatal Error] :1:1: Premature end of file.
2025-12-23 10:08:46,728 [ERROR] LogOutputStream:75 - [STDERR_REDIRECT] 
2025-12-23 10:08:47,719 [ERROR] LogOutputStream:75 - [STDERR_REDIRECT] [Fatal Error] :1:1: Premature end of file.
2025-12-23 10:08:47,719 [ERROR] LogOutputStream:75 - [STDERR_REDIRECT] 
2025-12-23 10:08:48,722 [ERROR] LogOutputStream:75 - [STDERR_REDIRECT] [Fatal Error] :1:1: Premature end of file.
2025-12-23 10:08:48,722 [ERROR] LogOutputStream:75 - [STDERR_REDIRECT] 
2025-12-23 10:08:49,721 [ERROR] LogOutputStream:75 - [STDERR_REDIRECT] [Fatal Error] :1:1: Premature end of file.
2025-12-23 10:08:49,722 [ERROR] LogOutputStream:75 - [STDERR_REDIRECT] 
2025-12-23 10:08:50,727 [ERROR] LogOutputStream:75 - [STDERR_REDIRECT] [Fatal Error] :1:1: Premature end of file.
2025-12-23 10:08:50,729 [ERROR] LogOutputStream:75 - [STDERR_REDIRECT] 
2025-12-23 10:08:51,723 [ERROR] LogOutputStream:75 - [STDERR_REDIRECT] [Fatal Error] :1:1: Premature end of file.
2025-12-23 10:08:51,724 [ERROR] LogOutputStream:75 - [STDERR_REDIRECT] 
2025-12-23 10:08:52,720 [ERROR] LogOutputStream:75 - [STDERR_REDIRECT] [Fatal Error] :1:1: Premature end of file.
2025-12-23 10:08:52,722 [ERROR] LogOutputStream:75 - [STDERR_REDIRECT] 
2025-12-23 10:08:53,723 [ERROR] LogOutputStream:75 - [STDERR_REDIRECT] [Fatal Error] :1:1: Premature end of file.
2025-12-23 10:08:53,723 [ERROR] LogOutputStream:75 - [STDERR_REDIRECT] 
2025-12-23 10:08:54,721 [ERROR] LogOutputStream:75 - [STDERR_REDIRECT] [Fatal Error] :1:1: Premature end of file.
2025-12-23 10:08:54,721 [ERROR] LogOutputStream:75 - [STDERR_REDIRECT] 
2025-12-23 10:08:55,704 [ERROR] LogOutputStream:75 - [STDERR_REDIRECT] [Fatal Error] :1:1: Premature end of file.
2025-12-23 10:08:55,704 [ERROR] LogOutputStream:75 - [STDERR_REDIRECT] 
2025-12-23 10:08:56,744 [ERROR] LogOutputStream:75 - [STDERR_REDIRECT] [Fatal Error] :1:1: Premature end of file.
2025-12-23 10:08:56,746 [ERROR] LogOutputStream:75 - [STDERR_REDIRECT] 
2025-12-23 10:08:57,717 [ERROR] LogOutputStream:75 - [STDERR_REDIRECT] [Fatal Error] :1:1: Premature end of file.
2025-12-23 10:08:57,718 [ERROR] LogOutputStream:75 - [STDERR_REDIRECT] 
2025-12-23 10:08:58,710 [ERROR] LogOutputStream:75 - [STDERR_REDIRECT] [Fatal Error] :1:1: Premature end of file.
2025-12-23 10:08:58,710 [ERROR] LogOutputStream:75 - [STDERR_REDIRECT] 
2025-12-23 10:08:59,729 [ERROR] LogOutputStream:75 - [STDERR_REDIRECT] [Fatal Error] :1:1: Premature end of file.
2025-12-23 10:08:59,729 [ERROR] LogOutputStream:75 - [STDERR_REDIRECT] 
2025-12-23 10:09:00,704 [ERROR] LogOutputStream:75 - [STDERR_REDIRECT] [Fatal Error] :1:1: Premature end of file.
2025-12-23 10:09:00,704 [ERROR] LogOutputStream:75 - [STDERR_REDIRECT] 
2025-12-23 10:09:01,708 [ERROR] LogOutputStream:75 - [STDERR_REDIRECT] [Fatal Error] :1:1: Premature end of file.
2025-12-23 10:09:01,708 [ERROR] LogOutputStream:75 - [STDERR_REDIRECT] 
2025-12-23 10:09:02,709 [ERROR] LogOutputStream:75 - [STDERR_REDIRECT] [Fatal Error] :1:1: Premature end of file.
2025-12-23 10:09:02,710 [ERROR] LogOutputStream:75 - [STDERR_REDIRECT] 
2025-12-23 10:09:03,727 [ERROR] LogOutputStream:75 - [STDERR_REDIRECT] [Fatal Error] :1:1: Premature end of file.
2025-12-23 10:09:03,727 [ERROR] LogOutputStream:75 - [STDERR_REDIRECT] 
2025-12-23 10:09:04,718 [ERROR] LogOutputStream:75 - [STDERR_REDIRECT] [Fatal Error] :1:1: Premature end of file.
2025-12-23 10:09:04,718 [ERROR] LogOutputStream:75 - [STDERR_REDIRECT] 
2025-12-23 10:09:05,718 [ERROR] LogOutputStream:75 - [STDERR_REDIRECT] [Fatal Error] :1:1: Premature end of file.
2025-12-23 10:09:05,719 [ERROR] LogOutputStream:75 - [STDERR_REDIRECT] 
2025-12-23 10:09:06,734 [ERROR] LogOutputStream:75 - [STDERR_REDIRECT] [Fatal Error] :1:1: Premature end of file.
2025-12-23 10:09:06,736 [ERROR] LogOutputStream:75 - [STDERR_REDIRECT] 
2025-12-23 10:09:07,703 [ERROR] LogOutputStream:75 - [STDERR_REDIRECT] [Fatal Error] :1:1: Premature end of file.
2025-12-23 10:09:07,704 [ERROR] LogOutputStream:75 - [STDERR_REDIRECT] 
2025-12-23 10:09:08,728 [ERROR] LogOutputStream:75 - [STDERR_REDIRECT] [Fatal Error] :1:1: Premature end of file.
2025-12-23 10:09:08,728 [ERROR] LogOutputStream:75 - [STDERR_REDIRECT] 
2025-12-23 10:09:09,726 [ERROR] LogOutputStream:75 - [STDERR_REDIRECT] [Fatal Error] :1:1: Premature end of file.
2025-12-23 10:09:09,726 [ERROR] LogOutputStream:75 - [STDERR_REDIRECT] 
2025-12-23 10:09:10,722 [ERROR] LogOutputStream:75 - [STDERR_REDIRECT] [Fatal Error] :1:1: Premature end of file.
2025-12-23 10:09:10,722 [ERROR] LogOutputStream:75 - [STDERR_REDIRECT] 
2025-12-23 10:09:11,724 [ERROR] LogOutputStream:75 - [STDERR_REDIRECT] [Fatal Error] :1:1: Premature end of file.
2025-12-23 10:09:11,725 [ERROR] LogOutputStream:75 - [STDERR_REDIRECT] 
2025-12-23 10:09:11,809 [INFO] MainUpdater:2872 - connection check result : 10
2025-12-23 10:09:12,723 [ERROR] LogOutputStream:75 - [STDERR_REDIRECT] [Fatal Error] :1:1: Premature end of file.
2025-12-23 10:09:12,725 [ERROR] LogOutputStream:75 - [STDERR_REDIRECT] 
2025-12-23 10:09:13,024 [INFO] CheckServerUpdateThread:120 - End of CheckServer Thread
2025-12-23 10:09:13,711 [ERROR] LogOutputStream:75 - [STDERR_REDIRECT] [Fatal Error] :1:1: Premature end of file.
2025-12-23 10:09:13,711 [ERROR] LogOutputStream:75 - [STDERR_REDIRECT] 
2025-12-23 10:09:14,724 [ERROR] LogOutputStream:75 - [STDERR_REDIRECT] [Fatal Error] :1:1: Premature end of file.
2025-12-23 10:09:14,724 [ERROR] LogOutputStream:75 - [STDERR_REDIRECT] 
2025-12-23 10:09:15,724 [ERROR] LogOutputStream:75 - [STDERR_REDIRECT] [Fatal Error] :1:1: Premature end of file.
2025-12-23 10:09:15,724 [ERROR] LogOutputStream:75 - [STDERR_REDIRECT] 
2025-12-23 10:09:16,731 [ERROR] LogOutputStream:75 - [STDERR_REDIRECT] [Fatal Error] :1:1: Premature end of file.
2025-12-23 10:09:16,731 [ERROR] LogOutputStream:75 - [STDERR_REDIRECT] 
2025-12-23 10:09:17,710 [ERROR] LogOutputStream:75 - [STDERR_REDIRECT] [Fatal Error] :1:1: Premature end of file.
2025-12-23 10:09:17,710 [ERROR] LogOutputStream:75 - [STDERR_REDIRECT] 
2025-12-23 10:09:18,735 [ERROR] LogOutputStream:75 - [STDERR_REDIRECT] [Fatal Error] :1:1: Premature end of file.
2025-12-23 10:09:18,735 [ERROR] LogOutputStream:75 - [STDERR_REDIRECT] 
2025-12-23 10:09:19,721 [ERROR] LogOutputStream:75 - [STDERR_REDIRECT] [Fatal Error] :1:1: Premature end of file.
2025-12-23 10:09:19,722 [ERROR] LogOutputStream:75 - [STDERR_REDIRECT] 
2025-12-23 10:09:20,723 [ERROR] LogOutputStream:75 - [STDERR_REDIRECT] [Fatal Error] :1:1: Premature end of file.
2025-12-23 10:09:20,723 [ERROR] LogOutputStream:75 - [STDERR_REDIRECT] 
2025-12-23 10:09:21,724 [ERROR] LogOutputStream:75 - [STDERR_REDIRECT] [Fatal Error] :1:1: Premature end of file.
2025-12-23 10:09:21,724 [ERROR] LogOutputStream:75 - [STDERR_REDIRECT] 
2025-12-23 10:09:22,724 [ERROR] LogOutputStream:75 - [STDERR_REDIRECT] [Fatal Error] :1:1: Premature end of file.
2025-12-23 10:09:22,724 [ERROR] LogOutputStream:75 - [STDERR_REDIRECT] 
2025-12-23 10:09:23,722 [ERROR] LogOutputStream:75 - [STDERR_REDIRECT] [Fatal Error] :1:1: Premature end of file.
2025-12-23 10:09:23,723 [ERROR] LogOutputStream:75 - [STDERR_REDIRECT] 
2025-12-23 10:09:24,720 [ERROR] LogOutputStream:75 - [STDERR_REDIRECT] [Fatal Error] :1:1: Premature end of file.
2025-12-23 10:09:24,720 [ERROR] LogOutputStream:75 - [STDERR_REDIRECT] 
2025-12-23 10:09:25,722 [ERROR] LogOutputStream:75 - [STDERR_REDIRECT] [Fatal Error] :1:1: Premature end of file.
2025-12-23 10:09:25,722 [ERROR] LogOutputStream:75 - [STDERR_REDIRECT] 
2025-12-23 10:09:26,716 [ERROR] LogOutputStream:75 - [STDERR_REDIRECT] [Fatal Error] :1:1: Premature end of file.
2025-12-23 10:09:26,717 [ERROR] LogOutputStream:75 - [STDERR_REDIRECT] 
2025-12-23 10:09:27,717 [ERROR] LogOutputStream:75 - [STDERR_REDIRECT] [Fatal Error] :1:1: Premature end of file.
2025-12-23 10:09:27,718 [ERROR] LogOutputStream:75 - [STDERR_REDIRECT] 
2025-12-23 10:09:28,704 [ERROR] LogOutputStream:75 - [STDERR_REDIRECT] [Fatal Error] :1:1: Premature end of file.
2025-12-23 10:09:28,704 [ERROR] LogOutputStream:75 - [STDERR_REDIRECT] 
2025-12-23 10:09:29,734 [ERROR] LogOutputStream:75 - [STDERR_REDIRECT] [Fatal Error] :1:1: Premature end of file.
2025-12-23 10:09:29,734 [ERROR] LogOutputStream:75 - [STDERR_REDIRECT] 
2025-12-23 10:09:30,752 [ERROR] LogOutputStream:75 - [STDERR_REDIRECT] [Fatal Error] :1:1: Premature end of file.
2025-12-23 10:09:30,752 [ERROR] LogOutputStream:75 - [STDERR_REDIRECT] 
2025-12-23 10:09:31,739 [ERROR] LogOutputStream:75 - [STDERR_REDIRECT] [Fatal Error] :1:1: Premature end of file.
2025-12-23 10:09:31,739 [ERROR] LogOutputStream:75 - [STDERR_REDIRECT] 
2025-12-23 10:09:32,742 [ERROR] LogOutputStream:75 - [STDERR_REDIRECT] [Fatal Error] :1:1: Premature end of file.
2025-12-23 10:09:32,742 [ERROR] LogOutputStream:75 - [STDERR_REDIRECT] 
2025-12-23 10:09:33,734 [ERROR] LogOutputStream:75 - [STDERR_REDIRECT] [Fatal Error] :1:1: Premature end of file.
2025-12-23 10:09:33,734 [ERROR] LogOutputStream:75 - [STDERR_REDIRECT] 
2025-12-23 10:09:34,755 [ERROR] LogOutputStream:75 - [STDERR_REDIRECT] [Fatal Error] :1:1: Premature end of file.
2025-12-23 10:09:34,758 [ERROR] LogOutputStream:75 - [STDERR_REDIRECT] 
2025-12-23 10:09:35,754 [ERROR] LogOutputStream:75 - [STDERR_REDIRECT] [Fatal Error] :1:1: Premature end of file.
2025-12-23 10:09:35,754 [ERROR] LogOutputStream:75 - [STDERR_REDIRECT] 
2025-12-23 10:09:36,735 [ERROR] LogOutputStream:75 - [STDERR_REDIRECT] [Fatal Error] :1:1: Premature end of file.
2025-12-23 10:09:36,735 [ERROR] LogOutputStream:75 - [STDERR_REDIRECT] 
2025-12-23 10:09:37,736 [ERROR] LogOutputStream:75 - [STDERR_REDIRECT] [Fatal Error] :1:1: Premature end of file.
2025-12-23 10:09:37,736 [ERROR] LogOutputStream:75 - [STDERR_REDIRECT] 
2025-12-23 10:09:38,745 [ERROR] LogOutputStream:75 - [STDERR_REDIRECT] [Fatal Error] :1:1: Premature end of file.
2025-12-23 10:09:38,745 [ERROR] LogOutputStream:75 - [STDERR_REDIRECT] 
2025-12-23 10:09:39,741 [ERROR] LogOutputStream:75 - [STDERR_REDIRECT] [Fatal Error] :1:1: Premature end of file.
2025-12-23 10:09:39,741 [ERROR] LogOutputStream:75 - [STDERR_REDIRECT] 
2025-12-23 10:09:40,747 [ERROR] LogOutputStream:75 - [STDERR_REDIRECT] [Fatal Error] :1:1: Premature end of file.
2025-12-23 10:09:40,751 [ERROR] LogOutputStream:75 - [STDERR_REDIRECT] 
2025-12-23 10:09:41,745 [ERROR] LogOutputStream:75 - [STDERR_REDIRECT] [Fatal Error] :1:1: Premature end of file.
2025-12-23 10:09:41,745 [ERROR] LogOutputStream:75 - [STDERR_REDIRECT] 
2025-12-23 10:09:42,746 [ERROR] LogOutputStream:75 - [STDERR_REDIRECT] [Fatal Error] :1:1: Premature end of file.
2025-12-23 10:09:42,746 [ERROR] LogOutputStream:75 - [STDERR_REDIRECT] 
2025-12-23 10:09:43,745 [ERROR] LogOutputStream:75 - [STDERR_REDIRECT] [Fatal Error] :1:1: Premature end of file.
2025-12-23 10:09:43,745 [ERROR] LogOutputStream:75 - [STDERR_REDIRECT] 
2025-12-23 10:09:44,825 [ERROR] LogOutputStream:75 - [STDERR_REDIRECT] [Fatal Error] :1:1: Premature end of file.
2025-12-23 10:09:44,826 [ERROR] LogOutputStream:75 - [STDERR_REDIRECT] 
2025-12-23 10:09:45,732 [ERROR] LogOutputStream:75 - [STDERR_REDIRECT] [Fatal Error] :1:1: Premature end of file.
2025-12-23 10:09:45,733 [ERROR] LogOutputStream:75 - [STDERR_REDIRECT] 
2025-12-23 10:09:46,735 [ERROR] LogOutputStream:75 - [STDERR_REDIRECT] [Fatal Error] :1:1: Premature end of file.
2025-12-23 10:09:46,736 [ERROR] LogOutputStream:75 - [STDERR_REDIRECT] 
2025-12-23 10:09:47,735 [ERROR] LogOutputStream:75 - [STDERR_REDIRECT] [Fatal Error] :1:1: Premature end of file.
2025-12-23 10:09:47,735 [ERROR] LogOutputStream:75 - [STDERR_REDIRECT] 
2025-12-23 10:09:48,749 [ERROR] LogOutputStream:75 - [STDERR_REDIRECT] [Fatal Error] :1:1: Premature end of file.
2025-12-23 10:09:48,749 [ERROR] LogOutputStream:75 - [STDERR_REDIRECT] 
2025-12-23 10:09:49,756 [ERROR] LogOutputStream:75 - [STDERR_REDIRECT] [Fatal Error] :1:1: Premature end of file.
2025-12-23 10:09:49,757 [ERROR] LogOutputStream:75 - [STDERR_REDIRECT] 
2025-12-23 10:09:50,746 [ERROR] LogOutputStream:75 - [STDERR_REDIRECT] [Fatal Error] :1:1: Premature end of file.
2025-12-23 10:09:50,746 [ERROR] LogOutputStream:75 - [STDERR_REDIRECT] 
2025-12-23 10:09:51,734 [ERROR] LogOutputStream:75 - [STDERR_REDIRECT] [Fatal Error] :1:1: Premature end of file.
2025-12-23 10:09:51,735 [ERROR] LogOutputStream:75 - [STDERR_REDIRECT] 
2025-12-23 10:09:52,746 [ERROR] LogOutputStream:75 - [STDERR_REDIRECT] [Fatal Error] :1:1: Premature end of file.
2025-12-23 10:09:52,747 [ERROR] LogOutputStream:75 - [STDERR_REDIRECT] 
2025-12-23 10:09:53,732 [ERROR] LogOutputStream:75 - [STDERR_REDIRECT] [Fatal Error] :1:1: Premature end of file.
2025-12-23 10:09:53,732 [ERROR] LogOutputStream:75 - [STDERR_REDIRECT] 
2025-12-23 10:09:54,739 [ERROR] LogOutputStream:75 - [STDERR_REDIRECT] [Fatal Error] :1:1: Premature end of file.
2025-12-23 10:09:54,739 [ERROR] LogOutputStream:75 - [STDERR_REDIRECT] 
2025-12-23 10:09:55,735 [ERROR] LogOutputStream:75 - [STDERR_REDIRECT] [Fatal Error] :1:1: Premature end of file.
2025-12-23 10:09:55,735 [ERROR] LogOutputStream:75 - [STDERR_REDIRECT] 
2025-12-23 10:09:56,732 [ERROR] LogOutputStream:75 - [STDERR_REDIRECT] [Fatal Error] :1:1: Premature end of file.
2025-12-23 10:09:56,732 [ERROR] LogOutputStream:75 - [STDERR_REDIRECT] 
2025-12-23 10:09:57,720 [ERROR] LogOutputStream:75 - [STDERR_REDIRECT] [Fatal Error] :1:1: Premature end of file.
2025-12-23 10:09:57,720 [ERROR] LogOutputStream:75 - [STDERR_REDIRECT] 
2025-12-23 10:09:58,708 [ERROR] LogOutputStream:75 - [STDERR_REDIRECT] [Fatal Error] :1:1: Premature end of file.
2025-12-23 10:09:58,709 [ERROR] LogOutputStream:75 - [STDERR_REDIRECT] 
2025-12-23 10:09:59,713 [ERROR] LogOutputStream:75 - [STDERR_REDIRECT] [Fatal Error] :1:1: Premature end of file.
2025-12-23 10:09:59,713 [ERROR] LogOutputStream:75 - [STDERR_REDIRECT] 
2025-12-23 10:10:00,723 [ERROR] LogOutputStream:75 - [STDERR_REDIRECT] [Fatal Error] :1:1: Premature end of file.
2025-12-23 10:10:00,723 [ERROR] LogOutputStream:75 - [STDERR_REDIRECT] 
2025-12-23 10:10:01,729 [ERROR] LogOutputStream:75 - [STDERR_REDIRECT] [Fatal Error] :1:1: Premature end of file.
2025-12-23 10:10:01,730 [ERROR] LogOutputStream:75 - [STDERR_REDIRECT] 
2025-12-23 10:10:02,727 [ERROR] LogOutputStream:75 - [STDERR_REDIRECT] [Fatal Error] :1:1: Premature end of file.
2025-12-23 10:10:02,727 [ERROR] LogOutputStream:75 - [STDERR_REDIRECT] 
2025-12-23 10:10:03,749 [ERROR] LogOutputStream:75 - [STDERR_REDIRECT] [Fatal Error] :1:1: Premature end of file.
2025-12-23 10:10:03,749 [ERROR] LogOutputStream:75 - [STDERR_REDIRECT] 
2025-12-23 10:10:04,715 [ERROR] LogOutputStream:75 - [STDERR_REDIRECT] [Fatal Error] :1:1: Premature end of file.
2025-12-23 10:10:04,715 [ERROR] LogOutputStream:75 - [STDERR_REDIRECT] 
2025-12-23 10:10:05,727 [ERROR] LogOutputStream:75 - [STDERR_REDIRECT] [Fatal Error] :1:1: Premature end of file.
2025-12-23 10:10:05,727 [ERROR] LogOutputStream:75 - [STDERR_REDIRECT] 
2025-12-23 10:10:06,718 [ERROR] LogOutputStream:75 - [STDERR_REDIRECT] [Fatal Error] :1:1: Premature end of file.
2025-12-23 10:10:06,718 [ERROR] LogOutputStream:75 - [STDERR_REDIRECT] 
2025-12-23 10:10:07,711 [ERROR] LogOutputStream:75 - [STDERR_REDIRECT] [Fatal Error] :1:1: Premature end of file.
2025-12-23 10:10:07,713 [ERROR] LogOutputStream:75 - [STDERR_REDIRECT] 
2025-12-23 10:10:08,719 [ERROR] LogOutputStream:75 - [STDERR_REDIRECT] [Fatal Error] :1:1: Premature end of file.
2025-12-23 10:10:08,720 [ERROR] LogOutputStream:75 - [STDERR_REDIRECT] 
2025-12-23 10:10:09,713 [ERROR] LogOutputStream:75 - [STDERR_REDIRECT] [Fatal Error] :1:1: Premature end of file.
2025-12-23 10:10:09,715 [ERROR] LogOutputStream:75 - [STDERR_REDIRECT] 
2025-12-23 10:10:10,726 [ERROR] LogOutputStream:75 - [STDERR_REDIRECT] [Fatal Error] :1:1: Premature end of file.
2025-12-23 10:10:10,726 [ERROR] LogOutputStream:75 - [STDERR_REDIRECT] 
2025-12-23 10:10:11,763 [ERROR] LogOutputStream:75 - [STDERR_REDIRECT] [Fatal Error] :1:1: Premature end of file.
2025-12-23 10:10:11,764 [ERROR] LogOutputStream:75 - [STDERR_REDIRECT] 
2025-12-23 10:10:12,877 [ERROR] LogOutputStream:75 - [STDERR_REDIRECT] [Fatal Error] :1:1: Premature end of file.
2025-12-23 10:10:12,879 [ERROR] LogOutputStream:75 - [STDERR_REDIRECT] 
2025-12-23 10:10:13,726 [ERROR] LogOutputStream:75 - [STDERR_REDIRECT] [Fatal Error] :1:1: Premature end of file.
2025-12-23 10:10:13,727 [ERROR] LogOutputStream:75 - [STDERR_REDIRECT] 
2025-12-23 10:10:14,741 [ERROR] LogOutputStream:75 - [STDERR_REDIRECT] [Fatal Error] :1:1: Premature end of file.
2025-12-23 10:10:14,743 [ERROR] LogOutputStream:75 - [STDERR_REDIRECT] 
2025-12-23 10:10:15,734 [ERROR] LogOutputStream:75 - [STDERR_REDIRECT] [Fatal Error] :1:1: Premature end of file.
2025-12-23 10:10:15,735 [ERROR] LogOutputStream:75 - [STDERR_REDIRECT] 
2025-12-23 10:10:16,719 [ERROR] LogOutputStream:75 - [STDERR_REDIRECT] [Fatal Error] :1:1: Premature end of file.
2025-12-23 10:10:16,719 [ERROR] LogOutputStream:75 - [STDERR_REDIRECT] 
2025-12-23 10:10:17,736 [ERROR] LogOutputStream:75 - [STDERR_REDIRECT] [Fatal Error] :1:1: Premature end of file.
2025-12-23 10:10:17,736 [ERROR] LogOutputStream:75 - [STDERR_REDIRECT] 
2025-12-23 10:10:18,721 [ERROR] LogOutputStream:75 - [STDERR_REDIRECT] [Fatal Error] :1:1: Premature end of file.
2025-12-23 10:10:18,721 [ERROR] LogOutputStream:75 - [STDERR_REDIRECT] 
2025-12-23 10:10:19,726 [ERROR] LogOutputStream:75 - [STDERR_REDIRECT] [Fatal Error] :1:1: Premature end of file.
2025-12-23 10:10:19,726 [ERROR] LogOutputStream:75 - [STDERR_REDIRECT] 
2025-12-23 10:10:20,727 [ERROR] LogOutputStream:75 - [STDERR_REDIRECT] [Fatal Error] :1:1: Premature end of file.
2025-12-23 10:10:20,727 [ERROR] LogOutputStream:75 - [STDERR_REDIRECT] 
2025-12-23 10:10:21,717 [ERROR] LogOutputStream:75 - [STDERR_REDIRECT] [Fatal Error] :1:1: Premature end of file.
2025-12-23 10:10:21,718 [ERROR] LogOutputStream:75 - [STDERR_REDIRECT] 
2025-12-23 10:10:22,723 [ERROR] LogOutputStream:75 - [STDERR_REDIRECT] [Fatal Error] :1:1: Premature end of file.
2025-12-23 10:10:22,723 [ERROR] LogOutputStream:75 - [STDERR_REDIRECT] 
2025-12-23 10:10:23,715 [ERROR] LogOutputStream:75 - [STDERR_REDIRECT] [Fatal Error] :1:1: Premature end of file.
2025-12-23 10:10:23,715 [ERROR] LogOutputStream:75 - [STDERR_REDIRECT] 
2025-12-23 10:10:24,706 [ERROR] LogOutputStream:75 - [STDERR_REDIRECT] [Fatal Error] :1:1: Premature end of file.
2025-12-23 10:10:24,706 [ERROR] LogOutputStream:75 - [STDERR_REDIRECT] 
2025-12-23 10:10:25,719 [ERROR] LogOutputStream:75 - [STDERR_REDIRECT] [Fatal Error] :1:1: Premature end of file.
2025-12-23 10:10:25,721 [ERROR] LogOutputStream:75 - [STDERR_REDIRECT] 
2025-12-23 10:10:26,706 [ERROR] LogOutputStream:75 - [STDERR_REDIRECT] [Fatal Error] :1:1: Premature end of file.
2025-12-23 10:10:26,707 [ERROR] LogOutputStream:75 - [STDERR_REDIRECT] 
2025-12-23 10:10:27,729 [ERROR] LogOutputStream:75 - [STDERR_REDIRECT] [Fatal Error] :1:1: Premature end of file.
2025-12-23 10:10:27,730 [ERROR] LogOutputStream:75 - [STDERR_REDIRECT] 
2025-12-23 10:10:28,715 [ERROR] LogOutputStream:75 - [STDERR_REDIRECT] [Fatal Error] :1:1: Premature end of file.
2025-12-23 10:10:28,715 [ERROR] LogOutputStream:75 - [STDERR_REDIRECT] 
2025-12-23 10:10:29,723 [ERROR] LogOutputStream:75 - [STDERR_REDIRECT] [Fatal Error] :1:1: Premature end of file.
2025-12-23 10:10:29,724 [ERROR] LogOutputStream:75 - [STDERR_REDIRECT] 
2025-12-23 10:10:30,709 [ERROR] LogOutputStream:75 - [STDERR_REDIRECT] [Fatal Error] :1:1: Premature end of file.
2025-12-23 10:10:30,712 [ERROR] LogOutputStream:75 - [STDERR_REDIRECT] 
2025-12-23 10:10:31,731 [ERROR] LogOutputStream:75 - [STDERR_REDIRECT] [Fatal Error] :1:1: Premature end of file.
2025-12-23 10:10:31,733 [ERROR] LogOutputStream:75 - [STDERR_REDIRECT] 
2025-12-23 10:10:32,708 [ERROR] LogOutputStream:75 - [STDERR_REDIRECT] [Fatal Error] :1:1: Premature end of file.
2025-12-23 10:10:32,708 [ERROR] LogOutputStream:75 - [STDERR_REDIRECT] 
2025-12-23 10:10:33,715 [ERROR] LogOutputStream:75 - [STDERR_REDIRECT] [Fatal Error] :1:1: Premature end of file.
2025-12-23 10:10:33,715 [ERROR] LogOutputStream:75 - [STDERR_REDIRECT] 
2025-12-23 10:10:34,700 [ERROR] LogOutputStream:75 - [STDERR_REDIRECT] [Fatal Error] :1:1: Premature end of file.
2025-12-23 10:10:34,700 [ERROR] LogOutputStream:75 - [STDERR_REDIRECT] 
2025-12-23 10:10:35,703 [ERROR] LogOutputStream:75 - [STDERR_REDIRECT] [Fatal Error] :1:1: Premature end of file.
2025-12-23 10:10:35,704 [ERROR] LogOutputStream:75 - [STDERR_REDIRECT] 
2025-12-23 10:10:36,713 [ERROR] LogOutputStream:75 - [STDERR_REDIRECT] [Fatal Error] :1:1: Premature end of file.
2025-12-23 10:10:36,717 [ERROR] LogOutputStream:75 - [STDERR_REDIRECT] 
2025-12-23 10:10:37,726 [ERROR] LogOutputStream:75 - [STDERR_REDIRECT] [Fatal Error] :1:1: Premature end of file.
2025-12-23 10:10:37,728 [ERROR] LogOutputStream:75 - [STDERR_REDIRECT] 
2025-12-23 10:10:38,713 [ERROR] LogOutputStream:75 - [STDERR_REDIRECT] [Fatal Error] :1:1: Premature end of file.
2025-12-23 10:10:38,713 [ERROR] LogOutputStream:75 - [STDERR_REDIRECT] 
2025-12-23 10:10:39,709 [ERROR] LogOutputStream:75 - [STDERR_REDIRECT] [Fatal Error] :1:1: Premature end of file.
2025-12-23 10:10:39,709 [ERROR] LogOutputStream:75 - [STDERR_REDIRECT] 
2025-12-23 10:10:40,719 [ERROR] LogOutputStream:75 - [STDERR_REDIRECT] [Fatal Error] :1:1: Premature end of file.
2025-12-23 10:10:40,719 [ERROR] LogOutputStream:75 - [STDERR_REDIRECT] 
2025-12-23 10:10:41,719 [ERROR] LogOutputStream:75 - [STDERR_REDIRECT] [Fatal Error] :1:1: Premature end of file.
2025-12-23 10:10:41,720 [ERROR] LogOutputStream:75 - [STDERR_REDIRECT] 
2025-12-23 10:10:42,705 [ERROR] LogOutputStream:75 - [STDERR_REDIRECT] [Fatal Error] :1:1: Premature end of file.
2025-12-23 10:10:42,708 [ERROR] LogOutputStream:75 - [STDERR_REDIRECT] 
2025-12-23 10:10:43,729 [ERROR] LogOutputStream:75 - [STDERR_REDIRECT] [Fatal Error] :1:1: Premature end of file.
2025-12-23 10:10:43,730 [ERROR] LogOutputStream:75 - [STDERR_REDIRECT] 
2025-12-23 10:10:44,721 [ERROR] LogOutputStream:75 - [STDERR_REDIRECT] [Fatal Error] :1:1: Premature end of file.
2025-12-23 10:10:44,721 [ERROR] LogOutputStream:75 - [STDERR_REDIRECT] 
2025-12-23 10:10:45,722 [ERROR] LogOutputStream:75 - [STDERR_REDIRECT] [Fatal Error] :1:1: Premature end of file.
2025-12-23 10:10:45,722 [ERROR] LogOutputStream:75 - [STDERR_REDIRECT] 
2025-12-23 10:10:46,724 [ERROR] LogOutputStream:75 - [STDERR_REDIRECT] [Fatal Error] :1:1: Premature end of file.
2025-12-23 10:10:46,724 [ERROR] LogOutputStream:75 - [STDERR_REDIRECT] 
2025-12-23 10:10:47,720 [ERROR] LogOutputStream:75 - [STDERR_REDIRECT] [Fatal Error] :1:1: Premature end of file.
2025-12-23 10:10:47,721 [ERROR] LogOutputStream:75 - [STDERR_REDIRECT] 
2025-12-23 10:10:48,718 [ERROR] LogOutputStream:75 - [STDERR_REDIRECT] [Fatal Error] :1:1: Premature end of file.
2025-12-23 10:10:48,718 [ERROR] LogOutputStream:75 - [STDERR_REDIRECT] 
2025-12-23 10:10:49,722 [ERROR] LogOutputStream:75 - [STDERR_REDIRECT] [Fatal Error] :1:1: Premature end of file.
2025-12-23 10:10:49,722 [ERROR] LogOutputStream:75 - [STDERR_REDIRECT] 
2025-12-23 10:10:50,709 [ERROR] LogOutputStream:75 - [STDERR_REDIRECT] [Fatal Error] :1:1: Premature end of file.
2025-12-23 10:10:50,709 [ERROR] LogOutputStream:75 - [STDERR_REDIRECT] 
2025-12-23 10:10:51,711 [ERROR] LogOutputStream:75 - [STDERR_REDIRECT] [Fatal Error] :1:1: Premature end of file.
2025-12-23 10:10:51,711 [ERROR] LogOutputStream:75 - [STDERR_REDIRECT] 
2025-12-23 10:10:52,705 [ERROR] LogOutputStream:75 - [STDERR_REDIRECT] [Fatal Error] :1:1: Premature end of file.
2025-12-23 10:10:52,705 [ERROR] LogOutputStream:75 - [STDERR_REDIRECT] 
2025-12-23 10:10:53,708 [ERROR] LogOutputStream:75 - [STDERR_REDIRECT] [Fatal Error] :1:1: Premature end of file.
2025-12-23 10:10:53,709 [ERROR] LogOutputStream:75 - [STDERR_REDIRECT] 
2025-12-23 10:10:54,727 [ERROR] LogOutputStream:75 - [STDERR_REDIRECT] [Fatal Error] :1:1: Premature end of file.
2025-12-23 10:10:54,728 [ERROR] LogOutputStream:75 - [STDERR_REDIRECT] 
2025-12-23 10:10:55,706 [ERROR] LogOutputStream:75 - [STDERR_REDIRECT] [Fatal Error] :1:1: Premature end of file.
2025-12-23 10:10:55,706 [ERROR] LogOutputStream:75 - [STDERR_REDIRECT] 
2025-12-23 10:10:56,740 [ERROR] LogOutputStream:75 - [STDERR_REDIRECT] [Fatal Error] :1:1: Premature end of file.
2025-12-23 10:10:56,740 [ERROR] LogOutputStream:75 - [STDERR_REDIRECT] 
2025-12-23 10:10:57,714 [ERROR] LogOutputStream:75 - [STDERR_REDIRECT] [Fatal Error] :1:1: Premature end of file.
2025-12-23 10:10:57,714 [ERROR] LogOutputStream:75 - [STDERR_REDIRECT] 
2025-12-23 10:10:58,704 [ERROR] LogOutputStream:75 - [STDERR_REDIRECT] [Fatal Error] :1:1: Premature end of file.
2025-12-23 10:10:58,704 [ERROR] LogOutputStream:75 - [STDERR_REDIRECT] 
2025-12-23 10:10:59,705 [ERROR] LogOutputStream:75 - [STDERR_REDIRECT] [Fatal Error] :1:1: Premature end of file.
2025-12-23 10:10:59,705 [ERROR] LogOutputStream:75 - [STDERR_REDIRECT] 
2025-12-23 10:11:00,709 [ERROR] LogOutputStream:75 - [STDERR_REDIRECT] [Fatal Error] :1:1: Premature end of file.
2025-12-23 10:11:00,710 [ERROR] LogOutputStream:75 - [STDERR_REDIRECT] 
2025-12-23 10:11:01,722 [ERROR] LogOutputStream:75 - [STDERR_REDIRECT] [Fatal Error] :1:1: Premature end of file.
2025-12-23 10:11:01,722 [ERROR] LogOutputStream:75 - [STDERR_REDIRECT] 
2025-12-23 10:11:02,710 [ERROR] LogOutputStream:75 - [STDERR_REDIRECT] [Fatal Error] :1:1: Premature end of file.
2025-12-23 10:11:02,711 [ERROR] LogOutputStream:75 - [STDERR_REDIRECT] 
2025-12-23 10:11:03,703 [ERROR] LogOutputStream:75 - [STDERR_REDIRECT] [Fatal Error] :1:1: Premature end of file.
2025-12-23 10:11:03,705 [ERROR] LogOutputStream:75 - [STDERR_REDIRECT] 
2025-12-23 10:11:04,705 [ERROR] LogOutputStream:75 - [STDERR_REDIRECT] [Fatal Error] :1:1: Premature end of file.
2025-12-23 10:11:04,706 [ERROR] LogOutputStream:75 - [STDERR_REDIRECT] 
2025-12-23 10:11:05,720 [ERROR] LogOutputStream:75 - [STDERR_REDIRECT] [Fatal Error] :1:1: Premature end of file.
2025-12-23 10:11:05,720 [ERROR] LogOutputStream:75 - [STDERR_REDIRECT] 
2025-12-23 10:11:06,721 [ERROR] LogOutputStream:75 - [STDERR_REDIRECT] [Fatal Error] :1:1: Premature end of file.
2025-12-23 10:11:06,721 [ERROR] LogOutputStream:75 - [STDERR_REDIRECT] 
2025-12-23 10:11:07,705 [ERROR] LogOutputStream:75 - [STDERR_REDIRECT] [Fatal Error] :1:1: Premature end of file.
2025-12-23 10:11:07,705 [ERROR] LogOutputStream:75 - [STDERR_REDIRECT] 
2025-12-23 10:11:08,705 [ERROR] LogOutputStream:75 - [STDERR_REDIRECT] [Fatal Error] :1:1: Premature end of file.
2025-12-23 10:11:08,706 [ERROR] LogOutputStream:75 - [STDERR_REDIRECT] 
2025-12-23 10:11:09,731 [ERROR] LogOutputStream:75 - [STDERR_REDIRECT] [Fatal Error] :1:1: Premature end of file.
2025-12-23 10:11:09,731 [ERROR] LogOutputStream:75 - [STDERR_REDIRECT] 
2025-12-23 10:11:10,719 [ERROR] LogOutputStream:75 - [STDERR_REDIRECT] [Fatal Error] :1:1: Premature end of file.
2025-12-23 10:11:10,722 [ERROR] LogOutputStream:75 - [STDERR_REDIRECT] 
2025-12-23 10:11:11,711 [ERROR] LogOutputStream:75 - [STDERR_REDIRECT] [Fatal Error] :1:1: Premature end of file.
2025-12-23 10:11:11,711 [ERROR] LogOutputStream:75 - [STDERR_REDIRECT] 
2025-12-23 10:11:12,719 [ERROR] LogOutputStream:75 - [STDERR_REDIRECT] [Fatal Error] :1:1: Premature end of file.
2025-12-23 10:11:12,720 [ERROR] LogOutputStream:75 - [STDERR_REDIRECT] 
2025-12-23 10:11:13,706 [ERROR] LogOutputStream:75 - [STDERR_REDIRECT] [Fatal Error] :1:1: Premature end of file.
2025-12-23 10:11:13,727 [ERROR] LogOutputStream:75 - [STDERR_REDIRECT] 
2025-12-23 10:11:14,721 [ERROR] LogOutputStream:75 - [STDERR_REDIRECT] [Fatal Error] :1:1: Premature end of file.
2025-12-23 10:11:14,721 [ERROR] LogOutputStream:75 - [STDERR_REDIRECT] 
2025-12-23 10:11:15,707 [ERROR] LogOutputStream:75 - [STDERR_REDIRECT] [Fatal Error] :1:1: Premature end of file.
2025-12-23 10:11:15,707 [ERROR] LogOutputStream:75 - [STDERR_REDIRECT] 
2025-12-23 10:11:16,713 [ERROR] LogOutputStream:75 - [STDERR_REDIRECT] [Fatal Error] :1:1: Premature end of file.
2025-12-23 10:11:16,713 [ERROR] LogOutputStream:75 - [STDERR_REDIRECT] 
2025-12-23 10:11:17,743 [ERROR] LogOutputStream:75 - [STDERR_REDIRECT] [Fatal Error] :1:1: Premature end of file.
2025-12-23 10:11:17,743 [ERROR] LogOutputStream:75 - [STDERR_REDIRECT] 
2025-12-23 10:11:18,710 [ERROR] LogOutputStream:75 - [STDERR_REDIRECT] [Fatal Error] :1:1: Premature end of file.
2025-12-23 10:11:18,711 [ERROR] LogOutputStream:75 - [STDERR_REDIRECT] 
2025-12-23 10:11:19,718 [ERROR] LogOutputStream:75 - [STDERR_REDIRECT] [Fatal Error] :1:1: Premature end of file.
2025-12-23 10:11:19,718 [ERROR] LogOutputStream:75 - [STDERR_REDIRECT] 
2025-12-23 10:11:20,710 [ERROR] LogOutputStream:75 - [STDERR_REDIRECT] [Fatal Error] :1:1: Premature end of file.
2025-12-23 10:11:20,710 [ERROR] LogOutputStream:75 - [STDERR_REDIRECT] 
2025-12-23 10:11:21,707 [ERROR] LogOutputStream:75 - [STDERR_REDIRECT] [Fatal Error] :1:1: Premature end of file.
2025-12-23 10:11:21,707 [ERROR] LogOutputStream:75 - [STDERR_REDIRECT] 
2025-12-23 10:11:22,719 [ERROR] LogOutputStream:75 - [STDERR_REDIRECT] [Fatal Error] :1:1: Premature end of file.
2025-12-23 10:11:22,719 [ERROR] LogOutputStream:75 - [STDERR_REDIRECT] 
2025-12-23 10:11:23,715 [ERROR] LogOutputStream:75 - [STDERR_REDIRECT] [Fatal Error] :1:1: Premature end of file.
2025-12-23 10:11:23,716 [ERROR] LogOutputStream:75 - [STDERR_REDIRECT] 
2025-12-23 10:11:24,701 [ERROR] LogOutputStream:75 - [STDERR_REDIRECT] [Fatal Error] :1:1: Premature end of file.
2025-12-23 10:11:24,701 [ERROR] LogOutputStream:75 - [STDERR_REDIRECT] 
2025-12-23 10:11:25,730 [ERROR] LogOutputStream:75 - [STDERR_REDIRECT] [Fatal Error] :1:1: Premature end of file.
2025-12-23 10:11:25,730 [ERROR] LogOutputStream:75 - [STDERR_REDIRECT] 
2025-12-23 10:11:26,715 [ERROR] LogOutputStream:75 - [STDERR_REDIRECT] [Fatal Error] :1:1: Premature end of file.
2025-12-23 10:11:26,715 [ERROR] LogOutputStream:75 - [STDERR_REDIRECT] 
2025-12-23 10:11:27,724 [ERROR] LogOutputStream:75 - [STDERR_REDIRECT] [Fatal Error] :1:1: Premature end of file.
2025-12-23 10:11:27,727 [ERROR] LogOutputStream:75 - [STDERR_REDIRECT] 
2025-12-23 10:11:28,704 [ERROR] LogOutputStream:75 - [STDERR_REDIRECT] [Fatal Error] :1:1: Premature end of file.
2025-12-23 10:11:28,704 [ERROR] LogOutputStream:75 - [STDERR_REDIRECT] 
2025-12-23 10:11:29,721 [ERROR] LogOutputStream:75 - [STDERR_REDIRECT] [Fatal Error] :1:1: Premature end of file.
2025-12-23 10:11:29,721 [ERROR] LogOutputStream:75 - [STDERR_REDIRECT] 
2025-12-23 10:11:30,703 [ERROR] LogOutputStream:75 - [STDERR_REDIRECT] [Fatal Error] :1:1: Premature end of file.
2025-12-23 10:11:30,703 [ERROR] LogOutputStream:75 - [STDERR_REDIRECT] 
2025-12-23 10:11:31,720 [ERROR] LogOutputStream:75 - [STDERR_REDIRECT] [Fatal Error] :1:1: Premature end of file.
2025-12-23 10:11:31,721 [ERROR] LogOutputStream:75 - [STDERR_REDIRECT] 
2025-12-23 10:11:32,714 [ERROR] LogOutputStream:75 - [STDERR_REDIRECT] [Fatal Error] :1:1: Premature end of file.
2025-12-23 10:11:32,714 [ERROR] LogOutputStream:75 - [STDERR_REDIRECT] 
2025-12-23 10:11:33,708 [ERROR] LogOutputStream:75 - [STDERR_REDIRECT] [Fatal Error] :1:1: Premature end of file.
2025-12-23 10:11:33,708 [ERROR] LogOutputStream:75 - [STDERR_REDIRECT] 
2025-12-23 10:11:34,723 [ERROR] LogOutputStream:75 - [STDERR_REDIRECT] [Fatal Error] :1:1: Premature end of file.
2025-12-23 10:11:34,724 [ERROR] LogOutputStream:75 - [STDERR_REDIRECT] 
2025-12-23 10:11:35,721 [ERROR] LogOutputStream:75 - [STDERR_REDIRECT] [Fatal Error] :1:1: Premature end of file.
2025-12-23 10:11:35,722 [ERROR] LogOutputStream:75 - [STDERR_REDIRECT] 
2025-12-23 10:11:36,724 [ERROR] LogOutputStream:75 - [STDERR_REDIRECT] [Fatal Error] :1:1: Premature end of file.
2025-12-23 10:11:36,725 [ERROR] LogOutputStream:75 - [STDERR_REDIRECT] 
2025-12-23 10:11:37,717 [ERROR] LogOutputStream:75 - [STDERR_REDIRECT] [Fatal Error] :1:1: Premature end of file.
2025-12-23 10:11:37,717 [ERROR] LogOutputStream:75 - [STDERR_REDIRECT] 
2025-12-23 10:11:38,703 [ERROR] LogOutputStream:75 - [STDERR_REDIRECT] [Fatal Error] :1:1: Premature end of file.
2025-12-23 10:11:38,703 [ERROR] LogOutputStream:75 - [STDERR_REDIRECT] 
2025-12-23 10:11:39,719 [ERROR] LogOutputStream:75 - [STDERR_REDIRECT] [Fatal Error] :1:1: Premature end of file.
2025-12-23 10:11:39,719 [ERROR] LogOutputStream:75 - [STDERR_REDIRECT] 
2025-12-23 10:11:40,720 [ERROR] LogOutputStream:75 - [STDERR_REDIRECT] [Fatal Error] :1:1: Premature end of file.
2025-12-23 10:11:40,720 [ERROR] LogOutputStream:75 - [STDERR_REDIRECT] 
2025-12-23 10:11:41,707 [ERROR] LogOutputStream:75 - [STDERR_REDIRECT] [Fatal Error] :1:1: Premature end of file.
2025-12-23 10:11:41,708 [ERROR] LogOutputStream:75 - [STDERR_REDIRECT] 
2025-12-23 10:11:42,703 [ERROR] LogOutputStream:75 - [STDERR_REDIRECT] [Fatal Error] :1:1: Premature end of file.
2025-12-23 10:11:42,705 [ERROR] LogOutputStream:75 - [STDERR_REDIRECT] 
2025-12-23 10:11:43,718 [ERROR] LogOutputStream:75 - [STDERR_REDIRECT] [Fatal Error] :1:1: Premature end of file.
2025-12-23 10:11:43,723 [ERROR] LogOutputStream:75 - [STDERR_REDIRECT] 
2025-12-23 10:11:44,721 [ERROR] LogOutputStream:75 - [STDERR_REDIRECT] [Fatal Error] :1:1: Premature end of file.
2025-12-23 10:11:44,722 [ERROR] LogOutputStream:75 - [STDERR_REDIRECT] 
2025-12-23 10:11:45,729 [ERROR] LogOutputStream:75 - [STDERR_REDIRECT] [Fatal Error] :1:1: Premature end of file.
2025-12-23 10:11:45,730 [ERROR] LogOutputStream:75 - [STDERR_REDIRECT] 
2025-12-23 10:11:46,734 [ERROR] LogOutputStream:75 - [STDERR_REDIRECT] [Fatal Error] :1:1: Premature end of file.
2025-12-23 10:11:46,734 [ERROR] LogOutputStream:75 - [STDERR_REDIRECT] 
2025-12-23 10:11:47,727 [ERROR] LogOutputStream:75 - [STDERR_REDIRECT] [Fatal Error] :1:1: Premature end of file.
2025-12-23 10:11:47,728 [ERROR] LogOutputStream:75 - [STDERR_REDIRECT] 
2025-12-23 10:11:48,741 [ERROR] LogOutputStream:75 - [STDERR_REDIRECT] [Fatal Error] :1:1: Premature end of file.
2025-12-23 10:11:48,742 [ERROR] LogOutputStream:75 - [STDERR_REDIRECT] 
2025-12-23 10:11:49,739 [ERROR] LogOutputStream:75 - [STDERR_REDIRECT] [Fatal Error] :1:1: Premature end of file.
2025-12-23 10:11:49,741 [ERROR] LogOutputStream:75 - [STDERR_REDIRECT] 
2025-12-23 10:11:50,738 [ERROR] LogOutputStream:75 - [STDERR_REDIRECT] [Fatal Error] :1:1: Premature end of file.
2025-12-23 10:11:50,738 [ERROR] LogOutputStream:75 - [STDERR_REDIRECT] 
2025-12-23 10:11:51,737 [ERROR] LogOutputStream:75 - [STDERR_REDIRECT] [Fatal Error] :1:1: Premature end of file.
2025-12-23 10:11:51,737 [ERROR] LogOutputStream:75 - [STDERR_REDIRECT] 
2025-12-23 10:11:52,738 [ERROR] LogOutputStream:75 - [STDERR_REDIRECT] [Fatal Error] :1:1: Premature end of file.
2025-12-23 10:11:52,738 [ERROR] LogOutputStream:75 - [STDERR_REDIRECT] 
2025-12-23 10:11:53,732 [ERROR] LogOutputStream:75 - [STDERR_REDIRECT] [Fatal Error] :1:1: Premature end of file.
2025-12-23 10:11:53,737 [ERROR] LogOutputStream:75 - [STDERR_REDIRECT] 
2025-12-23 10:11:54,740 [ERROR] LogOutputStream:75 - [STDERR_REDIRECT] [Fatal Error] :1:1: Premature end of file.
2025-12-23 10:11:54,741 [ERROR] LogOutputStream:75 - [STDERR_REDIRECT] 
2025-12-23 10:11:55,746 [ERROR] LogOutputStream:75 - [STDERR_REDIRECT] [Fatal Error] :1:1: Premature end of file.
2025-12-23 10:11:55,746 [ERROR] LogOutputStream:75 - [STDERR_REDIRECT] 
2025-12-23 10:11:56,739 [ERROR] LogOutputStream:75 - [STDERR_REDIRECT] [Fatal Error] :1:1: Premature end of file.
2025-12-23 10:11:56,739 [ERROR] LogOutputStream:75 - [STDERR_REDIRECT] 
2025-12-23 10:11:57,744 [ERROR] LogOutputStream:75 - [STDERR_REDIRECT] [Fatal Error] :1:1: Premature end of file.
2025-12-23 10:11:57,744 [ERROR] LogOutputStream:75 - [STDERR_REDIRECT] 
2025-12-23 10:11:58,746 [ERROR] LogOutputStream:75 - [STDERR_REDIRECT] [Fatal Error] :1:1: Premature end of file.
2025-12-23 10:11:58,746 [ERROR] LogOutputStream:75 - [STDERR_REDIRECT] 
2025-12-23 10:11:59,737 [ERROR] LogOutputStream:75 - [STDERR_REDIRECT] [Fatal Error] :1:1: Premature end of file.
2025-12-23 10:11:59,737 [ERROR] LogOutputStream:75 - [STDERR_REDIRECT] 
2025-12-23 10:12:00,743 [ERROR] LogOutputStream:75 - [STDERR_REDIRECT] [Fatal Error] :1:1: Premature end of file.
2025-12-23 10:12:00,743 [ERROR] LogOutputStream:75 - [STDERR_REDIRECT] 
2025-12-23 10:12:01,752 [ERROR] LogOutputStream:75 - [STDERR_REDIRECT] [Fatal Error] :1:1: Premature end of file.
2025-12-23 10:12:01,757 [ERROR] LogOutputStream:75 - [STDERR_REDIRECT] 
2025-12-23 10:12:02,732 [ERROR] LogOutputStream:75 - [STDERR_REDIRECT] [Fatal Error] :1:1: Premature end of file.
2025-12-23 10:12:02,732 [ERROR] LogOutputStream:75 - [STDERR_REDIRECT] 
2025-12-23 10:12:03,742 [ERROR] LogOutputStream:75 - [STDERR_REDIRECT] [Fatal Error] :1:1: Premature end of file.
2025-12-23 10:12:03,742 [ERROR] LogOutputStream:75 - [STDERR_REDIRECT] 
2025-12-23 10:12:04,750 [ERROR] LogOutputStream:75 - [STDERR_REDIRECT] [Fatal Error] :1:1: Premature end of file.
2025-12-23 10:12:04,750 [ERROR] LogOutputStream:75 - [STDERR_REDIRECT] 
2025-12-23 10:12:05,754 [ERROR] LogOutputStream:75 - [STDERR_REDIRECT] [Fatal Error] :1:1: Premature end of file.
2025-12-23 10:12:05,757 [ERROR] LogOutputStream:75 - [STDERR_REDIRECT] 
2025-12-23 10:12:06,740 [ERROR] LogOutputStream:75 - [STDERR_REDIRECT] [Fatal Error] :1:1: Premature end of file.
2025-12-23 10:12:06,740 [ERROR] LogOutputStream:75 - [STDERR_REDIRECT] 
2025-12-23 10:12:07,738 [ERROR] LogOutputStream:75 - [STDERR_REDIRECT] [Fatal Error] :1:1: Premature end of file.
2025-12-23 10:12:07,738 [ERROR] LogOutputStream:75 - [STDERR_REDIRECT] 
2025-12-23 10:12:08,733 [ERROR] LogOutputStream:75 - [STDERR_REDIRECT] [Fatal Error] :1:1: Premature end of file.
2025-12-23 10:12:08,733 [ERROR] LogOutputStream:75 - [STDERR_REDIRECT] 
2025-12-23 10:12:09,740 [ERROR] LogOutputStream:75 - [STDERR_REDIRECT] [Fatal Error] :1:1: Premature end of file.
2025-12-23 10:12:09,740 [ERROR] LogOutputStream:75 - [STDERR_REDIRECT] 
2025-12-23 10:12:10,732 [ERROR] LogOutputStream:75 - [STDERR_REDIRECT] [Fatal Error] :1:1: Premature end of file.
2025-12-23 10:12:10,732 [ERROR] LogOutputStream:75 - [STDERR_REDIRECT] 
2025-12-23 10:12:11,733 [ERROR] LogOutputStream:75 - [STDERR_REDIRECT] [Fatal Error] :1:1: Premature end of file.
2025-12-23 10:12:11,733 [ERROR] LogOutputStream:75 - [STDERR_REDIRECT] 
2025-12-23 10:12:12,750 [ERROR] LogOutputStream:75 - [STDERR_REDIRECT] [Fatal Error] :1:1: Premature end of file.
2025-12-23 10:12:12,750 [ERROR] LogOutputStream:75 - [STDERR_REDIRECT] 
2025-12-23 10:12:13,736 [ERROR] LogOutputStream:75 - [STDERR_REDIRECT] [Fatal Error] :1:1: Premature end of file.
2025-12-23 10:12:13,738 [ERROR] LogOutputStream:75 - [STDERR_REDIRECT] 
2025-12-23 10:12:14,743 [ERROR] LogOutputStream:75 - [STDERR_REDIRECT] [Fatal Error] :1:1: Premature end of file.
2025-12-23 10:12:14,745 [ERROR] LogOutputStream:75 - [STDERR_REDIRECT] 
2025-12-23 10:12:15,736 [ERROR] LogOutputStream:75 - [STDERR_REDIRECT] [Fatal Error] :1:1: Premature end of file.
2025-12-23 10:12:15,738 [ERROR] LogOutputStream:75 - [STDERR_REDIRECT] 
2025-12-23 10:12:16,770 [ERROR] LogOutputStream:75 - [STDERR_REDIRECT] [Fatal Error] :1:1: Premature end of file.
2025-12-23 10:12:16,774 [ERROR] LogOutputStream:75 - [STDERR_REDIRECT] 
2025-12-23 10:12:17,735 [ERROR] LogOutputStream:75 - [STDERR_REDIRECT] [Fatal Error] :1:1: Premature end of file.
2025-12-23 10:12:17,735 [ERROR] LogOutputStream:75 - [STDERR_REDIRECT] 
2025-12-23 10:12:18,733 [ERROR] LogOutputStream:75 - [STDERR_REDIRECT] [Fatal Error] :1:1: Premature end of file.
2025-12-23 10:12:18,733 [ERROR] LogOutputStream:75 - [STDERR_REDIRECT] 
2025-12-23 10:12:19,746 [ERROR] LogOutputStream:75 - [STDERR_REDIRECT] [Fatal Error] :1:1: Premature end of file.
2025-12-23 10:12:19,753 [ERROR] LogOutputStream:75 - [STDERR_REDIRECT] 
2025-12-23 10:12:20,718 [ERROR] LogOutputStream:75 - [STDERR_REDIRECT] [Fatal Error] :1:1: Premature end of file.
2025-12-23 10:12:20,720 [ERROR] LogOutputStream:75 - [STDERR_REDIRECT] 
2025-12-23 10:12:21,735 [ERROR] LogOutputStream:75 - [STDERR_REDIRECT] [Fatal Error] :1:1: Premature end of file.
2025-12-23 10:12:21,735 [ERROR] LogOutputStream:75 - [STDERR_REDIRECT] 
2025-12-23 10:12:22,733 [ERROR] LogOutputStream:75 - [STDERR_REDIRECT] [Fatal Error] :1:1: Premature end of file.
2025-12-23 10:12:22,733 [ERROR] LogOutputStream:75 - [STDERR_REDIRECT] 
2025-12-23 10:12:23,723 [ERROR] LogOutputStream:75 - [STDERR_REDIRECT] [Fatal Error] :1:1: Premature end of file.
2025-12-23 10:12:23,723 [ERROR] LogOutputStream:75 - [STDERR_REDIRECT] 
2025-12-23 10:12:24,737 [ERROR] LogOutputStream:75 - [STDERR_REDIRECT] [Fatal Error] :1:1: Premature end of file.
2025-12-23 10:12:24,737 [ERROR] LogOutputStream:75 - [STDERR_REDIRECT] 
2025-12-23 10:12:25,740 [ERROR] LogOutputStream:75 - [STDERR_REDIRECT] [Fatal Error] :1:1: Premature end of file.
2025-12-23 10:12:25,740 [ERROR] LogOutputStream:75 - [STDERR_REDIRECT] 
2025-12-23 10:12:26,725 [ERROR] LogOutputStream:75 - [STDERR_REDIRECT] [Fatal Error] :1:1: Premature end of file.
2025-12-23 10:12:26,733 [ERROR] LogOutputStream:75 - [STDERR_REDIRECT] 
2025-12-23 10:12:27,729 [ERROR] LogOutputStream:75 - [STDERR_REDIRECT] [Fatal Error] :1:1: Premature end of file.
2025-12-23 10:12:27,729 [ERROR] LogOutputStream:75 - [STDERR_REDIRECT] 
2025-12-23 10:12:28,731 [ERROR] LogOutputStream:75 - [STDERR_REDIRECT] [Fatal Error] :1:1: Premature end of file.
2025-12-23 10:12:28,731 [ERROR] LogOutputStream:75 - [STDERR_REDIRECT] 
2025-12-23 10:12:29,743 [ERROR] LogOutputStream:75 - [STDERR_REDIRECT] [Fatal Error] :1:1: Premature end of file.
2025-12-23 10:12:29,743 [ERROR] LogOutputStream:75 - [STDERR_REDIRECT] 
2025-12-23 10:12:30,733 [ERROR] LogOutputStream:75 - [STDERR_REDIRECT] [Fatal Error] :1:1: Premature end of file.
2025-12-23 10:12:30,733 [ERROR] LogOutputStream:75 - [STDERR_REDIRECT] 
2025-12-23 10:12:31,733 [ERROR] LogOutputStream:75 - [STDERR_REDIRECT] [Fatal Error] :1:1: Premature end of file.
2025-12-23 10:12:31,733 [ERROR] LogOutputStream:75 - [STDERR_REDIRECT] 
2025-12-23 10:12:32,728 [ERROR] LogOutputStream:75 - [STDERR_REDIRECT] [Fatal Error] :1:1: Premature end of file.
2025-12-23 10:12:32,728 [ERROR] LogOutputStream:75 - [STDERR_REDIRECT] 
2025-12-23 10:12:33,732 [ERROR] LogOutputStream:75 - [STDERR_REDIRECT] [Fatal Error] :1:1: Premature end of file.
2025-12-23 10:12:33,733 [ERROR] LogOutputStream:75 - [STDERR_REDIRECT] 
2025-12-23 10:12:34,738 [ERROR] LogOutputStream:75 - [STDERR_REDIRECT] [Fatal Error] :1:1: Premature end of file.
2025-12-23 10:12:34,738 [ERROR] LogOutputStream:75 - [STDERR_REDIRECT] 
2025-12-23 10:12:35,732 [ERROR] LogOutputStream:75 - [STDERR_REDIRECT] [Fatal Error] :1:1: Premature end of file.
2025-12-23 10:12:35,733 [ERROR] LogOutputStream:75 - [STDERR_REDIRECT] 
2025-12-23 10:12:36,735 [ERROR] LogOutputStream:75 - [STDERR_REDIRECT] [Fatal Error] :1:1: Premature end of file.
2025-12-23 10:12:36,737 [ERROR] LogOutputStream:75 - [STDERR_REDIRECT] 
2025-12-23 10:12:37,735 [ERROR] LogOutputStream:75 - [STDERR_REDIRECT] [Fatal Error] :1:1: Premature end of file.
2025-12-23 10:12:37,737 [ERROR] LogOutputStream:75 - [STDERR_REDIRECT] 
2025-12-23 10:12:38,750 [ERROR] LogOutputStream:75 - [STDERR_REDIRECT] [Fatal Error] :1:1: Premature end of file.
2025-12-23 10:12:38,752 [ERROR] LogOutputStream:75 - [STDERR_REDIRECT] 
2025-12-23 10:12:39,734 [ERROR] LogOutputStream:75 - [STDERR_REDIRECT] [Fatal Error] :1:1: Premature end of file.
2025-12-23 10:12:39,734 [ERROR] LogOutputStream:75 - [STDERR_REDIRECT] 
2025-12-23 10:12:40,743 [ERROR] LogOutputStream:75 - [STDERR_REDIRECT] [Fatal Error] :1:1: Premature end of file.
2025-12-23 10:12:40,743 [ERROR] LogOutputStream:75 - [STDERR_REDIRECT] 
2025-12-23 10:12:41,739 [ERROR] LogOutputStream:75 - [STDERR_REDIRECT] [Fatal Error] :1:1: Premature end of file.
2025-12-23 10:12:41,739 [ERROR] LogOutputStream:75 - [STDERR_REDIRECT] 
2025-12-23 10:12:42,737 [ERROR] LogOutputStream:75 - [STDERR_REDIRECT] [Fatal Error] :1:1: Premature end of file.
2025-12-23 10:12:42,737 [ERROR] LogOutputStream:75 - [STDERR_REDIRECT] 
2025-12-23 10:12:43,744 [ERROR] LogOutputStream:75 - [STDERR_REDIRECT] [Fatal Error] :1:1: Premature end of file.
2025-12-23 10:12:43,744 [ERROR] LogOutputStream:75 - [STDERR_REDIRECT] 
2025-12-23 10:12:44,734 [ERROR] LogOutputStream:75 - [STDERR_REDIRECT] [Fatal Error] :1:1: Premature end of file.
2025-12-23 10:12:44,734 [ERROR] LogOutputStream:75 - [STDERR_REDIRECT] 
2025-12-23 10:12:45,746 [ERROR] LogOutputStream:75 - [STDERR_REDIRECT] [Fatal Error] :1:1: Premature end of file.
2025-12-23 10:12:45,746 [ERROR] LogOutputStream:75 - [STDERR_REDIRECT] 
2025-12-23 10:12:46,753 [ERROR] LogOutputStream:75 - [STDERR_REDIRECT] [Fatal Error] :1:1: Premature end of file.
2025-12-23 10:12:46,754 [ERROR] LogOutputStream:75 - [STDERR_REDIRECT] 
2025-12-23 10:12:47,743 [ERROR] LogOutputStream:75 - [STDERR_REDIRECT] [Fatal Error] :1:1: Premature end of file.
2025-12-23 10:12:47,745 [ERROR] LogOutputStream:75 - [STDERR_REDIRECT] 
2025-12-23 10:12:48,738 [ERROR] LogOutputStream:75 - [STDERR_REDIRECT] [Fatal Error] :1:1: Premature end of file.
2025-12-23 10:12:48,738 [ERROR] LogOutputStream:75 - [STDERR_REDIRECT] 
2025-12-23 10:12:49,739 [ERROR] LogOutputStream:75 - [STDERR_REDIRECT] [Fatal Error] :1:1: Premature end of file.
2025-12-23 10:12:49,742 [ERROR] LogOutputStream:75 - [STDERR_REDIRECT] 
2025-12-23 10:12:50,734 [ERROR] LogOutputStream:75 - [STDERR_REDIRECT] [Fatal Error] :1:1: Premature end of file.
2025-12-23 10:12:50,740 [ERROR] LogOutputStream:75 - [STDERR_REDIRECT] 
2025-12-23 10:12:51,733 [ERROR] LogOutputStream:75 - [STDERR_REDIRECT] [Fatal Error] :1:1: Premature end of file.
2025-12-23 10:12:51,733 [ERROR] LogOutputStream:75 - [STDERR_REDIRECT] 
2025-12-23 10:12:52,744 [ERROR] LogOutputStream:75 - [STDERR_REDIRECT] [Fatal Error] :1:1: Premature end of file.
2025-12-23 10:12:52,747 [ERROR] LogOutputStream:75 - [STDERR_REDIRECT] 
2025-12-23 10:12:53,809 [ERROR] LogOutputStream:75 - [STDERR_REDIRECT] [Fatal Error] :1:1: Premature end of file.
2025-12-23 10:12:53,813 [ERROR] LogOutputStream:75 - [STDERR_REDIRECT] 
2025-12-23 10:12:54,733 [ERROR] LogOutputStream:75 - [STDERR_REDIRECT] [Fatal Error] :1:1: Premature end of file.
2025-12-23 10:12:54,738 [ERROR] LogOutputStream:75 - [STDERR_REDIRECT] 
2025-12-23 10:12:55,736 [ERROR] LogOutputStream:75 - [STDERR_REDIRECT] [Fatal Error] :1:1: Premature end of file.
2025-12-23 10:12:55,736 [ERROR] LogOutputStream:75 - [STDERR_REDIRECT] 
2025-12-23 10:12:56,754 [ERROR] LogOutputStream:75 - [STDERR_REDIRECT] [Fatal Error] :1:1: Premature end of file.
2025-12-23 10:12:56,761 [ERROR] LogOutputStream:75 - [STDERR_REDIRECT] 
2025-12-23 10:12:57,754 [ERROR] LogOutputStream:75 - [STDERR_REDIRECT] [Fatal Error] :1:1: Premature end of file.
2025-12-23 10:12:57,754 [ERROR] LogOutputStream:75 - [STDERR_REDIRECT] 
2025-12-23 10:12:58,733 [ERROR] LogOutputStream:75 - [STDERR_REDIRECT] [Fatal Error] :1:1: Premature end of file.
2025-12-23 10:12:58,733 [ERROR] LogOutputStream:75 - [STDERR_REDIRECT] 
2025-12-23 10:12:59,738 [ERROR] LogOutputStream:75 - [STDERR_REDIRECT] [Fatal Error] :1:1: Premature end of file.
2025-12-23 10:12:59,740 [ERROR] LogOutputStream:75 - [STDERR_REDIRECT] 
2025-12-23 10:13:00,725 [ERROR] LogOutputStream:75 - [STDERR_REDIRECT] [Fatal Error] :1:1: Premature end of file.
2025-12-23 10:13:00,725 [ERROR] LogOutputStream:75 - [STDERR_REDIRECT] 
2025-12-23 10:13:01,735 [ERROR] LogOutputStream:75 - [STDERR_REDIRECT] [Fatal Error] :1:1: Premature end of file.
2025-12-23 10:13:01,738 [ERROR] LogOutputStream:75 - [STDERR_REDIRECT] 
2025-12-23 10:13:02,736 [ERROR] LogOutputStream:75 - [STDERR_REDIRECT] [Fatal Error] :1:1: Premature end of file.
2025-12-23 10:13:02,741 [ERROR] LogOutputStream:75 - [STDERR_REDIRECT] 
2025-12-23 10:13:03,735 [ERROR] LogOutputStream:75 - [STDERR_REDIRECT] [Fatal Error] :1:1: Premature end of file.
2025-12-23 10:13:03,741 [ERROR] LogOutputStream:75 - [STDERR_REDIRECT] 
2025-12-23 10:13:04,741 [ERROR] LogOutputStream:75 - [STDERR_REDIRECT] [Fatal Error] :1:1: Premature end of file.
2025-12-23 10:13:04,741 [ERROR] LogOutputStream:75 - [STDERR_REDIRECT] 
2025-12-23 10:13:05,731 [ERROR] LogOutputStream:75 - [STDERR_REDIRECT] [Fatal Error] :1:1: Premature end of file.
2025-12-23 10:13:05,732 [ERROR] LogOutputStream:75 - [STDERR_REDIRECT] 
2025-12-23 10:13:06,743 [ERROR] LogOutputStream:75 - [STDERR_REDIRECT] [Fatal Error] :1:1: Premature end of file.
2025-12-23 10:13:06,744 [ERROR] LogOutputStream:75 - [STDERR_REDIRECT] 
2025-12-23 10:13:07,753 [ERROR] LogOutputStream:75 - [STDERR_REDIRECT] [Fatal Error] :1:1: Premature end of file.
2025-12-23 10:13:07,753 [ERROR] LogOutputStream:75 - [STDERR_REDIRECT] 
2025-12-23 10:13:08,732 [ERROR] LogOutputStream:75 - [STDERR_REDIRECT] [Fatal Error] :1:1: Premature end of file.
2025-12-23 10:13:08,733 [ERROR] LogOutputStream:75 - [STDERR_REDIRECT] 
2025-12-23 10:13:09,735 [ERROR] LogOutputStream:75 - [STDERR_REDIRECT] [Fatal Error] :1:1: Premature end of file.
2025-12-23 10:13:09,735 [ERROR] LogOutputStream:75 - [STDERR_REDIRECT] 
2025-12-23 10:13:10,746 [ERROR] LogOutputStream:75 - [STDERR_REDIRECT] [Fatal Error] :1:1: Premature end of file.
2025-12-23 10:13:10,746 [ERROR] LogOutputStream:75 - [STDERR_REDIRECT] 
2025-12-23 10:13:11,737 [ERROR] LogOutputStream:75 - [STDERR_REDIRECT] [Fatal Error] :1:1: Premature end of file.
2025-12-23 10:13:11,743 [ERROR] LogOutputStream:75 - [STDERR_REDIRECT] 
2025-12-23 10:13:12,738 [ERROR] LogOutputStream:75 - [STDERR_REDIRECT] [Fatal Error] :1:1: Premature end of file.
2025-12-23 10:13:12,738 [ERROR] LogOutputStream:75 - [STDERR_REDIRECT] 
2025-12-23 10:13:13,728 [ERROR] LogOutputStream:75 - [STDERR_REDIRECT] [Fatal Error] :1:1: Premature end of file.
2025-12-23 10:13:13,728 [ERROR] LogOutputStream:75 - [STDERR_REDIRECT] 
2025-12-23 10:13:14,736 [ERROR] LogOutputStream:75 - [STDERR_REDIRECT] [Fatal Error] :1:1: Premature end of file.
2025-12-23 10:13:14,736 [ERROR] LogOutputStream:75 - [STDERR_REDIRECT] 
2025-12-23 10:13:15,735 [ERROR] LogOutputStream:75 - [STDERR_REDIRECT] [Fatal Error] :1:1: Premature end of file.
2025-12-23 10:13:15,736 [ERROR] LogOutputStream:75 - [STDERR_REDIRECT] 
2025-12-23 10:13:16,743 [ERROR] LogOutputStream:75 - [STDERR_REDIRECT] [Fatal Error] :1:1: Premature end of file.
2025-12-23 10:13:16,743 [ERROR] LogOutputStream:75 - [STDERR_REDIRECT] 
2025-12-23 10:13:17,733 [ERROR] LogOutputStream:75 - [STDERR_REDIRECT] [Fatal Error] :1:1: Premature end of file.
2025-12-23 10:13:17,733 [ERROR] LogOutputStream:75 - [STDERR_REDIRECT] 
2025-12-23 10:13:18,733 [ERROR] LogOutputStream:75 - [STDERR_REDIRECT] [Fatal Error] :1:1: Premature end of file.
2025-12-23 10:13:18,733 [ERROR] LogOutputStream:75 - [STDERR_REDIRECT] 
2025-12-23 10:13:19,731 [ERROR] LogOutputStream:75 - [STDERR_REDIRECT] [Fatal Error] :1:1: Premature end of file.
2025-12-23 10:13:19,732 [ERROR] LogOutputStream:75 - [STDERR_REDIRECT] 
2025-12-23 10:13:20,730 [ERROR] LogOutputStream:75 - [STDERR_REDIRECT] [Fatal Error] :1:1: Premature end of file.
2025-12-23 10:13:20,732 [ERROR] LogOutputStream:75 - [STDERR_REDIRECT] 
2025-12-23 10:13:21,731 [ERROR] LogOutputStream:75 - [STDERR_REDIRECT] [Fatal Error] :1:1: Premature end of file.
2025-12-23 10:13:21,731 [ERROR] LogOutputStream:75 - [STDERR_REDIRECT] 
2025-12-23 10:13:22,733 [ERROR] LogOutputStream:75 - [STDERR_REDIRECT] [Fatal Error] :1:1: Premature end of file.
2025-12-23 10:13:22,733 [ERROR] LogOutputStream:75 - [STDERR_REDIRECT] 
2025-12-23 10:13:23,745 [ERROR] LogOutputStream:75 - [STDERR_REDIRECT] [Fatal Error] :1:1: Premature end of file.
2025-12-23 10:13:23,746 [ERROR] LogOutputStream:75 - [STDERR_REDIRECT] 
2025-12-23 10:13:24,734 [ERROR] LogOutputStream:75 - [STDERR_REDIRECT] [Fatal Error] :1:1: Premature end of file.
2025-12-23 10:13:24,734 [ERROR] LogOutputStream:75 - [STDERR_REDIRECT] 
2025-12-23 10:13:25,735 [ERROR] LogOutputStream:75 - [STDERR_REDIRECT] [Fatal Error] :1:1: Premature end of file.
2025-12-23 10:13:25,735 [ERROR] LogOutputStream:75 - [STDERR_REDIRECT] 
2025-12-23 10:13:26,735 [ERROR] LogOutputStream:75 - [STDERR_REDIRECT] [Fatal Error] :1:1: Premature end of file.
2025-12-23 10:13:26,735 [ERROR] LogOutputStream:75 - [STDERR_REDIRECT] 
2025-12-23 10:13:27,734 [ERROR] LogOutputStream:75 - [STDERR_REDIRECT] [Fatal Error] :1:1: Premature end of file.
2025-12-23 10:13:27,736 [ERROR] LogOutputStream:75 - [STDERR_REDIRECT] 
2025-12-23 10:13:28,736 [ERROR] LogOutputStream:75 - [STDERR_REDIRECT] [Fatal Error] :1:1: Premature end of file.
2025-12-23 10:13:28,736 [ERROR] LogOutputStream:75 - [STDERR_REDIRECT] 
2025-12-23 10:13:29,735 [ERROR] LogOutputStream:75 - [STDERR_REDIRECT] [Fatal Error] :1:1: Premature end of file.
2025-12-23 10:13:29,735 [ERROR] LogOutputStream:75 - [STDERR_REDIRECT] 
2025-12-23 10:13:30,733 [ERROR] LogOutputStream:75 - [STDERR_REDIRECT] [Fatal Error] :1:1: Premature end of file.
2025-12-23 10:13:30,733 [ERROR] LogOutputStream:75 - [STDERR_REDIRECT] 
2025-12-23 10:13:31,733 [ERROR] LogOutputStream:75 - [STDERR_REDIRECT] [Fatal Error] :1:1: Premature end of file.
2025-12-23 10:13:31,733 [ERROR] LogOutputStream:75 - [STDERR_REDIRECT] 
2025-12-23 10:13:32,742 [ERROR] LogOutputStream:75 - [STDERR_REDIRECT] [Fatal Error] :1:1: Premature end of file.
2025-12-23 10:13:32,743 [ERROR] LogOutputStream:75 - [STDERR_REDIRECT] 
2025-12-23 10:13:33,728 [ERROR] LogOutputStream:75 - [STDERR_REDIRECT] [Fatal Error] :1:1: Premature end of file.
2025-12-23 10:13:33,730 [ERROR] LogOutputStream:75 - [STDERR_REDIRECT] 
2025-12-23 10:13:34,733 [ERROR] LogOutputStream:75 - [STDERR_REDIRECT] [Fatal Error] :1:1: Premature end of file.
2025-12-23 10:13:34,739 [ERROR] LogOutputStream:75 - [STDERR_REDIRECT] 
2025-12-23 10:13:35,736 [ERROR] LogOutputStream:75 - [STDERR_REDIRECT] [Fatal Error] :1:1: Premature end of file.
2025-12-23 10:13:35,740 [ERROR] LogOutputStream:75 - [STDERR_REDIRECT] 
2025-12-23 10:13:36,735 [ERROR] LogOutputStream:75 - [STDERR_REDIRECT] [Fatal Error] :1:1: Premature end of file.
2025-12-23 10:13:36,742 [ERROR] LogOutputStream:75 - [STDERR_REDIRECT] 
2025-12-23 10:13:37,734 [ERROR] LogOutputStream:75 - [STDERR_REDIRECT] [Fatal Error] :1:1: Premature end of file.
2025-12-23 10:13:37,734 [ERROR] LogOutputStream:75 - [STDERR_REDIRECT] 
2025-12-23 10:13:38,733 [ERROR] LogOutputStream:75 - [STDERR_REDIRECT] [Fatal Error] :1:1: Premature end of file.
2025-12-23 10:13:38,733 [ERROR] LogOutputStream:75 - [STDERR_REDIRECT] 
2025-12-23 10:13:39,735 [ERROR] LogOutputStream:75 - [STDERR_REDIRECT] [Fatal Error] :1:1: Premature end of file.
2025-12-23 10:13:39,735 [ERROR] LogOutputStream:75 - [STDERR_REDIRECT] 
2025-12-23 10:13:40,736 [ERROR] LogOutputStream:75 - [STDERR_REDIRECT] [Fatal Error] :1:1: Premature end of file.
2025-12-23 10:13:40,736 [ERROR] LogOutputStream:75 - [STDERR_REDIRECT] 
2025-12-23 10:13:41,733 [ERROR] LogOutputStream:75 - [STDERR_REDIRECT] [Fatal Error] :1:1: Premature end of file.
2025-12-23 10:13:41,735 [ERROR] LogOutputStream:75 - [STDERR_REDIRECT] 
2025-12-23 10:13:42,739 [ERROR] LogOutputStream:75 - [STDERR_REDIRECT] [Fatal Error] :1:1: Premature end of file.
2025-12-23 10:13:42,739 [ERROR] LogOutputStream:75 - [STDERR_REDIRECT] 
2025-12-23 10:13:43,731 [ERROR] LogOutputStream:75 - [STDERR_REDIRECT] [Fatal Error] :1:1: Premature end of file.
2025-12-23 10:13:43,731 [ERROR] LogOutputStream:75 - [STDERR_REDIRECT] 
2025-12-23 10:13:44,734 [ERROR] LogOutputStream:75 - [STDERR_REDIRECT] [Fatal Error] :1:1: Premature end of file.
2025-12-23 10:13:44,734 [ERROR] LogOutputStream:75 - [STDERR_REDIRECT] 
2025-12-23 10:13:45,734 [ERROR] LogOutputStream:75 - [STDERR_REDIRECT] [Fatal Error] :1:1: Premature end of file.
2025-12-23 10:13:45,734 [ERROR] LogOutputStream:75 - [STDERR_REDIRECT] 
2025-12-23 10:13:46,733 [ERROR] LogOutputStream:75 - [STDERR_REDIRECT] [Fatal Error] :1:1: Premature end of file.
2025-12-23 10:13:46,739 [ERROR] LogOutputStream:75 - [STDERR_REDIRECT] 
2025-12-23 10:13:47,733 [ERROR] LogOutputStream:75 - [STDERR_REDIRECT] [Fatal Error] :1:1: Premature end of file.
2025-12-23 10:13:47,737 [ERROR] LogOutputStream:75 - [STDERR_REDIRECT] 
2025-12-23 10:13:48,733 [ERROR] LogOutputStream:75 - [STDERR_REDIRECT] [Fatal Error] :1:1: Premature end of file.
2025-12-23 10:13:48,733 [ERROR] LogOutputStream:75 - [STDERR_REDIRECT] 
2025-12-23 10:13:49,733 [ERROR] LogOutputStream:75 - [STDERR_REDIRECT] [Fatal Error] :1:1: Premature end of file.
2025-12-23 10:13:49,733 [ERROR] LogOutputStream:75 - [STDERR_REDIRECT] 
2025-12-23 10:13:50,735 [ERROR] LogOutputStream:75 - [STDERR_REDIRECT] [Fatal Error] :1:1: Premature end of file.
2025-12-23 10:13:50,735 [ERROR] LogOutputStream:75 - [STDERR_REDIRECT] 
2025-12-23 10:13:51,735 [ERROR] LogOutputStream:75 - [STDERR_REDIRECT] [Fatal Error] :1:1: Premature end of file.
2025-12-23 10:13:51,735 [ERROR] LogOutputStream:75 - [STDERR_REDIRECT] 
2025-12-23 10:13:52,734 [ERROR] LogOutputStream:75 - [STDERR_REDIRECT] [Fatal Error] :1:1: Premature end of file.
2025-12-23 10:13:52,734 [ERROR] LogOutputStream:75 - [STDERR_REDIRECT] 
2025-12-23 10:13:53,743 [ERROR] LogOutputStream:75 - [STDERR_REDIRECT] [Fatal Error] :1:1: Premature end of file.
2025-12-23 10:13:53,743 [ERROR] LogOutputStream:75 - [STDERR_REDIRECT] 
2025-12-23 10:13:54,726 [ERROR] LogOutputStream:75 - [STDERR_REDIRECT] [Fatal Error] :1:1: Premature end of file.
2025-12-23 10:13:54,726 [ERROR] LogOutputStream:75 - [STDERR_REDIRECT] 
2025-12-23 10:13:55,738 [ERROR] LogOutputStream:75 - [STDERR_REDIRECT] [Fatal Error] :1:1: Premature end of file.
2025-12-23 10:13:55,738 [ERROR] LogOutputStream:75 - [STDERR_REDIRECT] 
2025-12-23 10:13:56,744 [ERROR] LogOutputStream:75 - [STDERR_REDIRECT] [Fatal Error] :1:1: Premature end of file.
2025-12-23 10:13:56,744 [ERROR] LogOutputStream:75 - [STDERR_REDIRECT] 
2025-12-23 10:13:57,743 [ERROR] LogOutputStream:75 - [STDERR_REDIRECT] [Fatal Error] :1:1: Premature end of file.
2025-12-23 10:13:57,743 [ERROR] LogOutputStream:75 - [STDERR_REDIRECT] 
2025-12-23 10:13:58,752 [ERROR] LogOutputStream:75 - [STDERR_REDIRECT] [Fatal Error] :1:1: Premature end of file.
2025-12-23 10:13:58,753 [ERROR] LogOutputStream:75 - [STDERR_REDIRECT] 
2025-12-23 10:13:59,734 [ERROR] LogOutputStream:75 - [STDERR_REDIRECT] [Fatal Error] :1:1: Premature end of file.
2025-12-23 10:13:59,734 [ERROR] LogOutputStream:75 - [STDERR_REDIRECT] 
2025-12-23 10:14:00,724 [ERROR] LogOutputStream:75 - [STDERR_REDIRECT] [Fatal Error] :1:1: Premature end of file.
2025-12-23 10:14:00,724 [ERROR] LogOutputStream:75 - [STDERR_REDIRECT] 
2025-12-23 10:14:01,743 [ERROR] LogOutputStream:75 - [STDERR_REDIRECT] [Fatal Error] :1:1: Premature end of file.
2025-12-23 10:14:01,743 [ERROR] LogOutputStream:75 - [STDERR_REDIRECT] 
2025-12-23 10:14:02,744 [ERROR] LogOutputStream:75 - [STDERR_REDIRECT] [Fatal Error] :1:1: Premature end of file.
2025-12-23 10:14:02,757 [ERROR] LogOutputStream:75 - [STDERR_REDIRECT] 
2025-12-23 10:14:03,740 [ERROR] LogOutputStream:75 - [STDERR_REDIRECT] [Fatal Error] :1:1: Premature end of file.
2025-12-23 10:14:03,740 [ERROR] LogOutputStream:75 - [STDERR_REDIRECT] 
2025-12-23 10:14:04,733 [ERROR] LogOutputStream:75 - [STDERR_REDIRECT] [Fatal Error] :1:1: Premature end of file.
2025-12-23 10:14:04,733 [ERROR] LogOutputStream:75 - [STDERR_REDIRECT] 
2025-12-23 10:14:05,731 [ERROR] LogOutputStream:75 - [STDERR_REDIRECT] [Fatal Error] :1:1: Premature end of file.
2025-12-23 10:14:05,731 [ERROR] LogOutputStream:75 - [STDERR_REDIRECT] 
2025-12-23 10:14:06,740 [ERROR] LogOutputStream:75 - [STDERR_REDIRECT] [Fatal Error] :1:1: Premature end of file.
2025-12-23 10:14:06,740 [ERROR] LogOutputStream:75 - [STDERR_REDIRECT] 
2025-12-23 10:14:07,743 [ERROR] LogOutputStream:75 - [STDERR_REDIRECT] [Fatal Error] :1:1: Premature end of file.
2025-12-23 10:14:07,743 [ERROR] LogOutputStream:75 - [STDERR_REDIRECT] 
2025-12-23 10:14:08,735 [ERROR] LogOutputStream:75 - [STDERR_REDIRECT] [Fatal Error] :1:1: Premature end of file.
2025-12-23 10:14:08,735 [ERROR] LogOutputStream:75 - [STDERR_REDIRECT] 
2025-12-23 10:14:09,739 [ERROR] LogOutputStream:75 - [STDERR_REDIRECT] [Fatal Error] :1:1: Premature end of file.
2025-12-23 10:14:09,739 [ERROR] LogOutputStream:75 - [STDERR_REDIRECT] 
2025-12-23 10:14:10,733 [ERROR] LogOutputStream:75 - [STDERR_REDIRECT] [Fatal Error] :1:1: Premature end of file.
2025-12-23 10:14:10,733 [ERROR] LogOutputStream:75 - [STDERR_REDIRECT] 
2025-12-23 10:14:11,744 [ERROR] LogOutputStream:75 - [STDERR_REDIRECT] [Fatal Error] :1:1: Premature end of file.
2025-12-23 10:14:11,744 [ERROR] LogOutputStream:75 - [STDERR_REDIRECT] 
2025-12-23 10:14:12,739 [ERROR] LogOutputStream:75 - [STDERR_REDIRECT] [Fatal Error] :1:1: Premature end of file.
2025-12-23 10:14:12,739 [ERROR] LogOutputStream:75 - [STDERR_REDIRECT] 
2025-12-23 10:14:13,753 [ERROR] LogOutputStream:75 - [STDERR_REDIRECT] [Fatal Error] :1:1: Premature end of file.
2025-12-23 10:14:13,753 [ERROR] LogOutputStream:75 - [STDERR_REDIRECT] 
2025-12-23 10:14:14,743 [ERROR] LogOutputStream:75 - [STDERR_REDIRECT] [Fatal Error] :1:1: Premature end of file.
2025-12-23 10:14:14,743 [ERROR] LogOutputStream:75 - [STDERR_REDIRECT] 
2025-12-23 10:14:15,734 [ERROR] LogOutputStream:75 - [STDERR_REDIRECT] [Fatal Error] :1:1: Premature end of file.
2025-12-23 10:14:15,734 [ERROR] LogOutputStream:75 - [STDERR_REDIRECT] 
2025-12-23 10:14:16,722 [ERROR] LogOutputStream:75 - [STDERR_REDIRECT] [Fatal Error] :1:1: Premature end of file.
2025-12-23 10:14:16,723 [ERROR] LogOutputStream:75 - [STDERR_REDIRECT] 
2025-12-23 10:14:17,736 [ERROR] LogOutputStream:75 - [STDERR_REDIRECT] [Fatal Error] :1:1: Premature end of file.
2025-12-23 10:14:17,755 [ERROR] LogOutputStream:75 - [STDERR_REDIRECT] 
2025-12-23 10:14:18,746 [ERROR] LogOutputStream:75 - [STDERR_REDIRECT] [Fatal Error] :1:1: Premature end of file.
2025-12-23 10:14:18,746 [ERROR] LogOutputStream:75 - [STDERR_REDIRECT] 
2025-12-23 10:14:19,738 [ERROR] LogOutputStream:75 - [STDERR_REDIRECT] [Fatal Error] :1:1: Premature end of file.
2025-12-23 10:14:19,738 [ERROR] LogOutputStream:75 - [STDERR_REDIRECT] 
2025-12-23 10:14:20,753 [ERROR] LogOutputStream:75 - [STDERR_REDIRECT] [Fatal Error] :1:1: Premature end of file.
2025-12-23 10:14:20,753 [ERROR] LogOutputStream:75 - [STDERR_REDIRECT] 
2025-12-23 10:14:21,753 [ERROR] LogOutputStream:75 - [STDERR_REDIRECT] [Fatal Error] :1:1: Premature end of file.
2025-12-23 10:14:21,753 [ERROR] LogOutputStream:75 - [STDERR_REDIRECT] 
2025-12-23 10:14:22,736 [ERROR] LogOutputStream:75 - [STDERR_REDIRECT] [Fatal Error] :1:1: Premature end of file.
2025-12-23 10:14:22,737 [ERROR] LogOutputStream:75 - [STDERR_REDIRECT] 
2025-12-23 10:14:23,737 [ERROR] LogOutputStream:75 - [STDERR_REDIRECT] [Fatal Error] :1:1: Premature end of file.
2025-12-23 10:14:23,737 [ERROR] LogOutputStream:75 - [STDERR_REDIRECT] 
2025-12-23 10:14:24,743 [ERROR] LogOutputStream:75 - [STDERR_REDIRECT] [Fatal Error] :1:1: Premature end of file.
2025-12-23 10:14:24,746 [ERROR] LogOutputStream:75 - [STDERR_REDIRECT] 
2025-12-23 10:14:25,739 [ERROR] LogOutputStream:75 - [STDERR_REDIRECT] [Fatal Error] :1:1: Premature end of file.
2025-12-23 10:14:25,739 [ERROR] LogOutputStream:75 - [STDERR_REDIRECT] 
2025-12-23 10:14:26,727 [ERROR] LogOutputStream:75 - [STDERR_REDIRECT] [Fatal Error] :1:1: Premature end of file.
2025-12-23 10:14:26,727 [ERROR] LogOutputStream:75 - [STDERR_REDIRECT] 
2025-12-23 10:14:27,733 [ERROR] LogOutputStream:75 - [STDERR_REDIRECT] [Fatal Error] :1:1: Premature end of file.
2025-12-23 10:14:27,733 [ERROR] LogOutputStream:75 - [STDERR_REDIRECT] 
2025-12-23 10:14:28,739 [ERROR] LogOutputStream:75 - [STDERR_REDIRECT] [Fatal Error] :1:1: Premature end of file.
2025-12-23 10:14:28,742 [ERROR] LogOutputStream:75 - [STDERR_REDIRECT] 
2025-12-23 10:14:29,735 [ERROR] LogOutputStream:75 - [STDERR_REDIRECT] [Fatal Error] :1:1: Premature end of file.
2025-12-23 10:14:29,735 [ERROR] LogOutputStream:75 - [STDERR_REDIRECT] 
2025-12-23 10:14:30,724 [ERROR] LogOutputStream:75 - [STDERR_REDIRECT] [Fatal Error] :1:1: Premature end of file.
2025-12-23 10:14:30,724 [ERROR] LogOutputStream:75 - [STDERR_REDIRECT] 
2025-12-23 10:14:31,734 [ERROR] LogOutputStream:75 - [STDERR_REDIRECT] [Fatal Error] :1:1: Premature end of file.
2025-12-23 10:14:31,734 [ERROR] LogOutputStream:75 - [STDERR_REDIRECT] 
2025-12-23 10:14:32,733 [ERROR] LogOutputStream:75 - [STDERR_REDIRECT] [Fatal Error] :1:1: Premature end of file.
2025-12-23 10:14:32,735 [ERROR] LogOutputStream:75 - [STDERR_REDIRECT] 
2025-12-23 10:14:33,743 [ERROR] LogOutputStream:75 - [STDERR_REDIRECT] [Fatal Error] :1:1: Premature end of file.
2025-12-23 10:14:33,743 [ERROR] LogOutputStream:75 - [STDERR_REDIRECT] 
2025-12-23 10:14:34,732 [ERROR] LogOutputStream:75 - [STDERR_REDIRECT] [Fatal Error] :1:1: Premature end of file.
2025-12-23 10:14:34,733 [ERROR] LogOutputStream:75 - [STDERR_REDIRECT] 
2025-12-23 10:14:35,724 [ERROR] LogOutputStream:75 - [STDERR_REDIRECT] [Fatal Error] :1:1: Premature end of file.
2025-12-23 10:14:35,724 [ERROR] LogOutputStream:75 - [STDERR_REDIRECT] 
2025-12-23 10:14:36,754 [ERROR] LogOutputStream:75 - [STDERR_REDIRECT] [Fatal Error] :1:1: Premature end of file.
2025-12-23 10:14:36,754 [ERROR] LogOutputStream:75 - [STDERR_REDIRECT] 
2025-12-23 10:14:37,737 [ERROR] LogOutputStream:75 - [STDERR_REDIRECT] [Fatal Error] :1:1: Premature end of file.
2025-12-23 10:14:37,739 [ERROR] LogOutputStream:75 - [STDERR_REDIRECT] 
2025-12-23 10:14:38,735 [ERROR] LogOutputStream:75 - [STDERR_REDIRECT] [Fatal Error] :1:1: Premature end of file.
2025-12-23 10:14:38,735 [ERROR] LogOutputStream:75 - [STDERR_REDIRECT] 
2025-12-23 10:14:39,735 [ERROR] LogOutputStream:75 - [STDERR_REDIRECT] [Fatal Error] :1:1: Premature end of file.
2025-12-23 10:14:39,735 [ERROR] LogOutputStream:75 - [STDERR_REDIRECT] 
2025-12-23 10:14:40,735 [ERROR] LogOutputStream:75 - [STDERR_REDIRECT] [Fatal Error] :1:1: Premature end of file.
2025-12-23 10:14:40,735 [ERROR] LogOutputStream:75 - [STDERR_REDIRECT] 
2025-12-23 10:14:41,743 [ERROR] LogOutputStream:75 - [STDERR_REDIRECT] [Fatal Error] :1:1: Premature end of file.
2025-12-23 10:14:41,743 [ERROR] LogOutputStream:75 - [STDERR_REDIRECT] 
2025-12-23 10:14:42,735 [ERROR] LogOutputStream:75 - [STDERR_REDIRECT] [Fatal Error] :1:1: Premature end of file.
2025-12-23 10:14:42,735 [ERROR] LogOutputStream:75 - [STDERR_REDIRECT] 
2025-12-23 10:14:43,748 [ERROR] LogOutputStream:75 - [STDERR_REDIRECT] [Fatal Error] :1:1: Premature end of file.
2025-12-23 10:14:43,748 [ERROR] LogOutputStream:75 - [STDERR_REDIRECT] 
2025-12-23 10:14:44,739 [ERROR] LogOutputStream:75 - [STDERR_REDIRECT] [Fatal Error] :1:1: Premature end of file.
2025-12-23 10:14:44,739 [ERROR] LogOutputStream:75 - [STDERR_REDIRECT] 
2025-12-23 10:14:45,735 [ERROR] LogOutputStream:75 - [STDERR_REDIRECT] [Fatal Error] :1:1: Premature end of file.
2025-12-23 10:14:45,735 [ERROR] LogOutputStream:75 - [STDERR_REDIRECT] 
2025-12-23 10:14:46,747 [ERROR] LogOutputStream:75 - [STDERR_REDIRECT] [Fatal Error] :1:1: Premature end of file.
2025-12-23 10:14:46,747 [ERROR] LogOutputStream:75 - [STDERR_REDIRECT] 
2025-12-23 10:14:47,743 [ERROR] LogOutputStream:75 - [STDERR_REDIRECT] [Fatal Error] :1:1: Premature end of file.
2025-12-23 10:14:47,747 [ERROR] LogOutputStream:75 - [STDERR_REDIRECT] 
2025-12-23 10:14:48,728 [ERROR] LogOutputStream:75 - [STDERR_REDIRECT] [Fatal Error] :1:1: Premature end of file.
2025-12-23 10:14:48,728 [ERROR] LogOutputStream:75 - [STDERR_REDIRECT] 
2025-12-23 10:14:49,754 [ERROR] LogOutputStream:75 - [STDERR_REDIRECT] [Fatal Error] :1:1: Premature end of file.
2025-12-23 10:14:49,754 [ERROR] LogOutputStream:75 - [STDERR_REDIRECT] 
2025-12-23 10:14:50,745 [ERROR] LogOutputStream:75 - [STDERR_REDIRECT] [Fatal Error] :1:1: Premature end of file.
2025-12-23 10:14:50,745 [ERROR] LogOutputStream:75 - [STDERR_REDIRECT] 
2025-12-23 10:14:51,753 [ERROR] LogOutputStream:75 - [STDERR_REDIRECT] [Fatal Error] :1:1: Premature end of file.
2025-12-23 10:14:51,753 [ERROR] LogOutputStream:75 - [STDERR_REDIRECT] 
2025-12-23 10:14:52,734 [ERROR] LogOutputStream:75 - [STDERR_REDIRECT] [Fatal Error] :1:1: Premature end of file.
2025-12-23 10:14:52,734 [ERROR] LogOutputStream:75 - [STDERR_REDIRECT] 
2025-12-23 10:14:53,733 [ERROR] LogOutputStream:75 - [STDERR_REDIRECT] [Fatal Error] :1:1: Premature end of file.
2025-12-23 10:14:53,733 [ERROR] LogOutputStream:75 - [STDERR_REDIRECT] 
2025-12-23 10:14:54,739 [ERROR] LogOutputStream:75 - [STDERR_REDIRECT] [Fatal Error] :1:1: Premature end of file.
2025-12-23 10:14:54,739 [ERROR] LogOutputStream:75 - [STDERR_REDIRECT] 
2025-12-23 10:14:55,743 [ERROR] LogOutputStream:75 - [STDERR_REDIRECT] [Fatal Error] :1:1: Premature end of file.
2025-12-23 10:14:55,743 [ERROR] LogOutputStream:75 - [STDERR_REDIRECT] 
2025-12-23 10:14:56,735 [ERROR] LogOutputStream:75 - [STDERR_REDIRECT] [Fatal Error] :1:1: Premature end of file.
2025-12-23 10:14:56,735 [ERROR] LogOutputStream:75 - [STDERR_REDIRECT] 
2025-12-23 10:14:57,743 [ERROR] LogOutputStream:75 - [STDERR_REDIRECT] [Fatal Error] :1:1: Premature end of file.
2025-12-23 10:14:57,743 [ERROR] LogOutputStream:75 - [STDERR_REDIRECT] 
2025-12-23 10:14:58,751 [ERROR] LogOutputStream:75 - [STDERR_REDIRECT] [Fatal Error] :1:1: Premature end of file.
2025-12-23 10:14:58,751 [ERROR] LogOutputStream:75 - [STDERR_REDIRECT] 
2025-12-23 10:14:59,744 [ERROR] LogOutputStream:75 - [STDERR_REDIRECT] [Fatal Error] :1:1: Premature end of file.
2025-12-23 10:14:59,744 [ERROR] LogOutputStream:75 - [STDERR_REDIRECT] 
2025-12-23 10:15:00,799 [ERROR] LogOutputStream:75 - [STDERR_REDIRECT] [Fatal Error] :1:1: Premature end of file.
2025-12-23 10:15:00,800 [ERROR] LogOutputStream:75 - [STDERR_REDIRECT] 
2025-12-23 10:15:01,703 [ERROR] LogOutputStream:75 - [STDERR_REDIRECT] [Fatal Error] :1:1: Premature end of file.
2025-12-23 10:15:01,703 [ERROR] LogOutputStream:75 - [STDERR_REDIRECT] 
2025-12-23 10:15:02,705 [ERROR] LogOutputStream:75 - [STDERR_REDIRECT] [Fatal Error] :1:1: Premature end of file.
2025-12-23 10:15:02,706 [ERROR] LogOutputStream:75 - [STDERR_REDIRECT] 
2025-12-23 10:15:03,727 [ERROR] LogOutputStream:75 - [STDERR_REDIRECT] [Fatal Error] :1:1: Premature end of file.
2025-12-23 10:15:03,727 [ERROR] LogOutputStream:75 - [STDERR_REDIRECT] 
2025-12-23 10:15:04,714 [ERROR] LogOutputStream:75 - [STDERR_REDIRECT] [Fatal Error] :1:1: Premature end of file.
2025-12-23 10:15:04,715 [ERROR] LogOutputStream:75 - [STDERR_REDIRECT] 
2025-12-23 10:15:05,705 [ERROR] LogOutputStream:75 - [STDERR_REDIRECT] [Fatal Error] :1:1: Premature end of file.
2025-12-23 10:15:05,705 [ERROR] LogOutputStream:75 - [STDERR_REDIRECT] 
2025-12-23 10:15:06,713 [ERROR] LogOutputStream:75 - [STDERR_REDIRECT] [Fatal Error] :1:1: Premature end of file.
2025-12-23 10:15:06,713 [ERROR] LogOutputStream:75 - [STDERR_REDIRECT] 
2025-12-23 10:15:07,719 [ERROR] LogOutputStream:75 - [STDERR_REDIRECT] [Fatal Error] :1:1: Premature end of file.
2025-12-23 10:15:07,719 [ERROR] LogOutputStream:75 - [STDERR_REDIRECT] 
2025-12-23 10:15:08,729 [ERROR] LogOutputStream:75 - [STDERR_REDIRECT] [Fatal Error] :1:1: Premature end of file.
2025-12-23 10:15:08,729 [ERROR] LogOutputStream:75 - [STDERR_REDIRECT] 
2025-12-23 10:15:09,708 [ERROR] LogOutputStream:75 - [STDERR_REDIRECT] [Fatal Error] :1:1: Premature end of file.
2025-12-23 10:15:09,708 [ERROR] LogOutputStream:75 - [STDERR_REDIRECT] 
2025-12-23 10:15:10,730 [ERROR] LogOutputStream:75 - [STDERR_REDIRECT] [Fatal Error] :1:1: Premature end of file.
2025-12-23 10:15:10,730 [ERROR] LogOutputStream:75 - [STDERR_REDIRECT] 
2025-12-23 10:15:11,723 [ERROR] LogOutputStream:75 - [STDERR_REDIRECT] [Fatal Error] :1:1: Premature end of file.
2025-12-23 10:15:11,724 [ERROR] LogOutputStream:75 - [STDERR_REDIRECT] 
2025-12-23 10:15:12,715 [ERROR] LogOutputStream:75 - [STDERR_REDIRECT] [Fatal Error] :1:1: Premature end of file.
2025-12-23 10:15:12,715 [ERROR] LogOutputStream:75 - [STDERR_REDIRECT] 
2025-12-23 10:15:13,724 [ERROR] LogOutputStream:75 - [STDERR_REDIRECT] [Fatal Error] :1:1: Premature end of file.
2025-12-23 10:15:13,725 [ERROR] LogOutputStream:75 - [STDERR_REDIRECT] 
2025-12-23 10:15:14,719 [ERROR] LogOutputStream:75 - [STDERR_REDIRECT] [Fatal Error] :1:1: Premature end of file.
2025-12-23 10:15:14,720 [ERROR] LogOutputStream:75 - [STDERR_REDIRECT] 
2025-12-23 10:15:15,711 [ERROR] LogOutputStream:75 - [STDERR_REDIRECT] [Fatal Error] :1:1: Premature end of file.
2025-12-23 10:15:15,711 [ERROR] LogOutputStream:75 - [STDERR_REDIRECT] 
2025-12-23 10:15:16,702 [ERROR] LogOutputStream:75 - [STDERR_REDIRECT] [Fatal Error] :1:1: Premature end of file.
2025-12-23 10:15:16,703 [ERROR] LogOutputStream:75 - [STDERR_REDIRECT] 
2025-12-23 10:15:17,723 [ERROR] LogOutputStream:75 - [STDERR_REDIRECT] [Fatal Error] :1:1: Premature end of file.
2025-12-23 10:15:17,727 [ERROR] LogOutputStream:75 - [STDERR_REDIRECT] 
2025-12-23 10:15:18,708 [ERROR] LogOutputStream:75 - [STDERR_REDIRECT] [Fatal Error] :1:1: Premature end of file.
2025-12-23 10:15:18,709 [ERROR] LogOutputStream:75 - [STDERR_REDIRECT] 
2025-12-23 10:15:19,711 [ERROR] LogOutputStream:75 - [STDERR_REDIRECT] [Fatal Error] :1:1: Premature end of file.
2025-12-23 10:15:19,712 [ERROR] LogOutputStream:75 - [STDERR_REDIRECT] 
2025-12-23 10:15:20,705 [ERROR] LogOutputStream:75 - [STDERR_REDIRECT] [Fatal Error] :1:1: Premature end of file.
2025-12-23 10:15:20,705 [ERROR] LogOutputStream:75 - [STDERR_REDIRECT] 
2025-12-23 10:15:21,721 [ERROR] LogOutputStream:75 - [STDERR_REDIRECT] [Fatal Error] :1:1: Premature end of file.
2025-12-23 10:15:21,722 [ERROR] LogOutputStream:75 - [STDERR_REDIRECT] 
2025-12-23 10:15:22,711 [ERROR] LogOutputStream:75 - [STDERR_REDIRECT] [Fatal Error] :1:1: Premature end of file.
2025-12-23 10:15:22,711 [ERROR] LogOutputStream:75 - [STDERR_REDIRECT] 
2025-12-23 10:15:23,723 [ERROR] LogOutputStream:75 - [STDERR_REDIRECT] [Fatal Error] :1:1: Premature end of file.
2025-12-23 10:15:23,723 [ERROR] LogOutputStream:75 - [STDERR_REDIRECT] 
2025-12-23 10:15:24,724 [ERROR] LogOutputStream:75 - [STDERR_REDIRECT] [Fatal Error] :1:1: Premature end of file.
2025-12-23 10:15:24,724 [ERROR] LogOutputStream:75 - [STDERR_REDIRECT] 
2025-12-23 10:15:25,720 [ERROR] LogOutputStream:75 - [STDERR_REDIRECT] [Fatal Error] :1:1: Premature end of file.
2025-12-23 10:15:25,720 [ERROR] LogOutputStream:75 - [STDERR_REDIRECT] 
2025-12-23 10:15:26,723 [ERROR] LogOutputStream:75 - [STDERR_REDIRECT] [Fatal Error] :1:1: Premature end of file.
2025-12-23 10:15:26,723 [ERROR] LogOutputStream:75 - [STDERR_REDIRECT] 
2025-12-23 10:15:27,709 [ERROR] LogOutputStream:75 - [STDERR_REDIRECT] [Fatal Error] :1:1: Premature end of file.
2025-12-23 10:15:27,709 [ERROR] LogOutputStream:75 - [STDERR_REDIRECT] 
2025-12-23 10:15:28,726 [ERROR] LogOutputStream:75 - [STDERR_REDIRECT] [Fatal Error] :1:1: Premature end of file.
2025-12-23 10:15:28,726 [ERROR] LogOutputStream:75 - [STDERR_REDIRECT] 
2025-12-23 10:15:29,705 [ERROR] LogOutputStream:75 - [STDERR_REDIRECT] [Fatal Error] :1:1: Premature end of file.
2025-12-23 10:15:29,706 [ERROR] LogOutputStream:75 - [STDERR_REDIRECT] 
2025-12-23 10:15:30,725 [ERROR] LogOutputStream:75 - [STDERR_REDIRECT] [Fatal Error] :1:1: Premature end of file.
2025-12-23 10:15:30,726 [ERROR] LogOutputStream:75 - [STDERR_REDIRECT] 
2025-12-23 10:15:31,674 [ERROR] LogOutputStream:75 - [STDERR_REDIRECT] 
2025-12-23 10:15:31,675 [ERROR] LogOutputStream:75 - [STDERR_REDIRECT] 
2025-12-23 10:15:42,301 [INFO] Activator:176 - 


2025-12-23 10:15:42,304 [INFO] Activator:177 - !SESSION log4j initialized
2025-12-23 10:15:50,420 [INFO] LogOutputStream:77 - [STDOUT_REDIRECT] 
2025-12-23 10:15:57,195 [ERROR] LogOutputStream:75 - [STDERR_REDIRECT] [Fatal Error] :1:1: Premature end of file.
2025-12-23 10:15:57,200 [ERROR] LogOutputStream:75 - [STDERR_REDIRECT] 
2025-12-23 10:15:57,981 [ERROR] LogOutputStream:75 - [STDERR_REDIRECT] [Fatal Error] :1:1: Premature end of file.
2025-12-23 10:15:57,983 [ERROR] LogOutputStream:75 - [STDERR_REDIRECT] 
2025-12-23 10:15:58,618 [INFO] ApplicationProperties:184 - Using Application install path: C:\ST\STM32CubeIDE_1.18.1\STM32CubeIDE\plugins\com.st.stm32cube.common.mx_6.15.0.202507011659
2025-12-23 10:15:58,675 [INFO] DbMcusXml:78 - Set database path to: C:\ST\STM32CubeIDE_1.18.1\STM32CubeIDE\plugins\com.st.stm32cube.common.mx_6.15.0.202507011659\\db\/mcu/
2025-12-23 10:15:58,675 [INFO] ApiDb:274 - Set plugin database path to: C:\ST\STM32CubeIDE_1.18.1\STM32CubeIDE\plugins\com.st.stm32cube.common.mx_6.15.0.202507011659\\db\/plugins/boardmanager/
2025-12-23 10:15:58,675 [WARN] ApiDb:259 - Overriding images path with different value:  => C:\ST\STM32CubeIDE_1.18.1\STM32CubeIDE\plugins\com.st.stm32cube.common.mx_6.15.0.202507011659\\db\/plugins/mcufinder/images/
2025-12-23 10:15:58,701 [INFO] ApiDb:250 - Set database path to: C:\Users\mathe\.stmcufinder\plugins\mcufinder//mcu/
2025-12-23 10:15:58,705 [INFO] DbMcusAds:125 - Set database path to: C:\Users\mathe\.stmcufinder\plugins\mcufinder//mcu/
2025-12-23 10:15:58,713 [INFO] CrossReferenceDbSqlite:203 - Set database path to: C:\Users\mathe\.stmcufinder\plugins\mcufinder//mcu/cs/
2025-12-23 10:15:58,984 [ERROR] LogOutputStream:75 - [STDERR_REDIRECT] [Fatal Error] :1:1: Premature end of file.
2025-12-23 10:15:58,992 [ERROR] LogOutputStream:75 - [STDERR_REDIRECT] 
2025-12-23 10:15:59,213 [INFO] RulesReader:64 - Compatibility file has been processed (317 Rules)
2025-12-23 10:15:59,625 [INFO] DbMcusXml:78 - Set database path to: C:\ST\STM32CubeIDE_1.18.1\STM32CubeIDE\plugins\com.st.stm32cube.common.mx_6.15.0.202507011659\\db\/mcu/
2025-12-23 10:15:59,625 [INFO] ApiDb:274 - Set plugin database path to: C:\ST\STM32CubeIDE_1.18.1\STM32CubeIDE\plugins\com.st.stm32cube.common.mx_6.15.0.202507011659\\db\/plugins/boardmanager/
2025-12-23 10:15:59,625 [INFO] ApiDb:261 - Set plugin images path to: C:\ST\STM32CubeIDE_1.18.1\STM32CubeIDE\plugins\com.st.stm32cube.common.mx_6.15.0.202507011659\\db\/plugins/mcufinder/images/
2025-12-23 10:15:59,625 [WARN] DbFile:41 - Overriding database path with different value: C:\Users\mathe\.stmcufinder\plugins\mcufinder/ => C:\Users\mathe\.stmcufinder\plugins\mcufinder
2025-12-23 10:15:59,625 [INFO] ApiDb:250 - Set database path to: C:\Users\mathe\.stmcufinder\plugins\mcufinder//mcu/
2025-12-23 10:15:59,625 [WARN] DbFile:41 - Overriding database path with different value: C:\Users\mathe\.stmcufinder\plugins\mcufinder/ => C:\Users\mathe\.stmcufinder\plugins\mcufinder
2025-12-23 10:15:59,625 [INFO] DbMcusAds:125 - Set database path to: C:\Users\mathe\.stmcufinder\plugins\mcufinder//mcu/
2025-12-23 10:15:59,625 [WARN] DbFile:41 - Overriding database path with different value: C:\Users\mathe\.stmcufinder\plugins\mcufinder/ => C:\Users\mathe\.stmcufinder\plugins\mcufinder
2025-12-23 10:15:59,625 [WARN] DbFile:41 - Overriding database path with different value: C:\Users\mathe\.stmcufinder\plugins\mcufinder/ => C:\Users\mathe\.stmcufinder\plugins\mcufinder
2025-12-23 10:15:59,625 [INFO] CrossReferenceDbSqlite:203 - Set database path to: C:\Users\mathe\.stmcufinder\plugins\mcufinder//mcu/cs/
2025-12-23 10:15:59,900 [INFO] MainPanel:274 - HeapMemory: 268435456
2025-12-23 10:15:59,988 [ERROR] LogOutputStream:75 - [STDERR_REDIRECT] [Fatal Error] :1:1: Premature end of file.
2025-12-23 10:15:59,990 [ERROR] LogOutputStream:75 - [STDERR_REDIRECT] 
2025-12-23 10:16:00,197 [INFO] DbMcusXml:78 - Set database path to: C:\ST\STM32CubeIDE_1.18.1\STM32CubeIDE\plugins\com.st.stm32cube.common.mx_6.15.0.202507011659\\db\/mcu/
2025-12-23 10:16:00,199 [INFO] ApiDb:274 - Set plugin database path to: C:\ST\STM32CubeIDE_1.18.1\STM32CubeIDE\plugins\com.st.stm32cube.common.mx_6.15.0.202507011659\\db\/plugins/boardmanager/
2025-12-23 10:16:00,199 [INFO] ApiDb:261 - Set plugin images path to: C:\ST\STM32CubeIDE_1.18.1\STM32CubeIDE\plugins\com.st.stm32cube.common.mx_6.15.0.202507011659\\db\/plugins/mcufinder/images/
2025-12-23 10:16:00,199 [WARN] DbFile:41 - Overriding database path with different value: C:\Users\mathe\.stmcufinder\plugins\mcufinder/ => C:\Users\mathe\.stmcufinder\plugins\mcufinder
2025-12-23 10:16:00,199 [INFO] ApiDb:250 - Set database path to: C:\Users\mathe\.stmcufinder\plugins\mcufinder//mcu/
2025-12-23 10:16:00,201 [WARN] DbFile:41 - Overriding database path with different value: C:\Users\mathe\.stmcufinder\plugins\mcufinder/ => C:\Users\mathe\.stmcufinder\plugins\mcufinder
2025-12-23 10:16:00,201 [INFO] DbMcusAds:125 - Set database path to: C:\Users\mathe\.stmcufinder\plugins\mcufinder//mcu/
2025-12-23 10:16:00,201 [WARN] DbFile:41 - Overriding database path with different value: C:\Users\mathe\.stmcufinder\plugins\mcufinder/ => C:\Users\mathe\.stmcufinder\plugins\mcufinder
2025-12-23 10:16:00,201 [WARN] DbFile:41 - Overriding database path with different value: C:\Users\mathe\.stmcufinder\plugins\mcufinder/ => C:\Users\mathe\.stmcufinder\plugins\mcufinder
2025-12-23 10:16:00,202 [INFO] CrossReferenceDbSqlite:203 - Set database path to: C:\Users\mathe\.stmcufinder\plugins\mcufinder//mcu/cs/
2025-12-23 10:16:00,291 [INFO] ApplicationProperties:184 - Using Application install path: C:\ST\STM32CubeIDE_1.18.1\STM32CubeIDE\plugins\com.st.stm32cube.common.mx_6.15.0.202507011659
2025-12-23 10:16:00,295 [INFO] PluginManage:196 - Search for loadable plugins [exclusion list=, ]
2025-12-23 10:16:00,298 [INFO] PluginManage:310 - Check plugin analytics
2025-12-23 10:16:00,994 [ERROR] LogOutputStream:75 - [STDERR_REDIRECT] [Fatal Error] :1:1: Premature end of file.
2025-12-23 10:16:00,994 [ERROR] LogOutputStream:75 - [STDERR_REDIRECT] 
2025-12-23 10:16:01,983 [ERROR] LogOutputStream:75 - [STDERR_REDIRECT] [Fatal Error] :1:1: Premature end of file.
2025-12-23 10:16:01,983 [ERROR] LogOutputStream:75 - [STDERR_REDIRECT] 
2025-12-23 10:16:02,971 [ERROR] LogOutputStream:75 - [STDERR_REDIRECT] [Fatal Error] :1:1: Premature end of file.
2025-12-23 10:16:02,972 [ERROR] LogOutputStream:75 - [STDERR_REDIRECT] 
2025-12-23 10:16:03,978 [ERROR] LogOutputStream:75 - [STDERR_REDIRECT] [Fatal Error] :1:1: Premature end of file.
2025-12-23 10:16:03,978 [ERROR] LogOutputStream:75 - [STDERR_REDIRECT] 
2025-12-23 10:16:04,988 [ERROR] LogOutputStream:75 - [STDERR_REDIRECT] [Fatal Error] :1:1: Premature end of file.
2025-12-23 10:16:04,988 [ERROR] LogOutputStream:75 - [STDERR_REDIRECT] 
2025-12-23 10:16:05,979 [INFO] AnalyticsPlugin:253 - Accepted Software Licenses: 
2025-12-23 10:16:05,983 [INFO] AnalyticsPlugin:255 - Accepted CMSIS Pack Licenses: 
2025-12-23 10:16:05,984 [INFO] AnalyticsPlugin:257 - Accepted Firmware Licenses: 
2025-12-23 10:16:05,990 [ERROR] LogOutputStream:75 - [STDERR_REDIRECT] [Fatal Error] :1:1: Premature end of file.
2025-12-23 10:16:05,993 [ERROR] LogOutputStream:75 - [STDERR_REDIRECT] 
2025-12-23 10:16:06,007 [INFO] PluginManage:359 - Loaded plugin analytics (category:tool,tabindex:-1)
2025-12-23 10:16:06,008 [INFO] PluginManage:310 - Check plugin cadmodel
2025-12-23 10:16:06,024 [INFO] CADModel:105 - Init CAD model plugin
2025-12-23 10:16:06,024 [INFO] PluginManage:359 - Loaded plugin cadmodel (category:power,tabindex:5)
2025-12-23 10:16:06,024 [INFO] PluginManage:310 - Check plugin clock
2025-12-23 10:16:06,057 [INFO] PluginManage:359 - Loaded plugin clock (category:base,tabindex:2)
2025-12-23 10:16:06,057 [INFO] PluginManage:310 - Check plugin ddr
2025-12-23 10:16:06,065 [INFO] PluginManage:359 - Loaded plugin ddr (category:tool,tabindex:6)
2025-12-23 10:16:06,065 [INFO] PluginManage:310 - Check plugin filemanager
2025-12-23 10:16:06,514 [INFO] PluginManage:359 - Loaded plugin filemanager (category:base,tabindex:10)
2025-12-23 10:16:06,514 [INFO] PluginManage:310 - Check plugin ipmanager
2025-12-23 10:16:06,541 [INFO] PluginManage:359 - Loaded plugin ipmanager (category:base,tabindex:5)
2025-12-23 10:16:06,542 [INFO] PluginManage:310 - Check plugin lpbam
2025-12-23 10:16:06,565 [INFO] PluginManage:359 - Loaded plugin lpbam (category:base,tabindex:0)
2025-12-23 10:16:06,565 [INFO] PluginManage:310 - Check plugin memorymap
2025-12-23 10:16:06,606 [INFO] PluginManage:359 - Loaded plugin memorymap (category:base,tabindex:4)
2025-12-23 10:16:06,606 [INFO] PluginManage:310 - Check plugin pinoutandconfiguration
2025-12-23 10:16:06,633 [INFO] PluginManage:359 - Loaded plugin pinoutandconfiguration (category:base,tabindex:1)
2025-12-23 10:16:06,633 [INFO] PluginManage:310 - Check plugin pinoutconfig
2025-12-23 10:16:06,974 [WARN] SupportedApi:132 - Cannot load RTOS API schema: s4s-elt-must-match.1: The content of 'definitions' must match (annotation?, (simpleType | complexType)?, (unique | key | keyref)*)). A problem was found starting at: attribute.
2025-12-23 10:16:06,989 [ERROR] LogOutputStream:75 - [STDERR_REDIRECT] [Fatal Error] :1:1: Premature end of file.
2025-12-23 10:16:06,993 [ERROR] LogOutputStream:75 - [STDERR_REDIRECT] 
2025-12-23 10:16:07,449 [INFO] PluginManage:359 - Loaded plugin pinoutconfig (category:base,tabindex:0)
2025-12-23 10:16:07,451 [INFO] PluginManage:310 - Check plugin power
2025-12-23 10:16:07,482 [INFO] PluginManage:359 - Loaded plugin power (category:power,tabindex:4)
2025-12-23 10:16:07,483 [INFO] PluginManage:310 - Check plugin projectmanager
2025-12-23 10:16:07,544 [INFO] PluginManage:359 - Loaded plugin projectmanager (category:projectmanager,tabindex:4)
2025-12-23 10:16:07,544 [INFO] PluginManage:310 - Check plugin rif
2025-12-23 10:16:07,564 [INFO] PluginManage:359 - Loaded plugin rif (category:base,tabindex:3)
2025-12-23 10:16:07,564 [INFO] PluginManage:310 - Check plugin thirdparty
2025-12-23 10:16:08,006 [ERROR] LogOutputStream:75 - [STDERR_REDIRECT] [Fatal Error] :1:1: Premature end of file.
2025-12-23 10:16:08,008 [ERROR] LogOutputStream:75 - [STDERR_REDIRECT] 
2025-12-23 10:16:08,063 [INFO] PluginManage:359 - Loaded plugin thirdparty (category:base,tabindex:-1)
2025-12-23 10:16:08,063 [INFO] PluginManage:310 - Check plugin tools
2025-12-23 10:16:08,063 [WARN] IntegrityCheckThread:84 - waiting for thirdparty lock release [integrity check]
2025-12-23 10:16:08,063 [INFO] IntegrityCheckThread:86 - entering critical section [integrity check]
2025-12-23 10:16:08,063 [INFO] ThirdPartyUpdaterWithRetryManager:70 - Updater plugin not ready yet. [1/15]
2025-12-23 10:16:08,081 [INFO] PluginManage:359 - Loaded plugin tools (category:base,tabindex:7)
2025-12-23 10:16:08,081 [INFO] PluginManage:310 - Check plugin tutovideos
2025-12-23 10:16:08,744 [INFO] PluginManage:359 - Loaded plugin tutovideos (category:base,tabindex:-1)
2025-12-23 10:16:08,745 [INFO] PluginManage:310 - Check plugin updater
2025-12-23 10:16:08,821 [INFO] PluginManage:359 - Loaded plugin updater (category:base,tabindex:12)
2025-12-23 10:16:08,822 [INFO] PluginManage:310 - Check plugin userauth
2025-12-23 10:16:08,833 [INFO] UserAuth:118 - Init User Auth plugin
2025-12-23 10:16:08,833 [INFO] PluginManage:359 - Loaded plugin userauth (category:base,tabindex:14)
2025-12-23 10:16:08,837 [INFO] PluginManage:283 - PluginManage : Loaded plugins [18]
2025-12-23 10:16:08,983 [ERROR] LogOutputStream:75 - [STDERR_REDIRECT] [Fatal Error] :1:1: Premature end of file.
2025-12-23 10:16:08,983 [ERROR] LogOutputStream:75 - [STDERR_REDIRECT] 
2025-12-23 10:16:09,663 [INFO] PinOutPanel:1589 - setPackage(No Configuration,No Configuration)
2025-12-23 10:16:09,978 [ERROR] LogOutputStream:75 - [STDERR_REDIRECT] [Fatal Error] :1:1: Premature end of file.
2025-12-23 10:16:09,982 [ERROR] LogOutputStream:75 - [STDERR_REDIRECT] 
2025-12-23 10:16:10,053 [INFO] CADModel:165 - CPN selected for project level
2025-12-23 10:16:10,054 [INFO] CADModel:114 - Register for checkConnection events
2025-12-23 10:16:10,108 [INFO] IPUIPlugin:80 - create IPUIPlugin
2025-12-23 10:16:10,108 [INFO] PluginManager:220 - loadIPPluginJar : add adc
2025-12-23 10:16:10,118 [INFO] IPUIPlugin:80 - create IPUIPlugin
2025-12-23 10:16:10,118 [INFO] PluginManager:220 - loadIPPluginJar : add aes
2025-12-23 10:16:10,125 [INFO] IPUIPlugin:80 - create IPUIPlugin
2025-12-23 10:16:10,125 [INFO] PluginManager:220 - loadIPPluginJar : add can
2025-12-23 10:16:10,135 [INFO] IPUIPlugin:80 - create IPUIPlugin
2025-12-23 10:16:10,137 [INFO] PluginManager:220 - loadIPPluginJar : add comp
2025-12-23 10:16:10,144 [INFO] IPUIPlugin:80 - create IPUIPlugin
2025-12-23 10:16:10,147 [INFO] PluginManager:220 - loadIPPluginJar : add cryp
2025-12-23 10:16:10,158 [INFO] IPUIPlugin:80 - create IPUIPlugin
2025-12-23 10:16:10,158 [INFO] PluginManager:220 - loadIPPluginJar : add ddr_ctrl_phy
2025-12-23 10:16:10,164 [INFO] IPUIPlugin:80 - create IPUIPlugin
2025-12-23 10:16:10,164 [INFO] PluginManager:220 - loadIPPluginJar : add dfsdm
2025-12-23 10:16:10,184 [INFO] IPUIPlugin:80 - create IPUIPlugin
2025-12-23 10:16:10,184 [INFO] PluginManager:220 - loadIPPluginJar : add dma
2025-12-23 10:16:10,193 [INFO] IPUIPlugin:80 - create IPUIPlugin
2025-12-23 10:16:10,193 [INFO] PluginManager:220 - loadIPPluginJar : add dma3
2025-12-23 10:16:10,204 [INFO] IPUIPlugin:80 - create IPUIPlugin
2025-12-23 10:16:10,206 [INFO] PluginManager:220 - loadIPPluginJar : add extmemmanager
2025-12-23 10:16:10,207 [INFO] IPUIPlugin:80 - create IPUIPlugin
2025-12-23 10:16:10,212 [INFO] PluginManager:220 - loadIPPluginJar : add fatfs
2025-12-23 10:16:10,225 [INFO] IPUIPlugin:80 - create IPUIPlugin
2025-12-23 10:16:10,225 [INFO] PluginManager:220 - loadIPPluginJar : add fmc
2025-12-23 10:16:10,246 [INFO] IPUIPlugin:80 - create IPUIPlugin
2025-12-23 10:16:10,248 [INFO] PluginManager:220 - loadIPPluginJar : add freertos
2025-12-23 10:16:10,253 [INFO] IPUIPlugin:80 - create IPUIPlugin
2025-12-23 10:16:10,253 [INFO] PluginManager:220 - loadIPPluginJar : add genericplugin
2025-12-23 10:16:10,263 [INFO] IPUIPlugin:80 - create IPUIPlugin
2025-12-23 10:16:10,263 [INFO] PluginManager:220 - loadIPPluginJar : add gfxmmu
2025-12-23 10:16:10,281 [INFO] IPUIPlugin:80 - create IPUIPlugin
2025-12-23 10:16:10,282 [INFO] PluginManager:220 - loadIPPluginJar : add gic
2025-12-23 10:16:10,295 [INFO] IPUIPlugin:80 - create IPUIPlugin
2025-12-23 10:16:10,295 [INFO] PluginManager:220 - loadIPPluginJar : add gpio
2025-12-23 10:16:10,308 [INFO] IPUIPlugin:80 - create IPUIPlugin
2025-12-23 10:16:10,310 [INFO] PluginManager:220 - loadIPPluginJar : add gtzc
2025-12-23 10:16:10,324 [INFO] IPUIPlugin:80 - create IPUIPlugin
2025-12-23 10:16:10,324 [INFO] PluginManager:220 - loadIPPluginJar : add hash
2025-12-23 10:16:10,335 [INFO] IPUIPlugin:80 - create IPUIPlugin
2025-12-23 10:16:10,335 [INFO] PluginManager:220 - loadIPPluginJar : add i2c
2025-12-23 10:16:10,343 [INFO] IPUIPlugin:80 - create IPUIPlugin
2025-12-23 10:16:10,343 [INFO] PluginManager:220 - loadIPPluginJar : add i2s
2025-12-23 10:16:10,354 [INFO] IPUIPlugin:80 - create IPUIPlugin
2025-12-23 10:16:10,355 [INFO] PluginManager:220 - loadIPPluginJar : add i3c
2025-12-23 10:16:10,374 [INFO] IPUIPlugin:80 - create IPUIPlugin
2025-12-23 10:16:10,374 [INFO] PluginManager:220 - loadIPPluginJar : add ipddr
2025-12-23 10:16:10,394 [INFO] IPUIPlugin:80 - create IPUIPlugin
2025-12-23 10:16:10,394 [INFO] PluginManager:220 - loadIPPluginJar : add linkedlist
2025-12-23 10:16:10,414 [INFO] IPUIPlugin:80 - create IPUIPlugin
2025-12-23 10:16:10,414 [INFO] PluginManager:220 - loadIPPluginJar : add lorawan
2025-12-23 10:16:10,423 [INFO] IPUIPlugin:80 - create IPUIPlugin
2025-12-23 10:16:10,424 [INFO] PluginManager:220 - loadIPPluginJar : add ltdc
2025-12-23 10:16:10,444 [INFO] IPUIPlugin:80 - create IPUIPlugin
2025-12-23 10:16:10,444 [INFO] PluginManager:220 - loadIPPluginJar : add mdma
2025-12-23 10:16:10,474 [INFO] IPUIPlugin:80 - create IPUIPlugin
2025-12-23 10:16:10,474 [INFO] PluginManager:220 - loadIPPluginJar : add nvic
2025-12-23 10:16:10,491 [INFO] IPUIPlugin:80 - create IPUIPlugin
2025-12-23 10:16:10,491 [INFO] PluginManager:220 - loadIPPluginJar : add opamp
2025-12-23 10:16:10,517 [INFO] IPUIPlugin:80 - create IPUIPlugin
2025-12-23 10:16:10,517 [INFO] PluginManager:220 - loadIPPluginJar : add openamp
2025-12-23 10:16:10,533 [INFO] IPUIPlugin:80 - create IPUIPlugin
2025-12-23 10:16:10,533 [INFO] PluginManager:220 - loadIPPluginJar : add pdm2pcm
2025-12-23 10:16:10,558 [INFO] IPUIPlugin:80 - create IPUIPlugin
2025-12-23 10:16:10,565 [INFO] PluginManager:220 - loadIPPluginJar : add plateformsettings
2025-12-23 10:16:10,573 [INFO] IPUIPlugin:80 - create IPUIPlugin
2025-12-23 10:16:10,573 [INFO] PluginManager:220 - loadIPPluginJar : add quadspi
2025-12-23 10:16:10,583 [INFO] IPUIPlugin:80 - create IPUIPlugin
2025-12-23 10:16:10,592 [INFO] PluginManager:220 - loadIPPluginJar : add radio
2025-12-23 10:16:10,603 [INFO] IPUIPlugin:80 - create IPUIPlugin
2025-12-23 10:16:10,603 [INFO] PluginManager:220 - loadIPPluginJar : add resmgrutility
2025-12-23 10:16:10,613 [INFO] IPUIPlugin:80 - create IPUIPlugin
2025-12-23 10:16:10,613 [INFO] PluginManager:220 - loadIPPluginJar : add sai
2025-12-23 10:16:10,623 [INFO] IPUIPlugin:80 - create IPUIPlugin
2025-12-23 10:16:10,623 [INFO] PluginManager:220 - loadIPPluginJar : add spi
2025-12-23 10:16:10,642 [INFO] IPUIPlugin:80 - create IPUIPlugin
2025-12-23 10:16:10,642 [INFO] PluginManager:220 - loadIPPluginJar : add stm32_wpan
2025-12-23 10:16:10,647 [INFO] IPUIPlugin:80 - create IPUIPlugin
2025-12-23 10:16:10,647 [INFO] PluginManager:220 - loadIPPluginJar : add tim
2025-12-23 10:16:10,658 [INFO] IPUIPlugin:80 - create IPUIPlugin
2025-12-23 10:16:10,658 [INFO] PluginManager:220 - loadIPPluginJar : add touchsensing
2025-12-23 10:16:10,663 [INFO] IPUIPlugin:80 - create IPUIPlugin
2025-12-23 10:16:10,663 [INFO] PluginManager:220 - loadIPPluginJar : add tracer_emb
2025-12-23 10:16:10,674 [INFO] IPUIPlugin:80 - create IPUIPlugin
2025-12-23 10:16:10,674 [INFO] PluginManager:220 - loadIPPluginJar : add ts
2025-12-23 10:16:10,680 [INFO] IPUIPlugin:80 - create IPUIPlugin
2025-12-23 10:16:10,682 [INFO] PluginManager:220 - loadIPPluginJar : add tsc
2025-12-23 10:16:10,687 [INFO] IPUIPlugin:80 - create IPUIPlugin
2025-12-23 10:16:10,687 [INFO] PluginManager:220 - loadIPPluginJar : add ucpd
2025-12-23 10:16:10,694 [INFO] IPUIPlugin:80 - create IPUIPlugin
2025-12-23 10:16:10,694 [INFO] PluginManager:220 - loadIPPluginJar : add usart
2025-12-23 10:16:10,708 [INFO] IPUIPlugin:80 - create IPUIPlugin
2025-12-23 10:16:10,708 [INFO] PluginManager:220 - loadIPPluginJar : add usbx
2025-12-23 10:16:10,991 [ERROR] LogOutputStream:75 - [STDERR_REDIRECT] [Fatal Error] :1:1: Premature end of file.
2025-12-23 10:16:10,992 [ERROR] LogOutputStream:75 - [STDERR_REDIRECT] 
2025-12-23 10:16:11,043 [FATAL] Updater:351 - Updater called before beeing initialized
2025-12-23 10:16:11,073 [INFO] ThirdPartyUpdaterWithRetryManager:70 - Updater plugin not ready yet. [2/15]
2025-12-23 10:16:11,138 [INFO] RulesReader:64 - Compatibility file has been processed (317 Rules)
2025-12-23 10:16:11,193 [INFO] RulesReader:64 - Compatibility file has been processed (317 Rules)
2025-12-23 10:16:11,253 [INFO] CADModel:165 - CPN selected for project level
2025-12-23 10:16:11,253 [INFO] CADModel:114 - Register for checkConnection events
2025-12-23 10:16:11,253 [FATAL] Updater:351 - Updater called before beeing initialized
2025-12-23 10:16:11,254 [ERROR] CADModel:125 - Updater not yet initialized, retry later 
2025-12-23 10:16:11,905 [FATAL] Updater:351 - Updater called before beeing initialized
2025-12-23 10:16:11,907 [INFO] CADModel:165 - CPN selected for project level
2025-12-23 10:16:11,909 [INFO] CADModel:114 - Register for checkConnection events
2025-12-23 10:16:11,909 [FATAL] Updater:351 - Updater called before beeing initialized
2025-12-23 10:16:11,909 [ERROR] CADModel:125 - Updater not yet initialized, retry later 
2025-12-23 10:16:11,922 [FATAL] Updater:351 - Updater called before beeing initialized
2025-12-23 10:16:11,990 [ERROR] LogOutputStream:75 - [STDERR_REDIRECT] [Fatal Error] :1:1: Premature end of file.
2025-12-23 10:16:11,992 [ERROR] LogOutputStream:75 - [STDERR_REDIRECT] 
2025-12-23 10:16:12,382 [FATAL] Updater:351 - Updater called before beeing initialized
2025-12-23 10:16:12,393 [INFO] DbMcusAds:53 - JSON generation date=Thu Oct 02 15:06:05 IST 2025 (1759397765645)
2025-12-23 10:16:12,393 [FATAL] Updater:351 - Updater called before beeing initialized
2025-12-23 10:16:12,493 [WARN] DetailPanel:346 - Failed to get advertising image, set to default
2025-12-23 10:16:12,813 [FATAL] Updater:351 - Updater called before beeing initialized
2025-12-23 10:16:12,816 [FATAL] Updater:351 - Updater called before beeing initialized
2025-12-23 10:16:12,816 [FATAL] Updater:351 - Updater called before beeing initialized
2025-12-23 10:16:12,816 [WARN] DetailPanel:346 - Failed to get advertising image, set to default
2025-12-23 10:16:12,823 [FATAL] Updater:351 - Updater called before beeing initialized
2025-12-23 10:16:12,966 [ERROR] LogOutputStream:75 - [STDERR_REDIRECT] [Fatal Error] :1:1: Premature end of file.
2025-12-23 10:16:12,966 [ERROR] LogOutputStream:75 - [STDERR_REDIRECT] 
2025-12-23 10:16:13,004 [ERROR] Updater:1198 - MainUpdater not yet initialized. External WinMGr cannot be set.
2025-12-23 10:16:13,007 [INFO] Updater:1134 - Updater Version found : 6.15.0
2025-12-23 10:16:13,067 [INFO] ApplicationProperties:184 - Using Application install path: C:\ST\STM32CubeIDE_1.18.1\STM32CubeIDE\plugins\com.st.stm32cube.common.mx_6.15.0.202507011659
2025-12-23 10:16:13,973 [ERROR] LogOutputStream:75 - [STDERR_REDIRECT] [Fatal Error] :1:1: Premature end of file.
2025-12-23 10:16:13,973 [ERROR] LogOutputStream:75 - [STDERR_REDIRECT] 
2025-12-23 10:16:14,083 [FATAL] Updater:351 - Updater called before beeing initialized
2025-12-23 10:16:14,083 [ERROR] IntegrityCheckThread:130 - Cannot retrieve database content from updater: error 21
2025-12-23 10:16:14,085 [INFO] ThirdParty:978 - Integrity check success = false
2025-12-23 10:16:14,085 [INFO] IntegrityCheckThread:100 - exiting critical section [integrity check]
2025-12-23 10:16:14,085 [INFO] IntegrityCheckThread:103 - End integrity checks thread
2025-12-23 10:16:14,724 [ERROR] LogOutputStream:75 - [STDERR_REDIRECT] Dec 23, 2025 10:16:14 AM java.util.prefs.WindowsPreferences <init>
2025-12-23 10:16:14,724 [ERROR] LogOutputStream:75 - [STDERR_REDIRECT] WARNING: Could not open/create prefs root node Software\JavaSoft\Prefs at root 0xffffffff80000002. Windows RegCreateKeyEx(...) returned error code 5.
2025-12-23 10:16:14,724 [ERROR] LogOutputStream:75 - [STDERR_REDIRECT] 
2025-12-23 10:16:14,984 [ERROR] LogOutputStream:75 - [STDERR_REDIRECT] [Fatal Error] :1:1: Premature end of file.
2025-12-23 10:16:14,992 [ERROR] LogOutputStream:75 - [STDERR_REDIRECT] 
2025-12-23 10:16:16,023 [ERROR] LogOutputStream:75 - [STDERR_REDIRECT] [Fatal Error] :1:1: Premature end of file.
2025-12-23 10:16:16,023 [ERROR] LogOutputStream:75 - [STDERR_REDIRECT] 
2025-12-23 10:16:16,987 [ERROR] LogOutputStream:75 - [STDERR_REDIRECT] [Fatal Error] :1:1: Premature end of file.
2025-12-23 10:16:16,988 [ERROR] LogOutputStream:75 - [STDERR_REDIRECT] 
2025-12-23 10:16:17,025 [INFO] MainUpdater:2872 - connection check result : 10
2025-12-23 10:16:17,025 [INFO] MainUpdater:289 - Updater Check For Update Now.
2025-12-23 10:16:17,025 [INFO] MicroXplorer:498 - Change Database Version : DB.6.0.150
2025-12-23 10:16:17,052 [INFO] McuFinderGlobals:63 - Set McuFinder mode to 2 (CubeIDE integrated)
2025-12-23 10:16:17,057 [INFO] UserAuth:487 - Internet connection configuration mode: 1
2025-12-23 10:16:17,224 [INFO] JxBrowserEngine:152 - Initiate JxBrowser Engine with user profile folder
2025-12-23 10:16:17,676 [INFO] CheckServerUpdateThread:120 - End of CheckServer Thread
2025-12-23 10:16:17,992 [ERROR] LogOutputStream:75 - [STDERR_REDIRECT] [Fatal Error] :1:1: Premature end of file.
2025-12-23 10:16:17,995 [ERROR] LogOutputStream:75 - [STDERR_REDIRECT] 
2025-12-23 10:16:18,993 [ERROR] LogOutputStream:75 - [STDERR_REDIRECT] [Fatal Error] :1:1: Premature end of file.
2025-12-23 10:16:18,998 [ERROR] LogOutputStream:75 - [STDERR_REDIRECT] 
2025-12-23 10:16:19,978 [ERROR] LogOutputStream:75 - [STDERR_REDIRECT] [Fatal Error] :1:1: Premature end of file.
2025-12-23 10:16:19,983 [ERROR] LogOutputStream:75 - [STDERR_REDIRECT] 
2025-12-23 10:16:20,956 [ERROR] LogOutputStream:75 - [STDERR_REDIRECT] [Fatal Error] :1:1: Premature end of file.
2025-12-23 10:16:20,956 [ERROR] LogOutputStream:75 - [STDERR_REDIRECT] 
2025-12-23 10:16:21,978 [ERROR] LogOutputStream:75 - [STDERR_REDIRECT] [Fatal Error] :1:1: Premature end of file.
2025-12-23 10:16:21,984 [ERROR] LogOutputStream:75 - [STDERR_REDIRECT] 
2025-12-23 10:16:22,273 [INFO] WebApp:169 - Instantiating new browser for Auth
2025-12-23 10:16:22,979 [ERROR] LogOutputStream:75 - [STDERR_REDIRECT] [Fatal Error] :1:1: Premature end of file.
2025-12-23 10:16:22,983 [ERROR] LogOutputStream:75 - [STDERR_REDIRECT] 
2025-12-23 10:16:23,973 [ERROR] LogOutputStream:75 - [STDERR_REDIRECT] [Fatal Error] :1:1: Premature end of file.
2025-12-23 10:16:23,982 [ERROR] LogOutputStream:75 - [STDERR_REDIRECT] 
2025-12-23 10:16:24,587 [INFO] WebApp:463 - Apply proxy settings
2025-12-23 10:16:24,587 [INFO] WebApp:548 - Chromium requires no authentication
2025-12-23 10:16:24,613 [INFO] WebApp:491 - Direct internet connection detected
2025-12-23 10:16:24,676 [INFO] WebApp:900 - Register for checkConnection events
2025-12-23 10:16:24,676 [INFO] WebApp:463 - Apply proxy settings
2025-12-23 10:16:24,676 [INFO] WebApp:548 - Chromium requires no authentication
2025-12-23 10:16:24,683 [INFO] WebApp:491 - Direct internet connection detected
2025-12-23 10:16:24,976 [ERROR] LogOutputStream:75 - [STDERR_REDIRECT] [Fatal Error] :1:1: Premature end of file.
2025-12-23 10:16:24,976 [ERROR] LogOutputStream:75 - [STDERR_REDIRECT] 
2025-12-23 10:16:25,173 [INFO] WebApp:225 - Starting web application
2025-12-23 10:16:25,173 [INFO] WebApp:593 - Web application path used C:\ST\STM32CubeIDE_1.18.1\STM32CubeIDE\plugins\com.st.stm32cube.common.mx_6.15.0.202507011659\db\plugins\mcufinder\reactClient1\index.html
2025-12-23 10:16:25,640 [INFO] UserAuth:487 - Internet connection configuration mode: 1
2025-12-23 10:16:25,999 [ERROR] LogOutputStream:75 - [STDERR_REDIRECT] [Fatal Error] :1:1: Premature end of file.
2025-12-23 10:16:26,003 [ERROR] LogOutputStream:75 - [STDERR_REDIRECT] 
2025-12-23 10:16:26,964 [INFO] WebApp:191 - Connection restablished
2025-12-23 10:16:26,970 [ERROR] LogOutputStream:75 - [STDERR_REDIRECT] [Fatal Error] :1:1: Premature end of file.
2025-12-23 10:16:26,974 [ERROR] LogOutputStream:75 - [STDERR_REDIRECT] 
2025-12-23 10:16:28,008 [ERROR] LogOutputStream:75 - [STDERR_REDIRECT] [Fatal Error] :1:1: Premature end of file.
2025-12-23 10:16:28,011 [ERROR] LogOutputStream:75 - [STDERR_REDIRECT] 
2025-12-23 10:16:28,973 [ERROR] LogOutputStream:75 - [STDERR_REDIRECT] [Fatal Error] :1:1: Premature end of file.
2025-12-23 10:16:28,977 [ERROR] LogOutputStream:75 - [STDERR_REDIRECT] 
2025-12-23 10:16:29,989 [ERROR] LogOutputStream:75 - [STDERR_REDIRECT] [Fatal Error] :1:1: Premature end of file.
2025-12-23 10:16:29,989 [ERROR] LogOutputStream:75 - [STDERR_REDIRECT] 
2025-12-23 10:16:30,986 [ERROR] LogOutputStream:75 - [STDERR_REDIRECT] [Fatal Error] :1:1: Premature end of file.
2025-12-23 10:16:30,990 [ERROR] LogOutputStream:75 - [STDERR_REDIRECT] 
2025-12-23 10:16:31,993 [ERROR] LogOutputStream:75 - [STDERR_REDIRECT] [Fatal Error] :1:1: Premature end of file.
2025-12-23 10:16:31,993 [ERROR] LogOutputStream:75 - [STDERR_REDIRECT] 
2025-12-23 10:16:32,983 [ERROR] LogOutputStream:75 - [STDERR_REDIRECT] [Fatal Error] :1:1: Premature end of file.
2025-12-23 10:16:32,984 [ERROR] LogOutputStream:75 - [STDERR_REDIRECT] 
2025-12-23 10:16:33,986 [ERROR] LogOutputStream:75 - [STDERR_REDIRECT] [Fatal Error] :1:1: Premature end of file.
2025-12-23 10:16:33,986 [ERROR] LogOutputStream:75 - [STDERR_REDIRECT] 
2025-12-23 10:16:34,983 [ERROR] LogOutputStream:75 - [STDERR_REDIRECT] [Fatal Error] :1:1: Premature end of file.
2025-12-23 10:16:34,983 [ERROR] LogOutputStream:75 - [STDERR_REDIRECT] 
2025-12-23 10:16:35,986 [ERROR] LogOutputStream:75 - [STDERR_REDIRECT] [Fatal Error] :1:1: Premature end of file.
2025-12-23 10:16:35,986 [ERROR] LogOutputStream:75 - [STDERR_REDIRECT] 
2025-12-23 10:16:36,982 [ERROR] LogOutputStream:75 - [STDERR_REDIRECT] [Fatal Error] :1:1: Premature end of file.
2025-12-23 10:16:36,983 [ERROR] LogOutputStream:75 - [STDERR_REDIRECT] 
2025-12-23 10:16:37,987 [ERROR] LogOutputStream:75 - [STDERR_REDIRECT] [Fatal Error] :1:1: Premature end of file.
2025-12-23 10:16:37,987 [ERROR] LogOutputStream:75 - [STDERR_REDIRECT] 
2025-12-23 10:16:38,967 [ERROR] LogOutputStream:75 - [STDERR_REDIRECT] [Fatal Error] :1:1: Premature end of file.
2025-12-23 10:16:38,969 [ERROR] LogOutputStream:75 - [STDERR_REDIRECT] 
2025-12-23 10:16:39,980 [ERROR] LogOutputStream:75 - [STDERR_REDIRECT] [Fatal Error] :1:1: Premature end of file.
2025-12-23 10:16:39,980 [ERROR] LogOutputStream:75 - [STDERR_REDIRECT] 
2025-12-23 10:16:40,983 [ERROR] LogOutputStream:75 - [STDERR_REDIRECT] [Fatal Error] :1:1: Premature end of file.
2025-12-23 10:16:40,985 [ERROR] LogOutputStream:75 - [STDERR_REDIRECT] 
2025-12-23 10:16:41,985 [ERROR] LogOutputStream:75 - [STDERR_REDIRECT] [Fatal Error] :1:1: Premature end of file.
2025-12-23 10:16:41,985 [ERROR] LogOutputStream:75 - [STDERR_REDIRECT] 
2025-12-23 10:16:42,986 [ERROR] LogOutputStream:75 - [STDERR_REDIRECT] [Fatal Error] :1:1: Premature end of file.
2025-12-23 10:16:42,986 [ERROR] LogOutputStream:75 - [STDERR_REDIRECT] 
2025-12-23 10:16:43,985 [ERROR] LogOutputStream:75 - [STDERR_REDIRECT] [Fatal Error] :1:1: Premature end of file.
2025-12-23 10:16:43,985 [ERROR] LogOutputStream:75 - [STDERR_REDIRECT] 
2025-12-23 10:16:45,004 [ERROR] LogOutputStream:75 - [STDERR_REDIRECT] [Fatal Error] :1:1: Premature end of file.
2025-12-23 10:16:45,009 [ERROR] LogOutputStream:75 - [STDERR_REDIRECT] 
2025-12-23 10:16:45,977 [ERROR] LogOutputStream:75 - [STDERR_REDIRECT] [Fatal Error] :1:1: Premature end of file.
2025-12-23 10:16:45,977 [ERROR] LogOutputStream:75 - [STDERR_REDIRECT] 
2025-12-23 10:16:46,973 [ERROR] LogOutputStream:75 - [STDERR_REDIRECT] [Fatal Error] :1:1: Premature end of file.
2025-12-23 10:16:46,973 [ERROR] LogOutputStream:75 - [STDERR_REDIRECT] 
2025-12-23 10:16:47,985 [ERROR] LogOutputStream:75 - [STDERR_REDIRECT] [Fatal Error] :1:1: Premature end of file.
2025-12-23 10:16:47,985 [ERROR] LogOutputStream:75 - [STDERR_REDIRECT] 
2025-12-23 10:16:48,993 [ERROR] LogOutputStream:75 - [STDERR_REDIRECT] [Fatal Error] :1:1: Premature end of file.
2025-12-23 10:16:48,993 [ERROR] LogOutputStream:75 - [STDERR_REDIRECT] 
2025-12-23 10:16:50,013 [ERROR] LogOutputStream:75 - [STDERR_REDIRECT] [Fatal Error] :1:1: Premature end of file.
2025-12-23 10:16:50,014 [ERROR] LogOutputStream:75 - [STDERR_REDIRECT] 
2025-12-23 10:16:50,995 [ERROR] LogOutputStream:75 - [STDERR_REDIRECT] [Fatal Error] :1:1: Premature end of file.
2025-12-23 10:16:50,998 [ERROR] LogOutputStream:75 - [STDERR_REDIRECT] 
2025-12-23 10:16:52,008 [ERROR] LogOutputStream:75 - [STDERR_REDIRECT] [Fatal Error] :1:1: Premature end of file.
2025-12-23 10:16:52,008 [ERROR] LogOutputStream:75 - [STDERR_REDIRECT] 
2025-12-23 10:16:53,004 [ERROR] LogOutputStream:75 - [STDERR_REDIRECT] [Fatal Error] :1:1: Premature end of file.
2025-12-23 10:16:53,004 [ERROR] LogOutputStream:75 - [STDERR_REDIRECT] 
2025-12-23 10:16:53,980 [ERROR] LogOutputStream:75 - [STDERR_REDIRECT] [Fatal Error] :1:1: Premature end of file.
2025-12-23 10:16:53,980 [ERROR] LogOutputStream:75 - [STDERR_REDIRECT] 
2025-12-23 10:16:54,993 [ERROR] LogOutputStream:75 - [STDERR_REDIRECT] [Fatal Error] :1:1: Premature end of file.
2025-12-23 10:16:54,993 [ERROR] LogOutputStream:75 - [STDERR_REDIRECT] 
2025-12-23 10:16:55,968 [ERROR] LogOutputStream:75 - [STDERR_REDIRECT] [Fatal Error] :1:1: Premature end of file.
2025-12-23 10:16:55,971 [ERROR] LogOutputStream:75 - [STDERR_REDIRECT] 
2025-12-23 10:16:56,980 [ERROR] LogOutputStream:75 - [STDERR_REDIRECT] [Fatal Error] :1:1: Premature end of file.
2025-12-23 10:16:56,980 [ERROR] LogOutputStream:75 - [STDERR_REDIRECT] 
2025-12-23 10:16:57,986 [ERROR] LogOutputStream:75 - [STDERR_REDIRECT] [Fatal Error] :1:1: Premature end of file.
2025-12-23 10:16:57,986 [ERROR] LogOutputStream:75 - [STDERR_REDIRECT] 
2025-12-23 10:16:59,001 [ERROR] LogOutputStream:75 - [STDERR_REDIRECT] [Fatal Error] :1:1: Premature end of file.
2025-12-23 10:16:59,003 [ERROR] LogOutputStream:75 - [STDERR_REDIRECT] 
2025-12-23 10:17:00,011 [ERROR] LogOutputStream:75 - [STDERR_REDIRECT] [Fatal Error] :1:1: Premature end of file.
2025-12-23 10:17:00,019 [ERROR] LogOutputStream:75 - [STDERR_REDIRECT] 
2025-12-23 10:17:00,984 [ERROR] LogOutputStream:75 - [STDERR_REDIRECT] [Fatal Error] :1:1: Premature end of file.
2025-12-23 10:17:00,987 [ERROR] LogOutputStream:75 - [STDERR_REDIRECT] 
2025-12-23 10:17:01,977 [ERROR] LogOutputStream:75 - [STDERR_REDIRECT] [Fatal Error] :1:1: Premature end of file.
2025-12-23 10:17:01,977 [ERROR] LogOutputStream:75 - [STDERR_REDIRECT] 
2025-12-23 10:17:02,973 [ERROR] LogOutputStream:75 - [STDERR_REDIRECT] [Fatal Error] :1:1: Premature end of file.
2025-12-23 10:17:02,973 [ERROR] LogOutputStream:75 - [STDERR_REDIRECT] 
2025-12-23 10:17:03,984 [ERROR] LogOutputStream:75 - [STDERR_REDIRECT] [Fatal Error] :1:1: Premature end of file.
2025-12-23 10:17:03,984 [ERROR] LogOutputStream:75 - [STDERR_REDIRECT] 
2025-12-23 10:17:04,973 [ERROR] LogOutputStream:75 - [STDERR_REDIRECT] [Fatal Error] :1:1: Premature end of file.
2025-12-23 10:17:04,973 [ERROR] LogOutputStream:75 - [STDERR_REDIRECT] 
2025-12-23 10:17:05,989 [ERROR] LogOutputStream:75 - [STDERR_REDIRECT] [Fatal Error] :1:1: Premature end of file.
2025-12-23 10:17:05,989 [ERROR] LogOutputStream:75 - [STDERR_REDIRECT] 
2025-12-23 10:17:06,981 [ERROR] LogOutputStream:75 - [STDERR_REDIRECT] [Fatal Error] :1:1: Premature end of file.
2025-12-23 10:17:06,983 [ERROR] LogOutputStream:75 - [STDERR_REDIRECT] 
2025-12-23 10:17:07,983 [ERROR] LogOutputStream:75 - [STDERR_REDIRECT] [Fatal Error] :1:1: Premature end of file.
2025-12-23 10:17:07,983 [ERROR] LogOutputStream:75 - [STDERR_REDIRECT] 
2025-12-23 10:17:08,993 [ERROR] LogOutputStream:75 - [STDERR_REDIRECT] [Fatal Error] :1:1: Premature end of file.
2025-12-23 10:17:08,993 [ERROR] LogOutputStream:75 - [STDERR_REDIRECT] 
2025-12-23 10:17:09,958 [ERROR] LogOutputStream:75 - [STDERR_REDIRECT] [Fatal Error] :1:1: Premature end of file.
2025-12-23 10:17:09,958 [ERROR] LogOutputStream:75 - [STDERR_REDIRECT] 
2025-12-23 10:17:10,953 [ERROR] LogOutputStream:75 - [STDERR_REDIRECT] [Fatal Error] :1:1: Premature end of file.
2025-12-23 10:17:10,953 [ERROR] LogOutputStream:75 - [STDERR_REDIRECT] 
2025-12-23 10:17:11,972 [ERROR] LogOutputStream:75 - [STDERR_REDIRECT] [Fatal Error] :1:1: Premature end of file.
2025-12-23 10:17:11,972 [ERROR] LogOutputStream:75 - [STDERR_REDIRECT] 
2025-12-23 10:17:12,962 [ERROR] LogOutputStream:75 - [STDERR_REDIRECT] [Fatal Error] :1:1: Premature end of file.
2025-12-23 10:17:12,962 [ERROR] LogOutputStream:75 - [STDERR_REDIRECT] 
2025-12-23 10:17:14,028 [ERROR] LogOutputStream:75 - [STDERR_REDIRECT] [Fatal Error] :1:1: Premature end of file.
2025-12-23 10:17:14,028 [ERROR] LogOutputStream:75 - [STDERR_REDIRECT] 
2025-12-23 10:17:14,974 [ERROR] LogOutputStream:75 - [STDERR_REDIRECT] [Fatal Error] :1:1: Premature end of file.
2025-12-23 10:17:14,974 [ERROR] LogOutputStream:75 - [STDERR_REDIRECT] 
2025-12-23 10:17:15,979 [ERROR] LogOutputStream:75 - [STDERR_REDIRECT] [Fatal Error] :1:1: Premature end of file.
2025-12-23 10:17:15,979 [ERROR] LogOutputStream:75 - [STDERR_REDIRECT] 
2025-12-23 10:17:16,982 [ERROR] LogOutputStream:75 - [STDERR_REDIRECT] [Fatal Error] :1:1: Premature end of file.
2025-12-23 10:17:16,992 [ERROR] LogOutputStream:75 - [STDERR_REDIRECT] 
2025-12-23 10:17:17,979 [ERROR] LogOutputStream:75 - [STDERR_REDIRECT] [Fatal Error] :1:1: Premature end of file.
2025-12-23 10:17:17,981 [ERROR] LogOutputStream:75 - [STDERR_REDIRECT] 
2025-12-23 10:17:18,971 [ERROR] LogOutputStream:75 - [STDERR_REDIRECT] [Fatal Error] :1:1: Premature end of file.
2025-12-23 10:17:18,980 [ERROR] LogOutputStream:75 - [STDERR_REDIRECT] 
2025-12-23 10:17:19,978 [ERROR] LogOutputStream:75 - [STDERR_REDIRECT] [Fatal Error] :1:1: Premature end of file.
2025-12-23 10:17:19,978 [ERROR] LogOutputStream:75 - [STDERR_REDIRECT] 
2025-12-23 10:17:20,980 [ERROR] LogOutputStream:75 - [STDERR_REDIRECT] [Fatal Error] :1:1: Premature end of file.
2025-12-23 10:17:20,982 [ERROR] LogOutputStream:75 - [STDERR_REDIRECT] 
2025-12-23 10:17:21,982 [ERROR] LogOutputStream:75 - [STDERR_REDIRECT] [Fatal Error] :1:1: Premature end of file.
2025-12-23 10:17:21,982 [ERROR] LogOutputStream:75 - [STDERR_REDIRECT] 
2025-12-23 10:17:23,002 [ERROR] LogOutputStream:75 - [STDERR_REDIRECT] [Fatal Error] :1:1: Premature end of file.
2025-12-23 10:17:23,002 [ERROR] LogOutputStream:75 - [STDERR_REDIRECT] 
2025-12-23 10:17:23,973 [ERROR] LogOutputStream:75 - [STDERR_REDIRECT] [Fatal Error] :1:1: Premature end of file.
2025-12-23 10:17:23,973 [ERROR] LogOutputStream:75 - [STDERR_REDIRECT] 
2025-12-23 10:17:24,979 [ERROR] LogOutputStream:75 - [STDERR_REDIRECT] [Fatal Error] :1:1: Premature end of file.
2025-12-23 10:17:24,979 [ERROR] LogOutputStream:75 - [STDERR_REDIRECT] 
2025-12-23 10:17:25,974 [ERROR] LogOutputStream:75 - [STDERR_REDIRECT] [Fatal Error] :1:1: Premature end of file.
2025-12-23 10:17:25,975 [ERROR] LogOutputStream:75 - [STDERR_REDIRECT] 
2025-12-23 10:17:26,978 [ERROR] LogOutputStream:75 - [STDERR_REDIRECT] [Fatal Error] :1:1: Premature end of file.
2025-12-23 10:17:26,978 [ERROR] LogOutputStream:75 - [STDERR_REDIRECT] 
2025-12-23 10:17:27,990 [ERROR] LogOutputStream:75 - [STDERR_REDIRECT] [Fatal Error] :1:1: Premature end of file.
2025-12-23 10:17:28,000 [ERROR] LogOutputStream:75 - [STDERR_REDIRECT] 
2025-12-23 10:17:28,962 [ERROR] LogOutputStream:75 - [STDERR_REDIRECT] [Fatal Error] :1:1: Premature end of file.
2025-12-23 10:17:28,965 [ERROR] LogOutputStream:75 - [STDERR_REDIRECT] 
2025-12-23 10:17:29,978 [ERROR] LogOutputStream:75 - [STDERR_REDIRECT] [Fatal Error] :1:1: Premature end of file.
2025-12-23 10:17:29,978 [ERROR] LogOutputStream:75 - [STDERR_REDIRECT] 
2025-12-23 10:17:30,974 [ERROR] LogOutputStream:75 - [STDERR_REDIRECT] [Fatal Error] :1:1: Premature end of file.
2025-12-23 10:17:30,974 [ERROR] LogOutputStream:75 - [STDERR_REDIRECT] 
2025-12-23 10:17:31,972 [ERROR] LogOutputStream:75 - [STDERR_REDIRECT] [Fatal Error] :1:1: Premature end of file.
2025-12-23 10:17:31,973 [ERROR] LogOutputStream:75 - [STDERR_REDIRECT] 
2025-12-23 10:17:32,973 [ERROR] LogOutputStream:75 - [STDERR_REDIRECT] [Fatal Error] :1:1: Premature end of file.
2025-12-23 10:17:32,973 [ERROR] LogOutputStream:75 - [STDERR_REDIRECT] 
2025-12-23 10:17:33,972 [ERROR] LogOutputStream:75 - [STDERR_REDIRECT] [Fatal Error] :1:1: Premature end of file.
2025-12-23 10:17:33,972 [ERROR] LogOutputStream:75 - [STDERR_REDIRECT] 
2025-12-23 10:17:34,989 [ERROR] LogOutputStream:75 - [STDERR_REDIRECT] [Fatal Error] :1:1: Premature end of file.
2025-12-23 10:17:34,989 [ERROR] LogOutputStream:75 - [STDERR_REDIRECT] 
2025-12-23 10:17:35,976 [ERROR] LogOutputStream:75 - [STDERR_REDIRECT] [Fatal Error] :1:1: Premature end of file.
2025-12-23 10:17:35,976 [ERROR] LogOutputStream:75 - [STDERR_REDIRECT] 
2025-12-23 10:17:37,006 [ERROR] LogOutputStream:75 - [STDERR_REDIRECT] [Fatal Error] :1:1: Premature end of file.
2025-12-23 10:17:37,006 [ERROR] LogOutputStream:75 - [STDERR_REDIRECT] 
2025-12-23 10:17:37,983 [ERROR] LogOutputStream:75 - [STDERR_REDIRECT] [Fatal Error] :1:1: Premature end of file.
2025-12-23 10:17:37,983 [ERROR] LogOutputStream:75 - [STDERR_REDIRECT] 
2025-12-23 10:17:38,983 [ERROR] LogOutputStream:75 - [STDERR_REDIRECT] [Fatal Error] :1:1: Premature end of file.
2025-12-23 10:17:38,983 [ERROR] LogOutputStream:75 - [STDERR_REDIRECT] 
2025-12-23 10:17:39,964 [ERROR] LogOutputStream:75 - [STDERR_REDIRECT] [Fatal Error] :1:1: Premature end of file.
2025-12-23 10:17:39,964 [ERROR] LogOutputStream:75 - [STDERR_REDIRECT] 
2025-12-23 10:17:40,961 [ERROR] LogOutputStream:75 - [STDERR_REDIRECT] [Fatal Error] :1:1: Premature end of file.
2025-12-23 10:17:40,961 [ERROR] LogOutputStream:75 - [STDERR_REDIRECT] 
2025-12-23 10:17:41,997 [ERROR] LogOutputStream:75 - [STDERR_REDIRECT] [Fatal Error] :1:1: Premature end of file.
2025-12-23 10:17:41,997 [ERROR] LogOutputStream:75 - [STDERR_REDIRECT] 
2025-12-23 10:17:42,982 [ERROR] LogOutputStream:75 - [STDERR_REDIRECT] [Fatal Error] :1:1: Premature end of file.
2025-12-23 10:17:42,982 [ERROR] LogOutputStream:75 - [STDERR_REDIRECT] 
2025-12-23 10:17:43,975 [ERROR] LogOutputStream:75 - [STDERR_REDIRECT] [Fatal Error] :1:1: Premature end of file.
2025-12-23 10:17:43,975 [ERROR] LogOutputStream:75 - [STDERR_REDIRECT] 
2025-12-23 10:17:44,980 [ERROR] LogOutputStream:75 - [STDERR_REDIRECT] [Fatal Error] :1:1: Premature end of file.
2025-12-23 10:17:44,980 [ERROR] LogOutputStream:75 - [STDERR_REDIRECT] 
2025-12-23 10:17:45,980 [ERROR] LogOutputStream:75 - [STDERR_REDIRECT] [Fatal Error] :1:1: Premature end of file.
2025-12-23 10:17:45,989 [ERROR] LogOutputStream:75 - [STDERR_REDIRECT] 
2025-12-23 10:17:46,993 [ERROR] LogOutputStream:75 - [STDERR_REDIRECT] [Fatal Error] :1:1: Premature end of file.
2025-12-23 10:17:46,993 [ERROR] LogOutputStream:75 - [STDERR_REDIRECT] 
2025-12-23 10:17:47,953 [ERROR] LogOutputStream:75 - [STDERR_REDIRECT] [Fatal Error] :1:1: Premature end of file.
2025-12-23 10:17:47,953 [ERROR] LogOutputStream:75 - [STDERR_REDIRECT] 
2025-12-23 10:17:49,000 [ERROR] LogOutputStream:75 - [STDERR_REDIRECT] [Fatal Error] :1:1: Premature end of file.
2025-12-23 10:17:49,000 [ERROR] LogOutputStream:75 - [STDERR_REDIRECT] 
2025-12-23 10:17:49,978 [ERROR] LogOutputStream:75 - [STDERR_REDIRECT] [Fatal Error] :1:1: Premature end of file.
2025-12-23 10:17:49,978 [ERROR] LogOutputStream:75 - [STDERR_REDIRECT] 
2025-12-23 10:17:50,999 [ERROR] LogOutputStream:75 - [STDERR_REDIRECT] [Fatal Error] :1:1: Premature end of file.
2025-12-23 10:17:50,999 [ERROR] LogOutputStream:75 - [STDERR_REDIRECT] 
2025-12-23 10:17:51,987 [ERROR] LogOutputStream:75 - [STDERR_REDIRECT] [Fatal Error] :1:1: Premature end of file.
2025-12-23 10:17:51,992 [ERROR] LogOutputStream:75 - [STDERR_REDIRECT] 
2025-12-23 10:17:52,978 [ERROR] LogOutputStream:75 - [STDERR_REDIRECT] [Fatal Error] :1:1: Premature end of file.
2025-12-23 10:17:52,978 [ERROR] LogOutputStream:75 - [STDERR_REDIRECT] 
2025-12-23 10:17:53,978 [ERROR] LogOutputStream:75 - [STDERR_REDIRECT] [Fatal Error] :1:1: Premature end of file.
2025-12-23 10:17:53,980 [ERROR] LogOutputStream:75 - [STDERR_REDIRECT] 
2025-12-23 10:17:54,979 [ERROR] LogOutputStream:75 - [STDERR_REDIRECT] [Fatal Error] :1:1: Premature end of file.
2025-12-23 10:17:54,988 [ERROR] LogOutputStream:75 - [STDERR_REDIRECT] 
2025-12-23 10:17:55,974 [ERROR] LogOutputStream:75 - [STDERR_REDIRECT] [Fatal Error] :1:1: Premature end of file.
2025-12-23 10:17:55,974 [ERROR] LogOutputStream:75 - [STDERR_REDIRECT] 
2025-12-23 10:17:56,983 [ERROR] LogOutputStream:75 - [STDERR_REDIRECT] [Fatal Error] :1:1: Premature end of file.
2025-12-23 10:17:56,985 [ERROR] LogOutputStream:75 - [STDERR_REDIRECT] 
2025-12-23 10:17:57,976 [ERROR] LogOutputStream:75 - [STDERR_REDIRECT] [Fatal Error] :1:1: Premature end of file.
2025-12-23 10:17:57,976 [ERROR] LogOutputStream:75 - [STDERR_REDIRECT] 
2025-12-23 10:17:58,973 [ERROR] LogOutputStream:75 - [STDERR_REDIRECT] [Fatal Error] :1:1: Premature end of file.
2025-12-23 10:17:58,973 [ERROR] LogOutputStream:75 - [STDERR_REDIRECT] 
2025-12-23 10:18:00,023 [ERROR] LogOutputStream:75 - [STDERR_REDIRECT] [Fatal Error] :1:1: Premature end of file.
2025-12-23 10:18:00,029 [ERROR] LogOutputStream:75 - [STDERR_REDIRECT] 
2025-12-23 10:18:00,978 [ERROR] LogOutputStream:75 - [STDERR_REDIRECT] [Fatal Error] :1:1: Premature end of file.
2025-12-23 10:18:00,978 [ERROR] LogOutputStream:75 - [STDERR_REDIRECT] 
2025-12-23 10:18:01,963 [ERROR] LogOutputStream:75 - [STDERR_REDIRECT] [Fatal Error] :1:1: Premature end of file.
2025-12-23 10:18:01,963 [ERROR] LogOutputStream:75 - [STDERR_REDIRECT] 
2025-12-23 10:18:03,003 [ERROR] LogOutputStream:75 - [STDERR_REDIRECT] [Fatal Error] :1:1: Premature end of file.
2025-12-23 10:18:03,003 [ERROR] LogOutputStream:75 - [STDERR_REDIRECT] 
2025-12-23 10:18:03,973 [ERROR] LogOutputStream:75 - [STDERR_REDIRECT] [Fatal Error] :1:1: Premature end of file.
2025-12-23 10:18:03,973 [ERROR] LogOutputStream:75 - [STDERR_REDIRECT] 
2025-12-23 10:18:04,990 [ERROR] LogOutputStream:75 - [STDERR_REDIRECT] [Fatal Error] :1:1: Premature end of file.
2025-12-23 10:18:04,990 [ERROR] LogOutputStream:75 - [STDERR_REDIRECT] 
2025-12-23 10:18:05,977 [ERROR] LogOutputStream:75 - [STDERR_REDIRECT] [Fatal Error] :1:1: Premature end of file.
2025-12-23 10:18:05,977 [ERROR] LogOutputStream:75 - [STDERR_REDIRECT] 
2025-12-23 10:18:06,981 [ERROR] LogOutputStream:75 - [STDERR_REDIRECT] [Fatal Error] :1:1: Premature end of file.
2025-12-23 10:18:06,983 [ERROR] LogOutputStream:75 - [STDERR_REDIRECT] 
2025-12-23 10:18:07,979 [ERROR] LogOutputStream:75 - [STDERR_REDIRECT] [Fatal Error] :1:1: Premature end of file.
2025-12-23 10:18:07,979 [ERROR] LogOutputStream:75 - [STDERR_REDIRECT] 
2025-12-23 10:18:08,994 [ERROR] LogOutputStream:75 - [STDERR_REDIRECT] [Fatal Error] :1:1: Premature end of file.
2025-12-23 10:18:08,994 [ERROR] LogOutputStream:75 - [STDERR_REDIRECT] 
2025-12-23 10:18:09,994 [ERROR] LogOutputStream:75 - [STDERR_REDIRECT] [Fatal Error] :1:1: Premature end of file.
2025-12-23 10:18:09,994 [ERROR] LogOutputStream:75 - [STDERR_REDIRECT] 
2025-12-23 10:18:10,975 [ERROR] LogOutputStream:75 - [STDERR_REDIRECT] [Fatal Error] :1:1: Premature end of file.
2025-12-23 10:18:10,975 [ERROR] LogOutputStream:75 - [STDERR_REDIRECT] 
2025-12-23 10:18:12,009 [ERROR] LogOutputStream:75 - [STDERR_REDIRECT] [Fatal Error] :1:1: Premature end of file.
2025-12-23 10:18:12,009 [ERROR] LogOutputStream:75 - [STDERR_REDIRECT] 
2025-12-23 10:18:12,988 [ERROR] LogOutputStream:75 - [STDERR_REDIRECT] [Fatal Error] :1:1: Premature end of file.
2025-12-23 10:18:12,988 [ERROR] LogOutputStream:75 - [STDERR_REDIRECT] 
2025-12-23 10:18:13,986 [ERROR] LogOutputStream:75 - [STDERR_REDIRECT] [Fatal Error] :1:1: Premature end of file.
2025-12-23 10:18:13,986 [ERROR] LogOutputStream:75 - [STDERR_REDIRECT] 
2025-12-23 10:18:14,995 [ERROR] LogOutputStream:75 - [STDERR_REDIRECT] [Fatal Error] :1:1: Premature end of file.
2025-12-23 10:18:14,997 [ERROR] LogOutputStream:75 - [STDERR_REDIRECT] 
2025-12-23 10:18:15,983 [ERROR] LogOutputStream:75 - [STDERR_REDIRECT] [Fatal Error] :1:1: Premature end of file.
2025-12-23 10:18:15,983 [ERROR] LogOutputStream:75 - [STDERR_REDIRECT] 
2025-12-23 10:18:16,986 [ERROR] LogOutputStream:75 - [STDERR_REDIRECT] [Fatal Error] :1:1: Premature end of file.
2025-12-23 10:18:16,986 [ERROR] LogOutputStream:75 - [STDERR_REDIRECT] 
2025-12-23 10:18:17,974 [ERROR] LogOutputStream:75 - [STDERR_REDIRECT] [Fatal Error] :1:1: Premature end of file.
2025-12-23 10:18:17,974 [ERROR] LogOutputStream:75 - [STDERR_REDIRECT] 
2025-12-23 10:18:18,985 [ERROR] LogOutputStream:75 - [STDERR_REDIRECT] [Fatal Error] :1:1: Premature end of file.
2025-12-23 10:18:18,985 [ERROR] LogOutputStream:75 - [STDERR_REDIRECT] 
2025-12-23 10:18:19,973 [ERROR] LogOutputStream:75 - [STDERR_REDIRECT] [Fatal Error] :1:1: Premature end of file.
2025-12-23 10:18:19,974 [ERROR] LogOutputStream:75 - [STDERR_REDIRECT] 
2025-12-23 10:18:20,967 [ERROR] LogOutputStream:75 - [STDERR_REDIRECT] [Fatal Error] :1:1: Premature end of file.
2025-12-23 10:18:20,970 [ERROR] LogOutputStream:75 - [STDERR_REDIRECT] 
2025-12-23 10:18:22,053 [ERROR] LogOutputStream:75 - [STDERR_REDIRECT] [Fatal Error] :1:1: Premature end of file.
2025-12-23 10:18:22,063 [ERROR] LogOutputStream:75 - [STDERR_REDIRECT] 
2025-12-23 10:18:22,974 [ERROR] LogOutputStream:75 - [STDERR_REDIRECT] [Fatal Error] :1:1: Premature end of file.
2025-12-23 10:18:22,974 [ERROR] LogOutputStream:75 - [STDERR_REDIRECT] 
2025-12-23 10:18:23,970 [ERROR] LogOutputStream:75 - [STDERR_REDIRECT] [Fatal Error] :1:1: Premature end of file.
2025-12-23 10:18:23,971 [ERROR] LogOutputStream:75 - [STDERR_REDIRECT] 
2025-12-23 10:18:24,975 [ERROR] LogOutputStream:75 - [STDERR_REDIRECT] [Fatal Error] :1:1: Premature end of file.
2025-12-23 10:18:24,975 [ERROR] LogOutputStream:75 - [STDERR_REDIRECT] 
2025-12-23 10:18:25,978 [ERROR] LogOutputStream:75 - [STDERR_REDIRECT] [Fatal Error] :1:1: Premature end of file.
2025-12-23 10:18:25,978 [ERROR] LogOutputStream:75 - [STDERR_REDIRECT] 
2025-12-23 10:18:26,975 [ERROR] LogOutputStream:75 - [STDERR_REDIRECT] [Fatal Error] :1:1: Premature end of file.
2025-12-23 10:18:26,976 [ERROR] LogOutputStream:75 - [STDERR_REDIRECT] 
2025-12-23 10:18:27,983 [ERROR] LogOutputStream:75 - [STDERR_REDIRECT] [Fatal Error] :1:1: Premature end of file.
2025-12-23 10:18:27,985 [ERROR] LogOutputStream:75 - [STDERR_REDIRECT] 
2025-12-23 10:18:28,975 [ERROR] LogOutputStream:75 - [STDERR_REDIRECT] [Fatal Error] :1:1: Premature end of file.
2025-12-23 10:18:28,975 [ERROR] LogOutputStream:75 - [STDERR_REDIRECT] 
2025-12-23 10:18:29,988 [ERROR] LogOutputStream:75 - [STDERR_REDIRECT] [Fatal Error] :1:1: Premature end of file.
2025-12-23 10:18:29,988 [ERROR] LogOutputStream:75 - [STDERR_REDIRECT] 
2025-12-23 10:18:31,017 [ERROR] LogOutputStream:75 - [STDERR_REDIRECT] [Fatal Error] :1:1: Premature end of file.
2025-12-23 10:18:31,019 [ERROR] LogOutputStream:75 - [STDERR_REDIRECT] 
2025-12-23 10:18:31,975 [ERROR] LogOutputStream:75 - [STDERR_REDIRECT] [Fatal Error] :1:1: Premature end of file.
2025-12-23 10:18:31,977 [ERROR] LogOutputStream:75 - [STDERR_REDIRECT] 
2025-12-23 10:18:32,975 [ERROR] LogOutputStream:75 - [STDERR_REDIRECT] [Fatal Error] :1:1: Premature end of file.
2025-12-23 10:18:32,979 [ERROR] LogOutputStream:75 - [STDERR_REDIRECT] 
2025-12-23 10:18:33,972 [ERROR] LogOutputStream:75 - [STDERR_REDIRECT] [Fatal Error] :1:1: Premature end of file.
2025-12-23 10:18:33,972 [ERROR] LogOutputStream:75 - [STDERR_REDIRECT] 
2025-12-23 10:18:34,960 [ERROR] LogOutputStream:75 - [STDERR_REDIRECT] [Fatal Error] :1:1: Premature end of file.
2025-12-23 10:18:34,960 [ERROR] LogOutputStream:75 - [STDERR_REDIRECT] 
2025-12-23 10:18:35,979 [ERROR] LogOutputStream:75 - [STDERR_REDIRECT] [Fatal Error] :1:1: Premature end of file.
2025-12-23 10:18:35,979 [ERROR] LogOutputStream:75 - [STDERR_REDIRECT] 
2025-12-23 10:18:36,972 [ERROR] LogOutputStream:75 - [STDERR_REDIRECT] [Fatal Error] :1:1: Premature end of file.
2025-12-23 10:18:36,972 [ERROR] LogOutputStream:75 - [STDERR_REDIRECT] 
2025-12-23 10:18:37,982 [ERROR] LogOutputStream:75 - [STDERR_REDIRECT] [Fatal Error] :1:1: Premature end of file.
2025-12-23 10:18:37,982 [ERROR] LogOutputStream:75 - [STDERR_REDIRECT] 
2025-12-23 10:18:38,977 [ERROR] LogOutputStream:75 - [STDERR_REDIRECT] [Fatal Error] :1:1: Premature end of file.
2025-12-23 10:18:38,977 [ERROR] LogOutputStream:75 - [STDERR_REDIRECT] 
2025-12-23 10:18:39,980 [ERROR] LogOutputStream:75 - [STDERR_REDIRECT] [Fatal Error] :1:1: Premature end of file.
2025-12-23 10:18:39,980 [ERROR] LogOutputStream:75 - [STDERR_REDIRECT] 
2025-12-23 10:18:40,990 [ERROR] LogOutputStream:75 - [STDERR_REDIRECT] [Fatal Error] :1:1: Premature end of file.
2025-12-23 10:18:40,993 [ERROR] LogOutputStream:75 - [STDERR_REDIRECT] 
2025-12-23 10:18:42,011 [ERROR] LogOutputStream:75 - [STDERR_REDIRECT] [Fatal Error] :1:1: Premature end of file.
2025-12-23 10:18:42,011 [ERROR] LogOutputStream:75 - [STDERR_REDIRECT] 
2025-12-23 10:18:42,996 [ERROR] LogOutputStream:75 - [STDERR_REDIRECT] [Fatal Error] :1:1: Premature end of file.
2025-12-23 10:18:42,996 [ERROR] LogOutputStream:75 - [STDERR_REDIRECT] 
2025-12-23 10:18:43,997 [ERROR] LogOutputStream:75 - [STDERR_REDIRECT] [Fatal Error] :1:1: Premature end of file.
2025-12-23 10:18:43,999 [ERROR] LogOutputStream:75 - [STDERR_REDIRECT] 
2025-12-23 10:18:44,987 [ERROR] LogOutputStream:75 - [STDERR_REDIRECT] [Fatal Error] :1:1: Premature end of file.
2025-12-23 10:18:44,987 [ERROR] LogOutputStream:75 - [STDERR_REDIRECT] 
2025-12-23 10:18:45,994 [ERROR] LogOutputStream:75 - [STDERR_REDIRECT] [Fatal Error] :1:1: Premature end of file.
2025-12-23 10:18:46,000 [ERROR] LogOutputStream:75 - [STDERR_REDIRECT] 
2025-12-23 10:18:46,989 [ERROR] LogOutputStream:75 - [STDERR_REDIRECT] [Fatal Error] :1:1: Premature end of file.
2025-12-23 10:18:46,991 [ERROR] LogOutputStream:75 - [STDERR_REDIRECT] 
2025-12-23 10:18:48,470 [ERROR] LogOutputStream:75 - [STDERR_REDIRECT] [Fatal Error] :1:1: Premature end of file.
2025-12-23 10:18:48,480 [ERROR] LogOutputStream:75 - [STDERR_REDIRECT] 
2025-12-23 10:18:49,056 [ERROR] LogOutputStream:75 - [STDERR_REDIRECT] [Fatal Error] :1:1: Premature end of file.
2025-12-23 10:18:49,058 [ERROR] LogOutputStream:75 - [STDERR_REDIRECT] 
2025-12-23 10:18:49,986 [ERROR] LogOutputStream:75 - [STDERR_REDIRECT] [Fatal Error] :1:1: Premature end of file.
2025-12-23 10:18:49,986 [ERROR] LogOutputStream:75 - [STDERR_REDIRECT] 
2025-12-23 10:18:50,978 [ERROR] LogOutputStream:75 - [STDERR_REDIRECT] [Fatal Error] :1:1: Premature end of file.
2025-12-23 10:18:50,978 [ERROR] LogOutputStream:75 - [STDERR_REDIRECT] 
2025-12-23 10:18:51,949 [ERROR] LogOutputStream:75 - [STDERR_REDIRECT] [Fatal Error] :1:1: Premature end of file.
2025-12-23 10:18:51,949 [ERROR] LogOutputStream:75 - [STDERR_REDIRECT] 
2025-12-23 10:18:53,005 [ERROR] LogOutputStream:75 - [STDERR_REDIRECT] [Fatal Error] :1:1: Premature end of file.
2025-12-23 10:18:53,005 [ERROR] LogOutputStream:75 - [STDERR_REDIRECT] 
2025-12-23 10:18:54,086 [ERROR] LogOutputStream:75 - [STDERR_REDIRECT] [Fatal Error] :1:1: Premature end of file.
2025-12-23 10:18:54,086 [ERROR] LogOutputStream:75 - [STDERR_REDIRECT] 
2025-12-23 10:18:54,969 [ERROR] LogOutputStream:75 - [STDERR_REDIRECT] [Fatal Error] :1:1: Premature end of file.
2025-12-23 10:18:54,969 [ERROR] LogOutputStream:75 - [STDERR_REDIRECT] 
2025-12-23 10:18:55,980 [ERROR] LogOutputStream:75 - [STDERR_REDIRECT] [Fatal Error] :1:1: Premature end of file.
2025-12-23 10:18:55,982 [ERROR] LogOutputStream:75 - [STDERR_REDIRECT] 
2025-12-23 10:18:56,976 [ERROR] LogOutputStream:75 - [STDERR_REDIRECT] [Fatal Error] :1:1: Premature end of file.
2025-12-23 10:18:56,978 [ERROR] LogOutputStream:75 - [STDERR_REDIRECT] 
2025-12-23 10:18:57,977 [ERROR] LogOutputStream:75 - [STDERR_REDIRECT] [Fatal Error] :1:1: Premature end of file.
2025-12-23 10:18:57,981 [ERROR] LogOutputStream:75 - [STDERR_REDIRECT] 
2025-12-23 10:18:58,987 [ERROR] LogOutputStream:75 - [STDERR_REDIRECT] [Fatal Error] :1:1: Premature end of file.
2025-12-23 10:18:58,989 [ERROR] LogOutputStream:75 - [STDERR_REDIRECT] 
2025-12-23 10:18:59,972 [ERROR] LogOutputStream:75 - [STDERR_REDIRECT] [Fatal Error] :1:1: Premature end of file.
2025-12-23 10:18:59,984 [ERROR] LogOutputStream:75 - [STDERR_REDIRECT] 
2025-12-23 10:19:00,971 [ERROR] LogOutputStream:75 - [STDERR_REDIRECT] [Fatal Error] :1:1: Premature end of file.
2025-12-23 10:19:00,971 [ERROR] LogOutputStream:75 - [STDERR_REDIRECT] 
2025-12-23 10:19:01,968 [ERROR] LogOutputStream:75 - [STDERR_REDIRECT] [Fatal Error] :1:1: Premature end of file.
2025-12-23 10:19:01,968 [ERROR] LogOutputStream:75 - [STDERR_REDIRECT] 
2025-12-23 10:19:03,002 [ERROR] LogOutputStream:75 - [STDERR_REDIRECT] [Fatal Error] :1:1: Premature end of file.
2025-12-23 10:19:03,003 [ERROR] LogOutputStream:75 - [STDERR_REDIRECT] 
2025-12-23 10:19:03,984 [ERROR] LogOutputStream:75 - [STDERR_REDIRECT] [Fatal Error] :1:1: Premature end of file.
2025-12-23 10:19:04,009 [ERROR] LogOutputStream:75 - [STDERR_REDIRECT] 
2025-12-23 10:19:04,979 [ERROR] LogOutputStream:75 - [STDERR_REDIRECT] [Fatal Error] :1:1: Premature end of file.
2025-12-23 10:19:04,984 [ERROR] LogOutputStream:75 - [STDERR_REDIRECT] 
2025-12-23 10:19:05,986 [ERROR] LogOutputStream:75 - [STDERR_REDIRECT] [Fatal Error] :1:1: Premature end of file.
2025-12-23 10:19:05,986 [ERROR] LogOutputStream:75 - [STDERR_REDIRECT] 
2025-12-23 10:19:06,958 [ERROR] LogOutputStream:75 - [STDERR_REDIRECT] [Fatal Error] :1:1: Premature end of file.
2025-12-23 10:19:06,958 [ERROR] LogOutputStream:75 - [STDERR_REDIRECT] 
2025-12-23 10:19:07,982 [ERROR] LogOutputStream:75 - [STDERR_REDIRECT] [Fatal Error] :1:1: Premature end of file.
2025-12-23 10:19:07,982 [ERROR] LogOutputStream:75 - [STDERR_REDIRECT] 
2025-12-23 10:19:08,982 [ERROR] LogOutputStream:75 - [STDERR_REDIRECT] [Fatal Error] :1:1: Premature end of file.
2025-12-23 10:19:08,982 [ERROR] LogOutputStream:75 - [STDERR_REDIRECT] 
2025-12-23 10:19:09,960 [ERROR] LogOutputStream:75 - [STDERR_REDIRECT] [Fatal Error] :1:1: Premature end of file.
2025-12-23 10:19:09,960 [ERROR] LogOutputStream:75 - [STDERR_REDIRECT] 
2025-12-23 10:19:10,978 [ERROR] LogOutputStream:75 - [STDERR_REDIRECT] [Fatal Error] :1:1: Premature end of file.
2025-12-23 10:19:10,978 [ERROR] LogOutputStream:75 - [STDERR_REDIRECT] 
2025-12-23 10:19:12,005 [ERROR] LogOutputStream:75 - [STDERR_REDIRECT] [Fatal Error] :1:1: Premature end of file.
2025-12-23 10:19:12,007 [ERROR] LogOutputStream:75 - [STDERR_REDIRECT] 
2025-12-23 10:19:12,980 [ERROR] LogOutputStream:75 - [STDERR_REDIRECT] [Fatal Error] :1:1: Premature end of file.
2025-12-23 10:19:12,980 [ERROR] LogOutputStream:75 - [STDERR_REDIRECT] 
2025-12-23 10:19:13,964 [ERROR] LogOutputStream:75 - [STDERR_REDIRECT] [Fatal Error] :1:1: Premature end of file.
2025-12-23 10:19:13,964 [ERROR] LogOutputStream:75 - [STDERR_REDIRECT] 
2025-12-23 10:19:14,979 [ERROR] LogOutputStream:75 - [STDERR_REDIRECT] [Fatal Error] :1:1: Premature end of file.
2025-12-23 10:19:14,979 [ERROR] LogOutputStream:75 - [STDERR_REDIRECT] 
2025-12-23 10:19:15,982 [ERROR] LogOutputStream:75 - [STDERR_REDIRECT] [Fatal Error] :1:1: Premature end of file.
2025-12-23 10:19:15,982 [ERROR] LogOutputStream:75 - [STDERR_REDIRECT] 
2025-12-23 10:19:17,049 [ERROR] LogOutputStream:75 - [STDERR_REDIRECT] [Fatal Error] :1:1: Premature end of file.
2025-12-23 10:19:17,057 [ERROR] LogOutputStream:75 - [STDERR_REDIRECT] 
2025-12-23 10:19:17,983 [ERROR] LogOutputStream:75 - [STDERR_REDIRECT] [Fatal Error] :1:1: Premature end of file.
2025-12-23 10:19:17,983 [ERROR] LogOutputStream:75 - [STDERR_REDIRECT] 
2025-12-23 10:19:18,976 [ERROR] LogOutputStream:75 - [STDERR_REDIRECT] [Fatal Error] :1:1: Premature end of file.
2025-12-23 10:19:18,981 [ERROR] LogOutputStream:75 - [STDERR_REDIRECT] 
2025-12-23 10:19:19,991 [ERROR] LogOutputStream:75 - [STDERR_REDIRECT] [Fatal Error] :1:1: Premature end of file.
2025-12-23 10:19:19,991 [ERROR] LogOutputStream:75 - [STDERR_REDIRECT] 
2025-12-23 10:19:20,981 [ERROR] LogOutputStream:75 - [STDERR_REDIRECT] [Fatal Error] :1:1: Premature end of file.
2025-12-23 10:19:20,994 [ERROR] LogOutputStream:75 - [STDERR_REDIRECT] 
2025-12-23 10:19:22,067 [ERROR] LogOutputStream:75 - [STDERR_REDIRECT] [Fatal Error] :1:1: Premature end of file.
2025-12-23 10:19:22,081 [ERROR] LogOutputStream:75 - [STDERR_REDIRECT] 
2025-12-23 10:19:22,985 [ERROR] LogOutputStream:75 - [STDERR_REDIRECT] [Fatal Error] :1:1: Premature end of file.
2025-12-23 10:19:22,986 [ERROR] LogOutputStream:75 - [STDERR_REDIRECT] 
2025-12-23 10:19:24,015 [ERROR] LogOutputStream:75 - [STDERR_REDIRECT] [Fatal Error] :1:1: Premature end of file.
2025-12-23 10:19:24,017 [ERROR] LogOutputStream:75 - [STDERR_REDIRECT] 
2025-12-23 10:19:24,980 [ERROR] LogOutputStream:75 - [STDERR_REDIRECT] [Fatal Error] :1:1: Premature end of file.
2025-12-23 10:19:24,980 [ERROR] LogOutputStream:75 - [STDERR_REDIRECT] 
2025-12-23 10:19:25,988 [ERROR] LogOutputStream:75 - [STDERR_REDIRECT] [Fatal Error] :1:1: Premature end of file.
2025-12-23 10:19:25,988 [ERROR] LogOutputStream:75 - [STDERR_REDIRECT] 
2025-12-23 10:19:26,965 [ERROR] LogOutputStream:75 - [STDERR_REDIRECT] [Fatal Error] :1:1: Premature end of file.
2025-12-23 10:19:26,965 [ERROR] LogOutputStream:75 - [STDERR_REDIRECT] 
2025-12-23 10:19:27,977 [ERROR] LogOutputStream:75 - [STDERR_REDIRECT] [Fatal Error] :1:1: Premature end of file.
2025-12-23 10:19:27,977 [ERROR] LogOutputStream:75 - [STDERR_REDIRECT] 
2025-12-23 10:19:28,971 [ERROR] LogOutputStream:75 - [STDERR_REDIRECT] [Fatal Error] :1:1: Premature end of file.
2025-12-23 10:19:28,971 [ERROR] LogOutputStream:75 - [STDERR_REDIRECT] 
2025-12-23 10:19:29,965 [ERROR] LogOutputStream:75 - [STDERR_REDIRECT] [Fatal Error] :1:1: Premature end of file.
2025-12-23 10:19:29,975 [ERROR] LogOutputStream:75 - [STDERR_REDIRECT] 
2025-12-23 10:19:30,964 [ERROR] LogOutputStream:75 - [STDERR_REDIRECT] [Fatal Error] :1:1: Premature end of file.
2025-12-23 10:19:30,966 [ERROR] LogOutputStream:75 - [STDERR_REDIRECT] 
2025-12-23 10:19:31,970 [ERROR] LogOutputStream:75 - [STDERR_REDIRECT] [Fatal Error] :1:1: Premature end of file.
2025-12-23 10:19:31,970 [ERROR] LogOutputStream:75 - [STDERR_REDIRECT] 
2025-12-23 10:19:33,012 [ERROR] LogOutputStream:75 - [STDERR_REDIRECT] [Fatal Error] :1:1: Premature end of file.
2025-12-23 10:19:33,017 [ERROR] LogOutputStream:75 - [STDERR_REDIRECT] 
2025-12-23 10:19:33,975 [ERROR] LogOutputStream:75 - [STDERR_REDIRECT] [Fatal Error] :1:1: Premature end of file.
2025-12-23 10:19:33,975 [ERROR] LogOutputStream:75 - [STDERR_REDIRECT] 
2025-12-23 10:19:34,974 [ERROR] LogOutputStream:75 - [STDERR_REDIRECT] [Fatal Error] :1:1: Premature end of file.
2025-12-23 10:19:34,974 [ERROR] LogOutputStream:75 - [STDERR_REDIRECT] 
2025-12-23 10:19:35,968 [ERROR] LogOutputStream:75 - [STDERR_REDIRECT] [Fatal Error] :1:1: Premature end of file.
2025-12-23 10:19:35,968 [ERROR] LogOutputStream:75 - [STDERR_REDIRECT] 
2025-12-23 10:19:36,975 [ERROR] LogOutputStream:75 - [STDERR_REDIRECT] [Fatal Error] :1:1: Premature end of file.
2025-12-23 10:19:36,975 [ERROR] LogOutputStream:75 - [STDERR_REDIRECT] 
2025-12-23 10:19:37,998 [ERROR] LogOutputStream:75 - [STDERR_REDIRECT] [Fatal Error] :1:1: Premature end of file.
2025-12-23 10:19:37,998 [ERROR] LogOutputStream:75 - [STDERR_REDIRECT] 
2025-12-23 10:19:38,979 [ERROR] LogOutputStream:75 - [STDERR_REDIRECT] [Fatal Error] :1:1: Premature end of file.
2025-12-23 10:19:38,979 [ERROR] LogOutputStream:75 - [STDERR_REDIRECT] 
2025-12-23 10:19:39,977 [ERROR] LogOutputStream:75 - [STDERR_REDIRECT] [Fatal Error] :1:1: Premature end of file.
2025-12-23 10:19:39,977 [ERROR] LogOutputStream:75 - [STDERR_REDIRECT] 
2025-12-23 10:19:40,978 [ERROR] LogOutputStream:75 - [STDERR_REDIRECT] [Fatal Error] :1:1: Premature end of file.
2025-12-23 10:19:40,978 [ERROR] LogOutputStream:75 - [STDERR_REDIRECT] 
2025-12-23 10:19:41,961 [ERROR] LogOutputStream:75 - [STDERR_REDIRECT] [Fatal Error] :1:1: Premature end of file.
2025-12-23 10:19:41,961 [ERROR] LogOutputStream:75 - [STDERR_REDIRECT] 
2025-12-23 10:19:43,017 [ERROR] LogOutputStream:75 - [STDERR_REDIRECT] [Fatal Error] :1:1: Premature end of file.
2025-12-23 10:19:43,017 [ERROR] LogOutputStream:75 - [STDERR_REDIRECT] 
2025-12-23 10:19:43,968 [ERROR] LogOutputStream:75 - [STDERR_REDIRECT] [Fatal Error] :1:1: Premature end of file.
2025-12-23 10:19:43,976 [ERROR] LogOutputStream:75 - [STDERR_REDIRECT] 
2025-12-23 10:19:44,981 [ERROR] LogOutputStream:75 - [STDERR_REDIRECT] [Fatal Error] :1:1: Premature end of file.
2025-12-23 10:19:44,981 [ERROR] LogOutputStream:75 - [STDERR_REDIRECT] 
2025-12-23 10:19:45,974 [ERROR] LogOutputStream:75 - [STDERR_REDIRECT] [Fatal Error] :1:1: Premature end of file.
2025-12-23 10:19:45,974 [ERROR] LogOutputStream:75 - [STDERR_REDIRECT] 
2025-12-23 10:19:46,989 [ERROR] LogOutputStream:75 - [STDERR_REDIRECT] [Fatal Error] :1:1: Premature end of file.
2025-12-23 10:19:46,989 [ERROR] LogOutputStream:75 - [STDERR_REDIRECT] 
2025-12-23 10:19:47,981 [ERROR] LogOutputStream:75 - [STDERR_REDIRECT] [Fatal Error] :1:1: Premature end of file.
2025-12-23 10:19:47,981 [ERROR] LogOutputStream:75 - [STDERR_REDIRECT] 
2025-12-23 10:19:49,003 [ERROR] LogOutputStream:75 - [STDERR_REDIRECT] [Fatal Error] :1:1: Premature end of file.
2025-12-23 10:19:49,003 [ERROR] LogOutputStream:75 - [STDERR_REDIRECT] 
2025-12-23 10:19:49,968 [ERROR] LogOutputStream:75 - [STDERR_REDIRECT] [Fatal Error] :1:1: Premature end of file.
2025-12-23 10:19:49,968 [ERROR] LogOutputStream:75 - [STDERR_REDIRECT] 
2025-12-23 10:19:50,975 [ERROR] LogOutputStream:75 - [STDERR_REDIRECT] [Fatal Error] :1:1: Premature end of file.
2025-12-23 10:19:50,975 [ERROR] LogOutputStream:75 - [STDERR_REDIRECT] 
2025-12-23 10:19:52,032 [ERROR] LogOutputStream:75 - [STDERR_REDIRECT] [Fatal Error] :1:1: Premature end of file.
2025-12-23 10:19:52,032 [ERROR] LogOutputStream:75 - [STDERR_REDIRECT] 
2025-12-23 10:19:52,982 [ERROR] LogOutputStream:75 - [STDERR_REDIRECT] [Fatal Error] :1:1: Premature end of file.
2025-12-23 10:19:52,982 [ERROR] LogOutputStream:75 - [STDERR_REDIRECT] 
2025-12-23 10:19:53,996 [ERROR] LogOutputStream:75 - [STDERR_REDIRECT] [Fatal Error] :1:1: Premature end of file.
2025-12-23 10:19:53,996 [ERROR] LogOutputStream:75 - [STDERR_REDIRECT] 
2025-12-23 10:19:54,982 [ERROR] LogOutputStream:75 - [STDERR_REDIRECT] [Fatal Error] :1:1: Premature end of file.
2025-12-23 10:19:54,982 [ERROR] LogOutputStream:75 - [STDERR_REDIRECT] 
2025-12-23 10:19:56,015 [ERROR] LogOutputStream:75 - [STDERR_REDIRECT] [Fatal Error] :1:1: Premature end of file.
2025-12-23 10:19:56,017 [ERROR] LogOutputStream:75 - [STDERR_REDIRECT] 
2025-12-23 10:19:57,022 [ERROR] LogOutputStream:75 - [STDERR_REDIRECT] [Fatal Error] :1:1: Premature end of file.
2025-12-23 10:19:57,022 [ERROR] LogOutputStream:75 - [STDERR_REDIRECT] 
2025-12-23 10:19:57,983 [ERROR] LogOutputStream:75 - [STDERR_REDIRECT] [Fatal Error] :1:1: Premature end of file.
2025-12-23 10:19:57,983 [ERROR] LogOutputStream:75 - [STDERR_REDIRECT] 
2025-12-23 10:19:58,984 [ERROR] LogOutputStream:75 - [STDERR_REDIRECT] [Fatal Error] :1:1: Premature end of file.
2025-12-23 10:19:58,984 [ERROR] LogOutputStream:75 - [STDERR_REDIRECT] 
2025-12-23 10:19:59,972 [ERROR] LogOutputStream:75 - [STDERR_REDIRECT] [Fatal Error] :1:1: Premature end of file.
2025-12-23 10:19:59,972 [ERROR] LogOutputStream:75 - [STDERR_REDIRECT] 
2025-12-23 10:20:00,969 [ERROR] LogOutputStream:75 - [STDERR_REDIRECT] [Fatal Error] :1:1: Premature end of file.
2025-12-23 10:20:00,969 [ERROR] LogOutputStream:75 - [STDERR_REDIRECT] 
2025-12-23 10:20:01,998 [ERROR] LogOutputStream:75 - [STDERR_REDIRECT] [Fatal Error] :1:1: Premature end of file.
2025-12-23 10:20:02,000 [ERROR] LogOutputStream:75 - [STDERR_REDIRECT] 
2025-12-23 10:20:02,981 [ERROR] LogOutputStream:75 - [STDERR_REDIRECT] [Fatal Error] :1:1: Premature end of file.
2025-12-23 10:20:02,981 [ERROR] LogOutputStream:75 - [STDERR_REDIRECT] 
2025-12-23 10:20:03,979 [ERROR] LogOutputStream:75 - [STDERR_REDIRECT] [Fatal Error] :1:1: Premature end of file.
2025-12-23 10:20:03,991 [ERROR] LogOutputStream:75 - [STDERR_REDIRECT] 
2025-12-23 10:20:04,984 [ERROR] LogOutputStream:75 - [STDERR_REDIRECT] [Fatal Error] :1:1: Premature end of file.
2025-12-23 10:20:04,986 [ERROR] LogOutputStream:75 - [STDERR_REDIRECT] 
2025-12-23 10:20:06,019 [ERROR] LogOutputStream:75 - [STDERR_REDIRECT] [Fatal Error] :1:1: Premature end of file.
2025-12-23 10:20:06,019 [ERROR] LogOutputStream:75 - [STDERR_REDIRECT] 
2025-12-23 10:20:06,978 [ERROR] LogOutputStream:75 - [STDERR_REDIRECT] [Fatal Error] :1:1: Premature end of file.
2025-12-23 10:20:06,979 [ERROR] LogOutputStream:75 - [STDERR_REDIRECT] 
2025-12-23 10:20:07,995 [ERROR] LogOutputStream:75 - [STDERR_REDIRECT] [Fatal Error] :1:1: Premature end of file.
2025-12-23 10:20:07,998 [ERROR] LogOutputStream:75 - [STDERR_REDIRECT] 
2025-12-23 10:20:08,986 [ERROR] LogOutputStream:75 - [STDERR_REDIRECT] [Fatal Error] :1:1: Premature end of file.
2025-12-23 10:20:08,989 [ERROR] LogOutputStream:75 - [STDERR_REDIRECT] 
2025-12-23 10:20:09,981 [ERROR] LogOutputStream:75 - [STDERR_REDIRECT] [Fatal Error] :1:1: Premature end of file.
2025-12-23 10:20:09,981 [ERROR] LogOutputStream:75 - [STDERR_REDIRECT] 
2025-12-23 10:20:11,034 [ERROR] LogOutputStream:75 - [STDERR_REDIRECT] [Fatal Error] :1:1: Premature end of file.
2025-12-23 10:20:11,034 [ERROR] LogOutputStream:75 - [STDERR_REDIRECT] 
2025-12-23 10:20:11,988 [ERROR] LogOutputStream:75 - [STDERR_REDIRECT] [Fatal Error] :1:1: Premature end of file.
2025-12-23 10:20:11,989 [ERROR] LogOutputStream:75 - [STDERR_REDIRECT] 
2025-12-23 10:20:12,980 [ERROR] LogOutputStream:75 - [STDERR_REDIRECT] [Fatal Error] :1:1: Premature end of file.
2025-12-23 10:20:12,980 [ERROR] LogOutputStream:75 - [STDERR_REDIRECT] 
2025-12-23 10:20:13,971 [ERROR] LogOutputStream:75 - [STDERR_REDIRECT] [Fatal Error] :1:1: Premature end of file.
2025-12-23 10:20:13,971 [ERROR] LogOutputStream:75 - [STDERR_REDIRECT] 
2025-12-23 10:20:14,973 [ERROR] LogOutputStream:75 - [STDERR_REDIRECT] [Fatal Error] :1:1: Premature end of file.
2025-12-23 10:20:14,974 [ERROR] LogOutputStream:75 - [STDERR_REDIRECT] 
2025-12-23 10:20:15,982 [ERROR] LogOutputStream:75 - [STDERR_REDIRECT] [Fatal Error] :1:1: Premature end of file.
2025-12-23 10:20:15,982 [ERROR] LogOutputStream:75 - [STDERR_REDIRECT] 
2025-12-23 10:20:16,961 [ERROR] LogOutputStream:75 - [STDERR_REDIRECT] [Fatal Error] :1:1: Premature end of file.
2025-12-23 10:20:16,961 [ERROR] LogOutputStream:75 - [STDERR_REDIRECT] 
2025-12-23 10:20:17,966 [ERROR] LogOutputStream:75 - [STDERR_REDIRECT] [Fatal Error] :1:1: Premature end of file.
2025-12-23 10:20:17,966 [ERROR] LogOutputStream:75 - [STDERR_REDIRECT] 
2025-12-23 10:20:18,999 [ERROR] LogOutputStream:75 - [STDERR_REDIRECT] [Fatal Error] :1:1: Premature end of file.
2025-12-23 10:20:18,999 [ERROR] LogOutputStream:75 - [STDERR_REDIRECT] 
2025-12-23 10:20:20,039 [ERROR] LogOutputStream:75 - [STDERR_REDIRECT] [Fatal Error] :1:1: Premature end of file.
2025-12-23 10:20:20,040 [ERROR] LogOutputStream:75 - [STDERR_REDIRECT] 
2025-12-23 10:20:20,974 [ERROR] LogOutputStream:75 - [STDERR_REDIRECT] [Fatal Error] :1:1: Premature end of file.
2025-12-23 10:20:20,974 [ERROR] LogOutputStream:75 - [STDERR_REDIRECT] 
2025-12-23 10:20:21,976 [ERROR] LogOutputStream:75 - [STDERR_REDIRECT] [Fatal Error] :1:1: Premature end of file.
2025-12-23 10:20:21,976 [ERROR] LogOutputStream:75 - [STDERR_REDIRECT] 
2025-12-23 10:20:22,979 [ERROR] LogOutputStream:75 - [STDERR_REDIRECT] [Fatal Error] :1:1: Premature end of file.
2025-12-23 10:20:22,980 [ERROR] LogOutputStream:75 - [STDERR_REDIRECT] 
2025-12-23 10:20:23,976 [ERROR] LogOutputStream:75 - [STDERR_REDIRECT] [Fatal Error] :1:1: Premature end of file.
2025-12-23 10:20:23,976 [ERROR] LogOutputStream:75 - [STDERR_REDIRECT] 
2025-12-23 10:20:24,982 [ERROR] LogOutputStream:75 - [STDERR_REDIRECT] [Fatal Error] :1:1: Premature end of file.
2025-12-23 10:20:24,982 [ERROR] LogOutputStream:75 - [STDERR_REDIRECT] 
2025-12-23 10:20:25,987 [ERROR] LogOutputStream:75 - [STDERR_REDIRECT] [Fatal Error] :1:1: Premature end of file.
2025-12-23 10:20:25,987 [ERROR] LogOutputStream:75 - [STDERR_REDIRECT] 
2025-12-23 10:20:26,978 [ERROR] LogOutputStream:75 - [STDERR_REDIRECT] [Fatal Error] :1:1: Premature end of file.
2025-12-23 10:20:26,978 [ERROR] LogOutputStream:75 - [STDERR_REDIRECT] 
2025-12-23 10:20:27,973 [ERROR] LogOutputStream:75 - [STDERR_REDIRECT] [Fatal Error] :1:1: Premature end of file.
2025-12-23 10:20:27,975 [ERROR] LogOutputStream:75 - [STDERR_REDIRECT] 
2025-12-23 10:20:28,963 [ERROR] LogOutputStream:75 - [STDERR_REDIRECT] [Fatal Error] :1:1: Premature end of file.
2025-12-23 10:20:28,965 [ERROR] LogOutputStream:75 - [STDERR_REDIRECT] 
2025-12-23 10:20:29,974 [ERROR] LogOutputStream:75 - [STDERR_REDIRECT] [Fatal Error] :1:1: Premature end of file.
2025-12-23 10:20:29,974 [ERROR] LogOutputStream:75 - [STDERR_REDIRECT] 
2025-12-23 10:20:31,000 [ERROR] LogOutputStream:75 - [STDERR_REDIRECT] [Fatal Error] :1:1: Premature end of file.
2025-12-23 10:20:31,000 [ERROR] LogOutputStream:75 - [STDERR_REDIRECT] 
2025-12-23 10:20:31,980 [ERROR] LogOutputStream:75 - [STDERR_REDIRECT] [Fatal Error] :1:1: Premature end of file.
2025-12-23 10:20:31,980 [ERROR] LogOutputStream:75 - [STDERR_REDIRECT] 
2025-12-23 10:20:32,980 [ERROR] LogOutputStream:75 - [STDERR_REDIRECT] [Fatal Error] :1:1: Premature end of file.
2025-12-23 10:20:32,980 [ERROR] LogOutputStream:75 - [STDERR_REDIRECT] 
2025-12-23 10:20:33,984 [ERROR] LogOutputStream:75 - [STDERR_REDIRECT] [Fatal Error] :1:1: Premature end of file.
2025-12-23 10:20:33,984 [ERROR] LogOutputStream:75 - [STDERR_REDIRECT] 
2025-12-23 10:20:34,981 [ERROR] LogOutputStream:75 - [STDERR_REDIRECT] [Fatal Error] :1:1: Premature end of file.
2025-12-23 10:20:34,981 [ERROR] LogOutputStream:75 - [STDERR_REDIRECT] 
2025-12-23 10:20:35,990 [ERROR] LogOutputStream:75 - [STDERR_REDIRECT] [Fatal Error] :1:1: Premature end of file.
2025-12-23 10:20:35,990 [ERROR] LogOutputStream:75 - [STDERR_REDIRECT] 
2025-12-23 10:20:36,980 [ERROR] LogOutputStream:75 - [STDERR_REDIRECT] [Fatal Error] :1:1: Premature end of file.
2025-12-23 10:20:36,980 [ERROR] LogOutputStream:75 - [STDERR_REDIRECT] 
2025-12-23 10:20:37,981 [ERROR] LogOutputStream:75 - [STDERR_REDIRECT] [Fatal Error] :1:1: Premature end of file.
2025-12-23 10:20:37,981 [ERROR] LogOutputStream:75 - [STDERR_REDIRECT] 
2025-12-23 10:20:38,975 [ERROR] LogOutputStream:75 - [STDERR_REDIRECT] [Fatal Error] :1:1: Premature end of file.
2025-12-23 10:20:38,975 [ERROR] LogOutputStream:75 - [STDERR_REDIRECT] 
2025-12-23 10:20:39,979 [ERROR] LogOutputStream:75 - [STDERR_REDIRECT] [Fatal Error] :1:1: Premature end of file.
2025-12-23 10:20:39,980 [ERROR] LogOutputStream:75 - [STDERR_REDIRECT] 
2025-12-23 10:20:41,016 [ERROR] LogOutputStream:75 - [STDERR_REDIRECT] [Fatal Error] :1:1: Premature end of file.
2025-12-23 10:20:41,026 [ERROR] LogOutputStream:75 - [STDERR_REDIRECT] 
2025-12-23 10:20:41,981 [ERROR] LogOutputStream:75 - [STDERR_REDIRECT] [Fatal Error] :1:1: Premature end of file.
2025-12-23 10:20:41,987 [ERROR] LogOutputStream:75 - [STDERR_REDIRECT] 
2025-12-23 10:20:42,966 [ERROR] LogOutputStream:75 - [STDERR_REDIRECT] [Fatal Error] :1:1: Premature end of file.
2025-12-23 10:20:42,969 [ERROR] LogOutputStream:75 - [STDERR_REDIRECT] 
2025-12-23 10:20:44,040 [ERROR] LogOutputStream:75 - [STDERR_REDIRECT] [Fatal Error] :1:1: Premature end of file.
2025-12-23 10:20:44,040 [ERROR] LogOutputStream:75 - [STDERR_REDIRECT] 
2025-12-23 10:20:44,974 [ERROR] LogOutputStream:75 - [STDERR_REDIRECT] [Fatal Error] :1:1: Premature end of file.
2025-12-23 10:20:44,974 [ERROR] LogOutputStream:75 - [STDERR_REDIRECT] 
2025-12-23 10:20:45,982 [ERROR] LogOutputStream:75 - [STDERR_REDIRECT] [Fatal Error] :1:1: Premature end of file.
2025-12-23 10:20:45,984 [ERROR] LogOutputStream:75 - [STDERR_REDIRECT] 
2025-12-23 10:20:46,971 [ERROR] LogOutputStream:75 - [STDERR_REDIRECT] [Fatal Error] :1:1: Premature end of file.
2025-12-23 10:20:46,971 [ERROR] LogOutputStream:75 - [STDERR_REDIRECT] 
2025-12-23 10:20:47,980 [ERROR] LogOutputStream:75 - [STDERR_REDIRECT] [Fatal Error] :1:1: Premature end of file.
2025-12-23 10:20:47,980 [ERROR] LogOutputStream:75 - [STDERR_REDIRECT] 
2025-12-23 10:20:49,023 [ERROR] LogOutputStream:75 - [STDERR_REDIRECT] [Fatal Error] :1:1: Premature end of file.
2025-12-23 10:20:49,024 [ERROR] LogOutputStream:75 - [STDERR_REDIRECT] 
2025-12-23 10:20:49,984 [ERROR] LogOutputStream:75 - [STDERR_REDIRECT] [Fatal Error] :1:1: Premature end of file.
2025-12-23 10:20:49,984 [ERROR] LogOutputStream:75 - [STDERR_REDIRECT] 
2025-12-23 10:20:50,980 [ERROR] LogOutputStream:75 - [STDERR_REDIRECT] [Fatal Error] :1:1: Premature end of file.
2025-12-23 10:20:50,980 [ERROR] LogOutputStream:75 - [STDERR_REDIRECT] 
2025-12-23 10:20:51,985 [ERROR] LogOutputStream:75 - [STDERR_REDIRECT] [Fatal Error] :1:1: Premature end of file.
2025-12-23 10:20:51,985 [ERROR] LogOutputStream:75 - [STDERR_REDIRECT] 
2025-12-23 10:20:52,970 [ERROR] LogOutputStream:75 - [STDERR_REDIRECT] [Fatal Error] :1:1: Premature end of file.
2025-12-23 10:20:52,978 [ERROR] LogOutputStream:75 - [STDERR_REDIRECT] 
2025-12-23 10:20:53,990 [ERROR] LogOutputStream:75 - [STDERR_REDIRECT] [Fatal Error] :1:1: Premature end of file.
2025-12-23 10:20:53,990 [ERROR] LogOutputStream:75 - [STDERR_REDIRECT] 
2025-12-23 10:20:55,024 [ERROR] LogOutputStream:75 - [STDERR_REDIRECT] [Fatal Error] :1:1: Premature end of file.
2025-12-23 10:20:55,026 [ERROR] LogOutputStream:75 - [STDERR_REDIRECT] 
2025-12-23 10:20:55,984 [ERROR] LogOutputStream:75 - [STDERR_REDIRECT] [Fatal Error] :1:1: Premature end of file.
2025-12-23 10:20:55,984 [ERROR] LogOutputStream:75 - [STDERR_REDIRECT] 
2025-12-23 10:20:56,984 [ERROR] LogOutputStream:75 - [STDERR_REDIRECT] [Fatal Error] :1:1: Premature end of file.
2025-12-23 10:20:56,984 [ERROR] LogOutputStream:75 - [STDERR_REDIRECT] 
2025-12-23 10:20:57,980 [ERROR] LogOutputStream:75 - [STDERR_REDIRECT] [Fatal Error] :1:1: Premature end of file.
2025-12-23 10:20:57,980 [ERROR] LogOutputStream:75 - [STDERR_REDIRECT] 
2025-12-23 10:20:58,996 [ERROR] LogOutputStream:75 - [STDERR_REDIRECT] [Fatal Error] :1:1: Premature end of file.
2025-12-23 10:20:58,996 [ERROR] LogOutputStream:75 - [STDERR_REDIRECT] 
2025-12-23 10:20:59,972 [ERROR] LogOutputStream:75 - [STDERR_REDIRECT] [Fatal Error] :1:1: Premature end of file.
2025-12-23 10:20:59,972 [ERROR] LogOutputStream:75 - [STDERR_REDIRECT] 
2025-12-23 10:21:00,978 [ERROR] LogOutputStream:75 - [STDERR_REDIRECT] [Fatal Error] :1:1: Premature end of file.
2025-12-23 10:21:00,978 [ERROR] LogOutputStream:75 - [STDERR_REDIRECT] 
2025-12-23 10:21:01,982 [ERROR] LogOutputStream:75 - [STDERR_REDIRECT] [Fatal Error] :1:1: Premature end of file.
2025-12-23 10:21:01,982 [ERROR] LogOutputStream:75 - [STDERR_REDIRECT] 
2025-12-23 10:21:03,025 [ERROR] LogOutputStream:75 - [STDERR_REDIRECT] [Fatal Error] :1:1: Premature end of file.
2025-12-23 10:21:03,025 [ERROR] LogOutputStream:75 - [STDERR_REDIRECT] 
2025-12-23 10:21:03,971 [ERROR] LogOutputStream:75 - [STDERR_REDIRECT] [Fatal Error] :1:1: Premature end of file.
2025-12-23 10:21:03,971 [ERROR] LogOutputStream:75 - [STDERR_REDIRECT] 
2025-12-23 10:21:04,976 [ERROR] LogOutputStream:75 - [STDERR_REDIRECT] [Fatal Error] :1:1: Premature end of file.
2025-12-23 10:21:04,976 [ERROR] LogOutputStream:75 - [STDERR_REDIRECT] 
2025-12-23 10:21:05,975 [ERROR] LogOutputStream:75 - [STDERR_REDIRECT] [Fatal Error] :1:1: Premature end of file.
2025-12-23 10:21:05,975 [ERROR] LogOutputStream:75 - [STDERR_REDIRECT] 
2025-12-23 10:21:06,989 [ERROR] LogOutputStream:75 - [STDERR_REDIRECT] [Fatal Error] :1:1: Premature end of file.
2025-12-23 10:21:06,990 [ERROR] LogOutputStream:75 - [STDERR_REDIRECT] 
2025-12-23 10:21:08,063 [ERROR] LogOutputStream:75 - [STDERR_REDIRECT] [Fatal Error] :1:1: Premature end of file.
2025-12-23 10:21:08,063 [ERROR] LogOutputStream:75 - [STDERR_REDIRECT] 
2025-12-23 10:21:08,978 [ERROR] LogOutputStream:75 - [STDERR_REDIRECT] [Fatal Error] :1:1: Premature end of file.
2025-12-23 10:21:08,978 [ERROR] LogOutputStream:75 - [STDERR_REDIRECT] 
2025-12-23 10:21:09,980 [ERROR] LogOutputStream:75 - [STDERR_REDIRECT] [Fatal Error] :1:1: Premature end of file.
2025-12-23 10:21:09,980 [ERROR] LogOutputStream:75 - [STDERR_REDIRECT] 
2025-12-23 10:21:10,971 [ERROR] LogOutputStream:75 - [STDERR_REDIRECT] [Fatal Error] :1:1: Premature end of file.
2025-12-23 10:21:10,971 [ERROR] LogOutputStream:75 - [STDERR_REDIRECT] 
2025-12-23 10:21:11,983 [ERROR] LogOutputStream:75 - [STDERR_REDIRECT] [Fatal Error] :1:1: Premature end of file.
2025-12-23 10:21:11,983 [ERROR] LogOutputStream:75 - [STDERR_REDIRECT] 
2025-12-23 10:21:13,048 [ERROR] LogOutputStream:75 - [STDERR_REDIRECT] [Fatal Error] :1:1: Premature end of file.
2025-12-23 10:21:13,048 [ERROR] LogOutputStream:75 - [STDERR_REDIRECT] 
2025-12-23 10:21:13,981 [ERROR] LogOutputStream:75 - [STDERR_REDIRECT] [Fatal Error] :1:1: Premature end of file.
2025-12-23 10:21:13,981 [ERROR] LogOutputStream:75 - [STDERR_REDIRECT] 
2025-12-23 10:21:14,980 [ERROR] LogOutputStream:75 - [STDERR_REDIRECT] [Fatal Error] :1:1: Premature end of file.
2025-12-23 10:21:14,980 [ERROR] LogOutputStream:75 - [STDERR_REDIRECT] 
2025-12-23 10:21:15,985 [ERROR] LogOutputStream:75 - [STDERR_REDIRECT] [Fatal Error] :1:1: Premature end of file.
2025-12-23 10:21:15,985 [ERROR] LogOutputStream:75 - [STDERR_REDIRECT] 
2025-12-23 10:21:16,977 [ERROR] LogOutputStream:75 - [STDERR_REDIRECT] [Fatal Error] :1:1: Premature end of file.
2025-12-23 10:21:16,977 [ERROR] LogOutputStream:75 - [STDERR_REDIRECT] 
2025-12-23 10:21:18,014 [ERROR] LogOutputStream:75 - [STDERR_REDIRECT] [Fatal Error] :1:1: Premature end of file.
2025-12-23 10:21:18,014 [ERROR] LogOutputStream:75 - [STDERR_REDIRECT] 
2025-12-23 10:21:18,978 [ERROR] LogOutputStream:75 - [STDERR_REDIRECT] [Fatal Error] :1:1: Premature end of file.
2025-12-23 10:21:18,979 [ERROR] LogOutputStream:75 - [STDERR_REDIRECT] 
2025-12-23 10:21:20,010 [ERROR] LogOutputStream:75 - [STDERR_REDIRECT] [Fatal Error] :1:1: Premature end of file.
2025-12-23 10:21:20,010 [ERROR] LogOutputStream:75 - [STDERR_REDIRECT] 
2025-12-23 10:21:20,969 [ERROR] LogOutputStream:75 - [STDERR_REDIRECT] [Fatal Error] :1:1: Premature end of file.
2025-12-23 10:21:20,970 [ERROR] LogOutputStream:75 - [STDERR_REDIRECT] 
2025-12-23 10:21:21,977 [ERROR] LogOutputStream:75 - [STDERR_REDIRECT] [Fatal Error] :1:1: Premature end of file.
2025-12-23 10:21:21,977 [ERROR] LogOutputStream:75 - [STDERR_REDIRECT] 
2025-12-23 10:21:22,981 [ERROR] LogOutputStream:75 - [STDERR_REDIRECT] [Fatal Error] :1:1: Premature end of file.
2025-12-23 10:21:22,981 [ERROR] LogOutputStream:75 - [STDERR_REDIRECT] 
2025-12-23 10:21:23,982 [ERROR] LogOutputStream:75 - [STDERR_REDIRECT] [Fatal Error] :1:1: Premature end of file.
2025-12-23 10:21:23,982 [ERROR] LogOutputStream:75 - [STDERR_REDIRECT] 
2025-12-23 10:21:24,994 [ERROR] LogOutputStream:75 - [STDERR_REDIRECT] [Fatal Error] :1:1: Premature end of file.
2025-12-23 10:21:24,994 [ERROR] LogOutputStream:75 - [STDERR_REDIRECT] 
2025-12-23 10:21:25,986 [ERROR] LogOutputStream:75 - [STDERR_REDIRECT] [Fatal Error] :1:1: Premature end of file.
2025-12-23 10:21:25,986 [ERROR] LogOutputStream:75 - [STDERR_REDIRECT] 
2025-12-23 10:21:27,070 [ERROR] LogOutputStream:75 - [STDERR_REDIRECT] [Fatal Error] :1:1: Premature end of file.
2025-12-23 10:21:27,070 [ERROR] LogOutputStream:75 - [STDERR_REDIRECT] 
2025-12-23 10:21:27,972 [ERROR] LogOutputStream:75 - [STDERR_REDIRECT] [Fatal Error] :1:1: Premature end of file.
2025-12-23 10:21:27,972 [ERROR] LogOutputStream:75 - [STDERR_REDIRECT] 
2025-12-23 10:21:28,983 [ERROR] LogOutputStream:75 - [STDERR_REDIRECT] [Fatal Error] :1:1: Premature end of file.
2025-12-23 10:21:28,983 [ERROR] LogOutputStream:75 - [STDERR_REDIRECT] 
2025-12-23 10:21:29,974 [ERROR] LogOutputStream:75 - [STDERR_REDIRECT] [Fatal Error] :1:1: Premature end of file.
2025-12-23 10:21:29,974 [ERROR] LogOutputStream:75 - [STDERR_REDIRECT] 
2025-12-23 10:21:30,978 [ERROR] LogOutputStream:75 - [STDERR_REDIRECT] [Fatal Error] :1:1: Premature end of file.
2025-12-23 10:21:30,978 [ERROR] LogOutputStream:75 - [STDERR_REDIRECT] 
2025-12-23 10:21:32,024 [ERROR] LogOutputStream:75 - [STDERR_REDIRECT] [Fatal Error] :1:1: Premature end of file.
2025-12-23 10:21:32,025 [ERROR] LogOutputStream:75 - [STDERR_REDIRECT] 
2025-12-23 10:21:32,990 [ERROR] LogOutputStream:75 - [STDERR_REDIRECT] [Fatal Error] :1:1: Premature end of file.
2025-12-23 10:21:32,997 [ERROR] LogOutputStream:75 - [STDERR_REDIRECT] 
2025-12-23 10:21:33,986 [ERROR] LogOutputStream:75 - [STDERR_REDIRECT] [Fatal Error] :1:1: Premature end of file.
2025-12-23 10:21:33,986 [ERROR] LogOutputStream:75 - [STDERR_REDIRECT] 
2025-12-23 10:21:35,003 [ERROR] LogOutputStream:75 - [STDERR_REDIRECT] [Fatal Error] :1:1: Premature end of file.
2025-12-23 10:21:35,003 [ERROR] LogOutputStream:75 - [STDERR_REDIRECT] 
2025-12-23 10:21:35,991 [ERROR] LogOutputStream:75 - [STDERR_REDIRECT] [Fatal Error] :1:1: Premature end of file.
2025-12-23 10:21:35,991 [ERROR] LogOutputStream:75 - [STDERR_REDIRECT] 
2025-12-23 10:21:36,990 [ERROR] LogOutputStream:75 - [STDERR_REDIRECT] [Fatal Error] :1:1: Premature end of file.
2025-12-23 10:21:36,990 [ERROR] LogOutputStream:75 - [STDERR_REDIRECT] 
2025-12-23 10:21:37,985 [ERROR] LogOutputStream:75 - [STDERR_REDIRECT] [Fatal Error] :1:1: Premature end of file.
2025-12-23 10:21:37,985 [ERROR] LogOutputStream:75 - [STDERR_REDIRECT] 
2025-12-23 10:21:38,972 [ERROR] LogOutputStream:75 - [STDERR_REDIRECT] [Fatal Error] :1:1: Premature end of file.
2025-12-23 10:21:38,972 [ERROR] LogOutputStream:75 - [STDERR_REDIRECT] 
2025-12-23 10:21:39,985 [ERROR] LogOutputStream:75 - [STDERR_REDIRECT] [Fatal Error] :1:1: Premature end of file.
2025-12-23 10:21:39,987 [ERROR] LogOutputStream:75 - [STDERR_REDIRECT] 
2025-12-23 10:21:41,026 [ERROR] LogOutputStream:75 - [STDERR_REDIRECT] [Fatal Error] :1:1: Premature end of file.
2025-12-23 10:21:41,026 [ERROR] LogOutputStream:75 - [STDERR_REDIRECT] 
2025-12-23 10:21:41,978 [ERROR] LogOutputStream:75 - [STDERR_REDIRECT] [Fatal Error] :1:1: Premature end of file.
2025-12-23 10:21:41,978 [ERROR] LogOutputStream:75 - [STDERR_REDIRECT] 
2025-12-23 10:21:42,989 [ERROR] LogOutputStream:75 - [STDERR_REDIRECT] [Fatal Error] :1:1: Premature end of file.
2025-12-23 10:21:42,989 [ERROR] LogOutputStream:75 - [STDERR_REDIRECT] 
2025-12-23 10:21:43,981 [ERROR] LogOutputStream:75 - [STDERR_REDIRECT] [Fatal Error] :1:1: Premature end of file.
2025-12-23 10:21:43,981 [ERROR] LogOutputStream:75 - [STDERR_REDIRECT] 
2025-12-23 10:21:44,977 [ERROR] LogOutputStream:75 - [STDERR_REDIRECT] [Fatal Error] :1:1: Premature end of file.
2025-12-23 10:21:44,977 [ERROR] LogOutputStream:75 - [STDERR_REDIRECT] 
2025-12-23 10:21:45,986 [ERROR] LogOutputStream:75 - [STDERR_REDIRECT] [Fatal Error] :1:1: Premature end of file.
2025-12-23 10:21:45,986 [ERROR] LogOutputStream:75 - [STDERR_REDIRECT] 
2025-12-23 10:21:46,996 [ERROR] LogOutputStream:75 - [STDERR_REDIRECT] [Fatal Error] :1:1: Premature end of file.
2025-12-23 10:21:46,996 [ERROR] LogOutputStream:75 - [STDERR_REDIRECT] 
2025-12-23 10:21:47,985 [ERROR] LogOutputStream:75 - [STDERR_REDIRECT] [Fatal Error] :1:1: Premature end of file.
2025-12-23 10:21:47,985 [ERROR] LogOutputStream:75 - [STDERR_REDIRECT] 
2025-12-23 10:21:48,973 [ERROR] LogOutputStream:75 - [STDERR_REDIRECT] [Fatal Error] :1:1: Premature end of file.
2025-12-23 10:21:48,973 [ERROR] LogOutputStream:75 - [STDERR_REDIRECT] 
2025-12-23 10:21:49,970 [ERROR] LogOutputStream:75 - [STDERR_REDIRECT] [Fatal Error] :1:1: Premature end of file.
2025-12-23 10:21:49,971 [ERROR] LogOutputStream:75 - [STDERR_REDIRECT] 
2025-12-23 10:21:50,975 [ERROR] LogOutputStream:75 - [STDERR_REDIRECT] [Fatal Error] :1:1: Premature end of file.
2025-12-23 10:21:50,976 [ERROR] LogOutputStream:75 - [STDERR_REDIRECT] 
2025-12-23 10:21:51,972 [ERROR] LogOutputStream:75 - [STDERR_REDIRECT] [Fatal Error] :1:1: Premature end of file.
2025-12-23 10:21:51,972 [ERROR] LogOutputStream:75 - [STDERR_REDIRECT] 
2025-12-23 10:21:52,975 [ERROR] LogOutputStream:75 - [STDERR_REDIRECT] [Fatal Error] :1:1: Premature end of file.
2025-12-23 10:21:52,975 [ERROR] LogOutputStream:75 - [STDERR_REDIRECT] 
2025-12-23 10:21:53,965 [ERROR] LogOutputStream:75 - [STDERR_REDIRECT] [Fatal Error] :1:1: Premature end of file.
2025-12-23 10:21:53,967 [ERROR] LogOutputStream:75 - [STDERR_REDIRECT] 
2025-12-23 10:21:54,991 [ERROR] LogOutputStream:75 - [STDERR_REDIRECT] [Fatal Error] :1:1: Premature end of file.
2025-12-23 10:21:54,991 [ERROR] LogOutputStream:75 - [STDERR_REDIRECT] 
2025-12-23 10:21:56,048 [ERROR] LogOutputStream:75 - [STDERR_REDIRECT] [Fatal Error] :1:1: Premature end of file.
2025-12-23 10:21:56,048 [ERROR] LogOutputStream:75 - [STDERR_REDIRECT] 
2025-12-23 10:21:56,990 [ERROR] LogOutputStream:75 - [STDERR_REDIRECT] [Fatal Error] :1:1: Premature end of file.
2025-12-23 10:21:56,991 [ERROR] LogOutputStream:75 - [STDERR_REDIRECT] 
2025-12-23 10:21:57,969 [ERROR] LogOutputStream:75 - [STDERR_REDIRECT] [Fatal Error] :1:1: Premature end of file.
2025-12-23 10:21:57,969 [ERROR] LogOutputStream:75 - [STDERR_REDIRECT] 
2025-12-23 10:21:58,979 [ERROR] LogOutputStream:75 - [STDERR_REDIRECT] [Fatal Error] :1:1: Premature end of file.
2025-12-23 10:21:58,983 [ERROR] LogOutputStream:75 - [STDERR_REDIRECT] 
2025-12-23 10:22:00,028 [ERROR] LogOutputStream:75 - [STDERR_REDIRECT] [Fatal Error] :1:1: Premature end of file.
2025-12-23 10:22:00,028 [ERROR] LogOutputStream:75 - [STDERR_REDIRECT] 
2025-12-23 10:22:00,987 [ERROR] LogOutputStream:75 - [STDERR_REDIRECT] [Fatal Error] :1:1: Premature end of file.
2025-12-23 10:22:00,987 [ERROR] LogOutputStream:75 - [STDERR_REDIRECT] 
2025-12-23 10:22:01,969 [ERROR] LogOutputStream:75 - [STDERR_REDIRECT] [Fatal Error] :1:1: Premature end of file.
2025-12-23 10:22:01,971 [ERROR] LogOutputStream:75 - [STDERR_REDIRECT] 
2025-12-23 10:22:02,976 [ERROR] LogOutputStream:75 - [STDERR_REDIRECT] [Fatal Error] :1:1: Premature end of file.
2025-12-23 10:22:02,976 [ERROR] LogOutputStream:75 - [STDERR_REDIRECT] 
2025-12-23 10:22:03,965 [ERROR] LogOutputStream:75 - [STDERR_REDIRECT] [Fatal Error] :1:1: Premature end of file.
2025-12-23 10:22:03,965 [ERROR] LogOutputStream:75 - [STDERR_REDIRECT] 
2025-12-23 10:22:05,015 [ERROR] LogOutputStream:75 - [STDERR_REDIRECT] [Fatal Error] :1:1: Premature end of file.
2025-12-23 10:22:05,015 [ERROR] LogOutputStream:75 - [STDERR_REDIRECT] 
2025-12-23 10:22:05,969 [ERROR] LogOutputStream:75 - [STDERR_REDIRECT] [Fatal Error] :1:1: Premature end of file.
2025-12-23 10:22:05,969 [ERROR] LogOutputStream:75 - [STDERR_REDIRECT] 
2025-12-23 10:22:06,990 [ERROR] LogOutputStream:75 - [STDERR_REDIRECT] [Fatal Error] :1:1: Premature end of file.
2025-12-23 10:22:06,990 [ERROR] LogOutputStream:75 - [STDERR_REDIRECT] 
2025-12-23 10:22:07,968 [ERROR] LogOutputStream:75 - [STDERR_REDIRECT] [Fatal Error] :1:1: Premature end of file.
2025-12-23 10:22:07,968 [ERROR] LogOutputStream:75 - [STDERR_REDIRECT] 
2025-12-23 10:22:08,957 [ERROR] LogOutputStream:75 - [STDERR_REDIRECT] [Fatal Error] :1:1: Premature end of file.
2025-12-23 10:22:08,958 [ERROR] LogOutputStream:75 - [STDERR_REDIRECT] 
2025-12-23 10:22:10,077 [ERROR] LogOutputStream:75 - [STDERR_REDIRECT] [Fatal Error] :1:1: Premature end of file.
2025-12-23 10:22:10,077 [ERROR] LogOutputStream:75 - [STDERR_REDIRECT] 
2025-12-23 10:22:10,976 [ERROR] LogOutputStream:75 - [STDERR_REDIRECT] [Fatal Error] :1:1: Premature end of file.
2025-12-23 10:22:10,976 [ERROR] LogOutputStream:75 - [STDERR_REDIRECT] 
2025-12-23 10:22:11,994 [ERROR] LogOutputStream:75 - [STDERR_REDIRECT] [Fatal Error] :1:1: Premature end of file.
2025-12-23 10:22:11,994 [ERROR] LogOutputStream:75 - [STDERR_REDIRECT] 
2025-12-23 10:22:12,979 [ERROR] LogOutputStream:75 - [STDERR_REDIRECT] [Fatal Error] :1:1: Premature end of file.
2025-12-23 10:22:12,982 [ERROR] LogOutputStream:75 - [STDERR_REDIRECT] 
2025-12-23 10:22:14,007 [ERROR] LogOutputStream:75 - [STDERR_REDIRECT] [Fatal Error] :1:1: Premature end of file.
2025-12-23 10:22:14,007 [ERROR] LogOutputStream:75 - [STDERR_REDIRECT] 
2025-12-23 10:22:15,073 [ERROR] LogOutputStream:75 - [STDERR_REDIRECT] [Fatal Error] :1:1: Premature end of file.
2025-12-23 10:22:15,073 [ERROR] LogOutputStream:75 - [STDERR_REDIRECT] 
2025-12-23 10:22:15,981 [ERROR] LogOutputStream:75 - [STDERR_REDIRECT] [Fatal Error] :1:1: Premature end of file.
2025-12-23 10:22:15,981 [ERROR] LogOutputStream:75 - [STDERR_REDIRECT] 
2025-12-23 10:22:16,987 [ERROR] LogOutputStream:75 - [STDERR_REDIRECT] [Fatal Error] :1:1: Premature end of file.
2025-12-23 10:22:16,987 [ERROR] LogOutputStream:75 - [STDERR_REDIRECT] 
2025-12-23 10:22:17,980 [ERROR] LogOutputStream:75 - [STDERR_REDIRECT] [Fatal Error] :1:1: Premature end of file.
2025-12-23 10:22:17,980 [ERROR] LogOutputStream:75 - [STDERR_REDIRECT] 
2025-12-23 10:22:18,984 [ERROR] LogOutputStream:75 - [STDERR_REDIRECT] [Fatal Error] :1:1: Premature end of file.
2025-12-23 10:22:18,989 [ERROR] LogOutputStream:75 - [STDERR_REDIRECT] 
2025-12-23 10:22:19,984 [ERROR] LogOutputStream:75 - [STDERR_REDIRECT] [Fatal Error] :1:1: Premature end of file.
2025-12-23 10:22:19,984 [ERROR] LogOutputStream:75 - [STDERR_REDIRECT] 
2025-12-23 10:22:21,085 [ERROR] LogOutputStream:75 - [STDERR_REDIRECT] [Fatal Error] :1:1: Premature end of file.
2025-12-23 10:22:21,085 [ERROR] LogOutputStream:75 - [STDERR_REDIRECT] 
2025-12-23 10:22:21,982 [ERROR] LogOutputStream:75 - [STDERR_REDIRECT] [Fatal Error] :1:1: Premature end of file.
2025-12-23 10:22:21,982 [ERROR] LogOutputStream:75 - [STDERR_REDIRECT] 
2025-12-23 10:22:22,973 [ERROR] LogOutputStream:75 - [STDERR_REDIRECT] [Fatal Error] :1:1: Premature end of file.
2025-12-23 10:22:22,973 [ERROR] LogOutputStream:75 - [STDERR_REDIRECT] 
2025-12-23 10:22:23,969 [ERROR] LogOutputStream:75 - [STDERR_REDIRECT] [Fatal Error] :1:1: Premature end of file.
2025-12-23 10:22:23,971 [ERROR] LogOutputStream:75 - [STDERR_REDIRECT] 
2025-12-23 10:22:25,012 [ERROR] LogOutputStream:75 - [STDERR_REDIRECT] [Fatal Error] :1:1: Premature end of file.
2025-12-23 10:22:25,012 [ERROR] LogOutputStream:75 - [STDERR_REDIRECT] 
2025-12-23 10:22:25,986 [ERROR] LogOutputStream:75 - [STDERR_REDIRECT] [Fatal Error] :1:1: Premature end of file.
2025-12-23 10:22:25,986 [ERROR] LogOutputStream:75 - [STDERR_REDIRECT] 
2025-12-23 10:22:26,985 [ERROR] LogOutputStream:75 - [STDERR_REDIRECT] [Fatal Error] :1:1: Premature end of file.
2025-12-23 10:22:26,985 [ERROR] LogOutputStream:75 - [STDERR_REDIRECT] 
2025-12-23 10:22:27,979 [ERROR] LogOutputStream:75 - [STDERR_REDIRECT] [Fatal Error] :1:1: Premature end of file.
2025-12-23 10:22:27,979 [ERROR] LogOutputStream:75 - [STDERR_REDIRECT] 
2025-12-23 10:22:28,989 [ERROR] LogOutputStream:75 - [STDERR_REDIRECT] [Fatal Error] :1:1: Premature end of file.
2025-12-23 10:22:28,989 [ERROR] LogOutputStream:75 - [STDERR_REDIRECT] 
2025-12-23 10:22:29,981 [ERROR] LogOutputStream:75 - [STDERR_REDIRECT] [Fatal Error] :1:1: Premature end of file.
2025-12-23 10:22:29,984 [ERROR] LogOutputStream:75 - [STDERR_REDIRECT] 
2025-12-23 10:22:30,970 [ERROR] LogOutputStream:75 - [STDERR_REDIRECT] [Fatal Error] :1:1: Premature end of file.
2025-12-23 10:22:30,970 [ERROR] LogOutputStream:75 - [STDERR_REDIRECT] 
2025-12-23 10:22:31,980 [ERROR] LogOutputStream:75 - [STDERR_REDIRECT] [Fatal Error] :1:1: Premature end of file.
2025-12-23 10:22:31,983 [ERROR] LogOutputStream:75 - [STDERR_REDIRECT] 
2025-12-23 10:22:32,973 [ERROR] LogOutputStream:75 - [STDERR_REDIRECT] [Fatal Error] :1:1: Premature end of file.
2025-12-23 10:22:32,973 [ERROR] LogOutputStream:75 - [STDERR_REDIRECT] 
2025-12-23 10:22:34,001 [ERROR] LogOutputStream:75 - [STDERR_REDIRECT] [Fatal Error] :1:1: Premature end of file.
2025-12-23 10:22:34,001 [ERROR] LogOutputStream:75 - [STDERR_REDIRECT] 
2025-12-23 10:22:34,973 [ERROR] LogOutputStream:75 - [STDERR_REDIRECT] [Fatal Error] :1:1: Premature end of file.
2025-12-23 10:22:34,973 [ERROR] LogOutputStream:75 - [STDERR_REDIRECT] 
2025-12-23 10:22:36,114 [ERROR] LogOutputStream:75 - [STDERR_REDIRECT] [Fatal Error] :1:1: Premature end of file.
2025-12-23 10:22:36,114 [ERROR] LogOutputStream:75 - [STDERR_REDIRECT] 
2025-12-23 10:22:36,988 [ERROR] LogOutputStream:75 - [STDERR_REDIRECT] [Fatal Error] :1:1: Premature end of file.
2025-12-23 10:22:36,988 [ERROR] LogOutputStream:75 - [STDERR_REDIRECT] 
2025-12-23 10:22:37,973 [ERROR] LogOutputStream:75 - [STDERR_REDIRECT] [Fatal Error] :1:1: Premature end of file.
2025-12-23 10:22:37,973 [ERROR] LogOutputStream:75 - [STDERR_REDIRECT] 
2025-12-23 10:22:38,976 [ERROR] LogOutputStream:75 - [STDERR_REDIRECT] [Fatal Error] :1:1: Premature end of file.
2025-12-23 10:22:38,976 [ERROR] LogOutputStream:75 - [STDERR_REDIRECT] 
2025-12-23 10:22:40,036 [ERROR] LogOutputStream:75 - [STDERR_REDIRECT] [Fatal Error] :1:1: Premature end of file.
2025-12-23 10:22:40,036 [ERROR] LogOutputStream:75 - [STDERR_REDIRECT] 
2025-12-23 10:22:40,997 [ERROR] LogOutputStream:75 - [STDERR_REDIRECT] [Fatal Error] :1:1: Premature end of file.
2025-12-23 10:22:40,997 [ERROR] LogOutputStream:75 - [STDERR_REDIRECT] 
2025-12-23 10:22:41,978 [ERROR] LogOutputStream:75 - [STDERR_REDIRECT] [Fatal Error] :1:1: Premature end of file.
2025-12-23 10:22:41,978 [ERROR] LogOutputStream:75 - [STDERR_REDIRECT] 
2025-12-23 10:22:42,987 [ERROR] LogOutputStream:75 - [STDERR_REDIRECT] [Fatal Error] :1:1: Premature end of file.
2025-12-23 10:22:42,987 [ERROR] LogOutputStream:75 - [STDERR_REDIRECT] 
2025-12-23 10:22:43,985 [ERROR] LogOutputStream:75 - [STDERR_REDIRECT] [Fatal Error] :1:1: Premature end of file.
2025-12-23 10:22:43,985 [ERROR] LogOutputStream:75 - [STDERR_REDIRECT] 
2025-12-23 10:22:44,971 [ERROR] LogOutputStream:75 - [STDERR_REDIRECT] [Fatal Error] :1:1: Premature end of file.
2025-12-23 10:22:44,971 [ERROR] LogOutputStream:75 - [STDERR_REDIRECT] 
2025-12-23 10:22:46,108 [ERROR] LogOutputStream:75 - [STDERR_REDIRECT] [Fatal Error] :1:1: Premature end of file.
2025-12-23 10:22:46,108 [ERROR] LogOutputStream:75 - [STDERR_REDIRECT] 
2025-12-23 10:22:46,989 [ERROR] LogOutputStream:75 - [STDERR_REDIRECT] [Fatal Error] :1:1: Premature end of file.
2025-12-23 10:22:46,989 [ERROR] LogOutputStream:75 - [STDERR_REDIRECT] 
2025-12-23 10:22:47,985 [ERROR] LogOutputStream:75 - [STDERR_REDIRECT] [Fatal Error] :1:1: Premature end of file.
2025-12-23 10:22:47,985 [ERROR] LogOutputStream:75 - [STDERR_REDIRECT] 
2025-12-23 10:22:48,985 [ERROR] LogOutputStream:75 - [STDERR_REDIRECT] [Fatal Error] :1:1: Premature end of file.
2025-12-23 10:22:48,987 [ERROR] LogOutputStream:75 - [STDERR_REDIRECT] 
2025-12-23 10:22:49,968 [ERROR] LogOutputStream:75 - [STDERR_REDIRECT] [Fatal Error] :1:1: Premature end of file.
2025-12-23 10:22:49,968 [ERROR] LogOutputStream:75 - [STDERR_REDIRECT] 
2025-12-23 10:22:50,967 [ERROR] LogOutputStream:75 - [STDERR_REDIRECT] [Fatal Error] :1:1: Premature end of file.
2025-12-23 10:22:50,967 [ERROR] LogOutputStream:75 - [STDERR_REDIRECT] 
2025-12-23 10:22:51,968 [ERROR] LogOutputStream:75 - [STDERR_REDIRECT] [Fatal Error] :1:1: Premature end of file.
2025-12-23 10:22:51,968 [ERROR] LogOutputStream:75 - [STDERR_REDIRECT] 
2025-12-23 10:22:52,967 [ERROR] LogOutputStream:75 - [STDERR_REDIRECT] [Fatal Error] :1:1: Premature end of file.
2025-12-23 10:22:52,967 [ERROR] LogOutputStream:75 - [STDERR_REDIRECT] 
2025-12-23 10:22:53,981 [ERROR] LogOutputStream:75 - [STDERR_REDIRECT] [Fatal Error] :1:1: Premature end of file.
2025-12-23 10:22:53,984 [ERROR] LogOutputStream:75 - [STDERR_REDIRECT] 
2025-12-23 10:22:55,054 [ERROR] LogOutputStream:75 - [STDERR_REDIRECT] [Fatal Error] :1:1: Premature end of file.
2025-12-23 10:22:55,054 [ERROR] LogOutputStream:75 - [STDERR_REDIRECT] 
2025-12-23 10:22:55,983 [ERROR] LogOutputStream:75 - [STDERR_REDIRECT] [Fatal Error] :1:1: Premature end of file.
2025-12-23 10:22:55,983 [ERROR] LogOutputStream:75 - [STDERR_REDIRECT] 
2025-12-23 10:22:56,976 [ERROR] LogOutputStream:75 - [STDERR_REDIRECT] [Fatal Error] :1:1: Premature end of file.
2025-12-23 10:22:56,976 [ERROR] LogOutputStream:75 - [STDERR_REDIRECT] 
2025-12-23 10:22:57,967 [ERROR] LogOutputStream:75 - [STDERR_REDIRECT] [Fatal Error] :1:1: Premature end of file.
2025-12-23 10:22:57,967 [ERROR] LogOutputStream:75 - [STDERR_REDIRECT] 
2025-12-23 10:22:58,975 [ERROR] LogOutputStream:75 - [STDERR_REDIRECT] [Fatal Error] :1:1: Premature end of file.
2025-12-23 10:22:58,975 [ERROR] LogOutputStream:75 - [STDERR_REDIRECT] 
2025-12-23 10:22:59,969 [ERROR] LogOutputStream:75 - [STDERR_REDIRECT] [Fatal Error] :1:1: Premature end of file.
2025-12-23 10:22:59,969 [ERROR] LogOutputStream:75 - [STDERR_REDIRECT] 
2025-12-23 10:23:00,983 [ERROR] LogOutputStream:75 - [STDERR_REDIRECT] [Fatal Error] :1:1: Premature end of file.
2025-12-23 10:23:00,983 [ERROR] LogOutputStream:75 - [STDERR_REDIRECT] 
2025-12-23 10:23:01,978 [ERROR] LogOutputStream:75 - [STDERR_REDIRECT] [Fatal Error] :1:1: Premature end of file.
2025-12-23 10:23:01,978 [ERROR] LogOutputStream:75 - [STDERR_REDIRECT] 
2025-12-23 10:23:02,956 [ERROR] LogOutputStream:75 - [STDERR_REDIRECT] [Fatal Error] :1:1: Premature end of file.
2025-12-23 10:23:02,956 [ERROR] LogOutputStream:75 - [STDERR_REDIRECT] 
2025-12-23 10:23:04,005 [ERROR] LogOutputStream:75 - [STDERR_REDIRECT] [Fatal Error] :1:1: Premature end of file.
2025-12-23 10:23:04,005 [ERROR] LogOutputStream:75 - [STDERR_REDIRECT] 
2025-12-23 10:23:04,974 [ERROR] LogOutputStream:75 - [STDERR_REDIRECT] [Fatal Error] :1:1: Premature end of file.
2025-12-23 10:23:04,977 [ERROR] LogOutputStream:75 - [STDERR_REDIRECT] 
2025-12-23 10:23:05,983 [ERROR] LogOutputStream:75 - [STDERR_REDIRECT] [Fatal Error] :1:1: Premature end of file.
2025-12-23 10:23:05,983 [ERROR] LogOutputStream:75 - [STDERR_REDIRECT] 
2025-12-23 10:23:06,973 [ERROR] LogOutputStream:75 - [STDERR_REDIRECT] [Fatal Error] :1:1: Premature end of file.
2025-12-23 10:23:06,973 [ERROR] LogOutputStream:75 - [STDERR_REDIRECT] 
2025-12-23 10:23:07,972 [ERROR] LogOutputStream:75 - [STDERR_REDIRECT] [Fatal Error] :1:1: Premature end of file.
2025-12-23 10:23:07,972 [ERROR] LogOutputStream:75 - [STDERR_REDIRECT] 
2025-12-23 10:23:09,089 [ERROR] LogOutputStream:75 - [STDERR_REDIRECT] [Fatal Error] :1:1: Premature end of file.
2025-12-23 10:23:09,089 [ERROR] LogOutputStream:75 - [STDERR_REDIRECT] 
2025-12-23 10:23:09,967 [ERROR] LogOutputStream:75 - [STDERR_REDIRECT] [Fatal Error] :1:1: Premature end of file.
2025-12-23 10:23:09,967 [ERROR] LogOutputStream:75 - [STDERR_REDIRECT] 
2025-12-23 10:23:10,973 [ERROR] LogOutputStream:75 - [STDERR_REDIRECT] [Fatal Error] :1:1: Premature end of file.
2025-12-23 10:23:10,973 [ERROR] LogOutputStream:75 - [STDERR_REDIRECT] 
2025-12-23 10:23:11,973 [ERROR] LogOutputStream:75 - [STDERR_REDIRECT] [Fatal Error] :1:1: Premature end of file.
2025-12-23 10:23:11,973 [ERROR] LogOutputStream:75 - [STDERR_REDIRECT] 
2025-12-23 10:23:12,989 [ERROR] LogOutputStream:75 - [STDERR_REDIRECT] [Fatal Error] :1:1: Premature end of file.
2025-12-23 10:23:12,989 [ERROR] LogOutputStream:75 - [STDERR_REDIRECT] 
2025-12-23 10:23:13,959 [ERROR] LogOutputStream:75 - [STDERR_REDIRECT] [Fatal Error] :1:1: Premature end of file.
2025-12-23 10:23:13,959 [ERROR] LogOutputStream:75 - [STDERR_REDIRECT] 
2025-12-23 10:23:14,980 [ERROR] LogOutputStream:75 - [STDERR_REDIRECT] [Fatal Error] :1:1: Premature end of file.
2025-12-23 10:23:14,980 [ERROR] LogOutputStream:75 - [STDERR_REDIRECT] 
2025-12-23 10:23:15,979 [ERROR] LogOutputStream:75 - [STDERR_REDIRECT] [Fatal Error] :1:1: Premature end of file.
2025-12-23 10:23:15,979 [ERROR] LogOutputStream:75 - [STDERR_REDIRECT] 
2025-12-23 10:23:16,968 [ERROR] LogOutputStream:75 - [STDERR_REDIRECT] [Fatal Error] :1:1: Premature end of file.
2025-12-23 10:23:16,968 [ERROR] LogOutputStream:75 - [STDERR_REDIRECT] 
2025-12-23 10:23:17,964 [ERROR] LogOutputStream:75 - [STDERR_REDIRECT] [Fatal Error] :1:1: Premature end of file.
2025-12-23 10:23:17,964 [ERROR] LogOutputStream:75 - [STDERR_REDIRECT] 
2025-12-23 10:23:19,016 [ERROR] LogOutputStream:75 - [STDERR_REDIRECT] [Fatal Error] :1:1: Premature end of file.
2025-12-23 10:23:19,016 [ERROR] LogOutputStream:75 - [STDERR_REDIRECT] 
2025-12-23 10:23:19,990 [ERROR] LogOutputStream:75 - [STDERR_REDIRECT] [Fatal Error] :1:1: Premature end of file.
2025-12-23 10:23:19,990 [ERROR] LogOutputStream:75 - [STDERR_REDIRECT] 
2025-12-23 10:23:20,970 [ERROR] LogOutputStream:75 - [STDERR_REDIRECT] [Fatal Error] :1:1: Premature end of file.
2025-12-23 10:23:20,970 [ERROR] LogOutputStream:75 - [STDERR_REDIRECT] 
2025-12-23 10:23:22,013 [ERROR] LogOutputStream:75 - [STDERR_REDIRECT] [Fatal Error] :1:1: Premature end of file.
2025-12-23 10:23:22,013 [ERROR] LogOutputStream:75 - [STDERR_REDIRECT] 
2025-12-23 10:23:22,980 [ERROR] LogOutputStream:75 - [STDERR_REDIRECT] [Fatal Error] :1:1: Premature end of file.
2025-12-23 10:23:22,980 [ERROR] LogOutputStream:75 - [STDERR_REDIRECT] 
2025-12-23 10:23:24,046 [ERROR] LogOutputStream:75 - [STDERR_REDIRECT] [Fatal Error] :1:1: Premature end of file.
2025-12-23 10:23:24,046 [ERROR] LogOutputStream:75 - [STDERR_REDIRECT] 
2025-12-23 10:23:24,987 [ERROR] LogOutputStream:75 - [STDERR_REDIRECT] [Fatal Error] :1:1: Premature end of file.
2025-12-23 10:23:24,987 [ERROR] LogOutputStream:75 - [STDERR_REDIRECT] 
2025-12-23 10:23:25,986 [ERROR] LogOutputStream:75 - [STDERR_REDIRECT] [Fatal Error] :1:1: Premature end of file.
2025-12-23 10:23:25,986 [ERROR] LogOutputStream:75 - [STDERR_REDIRECT] 
2025-12-23 10:23:26,987 [ERROR] LogOutputStream:75 - [STDERR_REDIRECT] [Fatal Error] :1:1: Premature end of file.
2025-12-23 10:23:26,987 [ERROR] LogOutputStream:75 - [STDERR_REDIRECT] 
2025-12-23 10:23:27,989 [ERROR] LogOutputStream:75 - [STDERR_REDIRECT] [Fatal Error] :1:1: Premature end of file.
2025-12-23 10:23:27,989 [ERROR] LogOutputStream:75 - [STDERR_REDIRECT] 
2025-12-23 10:23:28,979 [ERROR] LogOutputStream:75 - [STDERR_REDIRECT] [Fatal Error] :1:1: Premature end of file.
2025-12-23 10:23:28,979 [ERROR] LogOutputStream:75 - [STDERR_REDIRECT] 
2025-12-23 10:23:29,972 [ERROR] LogOutputStream:75 - [STDERR_REDIRECT] [Fatal Error] :1:1: Premature end of file.
2025-12-23 10:23:29,972 [ERROR] LogOutputStream:75 - [STDERR_REDIRECT] 
2025-12-23 10:23:30,977 [ERROR] LogOutputStream:75 - [STDERR_REDIRECT] [Fatal Error] :1:1: Premature end of file.
2025-12-23 10:23:30,977 [ERROR] LogOutputStream:75 - [STDERR_REDIRECT] 
2025-12-23 10:23:31,978 [ERROR] LogOutputStream:75 - [STDERR_REDIRECT] [Fatal Error] :1:1: Premature end of file.
2025-12-23 10:23:31,981 [ERROR] LogOutputStream:75 - [STDERR_REDIRECT] 
2025-12-23 10:23:33,050 [ERROR] LogOutputStream:75 - [STDERR_REDIRECT] [Fatal Error] :1:1: Premature end of file.
2025-12-23 10:23:33,050 [ERROR] LogOutputStream:75 - [STDERR_REDIRECT] 
2025-12-23 10:23:33,978 [ERROR] LogOutputStream:75 - [STDERR_REDIRECT] [Fatal Error] :1:1: Premature end of file.
2025-12-23 10:23:33,978 [ERROR] LogOutputStream:75 - [STDERR_REDIRECT] 
2025-12-23 10:23:34,987 [ERROR] LogOutputStream:75 - [STDERR_REDIRECT] [Fatal Error] :1:1: Premature end of file.
2025-12-23 10:23:34,987 [ERROR] LogOutputStream:75 - [STDERR_REDIRECT] 
2025-12-23 10:23:35,969 [ERROR] LogOutputStream:75 - [STDERR_REDIRECT] [Fatal Error] :1:1: Premature end of file.
2025-12-23 10:23:35,969 [ERROR] LogOutputStream:75 - [STDERR_REDIRECT] 
2025-12-23 10:23:36,968 [ERROR] LogOutputStream:75 - [STDERR_REDIRECT] [Fatal Error] :1:1: Premature end of file.
2025-12-23 10:23:36,968 [ERROR] LogOutputStream:75 - [STDERR_REDIRECT] 
2025-12-23 10:23:37,978 [ERROR] LogOutputStream:75 - [STDERR_REDIRECT] [Fatal Error] :1:1: Premature end of file.
2025-12-23 10:23:37,978 [ERROR] LogOutputStream:75 - [STDERR_REDIRECT] 
2025-12-23 10:23:38,980 [ERROR] LogOutputStream:75 - [STDERR_REDIRECT] [Fatal Error] :1:1: Premature end of file.
2025-12-23 10:23:38,980 [ERROR] LogOutputStream:75 - [STDERR_REDIRECT] 
2025-12-23 10:23:39,981 [ERROR] LogOutputStream:75 - [STDERR_REDIRECT] [Fatal Error] :1:1: Premature end of file.
2025-12-23 10:23:39,981 [ERROR] LogOutputStream:75 - [STDERR_REDIRECT] 
2025-12-23 10:23:40,980 [ERROR] LogOutputStream:75 - [STDERR_REDIRECT] [Fatal Error] :1:1: Premature end of file.
2025-12-23 10:23:40,980 [ERROR] LogOutputStream:75 - [STDERR_REDIRECT] 
2025-12-23 10:23:42,030 [ERROR] LogOutputStream:75 - [STDERR_REDIRECT] [Fatal Error] :1:1: Premature end of file.
2025-12-23 10:23:42,030 [ERROR] LogOutputStream:75 - [STDERR_REDIRECT] 
2025-12-23 10:23:42,977 [ERROR] LogOutputStream:75 - [STDERR_REDIRECT] [Fatal Error] :1:1: Premature end of file.
2025-12-23 10:23:42,977 [ERROR] LogOutputStream:75 - [STDERR_REDIRECT] 
2025-12-23 10:23:43,980 [ERROR] LogOutputStream:75 - [STDERR_REDIRECT] [Fatal Error] :1:1: Premature end of file.
2025-12-23 10:23:43,980 [ERROR] LogOutputStream:75 - [STDERR_REDIRECT] 
2025-12-23 10:23:44,991 [ERROR] LogOutputStream:75 - [STDERR_REDIRECT] [Fatal Error] :1:1: Premature end of file.
2025-12-23 10:23:44,991 [ERROR] LogOutputStream:75 - [STDERR_REDIRECT] 
2025-12-23 10:23:45,977 [ERROR] LogOutputStream:75 - [STDERR_REDIRECT] [Fatal Error] :1:1: Premature end of file.
2025-12-23 10:23:45,977 [ERROR] LogOutputStream:75 - [STDERR_REDIRECT] 
2025-12-23 10:23:46,971 [ERROR] LogOutputStream:75 - [STDERR_REDIRECT] [Fatal Error] :1:1: Premature end of file.
2025-12-23 10:23:46,971 [ERROR] LogOutputStream:75 - [STDERR_REDIRECT] 
2025-12-23 10:23:47,978 [ERROR] LogOutputStream:75 - [STDERR_REDIRECT] [Fatal Error] :1:1: Premature end of file.
2025-12-23 10:23:47,978 [ERROR] LogOutputStream:75 - [STDERR_REDIRECT] 
2025-12-23 10:23:48,976 [ERROR] LogOutputStream:75 - [STDERR_REDIRECT] [Fatal Error] :1:1: Premature end of file.
2025-12-23 10:23:48,976 [ERROR] LogOutputStream:75 - [STDERR_REDIRECT] 
2025-12-23 10:23:49,978 [ERROR] LogOutputStream:75 - [STDERR_REDIRECT] [Fatal Error] :1:1: Premature end of file.
2025-12-23 10:23:49,978 [ERROR] LogOutputStream:75 - [STDERR_REDIRECT] 
2025-12-23 10:23:51,000 [ERROR] LogOutputStream:75 - [STDERR_REDIRECT] [Fatal Error] :1:1: Premature end of file.
2025-12-23 10:23:51,000 [ERROR] LogOutputStream:75 - [STDERR_REDIRECT] 
2025-12-23 10:23:52,042 [ERROR] LogOutputStream:75 - [STDERR_REDIRECT] [Fatal Error] :1:1: Premature end of file.
2025-12-23 10:23:52,042 [ERROR] LogOutputStream:75 - [STDERR_REDIRECT] 
2025-12-23 10:23:53,000 [ERROR] LogOutputStream:75 - [STDERR_REDIRECT] [Fatal Error] :1:1: Premature end of file.
2025-12-23 10:23:53,005 [ERROR] LogOutputStream:75 - [STDERR_REDIRECT] 
2025-12-23 10:23:53,975 [ERROR] LogOutputStream:75 - [STDERR_REDIRECT] [Fatal Error] :1:1: Premature end of file.
2025-12-23 10:23:53,975 [ERROR] LogOutputStream:75 - [STDERR_REDIRECT] 
2025-12-23 10:23:54,977 [ERROR] LogOutputStream:75 - [STDERR_REDIRECT] [Fatal Error] :1:1: Premature end of file.
2025-12-23 10:23:54,977 [ERROR] LogOutputStream:75 - [STDERR_REDIRECT] 
2025-12-23 10:23:56,059 [ERROR] LogOutputStream:75 - [STDERR_REDIRECT] [Fatal Error] :1:1: Premature end of file.
2025-12-23 10:23:56,059 [ERROR] LogOutputStream:75 - [STDERR_REDIRECT] 
2025-12-23 10:23:56,974 [ERROR] LogOutputStream:75 - [STDERR_REDIRECT] [Fatal Error] :1:1: Premature end of file.
2025-12-23 10:23:56,974 [ERROR] LogOutputStream:75 - [STDERR_REDIRECT] 
2025-12-23 10:23:57,964 [ERROR] LogOutputStream:75 - [STDERR_REDIRECT] [Fatal Error] :1:1: Premature end of file.
2025-12-23 10:23:57,964 [ERROR] LogOutputStream:75 - [STDERR_REDIRECT] 
2025-12-23 10:23:58,980 [ERROR] LogOutputStream:75 - [STDERR_REDIRECT] [Fatal Error] :1:1: Premature end of file.
2025-12-23 10:23:58,980 [ERROR] LogOutputStream:75 - [STDERR_REDIRECT] 
2025-12-23 10:23:59,979 [ERROR] LogOutputStream:75 - [STDERR_REDIRECT] [Fatal Error] :1:1: Premature end of file.
2025-12-23 10:23:59,979 [ERROR] LogOutputStream:75 - [STDERR_REDIRECT] 
2025-12-23 10:24:00,989 [ERROR] LogOutputStream:75 - [STDERR_REDIRECT] [Fatal Error] :1:1: Premature end of file.
2025-12-23 10:24:00,989 [ERROR] LogOutputStream:75 - [STDERR_REDIRECT] 
2025-12-23 10:24:01,986 [ERROR] LogOutputStream:75 - [STDERR_REDIRECT] [Fatal Error] :1:1: Premature end of file.
2025-12-23 10:24:01,986 [ERROR] LogOutputStream:75 - [STDERR_REDIRECT] 
2025-12-23 10:24:02,979 [ERROR] LogOutputStream:75 - [STDERR_REDIRECT] [Fatal Error] :1:1: Premature end of file.
2025-12-23 10:24:02,979 [ERROR] LogOutputStream:75 - [STDERR_REDIRECT] 
2025-12-23 10:24:03,991 [ERROR] LogOutputStream:75 - [STDERR_REDIRECT] [Fatal Error] :1:1: Premature end of file.
2025-12-23 10:24:03,993 [ERROR] LogOutputStream:75 - [STDERR_REDIRECT] 
2025-12-23 10:24:04,982 [ERROR] LogOutputStream:75 - [STDERR_REDIRECT] [Fatal Error] :1:1: Premature end of file.
2025-12-23 10:24:04,982 [ERROR] LogOutputStream:75 - [STDERR_REDIRECT] 
2025-12-23 10:24:05,969 [ERROR] LogOutputStream:75 - [STDERR_REDIRECT] [Fatal Error] :1:1: Premature end of file.
2025-12-23 10:24:05,969 [ERROR] LogOutputStream:75 - [STDERR_REDIRECT] 
2025-12-23 10:24:06,980 [ERROR] LogOutputStream:75 - [STDERR_REDIRECT] [Fatal Error] :1:1: Premature end of file.
2025-12-23 10:24:06,980 [ERROR] LogOutputStream:75 - [STDERR_REDIRECT] 
2025-12-23 10:24:08,002 [ERROR] LogOutputStream:75 - [STDERR_REDIRECT] [Fatal Error] :1:1: Premature end of file.
2025-12-23 10:24:08,002 [ERROR] LogOutputStream:75 - [STDERR_REDIRECT] 
2025-12-23 10:24:08,954 [ERROR] LogOutputStream:75 - [STDERR_REDIRECT] [Fatal Error] :1:1: Premature end of file.
2025-12-23 10:24:08,954 [ERROR] LogOutputStream:75 - [STDERR_REDIRECT] 
2025-12-23 10:24:10,045 [ERROR] LogOutputStream:75 - [STDERR_REDIRECT] [Fatal Error] :1:1: Premature end of file.
2025-12-23 10:24:10,045 [ERROR] LogOutputStream:75 - [STDERR_REDIRECT] 
2025-12-23 10:24:10,995 [ERROR] LogOutputStream:75 - [STDERR_REDIRECT] [Fatal Error] :1:1: Premature end of file.
2025-12-23 10:24:10,995 [ERROR] LogOutputStream:75 - [STDERR_REDIRECT] 
2025-12-23 10:24:11,985 [ERROR] LogOutputStream:75 - [STDERR_REDIRECT] [Fatal Error] :1:1: Premature end of file.
2025-12-23 10:24:11,985 [ERROR] LogOutputStream:75 - [STDERR_REDIRECT] 
2025-12-23 10:24:12,975 [ERROR] LogOutputStream:75 - [STDERR_REDIRECT] [Fatal Error] :1:1: Premature end of file.
2025-12-23 10:24:12,975 [ERROR] LogOutputStream:75 - [STDERR_REDIRECT] 
2025-12-23 10:24:13,970 [ERROR] LogOutputStream:75 - [STDERR_REDIRECT] [Fatal Error] :1:1: Premature end of file.
2025-12-23 10:24:13,970 [ERROR] LogOutputStream:75 - [STDERR_REDIRECT] 
2025-12-23 10:24:15,033 [ERROR] LogOutputStream:75 - [STDERR_REDIRECT] [Fatal Error] :1:1: Premature end of file.
2025-12-23 10:24:15,033 [ERROR] LogOutputStream:75 - [STDERR_REDIRECT] 
2025-12-23 10:24:15,983 [ERROR] LogOutputStream:75 - [STDERR_REDIRECT] [Fatal Error] :1:1: Premature end of file.
2025-12-23 10:24:15,983 [ERROR] LogOutputStream:75 - [STDERR_REDIRECT] 
2025-12-23 10:24:16,980 [ERROR] LogOutputStream:75 - [STDERR_REDIRECT] [Fatal Error] :1:1: Premature end of file.
2025-12-23 10:24:16,980 [ERROR] LogOutputStream:75 - [STDERR_REDIRECT] 
2025-12-23 10:24:17,977 [ERROR] LogOutputStream:75 - [STDERR_REDIRECT] [Fatal Error] :1:1: Premature end of file.
2025-12-23 10:24:17,978 [ERROR] LogOutputStream:75 - [STDERR_REDIRECT] 
2025-12-23 10:24:18,983 [ERROR] LogOutputStream:75 - [STDERR_REDIRECT] [Fatal Error] :1:1: Premature end of file.
2025-12-23 10:24:18,983 [ERROR] LogOutputStream:75 - [STDERR_REDIRECT] 
2025-12-23 10:24:20,070 [ERROR] LogOutputStream:75 - [STDERR_REDIRECT] [Fatal Error] :1:1: Premature end of file.
2025-12-23 10:24:20,070 [ERROR] LogOutputStream:75 - [STDERR_REDIRECT] 
2025-12-23 10:24:20,990 [ERROR] LogOutputStream:75 - [STDERR_REDIRECT] [Fatal Error] :1:1: Premature end of file.
2025-12-23 10:24:20,990 [ERROR] LogOutputStream:75 - [STDERR_REDIRECT] 
2025-12-23 10:24:21,973 [ERROR] LogOutputStream:75 - [STDERR_REDIRECT] [Fatal Error] :1:1: Premature end of file.
2025-12-23 10:24:21,973 [ERROR] LogOutputStream:75 - [STDERR_REDIRECT] 
2025-12-23 10:24:22,977 [ERROR] LogOutputStream:75 - [STDERR_REDIRECT] [Fatal Error] :1:1: Premature end of file.
2025-12-23 10:24:22,985 [ERROR] LogOutputStream:75 - [STDERR_REDIRECT] 
2025-12-23 10:24:24,005 [ERROR] LogOutputStream:75 - [STDERR_REDIRECT] [Fatal Error] :1:1: Premature end of file.
2025-12-23 10:24:24,007 [ERROR] LogOutputStream:75 - [STDERR_REDIRECT] 
2025-12-23 10:24:24,976 [ERROR] LogOutputStream:75 - [STDERR_REDIRECT] [Fatal Error] :1:1: Premature end of file.
2025-12-23 10:24:24,976 [ERROR] LogOutputStream:75 - [STDERR_REDIRECT] 
2025-12-23 10:24:25,983 [ERROR] LogOutputStream:75 - [STDERR_REDIRECT] [Fatal Error] :1:1: Premature end of file.
2025-12-23 10:24:25,983 [ERROR] LogOutputStream:75 - [STDERR_REDIRECT] 
2025-12-23 10:24:26,983 [ERROR] LogOutputStream:75 - [STDERR_REDIRECT] [Fatal Error] :1:1: Premature end of file.
2025-12-23 10:24:26,983 [ERROR] LogOutputStream:75 - [STDERR_REDIRECT] 
2025-12-23 10:24:27,987 [ERROR] LogOutputStream:75 - [STDERR_REDIRECT] [Fatal Error] :1:1: Premature end of file.
2025-12-23 10:24:27,987 [ERROR] LogOutputStream:75 - [STDERR_REDIRECT] 
2025-12-23 10:24:29,024 [ERROR] LogOutputStream:75 - [STDERR_REDIRECT] [Fatal Error] :1:1: Premature end of file.
2025-12-23 10:24:29,024 [ERROR] LogOutputStream:75 - [STDERR_REDIRECT] 
2025-12-23 10:24:29,970 [ERROR] LogOutputStream:75 - [STDERR_REDIRECT] [Fatal Error] :1:1: Premature end of file.
2025-12-23 10:24:29,970 [ERROR] LogOutputStream:75 - [STDERR_REDIRECT] 
2025-12-23 10:24:30,963 [ERROR] LogOutputStream:75 - [STDERR_REDIRECT] [Fatal Error] :1:1: Premature end of file.
2025-12-23 10:24:30,964 [ERROR] LogOutputStream:75 - [STDERR_REDIRECT] 
2025-12-23 10:24:31,978 [ERROR] LogOutputStream:75 - [STDERR_REDIRECT] [Fatal Error] :1:1: Premature end of file.
2025-12-23 10:24:31,978 [ERROR] LogOutputStream:75 - [STDERR_REDIRECT] 
2025-12-23 10:24:32,989 [ERROR] LogOutputStream:75 - [STDERR_REDIRECT] [Fatal Error] :1:1: Premature end of file.
2025-12-23 10:24:32,989 [ERROR] LogOutputStream:75 - [STDERR_REDIRECT] 
2025-12-23 10:24:33,987 [ERROR] LogOutputStream:75 - [STDERR_REDIRECT] [Fatal Error] :1:1: Premature end of file.
2025-12-23 10:24:33,987 [ERROR] LogOutputStream:75 - [STDERR_REDIRECT] 
2025-12-23 10:24:34,989 [ERROR] LogOutputStream:75 - [STDERR_REDIRECT] [Fatal Error] :1:1: Premature end of file.
2025-12-23 10:24:34,992 [ERROR] LogOutputStream:75 - [STDERR_REDIRECT] 
2025-12-23 10:24:35,982 [ERROR] LogOutputStream:75 - [STDERR_REDIRECT] [Fatal Error] :1:1: Premature end of file.
2025-12-23 10:24:35,983 [ERROR] LogOutputStream:75 - [STDERR_REDIRECT] 
2025-12-23 10:24:36,983 [ERROR] LogOutputStream:75 - [STDERR_REDIRECT] [Fatal Error] :1:1: Premature end of file.
2025-12-23 10:24:36,983 [ERROR] LogOutputStream:75 - [STDERR_REDIRECT] 
2025-12-23 10:24:37,965 [ERROR] LogOutputStream:75 - [STDERR_REDIRECT] [Fatal Error] :1:1: Premature end of file.
2025-12-23 10:24:37,986 [ERROR] LogOutputStream:75 - [STDERR_REDIRECT] 
2025-12-23 10:24:39,039 [ERROR] LogOutputStream:75 - [STDERR_REDIRECT] [Fatal Error] :1:1: Premature end of file.
2025-12-23 10:24:39,039 [ERROR] LogOutputStream:75 - [STDERR_REDIRECT] 
2025-12-23 10:24:39,984 [ERROR] LogOutputStream:75 - [STDERR_REDIRECT] [Fatal Error] :1:1: Premature end of file.
2025-12-23 10:24:39,984 [ERROR] LogOutputStream:75 - [STDERR_REDIRECT] 
2025-12-23 10:24:40,987 [ERROR] LogOutputStream:75 - [STDERR_REDIRECT] [Fatal Error] :1:1: Premature end of file.
2025-12-23 10:24:40,987 [ERROR] LogOutputStream:75 - [STDERR_REDIRECT] 
2025-12-23 10:24:41,963 [ERROR] LogOutputStream:75 - [STDERR_REDIRECT] [Fatal Error] :1:1: Premature end of file.
2025-12-23 10:24:41,965 [ERROR] LogOutputStream:75 - [STDERR_REDIRECT] 
2025-12-23 10:24:42,987 [ERROR] LogOutputStream:75 - [STDERR_REDIRECT] [Fatal Error] :1:1: Premature end of file.
2025-12-23 10:24:42,987 [ERROR] LogOutputStream:75 - [STDERR_REDIRECT] 
2025-12-23 10:24:43,983 [ERROR] LogOutputStream:75 - [STDERR_REDIRECT] [Fatal Error] :1:1: Premature end of file.
2025-12-23 10:24:43,983 [ERROR] LogOutputStream:75 - [STDERR_REDIRECT] 
2025-12-23 10:24:44,975 [ERROR] LogOutputStream:75 - [STDERR_REDIRECT] [Fatal Error] :1:1: Premature end of file.
2025-12-23 10:24:44,975 [ERROR] LogOutputStream:75 - [STDERR_REDIRECT] 
2025-12-23 10:24:45,984 [ERROR] LogOutputStream:75 - [STDERR_REDIRECT] [Fatal Error] :1:1: Premature end of file.
2025-12-23 10:24:45,984 [ERROR] LogOutputStream:75 - [STDERR_REDIRECT] 
2025-12-23 10:24:46,965 [ERROR] LogOutputStream:75 - [STDERR_REDIRECT] [Fatal Error] :1:1: Premature end of file.
2025-12-23 10:24:46,965 [ERROR] LogOutputStream:75 - [STDERR_REDIRECT] 
2025-12-23 10:24:48,053 [ERROR] LogOutputStream:75 - [STDERR_REDIRECT] [Fatal Error] :1:1: Premature end of file.
2025-12-23 10:24:48,053 [ERROR] LogOutputStream:75 - [STDERR_REDIRECT] 
2025-12-23 10:24:48,968 [ERROR] LogOutputStream:75 - [STDERR_REDIRECT] [Fatal Error] :1:1: Premature end of file.
2025-12-23 10:24:48,968 [ERROR] LogOutputStream:75 - [STDERR_REDIRECT] 
2025-12-23 10:24:49,983 [ERROR] LogOutputStream:75 - [STDERR_REDIRECT] [Fatal Error] :1:1: Premature end of file.
2025-12-23 10:24:49,983 [ERROR] LogOutputStream:75 - [STDERR_REDIRECT] 
2025-12-23 10:24:50,979 [ERROR] LogOutputStream:75 - [STDERR_REDIRECT] [Fatal Error] :1:1: Premature end of file.
2025-12-23 10:24:50,979 [ERROR] LogOutputStream:75 - [STDERR_REDIRECT] 
2025-12-23 10:24:51,974 [ERROR] LogOutputStream:75 - [STDERR_REDIRECT] [Fatal Error] :1:1: Premature end of file.
2025-12-23 10:24:51,974 [ERROR] LogOutputStream:75 - [STDERR_REDIRECT] 
2025-12-23 10:24:52,968 [ERROR] LogOutputStream:75 - [STDERR_REDIRECT] [Fatal Error] :1:1: Premature end of file.
2025-12-23 10:24:52,979 [ERROR] LogOutputStream:75 - [STDERR_REDIRECT] 
2025-12-23 10:24:53,978 [ERROR] LogOutputStream:75 - [STDERR_REDIRECT] [Fatal Error] :1:1: Premature end of file.
2025-12-23 10:24:53,978 [ERROR] LogOutputStream:75 - [STDERR_REDIRECT] 
2025-12-23 10:24:54,968 [ERROR] LogOutputStream:75 - [STDERR_REDIRECT] [Fatal Error] :1:1: Premature end of file.
2025-12-23 10:24:54,968 [ERROR] LogOutputStream:75 - [STDERR_REDIRECT] 
2025-12-23 10:24:55,978 [ERROR] LogOutputStream:75 - [STDERR_REDIRECT] [Fatal Error] :1:1: Premature end of file.
2025-12-23 10:24:55,978 [ERROR] LogOutputStream:75 - [STDERR_REDIRECT] 
2025-12-23 10:24:56,980 [ERROR] LogOutputStream:75 - [STDERR_REDIRECT] [Fatal Error] :1:1: Premature end of file.
2025-12-23 10:24:56,980 [ERROR] LogOutputStream:75 - [STDERR_REDIRECT] 
2025-12-23 10:24:57,981 [ERROR] LogOutputStream:75 - [STDERR_REDIRECT] [Fatal Error] :1:1: Premature end of file.
2025-12-23 10:24:57,981 [ERROR] LogOutputStream:75 - [STDERR_REDIRECT] 
2025-12-23 10:24:58,964 [ERROR] LogOutputStream:75 - [STDERR_REDIRECT] [Fatal Error] :1:1: Premature end of file.
2025-12-23 10:24:58,965 [ERROR] LogOutputStream:75 - [STDERR_REDIRECT] 
2025-12-23 10:24:59,965 [ERROR] LogOutputStream:75 - [STDERR_REDIRECT] [Fatal Error] :1:1: Premature end of file.
2025-12-23 10:24:59,965 [ERROR] LogOutputStream:75 - [STDERR_REDIRECT] 
2025-12-23 10:25:00,963 [ERROR] LogOutputStream:75 - [STDERR_REDIRECT] [Fatal Error] :1:1: Premature end of file.
2025-12-23 10:25:00,963 [ERROR] LogOutputStream:75 - [STDERR_REDIRECT] 
2025-12-23 10:25:01,957 [ERROR] LogOutputStream:75 - [STDERR_REDIRECT] [Fatal Error] :1:1: Premature end of file.
2025-12-23 10:25:01,957 [ERROR] LogOutputStream:75 - [STDERR_REDIRECT] 
2025-12-23 10:25:02,961 [ERROR] LogOutputStream:75 - [STDERR_REDIRECT] [Fatal Error] :1:1: Premature end of file.
2025-12-23 10:25:02,961 [ERROR] LogOutputStream:75 - [STDERR_REDIRECT] 
2025-12-23 10:25:03,962 [ERROR] LogOutputStream:75 - [STDERR_REDIRECT] [Fatal Error] :1:1: Premature end of file.
2025-12-23 10:25:03,963 [ERROR] LogOutputStream:75 - [STDERR_REDIRECT] 
2025-12-23 10:25:04,979 [ERROR] LogOutputStream:75 - [STDERR_REDIRECT] [Fatal Error] :1:1: Premature end of file.
2025-12-23 10:25:04,980 [ERROR] LogOutputStream:75 - [STDERR_REDIRECT] 
2025-12-23 10:25:05,964 [ERROR] LogOutputStream:75 - [STDERR_REDIRECT] [Fatal Error] :1:1: Premature end of file.
2025-12-23 10:25:05,964 [ERROR] LogOutputStream:75 - [STDERR_REDIRECT] 
2025-12-23 10:25:06,964 [ERROR] LogOutputStream:75 - [STDERR_REDIRECT] [Fatal Error] :1:1: Premature end of file.
2025-12-23 10:25:06,965 [ERROR] LogOutputStream:75 - [STDERR_REDIRECT] 
2025-12-23 10:25:07,962 [ERROR] LogOutputStream:75 - [STDERR_REDIRECT] [Fatal Error] :1:1: Premature end of file.
2025-12-23 10:25:07,963 [ERROR] LogOutputStream:75 - [STDERR_REDIRECT] 
2025-12-23 10:25:08,967 [ERROR] LogOutputStream:75 - [STDERR_REDIRECT] [Fatal Error] :1:1: Premature end of file.
2025-12-23 10:25:08,968 [ERROR] LogOutputStream:75 - [STDERR_REDIRECT] 
2025-12-23 10:25:09,987 [ERROR] LogOutputStream:75 - [STDERR_REDIRECT] [Fatal Error] :1:1: Premature end of file.
2025-12-23 10:25:09,987 [ERROR] LogOutputStream:75 - [STDERR_REDIRECT] 
2025-12-23 10:25:10,937 [INFO] MainUpdater:2872 - connection check result : 10
2025-12-23 10:25:10,980 [ERROR] LogOutputStream:75 - [STDERR_REDIRECT] [Fatal Error] :1:1: Premature end of file.
2025-12-23 10:25:10,983 [ERROR] LogOutputStream:75 - [STDERR_REDIRECT] 
2025-12-23 10:25:11,679 [INFO] CheckServerUpdateThread:120 - End of CheckServer Thread
2025-12-23 10:25:11,957 [ERROR] LogOutputStream:75 - [STDERR_REDIRECT] [Fatal Error] :1:1: Premature end of file.
2025-12-23 10:25:11,959 [ERROR] LogOutputStream:75 - [STDERR_REDIRECT] 
2025-12-23 10:25:12,962 [ERROR] LogOutputStream:75 - [STDERR_REDIRECT] [Fatal Error] :1:1: Premature end of file.
2025-12-23 10:25:12,963 [ERROR] LogOutputStream:75 - [STDERR_REDIRECT] 
2025-12-23 10:25:13,970 [ERROR] LogOutputStream:75 - [STDERR_REDIRECT] [Fatal Error] :1:1: Premature end of file.
2025-12-23 10:25:13,971 [ERROR] LogOutputStream:75 - [STDERR_REDIRECT] 
2025-12-23 10:25:14,943 [ERROR] LogOutputStream:75 - [STDERR_REDIRECT] [Fatal Error] :1:1: Premature end of file.
2025-12-23 10:25:14,944 [ERROR] LogOutputStream:75 - [STDERR_REDIRECT] 
2025-12-23 10:25:15,968 [ERROR] LogOutputStream:75 - [STDERR_REDIRECT] [Fatal Error] :1:1: Premature end of file.
2025-12-23 10:25:15,968 [ERROR] LogOutputStream:75 - [STDERR_REDIRECT] 
2025-12-23 10:25:16,964 [ERROR] LogOutputStream:75 - [STDERR_REDIRECT] [Fatal Error] :1:1: Premature end of file.
2025-12-23 10:25:16,964 [ERROR] LogOutputStream:75 - [STDERR_REDIRECT] 
2025-12-23 10:25:17,973 [ERROR] LogOutputStream:75 - [STDERR_REDIRECT] [Fatal Error] :1:1: Premature end of file.
2025-12-23 10:25:17,973 [ERROR] LogOutputStream:75 - [STDERR_REDIRECT] 
2025-12-23 10:25:18,968 [ERROR] LogOutputStream:75 - [STDERR_REDIRECT] [Fatal Error] :1:1: Premature end of file.
2025-12-23 10:25:18,968 [ERROR] LogOutputStream:75 - [STDERR_REDIRECT] 
2025-12-23 10:25:19,965 [ERROR] LogOutputStream:75 - [STDERR_REDIRECT] [Fatal Error] :1:1: Premature end of file.
2025-12-23 10:25:19,965 [ERROR] LogOutputStream:75 - [STDERR_REDIRECT] 
2025-12-23 10:25:20,967 [ERROR] LogOutputStream:75 - [STDERR_REDIRECT] [Fatal Error] :1:1: Premature end of file.
2025-12-23 10:25:20,967 [ERROR] LogOutputStream:75 - [STDERR_REDIRECT] 
2025-12-23 10:25:21,962 [ERROR] LogOutputStream:75 - [STDERR_REDIRECT] [Fatal Error] :1:1: Premature end of file.
2025-12-23 10:25:21,963 [ERROR] LogOutputStream:75 - [STDERR_REDIRECT] 
2025-12-23 10:25:22,973 [ERROR] LogOutputStream:75 - [STDERR_REDIRECT] [Fatal Error] :1:1: Premature end of file.
2025-12-23 10:25:22,973 [ERROR] LogOutputStream:75 - [STDERR_REDIRECT] 
2025-12-23 10:25:23,982 [ERROR] LogOutputStream:75 - [STDERR_REDIRECT] [Fatal Error] :1:1: Premature end of file.
2025-12-23 10:25:23,982 [ERROR] LogOutputStream:75 - [STDERR_REDIRECT] 
2025-12-23 10:25:24,982 [ERROR] LogOutputStream:75 - [STDERR_REDIRECT] [Fatal Error] :1:1: Premature end of file.
2025-12-23 10:25:24,982 [ERROR] LogOutputStream:75 - [STDERR_REDIRECT] 
2025-12-23 10:25:26,092 [ERROR] LogOutputStream:75 - [STDERR_REDIRECT] [Fatal Error] :1:1: Premature end of file.
2025-12-23 10:25:26,092 [ERROR] LogOutputStream:75 - [STDERR_REDIRECT] 
2025-12-23 10:25:26,994 [ERROR] LogOutputStream:75 - [STDERR_REDIRECT] [Fatal Error] :1:1: Premature end of file.
2025-12-23 10:25:26,994 [ERROR] LogOutputStream:75 - [STDERR_REDIRECT] 
2025-12-23 10:25:27,984 [ERROR] LogOutputStream:75 - [STDERR_REDIRECT] [Fatal Error] :1:1: Premature end of file.
2025-12-23 10:25:27,984 [ERROR] LogOutputStream:75 - [STDERR_REDIRECT] 
2025-12-23 10:25:28,978 [ERROR] LogOutputStream:75 - [STDERR_REDIRECT] [Fatal Error] :1:1: Premature end of file.
2025-12-23 10:25:28,978 [ERROR] LogOutputStream:75 - [STDERR_REDIRECT] 
2025-12-23 10:25:29,979 [ERROR] LogOutputStream:75 - [STDERR_REDIRECT] [Fatal Error] :1:1: Premature end of file.
2025-12-23 10:25:29,979 [ERROR] LogOutputStream:75 - [STDERR_REDIRECT] 
2025-12-23 10:25:31,089 [ERROR] LogOutputStream:75 - [STDERR_REDIRECT] [Fatal Error] :1:1: Premature end of file.
2025-12-23 10:25:31,089 [ERROR] LogOutputStream:75 - [STDERR_REDIRECT] 
2025-12-23 10:25:31,990 [ERROR] LogOutputStream:75 - [STDERR_REDIRECT] [Fatal Error] :1:1: Premature end of file.
2025-12-23 10:25:31,990 [ERROR] LogOutputStream:75 - [STDERR_REDIRECT] 
2025-12-23 10:25:32,972 [ERROR] LogOutputStream:75 - [STDERR_REDIRECT] [Fatal Error] :1:1: Premature end of file.
2025-12-23 10:25:32,972 [ERROR] LogOutputStream:75 - [STDERR_REDIRECT] 
2025-12-23 10:25:33,990 [ERROR] LogOutputStream:75 - [STDERR_REDIRECT] [Fatal Error] :1:1: Premature end of file.
2025-12-23 10:25:33,990 [ERROR] LogOutputStream:75 - [STDERR_REDIRECT] 
2025-12-23 10:25:34,978 [ERROR] LogOutputStream:75 - [STDERR_REDIRECT] [Fatal Error] :1:1: Premature end of file.
2025-12-23 10:25:34,981 [ERROR] LogOutputStream:75 - [STDERR_REDIRECT] 
2025-12-23 10:25:35,970 [ERROR] LogOutputStream:75 - [STDERR_REDIRECT] [Fatal Error] :1:1: Premature end of file.
2025-12-23 10:25:35,970 [ERROR] LogOutputStream:75 - [STDERR_REDIRECT] 
2025-12-23 10:25:37,010 [ERROR] LogOutputStream:75 - [STDERR_REDIRECT] [Fatal Error] :1:1: Premature end of file.
2025-12-23 10:25:37,010 [ERROR] LogOutputStream:75 - [STDERR_REDIRECT] 
2025-12-23 10:25:37,979 [ERROR] LogOutputStream:75 - [STDERR_REDIRECT] [Fatal Error] :1:1: Premature end of file.
2025-12-23 10:25:37,995 [ERROR] LogOutputStream:75 - [STDERR_REDIRECT] 
2025-12-23 10:25:38,982 [ERROR] LogOutputStream:75 - [STDERR_REDIRECT] [Fatal Error] :1:1: Premature end of file.
2025-12-23 10:25:38,982 [ERROR] LogOutputStream:75 - [STDERR_REDIRECT] 
2025-12-23 10:25:39,962 [ERROR] LogOutputStream:75 - [STDERR_REDIRECT] [Fatal Error] :1:1: Premature end of file.
2025-12-23 10:25:39,962 [ERROR] LogOutputStream:75 - [STDERR_REDIRECT] 
2025-12-23 10:25:40,989 [ERROR] LogOutputStream:75 - [STDERR_REDIRECT] [Fatal Error] :1:1: Premature end of file.
2025-12-23 10:25:40,994 [ERROR] LogOutputStream:75 - [STDERR_REDIRECT] 
2025-12-23 10:25:41,974 [ERROR] LogOutputStream:75 - [STDERR_REDIRECT] [Fatal Error] :1:1: Premature end of file.
2025-12-23 10:25:41,976 [ERROR] LogOutputStream:75 - [STDERR_REDIRECT] 
2025-12-23 10:25:42,993 [ERROR] LogOutputStream:75 - [STDERR_REDIRECT] [Fatal Error] :1:1: Premature end of file.
2025-12-23 10:25:42,993 [ERROR] LogOutputStream:75 - [STDERR_REDIRECT] 
2025-12-23 10:25:43,983 [ERROR] LogOutputStream:75 - [STDERR_REDIRECT] [Fatal Error] :1:1: Premature end of file.
2025-12-23 10:25:43,983 [ERROR] LogOutputStream:75 - [STDERR_REDIRECT] 
2025-12-23 10:25:44,977 [ERROR] LogOutputStream:75 - [STDERR_REDIRECT] [Fatal Error] :1:1: Premature end of file.
2025-12-23 10:25:44,977 [ERROR] LogOutputStream:75 - [STDERR_REDIRECT] 
2025-12-23 10:25:46,062 [ERROR] LogOutputStream:75 - [STDERR_REDIRECT] [Fatal Error] :1:1: Premature end of file.
2025-12-23 10:25:46,062 [ERROR] LogOutputStream:75 - [STDERR_REDIRECT] 
2025-12-23 10:25:46,984 [ERROR] LogOutputStream:75 - [STDERR_REDIRECT] [Fatal Error] :1:1: Premature end of file.
2025-12-23 10:25:46,984 [ERROR] LogOutputStream:75 - [STDERR_REDIRECT] 
2025-12-23 10:25:47,982 [ERROR] LogOutputStream:75 - [STDERR_REDIRECT] [Fatal Error] :1:1: Premature end of file.
2025-12-23 10:25:47,987 [ERROR] LogOutputStream:75 - [STDERR_REDIRECT] 
2025-12-23 10:25:48,981 [ERROR] LogOutputStream:75 - [STDERR_REDIRECT] [Fatal Error] :1:1: Premature end of file.
2025-12-23 10:25:48,982 [ERROR] LogOutputStream:75 - [STDERR_REDIRECT] 
2025-12-23 10:25:49,982 [ERROR] LogOutputStream:75 - [STDERR_REDIRECT] [Fatal Error] :1:1: Premature end of file.
2025-12-23 10:25:49,982 [ERROR] LogOutputStream:75 - [STDERR_REDIRECT] 
2025-12-23 10:25:51,068 [ERROR] LogOutputStream:75 - [STDERR_REDIRECT] [Fatal Error] :1:1: Premature end of file.
2025-12-23 10:25:51,068 [ERROR] LogOutputStream:75 - [STDERR_REDIRECT] 
2025-12-23 10:25:51,983 [ERROR] LogOutputStream:75 - [STDERR_REDIRECT] [Fatal Error] :1:1: Premature end of file.
2025-12-23 10:25:51,983 [ERROR] LogOutputStream:75 - [STDERR_REDIRECT] 
2025-12-23 10:25:52,972 [ERROR] LogOutputStream:75 - [STDERR_REDIRECT] [Fatal Error] :1:1: Premature end of file.
2025-12-23 10:25:52,984 [ERROR] LogOutputStream:75 - [STDERR_REDIRECT] 
2025-12-23 10:25:53,972 [ERROR] LogOutputStream:75 - [STDERR_REDIRECT] [Fatal Error] :1:1: Premature end of file.
2025-12-23 10:25:53,972 [ERROR] LogOutputStream:75 - [STDERR_REDIRECT] 
2025-12-23 10:25:55,057 [ERROR] LogOutputStream:75 - [STDERR_REDIRECT] [Fatal Error] :1:1: Premature end of file.
2025-12-23 10:25:55,057 [ERROR] LogOutputStream:75 - [STDERR_REDIRECT] 
2025-12-23 10:25:55,982 [ERROR] LogOutputStream:75 - [STDERR_REDIRECT] [Fatal Error] :1:1: Premature end of file.
2025-12-23 10:25:55,985 [ERROR] LogOutputStream:75 - [STDERR_REDIRECT] 
2025-12-23 10:25:56,987 [ERROR] LogOutputStream:75 - [STDERR_REDIRECT] [Fatal Error] :1:1: Premature end of file.
2025-12-23 10:25:56,987 [ERROR] LogOutputStream:75 - [STDERR_REDIRECT] 
2025-12-23 10:25:57,987 [ERROR] LogOutputStream:75 - [STDERR_REDIRECT] [Fatal Error] :1:1: Premature end of file.
2025-12-23 10:25:57,987 [ERROR] LogOutputStream:75 - [STDERR_REDIRECT] 
2025-12-23 10:25:58,987 [ERROR] LogOutputStream:75 - [STDERR_REDIRECT] [Fatal Error] :1:1: Premature end of file.
2025-12-23 10:25:58,987 [ERROR] LogOutputStream:75 - [STDERR_REDIRECT] 
2025-12-23 10:26:00,028 [ERROR] LogOutputStream:75 - [STDERR_REDIRECT] [Fatal Error] :1:1: Premature end of file.
2025-12-23 10:26:00,028 [ERROR] LogOutputStream:75 - [STDERR_REDIRECT] 
2025-12-23 10:26:00,993 [ERROR] LogOutputStream:75 - [STDERR_REDIRECT] [Fatal Error] :1:1: Premature end of file.
2025-12-23 10:26:00,993 [ERROR] LogOutputStream:75 - [STDERR_REDIRECT] 
2025-12-23 10:26:01,972 [ERROR] LogOutputStream:75 - [STDERR_REDIRECT] [Fatal Error] :1:1: Premature end of file.
2025-12-23 10:26:01,980 [ERROR] LogOutputStream:75 - [STDERR_REDIRECT] 
2025-12-23 10:26:02,965 [ERROR] LogOutputStream:75 - [STDERR_REDIRECT] [Fatal Error] :1:1: Premature end of file.
2025-12-23 10:26:02,971 [ERROR] LogOutputStream:75 - [STDERR_REDIRECT] 
2025-12-23 10:26:03,982 [ERROR] LogOutputStream:75 - [STDERR_REDIRECT] [Fatal Error] :1:1: Premature end of file.
2025-12-23 10:26:03,982 [ERROR] LogOutputStream:75 - [STDERR_REDIRECT] 
2025-12-23 10:26:04,982 [ERROR] LogOutputStream:75 - [STDERR_REDIRECT] [Fatal Error] :1:1: Premature end of file.
2025-12-23 10:26:04,982 [ERROR] LogOutputStream:75 - [STDERR_REDIRECT] 
2025-12-23 10:26:05,979 [ERROR] LogOutputStream:75 - [STDERR_REDIRECT] [Fatal Error] :1:1: Premature end of file.
2025-12-23 10:26:05,979 [ERROR] LogOutputStream:75 - [STDERR_REDIRECT] 
2025-12-23 10:26:06,956 [ERROR] LogOutputStream:75 - [STDERR_REDIRECT] [Fatal Error] :1:1: Premature end of file.
2025-12-23 10:26:06,956 [ERROR] LogOutputStream:75 - [STDERR_REDIRECT] 
2025-12-23 10:26:08,004 [ERROR] LogOutputStream:75 - [STDERR_REDIRECT] [Fatal Error] :1:1: Premature end of file.
2025-12-23 10:26:08,005 [ERROR] LogOutputStream:75 - [STDERR_REDIRECT] 
2025-12-23 10:26:09,062 [ERROR] LogOutputStream:75 - [STDERR_REDIRECT] [Fatal Error] :1:1: Premature end of file.
2025-12-23 10:26:09,062 [ERROR] LogOutputStream:75 - [STDERR_REDIRECT] 
2025-12-23 10:26:09,958 [ERROR] LogOutputStream:75 - [STDERR_REDIRECT] [Fatal Error] :1:1: Premature end of file.
2025-12-23 10:26:09,958 [ERROR] LogOutputStream:75 - [STDERR_REDIRECT] 
2025-12-23 10:26:10,972 [ERROR] LogOutputStream:75 - [STDERR_REDIRECT] [Fatal Error] :1:1: Premature end of file.
2025-12-23 10:26:10,972 [ERROR] LogOutputStream:75 - [STDERR_REDIRECT] 
2025-12-23 10:26:11,982 [ERROR] LogOutputStream:75 - [STDERR_REDIRECT] [Fatal Error] :1:1: Premature end of file.
2025-12-23 10:26:11,982 [ERROR] LogOutputStream:75 - [STDERR_REDIRECT] 
2025-12-23 10:26:13,011 [ERROR] LogOutputStream:75 - [STDERR_REDIRECT] [Fatal Error] :1:1: Premature end of file.
2025-12-23 10:26:13,012 [ERROR] LogOutputStream:75 - [STDERR_REDIRECT] 
2025-12-23 10:26:13,960 [ERROR] LogOutputStream:75 - [STDERR_REDIRECT] [Fatal Error] :1:1: Premature end of file.
2025-12-23 10:26:13,960 [ERROR] LogOutputStream:75 - [STDERR_REDIRECT] 
2025-12-23 10:26:14,985 [ERROR] LogOutputStream:75 - [STDERR_REDIRECT] [Fatal Error] :1:1: Premature end of file.
2025-12-23 10:26:14,986 [ERROR] LogOutputStream:75 - [STDERR_REDIRECT] 
2025-12-23 10:26:15,984 [ERROR] LogOutputStream:75 - [STDERR_REDIRECT] [Fatal Error] :1:1: Premature end of file.
2025-12-23 10:26:15,984 [ERROR] LogOutputStream:75 - [STDERR_REDIRECT] 
2025-12-23 10:26:16,972 [ERROR] LogOutputStream:75 - [STDERR_REDIRECT] [Fatal Error] :1:1: Premature end of file.
2025-12-23 10:26:16,972 [ERROR] LogOutputStream:75 - [STDERR_REDIRECT] 
2025-12-23 10:26:17,986 [ERROR] LogOutputStream:75 - [STDERR_REDIRECT] [Fatal Error] :1:1: Premature end of file.
2025-12-23 10:26:17,986 [ERROR] LogOutputStream:75 - [STDERR_REDIRECT] 
2025-12-23 10:26:18,982 [ERROR] LogOutputStream:75 - [STDERR_REDIRECT] [Fatal Error] :1:1: Premature end of file.
2025-12-23 10:26:18,982 [ERROR] LogOutputStream:75 - [STDERR_REDIRECT] 
2025-12-23 10:26:20,016 [ERROR] LogOutputStream:75 - [STDERR_REDIRECT] [Fatal Error] :1:1: Premature end of file.
2025-12-23 10:26:20,016 [ERROR] LogOutputStream:75 - [STDERR_REDIRECT] 
2025-12-23 10:26:21,022 [ERROR] LogOutputStream:75 - [STDERR_REDIRECT] [Fatal Error] :1:1: Premature end of file.
2025-12-23 10:26:21,022 [ERROR] LogOutputStream:75 - [STDERR_REDIRECT] 
2025-12-23 10:26:21,977 [ERROR] LogOutputStream:75 - [STDERR_REDIRECT] [Fatal Error] :1:1: Premature end of file.
2025-12-23 10:26:21,977 [ERROR] LogOutputStream:75 - [STDERR_REDIRECT] 
2025-12-23 10:26:22,962 [ERROR] LogOutputStream:75 - [STDERR_REDIRECT] [Fatal Error] :1:1: Premature end of file.
2025-12-23 10:26:22,962 [ERROR] LogOutputStream:75 - [STDERR_REDIRECT] 
2025-12-23 10:26:23,964 [ERROR] LogOutputStream:75 - [STDERR_REDIRECT] [Fatal Error] :1:1: Premature end of file.
2025-12-23 10:26:23,965 [ERROR] LogOutputStream:75 - [STDERR_REDIRECT] 
2025-12-23 10:26:24,972 [ERROR] LogOutputStream:75 - [STDERR_REDIRECT] [Fatal Error] :1:1: Premature end of file.
2025-12-23 10:26:24,972 [ERROR] LogOutputStream:75 - [STDERR_REDIRECT] 
2025-12-23 10:26:25,970 [ERROR] LogOutputStream:75 - [STDERR_REDIRECT] [Fatal Error] :1:1: Premature end of file.
2025-12-23 10:26:25,970 [ERROR] LogOutputStream:75 - [STDERR_REDIRECT] 
2025-12-23 10:26:26,978 [ERROR] LogOutputStream:75 - [STDERR_REDIRECT] [Fatal Error] :1:1: Premature end of file.
2025-12-23 10:26:26,978 [ERROR] LogOutputStream:75 - [STDERR_REDIRECT] 
2025-12-23 10:26:27,986 [ERROR] LogOutputStream:75 - [STDERR_REDIRECT] [Fatal Error] :1:1: Premature end of file.
2025-12-23 10:26:27,986 [ERROR] LogOutputStream:75 - [STDERR_REDIRECT] 
2025-12-23 10:26:28,984 [ERROR] LogOutputStream:75 - [STDERR_REDIRECT] [Fatal Error] :1:1: Premature end of file.
2025-12-23 10:26:28,984 [ERROR] LogOutputStream:75 - [STDERR_REDIRECT] 
2025-12-23 10:26:29,994 [ERROR] LogOutputStream:75 - [STDERR_REDIRECT] [Fatal Error] :1:1: Premature end of file.
2025-12-23 10:26:29,994 [ERROR] LogOutputStream:75 - [STDERR_REDIRECT] 
2025-12-23 10:26:30,981 [ERROR] LogOutputStream:75 - [STDERR_REDIRECT] [Fatal Error] :1:1: Premature end of file.
2025-12-23 10:26:30,982 [ERROR] LogOutputStream:75 - [STDERR_REDIRECT] 
2025-12-23 10:26:31,987 [ERROR] LogOutputStream:75 - [STDERR_REDIRECT] [Fatal Error] :1:1: Premature end of file.
2025-12-23 10:26:31,989 [ERROR] LogOutputStream:75 - [STDERR_REDIRECT] 
2025-12-23 10:26:32,984 [ERROR] LogOutputStream:75 - [STDERR_REDIRECT] [Fatal Error] :1:1: Premature end of file.
2025-12-23 10:26:32,984 [ERROR] LogOutputStream:75 - [STDERR_REDIRECT] 
2025-12-23 10:26:33,992 [ERROR] LogOutputStream:75 - [STDERR_REDIRECT] [Fatal Error] :1:1: Premature end of file.
2025-12-23 10:26:33,994 [ERROR] LogOutputStream:75 - [STDERR_REDIRECT] 
2025-12-23 10:26:34,980 [ERROR] LogOutputStream:75 - [STDERR_REDIRECT] [Fatal Error] :1:1: Premature end of file.
2025-12-23 10:26:34,980 [ERROR] LogOutputStream:75 - [STDERR_REDIRECT] 
2025-12-23 10:26:35,986 [ERROR] LogOutputStream:75 - [STDERR_REDIRECT] [Fatal Error] :1:1: Premature end of file.
2025-12-23 10:26:35,986 [ERROR] LogOutputStream:75 - [STDERR_REDIRECT] 
2025-12-23 10:26:36,983 [ERROR] LogOutputStream:75 - [STDERR_REDIRECT] [Fatal Error] :1:1: Premature end of file.
2025-12-23 10:26:36,983 [ERROR] LogOutputStream:75 - [STDERR_REDIRECT] 
2025-12-23 10:26:37,962 [ERROR] LogOutputStream:75 - [STDERR_REDIRECT] [Fatal Error] :1:1: Premature end of file.
2025-12-23 10:26:37,965 [ERROR] LogOutputStream:75 - [STDERR_REDIRECT] 
2025-12-23 10:26:38,972 [ERROR] LogOutputStream:75 - [STDERR_REDIRECT] [Fatal Error] :1:1: Premature end of file.
2025-12-23 10:26:38,972 [ERROR] LogOutputStream:75 - [STDERR_REDIRECT] 
2025-12-23 10:26:39,982 [ERROR] LogOutputStream:75 - [STDERR_REDIRECT] [Fatal Error] :1:1: Premature end of file.
2025-12-23 10:26:39,982 [ERROR] LogOutputStream:75 - [STDERR_REDIRECT] 
2025-12-23 10:26:40,984 [ERROR] LogOutputStream:75 - [STDERR_REDIRECT] [Fatal Error] :1:1: Premature end of file.
2025-12-23 10:26:40,984 [ERROR] LogOutputStream:75 - [STDERR_REDIRECT] 
2025-12-23 10:26:41,987 [ERROR] LogOutputStream:75 - [STDERR_REDIRECT] [Fatal Error] :1:1: Premature end of file.
2025-12-23 10:26:41,987 [ERROR] LogOutputStream:75 - [STDERR_REDIRECT] 
2025-12-23 10:26:43,002 [ERROR] LogOutputStream:75 - [STDERR_REDIRECT] [Fatal Error] :1:1: Premature end of file.
2025-12-23 10:26:43,002 [ERROR] LogOutputStream:75 - [STDERR_REDIRECT] 
2025-12-23 10:26:43,967 [ERROR] LogOutputStream:75 - [STDERR_REDIRECT] [Fatal Error] :1:1: Premature end of file.
2025-12-23 10:26:43,967 [ERROR] LogOutputStream:75 - [STDERR_REDIRECT] 
2025-12-23 10:26:44,974 [ERROR] LogOutputStream:75 - [STDERR_REDIRECT] [Fatal Error] :1:1: Premature end of file.
2025-12-23 10:26:44,974 [ERROR] LogOutputStream:75 - [STDERR_REDIRECT] 
2025-12-23 10:26:45,962 [ERROR] LogOutputStream:75 - [STDERR_REDIRECT] [Fatal Error] :1:1: Premature end of file.
2025-12-23 10:26:45,962 [ERROR] LogOutputStream:75 - [STDERR_REDIRECT] 
2025-12-23 10:26:46,977 [ERROR] LogOutputStream:75 - [STDERR_REDIRECT] [Fatal Error] :1:1: Premature end of file.
2025-12-23 10:26:46,977 [ERROR] LogOutputStream:75 - [STDERR_REDIRECT] 
2025-12-23 10:26:47,958 [ERROR] LogOutputStream:75 - [STDERR_REDIRECT] [Fatal Error] :1:1: Premature end of file.
2025-12-23 10:26:47,958 [ERROR] LogOutputStream:75 - [STDERR_REDIRECT] 
2025-12-23 10:26:48,967 [ERROR] LogOutputStream:75 - [STDERR_REDIRECT] [Fatal Error] :1:1: Premature end of file.
2025-12-23 10:26:48,967 [ERROR] LogOutputStream:75 - [STDERR_REDIRECT] 
2025-12-23 10:26:49,983 [ERROR] LogOutputStream:75 - [STDERR_REDIRECT] [Fatal Error] :1:1: Premature end of file.
2025-12-23 10:26:49,983 [ERROR] LogOutputStream:75 - [STDERR_REDIRECT] 
2025-12-23 10:26:50,984 [ERROR] LogOutputStream:75 - [STDERR_REDIRECT] [Fatal Error] :1:1: Premature end of file.
2025-12-23 10:26:50,986 [ERROR] LogOutputStream:75 - [STDERR_REDIRECT] 
2025-12-23 10:26:51,987 [ERROR] LogOutputStream:75 - [STDERR_REDIRECT] [Fatal Error] :1:1: Premature end of file.
2025-12-23 10:26:51,988 [ERROR] LogOutputStream:75 - [STDERR_REDIRECT] 
2025-12-23 10:26:53,027 [ERROR] LogOutputStream:75 - [STDERR_REDIRECT] [Fatal Error] :1:1: Premature end of file.
2025-12-23 10:26:53,027 [ERROR] LogOutputStream:75 - [STDERR_REDIRECT] 
2025-12-23 10:26:53,985 [ERROR] LogOutputStream:75 - [STDERR_REDIRECT] [Fatal Error] :1:1: Premature end of file.
2025-12-23 10:26:53,985 [ERROR] LogOutputStream:75 - [STDERR_REDIRECT] 
2025-12-23 10:26:54,964 [ERROR] LogOutputStream:75 - [STDERR_REDIRECT] [Fatal Error] :1:1: Premature end of file.
2025-12-23 10:26:54,964 [ERROR] LogOutputStream:75 - [STDERR_REDIRECT] 
2025-12-23 10:26:55,982 [ERROR] LogOutputStream:75 - [STDERR_REDIRECT] [Fatal Error] :1:1: Premature end of file.
2025-12-23 10:26:55,984 [ERROR] LogOutputStream:75 - [STDERR_REDIRECT] 
2025-12-23 10:26:56,975 [ERROR] LogOutputStream:75 - [STDERR_REDIRECT] [Fatal Error] :1:1: Premature end of file.
2025-12-23 10:26:56,975 [ERROR] LogOutputStream:75 - [STDERR_REDIRECT] 
2025-12-23 10:26:57,972 [ERROR] LogOutputStream:75 - [STDERR_REDIRECT] [Fatal Error] :1:1: Premature end of file.
2025-12-23 10:26:57,972 [ERROR] LogOutputStream:75 - [STDERR_REDIRECT] 
2025-12-23 10:26:58,972 [ERROR] LogOutputStream:75 - [STDERR_REDIRECT] [Fatal Error] :1:1: Premature end of file.
2025-12-23 10:26:58,972 [ERROR] LogOutputStream:75 - [STDERR_REDIRECT] 
2025-12-23 10:26:59,972 [ERROR] LogOutputStream:75 - [STDERR_REDIRECT] [Fatal Error] :1:1: Premature end of file.
2025-12-23 10:26:59,972 [ERROR] LogOutputStream:75 - [STDERR_REDIRECT] 
2025-12-23 10:27:00,974 [ERROR] LogOutputStream:75 - [STDERR_REDIRECT] [Fatal Error] :1:1: Premature end of file.
2025-12-23 10:27:00,974 [ERROR] LogOutputStream:75 - [STDERR_REDIRECT] 
2025-12-23 10:27:01,973 [ERROR] LogOutputStream:75 - [STDERR_REDIRECT] [Fatal Error] :1:1: Premature end of file.
2025-12-23 10:27:01,973 [ERROR] LogOutputStream:75 - [STDERR_REDIRECT] 
2025-12-23 10:27:02,983 [ERROR] LogOutputStream:75 - [STDERR_REDIRECT] [Fatal Error] :1:1: Premature end of file.
2025-12-23 10:27:02,983 [ERROR] LogOutputStream:75 - [STDERR_REDIRECT] 
2025-12-23 10:27:03,966 [ERROR] LogOutputStream:75 - [STDERR_REDIRECT] [Fatal Error] :1:1: Premature end of file.
2025-12-23 10:27:03,966 [ERROR] LogOutputStream:75 - [STDERR_REDIRECT] 
2025-12-23 10:27:04,968 [ERROR] LogOutputStream:75 - [STDERR_REDIRECT] [Fatal Error] :1:1: Premature end of file.
2025-12-23 10:27:04,968 [ERROR] LogOutputStream:75 - [STDERR_REDIRECT] 
2025-12-23 10:27:05,979 [ERROR] LogOutputStream:75 - [STDERR_REDIRECT] [Fatal Error] :1:1: Premature end of file.
2025-12-23 10:27:05,979 [ERROR] LogOutputStream:75 - [STDERR_REDIRECT] 
2025-12-23 10:27:06,966 [ERROR] LogOutputStream:75 - [STDERR_REDIRECT] [Fatal Error] :1:1: Premature end of file.
2025-12-23 10:27:06,966 [ERROR] LogOutputStream:75 - [STDERR_REDIRECT] 
2025-12-23 10:27:07,981 [ERROR] LogOutputStream:75 - [STDERR_REDIRECT] [Fatal Error] :1:1: Premature end of file.
2025-12-23 10:27:07,982 [ERROR] LogOutputStream:75 - [STDERR_REDIRECT] 
2025-12-23 10:27:08,975 [ERROR] LogOutputStream:75 - [STDERR_REDIRECT] [Fatal Error] :1:1: Premature end of file.
2025-12-23 10:27:08,975 [ERROR] LogOutputStream:75 - [STDERR_REDIRECT] 
2025-12-23 10:27:09,967 [ERROR] LogOutputStream:75 - [STDERR_REDIRECT] [Fatal Error] :1:1: Premature end of file.
2025-12-23 10:27:09,967 [ERROR] LogOutputStream:75 - [STDERR_REDIRECT] 
2025-12-23 10:27:10,970 [ERROR] LogOutputStream:75 - [STDERR_REDIRECT] [Fatal Error] :1:1: Premature end of file.
2025-12-23 10:27:10,970 [ERROR] LogOutputStream:75 - [STDERR_REDIRECT] 
2025-12-23 10:27:11,988 [ERROR] LogOutputStream:75 - [STDERR_REDIRECT] [Fatal Error] :1:1: Premature end of file.
2025-12-23 10:27:11,988 [ERROR] LogOutputStream:75 - [STDERR_REDIRECT] 
2025-12-23 10:27:12,997 [ERROR] LogOutputStream:75 - [STDERR_REDIRECT] [Fatal Error] :1:1: Premature end of file.
2025-12-23 10:27:12,997 [ERROR] LogOutputStream:75 - [STDERR_REDIRECT] 
2025-12-23 10:27:14,014 [ERROR] LogOutputStream:75 - [STDERR_REDIRECT] [Fatal Error] :1:1: Premature end of file.
2025-12-23 10:27:14,014 [ERROR] LogOutputStream:75 - [STDERR_REDIRECT] 
2025-12-23 10:27:14,975 [ERROR] LogOutputStream:75 - [STDERR_REDIRECT] [Fatal Error] :1:1: Premature end of file.
2025-12-23 10:27:14,975 [ERROR] LogOutputStream:75 - [STDERR_REDIRECT] 
2025-12-23 10:27:15,964 [ERROR] LogOutputStream:75 - [STDERR_REDIRECT] [Fatal Error] :1:1: Premature end of file.
2025-12-23 10:27:15,964 [ERROR] LogOutputStream:75 - [STDERR_REDIRECT] 
2025-12-23 10:27:16,973 [ERROR] LogOutputStream:75 - [STDERR_REDIRECT] [Fatal Error] :1:1: Premature end of file.
2025-12-23 10:27:16,975 [ERROR] LogOutputStream:75 - [STDERR_REDIRECT] 
2025-12-23 10:27:17,976 [ERROR] LogOutputStream:75 - [STDERR_REDIRECT] [Fatal Error] :1:1: Premature end of file.
2025-12-23 10:27:17,976 [ERROR] LogOutputStream:75 - [STDERR_REDIRECT] 
2025-12-23 10:27:19,002 [ERROR] LogOutputStream:75 - [STDERR_REDIRECT] [Fatal Error] :1:1: Premature end of file.
2025-12-23 10:27:19,002 [ERROR] LogOutputStream:75 - [STDERR_REDIRECT] 
2025-12-23 10:27:19,985 [ERROR] LogOutputStream:75 - [STDERR_REDIRECT] [Fatal Error] :1:1: Premature end of file.
2025-12-23 10:27:19,985 [ERROR] LogOutputStream:75 - [STDERR_REDIRECT] 
2025-12-23 10:27:20,980 [ERROR] LogOutputStream:75 - [STDERR_REDIRECT] [Fatal Error] :1:1: Premature end of file.
2025-12-23 10:27:20,980 [ERROR] LogOutputStream:75 - [STDERR_REDIRECT] 
2025-12-23 10:27:22,008 [ERROR] LogOutputStream:75 - [STDERR_REDIRECT] [Fatal Error] :1:1: Premature end of file.
2025-12-23 10:27:22,008 [ERROR] LogOutputStream:75 - [STDERR_REDIRECT] 
2025-12-23 10:27:22,964 [ERROR] LogOutputStream:75 - [STDERR_REDIRECT] [Fatal Error] :1:1: Premature end of file.
2025-12-23 10:27:22,964 [ERROR] LogOutputStream:75 - [STDERR_REDIRECT] 
2025-12-23 10:27:23,963 [ERROR] LogOutputStream:75 - [STDERR_REDIRECT] [Fatal Error] :1:1: Premature end of file.
2025-12-23 10:27:23,963 [ERROR] LogOutputStream:75 - [STDERR_REDIRECT] 
2025-12-23 10:27:24,980 [ERROR] LogOutputStream:75 - [STDERR_REDIRECT] [Fatal Error] :1:1: Premature end of file.
2025-12-23 10:27:24,980 [ERROR] LogOutputStream:75 - [STDERR_REDIRECT] 
2025-12-23 10:27:25,980 [ERROR] LogOutputStream:75 - [STDERR_REDIRECT] [Fatal Error] :1:1: Premature end of file.
2025-12-23 10:27:25,980 [ERROR] LogOutputStream:75 - [STDERR_REDIRECT] 
2025-12-23 10:27:26,984 [ERROR] LogOutputStream:75 - [STDERR_REDIRECT] [Fatal Error] :1:1: Premature end of file.
2025-12-23 10:27:26,984 [ERROR] LogOutputStream:75 - [STDERR_REDIRECT] 
2025-12-23 10:27:27,967 [ERROR] LogOutputStream:75 - [STDERR_REDIRECT] [Fatal Error] :1:1: Premature end of file.
2025-12-23 10:27:27,967 [ERROR] LogOutputStream:75 - [STDERR_REDIRECT] 
2025-12-23 10:27:28,968 [ERROR] LogOutputStream:75 - [STDERR_REDIRECT] [Fatal Error] :1:1: Premature end of file.
2025-12-23 10:27:28,968 [ERROR] LogOutputStream:75 - [STDERR_REDIRECT] 
2025-12-23 10:27:29,976 [ERROR] LogOutputStream:75 - [STDERR_REDIRECT] [Fatal Error] :1:1: Premature end of file.
2025-12-23 10:27:29,976 [ERROR] LogOutputStream:75 - [STDERR_REDIRECT] 
2025-12-23 10:27:30,984 [ERROR] LogOutputStream:75 - [STDERR_REDIRECT] [Fatal Error] :1:1: Premature end of file.
2025-12-23 10:27:30,984 [ERROR] LogOutputStream:75 - [STDERR_REDIRECT] 
2025-12-23 10:27:32,000 [ERROR] LogOutputStream:75 - [STDERR_REDIRECT] [Fatal Error] :1:1: Premature end of file.
2025-12-23 10:27:32,001 [ERROR] LogOutputStream:75 - [STDERR_REDIRECT] 
2025-12-23 10:27:33,004 [ERROR] LogOutputStream:75 - [STDERR_REDIRECT] [Fatal Error] :1:1: Premature end of file.
2025-12-23 10:27:33,004 [ERROR] LogOutputStream:75 - [STDERR_REDIRECT] 
2025-12-23 10:27:33,984 [ERROR] LogOutputStream:75 - [STDERR_REDIRECT] [Fatal Error] :1:1: Premature end of file.
2025-12-23 10:27:33,986 [ERROR] LogOutputStream:75 - [STDERR_REDIRECT] 
2025-12-23 10:27:34,973 [ERROR] LogOutputStream:75 - [STDERR_REDIRECT] [Fatal Error] :1:1: Premature end of file.
2025-12-23 10:27:34,973 [ERROR] LogOutputStream:75 - [STDERR_REDIRECT] 
2025-12-23 10:27:35,979 [ERROR] LogOutputStream:75 - [STDERR_REDIRECT] [Fatal Error] :1:1: Premature end of file.
2025-12-23 10:27:35,979 [ERROR] LogOutputStream:75 - [STDERR_REDIRECT] 
2025-12-23 10:27:36,988 [ERROR] LogOutputStream:75 - [STDERR_REDIRECT] [Fatal Error] :1:1: Premature end of file.
2025-12-23 10:27:36,991 [ERROR] LogOutputStream:75 - [STDERR_REDIRECT] 
2025-12-23 10:27:38,012 [ERROR] LogOutputStream:75 - [STDERR_REDIRECT] [Fatal Error] :1:1: Premature end of file.
2025-12-23 10:27:38,012 [ERROR] LogOutputStream:75 - [STDERR_REDIRECT] 
2025-12-23 10:27:38,978 [ERROR] LogOutputStream:75 - [STDERR_REDIRECT] [Fatal Error] :1:1: Premature end of file.
2025-12-23 10:27:38,982 [ERROR] LogOutputStream:75 - [STDERR_REDIRECT] 
2025-12-23 10:27:39,979 [ERROR] LogOutputStream:75 - [STDERR_REDIRECT] [Fatal Error] :1:1: Premature end of file.
2025-12-23 10:27:39,979 [ERROR] LogOutputStream:75 - [STDERR_REDIRECT] 
2025-12-23 10:27:40,993 [ERROR] LogOutputStream:75 - [STDERR_REDIRECT] [Fatal Error] :1:1: Premature end of file.
2025-12-23 10:27:40,993 [ERROR] LogOutputStream:75 - [STDERR_REDIRECT] 
2025-12-23 10:27:42,010 [ERROR] LogOutputStream:75 - [STDERR_REDIRECT] [Fatal Error] :1:1: Premature end of file.
2025-12-23 10:27:42,010 [ERROR] LogOutputStream:75 - [STDERR_REDIRECT] 
2025-12-23 10:27:42,987 [ERROR] LogOutputStream:75 - [STDERR_REDIRECT] [Fatal Error] :1:1: Premature end of file.
2025-12-23 10:27:42,987 [ERROR] LogOutputStream:75 - [STDERR_REDIRECT] 
2025-12-23 10:27:43,961 [ERROR] LogOutputStream:75 - [STDERR_REDIRECT] [Fatal Error] :1:1: Premature end of file.
2025-12-23 10:27:43,975 [ERROR] LogOutputStream:75 - [STDERR_REDIRECT] 
2025-12-23 10:27:44,963 [ERROR] LogOutputStream:75 - [STDERR_REDIRECT] [Fatal Error] :1:1: Premature end of file.
2025-12-23 10:27:44,963 [ERROR] LogOutputStream:75 - [STDERR_REDIRECT] 
2025-12-23 10:27:45,982 [ERROR] LogOutputStream:75 - [STDERR_REDIRECT] [Fatal Error] :1:1: Premature end of file.
2025-12-23 10:27:45,982 [ERROR] LogOutputStream:75 - [STDERR_REDIRECT] 
2025-12-23 10:27:46,992 [ERROR] LogOutputStream:75 - [STDERR_REDIRECT] [Fatal Error] :1:1: Premature end of file.
2025-12-23 10:27:46,992 [ERROR] LogOutputStream:75 - [STDERR_REDIRECT] 
2025-12-23 10:27:47,976 [ERROR] LogOutputStream:75 - [STDERR_REDIRECT] [Fatal Error] :1:1: Premature end of file.
2025-12-23 10:27:47,976 [ERROR] LogOutputStream:75 - [STDERR_REDIRECT] 
2025-12-23 10:27:48,980 [ERROR] LogOutputStream:75 - [STDERR_REDIRECT] [Fatal Error] :1:1: Premature end of file.
2025-12-23 10:27:48,981 [ERROR] LogOutputStream:75 - [STDERR_REDIRECT] 
2025-12-23 10:27:49,977 [ERROR] LogOutputStream:75 - [STDERR_REDIRECT] [Fatal Error] :1:1: Premature end of file.
2025-12-23 10:27:49,977 [ERROR] LogOutputStream:75 - [STDERR_REDIRECT] 
2025-12-23 10:27:51,019 [ERROR] LogOutputStream:75 - [STDERR_REDIRECT] [Fatal Error] :1:1: Premature end of file.
2025-12-23 10:27:51,025 [ERROR] LogOutputStream:75 - [STDERR_REDIRECT] 
2025-12-23 10:27:51,975 [ERROR] LogOutputStream:75 - [STDERR_REDIRECT] [Fatal Error] :1:1: Premature end of file.
2025-12-23 10:27:51,975 [ERROR] LogOutputStream:75 - [STDERR_REDIRECT] 
2025-12-23 10:27:52,975 [ERROR] LogOutputStream:75 - [STDERR_REDIRECT] [Fatal Error] :1:1: Premature end of file.
2025-12-23 10:27:52,975 [ERROR] LogOutputStream:75 - [STDERR_REDIRECT] 
2025-12-23 10:27:53,975 [ERROR] LogOutputStream:75 - [STDERR_REDIRECT] [Fatal Error] :1:1: Premature end of file.
2025-12-23 10:27:53,975 [ERROR] LogOutputStream:75 - [STDERR_REDIRECT] 
2025-12-23 10:27:54,975 [ERROR] LogOutputStream:75 - [STDERR_REDIRECT] [Fatal Error] :1:1: Premature end of file.
2025-12-23 10:27:54,975 [ERROR] LogOutputStream:75 - [STDERR_REDIRECT] 
2025-12-23 10:27:55,975 [ERROR] LogOutputStream:75 - [STDERR_REDIRECT] [Fatal Error] :1:1: Premature end of file.
2025-12-23 10:27:55,975 [ERROR] LogOutputStream:75 - [STDERR_REDIRECT] 
2025-12-23 10:27:56,975 [ERROR] LogOutputStream:75 - [STDERR_REDIRECT] [Fatal Error] :1:1: Premature end of file.
2025-12-23 10:27:56,984 [ERROR] LogOutputStream:75 - [STDERR_REDIRECT] 
2025-12-23 10:27:57,977 [ERROR] LogOutputStream:75 - [STDERR_REDIRECT] [Fatal Error] :1:1: Premature end of file.
2025-12-23 10:27:57,986 [ERROR] LogOutputStream:75 - [STDERR_REDIRECT] 
2025-12-23 10:27:58,981 [ERROR] LogOutputStream:75 - [STDERR_REDIRECT] [Fatal Error] :1:1: Premature end of file.
2025-12-23 10:27:58,981 [ERROR] LogOutputStream:75 - [STDERR_REDIRECT] 
2025-12-23 10:28:00,044 [ERROR] LogOutputStream:75 - [STDERR_REDIRECT] [Fatal Error] :1:1: Premature end of file.
2025-12-23 10:28:00,044 [ERROR] LogOutputStream:75 - [STDERR_REDIRECT] 
2025-12-23 10:28:00,983 [ERROR] LogOutputStream:75 - [STDERR_REDIRECT] [Fatal Error] :1:1: Premature end of file.
2025-12-23 10:28:00,985 [ERROR] LogOutputStream:75 - [STDERR_REDIRECT] 
2025-12-23 10:28:01,974 [ERROR] LogOutputStream:75 - [STDERR_REDIRECT] [Fatal Error] :1:1: Premature end of file.
2025-12-23 10:28:01,974 [ERROR] LogOutputStream:75 - [STDERR_REDIRECT] 
2025-12-23 10:28:02,960 [ERROR] LogOutputStream:75 - [STDERR_REDIRECT] [Fatal Error] :1:1: Premature end of file.
2025-12-23 10:28:02,960 [ERROR] LogOutputStream:75 - [STDERR_REDIRECT] 
2025-12-23 10:28:03,978 [ERROR] LogOutputStream:75 - [STDERR_REDIRECT] [Fatal Error] :1:1: Premature end of file.
2025-12-23 10:28:03,978 [ERROR] LogOutputStream:75 - [STDERR_REDIRECT] 
2025-12-23 10:28:05,043 [ERROR] LogOutputStream:75 - [STDERR_REDIRECT] [Fatal Error] :1:1: Premature end of file.
2025-12-23 10:28:05,043 [ERROR] LogOutputStream:75 - [STDERR_REDIRECT] 
2025-12-23 10:28:05,980 [ERROR] LogOutputStream:75 - [STDERR_REDIRECT] [Fatal Error] :1:1: Premature end of file.
2025-12-23 10:28:05,980 [ERROR] LogOutputStream:75 - [STDERR_REDIRECT] 
2025-12-23 10:28:06,959 [ERROR] LogOutputStream:75 - [STDERR_REDIRECT] [Fatal Error] :1:1: Premature end of file.
2025-12-23 10:28:06,959 [ERROR] LogOutputStream:75 - [STDERR_REDIRECT] 
2025-12-23 10:28:07,974 [ERROR] LogOutputStream:75 - [STDERR_REDIRECT] [Fatal Error] :1:1: Premature end of file.
2025-12-23 10:28:07,974 [ERROR] LogOutputStream:75 - [STDERR_REDIRECT] 
2025-12-23 10:28:08,973 [ERROR] LogOutputStream:75 - [STDERR_REDIRECT] [Fatal Error] :1:1: Premature end of file.
2025-12-23 10:28:08,973 [ERROR] LogOutputStream:75 - [STDERR_REDIRECT] 
2025-12-23 10:28:09,975 [ERROR] LogOutputStream:75 - [STDERR_REDIRECT] [Fatal Error] :1:1: Premature end of file.
2025-12-23 10:28:09,982 [ERROR] LogOutputStream:75 - [STDERR_REDIRECT] 
2025-12-23 10:28:10,979 [ERROR] LogOutputStream:75 - [STDERR_REDIRECT] [Fatal Error] :1:1: Premature end of file.
2025-12-23 10:28:10,979 [ERROR] LogOutputStream:75 - [STDERR_REDIRECT] 
2025-12-23 10:28:11,973 [ERROR] LogOutputStream:75 - [STDERR_REDIRECT] [Fatal Error] :1:1: Premature end of file.
2025-12-23 10:28:11,973 [ERROR] LogOutputStream:75 - [STDERR_REDIRECT] 
2025-12-23 10:28:12,977 [ERROR] LogOutputStream:75 - [STDERR_REDIRECT] [Fatal Error] :1:1: Premature end of file.
2025-12-23 10:28:12,977 [ERROR] LogOutputStream:75 - [STDERR_REDIRECT] 
2025-12-23 10:28:14,001 [ERROR] LogOutputStream:75 - [STDERR_REDIRECT] [Fatal Error] :1:1: Premature end of file.
2025-12-23 10:28:14,001 [ERROR] LogOutputStream:75 - [STDERR_REDIRECT] 
2025-12-23 10:28:14,976 [ERROR] LogOutputStream:75 - [STDERR_REDIRECT] [Fatal Error] :1:1: Premature end of file.
2025-12-23 10:28:14,976 [ERROR] LogOutputStream:75 - [STDERR_REDIRECT] 
2025-12-23 10:28:15,970 [ERROR] LogOutputStream:75 - [STDERR_REDIRECT] [Fatal Error] :1:1: Premature end of file.
2025-12-23 10:28:15,970 [ERROR] LogOutputStream:75 - [STDERR_REDIRECT] 
2025-12-23 10:28:16,973 [ERROR] LogOutputStream:75 - [STDERR_REDIRECT] [Fatal Error] :1:1: Premature end of file.
2025-12-23 10:28:16,973 [ERROR] LogOutputStream:75 - [STDERR_REDIRECT] 
2025-12-23 10:28:17,993 [ERROR] LogOutputStream:75 - [STDERR_REDIRECT] [Fatal Error] :1:1: Premature end of file.
2025-12-23 10:28:17,993 [ERROR] LogOutputStream:75 - [STDERR_REDIRECT] 
2025-12-23 10:28:18,965 [ERROR] LogOutputStream:75 - [STDERR_REDIRECT] [Fatal Error] :1:1: Premature end of file.
2025-12-23 10:28:18,965 [ERROR] LogOutputStream:75 - [STDERR_REDIRECT] 
2025-12-23 10:28:20,012 [ERROR] LogOutputStream:75 - [STDERR_REDIRECT] [Fatal Error] :1:1: Premature end of file.
2025-12-23 10:28:20,012 [ERROR] LogOutputStream:75 - [STDERR_REDIRECT] 
2025-12-23 10:28:20,975 [ERROR] LogOutputStream:75 - [STDERR_REDIRECT] [Fatal Error] :1:1: Premature end of file.
2025-12-23 10:28:20,975 [ERROR] LogOutputStream:75 - [STDERR_REDIRECT] 
2025-12-23 10:28:21,970 [ERROR] LogOutputStream:75 - [STDERR_REDIRECT] [Fatal Error] :1:1: Premature end of file.
2025-12-23 10:28:21,971 [ERROR] LogOutputStream:75 - [STDERR_REDIRECT] 
2025-12-23 10:28:22,967 [ERROR] LogOutputStream:75 - [STDERR_REDIRECT] [Fatal Error] :1:1: Premature end of file.
2025-12-23 10:28:22,967 [ERROR] LogOutputStream:75 - [STDERR_REDIRECT] 
2025-12-23 10:28:23,962 [ERROR] LogOutputStream:75 - [STDERR_REDIRECT] [Fatal Error] :1:1: Premature end of file.
2025-12-23 10:28:23,962 [ERROR] LogOutputStream:75 - [STDERR_REDIRECT] 
2025-12-23 10:28:24,969 [ERROR] LogOutputStream:75 - [STDERR_REDIRECT] [Fatal Error] :1:1: Premature end of file.
2025-12-23 10:28:24,969 [ERROR] LogOutputStream:75 - [STDERR_REDIRECT] 
2025-12-23 10:28:25,995 [ERROR] LogOutputStream:75 - [STDERR_REDIRECT] [Fatal Error] :1:1: Premature end of file.
2025-12-23 10:28:25,996 [ERROR] LogOutputStream:75 - [STDERR_REDIRECT] 
2025-12-23 10:28:26,964 [ERROR] LogOutputStream:75 - [STDERR_REDIRECT] [Fatal Error] :1:1: Premature end of file.
2025-12-23 10:28:26,965 [ERROR] LogOutputStream:75 - [STDERR_REDIRECT] 
2025-12-23 10:28:27,970 [ERROR] LogOutputStream:75 - [STDERR_REDIRECT] [Fatal Error] :1:1: Premature end of file.
2025-12-23 10:28:27,970 [ERROR] LogOutputStream:75 - [STDERR_REDIRECT] 
2025-12-23 10:28:28,969 [ERROR] LogOutputStream:75 - [STDERR_REDIRECT] [Fatal Error] :1:1: Premature end of file.
2025-12-23 10:28:28,969 [ERROR] LogOutputStream:75 - [STDERR_REDIRECT] 
2025-12-23 10:28:29,975 [ERROR] LogOutputStream:75 - [STDERR_REDIRECT] [Fatal Error] :1:1: Premature end of file.
2025-12-23 10:28:29,976 [ERROR] LogOutputStream:75 - [STDERR_REDIRECT] 
2025-12-23 10:28:30,973 [ERROR] LogOutputStream:75 - [STDERR_REDIRECT] [Fatal Error] :1:1: Premature end of file.
2025-12-23 10:28:30,974 [ERROR] LogOutputStream:75 - [STDERR_REDIRECT] 
2025-12-23 10:28:31,974 [ERROR] LogOutputStream:75 - [STDERR_REDIRECT] [Fatal Error] :1:1: Premature end of file.
2025-12-23 10:28:31,974 [ERROR] LogOutputStream:75 - [STDERR_REDIRECT] 
2025-12-23 10:28:32,968 [ERROR] LogOutputStream:75 - [STDERR_REDIRECT] [Fatal Error] :1:1: Premature end of file.
2025-12-23 10:28:32,968 [ERROR] LogOutputStream:75 - [STDERR_REDIRECT] 
2025-12-23 10:28:33,957 [ERROR] LogOutputStream:75 - [STDERR_REDIRECT] [Fatal Error] :1:1: Premature end of file.
2025-12-23 10:28:33,957 [ERROR] LogOutputStream:75 - [STDERR_REDIRECT] 
2025-12-23 10:28:34,965 [ERROR] LogOutputStream:75 - [STDERR_REDIRECT] [Fatal Error] :1:1: Premature end of file.
2025-12-23 10:28:34,965 [ERROR] LogOutputStream:75 - [STDERR_REDIRECT] 
2025-12-23 10:28:35,980 [ERROR] LogOutputStream:75 - [STDERR_REDIRECT] [Fatal Error] :1:1: Premature end of file.
2025-12-23 10:28:35,980 [ERROR] LogOutputStream:75 - [STDERR_REDIRECT] 
2025-12-23 10:28:36,963 [ERROR] LogOutputStream:75 - [STDERR_REDIRECT] [Fatal Error] :1:1: Premature end of file.
2025-12-23 10:28:36,963 [ERROR] LogOutputStream:75 - [STDERR_REDIRECT] 
2025-12-23 10:28:37,965 [ERROR] LogOutputStream:75 - [STDERR_REDIRECT] [Fatal Error] :1:1: Premature end of file.
2025-12-23 10:28:37,965 [ERROR] LogOutputStream:75 - [STDERR_REDIRECT] 
2025-12-23 10:28:38,968 [ERROR] LogOutputStream:75 - [STDERR_REDIRECT] [Fatal Error] :1:1: Premature end of file.
2025-12-23 10:28:38,968 [ERROR] LogOutputStream:75 - [STDERR_REDIRECT] 
2025-12-23 10:28:39,975 [ERROR] LogOutputStream:75 - [STDERR_REDIRECT] [Fatal Error] :1:1: Premature end of file.
2025-12-23 10:28:39,976 [ERROR] LogOutputStream:75 - [STDERR_REDIRECT] 
2025-12-23 10:28:40,983 [ERROR] LogOutputStream:75 - [STDERR_REDIRECT] [Fatal Error] :1:1: Premature end of file.
2025-12-23 10:28:40,983 [ERROR] LogOutputStream:75 - [STDERR_REDIRECT] 
2025-12-23 10:28:41,975 [ERROR] LogOutputStream:75 - [STDERR_REDIRECT] [Fatal Error] :1:1: Premature end of file.
2025-12-23 10:28:41,975 [ERROR] LogOutputStream:75 - [STDERR_REDIRECT] 
2025-12-23 10:28:42,968 [ERROR] LogOutputStream:75 - [STDERR_REDIRECT] [Fatal Error] :1:1: Premature end of file.
2025-12-23 10:28:42,969 [ERROR] LogOutputStream:75 - [STDERR_REDIRECT] 
2025-12-23 10:28:43,978 [ERROR] LogOutputStream:75 - [STDERR_REDIRECT] [Fatal Error] :1:1: Premature end of file.
2025-12-23 10:28:43,979 [ERROR] LogOutputStream:75 - [STDERR_REDIRECT] 
2025-12-23 10:28:44,938 [ERROR] LogOutputStream:75 - [STDERR_REDIRECT] [Fatal Error] :1:1: Premature end of file.
2025-12-23 10:28:44,938 [ERROR] LogOutputStream:75 - [STDERR_REDIRECT] 
2025-12-23 10:28:45,940 [ERROR] LogOutputStream:75 - [STDERR_REDIRECT] [Fatal Error] :1:1: Premature end of file.
2025-12-23 10:28:45,940 [ERROR] LogOutputStream:75 - [STDERR_REDIRECT] 
2025-12-23 10:28:46,956 [ERROR] LogOutputStream:75 - [STDERR_REDIRECT] [Fatal Error] :1:1: Premature end of file.
2025-12-23 10:28:46,956 [ERROR] LogOutputStream:75 - [STDERR_REDIRECT] 
2025-12-23 10:28:47,209 [INFO] MainUpdater:2872 - connection check result : 10
2025-12-23 10:28:47,210 [INFO] MainUpdater:665 - Updater currently busy
2025-12-23 10:28:47,957 [ERROR] LogOutputStream:75 - [STDERR_REDIRECT] [Fatal Error] :1:1: Premature end of file.
2025-12-23 10:28:47,957 [ERROR] LogOutputStream:75 - [STDERR_REDIRECT] 
2025-12-23 10:28:48,994 [ERROR] LogOutputStream:75 - [STDERR_REDIRECT] [Fatal Error] :1:1: Premature end of file.
2025-12-23 10:28:48,994 [ERROR] LogOutputStream:75 - [STDERR_REDIRECT] 
2025-12-23 10:28:49,957 [ERROR] LogOutputStream:75 - [STDERR_REDIRECT] [Fatal Error] :1:1: Premature end of file.
2025-12-23 10:28:49,957 [ERROR] LogOutputStream:75 - [STDERR_REDIRECT] 
2025-12-23 10:28:50,961 [ERROR] LogOutputStream:75 - [STDERR_REDIRECT] [Fatal Error] :1:1: Premature end of file.
2025-12-23 10:28:50,961 [ERROR] LogOutputStream:75 - [STDERR_REDIRECT] 
2025-12-23 10:28:51,954 [ERROR] LogOutputStream:75 - [STDERR_REDIRECT] [Fatal Error] :1:1: Premature end of file.
2025-12-23 10:28:51,955 [ERROR] LogOutputStream:75 - [STDERR_REDIRECT] 
2025-12-23 10:28:52,997 [ERROR] LogOutputStream:75 - [STDERR_REDIRECT] [Fatal Error] :1:1: Premature end of file.
2025-12-23 10:28:52,997 [ERROR] LogOutputStream:75 - [STDERR_REDIRECT] 
2025-12-23 10:28:53,957 [ERROR] LogOutputStream:75 - [STDERR_REDIRECT] [Fatal Error] :1:1: Premature end of file.
2025-12-23 10:28:53,957 [ERROR] LogOutputStream:75 - [STDERR_REDIRECT] 
2025-12-23 10:28:54,933 [ERROR] LogOutputStream:75 - [STDERR_REDIRECT] [Fatal Error] :1:1: Premature end of file.
2025-12-23 10:28:54,933 [ERROR] LogOutputStream:75 - [STDERR_REDIRECT] 
2025-12-23 10:28:55,937 [ERROR] LogOutputStream:75 - [STDERR_REDIRECT] [Fatal Error] :1:1: Premature end of file.
2025-12-23 10:28:55,937 [ERROR] LogOutputStream:75 - [STDERR_REDIRECT] 
2025-12-23 10:28:56,974 [ERROR] LogOutputStream:75 - [STDERR_REDIRECT] [Fatal Error] :1:1: Premature end of file.
2025-12-23 10:28:56,974 [ERROR] LogOutputStream:75 - [STDERR_REDIRECT] 
2025-12-23 10:28:57,961 [ERROR] LogOutputStream:75 - [STDERR_REDIRECT] [Fatal Error] :1:1: Premature end of file.
2025-12-23 10:28:57,961 [ERROR] LogOutputStream:75 - [STDERR_REDIRECT] 
2025-12-23 10:28:58,966 [ERROR] LogOutputStream:75 - [STDERR_REDIRECT] [Fatal Error] :1:1: Premature end of file.
2025-12-23 10:28:58,967 [ERROR] LogOutputStream:75 - [STDERR_REDIRECT] 
2025-12-23 10:28:59,954 [ERROR] LogOutputStream:75 - [STDERR_REDIRECT] [Fatal Error] :1:1: Premature end of file.
2025-12-23 10:28:59,954 [ERROR] LogOutputStream:75 - [STDERR_REDIRECT] 
2025-12-23 10:29:00,949 [ERROR] LogOutputStream:75 - [STDERR_REDIRECT] [Fatal Error] :1:1: Premature end of file.
2025-12-23 10:29:00,950 [ERROR] LogOutputStream:75 - [STDERR_REDIRECT] 
2025-12-23 10:29:01,964 [ERROR] LogOutputStream:75 - [STDERR_REDIRECT] [Fatal Error] :1:1: Premature end of file.
2025-12-23 10:29:01,964 [ERROR] LogOutputStream:75 - [STDERR_REDIRECT] 
2025-12-23 10:29:02,957 [ERROR] LogOutputStream:75 - [STDERR_REDIRECT] [Fatal Error] :1:1: Premature end of file.
2025-12-23 10:29:02,957 [ERROR] LogOutputStream:75 - [STDERR_REDIRECT] 
2025-12-23 10:29:03,984 [ERROR] LogOutputStream:75 - [STDERR_REDIRECT] [Fatal Error] :1:1: Premature end of file.
2025-12-23 10:29:03,984 [ERROR] LogOutputStream:75 - [STDERR_REDIRECT] 
2025-12-23 10:29:04,955 [ERROR] LogOutputStream:75 - [STDERR_REDIRECT] [Fatal Error] :1:1: Premature end of file.
2025-12-23 10:29:04,955 [ERROR] LogOutputStream:75 - [STDERR_REDIRECT] 
2025-12-23 10:29:05,974 [ERROR] LogOutputStream:75 - [STDERR_REDIRECT] [Fatal Error] :1:1: Premature end of file.
2025-12-23 10:29:05,974 [ERROR] LogOutputStream:75 - [STDERR_REDIRECT] 
2025-12-23 10:29:06,945 [ERROR] LogOutputStream:75 - [STDERR_REDIRECT] [Fatal Error] :1:1: Premature end of file.
2025-12-23 10:29:06,945 [ERROR] LogOutputStream:75 - [STDERR_REDIRECT] 
2025-12-23 10:29:07,968 [ERROR] LogOutputStream:75 - [STDERR_REDIRECT] [Fatal Error] :1:1: Premature end of file.
2025-12-23 10:29:07,974 [ERROR] LogOutputStream:75 - [STDERR_REDIRECT] 
2025-12-23 10:29:08,969 [ERROR] LogOutputStream:75 - [STDERR_REDIRECT] [Fatal Error] :1:1: Premature end of file.
2025-12-23 10:29:08,969 [ERROR] LogOutputStream:75 - [STDERR_REDIRECT] 
2025-12-23 10:29:09,956 [ERROR] LogOutputStream:75 - [STDERR_REDIRECT] [Fatal Error] :1:1: Premature end of file.
2025-12-23 10:29:09,956 [ERROR] LogOutputStream:75 - [STDERR_REDIRECT] 
2025-12-23 10:29:10,943 [ERROR] LogOutputStream:75 - [STDERR_REDIRECT] [Fatal Error] :1:1: Premature end of file.
2025-12-23 10:29:10,943 [ERROR] LogOutputStream:75 - [STDERR_REDIRECT] 
2025-12-23 10:29:11,989 [ERROR] LogOutputStream:75 - [STDERR_REDIRECT] [Fatal Error] :1:1: Premature end of file.
2025-12-23 10:29:11,999 [ERROR] LogOutputStream:75 - [STDERR_REDIRECT] 
2025-12-23 10:29:13,031 [ERROR] LogOutputStream:75 - [STDERR_REDIRECT] [Fatal Error] :1:1: Premature end of file.
2025-12-23 10:29:13,031 [ERROR] LogOutputStream:75 - [STDERR_REDIRECT] 
2025-12-23 10:29:13,972 [ERROR] LogOutputStream:75 - [STDERR_REDIRECT] [Fatal Error] :1:1: Premature end of file.
2025-12-23 10:29:13,972 [ERROR] LogOutputStream:75 - [STDERR_REDIRECT] 
2025-12-23 10:29:14,971 [ERROR] LogOutputStream:75 - [STDERR_REDIRECT] [Fatal Error] :1:1: Premature end of file.
2025-12-23 10:29:14,971 [ERROR] LogOutputStream:75 - [STDERR_REDIRECT] 
2025-12-23 10:29:15,971 [ERROR] LogOutputStream:75 - [STDERR_REDIRECT] [Fatal Error] :1:1: Premature end of file.
2025-12-23 10:29:15,971 [ERROR] LogOutputStream:75 - [STDERR_REDIRECT] 
2025-12-23 10:29:16,983 [ERROR] LogOutputStream:75 - [STDERR_REDIRECT] [Fatal Error] :1:1: Premature end of file.
2025-12-23 10:29:16,983 [ERROR] LogOutputStream:75 - [STDERR_REDIRECT] 
2025-12-23 10:29:17,943 [ERROR] LogOutputStream:75 - [STDERR_REDIRECT] [Fatal Error] :1:1: Premature end of file.
2025-12-23 10:29:17,943 [ERROR] LogOutputStream:75 - [STDERR_REDIRECT] 
2025-12-23 10:29:18,680 [INFO] MainUpdater:2872 - connection check result : 10
2025-12-23 10:29:18,680 [INFO] MainUpdater:665 - Updater currently busy
2025-12-23 10:29:18,940 [ERROR] LogOutputStream:75 - [STDERR_REDIRECT] [Fatal Error] :1:1: Premature end of file.
2025-12-23 10:29:18,940 [ERROR] LogOutputStream:75 - [STDERR_REDIRECT] 
2025-12-23 10:29:19,944 [ERROR] LogOutputStream:75 - [STDERR_REDIRECT] [Fatal Error] :1:1: Premature end of file.
2025-12-23 10:29:19,944 [ERROR] LogOutputStream:75 - [STDERR_REDIRECT] 
2025-12-23 10:29:20,973 [ERROR] LogOutputStream:75 - [STDERR_REDIRECT] [Fatal Error] :1:1: Premature end of file.
2025-12-23 10:29:20,973 [ERROR] LogOutputStream:75 - [STDERR_REDIRECT] 
2025-12-23 10:29:21,964 [ERROR] LogOutputStream:75 - [STDERR_REDIRECT] [Fatal Error] :1:1: Premature end of file.
2025-12-23 10:29:21,964 [ERROR] LogOutputStream:75 - [STDERR_REDIRECT] 
2025-12-23 10:29:22,981 [ERROR] LogOutputStream:75 - [STDERR_REDIRECT] [Fatal Error] :1:1: Premature end of file.
2025-12-23 10:29:22,981 [ERROR] LogOutputStream:75 - [STDERR_REDIRECT] 
2025-12-23 10:29:23,956 [ERROR] LogOutputStream:75 - [STDERR_REDIRECT] [Fatal Error] :1:1: Premature end of file.
2025-12-23 10:29:23,956 [ERROR] LogOutputStream:75 - [STDERR_REDIRECT] 
2025-12-23 10:29:25,002 [ERROR] LogOutputStream:75 - [STDERR_REDIRECT] [Fatal Error] :1:1: Premature end of file.
2025-12-23 10:29:25,002 [ERROR] LogOutputStream:75 - [STDERR_REDIRECT] 
2025-12-23 10:29:25,974 [ERROR] LogOutputStream:75 - [STDERR_REDIRECT] [Fatal Error] :1:1: Premature end of file.
2025-12-23 10:29:25,974 [ERROR] LogOutputStream:75 - [STDERR_REDIRECT] 
2025-12-23 10:29:26,963 [ERROR] LogOutputStream:75 - [STDERR_REDIRECT] [Fatal Error] :1:1: Premature end of file.
2025-12-23 10:29:26,963 [ERROR] LogOutputStream:75 - [STDERR_REDIRECT] 
2025-12-23 10:29:27,964 [ERROR] LogOutputStream:75 - [STDERR_REDIRECT] [Fatal Error] :1:1: Premature end of file.
2025-12-23 10:29:27,964 [ERROR] LogOutputStream:75 - [STDERR_REDIRECT] 
2025-12-23 10:29:28,995 [ERROR] LogOutputStream:75 - [STDERR_REDIRECT] [Fatal Error] :1:1: Premature end of file.
2025-12-23 10:29:28,995 [ERROR] LogOutputStream:75 - [STDERR_REDIRECT] 
2025-12-23 10:29:29,965 [ERROR] LogOutputStream:75 - [STDERR_REDIRECT] [Fatal Error] :1:1: Premature end of file.
2025-12-23 10:29:29,965 [ERROR] LogOutputStream:75 - [STDERR_REDIRECT] 
2025-12-23 10:29:30,936 [ERROR] LogOutputStream:75 - [STDERR_REDIRECT] [Fatal Error] :1:1: Premature end of file.
2025-12-23 10:29:30,936 [ERROR] LogOutputStream:75 - [STDERR_REDIRECT] 
2025-12-23 10:29:31,961 [ERROR] LogOutputStream:75 - [STDERR_REDIRECT] [Fatal Error] :1:1: Premature end of file.
2025-12-23 10:29:31,961 [ERROR] LogOutputStream:75 - [STDERR_REDIRECT] 
2025-12-23 10:29:32,994 [ERROR] LogOutputStream:75 - [STDERR_REDIRECT] [Fatal Error] :1:1: Premature end of file.
2025-12-23 10:29:32,994 [ERROR] LogOutputStream:75 - [STDERR_REDIRECT] 
2025-12-23 10:29:33,951 [ERROR] LogOutputStream:75 - [STDERR_REDIRECT] [Fatal Error] :1:1: Premature end of file.
2025-12-23 10:29:33,951 [ERROR] LogOutputStream:75 - [STDERR_REDIRECT] 
2025-12-23 10:29:34,948 [ERROR] LogOutputStream:75 - [STDERR_REDIRECT] [Fatal Error] :1:1: Premature end of file.
2025-12-23 10:29:34,948 [ERROR] LogOutputStream:75 - [STDERR_REDIRECT] 
2025-12-23 10:29:35,957 [ERROR] LogOutputStream:75 - [STDERR_REDIRECT] [Fatal Error] :1:1: Premature end of file.
2025-12-23 10:29:35,957 [ERROR] LogOutputStream:75 - [STDERR_REDIRECT] 
2025-12-23 10:29:36,955 [ERROR] LogOutputStream:75 - [STDERR_REDIRECT] [Fatal Error] :1:1: Premature end of file.
2025-12-23 10:29:36,955 [ERROR] LogOutputStream:75 - [STDERR_REDIRECT] 
2025-12-23 10:29:37,960 [ERROR] LogOutputStream:75 - [STDERR_REDIRECT] [Fatal Error] :1:1: Premature end of file.
2025-12-23 10:29:37,968 [ERROR] LogOutputStream:75 - [STDERR_REDIRECT] 
2025-12-23 10:29:38,951 [ERROR] LogOutputStream:75 - [STDERR_REDIRECT] [Fatal Error] :1:1: Premature end of file.
2025-12-23 10:29:38,951 [ERROR] LogOutputStream:75 - [STDERR_REDIRECT] 
2025-12-23 10:29:39,944 [ERROR] LogOutputStream:75 - [STDERR_REDIRECT] [Fatal Error] :1:1: Premature end of file.
2025-12-23 10:29:39,944 [ERROR] LogOutputStream:75 - [STDERR_REDIRECT] 
2025-12-23 10:29:40,956 [ERROR] LogOutputStream:75 - [STDERR_REDIRECT] [Fatal Error] :1:1: Premature end of file.
2025-12-23 10:29:40,956 [ERROR] LogOutputStream:75 - [STDERR_REDIRECT] 
2025-12-23 10:29:41,959 [ERROR] LogOutputStream:75 - [STDERR_REDIRECT] [Fatal Error] :1:1: Premature end of file.
2025-12-23 10:29:41,959 [ERROR] LogOutputStream:75 - [STDERR_REDIRECT] 
2025-12-23 10:29:42,970 [ERROR] LogOutputStream:75 - [STDERR_REDIRECT] [Fatal Error] :1:1: Premature end of file.
2025-12-23 10:29:42,970 [ERROR] LogOutputStream:75 - [STDERR_REDIRECT] 
2025-12-23 10:29:43,963 [ERROR] LogOutputStream:75 - [STDERR_REDIRECT] [Fatal Error] :1:1: Premature end of file.
2025-12-23 10:29:43,963 [ERROR] LogOutputStream:75 - [STDERR_REDIRECT] 
2025-12-23 10:29:44,962 [ERROR] LogOutputStream:75 - [STDERR_REDIRECT] [Fatal Error] :1:1: Premature end of file.
2025-12-23 10:29:44,971 [ERROR] LogOutputStream:75 - [STDERR_REDIRECT] 
2025-12-23 10:29:45,970 [ERROR] LogOutputStream:75 - [STDERR_REDIRECT] [Fatal Error] :1:1: Premature end of file.
2025-12-23 10:29:45,970 [ERROR] LogOutputStream:75 - [STDERR_REDIRECT] 
2025-12-23 10:29:46,940 [ERROR] LogOutputStream:75 - [STDERR_REDIRECT] [Fatal Error] :1:1: Premature end of file.
2025-12-23 10:29:46,940 [ERROR] LogOutputStream:75 - [STDERR_REDIRECT] 
2025-12-23 10:29:47,961 [ERROR] LogOutputStream:75 - [STDERR_REDIRECT] [Fatal Error] :1:1: Premature end of file.
2025-12-23 10:29:47,962 [ERROR] LogOutputStream:75 - [STDERR_REDIRECT] 
2025-12-23 10:29:48,947 [ERROR] LogOutputStream:75 - [STDERR_REDIRECT] [Fatal Error] :1:1: Premature end of file.
2025-12-23 10:29:48,947 [ERROR] LogOutputStream:75 - [STDERR_REDIRECT] 
2025-12-23 10:29:49,953 [ERROR] LogOutputStream:75 - [STDERR_REDIRECT] [Fatal Error] :1:1: Premature end of file.
2025-12-23 10:29:49,953 [ERROR] LogOutputStream:75 - [STDERR_REDIRECT] 
2025-12-23 10:29:50,974 [ERROR] LogOutputStream:75 - [STDERR_REDIRECT] [Fatal Error] :1:1: Premature end of file.
2025-12-23 10:29:50,974 [ERROR] LogOutputStream:75 - [STDERR_REDIRECT] 
2025-12-23 10:29:51,962 [ERROR] LogOutputStream:75 - [STDERR_REDIRECT] [Fatal Error] :1:1: Premature end of file.
2025-12-23 10:29:51,975 [ERROR] LogOutputStream:75 - [STDERR_REDIRECT] 
2025-12-23 10:29:52,960 [ERROR] LogOutputStream:75 - [STDERR_REDIRECT] [Fatal Error] :1:1: Premature end of file.
2025-12-23 10:29:52,960 [ERROR] LogOutputStream:75 - [STDERR_REDIRECT] 
2025-12-23 10:29:53,966 [ERROR] LogOutputStream:75 - [STDERR_REDIRECT] [Fatal Error] :1:1: Premature end of file.
2025-12-23 10:29:53,966 [ERROR] LogOutputStream:75 - [STDERR_REDIRECT] 
2025-12-23 10:29:54,976 [ERROR] LogOutputStream:75 - [STDERR_REDIRECT] [Fatal Error] :1:1: Premature end of file.
2025-12-23 10:29:54,976 [ERROR] LogOutputStream:75 - [STDERR_REDIRECT] 
2025-12-23 10:29:55,961 [ERROR] LogOutputStream:75 - [STDERR_REDIRECT] [Fatal Error] :1:1: Premature end of file.
2025-12-23 10:29:55,961 [ERROR] LogOutputStream:75 - [STDERR_REDIRECT] 
2025-12-23 10:29:56,975 [ERROR] LogOutputStream:75 - [STDERR_REDIRECT] [Fatal Error] :1:1: Premature end of file.
2025-12-23 10:29:56,995 [ERROR] LogOutputStream:75 - [STDERR_REDIRECT] 
2025-12-23 10:29:57,964 [ERROR] LogOutputStream:75 - [STDERR_REDIRECT] [Fatal Error] :1:1: Premature end of file.
2025-12-23 10:29:57,964 [ERROR] LogOutputStream:75 - [STDERR_REDIRECT] 
2025-12-23 10:29:59,009 [ERROR] LogOutputStream:75 - [STDERR_REDIRECT] [Fatal Error] :1:1: Premature end of file.
2025-12-23 10:29:59,009 [ERROR] LogOutputStream:75 - [STDERR_REDIRECT] 
2025-12-23 10:29:59,965 [ERROR] LogOutputStream:75 - [STDERR_REDIRECT] [Fatal Error] :1:1: Premature end of file.
2025-12-23 10:29:59,973 [ERROR] LogOutputStream:75 - [STDERR_REDIRECT] 
2025-12-23 10:30:00,964 [ERROR] LogOutputStream:75 - [STDERR_REDIRECT] [Fatal Error] :1:1: Premature end of file.
2025-12-23 10:30:00,964 [ERROR] LogOutputStream:75 - [STDERR_REDIRECT] 
2025-12-23 10:30:01,944 [ERROR] LogOutputStream:75 - [STDERR_REDIRECT] [Fatal Error] :1:1: Premature end of file.
2025-12-23 10:30:01,944 [ERROR] LogOutputStream:75 - [STDERR_REDIRECT] 
2025-12-23 10:30:02,973 [ERROR] LogOutputStream:75 - [STDERR_REDIRECT] [Fatal Error] :1:1: Premature end of file.
2025-12-23 10:30:02,973 [ERROR] LogOutputStream:75 - [STDERR_REDIRECT] 
2025-12-23 10:30:03,954 [ERROR] LogOutputStream:75 - [STDERR_REDIRECT] [Fatal Error] :1:1: Premature end of file.
2025-12-23 10:30:03,954 [ERROR] LogOutputStream:75 - [STDERR_REDIRECT] 
2025-12-23 10:30:04,968 [ERROR] LogOutputStream:75 - [STDERR_REDIRECT] [Fatal Error] :1:1: Premature end of file.
2025-12-23 10:30:04,968 [ERROR] LogOutputStream:75 - [STDERR_REDIRECT] 
2025-12-23 10:30:05,961 [ERROR] LogOutputStream:75 - [STDERR_REDIRECT] [Fatal Error] :1:1: Premature end of file.
2025-12-23 10:30:05,961 [ERROR] LogOutputStream:75 - [STDERR_REDIRECT] 
2025-12-23 10:30:06,936 [ERROR] LogOutputStream:75 - [STDERR_REDIRECT] [Fatal Error] :1:1: Premature end of file.
2025-12-23 10:30:06,936 [ERROR] LogOutputStream:75 - [STDERR_REDIRECT] 
2025-12-23 10:30:07,937 [ERROR] LogOutputStream:75 - [STDERR_REDIRECT] [Fatal Error] :1:1: Premature end of file.
2025-12-23 10:30:07,937 [ERROR] LogOutputStream:75 - [STDERR_REDIRECT] 
2025-12-23 10:30:08,960 [ERROR] LogOutputStream:75 - [STDERR_REDIRECT] [Fatal Error] :1:1: Premature end of file.
2025-12-23 10:30:08,960 [ERROR] LogOutputStream:75 - [STDERR_REDIRECT] 
2025-12-23 10:30:09,934 [ERROR] LogOutputStream:75 - [STDERR_REDIRECT] [Fatal Error] :1:1: Premature end of file.
2025-12-23 10:30:09,935 [ERROR] LogOutputStream:75 - [STDERR_REDIRECT] 
2025-12-23 10:30:10,962 [ERROR] LogOutputStream:75 - [STDERR_REDIRECT] [Fatal Error] :1:1: Premature end of file.
2025-12-23 10:30:10,963 [ERROR] LogOutputStream:75 - [STDERR_REDIRECT] 
2025-12-23 10:30:11,953 [ERROR] LogOutputStream:75 - [STDERR_REDIRECT] [Fatal Error] :1:1: Premature end of file.
2025-12-23 10:30:11,953 [ERROR] LogOutputStream:75 - [STDERR_REDIRECT] 
2025-12-23 10:30:12,963 [ERROR] LogOutputStream:75 - [STDERR_REDIRECT] [Fatal Error] :1:1: Premature end of file.
2025-12-23 10:30:12,963 [ERROR] LogOutputStream:75 - [STDERR_REDIRECT] 
2025-12-23 10:30:13,951 [ERROR] LogOutputStream:75 - [STDERR_REDIRECT] [Fatal Error] :1:1: Premature end of file.
2025-12-23 10:30:13,951 [ERROR] LogOutputStream:75 - [STDERR_REDIRECT] 
2025-12-23 10:30:14,959 [ERROR] LogOutputStream:75 - [STDERR_REDIRECT] [Fatal Error] :1:1: Premature end of file.
2025-12-23 10:30:14,969 [ERROR] LogOutputStream:75 - [STDERR_REDIRECT] 
2025-12-23 10:30:15,973 [ERROR] LogOutputStream:75 - [STDERR_REDIRECT] [Fatal Error] :1:1: Premature end of file.
2025-12-23 10:30:15,973 [ERROR] LogOutputStream:75 - [STDERR_REDIRECT] 
2025-12-23 10:30:16,969 [ERROR] LogOutputStream:75 - [STDERR_REDIRECT] [Fatal Error] :1:1: Premature end of file.
2025-12-23 10:30:16,969 [ERROR] LogOutputStream:75 - [STDERR_REDIRECT] 
2025-12-23 10:30:17,943 [ERROR] LogOutputStream:75 - [STDERR_REDIRECT] [Fatal Error] :1:1: Premature end of file.
2025-12-23 10:30:17,943 [ERROR] LogOutputStream:75 - [STDERR_REDIRECT] 
2025-12-23 10:30:18,940 [ERROR] LogOutputStream:75 - [STDERR_REDIRECT] [Fatal Error] :1:1: Premature end of file.
2025-12-23 10:30:18,940 [ERROR] LogOutputStream:75 - [STDERR_REDIRECT] 
2025-12-23 10:30:19,961 [ERROR] LogOutputStream:75 - [STDERR_REDIRECT] [Fatal Error] :1:1: Premature end of file.
2025-12-23 10:30:19,961 [ERROR] LogOutputStream:75 - [STDERR_REDIRECT] 
2025-12-23 10:30:20,957 [ERROR] LogOutputStream:75 - [STDERR_REDIRECT] [Fatal Error] :1:1: Premature end of file.
2025-12-23 10:30:20,957 [ERROR] LogOutputStream:75 - [STDERR_REDIRECT] 
2025-12-23 10:30:21,957 [ERROR] LogOutputStream:75 - [STDERR_REDIRECT] [Fatal Error] :1:1: Premature end of file.
2025-12-23 10:30:21,957 [ERROR] LogOutputStream:75 - [STDERR_REDIRECT] 
2025-12-23 10:30:22,961 [ERROR] LogOutputStream:75 - [STDERR_REDIRECT] [Fatal Error] :1:1: Premature end of file.
2025-12-23 10:30:22,961 [ERROR] LogOutputStream:75 - [STDERR_REDIRECT] 
2025-12-23 10:30:23,973 [ERROR] LogOutputStream:75 - [STDERR_REDIRECT] [Fatal Error] :1:1: Premature end of file.
2025-12-23 10:30:23,973 [ERROR] LogOutputStream:75 - [STDERR_REDIRECT] 
2025-12-23 10:30:24,978 [ERROR] LogOutputStream:75 - [STDERR_REDIRECT] [Fatal Error] :1:1: Premature end of file.
2025-12-23 10:30:24,978 [ERROR] LogOutputStream:75 - [STDERR_REDIRECT] 
2025-12-23 10:30:25,991 [ERROR] LogOutputStream:75 - [STDERR_REDIRECT] [Fatal Error] :1:1: Premature end of file.
2025-12-23 10:30:25,991 [ERROR] LogOutputStream:75 - [STDERR_REDIRECT] 
2025-12-23 10:30:26,955 [ERROR] LogOutputStream:75 - [STDERR_REDIRECT] [Fatal Error] :1:1: Premature end of file.
2025-12-23 10:30:26,975 [ERROR] LogOutputStream:75 - [STDERR_REDIRECT] 
2025-12-23 10:30:27,950 [ERROR] LogOutputStream:75 - [STDERR_REDIRECT] [Fatal Error] :1:1: Premature end of file.
2025-12-23 10:30:27,950 [ERROR] LogOutputStream:75 - [STDERR_REDIRECT] 
2025-12-23 10:30:28,951 [ERROR] LogOutputStream:75 - [STDERR_REDIRECT] [Fatal Error] :1:1: Premature end of file.
2025-12-23 10:30:28,951 [ERROR] LogOutputStream:75 - [STDERR_REDIRECT] 
2025-12-23 10:30:29,976 [ERROR] LogOutputStream:75 - [STDERR_REDIRECT] [Fatal Error] :1:1: Premature end of file.
2025-12-23 10:30:29,976 [ERROR] LogOutputStream:75 - [STDERR_REDIRECT] 
2025-12-23 10:30:30,944 [ERROR] LogOutputStream:75 - [STDERR_REDIRECT] [Fatal Error] :1:1: Premature end of file.
2025-12-23 10:30:30,944 [ERROR] LogOutputStream:75 - [STDERR_REDIRECT] 
2025-12-23 10:30:31,962 [ERROR] LogOutputStream:75 - [STDERR_REDIRECT] [Fatal Error] :1:1: Premature end of file.
2025-12-23 10:30:31,962 [ERROR] LogOutputStream:75 - [STDERR_REDIRECT] 
2025-12-23 10:30:32,943 [ERROR] LogOutputStream:75 - [STDERR_REDIRECT] [Fatal Error] :1:1: Premature end of file.
2025-12-23 10:30:32,943 [ERROR] LogOutputStream:75 - [STDERR_REDIRECT] 
2025-12-23 10:30:34,006 [ERROR] LogOutputStream:75 - [STDERR_REDIRECT] [Fatal Error] :1:1: Premature end of file.
2025-12-23 10:30:34,006 [ERROR] LogOutputStream:75 - [STDERR_REDIRECT] 
2025-12-23 10:30:34,957 [ERROR] LogOutputStream:75 - [STDERR_REDIRECT] [Fatal Error] :1:1: Premature end of file.
2025-12-23 10:30:34,957 [ERROR] LogOutputStream:75 - [STDERR_REDIRECT] 
2025-12-23 10:30:35,934 [ERROR] LogOutputStream:75 - [STDERR_REDIRECT] [Fatal Error] :1:1: Premature end of file.
2025-12-23 10:30:35,934 [ERROR] LogOutputStream:75 - [STDERR_REDIRECT] 
2025-12-23 10:30:36,959 [ERROR] LogOutputStream:75 - [STDERR_REDIRECT] [Fatal Error] :1:1: Premature end of file.
2025-12-23 10:30:36,959 [ERROR] LogOutputStream:75 - [STDERR_REDIRECT] 
2025-12-23 10:30:37,949 [ERROR] LogOutputStream:75 - [STDERR_REDIRECT] [Fatal Error] :1:1: Premature end of file.
2025-12-23 10:30:37,949 [ERROR] LogOutputStream:75 - [STDERR_REDIRECT] 
2025-12-23 10:30:38,958 [ERROR] LogOutputStream:75 - [STDERR_REDIRECT] [Fatal Error] :1:1: Premature end of file.
2025-12-23 10:30:38,958 [ERROR] LogOutputStream:75 - [STDERR_REDIRECT] 
2025-12-23 10:30:39,959 [ERROR] LogOutputStream:75 - [STDERR_REDIRECT] [Fatal Error] :1:1: Premature end of file.
2025-12-23 10:30:39,959 [ERROR] LogOutputStream:75 - [STDERR_REDIRECT] 
2025-12-23 10:30:40,946 [ERROR] LogOutputStream:75 - [STDERR_REDIRECT] [Fatal Error] :1:1: Premature end of file.
2025-12-23 10:30:40,946 [ERROR] LogOutputStream:75 - [STDERR_REDIRECT] 
2025-12-23 10:30:41,964 [ERROR] LogOutputStream:75 - [STDERR_REDIRECT] [Fatal Error] :1:1: Premature end of file.
2025-12-23 10:30:41,965 [ERROR] LogOutputStream:75 - [STDERR_REDIRECT] 
2025-12-23 10:30:42,963 [ERROR] LogOutputStream:75 - [STDERR_REDIRECT] [Fatal Error] :1:1: Premature end of file.
2025-12-23 10:30:42,963 [ERROR] LogOutputStream:75 - [STDERR_REDIRECT] 
2025-12-23 10:30:43,962 [ERROR] LogOutputStream:75 - [STDERR_REDIRECT] [Fatal Error] :1:1: Premature end of file.
2025-12-23 10:30:43,962 [ERROR] LogOutputStream:75 - [STDERR_REDIRECT] 
2025-12-23 10:30:44,959 [ERROR] LogOutputStream:75 - [STDERR_REDIRECT] [Fatal Error] :1:1: Premature end of file.
2025-12-23 10:30:44,960 [ERROR] LogOutputStream:75 - [STDERR_REDIRECT] 
2025-12-23 10:30:45,968 [ERROR] LogOutputStream:75 - [STDERR_REDIRECT] [Fatal Error] :1:1: Premature end of file.
2025-12-23 10:30:45,968 [ERROR] LogOutputStream:75 - [STDERR_REDIRECT] 
2025-12-23 10:30:46,951 [ERROR] LogOutputStream:75 - [STDERR_REDIRECT] [Fatal Error] :1:1: Premature end of file.
2025-12-23 10:30:46,951 [ERROR] LogOutputStream:75 - [STDERR_REDIRECT] 
2025-12-23 10:30:47,963 [ERROR] LogOutputStream:75 - [STDERR_REDIRECT] [Fatal Error] :1:1: Premature end of file.
2025-12-23 10:30:47,963 [ERROR] LogOutputStream:75 - [STDERR_REDIRECT] 
2025-12-23 10:30:48,977 [ERROR] LogOutputStream:75 - [STDERR_REDIRECT] [Fatal Error] :1:1: Premature end of file.
2025-12-23 10:30:48,977 [ERROR] LogOutputStream:75 - [STDERR_REDIRECT] 
2025-12-23 10:30:49,955 [ERROR] LogOutputStream:75 - [STDERR_REDIRECT] [Fatal Error] :1:1: Premature end of file.
2025-12-23 10:30:49,955 [ERROR] LogOutputStream:75 - [STDERR_REDIRECT] 
2025-12-23 10:30:50,963 [ERROR] LogOutputStream:75 - [STDERR_REDIRECT] [Fatal Error] :1:1: Premature end of file.
2025-12-23 10:30:50,963 [ERROR] LogOutputStream:75 - [STDERR_REDIRECT] 
2025-12-23 10:30:51,971 [ERROR] LogOutputStream:75 - [STDERR_REDIRECT] [Fatal Error] :1:1: Premature end of file.
2025-12-23 10:30:51,973 [ERROR] LogOutputStream:75 - [STDERR_REDIRECT] 
2025-12-23 10:30:52,954 [ERROR] LogOutputStream:75 - [STDERR_REDIRECT] [Fatal Error] :1:1: Premature end of file.
2025-12-23 10:30:52,954 [ERROR] LogOutputStream:75 - [STDERR_REDIRECT] 
2025-12-23 10:30:53,941 [ERROR] LogOutputStream:75 - [STDERR_REDIRECT] [Fatal Error] :1:1: Premature end of file.
2025-12-23 10:30:53,941 [ERROR] LogOutputStream:75 - [STDERR_REDIRECT] 
2025-12-23 10:30:54,961 [ERROR] LogOutputStream:75 - [STDERR_REDIRECT] [Fatal Error] :1:1: Premature end of file.
2025-12-23 10:30:54,961 [ERROR] LogOutputStream:75 - [STDERR_REDIRECT] 
2025-12-23 10:30:55,961 [ERROR] LogOutputStream:75 - [STDERR_REDIRECT] [Fatal Error] :1:1: Premature end of file.
2025-12-23 10:30:55,963 [ERROR] LogOutputStream:75 - [STDERR_REDIRECT] 
2025-12-23 10:30:56,971 [ERROR] LogOutputStream:75 - [STDERR_REDIRECT] [Fatal Error] :1:1: Premature end of file.
2025-12-23 10:30:56,971 [ERROR] LogOutputStream:75 - [STDERR_REDIRECT] 
2025-12-23 10:30:57,950 [ERROR] LogOutputStream:75 - [STDERR_REDIRECT] [Fatal Error] :1:1: Premature end of file.
2025-12-23 10:30:57,950 [ERROR] LogOutputStream:75 - [STDERR_REDIRECT] 
2025-12-23 10:30:58,957 [ERROR] LogOutputStream:75 - [STDERR_REDIRECT] [Fatal Error] :1:1: Premature end of file.
2025-12-23 10:30:58,957 [ERROR] LogOutputStream:75 - [STDERR_REDIRECT] 
2025-12-23 10:30:59,969 [ERROR] LogOutputStream:75 - [STDERR_REDIRECT] [Fatal Error] :1:1: Premature end of file.
2025-12-23 10:30:59,969 [ERROR] LogOutputStream:75 - [STDERR_REDIRECT] 
2025-12-23 10:31:00,963 [ERROR] LogOutputStream:75 - [STDERR_REDIRECT] [Fatal Error] :1:1: Premature end of file.
2025-12-23 10:31:00,963 [ERROR] LogOutputStream:75 - [STDERR_REDIRECT] 
2025-12-23 10:31:01,959 [ERROR] LogOutputStream:75 - [STDERR_REDIRECT] [Fatal Error] :1:1: Premature end of file.
2025-12-23 10:31:01,960 [ERROR] LogOutputStream:75 - [STDERR_REDIRECT] 
2025-12-23 10:31:02,958 [ERROR] LogOutputStream:75 - [STDERR_REDIRECT] [Fatal Error] :1:1: Premature end of file.
2025-12-23 10:31:02,958 [ERROR] LogOutputStream:75 - [STDERR_REDIRECT] 
2025-12-23 10:31:03,951 [ERROR] LogOutputStream:75 - [STDERR_REDIRECT] [Fatal Error] :1:1: Premature end of file.
2025-12-23 10:31:03,951 [ERROR] LogOutputStream:75 - [STDERR_REDIRECT] 
2025-12-23 10:31:04,965 [ERROR] LogOutputStream:75 - [STDERR_REDIRECT] [Fatal Error] :1:1: Premature end of file.
2025-12-23 10:31:04,965 [ERROR] LogOutputStream:75 - [STDERR_REDIRECT] 
2025-12-23 10:31:06,017 [ERROR] LogOutputStream:75 - [STDERR_REDIRECT] [Fatal Error] :1:1: Premature end of file.
2025-12-23 10:31:06,017 [ERROR] LogOutputStream:75 - [STDERR_REDIRECT] 
2025-12-23 10:31:06,984 [ERROR] LogOutputStream:75 - [STDERR_REDIRECT] [Fatal Error] :1:1: Premature end of file.
2025-12-23 10:31:06,984 [ERROR] LogOutputStream:75 - [STDERR_REDIRECT] 
2025-12-23 10:31:07,969 [ERROR] LogOutputStream:75 - [STDERR_REDIRECT] [Fatal Error] :1:1: Premature end of file.
2025-12-23 10:31:07,969 [ERROR] LogOutputStream:75 - [STDERR_REDIRECT] 
2025-12-23 10:31:08,933 [ERROR] LogOutputStream:75 - [STDERR_REDIRECT] [Fatal Error] :1:1: Premature end of file.
2025-12-23 10:31:08,933 [ERROR] LogOutputStream:75 - [STDERR_REDIRECT] 
2025-12-23 10:31:09,959 [ERROR] LogOutputStream:75 - [STDERR_REDIRECT] [Fatal Error] :1:1: Premature end of file.
2025-12-23 10:31:09,959 [ERROR] LogOutputStream:75 - [STDERR_REDIRECT] 
2025-12-23 10:31:10,954 [ERROR] LogOutputStream:75 - [STDERR_REDIRECT] [Fatal Error] :1:1: Premature end of file.
2025-12-23 10:31:10,954 [ERROR] LogOutputStream:75 - [STDERR_REDIRECT] 
2025-12-23 10:31:11,981 [ERROR] LogOutputStream:75 - [STDERR_REDIRECT] [Fatal Error] :1:1: Premature end of file.
2025-12-23 10:31:11,981 [ERROR] LogOutputStream:75 - [STDERR_REDIRECT] 
2025-12-23 10:31:12,970 [ERROR] LogOutputStream:75 - [STDERR_REDIRECT] [Fatal Error] :1:1: Premature end of file.
2025-12-23 10:31:12,970 [ERROR] LogOutputStream:75 - [STDERR_REDIRECT] 
2025-12-23 10:31:13,973 [ERROR] LogOutputStream:75 - [STDERR_REDIRECT] [Fatal Error] :1:1: Premature end of file.
2025-12-23 10:31:13,980 [ERROR] LogOutputStream:75 - [STDERR_REDIRECT] 
2025-12-23 10:31:14,964 [ERROR] LogOutputStream:75 - [STDERR_REDIRECT] [Fatal Error] :1:1: Premature end of file.
2025-12-23 10:31:14,964 [ERROR] LogOutputStream:75 - [STDERR_REDIRECT] 
2025-12-23 10:31:16,053 [ERROR] LogOutputStream:75 - [STDERR_REDIRECT] [Fatal Error] :1:1: Premature end of file.
2025-12-23 10:31:16,053 [ERROR] LogOutputStream:75 - [STDERR_REDIRECT] 
2025-12-23 10:31:16,961 [ERROR] LogOutputStream:75 - [STDERR_REDIRECT] [Fatal Error] :1:1: Premature end of file.
2025-12-23 10:31:16,961 [ERROR] LogOutputStream:75 - [STDERR_REDIRECT] 
2025-12-23 10:31:17,979 [ERROR] LogOutputStream:75 - [STDERR_REDIRECT] [Fatal Error] :1:1: Premature end of file.
2025-12-23 10:31:17,979 [ERROR] LogOutputStream:75 - [STDERR_REDIRECT] 
2025-12-23 10:31:18,950 [ERROR] LogOutputStream:75 - [STDERR_REDIRECT] [Fatal Error] :1:1: Premature end of file.
2025-12-23 10:31:18,950 [ERROR] LogOutputStream:75 - [STDERR_REDIRECT] 
2025-12-23 10:31:19,965 [ERROR] LogOutputStream:75 - [STDERR_REDIRECT] [Fatal Error] :1:1: Premature end of file.
2025-12-23 10:31:19,965 [ERROR] LogOutputStream:75 - [STDERR_REDIRECT] 
2025-12-23 10:31:20,980 [ERROR] LogOutputStream:75 - [STDERR_REDIRECT] [Fatal Error] :1:1: Premature end of file.
2025-12-23 10:31:20,980 [ERROR] LogOutputStream:75 - [STDERR_REDIRECT] 
2025-12-23 10:31:21,960 [ERROR] LogOutputStream:75 - [STDERR_REDIRECT] [Fatal Error] :1:1: Premature end of file.
2025-12-23 10:31:21,962 [ERROR] LogOutputStream:75 - [STDERR_REDIRECT] 
2025-12-23 10:31:22,970 [ERROR] LogOutputStream:75 - [STDERR_REDIRECT] [Fatal Error] :1:1: Premature end of file.
2025-12-23 10:31:22,970 [ERROR] LogOutputStream:75 - [STDERR_REDIRECT] 
2025-12-23 10:31:23,937 [ERROR] LogOutputStream:75 - [STDERR_REDIRECT] [Fatal Error] :1:1: Premature end of file.
2025-12-23 10:31:23,937 [ERROR] LogOutputStream:75 - [STDERR_REDIRECT] 
2025-12-23 10:31:24,977 [ERROR] LogOutputStream:75 - [STDERR_REDIRECT] [Fatal Error] :1:1: Premature end of file.
2025-12-23 10:31:24,977 [ERROR] LogOutputStream:75 - [STDERR_REDIRECT] 
2025-12-23 10:31:25,962 [ERROR] LogOutputStream:75 - [STDERR_REDIRECT] [Fatal Error] :1:1: Premature end of file.
2025-12-23 10:31:25,962 [ERROR] LogOutputStream:75 - [STDERR_REDIRECT] 
2025-12-23 10:31:26,952 [ERROR] LogOutputStream:75 - [STDERR_REDIRECT] [Fatal Error] :1:1: Premature end of file.
2025-12-23 10:31:26,952 [ERROR] LogOutputStream:75 - [STDERR_REDIRECT] 
2025-12-23 10:31:27,952 [ERROR] LogOutputStream:75 - [STDERR_REDIRECT] [Fatal Error] :1:1: Premature end of file.
2025-12-23 10:31:27,952 [ERROR] LogOutputStream:75 - [STDERR_REDIRECT] 
2025-12-23 10:31:28,970 [ERROR] LogOutputStream:75 - [STDERR_REDIRECT] [Fatal Error] :1:1: Premature end of file.
2025-12-23 10:31:28,970 [ERROR] LogOutputStream:75 - [STDERR_REDIRECT] 
2025-12-23 10:31:29,953 [ERROR] LogOutputStream:75 - [STDERR_REDIRECT] [Fatal Error] :1:1: Premature end of file.
2025-12-23 10:31:29,953 [ERROR] LogOutputStream:75 - [STDERR_REDIRECT] 
2025-12-23 10:31:30,955 [ERROR] LogOutputStream:75 - [STDERR_REDIRECT] [Fatal Error] :1:1: Premature end of file.
2025-12-23 10:31:30,955 [ERROR] LogOutputStream:75 - [STDERR_REDIRECT] 
2025-12-23 10:31:31,947 [ERROR] LogOutputStream:75 - [STDERR_REDIRECT] [Fatal Error] :1:1: Premature end of file.
2025-12-23 10:31:31,947 [ERROR] LogOutputStream:75 - [STDERR_REDIRECT] 
2025-12-23 10:31:32,948 [ERROR] LogOutputStream:75 - [STDERR_REDIRECT] [Fatal Error] :1:1: Premature end of file.
2025-12-23 10:31:32,948 [ERROR] LogOutputStream:75 - [STDERR_REDIRECT] 
2025-12-23 10:31:34,003 [ERROR] LogOutputStream:75 - [STDERR_REDIRECT] [Fatal Error] :1:1: Premature end of file.
2025-12-23 10:31:34,003 [ERROR] LogOutputStream:75 - [STDERR_REDIRECT] 
2025-12-23 10:31:34,957 [ERROR] LogOutputStream:75 - [STDERR_REDIRECT] [Fatal Error] :1:1: Premature end of file.
2025-12-23 10:31:34,957 [ERROR] LogOutputStream:75 - [STDERR_REDIRECT] 
2025-12-23 10:31:35,944 [ERROR] LogOutputStream:75 - [STDERR_REDIRECT] [Fatal Error] :1:1: Premature end of file.
2025-12-23 10:31:35,944 [ERROR] LogOutputStream:75 - [STDERR_REDIRECT] 
2025-12-23 10:31:36,970 [ERROR] LogOutputStream:75 - [STDERR_REDIRECT] [Fatal Error] :1:1: Premature end of file.
2025-12-23 10:31:36,970 [ERROR] LogOutputStream:75 - [STDERR_REDIRECT] 
2025-12-23 10:31:38,001 [ERROR] LogOutputStream:75 - [STDERR_REDIRECT] [Fatal Error] :1:1: Premature end of file.
2025-12-23 10:31:38,001 [ERROR] LogOutputStream:75 - [STDERR_REDIRECT] 
2025-12-23 10:31:38,967 [ERROR] LogOutputStream:75 - [STDERR_REDIRECT] [Fatal Error] :1:1: Premature end of file.
2025-12-23 10:31:38,967 [ERROR] LogOutputStream:75 - [STDERR_REDIRECT] 
2025-12-23 10:31:39,967 [ERROR] LogOutputStream:75 - [STDERR_REDIRECT] [Fatal Error] :1:1: Premature end of file.
2025-12-23 10:31:39,967 [ERROR] LogOutputStream:75 - [STDERR_REDIRECT] 
2025-12-23 10:31:40,966 [ERROR] LogOutputStream:75 - [STDERR_REDIRECT] [Fatal Error] :1:1: Premature end of file.
2025-12-23 10:31:40,966 [ERROR] LogOutputStream:75 - [STDERR_REDIRECT] 
2025-12-23 10:31:42,075 [ERROR] LogOutputStream:75 - [STDERR_REDIRECT] [Fatal Error] :1:1: Premature end of file.
2025-12-23 10:31:42,075 [ERROR] LogOutputStream:75 - [STDERR_REDIRECT] 
2025-12-23 10:31:42,976 [ERROR] LogOutputStream:75 - [STDERR_REDIRECT] [Fatal Error] :1:1: Premature end of file.
2025-12-23 10:31:42,980 [ERROR] LogOutputStream:75 - [STDERR_REDIRECT] 
2025-12-23 10:31:43,961 [ERROR] LogOutputStream:75 - [STDERR_REDIRECT] [Fatal Error] :1:1: Premature end of file.
2025-12-23 10:31:43,961 [ERROR] LogOutputStream:75 - [STDERR_REDIRECT] 
2025-12-23 10:31:44,960 [ERROR] LogOutputStream:75 - [STDERR_REDIRECT] [Fatal Error] :1:1: Premature end of file.
2025-12-23 10:31:44,960 [ERROR] LogOutputStream:75 - [STDERR_REDIRECT] 
2025-12-23 10:31:46,048 [ERROR] LogOutputStream:75 - [STDERR_REDIRECT] [Fatal Error] :1:1: Premature end of file.
2025-12-23 10:31:46,048 [ERROR] LogOutputStream:75 - [STDERR_REDIRECT] 
2025-12-23 10:31:46,955 [ERROR] LogOutputStream:75 - [STDERR_REDIRECT] [Fatal Error] :1:1: Premature end of file.
2025-12-23 10:31:46,955 [ERROR] LogOutputStream:75 - [STDERR_REDIRECT] 
2025-12-23 10:31:47,953 [ERROR] LogOutputStream:75 - [STDERR_REDIRECT] [Fatal Error] :1:1: Premature end of file.
2025-12-23 10:31:47,953 [ERROR] LogOutputStream:75 - [STDERR_REDIRECT] 
2025-12-23 10:31:48,951 [ERROR] LogOutputStream:75 - [STDERR_REDIRECT] [Fatal Error] :1:1: Premature end of file.
2025-12-23 10:31:48,951 [ERROR] LogOutputStream:75 - [STDERR_REDIRECT] 
2025-12-23 10:31:49,947 [ERROR] LogOutputStream:75 - [STDERR_REDIRECT] [Fatal Error] :1:1: Premature end of file.
2025-12-23 10:31:49,947 [ERROR] LogOutputStream:75 - [STDERR_REDIRECT] 
2025-12-23 10:31:50,947 [ERROR] LogOutputStream:75 - [STDERR_REDIRECT] [Fatal Error] :1:1: Premature end of file.
2025-12-23 10:31:50,947 [ERROR] LogOutputStream:75 - [STDERR_REDIRECT] 
2025-12-23 10:31:51,961 [ERROR] LogOutputStream:75 - [STDERR_REDIRECT] [Fatal Error] :1:1: Premature end of file.
2025-12-23 10:31:51,962 [ERROR] LogOutputStream:75 - [STDERR_REDIRECT] 
2025-12-23 10:31:52,939 [ERROR] LogOutputStream:75 - [STDERR_REDIRECT] [Fatal Error] :1:1: Premature end of file.
2025-12-23 10:31:52,939 [ERROR] LogOutputStream:75 - [STDERR_REDIRECT] 
2025-12-23 10:31:53,935 [ERROR] LogOutputStream:75 - [STDERR_REDIRECT] [Fatal Error] :1:1: Premature end of file.
2025-12-23 10:31:53,935 [ERROR] LogOutputStream:75 - [STDERR_REDIRECT] 
2025-12-23 10:31:54,951 [ERROR] LogOutputStream:75 - [STDERR_REDIRECT] [Fatal Error] :1:1: Premature end of file.
2025-12-23 10:31:54,951 [ERROR] LogOutputStream:75 - [STDERR_REDIRECT] 
2025-12-23 10:31:55,934 [ERROR] LogOutputStream:75 - [STDERR_REDIRECT] [Fatal Error] :1:1: Premature end of file.
2025-12-23 10:31:55,934 [ERROR] LogOutputStream:75 - [STDERR_REDIRECT] 
2025-12-23 10:31:56,977 [ERROR] LogOutputStream:75 - [STDERR_REDIRECT] [Fatal Error] :1:1: Premature end of file.
2025-12-23 10:31:56,977 [ERROR] LogOutputStream:75 - [STDERR_REDIRECT] 
2025-12-23 10:31:57,953 [ERROR] LogOutputStream:75 - [STDERR_REDIRECT] [Fatal Error] :1:1: Premature end of file.
2025-12-23 10:31:57,953 [ERROR] LogOutputStream:75 - [STDERR_REDIRECT] 
2025-12-23 10:31:58,950 [ERROR] LogOutputStream:75 - [STDERR_REDIRECT] [Fatal Error] :1:1: Premature end of file.
2025-12-23 10:31:58,950 [ERROR] LogOutputStream:75 - [STDERR_REDIRECT] 
2025-12-23 10:31:59,157 [INFO] AnalyticsPlugin:363 - Accepted License(s) without tracking enabled: [FW.L4.1.18.0]
2025-12-23 10:31:59,161 [INFO] FileExtend:248 - Unzip File : stm32cube_fw_l4_v1180.zip
2025-12-23 10:31:59,161 [INFO] FileExtend:263 - Standard Zip Deflate
2025-12-23 10:31:59,945 [ERROR] LogOutputStream:75 - [STDERR_REDIRECT] [Fatal Error] :1:1: Premature end of file.
2025-12-23 10:31:59,945 [ERROR] LogOutputStream:75 - [STDERR_REDIRECT] 
2025-12-23 10:32:00,937 [ERROR] LogOutputStream:75 - [STDERR_REDIRECT] [Fatal Error] :1:1: Premature end of file.
2025-12-23 10:32:00,937 [ERROR] LogOutputStream:75 - [STDERR_REDIRECT] 
2025-12-23 10:32:01,946 [ERROR] LogOutputStream:75 - [STDERR_REDIRECT] [Fatal Error] :1:1: Premature end of file.
2025-12-23 10:32:01,946 [ERROR] LogOutputStream:75 - [STDERR_REDIRECT] 
2025-12-23 10:32:02,937 [ERROR] LogOutputStream:75 - [STDERR_REDIRECT] [Fatal Error] :1:1: Premature end of file.
2025-12-23 10:32:02,937 [ERROR] LogOutputStream:75 - [STDERR_REDIRECT] 
2025-12-23 10:32:03,953 [ERROR] LogOutputStream:75 - [STDERR_REDIRECT] [Fatal Error] :1:1: Premature end of file.
2025-12-23 10:32:03,953 [ERROR] LogOutputStream:75 - [STDERR_REDIRECT] 
2025-12-23 10:32:04,941 [ERROR] LogOutputStream:75 - [STDERR_REDIRECT] [Fatal Error] :1:1: Premature end of file.
2025-12-23 10:32:04,942 [ERROR] LogOutputStream:75 - [STDERR_REDIRECT] 
2025-12-23 10:32:05,941 [ERROR] LogOutputStream:75 - [STDERR_REDIRECT] [Fatal Error] :1:1: Premature end of file.
2025-12-23 10:32:05,941 [ERROR] LogOutputStream:75 - [STDERR_REDIRECT] 
2025-12-23 10:32:06,938 [ERROR] LogOutputStream:75 - [STDERR_REDIRECT] [Fatal Error] :1:1: Premature end of file.
2025-12-23 10:32:06,938 [ERROR] LogOutputStream:75 - [STDERR_REDIRECT] 
2025-12-23 10:32:07,947 [ERROR] LogOutputStream:75 - [STDERR_REDIRECT] [Fatal Error] :1:1: Premature end of file.
2025-12-23 10:32:07,947 [ERROR] LogOutputStream:75 - [STDERR_REDIRECT] 
2025-12-23 10:32:08,946 [ERROR] LogOutputStream:75 - [STDERR_REDIRECT] [Fatal Error] :1:1: Premature end of file.
2025-12-23 10:32:08,946 [ERROR] LogOutputStream:75 - [STDERR_REDIRECT] 
2025-12-23 10:32:09,937 [ERROR] LogOutputStream:75 - [STDERR_REDIRECT] [Fatal Error] :1:1: Premature end of file.
2025-12-23 10:32:09,937 [ERROR] LogOutputStream:75 - [STDERR_REDIRECT] 
2025-12-23 10:32:10,979 [ERROR] LogOutputStream:75 - [STDERR_REDIRECT] [Fatal Error] :1:1: Premature end of file.
2025-12-23 10:32:10,979 [ERROR] LogOutputStream:75 - [STDERR_REDIRECT] 
2025-12-23 10:32:11,941 [ERROR] LogOutputStream:75 - [STDERR_REDIRECT] [Fatal Error] :1:1: Premature end of file.
2025-12-23 10:32:11,941 [ERROR] LogOutputStream:75 - [STDERR_REDIRECT] 
2025-12-23 10:32:12,945 [ERROR] LogOutputStream:75 - [STDERR_REDIRECT] [Fatal Error] :1:1: Premature end of file.
2025-12-23 10:32:12,945 [ERROR] LogOutputStream:75 - [STDERR_REDIRECT] 
2025-12-23 10:32:13,933 [ERROR] LogOutputStream:75 - [STDERR_REDIRECT] [Fatal Error] :1:1: Premature end of file.
2025-12-23 10:32:13,935 [ERROR] LogOutputStream:75 - [STDERR_REDIRECT] 
2025-12-23 10:32:14,935 [ERROR] LogOutputStream:75 - [STDERR_REDIRECT] [Fatal Error] :1:1: Premature end of file.
2025-12-23 10:32:14,936 [ERROR] LogOutputStream:75 - [STDERR_REDIRECT] 
2025-12-23 10:32:15,946 [ERROR] LogOutputStream:75 - [STDERR_REDIRECT] [Fatal Error] :1:1: Premature end of file.
2025-12-23 10:32:15,946 [ERROR] LogOutputStream:75 - [STDERR_REDIRECT] 
2025-12-23 10:32:16,931 [ERROR] LogOutputStream:75 - [STDERR_REDIRECT] [Fatal Error] :1:1: Premature end of file.
2025-12-23 10:32:16,932 [ERROR] LogOutputStream:75 - [STDERR_REDIRECT] 
2025-12-23 10:32:17,971 [ERROR] LogOutputStream:75 - [STDERR_REDIRECT] [Fatal Error] :1:1: Premature end of file.
2025-12-23 10:32:17,971 [ERROR] LogOutputStream:75 - [STDERR_REDIRECT] 
2025-12-23 10:32:18,943 [ERROR] LogOutputStream:75 - [STDERR_REDIRECT] [Fatal Error] :1:1: Premature end of file.
2025-12-23 10:32:18,943 [ERROR] LogOutputStream:75 - [STDERR_REDIRECT] 
2025-12-23 10:32:19,934 [ERROR] LogOutputStream:75 - [STDERR_REDIRECT] [Fatal Error] :1:1: Premature end of file.
2025-12-23 10:32:19,934 [ERROR] LogOutputStream:75 - [STDERR_REDIRECT] 
2025-12-23 10:32:20,953 [ERROR] LogOutputStream:75 - [STDERR_REDIRECT] [Fatal Error] :1:1: Premature end of file.
2025-12-23 10:32:20,953 [ERROR] LogOutputStream:75 - [STDERR_REDIRECT] 
2025-12-23 10:32:21,936 [ERROR] LogOutputStream:75 - [STDERR_REDIRECT] [Fatal Error] :1:1: Premature end of file.
2025-12-23 10:32:21,936 [ERROR] LogOutputStream:75 - [STDERR_REDIRECT] 
2025-12-23 10:32:22,932 [ERROR] LogOutputStream:75 - [STDERR_REDIRECT] [Fatal Error] :1:1: Premature end of file.
2025-12-23 10:32:22,933 [ERROR] LogOutputStream:75 - [STDERR_REDIRECT] 
2025-12-23 10:32:23,936 [ERROR] LogOutputStream:75 - [STDERR_REDIRECT] [Fatal Error] :1:1: Premature end of file.
2025-12-23 10:32:23,937 [ERROR] LogOutputStream:75 - [STDERR_REDIRECT] 
2025-12-23 10:32:24,956 [ERROR] LogOutputStream:75 - [STDERR_REDIRECT] [Fatal Error] :1:1: Premature end of file.
2025-12-23 10:32:24,956 [ERROR] LogOutputStream:75 - [STDERR_REDIRECT] 
2025-12-23 10:32:25,940 [ERROR] LogOutputStream:75 - [STDERR_REDIRECT] [Fatal Error] :1:1: Premature end of file.
2025-12-23 10:32:25,940 [ERROR] LogOutputStream:75 - [STDERR_REDIRECT] 
2025-12-23 10:32:26,941 [ERROR] LogOutputStream:75 - [STDERR_REDIRECT] [Fatal Error] :1:1: Premature end of file.
2025-12-23 10:32:26,941 [ERROR] LogOutputStream:75 - [STDERR_REDIRECT] 
2025-12-23 10:32:27,960 [ERROR] LogOutputStream:75 - [STDERR_REDIRECT] [Fatal Error] :1:1: Premature end of file.
2025-12-23 10:32:27,961 [ERROR] LogOutputStream:75 - [STDERR_REDIRECT] 
2025-12-23 10:32:28,959 [ERROR] LogOutputStream:75 - [STDERR_REDIRECT] [Fatal Error] :1:1: Premature end of file.
2025-12-23 10:32:28,960 [ERROR] LogOutputStream:75 - [STDERR_REDIRECT] 
2025-12-23 10:32:29,950 [ERROR] LogOutputStream:75 - [STDERR_REDIRECT] [Fatal Error] :1:1: Premature end of file.
2025-12-23 10:32:29,950 [ERROR] LogOutputStream:75 - [STDERR_REDIRECT] 
2025-12-23 10:32:30,949 [ERROR] LogOutputStream:75 - [STDERR_REDIRECT] [Fatal Error] :1:1: Premature end of file.
2025-12-23 10:32:30,949 [ERROR] LogOutputStream:75 - [STDERR_REDIRECT] 
2025-12-23 10:32:31,998 [ERROR] LogOutputStream:75 - [STDERR_REDIRECT] [Fatal Error] :1:1: Premature end of file.
2025-12-23 10:32:31,999 [ERROR] LogOutputStream:75 - [STDERR_REDIRECT] 
2025-12-23 10:32:32,957 [ERROR] LogOutputStream:75 - [STDERR_REDIRECT] [Fatal Error] :1:1: Premature end of file.
2025-12-23 10:32:32,957 [ERROR] LogOutputStream:75 - [STDERR_REDIRECT] 
2025-12-23 10:32:33,939 [ERROR] LogOutputStream:75 - [STDERR_REDIRECT] [Fatal Error] :1:1: Premature end of file.
2025-12-23 10:32:33,940 [ERROR] LogOutputStream:75 - [STDERR_REDIRECT] 
2025-12-23 10:32:34,967 [ERROR] LogOutputStream:75 - [STDERR_REDIRECT] [Fatal Error] :1:1: Premature end of file.
2025-12-23 10:32:34,967 [ERROR] LogOutputStream:75 - [STDERR_REDIRECT] 
2025-12-23 10:32:35,952 [ERROR] LogOutputStream:75 - [STDERR_REDIRECT] [Fatal Error] :1:1: Premature end of file.
2025-12-23 10:32:35,952 [ERROR] LogOutputStream:75 - [STDERR_REDIRECT] 
2025-12-23 10:32:36,955 [ERROR] LogOutputStream:75 - [STDERR_REDIRECT] [Fatal Error] :1:1: Premature end of file.
2025-12-23 10:32:36,955 [ERROR] LogOutputStream:75 - [STDERR_REDIRECT] 
2025-12-23 10:32:37,972 [ERROR] LogOutputStream:75 - [STDERR_REDIRECT] [Fatal Error] :1:1: Premature end of file.
2025-12-23 10:32:37,972 [ERROR] LogOutputStream:75 - [STDERR_REDIRECT] 
2025-12-23 10:32:38,958 [ERROR] LogOutputStream:75 - [STDERR_REDIRECT] [Fatal Error] :1:1: Premature end of file.
2025-12-23 10:32:38,959 [ERROR] LogOutputStream:75 - [STDERR_REDIRECT] 
2025-12-23 10:32:39,942 [ERROR] LogOutputStream:75 - [STDERR_REDIRECT] [Fatal Error] :1:1: Premature end of file.
2025-12-23 10:32:39,943 [ERROR] LogOutputStream:75 - [STDERR_REDIRECT] 
2025-12-23 10:32:40,951 [ERROR] LogOutputStream:75 - [STDERR_REDIRECT] [Fatal Error] :1:1: Premature end of file.
2025-12-23 10:32:40,951 [ERROR] LogOutputStream:75 - [STDERR_REDIRECT] 
2025-12-23 10:32:41,941 [ERROR] LogOutputStream:75 - [STDERR_REDIRECT] [Fatal Error] :1:1: Premature end of file.
2025-12-23 10:32:41,941 [ERROR] LogOutputStream:75 - [STDERR_REDIRECT] 
2025-12-23 10:32:42,986 [ERROR] LogOutputStream:75 - [STDERR_REDIRECT] [Fatal Error] :1:1: Premature end of file.
2025-12-23 10:32:42,986 [ERROR] LogOutputStream:75 - [STDERR_REDIRECT] 
2025-12-23 10:32:43,941 [ERROR] LogOutputStream:75 - [STDERR_REDIRECT] [Fatal Error] :1:1: Premature end of file.
2025-12-23 10:32:43,941 [ERROR] LogOutputStream:75 - [STDERR_REDIRECT] 
2025-12-23 10:32:44,949 [ERROR] LogOutputStream:75 - [STDERR_REDIRECT] [Fatal Error] :1:1: Premature end of file.
2025-12-23 10:32:44,949 [ERROR] LogOutputStream:75 - [STDERR_REDIRECT] 
2025-12-23 10:32:45,950 [ERROR] LogOutputStream:75 - [STDERR_REDIRECT] [Fatal Error] :1:1: Premature end of file.
2025-12-23 10:32:45,951 [ERROR] LogOutputStream:75 - [STDERR_REDIRECT] 
2025-12-23 10:32:46,839 [INFO] ServerAccessManage:452 - Complete download http(s) 200
2025-12-23 10:32:46,848 [INFO] ServerAccessManage:509 - Download File stm32cube_fw_l4_v1182.zip
2025-12-23 10:32:46,974 [ERROR] LogOutputStream:75 - [STDERR_REDIRECT] [Fatal Error] :1:1: Premature end of file.
2025-12-23 10:32:46,974 [ERROR] LogOutputStream:75 - [STDERR_REDIRECT] 
2025-12-23 10:32:47,946 [ERROR] LogOutputStream:75 - [STDERR_REDIRECT] [Fatal Error] :1:1: Premature end of file.
2025-12-23 10:32:47,947 [ERROR] LogOutputStream:75 - [STDERR_REDIRECT] 
2025-12-23 10:32:48,956 [ERROR] LogOutputStream:75 - [STDERR_REDIRECT] [Fatal Error] :1:1: Premature end of file.
2025-12-23 10:32:48,956 [ERROR] LogOutputStream:75 - [STDERR_REDIRECT] 
2025-12-23 10:32:49,947 [ERROR] LogOutputStream:75 - [STDERR_REDIRECT] [Fatal Error] :1:1: Premature end of file.
2025-12-23 10:32:49,947 [ERROR] LogOutputStream:75 - [STDERR_REDIRECT] 
2025-12-23 10:32:50,941 [ERROR] LogOutputStream:75 - [STDERR_REDIRECT] [Fatal Error] :1:1: Premature end of file.
2025-12-23 10:32:50,941 [ERROR] LogOutputStream:75 - [STDERR_REDIRECT] 
2025-12-23 10:32:51,950 [ERROR] LogOutputStream:75 - [STDERR_REDIRECT] [Fatal Error] :1:1: Premature end of file.
2025-12-23 10:32:51,950 [ERROR] LogOutputStream:75 - [STDERR_REDIRECT] 
2025-12-23 10:32:52,956 [ERROR] LogOutputStream:75 - [STDERR_REDIRECT] [Fatal Error] :1:1: Premature end of file.
2025-12-23 10:32:52,956 [ERROR] LogOutputStream:75 - [STDERR_REDIRECT] 
2025-12-23 10:32:53,946 [ERROR] LogOutputStream:75 - [STDERR_REDIRECT] [Fatal Error] :1:1: Premature end of file.
2025-12-23 10:32:53,946 [ERROR] LogOutputStream:75 - [STDERR_REDIRECT] 
2025-12-23 10:32:54,944 [ERROR] LogOutputStream:75 - [STDERR_REDIRECT] [Fatal Error] :1:1: Premature end of file.
2025-12-23 10:32:54,945 [ERROR] LogOutputStream:75 - [STDERR_REDIRECT] 
2025-12-23 10:32:55,955 [ERROR] LogOutputStream:75 - [STDERR_REDIRECT] [Fatal Error] :1:1: Premature end of file.
2025-12-23 10:32:55,955 [ERROR] LogOutputStream:75 - [STDERR_REDIRECT] 
2025-12-23 10:32:56,972 [ERROR] LogOutputStream:75 - [STDERR_REDIRECT] [Fatal Error] :1:1: Premature end of file.
2025-12-23 10:32:56,972 [ERROR] LogOutputStream:75 - [STDERR_REDIRECT] 
2025-12-23 10:32:57,949 [ERROR] LogOutputStream:75 - [STDERR_REDIRECT] [Fatal Error] :1:1: Premature end of file.
2025-12-23 10:32:57,949 [ERROR] LogOutputStream:75 - [STDERR_REDIRECT] 
2025-12-23 10:32:58,945 [ERROR] LogOutputStream:75 - [STDERR_REDIRECT] [Fatal Error] :1:1: Premature end of file.
2025-12-23 10:32:58,945 [ERROR] LogOutputStream:75 - [STDERR_REDIRECT] 
2025-12-23 10:32:59,945 [ERROR] LogOutputStream:75 - [STDERR_REDIRECT] [Fatal Error] :1:1: Premature end of file.
2025-12-23 10:32:59,945 [ERROR] LogOutputStream:75 - [STDERR_REDIRECT] 
2025-12-23 10:33:00,947 [ERROR] LogOutputStream:75 - [STDERR_REDIRECT] [Fatal Error] :1:1: Premature end of file.
2025-12-23 10:33:00,947 [ERROR] LogOutputStream:75 - [STDERR_REDIRECT] 
2025-12-23 10:33:01,973 [ERROR] LogOutputStream:75 - [STDERR_REDIRECT] [Fatal Error] :1:1: Premature end of file.
2025-12-23 10:33:01,974 [ERROR] LogOutputStream:75 - [STDERR_REDIRECT] 
2025-12-23 10:33:02,937 [ERROR] LogOutputStream:75 - [STDERR_REDIRECT] [Fatal Error] :1:1: Premature end of file.
2025-12-23 10:33:02,937 [ERROR] LogOutputStream:75 - [STDERR_REDIRECT] 
2025-12-23 10:33:03,937 [ERROR] LogOutputStream:75 - [STDERR_REDIRECT] [Fatal Error] :1:1: Premature end of file.
2025-12-23 10:33:03,937 [ERROR] LogOutputStream:75 - [STDERR_REDIRECT] 
2025-12-23 10:33:04,942 [ERROR] LogOutputStream:75 - [STDERR_REDIRECT] [Fatal Error] :1:1: Premature end of file.
2025-12-23 10:33:04,942 [ERROR] LogOutputStream:75 - [STDERR_REDIRECT] 
2025-12-23 10:33:05,940 [ERROR] LogOutputStream:75 - [STDERR_REDIRECT] [Fatal Error] :1:1: Premature end of file.
2025-12-23 10:33:05,940 [ERROR] LogOutputStream:75 - [STDERR_REDIRECT] 
2025-12-23 10:33:06,940 [ERROR] LogOutputStream:75 - [STDERR_REDIRECT] [Fatal Error] :1:1: Premature end of file.
2025-12-23 10:33:06,940 [ERROR] LogOutputStream:75 - [STDERR_REDIRECT] 
2025-12-23 10:33:07,935 [ERROR] LogOutputStream:75 - [STDERR_REDIRECT] [Fatal Error] :1:1: Premature end of file.
2025-12-23 10:33:07,935 [ERROR] LogOutputStream:75 - [STDERR_REDIRECT] 
2025-12-23 10:33:08,948 [ERROR] LogOutputStream:75 - [STDERR_REDIRECT] [Fatal Error] :1:1: Premature end of file.
2025-12-23 10:33:08,950 [ERROR] LogOutputStream:75 - [STDERR_REDIRECT] 
2025-12-23 10:33:09,956 [ERROR] LogOutputStream:75 - [STDERR_REDIRECT] [Fatal Error] :1:1: Premature end of file.
2025-12-23 10:33:09,957 [ERROR] LogOutputStream:75 - [STDERR_REDIRECT] 
2025-12-23 10:33:10,978 [ERROR] LogOutputStream:75 - [STDERR_REDIRECT] [Fatal Error] :1:1: Premature end of file.
2025-12-23 10:33:10,979 [ERROR] LogOutputStream:75 - [STDERR_REDIRECT] 
2025-12-23 10:33:11,950 [ERROR] LogOutputStream:75 - [STDERR_REDIRECT] [Fatal Error] :1:1: Premature end of file.
2025-12-23 10:33:11,950 [ERROR] LogOutputStream:75 - [STDERR_REDIRECT] 
2025-12-23 10:33:12,939 [ERROR] LogOutputStream:75 - [STDERR_REDIRECT] [Fatal Error] :1:1: Premature end of file.
2025-12-23 10:33:12,939 [ERROR] LogOutputStream:75 - [STDERR_REDIRECT] 
2025-12-23 10:33:13,956 [ERROR] LogOutputStream:75 - [STDERR_REDIRECT] [Fatal Error] :1:1: Premature end of file.
2025-12-23 10:33:13,956 [ERROR] LogOutputStream:75 - [STDERR_REDIRECT] 
2025-12-23 10:33:14,958 [ERROR] LogOutputStream:75 - [STDERR_REDIRECT] [Fatal Error] :1:1: Premature end of file.
2025-12-23 10:33:14,958 [ERROR] LogOutputStream:75 - [STDERR_REDIRECT] 
2025-12-23 10:33:15,952 [ERROR] LogOutputStream:75 - [STDERR_REDIRECT] [Fatal Error] :1:1: Premature end of file.
2025-12-23 10:33:15,952 [ERROR] LogOutputStream:75 - [STDERR_REDIRECT] 
2025-12-23 10:33:16,947 [ERROR] LogOutputStream:75 - [STDERR_REDIRECT] [Fatal Error] :1:1: Premature end of file.
2025-12-23 10:33:16,947 [ERROR] LogOutputStream:75 - [STDERR_REDIRECT] 
2025-12-23 10:33:17,957 [ERROR] LogOutputStream:75 - [STDERR_REDIRECT] [Fatal Error] :1:1: Premature end of file.
2025-12-23 10:33:17,958 [ERROR] LogOutputStream:75 - [STDERR_REDIRECT] 
2025-12-23 10:33:18,973 [ERROR] LogOutputStream:75 - [STDERR_REDIRECT] [Fatal Error] :1:1: Premature end of file.
2025-12-23 10:33:18,973 [ERROR] LogOutputStream:75 - [STDERR_REDIRECT] 
2025-12-23 10:33:19,956 [ERROR] LogOutputStream:75 - [STDERR_REDIRECT] [Fatal Error] :1:1: Premature end of file.
2025-12-23 10:33:19,957 [ERROR] LogOutputStream:75 - [STDERR_REDIRECT] 
2025-12-23 10:33:20,969 [ERROR] LogOutputStream:75 - [STDERR_REDIRECT] [Fatal Error] :1:1: Premature end of file.
2025-12-23 10:33:20,970 [ERROR] LogOutputStream:75 - [STDERR_REDIRECT] 
2025-12-23 10:33:21,952 [ERROR] LogOutputStream:75 - [STDERR_REDIRECT] [Fatal Error] :1:1: Premature end of file.
2025-12-23 10:33:21,952 [ERROR] LogOutputStream:75 - [STDERR_REDIRECT] 
2025-12-23 10:33:22,960 [ERROR] LogOutputStream:75 - [STDERR_REDIRECT] [Fatal Error] :1:1: Premature end of file.
2025-12-23 10:33:22,960 [ERROR] LogOutputStream:75 - [STDERR_REDIRECT] 
2025-12-23 10:33:23,970 [ERROR] LogOutputStream:75 - [STDERR_REDIRECT] [Fatal Error] :1:1: Premature end of file.
2025-12-23 10:33:23,970 [ERROR] LogOutputStream:75 - [STDERR_REDIRECT] 
2025-12-23 10:33:24,954 [ERROR] LogOutputStream:75 - [STDERR_REDIRECT] [Fatal Error] :1:1: Premature end of file.
2025-12-23 10:33:24,955 [ERROR] LogOutputStream:75 - [STDERR_REDIRECT] 
2025-12-23 10:33:25,945 [ERROR] LogOutputStream:75 - [STDERR_REDIRECT] [Fatal Error] :1:1: Premature end of file.
2025-12-23 10:33:25,946 [ERROR] LogOutputStream:75 - [STDERR_REDIRECT] 
2025-12-23 10:33:27,008 [ERROR] LogOutputStream:75 - [STDERR_REDIRECT] [Fatal Error] :1:1: Premature end of file.
2025-12-23 10:33:27,008 [ERROR] LogOutputStream:75 - [STDERR_REDIRECT] 
2025-12-23 10:33:27,970 [ERROR] LogOutputStream:75 - [STDERR_REDIRECT] [Fatal Error] :1:1: Premature end of file.
2025-12-23 10:33:27,970 [ERROR] LogOutputStream:75 - [STDERR_REDIRECT] 
2025-12-23 10:33:28,963 [ERROR] LogOutputStream:75 - [STDERR_REDIRECT] [Fatal Error] :1:1: Premature end of file.
2025-12-23 10:33:28,963 [ERROR] LogOutputStream:75 - [STDERR_REDIRECT] 
2025-12-23 10:33:29,965 [ERROR] LogOutputStream:75 - [STDERR_REDIRECT] [Fatal Error] :1:1: Premature end of file.
2025-12-23 10:33:29,965 [ERROR] LogOutputStream:75 - [STDERR_REDIRECT] 
2025-12-23 10:33:30,985 [ERROR] LogOutputStream:75 - [STDERR_REDIRECT] [Fatal Error] :1:1: Premature end of file.
2025-12-23 10:33:30,985 [ERROR] LogOutputStream:75 - [STDERR_REDIRECT] 
2025-12-23 10:33:31,972 [ERROR] LogOutputStream:75 - [STDERR_REDIRECT] [Fatal Error] :1:1: Premature end of file.
2025-12-23 10:33:31,972 [ERROR] LogOutputStream:75 - [STDERR_REDIRECT] 
2025-12-23 10:33:32,956 [ERROR] LogOutputStream:75 - [STDERR_REDIRECT] [Fatal Error] :1:1: Premature end of file.
2025-12-23 10:33:32,956 [ERROR] LogOutputStream:75 - [STDERR_REDIRECT] 
2025-12-23 10:33:33,969 [ERROR] LogOutputStream:75 - [STDERR_REDIRECT] [Fatal Error] :1:1: Premature end of file.
2025-12-23 10:33:33,972 [ERROR] LogOutputStream:75 - [STDERR_REDIRECT] 
2025-12-23 10:33:34,969 [ERROR] LogOutputStream:75 - [STDERR_REDIRECT] [Fatal Error] :1:1: Premature end of file.
2025-12-23 10:33:34,969 [ERROR] LogOutputStream:75 - [STDERR_REDIRECT] 
2025-12-23 10:33:35,963 [ERROR] LogOutputStream:75 - [STDERR_REDIRECT] [Fatal Error] :1:1: Premature end of file.
2025-12-23 10:33:35,963 [ERROR] LogOutputStream:75 - [STDERR_REDIRECT] 
2025-12-23 10:33:36,980 [ERROR] LogOutputStream:75 - [STDERR_REDIRECT] [Fatal Error] :1:1: Premature end of file.
2025-12-23 10:33:36,980 [ERROR] LogOutputStream:75 - [STDERR_REDIRECT] 
2025-12-23 10:33:37,998 [ERROR] LogOutputStream:75 - [STDERR_REDIRECT] [Fatal Error] :1:1: Premature end of file.
2025-12-23 10:33:37,998 [ERROR] LogOutputStream:75 - [STDERR_REDIRECT] 
2025-12-23 10:33:38,963 [ERROR] LogOutputStream:75 - [STDERR_REDIRECT] [Fatal Error] :1:1: Premature end of file.
2025-12-23 10:33:38,963 [ERROR] LogOutputStream:75 - [STDERR_REDIRECT] 
2025-12-23 10:33:39,961 [ERROR] LogOutputStream:75 - [STDERR_REDIRECT] [Fatal Error] :1:1: Premature end of file.
2025-12-23 10:33:39,961 [ERROR] LogOutputStream:75 - [STDERR_REDIRECT] 
2025-12-23 10:33:40,960 [ERROR] LogOutputStream:75 - [STDERR_REDIRECT] [Fatal Error] :1:1: Premature end of file.
2025-12-23 10:33:40,960 [ERROR] LogOutputStream:75 - [STDERR_REDIRECT] 
2025-12-23 10:33:41,955 [ERROR] LogOutputStream:75 - [STDERR_REDIRECT] [Fatal Error] :1:1: Premature end of file.
2025-12-23 10:33:41,955 [ERROR] LogOutputStream:75 - [STDERR_REDIRECT] 
2025-12-23 10:33:42,969 [ERROR] LogOutputStream:75 - [STDERR_REDIRECT] [Fatal Error] :1:1: Premature end of file.
2025-12-23 10:33:42,969 [ERROR] LogOutputStream:75 - [STDERR_REDIRECT] 
2025-12-23 10:33:43,978 [ERROR] LogOutputStream:75 - [STDERR_REDIRECT] [Fatal Error] :1:1: Premature end of file.
2025-12-23 10:33:43,979 [ERROR] LogOutputStream:75 - [STDERR_REDIRECT] 
2025-12-23 10:33:44,977 [ERROR] LogOutputStream:75 - [STDERR_REDIRECT] [Fatal Error] :1:1: Premature end of file.
2025-12-23 10:33:44,977 [ERROR] LogOutputStream:75 - [STDERR_REDIRECT] 
2025-12-23 10:33:45,976 [ERROR] LogOutputStream:75 - [STDERR_REDIRECT] [Fatal Error] :1:1: Premature end of file.
2025-12-23 10:33:45,979 [ERROR] LogOutputStream:75 - [STDERR_REDIRECT] 
2025-12-23 10:33:46,968 [ERROR] LogOutputStream:75 - [STDERR_REDIRECT] [Fatal Error] :1:1: Premature end of file.
2025-12-23 10:33:46,968 [ERROR] LogOutputStream:75 - [STDERR_REDIRECT] 
2025-12-23 10:33:47,976 [ERROR] LogOutputStream:75 - [STDERR_REDIRECT] [Fatal Error] :1:1: Premature end of file.
2025-12-23 10:33:47,976 [ERROR] LogOutputStream:75 - [STDERR_REDIRECT] 
2025-12-23 10:33:48,945 [ERROR] LogOutputStream:75 - [STDERR_REDIRECT] [Fatal Error] :1:1: Premature end of file.
2025-12-23 10:33:48,953 [ERROR] LogOutputStream:75 - [STDERR_REDIRECT] 
2025-12-23 10:33:49,976 [ERROR] LogOutputStream:75 - [STDERR_REDIRECT] [Fatal Error] :1:1: Premature end of file.
2025-12-23 10:33:49,976 [ERROR] LogOutputStream:75 - [STDERR_REDIRECT] 
2025-12-23 10:33:51,010 [ERROR] LogOutputStream:75 - [STDERR_REDIRECT] [Fatal Error] :1:1: Premature end of file.
2025-12-23 10:33:51,010 [ERROR] LogOutputStream:75 - [STDERR_REDIRECT] 
2025-12-23 10:33:51,972 [ERROR] LogOutputStream:75 - [STDERR_REDIRECT] [Fatal Error] :1:1: Premature end of file.
2025-12-23 10:33:51,972 [ERROR] LogOutputStream:75 - [STDERR_REDIRECT] 
2025-12-23 10:33:52,976 [ERROR] LogOutputStream:75 - [STDERR_REDIRECT] [Fatal Error] :1:1: Premature end of file.
2025-12-23 10:33:52,976 [ERROR] LogOutputStream:75 - [STDERR_REDIRECT] 
2025-12-23 10:33:53,975 [ERROR] LogOutputStream:75 - [STDERR_REDIRECT] [Fatal Error] :1:1: Premature end of file.
2025-12-23 10:33:53,975 [ERROR] LogOutputStream:75 - [STDERR_REDIRECT] 
2025-12-23 10:33:55,020 [ERROR] LogOutputStream:75 - [STDERR_REDIRECT] [Fatal Error] :1:1: Premature end of file.
2025-12-23 10:33:55,020 [ERROR] LogOutputStream:75 - [STDERR_REDIRECT] 
2025-12-23 10:33:55,991 [ERROR] LogOutputStream:75 - [STDERR_REDIRECT] [Fatal Error] :1:1: Premature end of file.
2025-12-23 10:33:55,992 [ERROR] LogOutputStream:75 - [STDERR_REDIRECT] 
2025-12-23 10:33:56,943 [ERROR] LogOutputStream:75 - [STDERR_REDIRECT] [Fatal Error] :1:1: Premature end of file.
2025-12-23 10:33:56,943 [ERROR] LogOutputStream:75 - [STDERR_REDIRECT] 
2025-12-23 10:33:57,974 [ERROR] LogOutputStream:75 - [STDERR_REDIRECT] [Fatal Error] :1:1: Premature end of file.
2025-12-23 10:33:57,975 [ERROR] LogOutputStream:75 - [STDERR_REDIRECT] 
2025-12-23 10:33:58,993 [ERROR] LogOutputStream:75 - [STDERR_REDIRECT] [Fatal Error] :1:1: Premature end of file.
2025-12-23 10:33:58,993 [ERROR] LogOutputStream:75 - [STDERR_REDIRECT] 
2025-12-23 10:33:59,957 [ERROR] LogOutputStream:75 - [STDERR_REDIRECT] [Fatal Error] :1:1: Premature end of file.
2025-12-23 10:33:59,958 [ERROR] LogOutputStream:75 - [STDERR_REDIRECT] 
2025-12-23 10:34:00,958 [ERROR] LogOutputStream:75 - [STDERR_REDIRECT] [Fatal Error] :1:1: Premature end of file.
2025-12-23 10:34:00,958 [ERROR] LogOutputStream:75 - [STDERR_REDIRECT] 
2025-12-23 10:34:01,971 [ERROR] LogOutputStream:75 - [STDERR_REDIRECT] [Fatal Error] :1:1: Premature end of file.
2025-12-23 10:34:01,971 [ERROR] LogOutputStream:75 - [STDERR_REDIRECT] 
2025-12-23 10:34:03,028 [ERROR] LogOutputStream:75 - [STDERR_REDIRECT] [Fatal Error] :1:1: Premature end of file.
2025-12-23 10:34:03,028 [ERROR] LogOutputStream:75 - [STDERR_REDIRECT] 
2025-12-23 10:34:03,958 [ERROR] LogOutputStream:75 - [STDERR_REDIRECT] [Fatal Error] :1:1: Premature end of file.
2025-12-23 10:34:03,960 [ERROR] LogOutputStream:75 - [STDERR_REDIRECT] 
2025-12-23 10:34:04,967 [ERROR] LogOutputStream:75 - [STDERR_REDIRECT] [Fatal Error] :1:1: Premature end of file.
2025-12-23 10:34:04,967 [ERROR] LogOutputStream:75 - [STDERR_REDIRECT] 
2025-12-23 10:34:05,988 [ERROR] LogOutputStream:75 - [STDERR_REDIRECT] [Fatal Error] :1:1: Premature end of file.
2025-12-23 10:34:05,988 [ERROR] LogOutputStream:75 - [STDERR_REDIRECT] 
2025-12-23 10:34:06,992 [ERROR] LogOutputStream:75 - [STDERR_REDIRECT] [Fatal Error] :1:1: Premature end of file.
2025-12-23 10:34:06,992 [ERROR] LogOutputStream:75 - [STDERR_REDIRECT] 
2025-12-23 10:34:07,976 [ERROR] LogOutputStream:75 - [STDERR_REDIRECT] [Fatal Error] :1:1: Premature end of file.
2025-12-23 10:34:07,976 [ERROR] LogOutputStream:75 - [STDERR_REDIRECT] 
2025-12-23 10:34:08,971 [ERROR] LogOutputStream:75 - [STDERR_REDIRECT] [Fatal Error] :1:1: Premature end of file.
2025-12-23 10:34:08,971 [ERROR] LogOutputStream:75 - [STDERR_REDIRECT] 
2025-12-23 10:34:09,957 [ERROR] LogOutputStream:75 - [STDERR_REDIRECT] [Fatal Error] :1:1: Premature end of file.
2025-12-23 10:34:09,966 [ERROR] LogOutputStream:75 - [STDERR_REDIRECT] 
2025-12-23 10:34:10,944 [ERROR] LogOutputStream:75 - [STDERR_REDIRECT] [Fatal Error] :1:1: Premature end of file.
2025-12-23 10:34:10,944 [ERROR] LogOutputStream:75 - [STDERR_REDIRECT] 
2025-12-23 10:34:11,956 [ERROR] LogOutputStream:75 - [STDERR_REDIRECT] [Fatal Error] :1:1: Premature end of file.
2025-12-23 10:34:11,956 [ERROR] LogOutputStream:75 - [STDERR_REDIRECT] 
2025-12-23 10:34:12,966 [ERROR] LogOutputStream:75 - [STDERR_REDIRECT] [Fatal Error] :1:1: Premature end of file.
2025-12-23 10:34:12,966 [ERROR] LogOutputStream:75 - [STDERR_REDIRECT] 
2025-12-23 10:34:13,939 [ERROR] LogOutputStream:75 - [STDERR_REDIRECT] [Fatal Error] :1:1: Premature end of file.
2025-12-23 10:34:13,939 [ERROR] LogOutputStream:75 - [STDERR_REDIRECT] 
2025-12-23 10:34:15,008 [ERROR] LogOutputStream:75 - [STDERR_REDIRECT] [Fatal Error] :1:1: Premature end of file.
2025-12-23 10:34:15,008 [ERROR] LogOutputStream:75 - [STDERR_REDIRECT] 
2025-12-23 10:34:15,956 [ERROR] LogOutputStream:75 - [STDERR_REDIRECT] [Fatal Error] :1:1: Premature end of file.
2025-12-23 10:34:15,956 [ERROR] LogOutputStream:75 - [STDERR_REDIRECT] 
2025-12-23 10:34:16,974 [ERROR] LogOutputStream:75 - [STDERR_REDIRECT] [Fatal Error] :1:1: Premature end of file.
2025-12-23 10:34:16,974 [ERROR] LogOutputStream:75 - [STDERR_REDIRECT] 
2025-12-23 10:34:17,964 [ERROR] LogOutputStream:75 - [STDERR_REDIRECT] [Fatal Error] :1:1: Premature end of file.
2025-12-23 10:34:17,964 [ERROR] LogOutputStream:75 - [STDERR_REDIRECT] 
2025-12-23 10:34:19,033 [ERROR] LogOutputStream:75 - [STDERR_REDIRECT] [Fatal Error] :1:1: Premature end of file.
2025-12-23 10:34:19,033 [ERROR] LogOutputStream:75 - [STDERR_REDIRECT] 
2025-12-23 10:34:19,953 [ERROR] LogOutputStream:75 - [STDERR_REDIRECT] [Fatal Error] :1:1: Premature end of file.
2025-12-23 10:34:19,955 [ERROR] LogOutputStream:75 - [STDERR_REDIRECT] 
2025-12-23 10:34:20,965 [ERROR] LogOutputStream:75 - [STDERR_REDIRECT] [Fatal Error] :1:1: Premature end of file.
2025-12-23 10:34:20,965 [ERROR] LogOutputStream:75 - [STDERR_REDIRECT] 
2025-12-23 10:34:21,972 [ERROR] LogOutputStream:75 - [STDERR_REDIRECT] [Fatal Error] :1:1: Premature end of file.
2025-12-23 10:34:21,973 [ERROR] LogOutputStream:75 - [STDERR_REDIRECT] 
2025-12-23 10:34:22,988 [ERROR] LogOutputStream:75 - [STDERR_REDIRECT] [Fatal Error] :1:1: Premature end of file.
2025-12-23 10:34:22,988 [ERROR] LogOutputStream:75 - [STDERR_REDIRECT] 
2025-12-23 10:34:23,972 [ERROR] LogOutputStream:75 - [STDERR_REDIRECT] [Fatal Error] :1:1: Premature end of file.
2025-12-23 10:34:23,972 [ERROR] LogOutputStream:75 - [STDERR_REDIRECT] 
2025-12-23 10:34:24,955 [ERROR] LogOutputStream:75 - [STDERR_REDIRECT] [Fatal Error] :1:1: Premature end of file.
2025-12-23 10:34:24,955 [ERROR] LogOutputStream:75 - [STDERR_REDIRECT] 
2025-12-23 10:34:25,967 [ERROR] LogOutputStream:75 - [STDERR_REDIRECT] [Fatal Error] :1:1: Premature end of file.
2025-12-23 10:34:25,969 [ERROR] LogOutputStream:75 - [STDERR_REDIRECT] 
2025-12-23 10:34:26,947 [ERROR] LogOutputStream:75 - [STDERR_REDIRECT] [Fatal Error] :1:1: Premature end of file.
2025-12-23 10:34:26,947 [ERROR] LogOutputStream:75 - [STDERR_REDIRECT] 
2025-12-23 10:34:27,960 [ERROR] LogOutputStream:75 - [STDERR_REDIRECT] [Fatal Error] :1:1: Premature end of file.
2025-12-23 10:34:27,960 [ERROR] LogOutputStream:75 - [STDERR_REDIRECT] 
2025-12-23 10:34:28,972 [ERROR] LogOutputStream:75 - [STDERR_REDIRECT] [Fatal Error] :1:1: Premature end of file.
2025-12-23 10:34:28,973 [ERROR] LogOutputStream:75 - [STDERR_REDIRECT] 
2025-12-23 10:34:29,967 [ERROR] LogOutputStream:75 - [STDERR_REDIRECT] [Fatal Error] :1:1: Premature end of file.
2025-12-23 10:34:29,967 [ERROR] LogOutputStream:75 - [STDERR_REDIRECT] 
2025-12-23 10:34:30,953 [ERROR] LogOutputStream:75 - [STDERR_REDIRECT] [Fatal Error] :1:1: Premature end of file.
2025-12-23 10:34:30,953 [ERROR] LogOutputStream:75 - [STDERR_REDIRECT] 
2025-12-23 10:34:31,995 [ERROR] LogOutputStream:75 - [STDERR_REDIRECT] [Fatal Error] :1:1: Premature end of file.
2025-12-23 10:34:31,995 [ERROR] LogOutputStream:75 - [STDERR_REDIRECT] 
2025-12-23 10:34:32,944 [ERROR] LogOutputStream:75 - [STDERR_REDIRECT] [Fatal Error] :1:1: Premature end of file.
2025-12-23 10:34:32,944 [ERROR] LogOutputStream:75 - [STDERR_REDIRECT] 
2025-12-23 10:34:33,958 [ERROR] LogOutputStream:75 - [STDERR_REDIRECT] [Fatal Error] :1:1: Premature end of file.
2025-12-23 10:34:33,958 [ERROR] LogOutputStream:75 - [STDERR_REDIRECT] 
2025-12-23 10:34:34,967 [ERROR] LogOutputStream:75 - [STDERR_REDIRECT] [Fatal Error] :1:1: Premature end of file.
2025-12-23 10:34:34,968 [ERROR] LogOutputStream:75 - [STDERR_REDIRECT] 
2025-12-23 10:34:36,017 [ERROR] LogOutputStream:75 - [STDERR_REDIRECT] [Fatal Error] :1:1: Premature end of file.
2025-12-23 10:34:36,017 [ERROR] LogOutputStream:75 - [STDERR_REDIRECT] 
2025-12-23 10:34:36,965 [ERROR] LogOutputStream:75 - [STDERR_REDIRECT] [Fatal Error] :1:1: Premature end of file.
2025-12-23 10:34:36,965 [ERROR] LogOutputStream:75 - [STDERR_REDIRECT] 
2025-12-23 10:34:37,962 [ERROR] LogOutputStream:75 - [STDERR_REDIRECT] [Fatal Error] :1:1: Premature end of file.
2025-12-23 10:34:37,962 [ERROR] LogOutputStream:75 - [STDERR_REDIRECT] 
2025-12-23 10:34:38,965 [ERROR] LogOutputStream:75 - [STDERR_REDIRECT] [Fatal Error] :1:1: Premature end of file.
2025-12-23 10:34:38,965 [ERROR] LogOutputStream:75 - [STDERR_REDIRECT] 
2025-12-23 10:34:39,973 [ERROR] LogOutputStream:75 - [STDERR_REDIRECT] [Fatal Error] :1:1: Premature end of file.
2025-12-23 10:34:39,973 [ERROR] LogOutputStream:75 - [STDERR_REDIRECT] 
2025-12-23 10:34:40,958 [ERROR] LogOutputStream:75 - [STDERR_REDIRECT] [Fatal Error] :1:1: Premature end of file.
2025-12-23 10:34:40,958 [ERROR] LogOutputStream:75 - [STDERR_REDIRECT] 
2025-12-23 10:34:41,966 [ERROR] LogOutputStream:75 - [STDERR_REDIRECT] [Fatal Error] :1:1: Premature end of file.
2025-12-23 10:34:41,966 [ERROR] LogOutputStream:75 - [STDERR_REDIRECT] 
2025-12-23 10:34:42,966 [ERROR] LogOutputStream:75 - [STDERR_REDIRECT] [Fatal Error] :1:1: Premature end of file.
2025-12-23 10:34:42,967 [ERROR] LogOutputStream:75 - [STDERR_REDIRECT] 
2025-12-23 10:34:43,939 [ERROR] LogOutputStream:75 - [STDERR_REDIRECT] [Fatal Error] :1:1: Premature end of file.
2025-12-23 10:34:43,944 [ERROR] LogOutputStream:75 - [STDERR_REDIRECT] 
2025-12-23 10:34:44,964 [ERROR] LogOutputStream:75 - [STDERR_REDIRECT] [Fatal Error] :1:1: Premature end of file.
2025-12-23 10:34:44,964 [ERROR] LogOutputStream:75 - [STDERR_REDIRECT] 
2025-12-23 10:34:45,951 [ERROR] LogOutputStream:75 - [STDERR_REDIRECT] [Fatal Error] :1:1: Premature end of file.
2025-12-23 10:34:45,951 [ERROR] LogOutputStream:75 - [STDERR_REDIRECT] 
2025-12-23 10:34:46,952 [ERROR] LogOutputStream:75 - [STDERR_REDIRECT] [Fatal Error] :1:1: Premature end of file.
2025-12-23 10:34:46,952 [ERROR] LogOutputStream:75 - [STDERR_REDIRECT] 
2025-12-23 10:34:47,999 [ERROR] LogOutputStream:75 - [STDERR_REDIRECT] [Fatal Error] :1:1: Premature end of file.
2025-12-23 10:34:47,999 [ERROR] LogOutputStream:75 - [STDERR_REDIRECT] 
2025-12-23 10:34:48,958 [ERROR] LogOutputStream:75 - [STDERR_REDIRECT] [Fatal Error] :1:1: Premature end of file.
2025-12-23 10:34:48,958 [ERROR] LogOutputStream:75 - [STDERR_REDIRECT] 
2025-12-23 10:34:49,971 [ERROR] LogOutputStream:75 - [STDERR_REDIRECT] [Fatal Error] :1:1: Premature end of file.
2025-12-23 10:34:49,971 [ERROR] LogOutputStream:75 - [STDERR_REDIRECT] 
2025-12-23 10:34:50,959 [ERROR] LogOutputStream:75 - [STDERR_REDIRECT] [Fatal Error] :1:1: Premature end of file.
2025-12-23 10:34:50,959 [ERROR] LogOutputStream:75 - [STDERR_REDIRECT] 
2025-12-23 10:34:51,973 [ERROR] LogOutputStream:75 - [STDERR_REDIRECT] [Fatal Error] :1:1: Premature end of file.
2025-12-23 10:34:51,973 [ERROR] LogOutputStream:75 - [STDERR_REDIRECT] 
2025-12-23 10:34:52,969 [ERROR] LogOutputStream:75 - [STDERR_REDIRECT] [Fatal Error] :1:1: Premature end of file.
2025-12-23 10:34:52,969 [ERROR] LogOutputStream:75 - [STDERR_REDIRECT] 
2025-12-23 10:34:53,969 [ERROR] LogOutputStream:75 - [STDERR_REDIRECT] [Fatal Error] :1:1: Premature end of file.
2025-12-23 10:34:53,971 [ERROR] LogOutputStream:75 - [STDERR_REDIRECT] 
2025-12-23 10:34:54,961 [ERROR] LogOutputStream:75 - [STDERR_REDIRECT] [Fatal Error] :1:1: Premature end of file.
2025-12-23 10:34:54,961 [ERROR] LogOutputStream:75 - [STDERR_REDIRECT] 
2025-12-23 10:34:55,974 [ERROR] LogOutputStream:75 - [STDERR_REDIRECT] [Fatal Error] :1:1: Premature end of file.
2025-12-23 10:34:55,974 [ERROR] LogOutputStream:75 - [STDERR_REDIRECT] 
2025-12-23 10:34:56,981 [ERROR] LogOutputStream:75 - [STDERR_REDIRECT] [Fatal Error] :1:1: Premature end of file.
2025-12-23 10:34:56,981 [ERROR] LogOutputStream:75 - [STDERR_REDIRECT] 
2025-12-23 10:34:57,964 [ERROR] LogOutputStream:75 - [STDERR_REDIRECT] [Fatal Error] :1:1: Premature end of file.
2025-12-23 10:34:57,964 [ERROR] LogOutputStream:75 - [STDERR_REDIRECT] 
2025-12-23 10:34:58,955 [ERROR] LogOutputStream:75 - [STDERR_REDIRECT] [Fatal Error] :1:1: Premature end of file.
2025-12-23 10:34:58,955 [ERROR] LogOutputStream:75 - [STDERR_REDIRECT] 
2025-12-23 10:34:59,936 [ERROR] LogOutputStream:75 - [STDERR_REDIRECT] [Fatal Error] :1:1: Premature end of file.
2025-12-23 10:34:59,936 [ERROR] LogOutputStream:75 - [STDERR_REDIRECT] 
2025-12-23 10:35:00,999 [ERROR] LogOutputStream:75 - [STDERR_REDIRECT] [Fatal Error] :1:1: Premature end of file.
2025-12-23 10:35:00,999 [ERROR] LogOutputStream:75 - [STDERR_REDIRECT] 
2025-12-23 10:35:01,964 [ERROR] LogOutputStream:75 - [STDERR_REDIRECT] [Fatal Error] :1:1: Premature end of file.
2025-12-23 10:35:01,964 [ERROR] LogOutputStream:75 - [STDERR_REDIRECT] 
2025-12-23 10:35:02,951 [ERROR] LogOutputStream:75 - [STDERR_REDIRECT] [Fatal Error] :1:1: Premature end of file.
2025-12-23 10:35:02,951 [ERROR] LogOutputStream:75 - [STDERR_REDIRECT] 
2025-12-23 10:35:03,952 [ERROR] LogOutputStream:75 - [STDERR_REDIRECT] [Fatal Error] :1:1: Premature end of file.
2025-12-23 10:35:03,952 [ERROR] LogOutputStream:75 - [STDERR_REDIRECT] 
2025-12-23 10:35:04,963 [ERROR] LogOutputStream:75 - [STDERR_REDIRECT] [Fatal Error] :1:1: Premature end of file.
2025-12-23 10:35:04,963 [ERROR] LogOutputStream:75 - [STDERR_REDIRECT] 
2025-12-23 10:35:05,947 [ERROR] LogOutputStream:75 - [STDERR_REDIRECT] [Fatal Error] :1:1: Premature end of file.
2025-12-23 10:35:05,947 [ERROR] LogOutputStream:75 - [STDERR_REDIRECT] 
2025-12-23 10:35:06,973 [ERROR] LogOutputStream:75 - [STDERR_REDIRECT] [Fatal Error] :1:1: Premature end of file.
2025-12-23 10:35:06,973 [ERROR] LogOutputStream:75 - [STDERR_REDIRECT] 
2025-12-23 10:35:07,948 [ERROR] LogOutputStream:75 - [STDERR_REDIRECT] [Fatal Error] :1:1: Premature end of file.
2025-12-23 10:35:07,948 [ERROR] LogOutputStream:75 - [STDERR_REDIRECT] 
2025-12-23 10:35:08,948 [ERROR] LogOutputStream:75 - [STDERR_REDIRECT] [Fatal Error] :1:1: Premature end of file.
2025-12-23 10:35:08,959 [ERROR] LogOutputStream:75 - [STDERR_REDIRECT] 
2025-12-23 10:35:10,008 [ERROR] LogOutputStream:75 - [STDERR_REDIRECT] [Fatal Error] :1:1: Premature end of file.
2025-12-23 10:35:10,008 [ERROR] LogOutputStream:75 - [STDERR_REDIRECT] 
2025-12-23 10:35:10,944 [ERROR] LogOutputStream:75 - [STDERR_REDIRECT] [Fatal Error] :1:1: Premature end of file.
2025-12-23 10:35:10,944 [ERROR] LogOutputStream:75 - [STDERR_REDIRECT] 
2025-12-23 10:35:11,948 [ERROR] LogOutputStream:75 - [STDERR_REDIRECT] [Fatal Error] :1:1: Premature end of file.
2025-12-23 10:35:11,963 [ERROR] LogOutputStream:75 - [STDERR_REDIRECT] 
2025-12-23 10:35:12,949 [ERROR] LogOutputStream:75 - [STDERR_REDIRECT] [Fatal Error] :1:1: Premature end of file.
2025-12-23 10:35:12,949 [ERROR] LogOutputStream:75 - [STDERR_REDIRECT] 
2025-12-23 10:35:13,993 [ERROR] LogOutputStream:75 - [STDERR_REDIRECT] [Fatal Error] :1:1: Premature end of file.
2025-12-23 10:35:13,993 [ERROR] LogOutputStream:75 - [STDERR_REDIRECT] 
2025-12-23 10:35:14,948 [ERROR] LogOutputStream:75 - [STDERR_REDIRECT] [Fatal Error] :1:1: Premature end of file.
2025-12-23 10:35:14,948 [ERROR] LogOutputStream:75 - [STDERR_REDIRECT] 
2025-12-23 10:35:15,965 [ERROR] LogOutputStream:75 - [STDERR_REDIRECT] [Fatal Error] :1:1: Premature end of file.
2025-12-23 10:35:15,971 [ERROR] LogOutputStream:75 - [STDERR_REDIRECT] 
2025-12-23 10:35:16,949 [ERROR] LogOutputStream:75 - [STDERR_REDIRECT] [Fatal Error] :1:1: Premature end of file.
2025-12-23 10:35:16,949 [ERROR] LogOutputStream:75 - [STDERR_REDIRECT] 
2025-12-23 10:35:17,983 [ERROR] LogOutputStream:75 - [STDERR_REDIRECT] [Fatal Error] :1:1: Premature end of file.
2025-12-23 10:35:17,983 [ERROR] LogOutputStream:75 - [STDERR_REDIRECT] 
2025-12-23 10:35:18,955 [ERROR] LogOutputStream:75 - [STDERR_REDIRECT] [Fatal Error] :1:1: Premature end of file.
2025-12-23 10:35:18,955 [ERROR] LogOutputStream:75 - [STDERR_REDIRECT] 
2025-12-23 10:35:19,981 [ERROR] LogOutputStream:75 - [STDERR_REDIRECT] [Fatal Error] :1:1: Premature end of file.
2025-12-23 10:35:19,981 [ERROR] LogOutputStream:75 - [STDERR_REDIRECT] 
2025-12-23 10:35:20,953 [ERROR] LogOutputStream:75 - [STDERR_REDIRECT] [Fatal Error] :1:1: Premature end of file.
2025-12-23 10:35:20,953 [ERROR] LogOutputStream:75 - [STDERR_REDIRECT] 
2025-12-23 10:35:21,951 [ERROR] LogOutputStream:75 - [STDERR_REDIRECT] [Fatal Error] :1:1: Premature end of file.
2025-12-23 10:35:21,951 [ERROR] LogOutputStream:75 - [STDERR_REDIRECT] 
2025-12-23 10:35:22,963 [ERROR] LogOutputStream:75 - [STDERR_REDIRECT] [Fatal Error] :1:1: Premature end of file.
2025-12-23 10:35:22,963 [ERROR] LogOutputStream:75 - [STDERR_REDIRECT] 
2025-12-23 10:35:23,946 [ERROR] LogOutputStream:75 - [STDERR_REDIRECT] [Fatal Error] :1:1: Premature end of file.
2025-12-23 10:35:23,946 [ERROR] LogOutputStream:75 - [STDERR_REDIRECT] 
2025-12-23 10:35:24,973 [ERROR] LogOutputStream:75 - [STDERR_REDIRECT] [Fatal Error] :1:1: Premature end of file.
2025-12-23 10:35:24,973 [ERROR] LogOutputStream:75 - [STDERR_REDIRECT] 
2025-12-23 10:35:25,983 [ERROR] LogOutputStream:75 - [STDERR_REDIRECT] [Fatal Error] :1:1: Premature end of file.
2025-12-23 10:35:25,983 [ERROR] LogOutputStream:75 - [STDERR_REDIRECT] 
2025-12-23 10:35:26,980 [ERROR] LogOutputStream:75 - [STDERR_REDIRECT] [Fatal Error] :1:1: Premature end of file.
2025-12-23 10:35:26,980 [ERROR] LogOutputStream:75 - [STDERR_REDIRECT] 
2025-12-23 10:35:27,957 [ERROR] LogOutputStream:75 - [STDERR_REDIRECT] [Fatal Error] :1:1: Premature end of file.
2025-12-23 10:35:27,957 [ERROR] LogOutputStream:75 - [STDERR_REDIRECT] 
2025-12-23 10:35:28,945 [ERROR] LogOutputStream:75 - [STDERR_REDIRECT] [Fatal Error] :1:1: Premature end of file.
2025-12-23 10:35:28,945 [ERROR] LogOutputStream:75 - [STDERR_REDIRECT] 
2025-12-23 10:35:29,964 [ERROR] LogOutputStream:75 - [STDERR_REDIRECT] [Fatal Error] :1:1: Premature end of file.
2025-12-23 10:35:29,964 [ERROR] LogOutputStream:75 - [STDERR_REDIRECT] 
2025-12-23 10:35:31,016 [ERROR] LogOutputStream:75 - [STDERR_REDIRECT] [Fatal Error] :1:1: Premature end of file.
2025-12-23 10:35:31,018 [ERROR] LogOutputStream:75 - [STDERR_REDIRECT] 
2025-12-23 10:35:31,962 [ERROR] LogOutputStream:75 - [STDERR_REDIRECT] [Fatal Error] :1:1: Premature end of file.
2025-12-23 10:35:31,962 [ERROR] LogOutputStream:75 - [STDERR_REDIRECT] 
2025-12-23 10:35:32,945 [ERROR] LogOutputStream:75 - [STDERR_REDIRECT] [Fatal Error] :1:1: Premature end of file.
2025-12-23 10:35:32,945 [ERROR] LogOutputStream:75 - [STDERR_REDIRECT] 
2025-12-23 10:35:33,944 [ERROR] LogOutputStream:75 - [STDERR_REDIRECT] [Fatal Error] :1:1: Premature end of file.
2025-12-23 10:35:33,944 [ERROR] LogOutputStream:75 - [STDERR_REDIRECT] 
2025-12-23 10:35:34,961 [ERROR] LogOutputStream:75 - [STDERR_REDIRECT] [Fatal Error] :1:1: Premature end of file.
2025-12-23 10:35:34,961 [ERROR] LogOutputStream:75 - [STDERR_REDIRECT] 
2025-12-23 10:35:35,972 [ERROR] LogOutputStream:75 - [STDERR_REDIRECT] [Fatal Error] :1:1: Premature end of file.
2025-12-23 10:35:35,972 [ERROR] LogOutputStream:75 - [STDERR_REDIRECT] 
2025-12-23 10:35:36,963 [ERROR] LogOutputStream:75 - [STDERR_REDIRECT] [Fatal Error] :1:1: Premature end of file.
2025-12-23 10:35:36,963 [ERROR] LogOutputStream:75 - [STDERR_REDIRECT] 
2025-12-23 10:35:37,978 [ERROR] LogOutputStream:75 - [STDERR_REDIRECT] [Fatal Error] :1:1: Premature end of file.
2025-12-23 10:35:37,978 [ERROR] LogOutputStream:75 - [STDERR_REDIRECT] 
2025-12-23 10:35:38,944 [ERROR] LogOutputStream:75 - [STDERR_REDIRECT] [Fatal Error] :1:1: Premature end of file.
2025-12-23 10:35:38,944 [ERROR] LogOutputStream:75 - [STDERR_REDIRECT] 
2025-12-23 10:35:40,008 [ERROR] LogOutputStream:75 - [STDERR_REDIRECT] [Fatal Error] :1:1: Premature end of file.
2025-12-23 10:35:40,008 [ERROR] LogOutputStream:75 - [STDERR_REDIRECT] 
2025-12-23 10:35:40,962 [ERROR] LogOutputStream:75 - [STDERR_REDIRECT] [Fatal Error] :1:1: Premature end of file.
2025-12-23 10:35:40,962 [ERROR] LogOutputStream:75 - [STDERR_REDIRECT] 
2025-12-23 10:35:41,961 [ERROR] LogOutputStream:75 - [STDERR_REDIRECT] [Fatal Error] :1:1: Premature end of file.
2025-12-23 10:35:41,961 [ERROR] LogOutputStream:75 - [STDERR_REDIRECT] 
2025-12-23 10:35:42,965 [ERROR] LogOutputStream:75 - [STDERR_REDIRECT] [Fatal Error] :1:1: Premature end of file.
2025-12-23 10:35:42,972 [ERROR] LogOutputStream:75 - [STDERR_REDIRECT] 
2025-12-23 10:35:44,027 [ERROR] LogOutputStream:75 - [STDERR_REDIRECT] [Fatal Error] :1:1: Premature end of file.
2025-12-23 10:35:44,027 [ERROR] LogOutputStream:75 - [STDERR_REDIRECT] 
2025-12-23 10:35:44,971 [ERROR] LogOutputStream:75 - [STDERR_REDIRECT] [Fatal Error] :1:1: Premature end of file.
2025-12-23 10:35:44,971 [ERROR] LogOutputStream:75 - [STDERR_REDIRECT] 
2025-12-23 10:35:45,945 [ERROR] LogOutputStream:75 - [STDERR_REDIRECT] [Fatal Error] :1:1: Premature end of file.
2025-12-23 10:35:45,945 [ERROR] LogOutputStream:75 - [STDERR_REDIRECT] 
2025-12-23 10:35:46,951 [ERROR] LogOutputStream:75 - [STDERR_REDIRECT] [Fatal Error] :1:1: Premature end of file.
2025-12-23 10:35:46,951 [ERROR] LogOutputStream:75 - [STDERR_REDIRECT] 
2025-12-23 10:35:47,994 [ERROR] LogOutputStream:75 - [STDERR_REDIRECT] [Fatal Error] :1:1: Premature end of file.
2025-12-23 10:35:47,994 [ERROR] LogOutputStream:75 - [STDERR_REDIRECT] 
2025-12-23 10:35:48,960 [ERROR] LogOutputStream:75 - [STDERR_REDIRECT] [Fatal Error] :1:1: Premature end of file.
2025-12-23 10:35:48,960 [ERROR] LogOutputStream:75 - [STDERR_REDIRECT] 
2025-12-23 10:35:49,959 [ERROR] LogOutputStream:75 - [STDERR_REDIRECT] [Fatal Error] :1:1: Premature end of file.
2025-12-23 10:35:49,959 [ERROR] LogOutputStream:75 - [STDERR_REDIRECT] 
2025-12-23 10:35:50,976 [ERROR] LogOutputStream:75 - [STDERR_REDIRECT] [Fatal Error] :1:1: Premature end of file.
2025-12-23 10:35:50,976 [ERROR] LogOutputStream:75 - [STDERR_REDIRECT] 
2025-12-23 10:35:51,985 [ERROR] LogOutputStream:75 - [STDERR_REDIRECT] [Fatal Error] :1:1: Premature end of file.
2025-12-23 10:35:51,985 [ERROR] LogOutputStream:75 - [STDERR_REDIRECT] 
2025-12-23 10:35:52,942 [ERROR] LogOutputStream:75 - [STDERR_REDIRECT] [Fatal Error] :1:1: Premature end of file.
2025-12-23 10:35:52,942 [ERROR] LogOutputStream:75 - [STDERR_REDIRECT] 
2025-12-23 10:35:53,944 [ERROR] LogOutputStream:75 - [STDERR_REDIRECT] [Fatal Error] :1:1: Premature end of file.
2025-12-23 10:35:53,944 [ERROR] LogOutputStream:75 - [STDERR_REDIRECT] 
2025-12-23 10:35:54,959 [ERROR] LogOutputStream:75 - [STDERR_REDIRECT] [Fatal Error] :1:1: Premature end of file.
2025-12-23 10:35:54,959 [ERROR] LogOutputStream:75 - [STDERR_REDIRECT] 
2025-12-23 10:35:55,977 [ERROR] LogOutputStream:75 - [STDERR_REDIRECT] [Fatal Error] :1:1: Premature end of file.
2025-12-23 10:35:55,977 [ERROR] LogOutputStream:75 - [STDERR_REDIRECT] 
2025-12-23 10:35:56,958 [ERROR] LogOutputStream:75 - [STDERR_REDIRECT] [Fatal Error] :1:1: Premature end of file.
2025-12-23 10:35:56,959 [ERROR] LogOutputStream:75 - [STDERR_REDIRECT] 
2025-12-23 10:35:57,959 [ERROR] LogOutputStream:75 - [STDERR_REDIRECT] [Fatal Error] :1:1: Premature end of file.
2025-12-23 10:35:57,959 [ERROR] LogOutputStream:75 - [STDERR_REDIRECT] 
2025-12-23 10:35:58,958 [ERROR] LogOutputStream:75 - [STDERR_REDIRECT] [Fatal Error] :1:1: Premature end of file.
2025-12-23 10:35:58,958 [ERROR] LogOutputStream:75 - [STDERR_REDIRECT] 
2025-12-23 10:35:59,999 [ERROR] LogOutputStream:75 - [STDERR_REDIRECT] [Fatal Error] :1:1: Premature end of file.
2025-12-23 10:35:59,999 [ERROR] LogOutputStream:75 - [STDERR_REDIRECT] 
2025-12-23 10:36:00,966 [ERROR] LogOutputStream:75 - [STDERR_REDIRECT] [Fatal Error] :1:1: Premature end of file.
2025-12-23 10:36:00,966 [ERROR] LogOutputStream:75 - [STDERR_REDIRECT] 
2025-12-23 10:36:01,977 [ERROR] LogOutputStream:75 - [STDERR_REDIRECT] [Fatal Error] :1:1: Premature end of file.
2025-12-23 10:36:01,977 [ERROR] LogOutputStream:75 - [STDERR_REDIRECT] 
2025-12-23 10:36:02,950 [ERROR] LogOutputStream:75 - [STDERR_REDIRECT] [Fatal Error] :1:1: Premature end of file.
2025-12-23 10:36:02,950 [ERROR] LogOutputStream:75 - [STDERR_REDIRECT] 
2025-12-23 10:36:03,957 [ERROR] LogOutputStream:75 - [STDERR_REDIRECT] [Fatal Error] :1:1: Premature end of file.
2025-12-23 10:36:03,957 [ERROR] LogOutputStream:75 - [STDERR_REDIRECT] 
2025-12-23 10:36:04,957 [ERROR] LogOutputStream:75 - [STDERR_REDIRECT] [Fatal Error] :1:1: Premature end of file.
2025-12-23 10:36:04,957 [ERROR] LogOutputStream:75 - [STDERR_REDIRECT] 
2025-12-23 10:36:05,957 [ERROR] LogOutputStream:75 - [STDERR_REDIRECT] [Fatal Error] :1:1: Premature end of file.
2025-12-23 10:36:05,957 [ERROR] LogOutputStream:75 - [STDERR_REDIRECT] 
2025-12-23 10:36:06,940 [ERROR] LogOutputStream:75 - [STDERR_REDIRECT] [Fatal Error] :1:1: Premature end of file.
2025-12-23 10:36:06,940 [ERROR] LogOutputStream:75 - [STDERR_REDIRECT] 
2025-12-23 10:36:07,955 [ERROR] LogOutputStream:75 - [STDERR_REDIRECT] [Fatal Error] :1:1: Premature end of file.
2025-12-23 10:36:07,955 [ERROR] LogOutputStream:75 - [STDERR_REDIRECT] 
2025-12-23 10:36:08,968 [ERROR] LogOutputStream:75 - [STDERR_REDIRECT] [Fatal Error] :1:1: Premature end of file.
2025-12-23 10:36:08,972 [ERROR] LogOutputStream:75 - [STDERR_REDIRECT] 
2025-12-23 10:36:09,939 [ERROR] LogOutputStream:75 - [STDERR_REDIRECT] [Fatal Error] :1:1: Premature end of file.
2025-12-23 10:36:09,939 [ERROR] LogOutputStream:75 - [STDERR_REDIRECT] 
2025-12-23 10:36:10,957 [ERROR] LogOutputStream:75 - [STDERR_REDIRECT] [Fatal Error] :1:1: Premature end of file.
2025-12-23 10:36:10,957 [ERROR] LogOutputStream:75 - [STDERR_REDIRECT] 
2025-12-23 10:36:11,955 [ERROR] LogOutputStream:75 - [STDERR_REDIRECT] [Fatal Error] :1:1: Premature end of file.
2025-12-23 10:36:11,956 [ERROR] LogOutputStream:75 - [STDERR_REDIRECT] 
2025-12-23 10:36:12,957 [ERROR] LogOutputStream:75 - [STDERR_REDIRECT] [Fatal Error] :1:1: Premature end of file.
2025-12-23 10:36:12,957 [ERROR] LogOutputStream:75 - [STDERR_REDIRECT] 
2025-12-23 10:36:13,956 [ERROR] LogOutputStream:75 - [STDERR_REDIRECT] [Fatal Error] :1:1: Premature end of file.
2025-12-23 10:36:13,956 [ERROR] LogOutputStream:75 - [STDERR_REDIRECT] 
2025-12-23 10:36:14,967 [ERROR] LogOutputStream:75 - [STDERR_REDIRECT] [Fatal Error] :1:1: Premature end of file.
2025-12-23 10:36:14,967 [ERROR] LogOutputStream:75 - [STDERR_REDIRECT] 
2025-12-23 10:36:15,975 [ERROR] LogOutputStream:75 - [STDERR_REDIRECT] [Fatal Error] :1:1: Premature end of file.
2025-12-23 10:36:15,975 [ERROR] LogOutputStream:75 - [STDERR_REDIRECT] 
2025-12-23 10:36:17,007 [ERROR] LogOutputStream:75 - [STDERR_REDIRECT] [Fatal Error] :1:1: Premature end of file.
2025-12-23 10:36:17,007 [ERROR] LogOutputStream:75 - [STDERR_REDIRECT] 
2025-12-23 10:36:17,962 [ERROR] LogOutputStream:75 - [STDERR_REDIRECT] [Fatal Error] :1:1: Premature end of file.
2025-12-23 10:36:17,962 [ERROR] LogOutputStream:75 - [STDERR_REDIRECT] 
2025-12-23 10:36:18,965 [ERROR] LogOutputStream:75 - [STDERR_REDIRECT] [Fatal Error] :1:1: Premature end of file.
2025-12-23 10:36:18,965 [ERROR] LogOutputStream:75 - [STDERR_REDIRECT] 
2025-12-23 10:36:19,963 [ERROR] LogOutputStream:75 - [STDERR_REDIRECT] [Fatal Error] :1:1: Premature end of file.
2025-12-23 10:36:19,963 [ERROR] LogOutputStream:75 - [STDERR_REDIRECT] 
2025-12-23 10:36:20,994 [ERROR] LogOutputStream:75 - [STDERR_REDIRECT] [Fatal Error] :1:1: Premature end of file.
2025-12-23 10:36:20,994 [ERROR] LogOutputStream:75 - [STDERR_REDIRECT] 
2025-12-23 10:36:21,948 [ERROR] LogOutputStream:75 - [STDERR_REDIRECT] [Fatal Error] :1:1: Premature end of file.
2025-12-23 10:36:21,948 [ERROR] LogOutputStream:75 - [STDERR_REDIRECT] 
2025-12-23 10:36:22,942 [ERROR] LogOutputStream:75 - [STDERR_REDIRECT] [Fatal Error] :1:1: Premature end of file.
2025-12-23 10:36:22,942 [ERROR] LogOutputStream:75 - [STDERR_REDIRECT] 
2025-12-23 10:36:23,948 [ERROR] LogOutputStream:75 - [STDERR_REDIRECT] [Fatal Error] :1:1: Premature end of file.
2025-12-23 10:36:23,948 [ERROR] LogOutputStream:75 - [STDERR_REDIRECT] 
2025-12-23 10:36:24,966 [ERROR] LogOutputStream:75 - [STDERR_REDIRECT] [Fatal Error] :1:1: Premature end of file.
2025-12-23 10:36:24,966 [ERROR] LogOutputStream:75 - [STDERR_REDIRECT] 
2025-12-23 10:36:25,937 [ERROR] LogOutputStream:75 - [STDERR_REDIRECT] [Fatal Error] :1:1: Premature end of file.
2025-12-23 10:36:25,937 [ERROR] LogOutputStream:75 - [STDERR_REDIRECT] 
2025-12-23 10:36:26,939 [ERROR] LogOutputStream:75 - [STDERR_REDIRECT] [Fatal Error] :1:1: Premature end of file.
2025-12-23 10:36:26,939 [ERROR] LogOutputStream:75 - [STDERR_REDIRECT] 
2025-12-23 10:36:27,949 [ERROR] LogOutputStream:75 - [STDERR_REDIRECT] [Fatal Error] :1:1: Premature end of file.
2025-12-23 10:36:27,949 [ERROR] LogOutputStream:75 - [STDERR_REDIRECT] 
2025-12-23 10:36:28,976 [ERROR] LogOutputStream:75 - [STDERR_REDIRECT] [Fatal Error] :1:1: Premature end of file.
2025-12-23 10:36:28,976 [ERROR] LogOutputStream:75 - [STDERR_REDIRECT] 
2025-12-23 10:36:29,954 [ERROR] LogOutputStream:75 - [STDERR_REDIRECT] [Fatal Error] :1:1: Premature end of file.
2025-12-23 10:36:29,954 [ERROR] LogOutputStream:75 - [STDERR_REDIRECT] 
2025-12-23 10:36:30,953 [ERROR] LogOutputStream:75 - [STDERR_REDIRECT] [Fatal Error] :1:1: Premature end of file.
2025-12-23 10:36:30,953 [ERROR] LogOutputStream:75 - [STDERR_REDIRECT] 
2025-12-23 10:36:31,953 [ERROR] LogOutputStream:75 - [STDERR_REDIRECT] [Fatal Error] :1:1: Premature end of file.
2025-12-23 10:36:31,953 [ERROR] LogOutputStream:75 - [STDERR_REDIRECT] 
2025-12-23 10:36:32,954 [ERROR] LogOutputStream:75 - [STDERR_REDIRECT] [Fatal Error] :1:1: Premature end of file.
2025-12-23 10:36:32,954 [ERROR] LogOutputStream:75 - [STDERR_REDIRECT] 
2025-12-23 10:36:33,941 [ERROR] LogOutputStream:75 - [STDERR_REDIRECT] [Fatal Error] :1:1: Premature end of file.
2025-12-23 10:36:33,943 [ERROR] LogOutputStream:75 - [STDERR_REDIRECT] 
2025-12-23 10:36:34,963 [ERROR] LogOutputStream:75 - [STDERR_REDIRECT] [Fatal Error] :1:1: Premature end of file.
2025-12-23 10:36:34,963 [ERROR] LogOutputStream:75 - [STDERR_REDIRECT] 
2025-12-23 10:36:35,969 [ERROR] LogOutputStream:75 - [STDERR_REDIRECT] [Fatal Error] :1:1: Premature end of file.
2025-12-23 10:36:35,969 [ERROR] LogOutputStream:75 - [STDERR_REDIRECT] 
2025-12-23 10:36:36,979 [ERROR] LogOutputStream:75 - [STDERR_REDIRECT] [Fatal Error] :1:1: Premature end of file.
2025-12-23 10:36:36,981 [ERROR] LogOutputStream:75 - [STDERR_REDIRECT] 
2025-12-23 10:36:37,970 [ERROR] LogOutputStream:75 - [STDERR_REDIRECT] [Fatal Error] :1:1: Premature end of file.
2025-12-23 10:36:37,970 [ERROR] LogOutputStream:75 - [STDERR_REDIRECT] 
2025-12-23 10:36:38,956 [ERROR] LogOutputStream:75 - [STDERR_REDIRECT] [Fatal Error] :1:1: Premature end of file.
2025-12-23 10:36:38,956 [ERROR] LogOutputStream:75 - [STDERR_REDIRECT] 
2025-12-23 10:36:39,962 [ERROR] LogOutputStream:75 - [STDERR_REDIRECT] [Fatal Error] :1:1: Premature end of file.
2025-12-23 10:36:39,962 [ERROR] LogOutputStream:75 - [STDERR_REDIRECT] 
2025-12-23 10:36:40,962 [ERROR] LogOutputStream:75 - [STDERR_REDIRECT] [Fatal Error] :1:1: Premature end of file.
2025-12-23 10:36:40,962 [ERROR] LogOutputStream:75 - [STDERR_REDIRECT] 
2025-12-23 10:36:41,952 [ERROR] LogOutputStream:75 - [STDERR_REDIRECT] [Fatal Error] :1:1: Premature end of file.
2025-12-23 10:36:41,952 [ERROR] LogOutputStream:75 - [STDERR_REDIRECT] 
2025-12-23 10:36:42,952 [ERROR] LogOutputStream:75 - [STDERR_REDIRECT] [Fatal Error] :1:1: Premature end of file.
2025-12-23 10:36:42,952 [ERROR] LogOutputStream:75 - [STDERR_REDIRECT] 
2025-12-23 10:36:43,969 [ERROR] LogOutputStream:75 - [STDERR_REDIRECT] [Fatal Error] :1:1: Premature end of file.
2025-12-23 10:36:43,969 [ERROR] LogOutputStream:75 - [STDERR_REDIRECT] 
2025-12-23 10:36:44,935 [ERROR] LogOutputStream:75 - [STDERR_REDIRECT] [Fatal Error] :1:1: Premature end of file.
2025-12-23 10:36:44,935 [ERROR] LogOutputStream:75 - [STDERR_REDIRECT] 
2025-12-23 10:36:46,010 [ERROR] LogOutputStream:75 - [STDERR_REDIRECT] [Fatal Error] :1:1: Premature end of file.
2025-12-23 10:36:46,010 [ERROR] LogOutputStream:75 - [STDERR_REDIRECT] 
2025-12-23 10:36:46,955 [ERROR] LogOutputStream:75 - [STDERR_REDIRECT] [Fatal Error] :1:1: Premature end of file.
2025-12-23 10:36:46,955 [ERROR] LogOutputStream:75 - [STDERR_REDIRECT] 
2025-12-23 10:36:47,968 [ERROR] LogOutputStream:75 - [STDERR_REDIRECT] [Fatal Error] :1:1: Premature end of file.
2025-12-23 10:36:47,969 [ERROR] LogOutputStream:75 - [STDERR_REDIRECT] 
2025-12-23 10:36:48,960 [ERROR] LogOutputStream:75 - [STDERR_REDIRECT] [Fatal Error] :1:1: Premature end of file.
2025-12-23 10:36:48,960 [ERROR] LogOutputStream:75 - [STDERR_REDIRECT] 
2025-12-23 10:36:49,990 [ERROR] LogOutputStream:75 - [STDERR_REDIRECT] [Fatal Error] :1:1: Premature end of file.
2025-12-23 10:36:49,990 [ERROR] LogOutputStream:75 - [STDERR_REDIRECT] 
2025-12-23 10:36:50,944 [ERROR] LogOutputStream:75 - [STDERR_REDIRECT] [Fatal Error] :1:1: Premature end of file.
2025-12-23 10:36:50,944 [ERROR] LogOutputStream:75 - [STDERR_REDIRECT] 
2025-12-23 10:36:51,955 [ERROR] LogOutputStream:75 - [STDERR_REDIRECT] [Fatal Error] :1:1: Premature end of file.
2025-12-23 10:36:51,957 [ERROR] LogOutputStream:75 - [STDERR_REDIRECT] 
2025-12-23 10:36:52,967 [ERROR] LogOutputStream:75 - [STDERR_REDIRECT] [Fatal Error] :1:1: Premature end of file.
2025-12-23 10:36:52,967 [ERROR] LogOutputStream:75 - [STDERR_REDIRECT] 
2025-12-23 10:36:53,964 [ERROR] LogOutputStream:75 - [STDERR_REDIRECT] [Fatal Error] :1:1: Premature end of file.
2025-12-23 10:36:53,964 [ERROR] LogOutputStream:75 - [STDERR_REDIRECT] 
2025-12-23 10:36:54,950 [ERROR] LogOutputStream:75 - [STDERR_REDIRECT] [Fatal Error] :1:1: Premature end of file.
2025-12-23 10:36:54,950 [ERROR] LogOutputStream:75 - [STDERR_REDIRECT] 
2025-12-23 10:36:55,957 [ERROR] LogOutputStream:75 - [STDERR_REDIRECT] [Fatal Error] :1:1: Premature end of file.
2025-12-23 10:36:55,957 [ERROR] LogOutputStream:75 - [STDERR_REDIRECT] 
2025-12-23 10:36:56,950 [ERROR] LogOutputStream:75 - [STDERR_REDIRECT] [Fatal Error] :1:1: Premature end of file.
2025-12-23 10:36:56,950 [ERROR] LogOutputStream:75 - [STDERR_REDIRECT] 
2025-12-23 10:36:57,956 [ERROR] LogOutputStream:75 - [STDERR_REDIRECT] [Fatal Error] :1:1: Premature end of file.
2025-12-23 10:36:57,956 [ERROR] LogOutputStream:75 - [STDERR_REDIRECT] 
2025-12-23 10:36:59,033 [ERROR] LogOutputStream:75 - [STDERR_REDIRECT] [Fatal Error] :1:1: Premature end of file.
2025-12-23 10:36:59,033 [ERROR] LogOutputStream:75 - [STDERR_REDIRECT] 
2025-12-23 10:36:59,939 [ERROR] LogOutputStream:75 - [STDERR_REDIRECT] [Fatal Error] :1:1: Premature end of file.
2025-12-23 10:36:59,939 [ERROR] LogOutputStream:75 - [STDERR_REDIRECT] 
2025-12-23 10:37:00,950 [ERROR] LogOutputStream:75 - [STDERR_REDIRECT] [Fatal Error] :1:1: Premature end of file.
2025-12-23 10:37:00,950 [ERROR] LogOutputStream:75 - [STDERR_REDIRECT] 
2025-12-23 10:37:01,950 [ERROR] LogOutputStream:75 - [STDERR_REDIRECT] [Fatal Error] :1:1: Premature end of file.
2025-12-23 10:37:01,950 [ERROR] LogOutputStream:75 - [STDERR_REDIRECT] 
2025-12-23 10:37:02,993 [ERROR] LogOutputStream:75 - [STDERR_REDIRECT] [Fatal Error] :1:1: Premature end of file.
2025-12-23 10:37:02,993 [ERROR] LogOutputStream:75 - [STDERR_REDIRECT] 
2025-12-23 10:37:03,965 [ERROR] LogOutputStream:75 - [STDERR_REDIRECT] [Fatal Error] :1:1: Premature end of file.
2025-12-23 10:37:03,965 [ERROR] LogOutputStream:75 - [STDERR_REDIRECT] 
2025-12-23 10:37:04,957 [ERROR] LogOutputStream:75 - [STDERR_REDIRECT] [Fatal Error] :1:1: Premature end of file.
2025-12-23 10:37:04,957 [ERROR] LogOutputStream:75 - [STDERR_REDIRECT] 
2025-12-23 10:37:05,965 [ERROR] LogOutputStream:75 - [STDERR_REDIRECT] [Fatal Error] :1:1: Premature end of file.
2025-12-23 10:37:05,965 [ERROR] LogOutputStream:75 - [STDERR_REDIRECT] 
2025-12-23 10:37:06,959 [ERROR] LogOutputStream:75 - [STDERR_REDIRECT] [Fatal Error] :1:1: Premature end of file.
2025-12-23 10:37:06,959 [ERROR] LogOutputStream:75 - [STDERR_REDIRECT] 
2025-12-23 10:37:07,967 [ERROR] LogOutputStream:75 - [STDERR_REDIRECT] [Fatal Error] :1:1: Premature end of file.
2025-12-23 10:37:07,967 [ERROR] LogOutputStream:75 - [STDERR_REDIRECT] 
2025-12-23 10:37:08,948 [ERROR] LogOutputStream:75 - [STDERR_REDIRECT] [Fatal Error] :1:1: Premature end of file.
2025-12-23 10:37:08,948 [ERROR] LogOutputStream:75 - [STDERR_REDIRECT] 
2025-12-23 10:37:09,948 [ERROR] LogOutputStream:75 - [STDERR_REDIRECT] [Fatal Error] :1:1: Premature end of file.
2025-12-23 10:37:09,948 [ERROR] LogOutputStream:75 - [STDERR_REDIRECT] 
2025-12-23 10:37:10,949 [ERROR] LogOutputStream:75 - [STDERR_REDIRECT] [Fatal Error] :1:1: Premature end of file.
2025-12-23 10:37:10,949 [ERROR] LogOutputStream:75 - [STDERR_REDIRECT] 
2025-12-23 10:37:12,039 [ERROR] LogOutputStream:75 - [STDERR_REDIRECT] [Fatal Error] :1:1: Premature end of file.
2025-12-23 10:37:12,039 [ERROR] LogOutputStream:75 - [STDERR_REDIRECT] 
2025-12-23 10:37:12,948 [ERROR] LogOutputStream:75 - [STDERR_REDIRECT] [Fatal Error] :1:1: Premature end of file.
2025-12-23 10:37:12,948 [ERROR] LogOutputStream:75 - [STDERR_REDIRECT] 
2025-12-23 10:37:13,973 [ERROR] LogOutputStream:75 - [STDERR_REDIRECT] [Fatal Error] :1:1: Premature end of file.
2025-12-23 10:37:13,973 [ERROR] LogOutputStream:75 - [STDERR_REDIRECT] 
2025-12-23 10:37:14,960 [ERROR] LogOutputStream:75 - [STDERR_REDIRECT] [Fatal Error] :1:1: Premature end of file.
2025-12-23 10:37:14,960 [ERROR] LogOutputStream:75 - [STDERR_REDIRECT] 
2025-12-23 10:37:15,994 [ERROR] LogOutputStream:75 - [STDERR_REDIRECT] [Fatal Error] :1:1: Premature end of file.
2025-12-23 10:37:15,994 [ERROR] LogOutputStream:75 - [STDERR_REDIRECT] 
2025-12-23 10:37:16,959 [ERROR] LogOutputStream:75 - [STDERR_REDIRECT] [Fatal Error] :1:1: Premature end of file.
2025-12-23 10:37:16,959 [ERROR] LogOutputStream:75 - [STDERR_REDIRECT] 
2025-12-23 10:37:17,964 [ERROR] LogOutputStream:75 - [STDERR_REDIRECT] [Fatal Error] :1:1: Premature end of file.
2025-12-23 10:37:17,964 [ERROR] LogOutputStream:75 - [STDERR_REDIRECT] 
2025-12-23 10:37:18,957 [ERROR] LogOutputStream:75 - [STDERR_REDIRECT] [Fatal Error] :1:1: Premature end of file.
2025-12-23 10:37:18,957 [ERROR] LogOutputStream:75 - [STDERR_REDIRECT] 
2025-12-23 10:37:19,984 [ERROR] LogOutputStream:75 - [STDERR_REDIRECT] [Fatal Error] :1:1: Premature end of file.
2025-12-23 10:37:19,987 [ERROR] LogOutputStream:75 - [STDERR_REDIRECT] 
2025-12-23 10:37:20,949 [ERROR] LogOutputStream:75 - [STDERR_REDIRECT] [Fatal Error] :1:1: Premature end of file.
2025-12-23 10:37:20,950 [ERROR] LogOutputStream:75 - [STDERR_REDIRECT] 
2025-12-23 10:37:21,947 [ERROR] LogOutputStream:75 - [STDERR_REDIRECT] [Fatal Error] :1:1: Premature end of file.
2025-12-23 10:37:21,947 [ERROR] LogOutputStream:75 - [STDERR_REDIRECT] 
2025-12-23 10:37:22,959 [ERROR] LogOutputStream:75 - [STDERR_REDIRECT] [Fatal Error] :1:1: Premature end of file.
2025-12-23 10:37:22,959 [ERROR] LogOutputStream:75 - [STDERR_REDIRECT] 
2025-12-23 10:37:23,963 [ERROR] LogOutputStream:75 - [STDERR_REDIRECT] [Fatal Error] :1:1: Premature end of file.
2025-12-23 10:37:23,969 [ERROR] LogOutputStream:75 - [STDERR_REDIRECT] 
2025-12-23 10:37:24,968 [ERROR] LogOutputStream:75 - [STDERR_REDIRECT] [Fatal Error] :1:1: Premature end of file.
2025-12-23 10:37:24,968 [ERROR] LogOutputStream:75 - [STDERR_REDIRECT] 
2025-12-23 10:37:25,965 [ERROR] LogOutputStream:75 - [STDERR_REDIRECT] [Fatal Error] :1:1: Premature end of file.
2025-12-23 10:37:25,965 [ERROR] LogOutputStream:75 - [STDERR_REDIRECT] 
2025-12-23 10:37:26,946 [ERROR] LogOutputStream:75 - [STDERR_REDIRECT] [Fatal Error] :1:1: Premature end of file.
2025-12-23 10:37:26,946 [ERROR] LogOutputStream:75 - [STDERR_REDIRECT] 
2025-12-23 10:37:27,962 [ERROR] LogOutputStream:75 - [STDERR_REDIRECT] [Fatal Error] :1:1: Premature end of file.
2025-12-23 10:37:27,962 [ERROR] LogOutputStream:75 - [STDERR_REDIRECT] 
2025-12-23 10:37:28,990 [ERROR] LogOutputStream:75 - [STDERR_REDIRECT] [Fatal Error] :1:1: Premature end of file.
2025-12-23 10:37:28,990 [ERROR] LogOutputStream:75 - [STDERR_REDIRECT] 
2025-12-23 10:37:29,974 [ERROR] LogOutputStream:75 - [STDERR_REDIRECT] [Fatal Error] :1:1: Premature end of file.
2025-12-23 10:37:29,975 [ERROR] LogOutputStream:75 - [STDERR_REDIRECT] 
2025-12-23 10:37:30,963 [ERROR] LogOutputStream:75 - [STDERR_REDIRECT] [Fatal Error] :1:1: Premature end of file.
2025-12-23 10:37:30,963 [ERROR] LogOutputStream:75 - [STDERR_REDIRECT] 
2025-12-23 10:37:31,939 [ERROR] LogOutputStream:75 - [STDERR_REDIRECT] [Fatal Error] :1:1: Premature end of file.
2025-12-23 10:37:31,939 [ERROR] LogOutputStream:75 - [STDERR_REDIRECT] 
2025-12-23 10:37:32,987 [ERROR] LogOutputStream:75 - [STDERR_REDIRECT] [Fatal Error] :1:1: Premature end of file.
2025-12-23 10:37:32,989 [ERROR] LogOutputStream:75 - [STDERR_REDIRECT] 
2025-12-23 10:37:33,953 [ERROR] LogOutputStream:75 - [STDERR_REDIRECT] [Fatal Error] :1:1: Premature end of file.
2025-12-23 10:37:33,953 [ERROR] LogOutputStream:75 - [STDERR_REDIRECT] 
2025-12-23 10:37:34,951 [ERROR] LogOutputStream:75 - [STDERR_REDIRECT] [Fatal Error] :1:1: Premature end of file.
2025-12-23 10:37:34,951 [ERROR] LogOutputStream:75 - [STDERR_REDIRECT] 
2025-12-23 10:37:35,961 [ERROR] LogOutputStream:75 - [STDERR_REDIRECT] [Fatal Error] :1:1: Premature end of file.
2025-12-23 10:37:35,961 [ERROR] LogOutputStream:75 - [STDERR_REDIRECT] 
2025-12-23 10:37:37,036 [ERROR] LogOutputStream:75 - [STDERR_REDIRECT] [Fatal Error] :1:1: Premature end of file.
2025-12-23 10:37:37,036 [ERROR] LogOutputStream:75 - [STDERR_REDIRECT] 
2025-12-23 10:37:37,968 [ERROR] LogOutputStream:75 - [STDERR_REDIRECT] [Fatal Error] :1:1: Premature end of file.
2025-12-23 10:37:37,968 [ERROR] LogOutputStream:75 - [STDERR_REDIRECT] 
2025-12-23 10:37:38,946 [ERROR] LogOutputStream:75 - [STDERR_REDIRECT] [Fatal Error] :1:1: Premature end of file.
2025-12-23 10:37:38,946 [ERROR] LogOutputStream:75 - [STDERR_REDIRECT] 
2025-12-23 10:37:39,963 [ERROR] LogOutputStream:75 - [STDERR_REDIRECT] [Fatal Error] :1:1: Premature end of file.
2025-12-23 10:37:39,963 [ERROR] LogOutputStream:75 - [STDERR_REDIRECT] 
2025-12-23 10:37:40,983 [ERROR] LogOutputStream:75 - [STDERR_REDIRECT] [Fatal Error] :1:1: Premature end of file.
2025-12-23 10:37:40,983 [ERROR] LogOutputStream:75 - [STDERR_REDIRECT] 
2025-12-23 10:37:41,977 [ERROR] LogOutputStream:75 - [STDERR_REDIRECT] [Fatal Error] :1:1: Premature end of file.
2025-12-23 10:37:41,977 [ERROR] LogOutputStream:75 - [STDERR_REDIRECT] 
2025-12-23 10:37:42,967 [ERROR] LogOutputStream:75 - [STDERR_REDIRECT] [Fatal Error] :1:1: Premature end of file.
2025-12-23 10:37:42,967 [ERROR] LogOutputStream:75 - [STDERR_REDIRECT] 
2025-12-23 10:37:43,968 [ERROR] LogOutputStream:75 - [STDERR_REDIRECT] [Fatal Error] :1:1: Premature end of file.
2025-12-23 10:37:43,971 [ERROR] LogOutputStream:75 - [STDERR_REDIRECT] 
2025-12-23 10:37:44,960 [ERROR] LogOutputStream:75 - [STDERR_REDIRECT] [Fatal Error] :1:1: Premature end of file.
2025-12-23 10:37:44,960 [ERROR] LogOutputStream:75 - [STDERR_REDIRECT] 
2025-12-23 10:37:45,945 [ERROR] LogOutputStream:75 - [STDERR_REDIRECT] [Fatal Error] :1:1: Premature end of file.
2025-12-23 10:37:45,945 [ERROR] LogOutputStream:75 - [STDERR_REDIRECT] 
2025-12-23 10:37:46,967 [ERROR] LogOutputStream:75 - [STDERR_REDIRECT] [Fatal Error] :1:1: Premature end of file.
2025-12-23 10:37:46,967 [ERROR] LogOutputStream:75 - [STDERR_REDIRECT] 
2025-12-23 10:37:47,971 [ERROR] LogOutputStream:75 - [STDERR_REDIRECT] [Fatal Error] :1:1: Premature end of file.
2025-12-23 10:37:47,971 [ERROR] LogOutputStream:75 - [STDERR_REDIRECT] 
2025-12-23 10:37:48,959 [ERROR] LogOutputStream:75 - [STDERR_REDIRECT] [Fatal Error] :1:1: Premature end of file.
2025-12-23 10:37:48,959 [ERROR] LogOutputStream:75 - [STDERR_REDIRECT] 
2025-12-23 10:37:50,009 [ERROR] LogOutputStream:75 - [STDERR_REDIRECT] [Fatal Error] :1:1: Premature end of file.
2025-12-23 10:37:50,009 [ERROR] LogOutputStream:75 - [STDERR_REDIRECT] 
2025-12-23 10:37:50,962 [ERROR] LogOutputStream:75 - [STDERR_REDIRECT] [Fatal Error] :1:1: Premature end of file.
2025-12-23 10:37:50,962 [ERROR] LogOutputStream:75 - [STDERR_REDIRECT] 
2025-12-23 10:37:51,963 [ERROR] LogOutputStream:75 - [STDERR_REDIRECT] [Fatal Error] :1:1: Premature end of file.
2025-12-23 10:37:51,963 [ERROR] LogOutputStream:75 - [STDERR_REDIRECT] 
2025-12-23 10:37:52,961 [ERROR] LogOutputStream:75 - [STDERR_REDIRECT] [Fatal Error] :1:1: Premature end of file.
2025-12-23 10:37:52,961 [ERROR] LogOutputStream:75 - [STDERR_REDIRECT] 
2025-12-23 10:37:53,960 [ERROR] LogOutputStream:75 - [STDERR_REDIRECT] [Fatal Error] :1:1: Premature end of file.
2025-12-23 10:37:53,960 [ERROR] LogOutputStream:75 - [STDERR_REDIRECT] 
2025-12-23 10:37:54,959 [ERROR] LogOutputStream:75 - [STDERR_REDIRECT] [Fatal Error] :1:1: Premature end of file.
2025-12-23 10:37:54,959 [ERROR] LogOutputStream:75 - [STDERR_REDIRECT] 
2025-12-23 10:37:55,951 [ERROR] LogOutputStream:75 - [STDERR_REDIRECT] [Fatal Error] :1:1: Premature end of file.
2025-12-23 10:37:55,953 [ERROR] LogOutputStream:75 - [STDERR_REDIRECT] 
2025-12-23 10:37:56,951 [ERROR] LogOutputStream:75 - [STDERR_REDIRECT] [Fatal Error] :1:1: Premature end of file.
2025-12-23 10:37:56,951 [ERROR] LogOutputStream:75 - [STDERR_REDIRECT] 
2025-12-23 10:37:57,976 [ERROR] LogOutputStream:75 - [STDERR_REDIRECT] [Fatal Error] :1:1: Premature end of file.
2025-12-23 10:37:57,976 [ERROR] LogOutputStream:75 - [STDERR_REDIRECT] 
2025-12-23 10:37:58,958 [ERROR] LogOutputStream:75 - [STDERR_REDIRECT] [Fatal Error] :1:1: Premature end of file.
2025-12-23 10:37:58,958 [ERROR] LogOutputStream:75 - [STDERR_REDIRECT] 
2025-12-23 10:37:59,966 [ERROR] LogOutputStream:75 - [STDERR_REDIRECT] [Fatal Error] :1:1: Premature end of file.
2025-12-23 10:37:59,966 [ERROR] LogOutputStream:75 - [STDERR_REDIRECT] 
2025-12-23 10:38:00,958 [ERROR] LogOutputStream:75 - [STDERR_REDIRECT] [Fatal Error] :1:1: Premature end of file.
2025-12-23 10:38:00,958 [ERROR] LogOutputStream:75 - [STDERR_REDIRECT] 
2025-12-23 10:38:01,957 [ERROR] LogOutputStream:75 - [STDERR_REDIRECT] [Fatal Error] :1:1: Premature end of file.
2025-12-23 10:38:01,957 [ERROR] LogOutputStream:75 - [STDERR_REDIRECT] 
2025-12-23 10:38:03,042 [ERROR] LogOutputStream:75 - [STDERR_REDIRECT] [Fatal Error] :1:1: Premature end of file.
2025-12-23 10:38:03,042 [ERROR] LogOutputStream:75 - [STDERR_REDIRECT] 
2025-12-23 10:38:03,961 [ERROR] LogOutputStream:75 - [STDERR_REDIRECT] [Fatal Error] :1:1: Premature end of file.
2025-12-23 10:38:03,961 [ERROR] LogOutputStream:75 - [STDERR_REDIRECT] 
2025-12-23 10:38:04,973 [ERROR] LogOutputStream:75 - [STDERR_REDIRECT] [Fatal Error] :1:1: Premature end of file.
2025-12-23 10:38:04,976 [ERROR] LogOutputStream:75 - [STDERR_REDIRECT] 
2025-12-23 10:38:05,958 [ERROR] LogOutputStream:75 - [STDERR_REDIRECT] [Fatal Error] :1:1: Premature end of file.
2025-12-23 10:38:05,958 [ERROR] LogOutputStream:75 - [STDERR_REDIRECT] 
2025-12-23 10:38:06,979 [ERROR] LogOutputStream:75 - [STDERR_REDIRECT] [Fatal Error] :1:1: Premature end of file.
2025-12-23 10:38:06,979 [ERROR] LogOutputStream:75 - [STDERR_REDIRECT] 
2025-12-23 10:38:07,944 [ERROR] LogOutputStream:75 - [STDERR_REDIRECT] [Fatal Error] :1:1: Premature end of file.
2025-12-23 10:38:07,944 [ERROR] LogOutputStream:75 - [STDERR_REDIRECT] 
2025-12-23 10:38:08,962 [ERROR] LogOutputStream:75 - [STDERR_REDIRECT] [Fatal Error] :1:1: Premature end of file.
2025-12-23 10:38:08,962 [ERROR] LogOutputStream:75 - [STDERR_REDIRECT] 
2025-12-23 10:38:09,963 [ERROR] LogOutputStream:75 - [STDERR_REDIRECT] [Fatal Error] :1:1: Premature end of file.
2025-12-23 10:38:09,963 [ERROR] LogOutputStream:75 - [STDERR_REDIRECT] 
2025-12-23 10:38:10,968 [ERROR] LogOutputStream:75 - [STDERR_REDIRECT] [Fatal Error] :1:1: Premature end of file.
2025-12-23 10:38:10,968 [ERROR] LogOutputStream:75 - [STDERR_REDIRECT] 
2025-12-23 10:38:11,964 [ERROR] LogOutputStream:75 - [STDERR_REDIRECT] [Fatal Error] :1:1: Premature end of file.
2025-12-23 10:38:11,964 [ERROR] LogOutputStream:75 - [STDERR_REDIRECT] 
2025-12-23 10:38:12,969 [ERROR] LogOutputStream:75 - [STDERR_REDIRECT] [Fatal Error] :1:1: Premature end of file.
2025-12-23 10:38:12,969 [ERROR] LogOutputStream:75 - [STDERR_REDIRECT] 
2025-12-23 10:38:13,962 [ERROR] LogOutputStream:75 - [STDERR_REDIRECT] [Fatal Error] :1:1: Premature end of file.
2025-12-23 10:38:13,962 [ERROR] LogOutputStream:75 - [STDERR_REDIRECT] 
2025-12-23 10:38:14,963 [ERROR] LogOutputStream:75 - [STDERR_REDIRECT] [Fatal Error] :1:1: Premature end of file.
2025-12-23 10:38:14,963 [ERROR] LogOutputStream:75 - [STDERR_REDIRECT] 
2025-12-23 10:38:16,049 [ERROR] LogOutputStream:75 - [STDERR_REDIRECT] [Fatal Error] :1:1: Premature end of file.
2025-12-23 10:38:16,049 [ERROR] LogOutputStream:75 - [STDERR_REDIRECT] 
2025-12-23 10:38:16,957 [ERROR] LogOutputStream:75 - [STDERR_REDIRECT] [Fatal Error] :1:1: Premature end of file.
2025-12-23 10:38:16,957 [ERROR] LogOutputStream:75 - [STDERR_REDIRECT] 
2025-12-23 10:38:17,956 [ERROR] LogOutputStream:75 - [STDERR_REDIRECT] [Fatal Error] :1:1: Premature end of file.
2025-12-23 10:38:17,956 [ERROR] LogOutputStream:75 - [STDERR_REDIRECT] 
2025-12-23 10:38:18,950 [ERROR] LogOutputStream:75 - [STDERR_REDIRECT] [Fatal Error] :1:1: Premature end of file.
2025-12-23 10:38:18,950 [ERROR] LogOutputStream:75 - [STDERR_REDIRECT] 
2025-12-23 10:38:20,005 [ERROR] LogOutputStream:75 - [STDERR_REDIRECT] [Fatal Error] :1:1: Premature end of file.
2025-12-23 10:38:20,007 [ERROR] LogOutputStream:75 - [STDERR_REDIRECT] 
2025-12-23 10:38:20,970 [ERROR] LogOutputStream:75 - [STDERR_REDIRECT] [Fatal Error] :1:1: Premature end of file.
2025-12-23 10:38:20,971 [ERROR] LogOutputStream:75 - [STDERR_REDIRECT] 
2025-12-23 10:38:21,990 [ERROR] LogOutputStream:75 - [STDERR_REDIRECT] [Fatal Error] :1:1: Premature end of file.
2025-12-23 10:38:21,990 [ERROR] LogOutputStream:75 - [STDERR_REDIRECT] 
2025-12-23 10:38:22,945 [ERROR] LogOutputStream:75 - [STDERR_REDIRECT] [Fatal Error] :1:1: Premature end of file.
2025-12-23 10:38:22,945 [ERROR] LogOutputStream:75 - [STDERR_REDIRECT] 
2025-12-23 10:38:23,962 [ERROR] LogOutputStream:75 - [STDERR_REDIRECT] [Fatal Error] :1:1: Premature end of file.
2025-12-23 10:38:23,962 [ERROR] LogOutputStream:75 - [STDERR_REDIRECT] 
2025-12-23 10:38:24,944 [ERROR] LogOutputStream:75 - [STDERR_REDIRECT] [Fatal Error] :1:1: Premature end of file.
2025-12-23 10:38:24,944 [ERROR] LogOutputStream:75 - [STDERR_REDIRECT] 
2025-12-23 10:38:25,954 [ERROR] LogOutputStream:75 - [STDERR_REDIRECT] [Fatal Error] :1:1: Premature end of file.
2025-12-23 10:38:25,954 [ERROR] LogOutputStream:75 - [STDERR_REDIRECT] 
2025-12-23 10:38:26,963 [ERROR] LogOutputStream:75 - [STDERR_REDIRECT] [Fatal Error] :1:1: Premature end of file.
2025-12-23 10:38:26,963 [ERROR] LogOutputStream:75 - [STDERR_REDIRECT] 
2025-12-23 10:38:28,023 [ERROR] LogOutputStream:75 - [STDERR_REDIRECT] [Fatal Error] :1:1: Premature end of file.
2025-12-23 10:38:28,023 [ERROR] LogOutputStream:75 - [STDERR_REDIRECT] 
2025-12-23 10:38:28,955 [ERROR] LogOutputStream:75 - [STDERR_REDIRECT] [Fatal Error] :1:1: Premature end of file.
2025-12-23 10:38:28,955 [ERROR] LogOutputStream:75 - [STDERR_REDIRECT] 
2025-12-23 10:38:29,973 [ERROR] LogOutputStream:75 - [STDERR_REDIRECT] [Fatal Error] :1:1: Premature end of file.
2025-12-23 10:38:29,973 [ERROR] LogOutputStream:75 - [STDERR_REDIRECT] 
2025-12-23 10:38:30,971 [ERROR] LogOutputStream:75 - [STDERR_REDIRECT] [Fatal Error] :1:1: Premature end of file.
2025-12-23 10:38:30,971 [ERROR] LogOutputStream:75 - [STDERR_REDIRECT] 
2025-12-23 10:38:32,019 [ERROR] LogOutputStream:75 - [STDERR_REDIRECT] [Fatal Error] :1:1: Premature end of file.
2025-12-23 10:38:32,019 [ERROR] LogOutputStream:75 - [STDERR_REDIRECT] 
2025-12-23 10:38:32,958 [ERROR] LogOutputStream:75 - [STDERR_REDIRECT] [Fatal Error] :1:1: Premature end of file.
2025-12-23 10:38:32,958 [ERROR] LogOutputStream:75 - [STDERR_REDIRECT] 
2025-12-23 10:38:33,954 [ERROR] LogOutputStream:75 - [STDERR_REDIRECT] [Fatal Error] :1:1: Premature end of file.
2025-12-23 10:38:33,954 [ERROR] LogOutputStream:75 - [STDERR_REDIRECT] 
2025-12-23 10:38:34,950 [ERROR] LogOutputStream:75 - [STDERR_REDIRECT] [Fatal Error] :1:1: Premature end of file.
2025-12-23 10:38:34,950 [ERROR] LogOutputStream:75 - [STDERR_REDIRECT] 
2025-12-23 10:38:35,946 [ERROR] LogOutputStream:75 - [STDERR_REDIRECT] [Fatal Error] :1:1: Premature end of file.
2025-12-23 10:38:35,946 [ERROR] LogOutputStream:75 - [STDERR_REDIRECT] 
2025-12-23 10:38:36,953 [ERROR] LogOutputStream:75 - [STDERR_REDIRECT] [Fatal Error] :1:1: Premature end of file.
2025-12-23 10:38:36,953 [ERROR] LogOutputStream:75 - [STDERR_REDIRECT] 
2025-12-23 10:38:37,940 [ERROR] LogOutputStream:75 - [STDERR_REDIRECT] [Fatal Error] :1:1: Premature end of file.
2025-12-23 10:38:37,940 [ERROR] LogOutputStream:75 - [STDERR_REDIRECT] 
2025-12-23 10:38:38,942 [ERROR] LogOutputStream:75 - [STDERR_REDIRECT] [Fatal Error] :1:1: Premature end of file.
2025-12-23 10:38:38,942 [ERROR] LogOutputStream:75 - [STDERR_REDIRECT] 
2025-12-23 10:38:40,007 [ERROR] LogOutputStream:75 - [STDERR_REDIRECT] [Fatal Error] :1:1: Premature end of file.
2025-12-23 10:38:40,008 [ERROR] LogOutputStream:75 - [STDERR_REDIRECT] 
2025-12-23 10:38:40,943 [ERROR] LogOutputStream:75 - [STDERR_REDIRECT] [Fatal Error] :1:1: Premature end of file.
2025-12-23 10:38:40,943 [ERROR] LogOutputStream:75 - [STDERR_REDIRECT] 
2025-12-23 10:38:41,935 [ERROR] LogOutputStream:75 - [STDERR_REDIRECT] [Fatal Error] :1:1: Premature end of file.
2025-12-23 10:38:41,939 [ERROR] LogOutputStream:75 - [STDERR_REDIRECT] 
2025-12-23 10:38:42,936 [ERROR] LogOutputStream:75 - [STDERR_REDIRECT] [Fatal Error] :1:1: Premature end of file.
2025-12-23 10:38:42,936 [ERROR] LogOutputStream:75 - [STDERR_REDIRECT] 
2025-12-23 10:38:43,945 [ERROR] LogOutputStream:75 - [STDERR_REDIRECT] [Fatal Error] :1:1: Premature end of file.
2025-12-23 10:38:43,945 [ERROR] LogOutputStream:75 - [STDERR_REDIRECT] 
2025-12-23 10:38:44,956 [ERROR] LogOutputStream:75 - [STDERR_REDIRECT] [Fatal Error] :1:1: Premature end of file.
2025-12-23 10:38:44,956 [ERROR] LogOutputStream:75 - [STDERR_REDIRECT] 
2025-12-23 10:38:45,952 [ERROR] LogOutputStream:75 - [STDERR_REDIRECT] [Fatal Error] :1:1: Premature end of file.
2025-12-23 10:38:45,952 [ERROR] LogOutputStream:75 - [STDERR_REDIRECT] 
2025-12-23 10:38:46,957 [ERROR] LogOutputStream:75 - [STDERR_REDIRECT] [Fatal Error] :1:1: Premature end of file.
2025-12-23 10:38:46,957 [ERROR] LogOutputStream:75 - [STDERR_REDIRECT] 
2025-12-23 10:38:48,010 [ERROR] LogOutputStream:75 - [STDERR_REDIRECT] [Fatal Error] :1:1: Premature end of file.
2025-12-23 10:38:48,010 [ERROR] LogOutputStream:75 - [STDERR_REDIRECT] 
2025-12-23 10:38:48,957 [ERROR] LogOutputStream:75 - [STDERR_REDIRECT] [Fatal Error] :1:1: Premature end of file.
2025-12-23 10:38:48,957 [ERROR] LogOutputStream:75 - [STDERR_REDIRECT] 
2025-12-23 10:38:49,946 [ERROR] LogOutputStream:75 - [STDERR_REDIRECT] [Fatal Error] :1:1: Premature end of file.
2025-12-23 10:38:49,946 [ERROR] LogOutputStream:75 - [STDERR_REDIRECT] 
2025-12-23 10:38:50,934 [ERROR] LogOutputStream:75 - [STDERR_REDIRECT] [Fatal Error] :1:1: Premature end of file.
2025-12-23 10:38:50,934 [ERROR] LogOutputStream:75 - [STDERR_REDIRECT] 
2025-12-23 10:38:51,950 [ERROR] LogOutputStream:75 - [STDERR_REDIRECT] [Fatal Error] :1:1: Premature end of file.
2025-12-23 10:38:51,950 [ERROR] LogOutputStream:75 - [STDERR_REDIRECT] 
2025-12-23 10:38:52,952 [ERROR] LogOutputStream:75 - [STDERR_REDIRECT] [Fatal Error] :1:1: Premature end of file.
2025-12-23 10:38:52,952 [ERROR] LogOutputStream:75 - [STDERR_REDIRECT] 
2025-12-23 10:38:53,946 [ERROR] LogOutputStream:75 - [STDERR_REDIRECT] [Fatal Error] :1:1: Premature end of file.
2025-12-23 10:38:53,946 [ERROR] LogOutputStream:75 - [STDERR_REDIRECT] 
2025-12-23 10:38:55,033 [ERROR] LogOutputStream:75 - [STDERR_REDIRECT] [Fatal Error] :1:1: Premature end of file.
2025-12-23 10:38:55,033 [ERROR] LogOutputStream:75 - [STDERR_REDIRECT] 
2025-12-23 10:38:55,944 [ERROR] LogOutputStream:75 - [STDERR_REDIRECT] [Fatal Error] :1:1: Premature end of file.
2025-12-23 10:38:55,944 [ERROR] LogOutputStream:75 - [STDERR_REDIRECT] 
2025-12-23 10:38:56,953 [ERROR] LogOutputStream:75 - [STDERR_REDIRECT] [Fatal Error] :1:1: Premature end of file.
2025-12-23 10:38:56,953 [ERROR] LogOutputStream:75 - [STDERR_REDIRECT] 
2025-12-23 10:38:57,949 [ERROR] LogOutputStream:75 - [STDERR_REDIRECT] [Fatal Error] :1:1: Premature end of file.
2025-12-23 10:38:57,949 [ERROR] LogOutputStream:75 - [STDERR_REDIRECT] 
2025-12-23 10:38:58,947 [ERROR] LogOutputStream:75 - [STDERR_REDIRECT] [Fatal Error] :1:1: Premature end of file.
2025-12-23 10:38:58,947 [ERROR] LogOutputStream:75 - [STDERR_REDIRECT] 
2025-12-23 10:38:59,961 [ERROR] LogOutputStream:75 - [STDERR_REDIRECT] [Fatal Error] :1:1: Premature end of file.
2025-12-23 10:38:59,961 [ERROR] LogOutputStream:75 - [STDERR_REDIRECT] 
2025-12-23 10:39:00,950 [ERROR] LogOutputStream:75 - [STDERR_REDIRECT] [Fatal Error] :1:1: Premature end of file.
2025-12-23 10:39:00,950 [ERROR] LogOutputStream:75 - [STDERR_REDIRECT] 
2025-12-23 10:39:02,039 [ERROR] LogOutputStream:75 - [STDERR_REDIRECT] [Fatal Error] :1:1: Premature end of file.
2025-12-23 10:39:02,039 [ERROR] LogOutputStream:75 - [STDERR_REDIRECT] 
2025-12-23 10:39:02,942 [ERROR] LogOutputStream:75 - [STDERR_REDIRECT] [Fatal Error] :1:1: Premature end of file.
2025-12-23 10:39:02,942 [ERROR] LogOutputStream:75 - [STDERR_REDIRECT] 
2025-12-23 10:39:03,953 [ERROR] LogOutputStream:75 - [STDERR_REDIRECT] [Fatal Error] :1:1: Premature end of file.
2025-12-23 10:39:03,953 [ERROR] LogOutputStream:75 - [STDERR_REDIRECT] 
2025-12-23 10:39:04,960 [ERROR] LogOutputStream:75 - [STDERR_REDIRECT] [Fatal Error] :1:1: Premature end of file.
2025-12-23 10:39:04,960 [ERROR] LogOutputStream:75 - [STDERR_REDIRECT] 
2025-12-23 10:39:05,948 [ERROR] LogOutputStream:75 - [STDERR_REDIRECT] [Fatal Error] :1:1: Premature end of file.
2025-12-23 10:39:05,948 [ERROR] LogOutputStream:75 - [STDERR_REDIRECT] 
2025-12-23 10:39:06,939 [ERROR] LogOutputStream:75 - [STDERR_REDIRECT] [Fatal Error] :1:1: Premature end of file.
2025-12-23 10:39:06,940 [ERROR] LogOutputStream:75 - [STDERR_REDIRECT] 
2025-12-23 10:39:07,965 [ERROR] LogOutputStream:75 - [STDERR_REDIRECT] [Fatal Error] :1:1: Premature end of file.
2025-12-23 10:39:07,965 [ERROR] LogOutputStream:75 - [STDERR_REDIRECT] 
2025-12-23 10:39:09,042 [ERROR] LogOutputStream:75 - [STDERR_REDIRECT] [Fatal Error] :1:1: Premature end of file.
2025-12-23 10:39:09,042 [ERROR] LogOutputStream:75 - [STDERR_REDIRECT] 
2025-12-23 10:39:09,950 [ERROR] LogOutputStream:75 - [STDERR_REDIRECT] [Fatal Error] :1:1: Premature end of file.
2025-12-23 10:39:09,950 [ERROR] LogOutputStream:75 - [STDERR_REDIRECT] 
2025-12-23 10:39:10,948 [ERROR] LogOutputStream:75 - [STDERR_REDIRECT] [Fatal Error] :1:1: Premature end of file.
2025-12-23 10:39:10,948 [ERROR] LogOutputStream:75 - [STDERR_REDIRECT] 
2025-12-23 10:39:11,967 [ERROR] LogOutputStream:75 - [STDERR_REDIRECT] [Fatal Error] :1:1: Premature end of file.
2025-12-23 10:39:11,967 [ERROR] LogOutputStream:75 - [STDERR_REDIRECT] 
2025-12-23 10:39:12,951 [ERROR] LogOutputStream:75 - [STDERR_REDIRECT] [Fatal Error] :1:1: Premature end of file.
2025-12-23 10:39:12,951 [ERROR] LogOutputStream:75 - [STDERR_REDIRECT] 
2025-12-23 10:39:13,956 [ERROR] LogOutputStream:75 - [STDERR_REDIRECT] [Fatal Error] :1:1: Premature end of file.
2025-12-23 10:39:13,956 [ERROR] LogOutputStream:75 - [STDERR_REDIRECT] 
2025-12-23 10:39:14,947 [ERROR] LogOutputStream:75 - [STDERR_REDIRECT] [Fatal Error] :1:1: Premature end of file.
2025-12-23 10:39:14,947 [ERROR] LogOutputStream:75 - [STDERR_REDIRECT] 
2025-12-23 10:39:15,977 [ERROR] LogOutputStream:75 - [STDERR_REDIRECT] [Fatal Error] :1:1: Premature end of file.
2025-12-23 10:39:15,977 [ERROR] LogOutputStream:75 - [STDERR_REDIRECT] 
2025-12-23 10:39:16,947 [ERROR] LogOutputStream:75 - [STDERR_REDIRECT] [Fatal Error] :1:1: Premature end of file.
2025-12-23 10:39:16,947 [ERROR] LogOutputStream:75 - [STDERR_REDIRECT] 
2025-12-23 10:39:17,930 [ERROR] LogOutputStream:75 - [STDERR_REDIRECT] [Fatal Error] :1:1: Premature end of file.
2025-12-23 10:39:17,930 [ERROR] LogOutputStream:75 - [STDERR_REDIRECT] 
2025-12-23 10:39:18,947 [ERROR] LogOutputStream:75 - [STDERR_REDIRECT] [Fatal Error] :1:1: Premature end of file.
2025-12-23 10:39:18,947 [ERROR] LogOutputStream:75 - [STDERR_REDIRECT] 
2025-12-23 10:39:19,980 [ERROR] LogOutputStream:75 - [STDERR_REDIRECT] [Fatal Error] :1:1: Premature end of file.
2025-12-23 10:39:19,980 [ERROR] LogOutputStream:75 - [STDERR_REDIRECT] 
2025-12-23 10:39:20,946 [ERROR] LogOutputStream:75 - [STDERR_REDIRECT] [Fatal Error] :1:1: Premature end of file.
2025-12-23 10:39:20,946 [ERROR] LogOutputStream:75 - [STDERR_REDIRECT] 
2025-12-23 10:39:21,946 [ERROR] LogOutputStream:75 - [STDERR_REDIRECT] [Fatal Error] :1:1: Premature end of file.
2025-12-23 10:39:21,946 [ERROR] LogOutputStream:75 - [STDERR_REDIRECT] 
2025-12-23 10:39:22,951 [ERROR] LogOutputStream:75 - [STDERR_REDIRECT] [Fatal Error] :1:1: Premature end of file.
2025-12-23 10:39:22,953 [ERROR] LogOutputStream:75 - [STDERR_REDIRECT] 
2025-12-23 10:39:24,025 [ERROR] LogOutputStream:75 - [STDERR_REDIRECT] [Fatal Error] :1:1: Premature end of file.
2025-12-23 10:39:24,025 [ERROR] LogOutputStream:75 - [STDERR_REDIRECT] 
2025-12-23 10:39:24,970 [ERROR] LogOutputStream:75 - [STDERR_REDIRECT] [Fatal Error] :1:1: Premature end of file.
2025-12-23 10:39:24,970 [ERROR] LogOutputStream:75 - [STDERR_REDIRECT] 
2025-12-23 10:39:25,958 [ERROR] LogOutputStream:75 - [STDERR_REDIRECT] [Fatal Error] :1:1: Premature end of file.
2025-12-23 10:39:25,958 [ERROR] LogOutputStream:75 - [STDERR_REDIRECT] 
2025-12-23 10:39:26,972 [ERROR] LogOutputStream:75 - [STDERR_REDIRECT] [Fatal Error] :1:1: Premature end of file.
2025-12-23 10:39:26,972 [ERROR] LogOutputStream:75 - [STDERR_REDIRECT] 
2025-12-23 10:39:28,001 [ERROR] LogOutputStream:75 - [STDERR_REDIRECT] [Fatal Error] :1:1: Premature end of file.
2025-12-23 10:39:28,001 [ERROR] LogOutputStream:75 - [STDERR_REDIRECT] 
2025-12-23 10:39:28,955 [ERROR] LogOutputStream:75 - [STDERR_REDIRECT] [Fatal Error] :1:1: Premature end of file.
2025-12-23 10:39:28,955 [ERROR] LogOutputStream:75 - [STDERR_REDIRECT] 
2025-12-23 10:39:29,967 [ERROR] LogOutputStream:75 - [STDERR_REDIRECT] [Fatal Error] :1:1: Premature end of file.
2025-12-23 10:39:29,967 [ERROR] LogOutputStream:75 - [STDERR_REDIRECT] 
2025-12-23 10:39:30,945 [ERROR] LogOutputStream:75 - [STDERR_REDIRECT] [Fatal Error] :1:1: Premature end of file.
2025-12-23 10:39:30,945 [ERROR] LogOutputStream:75 - [STDERR_REDIRECT] 
2025-12-23 10:39:31,970 [ERROR] LogOutputStream:75 - [STDERR_REDIRECT] [Fatal Error] :1:1: Premature end of file.
2025-12-23 10:39:31,971 [ERROR] LogOutputStream:75 - [STDERR_REDIRECT] 
2025-12-23 10:39:32,947 [ERROR] LogOutputStream:75 - [STDERR_REDIRECT] [Fatal Error] :1:1: Premature end of file.
2025-12-23 10:39:32,947 [ERROR] LogOutputStream:75 - [STDERR_REDIRECT] 
2025-12-23 10:39:33,962 [ERROR] LogOutputStream:75 - [STDERR_REDIRECT] [Fatal Error] :1:1: Premature end of file.
2025-12-23 10:39:33,962 [ERROR] LogOutputStream:75 - [STDERR_REDIRECT] 
2025-12-23 10:39:34,962 [ERROR] LogOutputStream:75 - [STDERR_REDIRECT] [Fatal Error] :1:1: Premature end of file.
2025-12-23 10:39:34,962 [ERROR] LogOutputStream:75 - [STDERR_REDIRECT] 
2025-12-23 10:39:36,012 [ERROR] LogOutputStream:75 - [STDERR_REDIRECT] [Fatal Error] :1:1: Premature end of file.
2025-12-23 10:39:36,012 [ERROR] LogOutputStream:75 - [STDERR_REDIRECT] 
2025-12-23 10:39:36,966 [ERROR] LogOutputStream:75 - [STDERR_REDIRECT] [Fatal Error] :1:1: Premature end of file.
2025-12-23 10:39:36,966 [ERROR] LogOutputStream:75 - [STDERR_REDIRECT] 
2025-12-23 10:39:37,951 [ERROR] LogOutputStream:75 - [STDERR_REDIRECT] [Fatal Error] :1:1: Premature end of file.
2025-12-23 10:39:37,951 [ERROR] LogOutputStream:75 - [STDERR_REDIRECT] 
2025-12-23 10:39:39,018 [ERROR] LogOutputStream:75 - [STDERR_REDIRECT] [Fatal Error] :1:1: Premature end of file.
2025-12-23 10:39:39,018 [ERROR] LogOutputStream:75 - [STDERR_REDIRECT] 
2025-12-23 10:39:39,973 [ERROR] LogOutputStream:75 - [STDERR_REDIRECT] [Fatal Error] :1:1: Premature end of file.
2025-12-23 10:39:39,973 [ERROR] LogOutputStream:75 - [STDERR_REDIRECT] 
2025-12-23 10:39:40,961 [ERROR] LogOutputStream:75 - [STDERR_REDIRECT] [Fatal Error] :1:1: Premature end of file.
2025-12-23 10:39:40,961 [ERROR] LogOutputStream:75 - [STDERR_REDIRECT] 
2025-12-23 10:39:41,949 [ERROR] LogOutputStream:75 - [STDERR_REDIRECT] [Fatal Error] :1:1: Premature end of file.
2025-12-23 10:39:41,949 [ERROR] LogOutputStream:75 - [STDERR_REDIRECT] 
2025-12-23 10:39:42,962 [ERROR] LogOutputStream:75 - [STDERR_REDIRECT] [Fatal Error] :1:1: Premature end of file.
2025-12-23 10:39:42,962 [ERROR] LogOutputStream:75 - [STDERR_REDIRECT] 
2025-12-23 10:39:43,960 [ERROR] LogOutputStream:75 - [STDERR_REDIRECT] [Fatal Error] :1:1: Premature end of file.
2025-12-23 10:39:43,960 [ERROR] LogOutputStream:75 - [STDERR_REDIRECT] 
2025-12-23 10:39:44,947 [ERROR] LogOutputStream:75 - [STDERR_REDIRECT] [Fatal Error] :1:1: Premature end of file.
2025-12-23 10:39:44,947 [ERROR] LogOutputStream:75 - [STDERR_REDIRECT] 
2025-12-23 10:39:45,993 [ERROR] LogOutputStream:75 - [STDERR_REDIRECT] [Fatal Error] :1:1: Premature end of file.
2025-12-23 10:39:45,993 [ERROR] LogOutputStream:75 - [STDERR_REDIRECT] 
2025-12-23 10:39:46,951 [ERROR] LogOutputStream:75 - [STDERR_REDIRECT] [Fatal Error] :1:1: Premature end of file.
2025-12-23 10:39:46,951 [ERROR] LogOutputStream:75 - [STDERR_REDIRECT] 
2025-12-23 10:39:47,942 [ERROR] LogOutputStream:75 - [STDERR_REDIRECT] [Fatal Error] :1:1: Premature end of file.
2025-12-23 10:39:47,942 [ERROR] LogOutputStream:75 - [STDERR_REDIRECT] 
2025-12-23 10:39:48,978 [ERROR] LogOutputStream:75 - [STDERR_REDIRECT] [Fatal Error] :1:1: Premature end of file.
2025-12-23 10:39:48,978 [ERROR] LogOutputStream:75 - [STDERR_REDIRECT] 
2025-12-23 10:39:49,951 [ERROR] LogOutputStream:75 - [STDERR_REDIRECT] [Fatal Error] :1:1: Premature end of file.
2025-12-23 10:39:49,955 [ERROR] LogOutputStream:75 - [STDERR_REDIRECT] 
2025-12-23 10:39:50,949 [ERROR] LogOutputStream:75 - [STDERR_REDIRECT] [Fatal Error] :1:1: Premature end of file.
2025-12-23 10:39:50,949 [ERROR] LogOutputStream:75 - [STDERR_REDIRECT] 
2025-12-23 10:39:51,958 [ERROR] LogOutputStream:75 - [STDERR_REDIRECT] [Fatal Error] :1:1: Premature end of file.
2025-12-23 10:39:51,958 [ERROR] LogOutputStream:75 - [STDERR_REDIRECT] 
2025-12-23 10:39:52,954 [ERROR] LogOutputStream:75 - [STDERR_REDIRECT] [Fatal Error] :1:1: Premature end of file.
2025-12-23 10:39:52,955 [ERROR] LogOutputStream:75 - [STDERR_REDIRECT] 
2025-12-23 10:39:53,947 [ERROR] LogOutputStream:75 - [STDERR_REDIRECT] [Fatal Error] :1:1: Premature end of file.
2025-12-23 10:39:53,947 [ERROR] LogOutputStream:75 - [STDERR_REDIRECT] 
2025-12-23 10:39:54,959 [ERROR] LogOutputStream:75 - [STDERR_REDIRECT] [Fatal Error] :1:1: Premature end of file.
2025-12-23 10:39:54,959 [ERROR] LogOutputStream:75 - [STDERR_REDIRECT] 
2025-12-23 10:39:56,029 [ERROR] LogOutputStream:75 - [STDERR_REDIRECT] [Fatal Error] :1:1: Premature end of file.
2025-12-23 10:39:56,029 [ERROR] LogOutputStream:75 - [STDERR_REDIRECT] 
2025-12-23 10:39:56,954 [ERROR] LogOutputStream:75 - [STDERR_REDIRECT] [Fatal Error] :1:1: Premature end of file.
2025-12-23 10:39:56,954 [ERROR] LogOutputStream:75 - [STDERR_REDIRECT] 
2025-12-23 10:39:57,947 [ERROR] LogOutputStream:75 - [STDERR_REDIRECT] [Fatal Error] :1:1: Premature end of file.
2025-12-23 10:39:57,947 [ERROR] LogOutputStream:75 - [STDERR_REDIRECT] 
2025-12-23 10:39:58,971 [ERROR] LogOutputStream:75 - [STDERR_REDIRECT] [Fatal Error] :1:1: Premature end of file.
2025-12-23 10:39:58,971 [ERROR] LogOutputStream:75 - [STDERR_REDIRECT] 
2025-12-23 10:39:59,954 [ERROR] LogOutputStream:75 - [STDERR_REDIRECT] [Fatal Error] :1:1: Premature end of file.
2025-12-23 10:39:59,954 [ERROR] LogOutputStream:75 - [STDERR_REDIRECT] 
2025-12-23 10:40:00,956 [ERROR] LogOutputStream:75 - [STDERR_REDIRECT] [Fatal Error] :1:1: Premature end of file.
2025-12-23 10:40:00,958 [ERROR] LogOutputStream:75 - [STDERR_REDIRECT] 
2025-12-23 10:40:01,959 [ERROR] LogOutputStream:75 - [STDERR_REDIRECT] [Fatal Error] :1:1: Premature end of file.
2025-12-23 10:40:01,959 [ERROR] LogOutputStream:75 - [STDERR_REDIRECT] 
2025-12-23 10:40:02,956 [ERROR] LogOutputStream:75 - [STDERR_REDIRECT] [Fatal Error] :1:1: Premature end of file.
2025-12-23 10:40:02,957 [ERROR] LogOutputStream:75 - [STDERR_REDIRECT] 
2025-12-23 10:40:03,955 [ERROR] LogOutputStream:75 - [STDERR_REDIRECT] [Fatal Error] :1:1: Premature end of file.
2025-12-23 10:40:03,955 [ERROR] LogOutputStream:75 - [STDERR_REDIRECT] 
2025-12-23 10:40:04,958 [ERROR] LogOutputStream:75 - [STDERR_REDIRECT] [Fatal Error] :1:1: Premature end of file.
2025-12-23 10:40:04,958 [ERROR] LogOutputStream:75 - [STDERR_REDIRECT] 
2025-12-23 10:40:06,041 [ERROR] LogOutputStream:75 - [STDERR_REDIRECT] [Fatal Error] :1:1: Premature end of file.
2025-12-23 10:40:06,042 [ERROR] LogOutputStream:75 - [STDERR_REDIRECT] 
2025-12-23 10:40:06,957 [ERROR] LogOutputStream:75 - [STDERR_REDIRECT] [Fatal Error] :1:1: Premature end of file.
2025-12-23 10:40:06,957 [ERROR] LogOutputStream:75 - [STDERR_REDIRECT] 
2025-12-23 10:40:07,947 [ERROR] LogOutputStream:75 - [STDERR_REDIRECT] [Fatal Error] :1:1: Premature end of file.
2025-12-23 10:40:07,947 [ERROR] LogOutputStream:75 - [STDERR_REDIRECT] 
2025-12-23 10:40:08,946 [ERROR] LogOutputStream:75 - [STDERR_REDIRECT] [Fatal Error] :1:1: Premature end of file.
2025-12-23 10:40:08,946 [ERROR] LogOutputStream:75 - [STDERR_REDIRECT] 
2025-12-23 10:40:09,947 [ERROR] LogOutputStream:75 - [STDERR_REDIRECT] [Fatal Error] :1:1: Premature end of file.
2025-12-23 10:40:09,947 [ERROR] LogOutputStream:75 - [STDERR_REDIRECT] 
2025-12-23 10:40:10,987 [ERROR] LogOutputStream:75 - [STDERR_REDIRECT] [Fatal Error] :1:1: Premature end of file.
2025-12-23 10:40:10,989 [ERROR] LogOutputStream:75 - [STDERR_REDIRECT] 
2025-12-23 10:40:11,947 [ERROR] LogOutputStream:75 - [STDERR_REDIRECT] [Fatal Error] :1:1: Premature end of file.
2025-12-23 10:40:11,947 [ERROR] LogOutputStream:75 - [STDERR_REDIRECT] 
2025-12-23 10:40:12,940 [ERROR] LogOutputStream:75 - [STDERR_REDIRECT] [Fatal Error] :1:1: Premature end of file.
2025-12-23 10:40:12,940 [ERROR] LogOutputStream:75 - [STDERR_REDIRECT] 
2025-12-23 10:40:13,953 [ERROR] LogOutputStream:75 - [STDERR_REDIRECT] [Fatal Error] :1:1: Premature end of file.
2025-12-23 10:40:13,953 [ERROR] LogOutputStream:75 - [STDERR_REDIRECT] 
2025-12-23 10:40:14,976 [ERROR] LogOutputStream:75 - [STDERR_REDIRECT] [Fatal Error] :1:1: Premature end of file.
2025-12-23 10:40:14,976 [ERROR] LogOutputStream:75 - [STDERR_REDIRECT] 
2025-12-23 10:40:15,939 [ERROR] LogOutputStream:75 - [STDERR_REDIRECT] [Fatal Error] :1:1: Premature end of file.
2025-12-23 10:40:15,948 [ERROR] LogOutputStream:75 - [STDERR_REDIRECT] 
2025-12-23 10:40:16,956 [ERROR] LogOutputStream:75 - [STDERR_REDIRECT] [Fatal Error] :1:1: Premature end of file.
2025-12-23 10:40:16,956 [ERROR] LogOutputStream:75 - [STDERR_REDIRECT] 
2025-12-23 10:40:17,939 [ERROR] LogOutputStream:75 - [STDERR_REDIRECT] [Fatal Error] :1:1: Premature end of file.
2025-12-23 10:40:17,939 [ERROR] LogOutputStream:75 - [STDERR_REDIRECT] 
2025-12-23 10:40:18,944 [ERROR] LogOutputStream:75 - [STDERR_REDIRECT] [Fatal Error] :1:1: Premature end of file.
2025-12-23 10:40:18,944 [ERROR] LogOutputStream:75 - [STDERR_REDIRECT] 
2025-12-23 10:40:19,945 [ERROR] LogOutputStream:75 - [STDERR_REDIRECT] [Fatal Error] :1:1: Premature end of file.
2025-12-23 10:40:19,945 [ERROR] LogOutputStream:75 - [STDERR_REDIRECT] 
2025-12-23 10:40:20,940 [ERROR] LogOutputStream:75 - [STDERR_REDIRECT] [Fatal Error] :1:1: Premature end of file.
2025-12-23 10:40:20,940 [ERROR] LogOutputStream:75 - [STDERR_REDIRECT] 
2025-12-23 10:40:21,944 [ERROR] LogOutputStream:75 - [STDERR_REDIRECT] [Fatal Error] :1:1: Premature end of file.
2025-12-23 10:40:21,944 [ERROR] LogOutputStream:75 - [STDERR_REDIRECT] 
2025-12-23 10:40:22,956 [ERROR] LogOutputStream:75 - [STDERR_REDIRECT] [Fatal Error] :1:1: Premature end of file.
2025-12-23 10:40:22,956 [ERROR] LogOutputStream:75 - [STDERR_REDIRECT] 
2025-12-23 10:40:23,949 [ERROR] LogOutputStream:75 - [STDERR_REDIRECT] [Fatal Error] :1:1: Premature end of file.
2025-12-23 10:40:23,949 [ERROR] LogOutputStream:75 - [STDERR_REDIRECT] 
2025-12-23 10:40:24,947 [ERROR] LogOutputStream:75 - [STDERR_REDIRECT] [Fatal Error] :1:1: Premature end of file.
2025-12-23 10:40:24,947 [ERROR] LogOutputStream:75 - [STDERR_REDIRECT] 
2025-12-23 10:40:25,941 [ERROR] LogOutputStream:75 - [STDERR_REDIRECT] [Fatal Error] :1:1: Premature end of file.
2025-12-23 10:40:25,942 [ERROR] LogOutputStream:75 - [STDERR_REDIRECT] 
2025-12-23 10:40:26,942 [ERROR] LogOutputStream:75 - [STDERR_REDIRECT] [Fatal Error] :1:1: Premature end of file.
2025-12-23 10:40:26,942 [ERROR] LogOutputStream:75 - [STDERR_REDIRECT] 
2025-12-23 10:40:27,978 [ERROR] LogOutputStream:75 - [STDERR_REDIRECT] [Fatal Error] :1:1: Premature end of file.
2025-12-23 10:40:27,978 [ERROR] LogOutputStream:75 - [STDERR_REDIRECT] 
2025-12-23 10:40:28,945 [ERROR] LogOutputStream:75 - [STDERR_REDIRECT] [Fatal Error] :1:1: Premature end of file.
2025-12-23 10:40:28,945 [ERROR] LogOutputStream:75 - [STDERR_REDIRECT] 
2025-12-23 10:40:29,942 [ERROR] LogOutputStream:75 - [STDERR_REDIRECT] [Fatal Error] :1:1: Premature end of file.
2025-12-23 10:40:29,942 [ERROR] LogOutputStream:75 - [STDERR_REDIRECT] 
2025-12-23 10:40:31,051 [ERROR] LogOutputStream:75 - [STDERR_REDIRECT] [Fatal Error] :1:1: Premature end of file.
2025-12-23 10:40:31,051 [ERROR] LogOutputStream:75 - [STDERR_REDIRECT] 
2025-12-23 10:40:31,950 [ERROR] LogOutputStream:75 - [STDERR_REDIRECT] [Fatal Error] :1:1: Premature end of file.
2025-12-23 10:40:31,950 [ERROR] LogOutputStream:75 - [STDERR_REDIRECT] 
2025-12-23 10:40:32,953 [ERROR] LogOutputStream:75 - [STDERR_REDIRECT] [Fatal Error] :1:1: Premature end of file.
2025-12-23 10:40:32,953 [ERROR] LogOutputStream:75 - [STDERR_REDIRECT] 
2025-12-23 10:40:33,953 [ERROR] LogOutputStream:75 - [STDERR_REDIRECT] [Fatal Error] :1:1: Premature end of file.
2025-12-23 10:40:33,953 [ERROR] LogOutputStream:75 - [STDERR_REDIRECT] 
2025-12-23 10:40:34,943 [ERROR] LogOutputStream:75 - [STDERR_REDIRECT] [Fatal Error] :1:1: Premature end of file.
2025-12-23 10:40:34,943 [ERROR] LogOutputStream:75 - [STDERR_REDIRECT] 
2025-12-23 10:40:35,945 [ERROR] LogOutputStream:75 - [STDERR_REDIRECT] [Fatal Error] :1:1: Premature end of file.
2025-12-23 10:40:35,945 [ERROR] LogOutputStream:75 - [STDERR_REDIRECT] 
2025-12-23 10:40:36,949 [ERROR] LogOutputStream:75 - [STDERR_REDIRECT] [Fatal Error] :1:1: Premature end of file.
2025-12-23 10:40:36,949 [ERROR] LogOutputStream:75 - [STDERR_REDIRECT] 
2025-12-23 10:40:37,957 [ERROR] LogOutputStream:75 - [STDERR_REDIRECT] [Fatal Error] :1:1: Premature end of file.
2025-12-23 10:40:37,957 [ERROR] LogOutputStream:75 - [STDERR_REDIRECT] 
2025-12-23 10:40:38,951 [ERROR] LogOutputStream:75 - [STDERR_REDIRECT] [Fatal Error] :1:1: Premature end of file.
2025-12-23 10:40:38,952 [ERROR] LogOutputStream:75 - [STDERR_REDIRECT] 
2025-12-23 10:40:39,946 [ERROR] LogOutputStream:75 - [STDERR_REDIRECT] [Fatal Error] :1:1: Premature end of file.
2025-12-23 10:40:39,946 [ERROR] LogOutputStream:75 - [STDERR_REDIRECT] 
2025-12-23 10:40:40,955 [ERROR] LogOutputStream:75 - [STDERR_REDIRECT] [Fatal Error] :1:1: Premature end of file.
2025-12-23 10:40:40,955 [ERROR] LogOutputStream:75 - [STDERR_REDIRECT] 
2025-12-23 10:40:41,953 [ERROR] LogOutputStream:75 - [STDERR_REDIRECT] [Fatal Error] :1:1: Premature end of file.
2025-12-23 10:40:41,953 [ERROR] LogOutputStream:75 - [STDERR_REDIRECT] 
2025-12-23 10:40:42,944 [ERROR] LogOutputStream:75 - [STDERR_REDIRECT] [Fatal Error] :1:1: Premature end of file.
2025-12-23 10:40:42,944 [ERROR] LogOutputStream:75 - [STDERR_REDIRECT] 
2025-12-23 10:40:44,009 [ERROR] LogOutputStream:75 - [STDERR_REDIRECT] [Fatal Error] :1:1: Premature end of file.
2025-12-23 10:40:44,009 [ERROR] LogOutputStream:75 - [STDERR_REDIRECT] 
2025-12-23 10:40:44,952 [ERROR] LogOutputStream:75 - [STDERR_REDIRECT] [Fatal Error] :1:1: Premature end of file.
2025-12-23 10:40:44,952 [ERROR] LogOutputStream:75 - [STDERR_REDIRECT] 
2025-12-23 10:40:45,960 [ERROR] LogOutputStream:75 - [STDERR_REDIRECT] [Fatal Error] :1:1: Premature end of file.
2025-12-23 10:40:45,960 [ERROR] LogOutputStream:75 - [STDERR_REDIRECT] 
2025-12-23 10:40:47,019 [ERROR] LogOutputStream:75 - [STDERR_REDIRECT] [Fatal Error] :1:1: Premature end of file.
2025-12-23 10:40:47,019 [ERROR] LogOutputStream:75 - [STDERR_REDIRECT] 
2025-12-23 10:40:47,952 [ERROR] LogOutputStream:75 - [STDERR_REDIRECT] [Fatal Error] :1:1: Premature end of file.
2025-12-23 10:40:47,952 [ERROR] LogOutputStream:75 - [STDERR_REDIRECT] 
2025-12-23 10:40:48,952 [ERROR] LogOutputStream:75 - [STDERR_REDIRECT] [Fatal Error] :1:1: Premature end of file.
2025-12-23 10:40:48,952 [ERROR] LogOutputStream:75 - [STDERR_REDIRECT] 
2025-12-23 10:40:50,035 [ERROR] LogOutputStream:75 - [STDERR_REDIRECT] [Fatal Error] :1:1: Premature end of file.
2025-12-23 10:40:50,035 [ERROR] LogOutputStream:75 - [STDERR_REDIRECT] 
2025-12-23 10:40:50,953 [ERROR] LogOutputStream:75 - [STDERR_REDIRECT] [Fatal Error] :1:1: Premature end of file.
2025-12-23 10:40:50,953 [ERROR] LogOutputStream:75 - [STDERR_REDIRECT] 
2025-12-23 10:40:51,958 [ERROR] LogOutputStream:75 - [STDERR_REDIRECT] [Fatal Error] :1:1: Premature end of file.
2025-12-23 10:40:51,958 [ERROR] LogOutputStream:75 - [STDERR_REDIRECT] 
2025-12-23 10:40:52,947 [ERROR] LogOutputStream:75 - [STDERR_REDIRECT] [Fatal Error] :1:1: Premature end of file.
2025-12-23 10:40:52,947 [ERROR] LogOutputStream:75 - [STDERR_REDIRECT] 
2025-12-23 10:40:53,951 [ERROR] LogOutputStream:75 - [STDERR_REDIRECT] [Fatal Error] :1:1: Premature end of file.
2025-12-23 10:40:53,951 [ERROR] LogOutputStream:75 - [STDERR_REDIRECT] 
2025-12-23 10:40:54,950 [ERROR] LogOutputStream:75 - [STDERR_REDIRECT] [Fatal Error] :1:1: Premature end of file.
2025-12-23 10:40:54,950 [ERROR] LogOutputStream:75 - [STDERR_REDIRECT] 
2025-12-23 10:40:55,950 [ERROR] LogOutputStream:75 - [STDERR_REDIRECT] [Fatal Error] :1:1: Premature end of file.
2025-12-23 10:40:55,950 [ERROR] LogOutputStream:75 - [STDERR_REDIRECT] 
2025-12-23 10:40:56,965 [ERROR] LogOutputStream:75 - [STDERR_REDIRECT] [Fatal Error] :1:1: Premature end of file.
2025-12-23 10:40:56,965 [ERROR] LogOutputStream:75 - [STDERR_REDIRECT] 
2025-12-23 10:40:57,949 [ERROR] LogOutputStream:75 - [STDERR_REDIRECT] [Fatal Error] :1:1: Premature end of file.
2025-12-23 10:40:57,950 [ERROR] LogOutputStream:75 - [STDERR_REDIRECT] 
2025-12-23 10:40:58,949 [ERROR] LogOutputStream:75 - [STDERR_REDIRECT] [Fatal Error] :1:1: Premature end of file.
2025-12-23 10:40:58,949 [ERROR] LogOutputStream:75 - [STDERR_REDIRECT] 
2025-12-23 10:41:00,024 [ERROR] LogOutputStream:75 - [STDERR_REDIRECT] [Fatal Error] :1:1: Premature end of file.
2025-12-23 10:41:00,024 [ERROR] LogOutputStream:75 - [STDERR_REDIRECT] 
2025-12-23 10:41:00,962 [ERROR] LogOutputStream:75 - [STDERR_REDIRECT] [Fatal Error] :1:1: Premature end of file.
2025-12-23 10:41:00,962 [ERROR] LogOutputStream:75 - [STDERR_REDIRECT] 
2025-12-23 10:41:01,949 [ERROR] LogOutputStream:75 - [STDERR_REDIRECT] [Fatal Error] :1:1: Premature end of file.
2025-12-23 10:41:01,949 [ERROR] LogOutputStream:75 - [STDERR_REDIRECT] 
2025-12-23 10:41:03,019 [ERROR] LogOutputStream:75 - [STDERR_REDIRECT] [Fatal Error] :1:1: Premature end of file.
2025-12-23 10:41:03,021 [ERROR] LogOutputStream:75 - [STDERR_REDIRECT] 
2025-12-23 10:41:03,949 [ERROR] LogOutputStream:75 - [STDERR_REDIRECT] [Fatal Error] :1:1: Premature end of file.
2025-12-23 10:41:03,949 [ERROR] LogOutputStream:75 - [STDERR_REDIRECT] 
2025-12-23 10:41:04,962 [ERROR] LogOutputStream:75 - [STDERR_REDIRECT] [Fatal Error] :1:1: Premature end of file.
2025-12-23 10:41:04,962 [ERROR] LogOutputStream:75 - [STDERR_REDIRECT] 
2025-12-23 10:41:05,950 [ERROR] LogOutputStream:75 - [STDERR_REDIRECT] [Fatal Error] :1:1: Premature end of file.
2025-12-23 10:41:05,950 [ERROR] LogOutputStream:75 - [STDERR_REDIRECT] 
2025-12-23 10:41:06,949 [ERROR] LogOutputStream:75 - [STDERR_REDIRECT] [Fatal Error] :1:1: Premature end of file.
2025-12-23 10:41:06,949 [ERROR] LogOutputStream:75 - [STDERR_REDIRECT] 
2025-12-23 10:41:07,957 [ERROR] LogOutputStream:75 - [STDERR_REDIRECT] [Fatal Error] :1:1: Premature end of file.
2025-12-23 10:41:07,957 [ERROR] LogOutputStream:75 - [STDERR_REDIRECT] 
2025-12-23 10:41:08,954 [ERROR] LogOutputStream:75 - [STDERR_REDIRECT] [Fatal Error] :1:1: Premature end of file.
2025-12-23 10:41:08,954 [ERROR] LogOutputStream:75 - [STDERR_REDIRECT] 
2025-12-23 10:41:10,015 [ERROR] LogOutputStream:75 - [STDERR_REDIRECT] [Fatal Error] :1:1: Premature end of file.
2025-12-23 10:41:10,015 [ERROR] LogOutputStream:75 - [STDERR_REDIRECT] 
2025-12-23 10:41:10,964 [ERROR] LogOutputStream:75 - [STDERR_REDIRECT] [Fatal Error] :1:1: Premature end of file.
2025-12-23 10:41:10,964 [ERROR] LogOutputStream:75 - [STDERR_REDIRECT] 
2025-12-23 10:41:11,948 [ERROR] LogOutputStream:75 - [STDERR_REDIRECT] [Fatal Error] :1:1: Premature end of file.
2025-12-23 10:41:11,948 [ERROR] LogOutputStream:75 - [STDERR_REDIRECT] 
2025-12-23 10:41:13,032 [ERROR] LogOutputStream:75 - [STDERR_REDIRECT] [Fatal Error] :1:1: Premature end of file.
2025-12-23 10:41:13,032 [ERROR] LogOutputStream:75 - [STDERR_REDIRECT] 
2025-12-23 10:41:13,965 [ERROR] LogOutputStream:75 - [STDERR_REDIRECT] [Fatal Error] :1:1: Premature end of file.
2025-12-23 10:41:13,965 [ERROR] LogOutputStream:75 - [STDERR_REDIRECT] 
2025-12-23 10:41:14,974 [ERROR] LogOutputStream:75 - [STDERR_REDIRECT] [Fatal Error] :1:1: Premature end of file.
2025-12-23 10:41:14,974 [ERROR] LogOutputStream:75 - [STDERR_REDIRECT] 
2025-12-23 10:41:15,964 [ERROR] LogOutputStream:75 - [STDERR_REDIRECT] [Fatal Error] :1:1: Premature end of file.
2025-12-23 10:41:15,964 [ERROR] LogOutputStream:75 - [STDERR_REDIRECT] 
2025-12-23 10:41:16,947 [ERROR] LogOutputStream:75 - [STDERR_REDIRECT] [Fatal Error] :1:1: Premature end of file.
2025-12-23 10:41:16,947 [ERROR] LogOutputStream:75 - [STDERR_REDIRECT] 
2025-12-23 10:41:17,965 [ERROR] LogOutputStream:75 - [STDERR_REDIRECT] [Fatal Error] :1:1: Premature end of file.
2025-12-23 10:41:17,965 [ERROR] LogOutputStream:75 - [STDERR_REDIRECT] 
2025-12-23 10:41:18,950 [ERROR] LogOutputStream:75 - [STDERR_REDIRECT] [Fatal Error] :1:1: Premature end of file.
2025-12-23 10:41:18,950 [ERROR] LogOutputStream:75 - [STDERR_REDIRECT] 
2025-12-23 10:41:19,981 [ERROR] LogOutputStream:75 - [STDERR_REDIRECT] [Fatal Error] :1:1: Premature end of file.
2025-12-23 10:41:19,981 [ERROR] LogOutputStream:75 - [STDERR_REDIRECT] 
2025-12-23 10:41:20,967 [ERROR] LogOutputStream:75 - [STDERR_REDIRECT] [Fatal Error] :1:1: Premature end of file.
2025-12-23 10:41:20,967 [ERROR] LogOutputStream:75 - [STDERR_REDIRECT] 
2025-12-23 10:41:21,946 [ERROR] LogOutputStream:75 - [STDERR_REDIRECT] [Fatal Error] :1:1: Premature end of file.
2025-12-23 10:41:21,946 [ERROR] LogOutputStream:75 - [STDERR_REDIRECT] 
2025-12-23 10:41:23,019 [ERROR] LogOutputStream:75 - [STDERR_REDIRECT] [Fatal Error] :1:1: Premature end of file.
2025-12-23 10:41:23,019 [ERROR] LogOutputStream:75 - [STDERR_REDIRECT] 
2025-12-23 10:41:23,964 [ERROR] LogOutputStream:75 - [STDERR_REDIRECT] [Fatal Error] :1:1: Premature end of file.
2025-12-23 10:41:23,964 [ERROR] LogOutputStream:75 - [STDERR_REDIRECT] 
2025-12-23 10:41:24,965 [ERROR] LogOutputStream:75 - [STDERR_REDIRECT] [Fatal Error] :1:1: Premature end of file.
2025-12-23 10:41:24,966 [ERROR] LogOutputStream:75 - [STDERR_REDIRECT] 
2025-12-23 10:41:25,945 [ERROR] LogOutputStream:75 - [STDERR_REDIRECT] [Fatal Error] :1:1: Premature end of file.
2025-12-23 10:41:25,945 [ERROR] LogOutputStream:75 - [STDERR_REDIRECT] 
2025-12-23 10:41:27,014 [ERROR] LogOutputStream:75 - [STDERR_REDIRECT] [Fatal Error] :1:1: Premature end of file.
2025-12-23 10:41:27,014 [ERROR] LogOutputStream:75 - [STDERR_REDIRECT] 
2025-12-23 10:41:27,963 [ERROR] LogOutputStream:75 - [STDERR_REDIRECT] [Fatal Error] :1:1: Premature end of file.
2025-12-23 10:41:27,963 [ERROR] LogOutputStream:75 - [STDERR_REDIRECT] 
2025-12-23 10:41:28,946 [ERROR] LogOutputStream:75 - [STDERR_REDIRECT] [Fatal Error] :1:1: Premature end of file.
2025-12-23 10:41:28,948 [ERROR] LogOutputStream:75 - [STDERR_REDIRECT] 
2025-12-23 10:41:29,993 [ERROR] LogOutputStream:75 - [STDERR_REDIRECT] [Fatal Error] :1:1: Premature end of file.
2025-12-23 10:41:29,993 [ERROR] LogOutputStream:75 - [STDERR_REDIRECT] 
2025-12-23 10:41:30,962 [ERROR] LogOutputStream:75 - [STDERR_REDIRECT] [Fatal Error] :1:1: Premature end of file.
2025-12-23 10:41:30,962 [ERROR] LogOutputStream:75 - [STDERR_REDIRECT] 
2025-12-23 10:41:31,946 [ERROR] LogOutputStream:75 - [STDERR_REDIRECT] [Fatal Error] :1:1: Premature end of file.
2025-12-23 10:41:31,946 [ERROR] LogOutputStream:75 - [STDERR_REDIRECT] 
2025-12-23 10:41:32,958 [ERROR] LogOutputStream:75 - [STDERR_REDIRECT] [Fatal Error] :1:1: Premature end of file.
2025-12-23 10:41:32,958 [ERROR] LogOutputStream:75 - [STDERR_REDIRECT] 
2025-12-23 10:41:33,962 [ERROR] LogOutputStream:75 - [STDERR_REDIRECT] [Fatal Error] :1:1: Premature end of file.
2025-12-23 10:41:33,962 [ERROR] LogOutputStream:75 - [STDERR_REDIRECT] 
2025-12-23 10:41:34,951 [ERROR] LogOutputStream:75 - [STDERR_REDIRECT] [Fatal Error] :1:1: Premature end of file.
2025-12-23 10:41:34,951 [ERROR] LogOutputStream:75 - [STDERR_REDIRECT] 
2025-12-23 10:41:35,953 [ERROR] LogOutputStream:75 - [STDERR_REDIRECT] [Fatal Error] :1:1: Premature end of file.
2025-12-23 10:41:35,953 [ERROR] LogOutputStream:75 - [STDERR_REDIRECT] 
2025-12-23 10:41:37,070 [ERROR] LogOutputStream:75 - [STDERR_REDIRECT] [Fatal Error] :1:1: Premature end of file.
2025-12-23 10:41:37,070 [ERROR] LogOutputStream:75 - [STDERR_REDIRECT] 
2025-12-23 10:41:37,962 [ERROR] LogOutputStream:75 - [STDERR_REDIRECT] [Fatal Error] :1:1: Premature end of file.
2025-12-23 10:41:37,962 [ERROR] LogOutputStream:75 - [STDERR_REDIRECT] 
2025-12-23 10:41:38,961 [ERROR] LogOutputStream:75 - [STDERR_REDIRECT] [Fatal Error] :1:1: Premature end of file.
2025-12-23 10:41:38,961 [ERROR] LogOutputStream:75 - [STDERR_REDIRECT] 
2025-12-23 10:41:39,959 [ERROR] LogOutputStream:75 - [STDERR_REDIRECT] [Fatal Error] :1:1: Premature end of file.
2025-12-23 10:41:39,960 [ERROR] LogOutputStream:75 - [STDERR_REDIRECT] 
2025-12-23 10:41:40,959 [ERROR] LogOutputStream:75 - [STDERR_REDIRECT] [Fatal Error] :1:1: Premature end of file.
2025-12-23 10:41:40,959 [ERROR] LogOutputStream:75 - [STDERR_REDIRECT] 
2025-12-23 10:41:41,961 [ERROR] LogOutputStream:75 - [STDERR_REDIRECT] [Fatal Error] :1:1: Premature end of file.
2025-12-23 10:41:41,961 [ERROR] LogOutputStream:75 - [STDERR_REDIRECT] 
2025-12-23 10:41:42,956 [ERROR] LogOutputStream:75 - [STDERR_REDIRECT] [Fatal Error] :1:1: Premature end of file.
2025-12-23 10:41:42,956 [ERROR] LogOutputStream:75 - [STDERR_REDIRECT] 
2025-12-23 10:41:43,992 [ERROR] LogOutputStream:75 - [STDERR_REDIRECT] [Fatal Error] :1:1: Premature end of file.
2025-12-23 10:41:43,992 [ERROR] LogOutputStream:75 - [STDERR_REDIRECT] 
2025-12-23 10:41:44,962 [ERROR] LogOutputStream:75 - [STDERR_REDIRECT] [Fatal Error] :1:1: Premature end of file.
2025-12-23 10:41:44,962 [ERROR] LogOutputStream:75 - [STDERR_REDIRECT] 
2025-12-23 10:41:45,953 [ERROR] LogOutputStream:75 - [STDERR_REDIRECT] [Fatal Error] :1:1: Premature end of file.
2025-12-23 10:41:45,953 [ERROR] LogOutputStream:75 - [STDERR_REDIRECT] 
2025-12-23 10:41:47,103 [ERROR] LogOutputStream:75 - [STDERR_REDIRECT] [Fatal Error] :1:1: Premature end of file.
2025-12-23 10:41:47,104 [ERROR] LogOutputStream:75 - [STDERR_REDIRECT] 
2025-12-23 10:41:47,958 [ERROR] LogOutputStream:75 - [STDERR_REDIRECT] [Fatal Error] :1:1: Premature end of file.
2025-12-23 10:41:47,958 [ERROR] LogOutputStream:75 - [STDERR_REDIRECT] 
2025-12-23 10:41:48,974 [ERROR] LogOutputStream:75 - [STDERR_REDIRECT] [Fatal Error] :1:1: Premature end of file.
2025-12-23 10:41:48,974 [ERROR] LogOutputStream:75 - [STDERR_REDIRECT] 
2025-12-23 10:41:50,048 [ERROR] LogOutputStream:75 - [STDERR_REDIRECT] [Fatal Error] :1:1: Premature end of file.
2025-12-23 10:41:50,048 [ERROR] LogOutputStream:75 - [STDERR_REDIRECT] 
2025-12-23 10:41:50,963 [ERROR] LogOutputStream:75 - [STDERR_REDIRECT] [Fatal Error] :1:1: Premature end of file.
2025-12-23 10:41:50,963 [ERROR] LogOutputStream:75 - [STDERR_REDIRECT] 
2025-12-23 10:41:51,965 [ERROR] LogOutputStream:75 - [STDERR_REDIRECT] [Fatal Error] :1:1: Premature end of file.
2025-12-23 10:41:51,965 [ERROR] LogOutputStream:75 - [STDERR_REDIRECT] 
2025-12-23 10:41:52,959 [ERROR] LogOutputStream:75 - [STDERR_REDIRECT] [Fatal Error] :1:1: Premature end of file.
2025-12-23 10:41:52,959 [ERROR] LogOutputStream:75 - [STDERR_REDIRECT] 
2025-12-23 10:41:54,036 [ERROR] LogOutputStream:75 - [STDERR_REDIRECT] [Fatal Error] :1:1: Premature end of file.
2025-12-23 10:41:54,036 [ERROR] LogOutputStream:75 - [STDERR_REDIRECT] 
2025-12-23 10:41:54,965 [ERROR] LogOutputStream:75 - [STDERR_REDIRECT] [Fatal Error] :1:1: Premature end of file.
2025-12-23 10:41:54,965 [ERROR] LogOutputStream:75 - [STDERR_REDIRECT] 
2025-12-23 10:41:55,969 [ERROR] LogOutputStream:75 - [STDERR_REDIRECT] [Fatal Error] :1:1: Premature end of file.
2025-12-23 10:41:55,969 [ERROR] LogOutputStream:75 - [STDERR_REDIRECT] 
2025-12-23 10:41:56,969 [ERROR] LogOutputStream:75 - [STDERR_REDIRECT] [Fatal Error] :1:1: Premature end of file.
2025-12-23 10:41:56,969 [ERROR] LogOutputStream:75 - [STDERR_REDIRECT] 
2025-12-23 10:41:57,968 [ERROR] LogOutputStream:75 - [STDERR_REDIRECT] [Fatal Error] :1:1: Premature end of file.
2025-12-23 10:41:57,968 [ERROR] LogOutputStream:75 - [STDERR_REDIRECT] 
2025-12-23 10:41:58,958 [ERROR] LogOutputStream:75 - [STDERR_REDIRECT] [Fatal Error] :1:1: Premature end of file.
2025-12-23 10:41:58,958 [ERROR] LogOutputStream:75 - [STDERR_REDIRECT] 
2025-12-23 10:41:59,965 [ERROR] LogOutputStream:75 - [STDERR_REDIRECT] [Fatal Error] :1:1: Premature end of file.
2025-12-23 10:41:59,966 [ERROR] LogOutputStream:75 - [STDERR_REDIRECT] 
2025-12-23 10:42:01,010 [ERROR] LogOutputStream:75 - [STDERR_REDIRECT] [Fatal Error] :1:1: Premature end of file.
2025-12-23 10:42:01,010 [ERROR] LogOutputStream:75 - [STDERR_REDIRECT] 
2025-12-23 10:42:01,958 [ERROR] LogOutputStream:75 - [STDERR_REDIRECT] [Fatal Error] :1:1: Premature end of file.
2025-12-23 10:42:01,958 [ERROR] LogOutputStream:75 - [STDERR_REDIRECT] 
2025-12-23 10:42:02,957 [ERROR] LogOutputStream:75 - [STDERR_REDIRECT] [Fatal Error] :1:1: Premature end of file.
2025-12-23 10:42:02,957 [ERROR] LogOutputStream:75 - [STDERR_REDIRECT] 
2025-12-23 10:42:03,972 [ERROR] LogOutputStream:75 - [STDERR_REDIRECT] [Fatal Error] :1:1: Premature end of file.
2025-12-23 10:42:03,972 [ERROR] LogOutputStream:75 - [STDERR_REDIRECT] 
2025-12-23 10:42:04,961 [ERROR] LogOutputStream:75 - [STDERR_REDIRECT] [Fatal Error] :1:1: Premature end of file.
2025-12-23 10:42:04,961 [ERROR] LogOutputStream:75 - [STDERR_REDIRECT] 
2025-12-23 10:42:05,957 [ERROR] LogOutputStream:75 - [STDERR_REDIRECT] [Fatal Error] :1:1: Premature end of file.
2025-12-23 10:42:05,957 [ERROR] LogOutputStream:75 - [STDERR_REDIRECT] 
2025-12-23 10:42:06,974 [ERROR] LogOutputStream:75 - [STDERR_REDIRECT] [Fatal Error] :1:1: Premature end of file.
2025-12-23 10:42:06,974 [ERROR] LogOutputStream:75 - [STDERR_REDIRECT] 
2025-12-23 10:42:08,040 [ERROR] LogOutputStream:75 - [STDERR_REDIRECT] [Fatal Error] :1:1: Premature end of file.
2025-12-23 10:42:08,040 [ERROR] LogOutputStream:75 - [STDERR_REDIRECT] 
2025-12-23 10:42:08,969 [ERROR] LogOutputStream:75 - [STDERR_REDIRECT] [Fatal Error] :1:1: Premature end of file.
2025-12-23 10:42:08,969 [ERROR] LogOutputStream:75 - [STDERR_REDIRECT] 
2025-12-23 10:42:09,964 [ERROR] LogOutputStream:75 - [STDERR_REDIRECT] [Fatal Error] :1:1: Premature end of file.
2025-12-23 10:42:09,964 [ERROR] LogOutputStream:75 - [STDERR_REDIRECT] 
2025-12-23 10:42:10,955 [ERROR] LogOutputStream:75 - [STDERR_REDIRECT] [Fatal Error] :1:1: Premature end of file.
2025-12-23 10:42:10,956 [ERROR] LogOutputStream:75 - [STDERR_REDIRECT] 
2025-12-23 10:42:11,945 [ERROR] LogOutputStream:75 - [STDERR_REDIRECT] [Fatal Error] :1:1: Premature end of file.
2025-12-23 10:42:11,945 [ERROR] LogOutputStream:75 - [STDERR_REDIRECT] 
2025-12-23 10:42:12,964 [ERROR] LogOutputStream:75 - [STDERR_REDIRECT] [Fatal Error] :1:1: Premature end of file.
2025-12-23 10:42:12,964 [ERROR] LogOutputStream:75 - [STDERR_REDIRECT] 
2025-12-23 10:42:13,957 [ERROR] LogOutputStream:75 - [STDERR_REDIRECT] [Fatal Error] :1:1: Premature end of file.
2025-12-23 10:42:13,957 [ERROR] LogOutputStream:75 - [STDERR_REDIRECT] 
2025-12-23 10:42:15,011 [ERROR] LogOutputStream:75 - [STDERR_REDIRECT] [Fatal Error] :1:1: Premature end of file.
2025-12-23 10:42:15,011 [ERROR] LogOutputStream:75 - [STDERR_REDIRECT] 
2025-12-23 10:42:15,960 [ERROR] LogOutputStream:75 - [STDERR_REDIRECT] [Fatal Error] :1:1: Premature end of file.
2025-12-23 10:42:15,960 [ERROR] LogOutputStream:75 - [STDERR_REDIRECT] 
2025-12-23 10:42:16,965 [ERROR] LogOutputStream:75 - [STDERR_REDIRECT] [Fatal Error] :1:1: Premature end of file.
2025-12-23 10:42:16,965 [ERROR] LogOutputStream:75 - [STDERR_REDIRECT] 
2025-12-23 10:42:17,969 [ERROR] LogOutputStream:75 - [STDERR_REDIRECT] [Fatal Error] :1:1: Premature end of file.
2025-12-23 10:42:17,969 [ERROR] LogOutputStream:75 - [STDERR_REDIRECT] 
2025-12-23 10:42:19,067 [ERROR] LogOutputStream:75 - [STDERR_REDIRECT] [Fatal Error] :1:1: Premature end of file.
2025-12-23 10:42:19,067 [ERROR] LogOutputStream:75 - [STDERR_REDIRECT] 
2025-12-23 10:42:19,955 [ERROR] LogOutputStream:75 - [STDERR_REDIRECT] [Fatal Error] :1:1: Premature end of file.
2025-12-23 10:42:19,955 [ERROR] LogOutputStream:75 - [STDERR_REDIRECT] 
2025-12-23 10:42:20,971 [ERROR] LogOutputStream:75 - [STDERR_REDIRECT] [Fatal Error] :1:1: Premature end of file.
2025-12-23 10:42:20,971 [ERROR] LogOutputStream:75 - [STDERR_REDIRECT] 
2025-12-23 10:42:21,961 [ERROR] LogOutputStream:75 - [STDERR_REDIRECT] [Fatal Error] :1:1: Premature end of file.
2025-12-23 10:42:21,964 [ERROR] LogOutputStream:75 - [STDERR_REDIRECT] 
2025-12-23 10:42:23,016 [ERROR] LogOutputStream:75 - [STDERR_REDIRECT] [Fatal Error] :1:1: Premature end of file.
2025-12-23 10:42:23,016 [ERROR] LogOutputStream:75 - [STDERR_REDIRECT] 
2025-12-23 10:42:23,941 [ERROR] LogOutputStream:75 - [STDERR_REDIRECT] [Fatal Error] :1:1: Premature end of file.
2025-12-23 10:42:23,941 [ERROR] LogOutputStream:75 - [STDERR_REDIRECT] 
2025-12-23 10:42:24,938 [ERROR] LogOutputStream:75 - [STDERR_REDIRECT] [Fatal Error] :1:1: Premature end of file.
2025-12-23 10:42:24,938 [ERROR] LogOutputStream:75 - [STDERR_REDIRECT] 
2025-12-23 10:42:25,947 [ERROR] LogOutputStream:75 - [STDERR_REDIRECT] [Fatal Error] :1:1: Premature end of file.
2025-12-23 10:42:25,947 [ERROR] LogOutputStream:75 - [STDERR_REDIRECT] 
2025-12-23 10:42:26,988 [ERROR] LogOutputStream:75 - [STDERR_REDIRECT] [Fatal Error] :1:1: Premature end of file.
2025-12-23 10:42:26,988 [ERROR] LogOutputStream:75 - [STDERR_REDIRECT] 
2025-12-23 10:42:27,968 [ERROR] LogOutputStream:75 - [STDERR_REDIRECT] [Fatal Error] :1:1: Premature end of file.
2025-12-23 10:42:27,968 [ERROR] LogOutputStream:75 - [STDERR_REDIRECT] 
2025-12-23 10:42:28,955 [ERROR] LogOutputStream:75 - [STDERR_REDIRECT] [Fatal Error] :1:1: Premature end of file.
2025-12-23 10:42:28,955 [ERROR] LogOutputStream:75 - [STDERR_REDIRECT] 
2025-12-23 10:42:29,967 [ERROR] LogOutputStream:75 - [STDERR_REDIRECT] [Fatal Error] :1:1: Premature end of file.
2025-12-23 10:42:29,967 [ERROR] LogOutputStream:75 - [STDERR_REDIRECT] 
2025-12-23 10:42:30,954 [ERROR] LogOutputStream:75 - [STDERR_REDIRECT] [Fatal Error] :1:1: Premature end of file.
2025-12-23 10:42:30,954 [ERROR] LogOutputStream:75 - [STDERR_REDIRECT] 
2025-12-23 10:42:31,959 [ERROR] LogOutputStream:75 - [STDERR_REDIRECT] [Fatal Error] :1:1: Premature end of file.
2025-12-23 10:42:31,959 [ERROR] LogOutputStream:75 - [STDERR_REDIRECT] 
2025-12-23 10:42:32,955 [ERROR] LogOutputStream:75 - [STDERR_REDIRECT] [Fatal Error] :1:1: Premature end of file.
2025-12-23 10:42:32,955 [ERROR] LogOutputStream:75 - [STDERR_REDIRECT] 
2025-12-23 10:42:34,008 [ERROR] LogOutputStream:75 - [STDERR_REDIRECT] [Fatal Error] :1:1: Premature end of file.
2025-12-23 10:42:34,008 [ERROR] LogOutputStream:75 - [STDERR_REDIRECT] 
2025-12-23 10:42:34,960 [ERROR] LogOutputStream:75 - [STDERR_REDIRECT] [Fatal Error] :1:1: Premature end of file.
2025-12-23 10:42:34,960 [ERROR] LogOutputStream:75 - [STDERR_REDIRECT] 
2025-12-23 10:42:35,977 [ERROR] LogOutputStream:75 - [STDERR_REDIRECT] [Fatal Error] :1:1: Premature end of file.
2025-12-23 10:42:35,977 [ERROR] LogOutputStream:75 - [STDERR_REDIRECT] 
2025-12-23 10:42:36,951 [ERROR] LogOutputStream:75 - [STDERR_REDIRECT] [Fatal Error] :1:1: Premature end of file.
2025-12-23 10:42:36,951 [ERROR] LogOutputStream:75 - [STDERR_REDIRECT] 
2025-12-23 10:42:38,021 [ERROR] LogOutputStream:75 - [STDERR_REDIRECT] [Fatal Error] :1:1: Premature end of file.
2025-12-23 10:42:38,021 [ERROR] LogOutputStream:75 - [STDERR_REDIRECT] 
2025-12-23 10:42:38,948 [ERROR] LogOutputStream:75 - [STDERR_REDIRECT] [Fatal Error] :1:1: Premature end of file.
2025-12-23 10:42:38,948 [ERROR] LogOutputStream:75 - [STDERR_REDIRECT] 
2025-12-23 10:42:39,962 [ERROR] LogOutputStream:75 - [STDERR_REDIRECT] [Fatal Error] :1:1: Premature end of file.
2025-12-23 10:42:39,962 [ERROR] LogOutputStream:75 - [STDERR_REDIRECT] 
2025-12-23 10:42:40,959 [ERROR] LogOutputStream:75 - [STDERR_REDIRECT] [Fatal Error] :1:1: Premature end of file.
2025-12-23 10:42:40,959 [ERROR] LogOutputStream:75 - [STDERR_REDIRECT] 
2025-12-23 10:42:41,959 [ERROR] LogOutputStream:75 - [STDERR_REDIRECT] [Fatal Error] :1:1: Premature end of file.
2025-12-23 10:42:41,959 [ERROR] LogOutputStream:75 - [STDERR_REDIRECT] 
2025-12-23 10:42:42,967 [ERROR] LogOutputStream:75 - [STDERR_REDIRECT] [Fatal Error] :1:1: Premature end of file.
2025-12-23 10:42:42,968 [ERROR] LogOutputStream:75 - [STDERR_REDIRECT] 
2025-12-23 10:42:43,952 [ERROR] LogOutputStream:75 - [STDERR_REDIRECT] [Fatal Error] :1:1: Premature end of file.
2025-12-23 10:42:43,952 [ERROR] LogOutputStream:75 - [STDERR_REDIRECT] 
2025-12-23 10:42:45,052 [ERROR] LogOutputStream:75 - [STDERR_REDIRECT] [Fatal Error] :1:1: Premature end of file.
2025-12-23 10:42:45,053 [ERROR] LogOutputStream:75 - [STDERR_REDIRECT] 
2025-12-23 10:42:45,956 [ERROR] LogOutputStream:75 - [STDERR_REDIRECT] [Fatal Error] :1:1: Premature end of file.
2025-12-23 10:42:45,956 [ERROR] LogOutputStream:75 - [STDERR_REDIRECT] 
2025-12-23 10:42:46,943 [ERROR] LogOutputStream:75 - [STDERR_REDIRECT] [Fatal Error] :1:1: Premature end of file.
2025-12-23 10:42:46,943 [ERROR] LogOutputStream:75 - [STDERR_REDIRECT] 
2025-12-23 10:42:47,966 [ERROR] LogOutputStream:75 - [STDERR_REDIRECT] [Fatal Error] :1:1: Premature end of file.
2025-12-23 10:42:47,966 [ERROR] LogOutputStream:75 - [STDERR_REDIRECT] 
2025-12-23 10:42:48,956 [ERROR] LogOutputStream:75 - [STDERR_REDIRECT] [Fatal Error] :1:1: Premature end of file.
2025-12-23 10:42:48,956 [ERROR] LogOutputStream:75 - [STDERR_REDIRECT] 
2025-12-23 10:42:49,951 [ERROR] LogOutputStream:75 - [STDERR_REDIRECT] [Fatal Error] :1:1: Premature end of file.
2025-12-23 10:42:49,951 [ERROR] LogOutputStream:75 - [STDERR_REDIRECT] 
2025-12-23 10:42:50,965 [ERROR] LogOutputStream:75 - [STDERR_REDIRECT] [Fatal Error] :1:1: Premature end of file.
2025-12-23 10:42:50,965 [ERROR] LogOutputStream:75 - [STDERR_REDIRECT] 
2025-12-23 10:42:52,051 [ERROR] LogOutputStream:75 - [STDERR_REDIRECT] [Fatal Error] :1:1: Premature end of file.
2025-12-23 10:42:52,051 [ERROR] LogOutputStream:75 - [STDERR_REDIRECT] 
2025-12-23 10:42:52,962 [ERROR] LogOutputStream:75 - [STDERR_REDIRECT] [Fatal Error] :1:1: Premature end of file.
2025-12-23 10:42:52,962 [ERROR] LogOutputStream:75 - [STDERR_REDIRECT] 
2025-12-23 10:42:53,963 [ERROR] LogOutputStream:75 - [STDERR_REDIRECT] [Fatal Error] :1:1: Premature end of file.
2025-12-23 10:42:53,963 [ERROR] LogOutputStream:75 - [STDERR_REDIRECT] 
2025-12-23 10:42:55,003 [ERROR] LogOutputStream:75 - [STDERR_REDIRECT] [Fatal Error] :1:1: Premature end of file.
2025-12-23 10:42:55,003 [ERROR] LogOutputStream:75 - [STDERR_REDIRECT] 
2025-12-23 10:42:55,939 [ERROR] LogOutputStream:75 - [STDERR_REDIRECT] [Fatal Error] :1:1: Premature end of file.
2025-12-23 10:42:55,939 [ERROR] LogOutputStream:75 - [STDERR_REDIRECT] 
2025-12-23 10:42:56,954 [ERROR] LogOutputStream:75 - [STDERR_REDIRECT] [Fatal Error] :1:1: Premature end of file.
2025-12-23 10:42:56,954 [ERROR] LogOutputStream:75 - [STDERR_REDIRECT] 
2025-12-23 10:42:57,940 [ERROR] LogOutputStream:75 - [STDERR_REDIRECT] [Fatal Error] :1:1: Premature end of file.
2025-12-23 10:42:57,940 [ERROR] LogOutputStream:75 - [STDERR_REDIRECT] 
2025-12-23 10:42:58,945 [ERROR] LogOutputStream:75 - [STDERR_REDIRECT] [Fatal Error] :1:1: Premature end of file.
2025-12-23 10:42:58,945 [ERROR] LogOutputStream:75 - [STDERR_REDIRECT] 
2025-12-23 10:42:59,952 [ERROR] LogOutputStream:75 - [STDERR_REDIRECT] [Fatal Error] :1:1: Premature end of file.
2025-12-23 10:42:59,954 [ERROR] LogOutputStream:75 - [STDERR_REDIRECT] 
2025-12-23 10:43:00,945 [ERROR] LogOutputStream:75 - [STDERR_REDIRECT] [Fatal Error] :1:1: Premature end of file.
2025-12-23 10:43:00,945 [ERROR] LogOutputStream:75 - [STDERR_REDIRECT] 
2025-12-23 10:43:01,993 [ERROR] LogOutputStream:75 - [STDERR_REDIRECT] [Fatal Error] :1:1: Premature end of file.
2025-12-23 10:43:01,993 [ERROR] LogOutputStream:75 - [STDERR_REDIRECT] 
2025-12-23 10:43:02,941 [ERROR] LogOutputStream:75 - [STDERR_REDIRECT] [Fatal Error] :1:1: Premature end of file.
2025-12-23 10:43:02,941 [ERROR] LogOutputStream:75 - [STDERR_REDIRECT] 
2025-12-23 10:43:03,949 [ERROR] LogOutputStream:75 - [STDERR_REDIRECT] [Fatal Error] :1:1: Premature end of file.
2025-12-23 10:43:03,950 [ERROR] LogOutputStream:75 - [STDERR_REDIRECT] 
2025-12-23 10:43:04,938 [ERROR] LogOutputStream:75 - [STDERR_REDIRECT] [Fatal Error] :1:1: Premature end of file.
2025-12-23 10:43:04,938 [ERROR] LogOutputStream:75 - [STDERR_REDIRECT] 
2025-12-23 10:43:05,949 [ERROR] LogOutputStream:75 - [STDERR_REDIRECT] [Fatal Error] :1:1: Premature end of file.
2025-12-23 10:43:05,949 [ERROR] LogOutputStream:75 - [STDERR_REDIRECT] 
2025-12-23 10:43:07,049 [ERROR] LogOutputStream:75 - [STDERR_REDIRECT] [Fatal Error] :1:1: Premature end of file.
2025-12-23 10:43:07,049 [ERROR] LogOutputStream:75 - [STDERR_REDIRECT] 
2025-12-23 10:43:07,948 [ERROR] LogOutputStream:75 - [STDERR_REDIRECT] [Fatal Error] :1:1: Premature end of file.
2025-12-23 10:43:07,948 [ERROR] LogOutputStream:75 - [STDERR_REDIRECT] 
2025-12-23 10:43:08,944 [ERROR] LogOutputStream:75 - [STDERR_REDIRECT] [Fatal Error] :1:1: Premature end of file.
2025-12-23 10:43:08,944 [ERROR] LogOutputStream:75 - [STDERR_REDIRECT] 
2025-12-23 10:43:09,948 [ERROR] LogOutputStream:75 - [STDERR_REDIRECT] [Fatal Error] :1:1: Premature end of file.
2025-12-23 10:43:09,948 [ERROR] LogOutputStream:75 - [STDERR_REDIRECT] 
2025-12-23 10:43:10,959 [ERROR] LogOutputStream:75 - [STDERR_REDIRECT] [Fatal Error] :1:1: Premature end of file.
2025-12-23 10:43:10,959 [ERROR] LogOutputStream:75 - [STDERR_REDIRECT] 
2025-12-23 10:43:11,964 [ERROR] LogOutputStream:75 - [STDERR_REDIRECT] [Fatal Error] :1:1: Premature end of file.
2025-12-23 10:43:11,964 [ERROR] LogOutputStream:75 - [STDERR_REDIRECT] 
2025-12-23 10:43:12,948 [ERROR] LogOutputStream:75 - [STDERR_REDIRECT] [Fatal Error] :1:1: Premature end of file.
2025-12-23 10:43:12,948 [ERROR] LogOutputStream:75 - [STDERR_REDIRECT] 
2025-12-23 10:43:13,997 [ERROR] LogOutputStream:75 - [STDERR_REDIRECT] [Fatal Error] :1:1: Premature end of file.
2025-12-23 10:43:13,997 [ERROR] LogOutputStream:75 - [STDERR_REDIRECT] 
2025-12-23 10:43:14,951 [ERROR] LogOutputStream:75 - [STDERR_REDIRECT] [Fatal Error] :1:1: Premature end of file.
2025-12-23 10:43:14,959 [ERROR] LogOutputStream:75 - [STDERR_REDIRECT] 
2025-12-23 10:43:15,952 [ERROR] LogOutputStream:75 - [STDERR_REDIRECT] [Fatal Error] :1:1: Premature end of file.
2025-12-23 10:43:15,952 [ERROR] LogOutputStream:75 - [STDERR_REDIRECT] 
2025-12-23 10:43:16,955 [ERROR] LogOutputStream:75 - [STDERR_REDIRECT] [Fatal Error] :1:1: Premature end of file.
2025-12-23 10:43:16,955 [ERROR] LogOutputStream:75 - [STDERR_REDIRECT] 
2025-12-23 10:43:18,057 [ERROR] LogOutputStream:75 - [STDERR_REDIRECT] [Fatal Error] :1:1: Premature end of file.
2025-12-23 10:43:18,060 [ERROR] LogOutputStream:75 - [STDERR_REDIRECT] 
2025-12-23 10:43:18,953 [ERROR] LogOutputStream:75 - [STDERR_REDIRECT] [Fatal Error] :1:1: Premature end of file.
2025-12-23 10:43:18,953 [ERROR] LogOutputStream:75 - [STDERR_REDIRECT] 
2025-12-23 10:43:19,951 [ERROR] LogOutputStream:75 - [STDERR_REDIRECT] [Fatal Error] :1:1: Premature end of file.
2025-12-23 10:43:19,951 [ERROR] LogOutputStream:75 - [STDERR_REDIRECT] 
2025-12-23 10:43:20,949 [ERROR] LogOutputStream:75 - [STDERR_REDIRECT] [Fatal Error] :1:1: Premature end of file.
2025-12-23 10:43:20,949 [ERROR] LogOutputStream:75 - [STDERR_REDIRECT] 
2025-12-23 10:43:22,033 [ERROR] LogOutputStream:75 - [STDERR_REDIRECT] [Fatal Error] :1:1: Premature end of file.
2025-12-23 10:43:22,033 [ERROR] LogOutputStream:75 - [STDERR_REDIRECT] 
2025-12-23 10:43:22,953 [ERROR] LogOutputStream:75 - [STDERR_REDIRECT] [Fatal Error] :1:1: Premature end of file.
2025-12-23 10:43:22,953 [ERROR] LogOutputStream:75 - [STDERR_REDIRECT] 
2025-12-23 10:43:23,963 [ERROR] LogOutputStream:75 - [STDERR_REDIRECT] [Fatal Error] :1:1: Premature end of file.
2025-12-23 10:43:23,963 [ERROR] LogOutputStream:75 - [STDERR_REDIRECT] 
2025-12-23 10:43:24,963 [ERROR] LogOutputStream:75 - [STDERR_REDIRECT] [Fatal Error] :1:1: Premature end of file.
2025-12-23 10:43:24,963 [ERROR] LogOutputStream:75 - [STDERR_REDIRECT] 
2025-12-23 10:43:25,946 [ERROR] LogOutputStream:75 - [STDERR_REDIRECT] [Fatal Error] :1:1: Premature end of file.
2025-12-23 10:43:25,946 [ERROR] LogOutputStream:75 - [STDERR_REDIRECT] 
2025-12-23 10:43:26,972 [ERROR] LogOutputStream:75 - [STDERR_REDIRECT] [Fatal Error] :1:1: Premature end of file.
2025-12-23 10:43:26,972 [ERROR] LogOutputStream:75 - [STDERR_REDIRECT] 
2025-12-23 10:43:27,952 [ERROR] LogOutputStream:75 - [STDERR_REDIRECT] [Fatal Error] :1:1: Premature end of file.
2025-12-23 10:43:27,952 [ERROR] LogOutputStream:75 - [STDERR_REDIRECT] 
2025-12-23 10:43:28,951 [ERROR] LogOutputStream:75 - [STDERR_REDIRECT] [Fatal Error] :1:1: Premature end of file.
2025-12-23 10:43:28,951 [ERROR] LogOutputStream:75 - [STDERR_REDIRECT] 
2025-12-23 10:43:29,965 [ERROR] LogOutputStream:75 - [STDERR_REDIRECT] [Fatal Error] :1:1: Premature end of file.
2025-12-23 10:43:29,965 [ERROR] LogOutputStream:75 - [STDERR_REDIRECT] 
2025-12-23 10:43:30,995 [ERROR] LogOutputStream:75 - [STDERR_REDIRECT] [Fatal Error] :1:1: Premature end of file.
2025-12-23 10:43:30,995 [ERROR] LogOutputStream:75 - [STDERR_REDIRECT] 
2025-12-23 10:43:31,947 [ERROR] LogOutputStream:75 - [STDERR_REDIRECT] [Fatal Error] :1:1: Premature end of file.
2025-12-23 10:43:31,947 [ERROR] LogOutputStream:75 - [STDERR_REDIRECT] 
2025-12-23 10:43:32,952 [ERROR] LogOutputStream:75 - [STDERR_REDIRECT] [Fatal Error] :1:1: Premature end of file.
2025-12-23 10:43:32,952 [ERROR] LogOutputStream:75 - [STDERR_REDIRECT] 
2025-12-23 10:43:33,956 [ERROR] LogOutputStream:75 - [STDERR_REDIRECT] [Fatal Error] :1:1: Premature end of file.
2025-12-23 10:43:33,962 [ERROR] LogOutputStream:75 - [STDERR_REDIRECT] 
2025-12-23 10:43:34,972 [ERROR] LogOutputStream:75 - [STDERR_REDIRECT] [Fatal Error] :1:1: Premature end of file.
2025-12-23 10:43:34,972 [ERROR] LogOutputStream:75 - [STDERR_REDIRECT] 
2025-12-23 10:43:35,944 [ERROR] LogOutputStream:75 - [STDERR_REDIRECT] [Fatal Error] :1:1: Premature end of file.
2025-12-23 10:43:35,944 [ERROR] LogOutputStream:75 - [STDERR_REDIRECT] 
2025-12-23 10:43:36,961 [ERROR] LogOutputStream:75 - [STDERR_REDIRECT] [Fatal Error] :1:1: Premature end of file.
2025-12-23 10:43:36,961 [ERROR] LogOutputStream:75 - [STDERR_REDIRECT] 
2025-12-23 10:43:37,961 [ERROR] LogOutputStream:75 - [STDERR_REDIRECT] [Fatal Error] :1:1: Premature end of file.
2025-12-23 10:43:37,961 [ERROR] LogOutputStream:75 - [STDERR_REDIRECT] 
2025-12-23 10:43:38,961 [ERROR] LogOutputStream:75 - [STDERR_REDIRECT] [Fatal Error] :1:1: Premature end of file.
2025-12-23 10:43:38,961 [ERROR] LogOutputStream:75 - [STDERR_REDIRECT] 
2025-12-23 10:43:40,027 [ERROR] LogOutputStream:75 - [STDERR_REDIRECT] [Fatal Error] :1:1: Premature end of file.
2025-12-23 10:43:40,027 [ERROR] LogOutputStream:75 - [STDERR_REDIRECT] 
2025-12-23 10:43:40,950 [ERROR] LogOutputStream:75 - [STDERR_REDIRECT] [Fatal Error] :1:1: Premature end of file.
2025-12-23 10:43:40,950 [ERROR] LogOutputStream:75 - [STDERR_REDIRECT] 
2025-12-23 10:43:42,011 [ERROR] LogOutputStream:75 - [STDERR_REDIRECT] [Fatal Error] :1:1: Premature end of file.
2025-12-23 10:43:42,011 [ERROR] LogOutputStream:75 - [STDERR_REDIRECT] 
2025-12-23 10:43:42,957 [ERROR] LogOutputStream:75 - [STDERR_REDIRECT] [Fatal Error] :1:1: Premature end of file.
2025-12-23 10:43:42,957 [ERROR] LogOutputStream:75 - [STDERR_REDIRECT] 
2025-12-23 10:43:44,027 [ERROR] LogOutputStream:75 - [STDERR_REDIRECT] [Fatal Error] :1:1: Premature end of file.
2025-12-23 10:43:44,027 [ERROR] LogOutputStream:75 - [STDERR_REDIRECT] 
2025-12-23 10:43:44,993 [ERROR] LogOutputStream:75 - [STDERR_REDIRECT] [Fatal Error] :1:1: Premature end of file.
2025-12-23 10:43:44,994 [ERROR] LogOutputStream:75 - [STDERR_REDIRECT] 
2025-12-23 10:43:45,960 [ERROR] LogOutputStream:75 - [STDERR_REDIRECT] [Fatal Error] :1:1: Premature end of file.
2025-12-23 10:43:45,960 [ERROR] LogOutputStream:75 - [STDERR_REDIRECT] 
2025-12-23 10:43:46,977 [ERROR] LogOutputStream:75 - [STDERR_REDIRECT] [Fatal Error] :1:1: Premature end of file.
2025-12-23 10:43:46,977 [ERROR] LogOutputStream:75 - [STDERR_REDIRECT] 
2025-12-23 10:43:48,060 [ERROR] LogOutputStream:75 - [STDERR_REDIRECT] [Fatal Error] :1:1: Premature end of file.
2025-12-23 10:43:48,060 [ERROR] LogOutputStream:75 - [STDERR_REDIRECT] 
2025-12-23 10:43:48,959 [ERROR] LogOutputStream:75 - [STDERR_REDIRECT] [Fatal Error] :1:1: Premature end of file.
2025-12-23 10:43:48,959 [ERROR] LogOutputStream:75 - [STDERR_REDIRECT] 
2025-12-23 10:43:49,976 [ERROR] LogOutputStream:75 - [STDERR_REDIRECT] [Fatal Error] :1:1: Premature end of file.
2025-12-23 10:43:49,976 [ERROR] LogOutputStream:75 - [STDERR_REDIRECT] 
2025-12-23 10:43:50,959 [ERROR] LogOutputStream:75 - [STDERR_REDIRECT] [Fatal Error] :1:1: Premature end of file.
2025-12-23 10:43:50,959 [ERROR] LogOutputStream:75 - [STDERR_REDIRECT] 
2025-12-23 10:43:51,993 [ERROR] LogOutputStream:75 - [STDERR_REDIRECT] [Fatal Error] :1:1: Premature end of file.
2025-12-23 10:43:51,993 [ERROR] LogOutputStream:75 - [STDERR_REDIRECT] 
2025-12-23 10:43:52,960 [ERROR] LogOutputStream:75 - [STDERR_REDIRECT] [Fatal Error] :1:1: Premature end of file.
2025-12-23 10:43:52,960 [ERROR] LogOutputStream:75 - [STDERR_REDIRECT] 
2025-12-23 10:43:53,951 [ERROR] LogOutputStream:75 - [STDERR_REDIRECT] [Fatal Error] :1:1: Premature end of file.
2025-12-23 10:43:53,951 [ERROR] LogOutputStream:75 - [STDERR_REDIRECT] 
2025-12-23 10:43:54,951 [ERROR] LogOutputStream:75 - [STDERR_REDIRECT] [Fatal Error] :1:1: Premature end of file.
2025-12-23 10:43:54,951 [ERROR] LogOutputStream:75 - [STDERR_REDIRECT] 
2025-12-23 10:43:55,965 [ERROR] LogOutputStream:75 - [STDERR_REDIRECT] [Fatal Error] :1:1: Premature end of file.
2025-12-23 10:43:55,965 [ERROR] LogOutputStream:75 - [STDERR_REDIRECT] 
2025-12-23 10:43:56,944 [ERROR] LogOutputStream:75 - [STDERR_REDIRECT] [Fatal Error] :1:1: Premature end of file.
2025-12-23 10:43:56,944 [ERROR] LogOutputStream:75 - [STDERR_REDIRECT] 
2025-12-23 10:43:57,971 [ERROR] LogOutputStream:75 - [STDERR_REDIRECT] [Fatal Error] :1:1: Premature end of file.
2025-12-23 10:43:57,971 [ERROR] LogOutputStream:75 - [STDERR_REDIRECT] 
2025-12-23 10:43:58,958 [ERROR] LogOutputStream:75 - [STDERR_REDIRECT] [Fatal Error] :1:1: Premature end of file.
2025-12-23 10:43:58,958 [ERROR] LogOutputStream:75 - [STDERR_REDIRECT] 
2025-12-23 10:43:59,957 [ERROR] LogOutputStream:75 - [STDERR_REDIRECT] [Fatal Error] :1:1: Premature end of file.
2025-12-23 10:43:59,957 [ERROR] LogOutputStream:75 - [STDERR_REDIRECT] 
2025-12-23 10:44:01,019 [ERROR] LogOutputStream:75 - [STDERR_REDIRECT] [Fatal Error] :1:1: Premature end of file.
2025-12-23 10:44:01,019 [ERROR] LogOutputStream:75 - [STDERR_REDIRECT] 
2025-12-23 10:44:01,957 [ERROR] LogOutputStream:75 - [STDERR_REDIRECT] [Fatal Error] :1:1: Premature end of file.
2025-12-23 10:44:01,957 [ERROR] LogOutputStream:75 - [STDERR_REDIRECT] 
2025-12-23 10:44:02,958 [ERROR] LogOutputStream:75 - [STDERR_REDIRECT] [Fatal Error] :1:1: Premature end of file.
2025-12-23 10:44:02,958 [ERROR] LogOutputStream:75 - [STDERR_REDIRECT] 
2025-12-23 10:44:03,959 [ERROR] LogOutputStream:75 - [STDERR_REDIRECT] [Fatal Error] :1:1: Premature end of file.
2025-12-23 10:44:03,959 [ERROR] LogOutputStream:75 - [STDERR_REDIRECT] 
2025-12-23 10:44:05,085 [ERROR] LogOutputStream:75 - [STDERR_REDIRECT] [Fatal Error] :1:1: Premature end of file.
2025-12-23 10:44:05,085 [ERROR] LogOutputStream:75 - [STDERR_REDIRECT] 
2025-12-23 10:44:05,963 [ERROR] LogOutputStream:75 - [STDERR_REDIRECT] [Fatal Error] :1:1: Premature end of file.
2025-12-23 10:44:05,963 [ERROR] LogOutputStream:75 - [STDERR_REDIRECT] 
2025-12-23 10:44:06,955 [ERROR] LogOutputStream:75 - [STDERR_REDIRECT] [Fatal Error] :1:1: Premature end of file.
2025-12-23 10:44:06,955 [ERROR] LogOutputStream:75 - [STDERR_REDIRECT] 
2025-12-23 10:44:07,957 [ERROR] LogOutputStream:75 - [STDERR_REDIRECT] [Fatal Error] :1:1: Premature end of file.
2025-12-23 10:44:07,957 [ERROR] LogOutputStream:75 - [STDERR_REDIRECT] 
2025-12-23 10:44:08,957 [ERROR] LogOutputStream:75 - [STDERR_REDIRECT] [Fatal Error] :1:1: Premature end of file.
2025-12-23 10:44:08,957 [ERROR] LogOutputStream:75 - [STDERR_REDIRECT] 
2025-12-23 10:44:09,989 [ERROR] LogOutputStream:75 - [STDERR_REDIRECT] [Fatal Error] :1:1: Premature end of file.
2025-12-23 10:44:09,989 [ERROR] LogOutputStream:75 - [STDERR_REDIRECT] 
2025-12-23 10:44:10,942 [ERROR] LogOutputStream:75 - [STDERR_REDIRECT] [Fatal Error] :1:1: Premature end of file.
2025-12-23 10:44:10,942 [ERROR] LogOutputStream:75 - [STDERR_REDIRECT] 
2025-12-23 10:44:11,964 [ERROR] LogOutputStream:75 - [STDERR_REDIRECT] [Fatal Error] :1:1: Premature end of file.
2025-12-23 10:44:11,964 [ERROR] LogOutputStream:75 - [STDERR_REDIRECT] 
2025-12-23 10:44:12,944 [ERROR] LogOutputStream:75 - [STDERR_REDIRECT] [Fatal Error] :1:1: Premature end of file.
2025-12-23 10:44:12,944 [ERROR] LogOutputStream:75 - [STDERR_REDIRECT] 
2025-12-23 10:44:13,972 [ERROR] LogOutputStream:75 - [STDERR_REDIRECT] [Fatal Error] :1:1: Premature end of file.
2025-12-23 10:44:13,972 [ERROR] LogOutputStream:75 - [STDERR_REDIRECT] 
2025-12-23 10:44:14,956 [ERROR] LogOutputStream:75 - [STDERR_REDIRECT] [Fatal Error] :1:1: Premature end of file.
2025-12-23 10:44:14,956 [ERROR] LogOutputStream:75 - [STDERR_REDIRECT] 
2025-12-23 10:44:15,959 [ERROR] LogOutputStream:75 - [STDERR_REDIRECT] [Fatal Error] :1:1: Premature end of file.
2025-12-23 10:44:15,959 [ERROR] LogOutputStream:75 - [STDERR_REDIRECT] 
2025-12-23 10:44:16,955 [ERROR] LogOutputStream:75 - [STDERR_REDIRECT] [Fatal Error] :1:1: Premature end of file.
2025-12-23 10:44:16,955 [ERROR] LogOutputStream:75 - [STDERR_REDIRECT] 
2025-12-23 10:44:17,955 [ERROR] LogOutputStream:75 - [STDERR_REDIRECT] [Fatal Error] :1:1: Premature end of file.
2025-12-23 10:44:17,955 [ERROR] LogOutputStream:75 - [STDERR_REDIRECT] 
2025-12-23 10:44:18,948 [ERROR] LogOutputStream:75 - [STDERR_REDIRECT] [Fatal Error] :1:1: Premature end of file.
2025-12-23 10:44:18,948 [ERROR] LogOutputStream:75 - [STDERR_REDIRECT] 
2025-12-23 10:44:19,953 [ERROR] LogOutputStream:75 - [STDERR_REDIRECT] [Fatal Error] :1:1: Premature end of file.
2025-12-23 10:44:19,953 [ERROR] LogOutputStream:75 - [STDERR_REDIRECT] 
2025-12-23 10:44:20,965 [ERROR] LogOutputStream:75 - [STDERR_REDIRECT] [Fatal Error] :1:1: Premature end of file.
2025-12-23 10:44:20,965 [ERROR] LogOutputStream:75 - [STDERR_REDIRECT] 
2025-12-23 10:44:21,971 [ERROR] LogOutputStream:75 - [STDERR_REDIRECT] [Fatal Error] :1:1: Premature end of file.
2025-12-23 10:44:21,975 [ERROR] LogOutputStream:75 - [STDERR_REDIRECT] 
2025-12-23 10:44:22,955 [ERROR] LogOutputStream:75 - [STDERR_REDIRECT] [Fatal Error] :1:1: Premature end of file.
2025-12-23 10:44:22,955 [ERROR] LogOutputStream:75 - [STDERR_REDIRECT] 
2025-12-23 10:44:23,955 [ERROR] LogOutputStream:75 - [STDERR_REDIRECT] [Fatal Error] :1:1: Premature end of file.
2025-12-23 10:44:23,955 [ERROR] LogOutputStream:75 - [STDERR_REDIRECT] 
2025-12-23 10:44:24,971 [ERROR] LogOutputStream:75 - [STDERR_REDIRECT] [Fatal Error] :1:1: Premature end of file.
2025-12-23 10:44:24,971 [ERROR] LogOutputStream:75 - [STDERR_REDIRECT] 
2025-12-23 10:44:25,954 [ERROR] LogOutputStream:75 - [STDERR_REDIRECT] [Fatal Error] :1:1: Premature end of file.
2025-12-23 10:44:25,954 [ERROR] LogOutputStream:75 - [STDERR_REDIRECT] 
2025-12-23 10:44:26,964 [ERROR] LogOutputStream:75 - [STDERR_REDIRECT] [Fatal Error] :1:1: Premature end of file.
2025-12-23 10:44:26,964 [ERROR] LogOutputStream:75 - [STDERR_REDIRECT] 
2025-12-23 10:44:27,954 [ERROR] LogOutputStream:75 - [STDERR_REDIRECT] [Fatal Error] :1:1: Premature end of file.
2025-12-23 10:44:27,954 [ERROR] LogOutputStream:75 - [STDERR_REDIRECT] 
2025-12-23 10:44:28,937 [ERROR] LogOutputStream:75 - [STDERR_REDIRECT] [Fatal Error] :1:1: Premature end of file.
2025-12-23 10:44:28,937 [ERROR] LogOutputStream:75 - [STDERR_REDIRECT] 
2025-12-23 10:44:29,953 [ERROR] LogOutputStream:75 - [STDERR_REDIRECT] [Fatal Error] :1:1: Premature end of file.
2025-12-23 10:44:29,953 [ERROR] LogOutputStream:75 - [STDERR_REDIRECT] 
2025-12-23 10:44:30,953 [ERROR] LogOutputStream:75 - [STDERR_REDIRECT] [Fatal Error] :1:1: Premature end of file.
2025-12-23 10:44:30,953 [ERROR] LogOutputStream:75 - [STDERR_REDIRECT] 
2025-12-23 10:44:31,943 [ERROR] LogOutputStream:75 - [STDERR_REDIRECT] [Fatal Error] :1:1: Premature end of file.
2025-12-23 10:44:31,943 [ERROR] LogOutputStream:75 - [STDERR_REDIRECT] 
2025-12-23 10:44:32,970 [ERROR] LogOutputStream:75 - [STDERR_REDIRECT] [Fatal Error] :1:1: Premature end of file.
2025-12-23 10:44:32,970 [ERROR] LogOutputStream:75 - [STDERR_REDIRECT] 
2025-12-23 10:44:33,958 [ERROR] LogOutputStream:75 - [STDERR_REDIRECT] [Fatal Error] :1:1: Premature end of file.
2025-12-23 10:44:33,958 [ERROR] LogOutputStream:75 - [STDERR_REDIRECT] 
2025-12-23 10:44:34,967 [ERROR] LogOutputStream:75 - [STDERR_REDIRECT] [Fatal Error] :1:1: Premature end of file.
2025-12-23 10:44:34,967 [ERROR] LogOutputStream:75 - [STDERR_REDIRECT] 
2025-12-23 10:44:35,970 [ERROR] LogOutputStream:75 - [STDERR_REDIRECT] [Fatal Error] :1:1: Premature end of file.
2025-12-23 10:44:35,970 [ERROR] LogOutputStream:75 - [STDERR_REDIRECT] 
2025-12-23 10:44:37,007 [ERROR] LogOutputStream:75 - [STDERR_REDIRECT] [Fatal Error] :1:1: Premature end of file.
2025-12-23 10:44:37,007 [ERROR] LogOutputStream:75 - [STDERR_REDIRECT] 
2025-12-23 10:44:37,953 [ERROR] LogOutputStream:75 - [STDERR_REDIRECT] [Fatal Error] :1:1: Premature end of file.
2025-12-23 10:44:37,953 [ERROR] LogOutputStream:75 - [STDERR_REDIRECT] 
2025-12-23 10:44:38,961 [ERROR] LogOutputStream:75 - [STDERR_REDIRECT] [Fatal Error] :1:1: Premature end of file.
2025-12-23 10:44:38,961 [ERROR] LogOutputStream:75 - [STDERR_REDIRECT] 
2025-12-23 10:44:39,952 [ERROR] LogOutputStream:75 - [STDERR_REDIRECT] [Fatal Error] :1:1: Premature end of file.
2025-12-23 10:44:39,952 [ERROR] LogOutputStream:75 - [STDERR_REDIRECT] 
2025-12-23 10:44:41,004 [ERROR] LogOutputStream:75 - [STDERR_REDIRECT] [Fatal Error] :1:1: Premature end of file.
2025-12-23 10:44:41,004 [ERROR] LogOutputStream:75 - [STDERR_REDIRECT] 
2025-12-23 10:44:41,968 [ERROR] LogOutputStream:75 - [STDERR_REDIRECT] [Fatal Error] :1:1: Premature end of file.
2025-12-23 10:44:41,968 [ERROR] LogOutputStream:75 - [STDERR_REDIRECT] 
2025-12-23 10:44:42,972 [ERROR] LogOutputStream:75 - [STDERR_REDIRECT] [Fatal Error] :1:1: Premature end of file.
2025-12-23 10:44:42,972 [ERROR] LogOutputStream:75 - [STDERR_REDIRECT] 
2025-12-23 10:44:43,952 [ERROR] LogOutputStream:75 - [STDERR_REDIRECT] [Fatal Error] :1:1: Premature end of file.
2025-12-23 10:44:43,952 [ERROR] LogOutputStream:75 - [STDERR_REDIRECT] 
2025-12-23 10:44:44,952 [ERROR] LogOutputStream:75 - [STDERR_REDIRECT] [Fatal Error] :1:1: Premature end of file.
2025-12-23 10:44:44,952 [ERROR] LogOutputStream:75 - [STDERR_REDIRECT] 
2025-12-23 10:44:45,945 [ERROR] LogOutputStream:75 - [STDERR_REDIRECT] [Fatal Error] :1:1: Premature end of file.
2025-12-23 10:44:45,945 [ERROR] LogOutputStream:75 - [STDERR_REDIRECT] 
2025-12-23 10:44:46,949 [ERROR] LogOutputStream:75 - [STDERR_REDIRECT] [Fatal Error] :1:1: Premature end of file.
2025-12-23 10:44:46,949 [ERROR] LogOutputStream:75 - [STDERR_REDIRECT] 
2025-12-23 10:44:47,973 [ERROR] LogOutputStream:75 - [STDERR_REDIRECT] [Fatal Error] :1:1: Premature end of file.
2025-12-23 10:44:47,973 [ERROR] LogOutputStream:75 - [STDERR_REDIRECT] 
2025-12-23 10:44:48,969 [ERROR] LogOutputStream:75 - [STDERR_REDIRECT] [Fatal Error] :1:1: Premature end of file.
2025-12-23 10:44:48,969 [ERROR] LogOutputStream:75 - [STDERR_REDIRECT] 
2025-12-23 10:44:49,967 [ERROR] LogOutputStream:75 - [STDERR_REDIRECT] [Fatal Error] :1:1: Premature end of file.
2025-12-23 10:44:49,967 [ERROR] LogOutputStream:75 - [STDERR_REDIRECT] 
2025-12-23 10:44:50,951 [ERROR] LogOutputStream:75 - [STDERR_REDIRECT] [Fatal Error] :1:1: Premature end of file.
2025-12-23 10:44:50,951 [ERROR] LogOutputStream:75 - [STDERR_REDIRECT] 
2025-12-23 10:44:51,946 [ERROR] LogOutputStream:75 - [STDERR_REDIRECT] [Fatal Error] :1:1: Premature end of file.
2025-12-23 10:44:51,946 [ERROR] LogOutputStream:75 - [STDERR_REDIRECT] 
2025-12-23 10:44:52,970 [ERROR] LogOutputStream:75 - [STDERR_REDIRECT] [Fatal Error] :1:1: Premature end of file.
2025-12-23 10:44:52,970 [ERROR] LogOutputStream:75 - [STDERR_REDIRECT] 
2025-12-23 10:44:53,977 [ERROR] LogOutputStream:75 - [STDERR_REDIRECT] [Fatal Error] :1:1: Premature end of file.
2025-12-23 10:44:53,977 [ERROR] LogOutputStream:75 - [STDERR_REDIRECT] 
2025-12-23 10:44:54,940 [ERROR] LogOutputStream:75 - [STDERR_REDIRECT] [Fatal Error] :1:1: Premature end of file.
2025-12-23 10:44:54,940 [ERROR] LogOutputStream:75 - [STDERR_REDIRECT] 
2025-12-23 10:44:55,968 [ERROR] LogOutputStream:75 - [STDERR_REDIRECT] [Fatal Error] :1:1: Premature end of file.
2025-12-23 10:44:55,968 [ERROR] LogOutputStream:75 - [STDERR_REDIRECT] 
2025-12-23 10:44:56,967 [ERROR] LogOutputStream:75 - [STDERR_REDIRECT] [Fatal Error] :1:1: Premature end of file.
2025-12-23 10:44:56,967 [ERROR] LogOutputStream:75 - [STDERR_REDIRECT] 
2025-12-23 10:44:58,061 [ERROR] LogOutputStream:75 - [STDERR_REDIRECT] [Fatal Error] :1:1: Premature end of file.
2025-12-23 10:44:58,061 [ERROR] LogOutputStream:75 - [STDERR_REDIRECT] 
2025-12-23 10:44:58,960 [ERROR] LogOutputStream:75 - [STDERR_REDIRECT] [Fatal Error] :1:1: Premature end of file.
2025-12-23 10:44:58,960 [ERROR] LogOutputStream:75 - [STDERR_REDIRECT] 
2025-12-23 10:44:59,966 [ERROR] LogOutputStream:75 - [STDERR_REDIRECT] [Fatal Error] :1:1: Premature end of file.
2025-12-23 10:44:59,966 [ERROR] LogOutputStream:75 - [STDERR_REDIRECT] 
2025-12-23 10:45:00,968 [ERROR] LogOutputStream:75 - [STDERR_REDIRECT] [Fatal Error] :1:1: Premature end of file.
2025-12-23 10:45:00,968 [ERROR] LogOutputStream:75 - [STDERR_REDIRECT] 
2025-12-23 10:45:01,960 [ERROR] LogOutputStream:75 - [STDERR_REDIRECT] [Fatal Error] :1:1: Premature end of file.
2025-12-23 10:45:01,960 [ERROR] LogOutputStream:75 - [STDERR_REDIRECT] 
2025-12-23 10:45:02,946 [ERROR] LogOutputStream:75 - [STDERR_REDIRECT] [Fatal Error] :1:1: Premature end of file.
2025-12-23 10:45:02,946 [ERROR] LogOutputStream:75 - [STDERR_REDIRECT] 
2025-12-23 10:45:03,949 [ERROR] LogOutputStream:75 - [STDERR_REDIRECT] [Fatal Error] :1:1: Premature end of file.
2025-12-23 10:45:03,949 [ERROR] LogOutputStream:75 - [STDERR_REDIRECT] 
2025-12-23 10:45:04,956 [ERROR] LogOutputStream:75 - [STDERR_REDIRECT] [Fatal Error] :1:1: Premature end of file.
2025-12-23 10:45:04,956 [ERROR] LogOutputStream:75 - [STDERR_REDIRECT] 
2025-12-23 10:45:05,965 [ERROR] LogOutputStream:75 - [STDERR_REDIRECT] [Fatal Error] :1:1: Premature end of file.
2025-12-23 10:45:05,965 [ERROR] LogOutputStream:75 - [STDERR_REDIRECT] 
2025-12-23 10:45:06,948 [ERROR] LogOutputStream:75 - [STDERR_REDIRECT] [Fatal Error] :1:1: Premature end of file.
2025-12-23 10:45:06,948 [ERROR] LogOutputStream:75 - [STDERR_REDIRECT] 
2025-12-23 10:45:07,961 [ERROR] LogOutputStream:75 - [STDERR_REDIRECT] [Fatal Error] :1:1: Premature end of file.
2025-12-23 10:45:07,961 [ERROR] LogOutputStream:75 - [STDERR_REDIRECT] 
2025-12-23 10:45:08,953 [ERROR] LogOutputStream:75 - [STDERR_REDIRECT] [Fatal Error] :1:1: Premature end of file.
2025-12-23 10:45:08,953 [ERROR] LogOutputStream:75 - [STDERR_REDIRECT] 
2025-12-23 10:45:09,948 [ERROR] LogOutputStream:75 - [STDERR_REDIRECT] [Fatal Error] :1:1: Premature end of file.
2025-12-23 10:45:09,948 [ERROR] LogOutputStream:75 - [STDERR_REDIRECT] 
2025-12-23 10:45:10,956 [ERROR] LogOutputStream:75 - [STDERR_REDIRECT] [Fatal Error] :1:1: Premature end of file.
2025-12-23 10:45:10,956 [ERROR] LogOutputStream:75 - [STDERR_REDIRECT] 
2025-12-23 10:45:11,981 [ERROR] LogOutputStream:75 - [STDERR_REDIRECT] [Fatal Error] :1:1: Premature end of file.
2025-12-23 10:45:11,981 [ERROR] LogOutputStream:75 - [STDERR_REDIRECT] 
2025-12-23 10:45:12,952 [ERROR] LogOutputStream:75 - [STDERR_REDIRECT] [Fatal Error] :1:1: Premature end of file.
2025-12-23 10:45:12,952 [ERROR] LogOutputStream:75 - [STDERR_REDIRECT] 
2025-12-23 10:45:13,946 [ERROR] LogOutputStream:75 - [STDERR_REDIRECT] [Fatal Error] :1:1: Premature end of file.
2025-12-23 10:45:13,946 [ERROR] LogOutputStream:75 - [STDERR_REDIRECT] 
2025-12-23 10:45:14,949 [ERROR] LogOutputStream:75 - [STDERR_REDIRECT] [Fatal Error] :1:1: Premature end of file.
2025-12-23 10:45:14,949 [ERROR] LogOutputStream:75 - [STDERR_REDIRECT] 
2025-12-23 10:45:15,948 [ERROR] LogOutputStream:75 - [STDERR_REDIRECT] [Fatal Error] :1:1: Premature end of file.
2025-12-23 10:45:15,948 [ERROR] LogOutputStream:75 - [STDERR_REDIRECT] 
2025-12-23 10:45:16,945 [ERROR] LogOutputStream:75 - [STDERR_REDIRECT] [Fatal Error] :1:1: Premature end of file.
2025-12-23 10:45:16,945 [ERROR] LogOutputStream:75 - [STDERR_REDIRECT] 
2025-12-23 10:45:17,991 [ERROR] LogOutputStream:75 - [STDERR_REDIRECT] [Fatal Error] :1:1: Premature end of file.
2025-12-23 10:45:17,991 [ERROR] LogOutputStream:75 - [STDERR_REDIRECT] 
2025-12-23 10:45:18,955 [ERROR] LogOutputStream:75 - [STDERR_REDIRECT] [Fatal Error] :1:1: Premature end of file.
2025-12-23 10:45:18,955 [ERROR] LogOutputStream:75 - [STDERR_REDIRECT] 
2025-12-23 10:45:19,955 [ERROR] LogOutputStream:75 - [STDERR_REDIRECT] [Fatal Error] :1:1: Premature end of file.
2025-12-23 10:45:19,955 [ERROR] LogOutputStream:75 - [STDERR_REDIRECT] 
2025-12-23 10:45:20,960 [ERROR] LogOutputStream:75 - [STDERR_REDIRECT] [Fatal Error] :1:1: Premature end of file.
2025-12-23 10:45:20,960 [ERROR] LogOutputStream:75 - [STDERR_REDIRECT] 
2025-12-23 10:45:21,966 [ERROR] LogOutputStream:75 - [STDERR_REDIRECT] [Fatal Error] :1:1: Premature end of file.
2025-12-23 10:45:21,966 [ERROR] LogOutputStream:75 - [STDERR_REDIRECT] 
2025-12-23 10:45:22,949 [ERROR] LogOutputStream:75 - [STDERR_REDIRECT] [Fatal Error] :1:1: Premature end of file.
2025-12-23 10:45:22,949 [ERROR] LogOutputStream:75 - [STDERR_REDIRECT] 
2025-12-23 10:45:23,952 [ERROR] LogOutputStream:75 - [STDERR_REDIRECT] [Fatal Error] :1:1: Premature end of file.
2025-12-23 10:45:23,952 [ERROR] LogOutputStream:75 - [STDERR_REDIRECT] 
2025-12-23 10:45:24,947 [ERROR] LogOutputStream:75 - [STDERR_REDIRECT] [Fatal Error] :1:1: Premature end of file.
2025-12-23 10:45:24,947 [ERROR] LogOutputStream:75 - [STDERR_REDIRECT] 
2025-12-23 10:45:25,957 [ERROR] LogOutputStream:75 - [STDERR_REDIRECT] [Fatal Error] :1:1: Premature end of file.
2025-12-23 10:45:25,957 [ERROR] LogOutputStream:75 - [STDERR_REDIRECT] 
2025-12-23 10:45:26,980 [ERROR] LogOutputStream:75 - [STDERR_REDIRECT] [Fatal Error] :1:1: Premature end of file.
2025-12-23 10:45:26,981 [ERROR] LogOutputStream:75 - [STDERR_REDIRECT] 
2025-12-23 10:45:27,947 [ERROR] LogOutputStream:75 - [STDERR_REDIRECT] [Fatal Error] :1:1: Premature end of file.
2025-12-23 10:45:27,947 [ERROR] LogOutputStream:75 - [STDERR_REDIRECT] 
2025-12-23 10:45:28,949 [ERROR] LogOutputStream:75 - [STDERR_REDIRECT] [Fatal Error] :1:1: Premature end of file.
2025-12-23 10:45:28,949 [ERROR] LogOutputStream:75 - [STDERR_REDIRECT] 
2025-12-23 10:45:29,943 [ERROR] LogOutputStream:75 - [STDERR_REDIRECT] [Fatal Error] :1:1: Premature end of file.
2025-12-23 10:45:29,943 [ERROR] LogOutputStream:75 - [STDERR_REDIRECT] 
2025-12-23 10:45:30,996 [ERROR] LogOutputStream:75 - [STDERR_REDIRECT] [Fatal Error] :1:1: Premature end of file.
2025-12-23 10:45:30,996 [ERROR] LogOutputStream:75 - [STDERR_REDIRECT] 
2025-12-23 10:45:31,947 [ERROR] LogOutputStream:75 - [STDERR_REDIRECT] [Fatal Error] :1:1: Premature end of file.
2025-12-23 10:45:31,947 [ERROR] LogOutputStream:75 - [STDERR_REDIRECT] 
2025-12-23 10:45:32,947 [ERROR] LogOutputStream:75 - [STDERR_REDIRECT] [Fatal Error] :1:1: Premature end of file.
2025-12-23 10:45:32,948 [ERROR] LogOutputStream:75 - [STDERR_REDIRECT] 
2025-12-23 10:45:33,951 [ERROR] LogOutputStream:75 - [STDERR_REDIRECT] [Fatal Error] :1:1: Premature end of file.
2025-12-23 10:45:33,951 [ERROR] LogOutputStream:75 - [STDERR_REDIRECT] 
2025-12-23 10:45:34,964 [ERROR] LogOutputStream:75 - [STDERR_REDIRECT] [Fatal Error] :1:1: Premature end of file.
2025-12-23 10:45:34,964 [ERROR] LogOutputStream:75 - [STDERR_REDIRECT] 
2025-12-23 10:45:35,951 [ERROR] LogOutputStream:75 - [STDERR_REDIRECT] [Fatal Error] :1:1: Premature end of file.
2025-12-23 10:45:35,951 [ERROR] LogOutputStream:75 - [STDERR_REDIRECT] 
2025-12-23 10:45:36,949 [ERROR] LogOutputStream:75 - [STDERR_REDIRECT] [Fatal Error] :1:1: Premature end of file.
2025-12-23 10:45:36,949 [ERROR] LogOutputStream:75 - [STDERR_REDIRECT] 
2025-12-23 10:45:37,960 [ERROR] LogOutputStream:75 - [STDERR_REDIRECT] [Fatal Error] :1:1: Premature end of file.
2025-12-23 10:45:37,960 [ERROR] LogOutputStream:75 - [STDERR_REDIRECT] 
2025-12-23 10:45:38,961 [ERROR] LogOutputStream:75 - [STDERR_REDIRECT] [Fatal Error] :1:1: Premature end of file.
2025-12-23 10:45:38,961 [ERROR] LogOutputStream:75 - [STDERR_REDIRECT] 
2025-12-23 10:45:39,952 [ERROR] LogOutputStream:75 - [STDERR_REDIRECT] [Fatal Error] :1:1: Premature end of file.
2025-12-23 10:45:39,953 [ERROR] LogOutputStream:75 - [STDERR_REDIRECT] 
2025-12-23 10:45:40,935 [ERROR] LogOutputStream:75 - [STDERR_REDIRECT] [Fatal Error] :1:1: Premature end of file.
2025-12-23 10:45:40,936 [ERROR] LogOutputStream:75 - [STDERR_REDIRECT] 
2025-12-23 10:45:41,946 [ERROR] LogOutputStream:75 - [STDERR_REDIRECT] [Fatal Error] :1:1: Premature end of file.
2025-12-23 10:45:41,946 [ERROR] LogOutputStream:75 - [STDERR_REDIRECT] 
2025-12-23 10:45:42,972 [ERROR] LogOutputStream:75 - [STDERR_REDIRECT] [Fatal Error] :1:1: Premature end of file.
2025-12-23 10:45:42,978 [ERROR] LogOutputStream:75 - [STDERR_REDIRECT] 
2025-12-23 10:45:43,948 [ERROR] LogOutputStream:75 - [STDERR_REDIRECT] [Fatal Error] :1:1: Premature end of file.
2025-12-23 10:45:43,948 [ERROR] LogOutputStream:75 - [STDERR_REDIRECT] 
2025-12-23 10:45:44,951 [ERROR] LogOutputStream:75 - [STDERR_REDIRECT] [Fatal Error] :1:1: Premature end of file.
2025-12-23 10:45:44,951 [ERROR] LogOutputStream:75 - [STDERR_REDIRECT] 
2025-12-23 10:45:45,946 [ERROR] LogOutputStream:75 - [STDERR_REDIRECT] [Fatal Error] :1:1: Premature end of file.
2025-12-23 10:45:45,946 [ERROR] LogOutputStream:75 - [STDERR_REDIRECT] 
2025-12-23 10:45:46,947 [ERROR] LogOutputStream:75 - [STDERR_REDIRECT] [Fatal Error] :1:1: Premature end of file.
2025-12-23 10:45:46,948 [ERROR] LogOutputStream:75 - [STDERR_REDIRECT] 
2025-12-23 10:45:47,945 [ERROR] LogOutputStream:75 - [STDERR_REDIRECT] [Fatal Error] :1:1: Premature end of file.
2025-12-23 10:45:47,945 [ERROR] LogOutputStream:75 - [STDERR_REDIRECT] 
2025-12-23 10:45:48,951 [ERROR] LogOutputStream:75 - [STDERR_REDIRECT] [Fatal Error] :1:1: Premature end of file.
2025-12-23 10:45:48,951 [ERROR] LogOutputStream:75 - [STDERR_REDIRECT] 
2025-12-23 10:45:49,963 [ERROR] LogOutputStream:75 - [STDERR_REDIRECT] [Fatal Error] :1:1: Premature end of file.
2025-12-23 10:45:49,963 [ERROR] LogOutputStream:75 - [STDERR_REDIRECT] 
2025-12-23 10:45:50,952 [ERROR] LogOutputStream:75 - [STDERR_REDIRECT] [Fatal Error] :1:1: Premature end of file.
2025-12-23 10:45:50,952 [ERROR] LogOutputStream:75 - [STDERR_REDIRECT] 
2025-12-23 10:45:51,932 [ERROR] LogOutputStream:75 - [STDERR_REDIRECT] [Fatal Error] :1:1: Premature end of file.
2025-12-23 10:45:51,932 [ERROR] LogOutputStream:75 - [STDERR_REDIRECT] 
2025-12-23 10:45:52,952 [ERROR] LogOutputStream:75 - [STDERR_REDIRECT] [Fatal Error] :1:1: Premature end of file.
2025-12-23 10:45:52,952 [ERROR] LogOutputStream:75 - [STDERR_REDIRECT] 
2025-12-23 10:45:53,966 [ERROR] LogOutputStream:75 - [STDERR_REDIRECT] [Fatal Error] :1:1: Premature end of file.
2025-12-23 10:45:53,966 [ERROR] LogOutputStream:75 - [STDERR_REDIRECT] 
2025-12-23 10:45:54,953 [ERROR] LogOutputStream:75 - [STDERR_REDIRECT] [Fatal Error] :1:1: Premature end of file.
2025-12-23 10:45:54,954 [ERROR] LogOutputStream:75 - [STDERR_REDIRECT] 
2025-12-23 10:45:55,954 [ERROR] LogOutputStream:75 - [STDERR_REDIRECT] [Fatal Error] :1:1: Premature end of file.
2025-12-23 10:45:55,954 [ERROR] LogOutputStream:75 - [STDERR_REDIRECT] 
2025-12-23 10:45:56,948 [ERROR] LogOutputStream:75 - [STDERR_REDIRECT] [Fatal Error] :1:1: Premature end of file.
2025-12-23 10:45:56,948 [ERROR] LogOutputStream:75 - [STDERR_REDIRECT] 
2025-12-23 10:45:57,940 [ERROR] LogOutputStream:75 - [STDERR_REDIRECT] [Fatal Error] :1:1: Premature end of file.
2025-12-23 10:45:57,940 [ERROR] LogOutputStream:75 - [STDERR_REDIRECT] 
2025-12-23 10:45:58,963 [ERROR] LogOutputStream:75 - [STDERR_REDIRECT] [Fatal Error] :1:1: Premature end of file.
2025-12-23 10:45:58,963 [ERROR] LogOutputStream:75 - [STDERR_REDIRECT] 
2025-12-23 10:45:59,947 [ERROR] LogOutputStream:75 - [STDERR_REDIRECT] [Fatal Error] :1:1: Premature end of file.
2025-12-23 10:45:59,947 [ERROR] LogOutputStream:75 - [STDERR_REDIRECT] 
2025-12-23 10:46:00,937 [ERROR] LogOutputStream:75 - [STDERR_REDIRECT] [Fatal Error] :1:1: Premature end of file.
2025-12-23 10:46:00,937 [ERROR] LogOutputStream:75 - [STDERR_REDIRECT] 
2025-12-23 10:46:01,964 [ERROR] LogOutputStream:75 - [STDERR_REDIRECT] [Fatal Error] :1:1: Premature end of file.
2025-12-23 10:46:01,964 [ERROR] LogOutputStream:75 - [STDERR_REDIRECT] 
2025-12-23 10:46:03,021 [ERROR] LogOutputStream:75 - [STDERR_REDIRECT] [Fatal Error] :1:1: Premature end of file.
2025-12-23 10:46:03,021 [ERROR] LogOutputStream:75 - [STDERR_REDIRECT] 
2025-12-23 10:46:03,948 [ERROR] LogOutputStream:75 - [STDERR_REDIRECT] [Fatal Error] :1:1: Premature end of file.
2025-12-23 10:46:03,948 [ERROR] LogOutputStream:75 - [STDERR_REDIRECT] 
2025-12-23 10:46:04,957 [ERROR] LogOutputStream:75 - [STDERR_REDIRECT] [Fatal Error] :1:1: Premature end of file.
2025-12-23 10:46:04,957 [ERROR] LogOutputStream:75 - [STDERR_REDIRECT] 
2025-12-23 10:46:05,967 [ERROR] LogOutputStream:75 - [STDERR_REDIRECT] [Fatal Error] :1:1: Premature end of file.
2025-12-23 10:46:05,971 [ERROR] LogOutputStream:75 - [STDERR_REDIRECT] 
2025-12-23 10:46:07,023 [ERROR] LogOutputStream:75 - [STDERR_REDIRECT] [Fatal Error] :1:1: Premature end of file.
2025-12-23 10:46:07,023 [ERROR] LogOutputStream:75 - [STDERR_REDIRECT] 
2025-12-23 10:46:07,990 [ERROR] LogOutputStream:75 - [STDERR_REDIRECT] [Fatal Error] :1:1: Premature end of file.
2025-12-23 10:46:07,990 [ERROR] LogOutputStream:75 - [STDERR_REDIRECT] 
2025-12-23 10:46:08,951 [ERROR] LogOutputStream:75 - [STDERR_REDIRECT] [Fatal Error] :1:1: Premature end of file.
2025-12-23 10:46:08,951 [ERROR] LogOutputStream:75 - [STDERR_REDIRECT] 
2025-12-23 10:46:09,945 [ERROR] LogOutputStream:75 - [STDERR_REDIRECT] [Fatal Error] :1:1: Premature end of file.
2025-12-23 10:46:09,945 [ERROR] LogOutputStream:75 - [STDERR_REDIRECT] 
2025-12-23 10:46:10,942 [ERROR] LogOutputStream:75 - [STDERR_REDIRECT] [Fatal Error] :1:1: Premature end of file.
2025-12-23 10:46:10,942 [ERROR] LogOutputStream:75 - [STDERR_REDIRECT] 
2025-12-23 10:46:11,970 [ERROR] LogOutputStream:75 - [STDERR_REDIRECT] [Fatal Error] :1:1: Premature end of file.
2025-12-23 10:46:11,970 [ERROR] LogOutputStream:75 - [STDERR_REDIRECT] 
2025-12-23 10:46:12,974 [ERROR] LogOutputStream:75 - [STDERR_REDIRECT] [Fatal Error] :1:1: Premature end of file.
2025-12-23 10:46:12,974 [ERROR] LogOutputStream:75 - [STDERR_REDIRECT] 
2025-12-23 10:46:13,949 [ERROR] LogOutputStream:75 - [STDERR_REDIRECT] [Fatal Error] :1:1: Premature end of file.
2025-12-23 10:46:13,949 [ERROR] LogOutputStream:75 - [STDERR_REDIRECT] 
2025-12-23 10:46:15,010 [ERROR] LogOutputStream:75 - [STDERR_REDIRECT] [Fatal Error] :1:1: Premature end of file.
2025-12-23 10:46:15,012 [ERROR] LogOutputStream:75 - [STDERR_REDIRECT] 
2025-12-23 10:46:15,956 [ERROR] LogOutputStream:75 - [STDERR_REDIRECT] [Fatal Error] :1:1: Premature end of file.
2025-12-23 10:46:15,956 [ERROR] LogOutputStream:75 - [STDERR_REDIRECT] 
2025-12-23 10:46:16,954 [ERROR] LogOutputStream:75 - [STDERR_REDIRECT] [Fatal Error] :1:1: Premature end of file.
2025-12-23 10:46:16,955 [ERROR] LogOutputStream:75 - [STDERR_REDIRECT] 
2025-12-23 10:46:17,964 [ERROR] LogOutputStream:75 - [STDERR_REDIRECT] [Fatal Error] :1:1: Premature end of file.
2025-12-23 10:46:17,964 [ERROR] LogOutputStream:75 - [STDERR_REDIRECT] 
2025-12-23 10:46:18,994 [ERROR] LogOutputStream:75 - [STDERR_REDIRECT] [Fatal Error] :1:1: Premature end of file.
2025-12-23 10:46:18,994 [ERROR] LogOutputStream:75 - [STDERR_REDIRECT] 
2025-12-23 10:46:19,958 [ERROR] LogOutputStream:75 - [STDERR_REDIRECT] [Fatal Error] :1:1: Premature end of file.
2025-12-23 10:46:19,958 [ERROR] LogOutputStream:75 - [STDERR_REDIRECT] 
2025-12-23 10:46:20,959 [ERROR] LogOutputStream:75 - [STDERR_REDIRECT] [Fatal Error] :1:1: Premature end of file.
2025-12-23 10:46:20,959 [ERROR] LogOutputStream:75 - [STDERR_REDIRECT] 
2025-12-23 10:46:21,956 [ERROR] LogOutputStream:75 - [STDERR_REDIRECT] [Fatal Error] :1:1: Premature end of file.
2025-12-23 10:46:21,956 [ERROR] LogOutputStream:75 - [STDERR_REDIRECT] 
2025-12-23 10:46:22,993 [ERROR] LogOutputStream:75 - [STDERR_REDIRECT] [Fatal Error] :1:1: Premature end of file.
2025-12-23 10:46:22,993 [ERROR] LogOutputStream:75 - [STDERR_REDIRECT] 
2025-12-23 10:46:23,934 [ERROR] LogOutputStream:75 - [STDERR_REDIRECT] [Fatal Error] :1:1: Premature end of file.
2025-12-23 10:46:23,934 [ERROR] LogOutputStream:75 - [STDERR_REDIRECT] 
2025-12-23 10:46:24,939 [ERROR] LogOutputStream:75 - [STDERR_REDIRECT] [Fatal Error] :1:1: Premature end of file.
2025-12-23 10:46:24,939 [ERROR] LogOutputStream:75 - [STDERR_REDIRECT] 
2025-12-23 10:46:25,963 [ERROR] LogOutputStream:75 - [STDERR_REDIRECT] [Fatal Error] :1:1: Premature end of file.
2025-12-23 10:46:25,964 [ERROR] LogOutputStream:75 - [STDERR_REDIRECT] 
2025-12-23 10:46:26,953 [ERROR] LogOutputStream:75 - [STDERR_REDIRECT] [Fatal Error] :1:1: Premature end of file.
2025-12-23 10:46:26,953 [ERROR] LogOutputStream:75 - [STDERR_REDIRECT] 
2025-12-23 10:46:27,960 [ERROR] LogOutputStream:75 - [STDERR_REDIRECT] [Fatal Error] :1:1: Premature end of file.
2025-12-23 10:46:27,960 [ERROR] LogOutputStream:75 - [STDERR_REDIRECT] 
2025-12-23 10:46:28,416 [ERROR] LogOutputStream:75 - [STDERR_REDIRECT] 
2025-12-23 10:46:35,947 [INFO] Activator:176 - 


2025-12-23 10:46:35,948 [INFO] Activator:177 - !SESSION log4j initialized
2025-12-23 10:46:41,954 [INFO] LogOutputStream:77 - [STDOUT_REDIRECT] 
2025-12-23 10:46:49,055 [ERROR] LogOutputStream:75 - [STDERR_REDIRECT] [Fatal Error] :1:1: Premature end of file.
2025-12-23 10:46:49,056 [ERROR] LogOutputStream:75 - [STDERR_REDIRECT] 
2025-12-23 10:46:49,990 [ERROR] LogOutputStream:75 - [STDERR_REDIRECT] [Fatal Error] :1:1: Premature end of file.
2025-12-23 10:46:49,992 [ERROR] LogOutputStream:75 - [STDERR_REDIRECT] 
2025-12-23 10:46:50,264 [INFO] ApplicationProperties:184 - Using Application install path: C:\ST\STM32CubeIDE_1.18.1\STM32CubeIDE\plugins\com.st.stm32cube.common.mx_6.15.0.202507011659
2025-12-23 10:46:50,281 [INFO] DbMcusXml:78 - Set database path to: C:\ST\STM32CubeIDE_1.18.1\STM32CubeIDE\plugins\com.st.stm32cube.common.mx_6.15.0.202507011659\\db\/mcu/
2025-12-23 10:46:50,281 [INFO] ApiDb:274 - Set plugin database path to: C:\ST\STM32CubeIDE_1.18.1\STM32CubeIDE\plugins\com.st.stm32cube.common.mx_6.15.0.202507011659\\db\/plugins/boardmanager/
2025-12-23 10:46:50,281 [WARN] ApiDb:259 - Overriding images path with different value:  => C:\ST\STM32CubeIDE_1.18.1\STM32CubeIDE\plugins\com.st.stm32cube.common.mx_6.15.0.202507011659\\db\/plugins/mcufinder/images/
2025-12-23 10:46:50,288 [INFO] ApiDb:250 - Set database path to: C:\Users\mathe\.stmcufinder\plugins\mcufinder//mcu/
2025-12-23 10:46:50,289 [INFO] DbMcusAds:125 - Set database path to: C:\Users\mathe\.stmcufinder\plugins\mcufinder//mcu/
2025-12-23 10:46:50,293 [INFO] CrossReferenceDbSqlite:203 - Set database path to: C:\Users\mathe\.stmcufinder\plugins\mcufinder//mcu/cs/
2025-12-23 10:46:50,394 [INFO] RulesReader:64 - Compatibility file has been processed (317 Rules)
2025-12-23 10:46:50,479 [INFO] DbMcusXml:78 - Set database path to: C:\ST\STM32CubeIDE_1.18.1\STM32CubeIDE\plugins\com.st.stm32cube.common.mx_6.15.0.202507011659\\db\/mcu/
2025-12-23 10:46:50,479 [INFO] ApiDb:274 - Set plugin database path to: C:\ST\STM32CubeIDE_1.18.1\STM32CubeIDE\plugins\com.st.stm32cube.common.mx_6.15.0.202507011659\\db\/plugins/boardmanager/
2025-12-23 10:46:50,479 [INFO] ApiDb:261 - Set plugin images path to: C:\ST\STM32CubeIDE_1.18.1\STM32CubeIDE\plugins\com.st.stm32cube.common.mx_6.15.0.202507011659\\db\/plugins/mcufinder/images/
2025-12-23 10:46:50,479 [WARN] DbFile:41 - Overriding database path with different value: C:\Users\mathe\.stmcufinder\plugins\mcufinder/ => C:\Users\mathe\.stmcufinder\plugins\mcufinder
2025-12-23 10:46:50,480 [INFO] ApiDb:250 - Set database path to: C:\Users\mathe\.stmcufinder\plugins\mcufinder//mcu/
2025-12-23 10:46:50,480 [WARN] DbFile:41 - Overriding database path with different value: C:\Users\mathe\.stmcufinder\plugins\mcufinder/ => C:\Users\mathe\.stmcufinder\plugins\mcufinder
2025-12-23 10:46:50,480 [INFO] DbMcusAds:125 - Set database path to: C:\Users\mathe\.stmcufinder\plugins\mcufinder//mcu/
2025-12-23 10:46:50,480 [WARN] DbFile:41 - Overriding database path with different value: C:\Users\mathe\.stmcufinder\plugins\mcufinder/ => C:\Users\mathe\.stmcufinder\plugins\mcufinder
2025-12-23 10:46:50,480 [WARN] DbFile:41 - Overriding database path with different value: C:\Users\mathe\.stmcufinder\plugins\mcufinder/ => C:\Users\mathe\.stmcufinder\plugins\mcufinder
2025-12-23 10:46:50,480 [INFO] CrossReferenceDbSqlite:203 - Set database path to: C:\Users\mathe\.stmcufinder\plugins\mcufinder//mcu/cs/
2025-12-23 10:46:50,553 [INFO] MainPanel:274 - HeapMemory: 268435456
2025-12-23 10:46:50,647 [INFO] DbMcusXml:78 - Set database path to: C:\ST\STM32CubeIDE_1.18.1\STM32CubeIDE\plugins\com.st.stm32cube.common.mx_6.15.0.202507011659\\db\/mcu/
2025-12-23 10:46:50,647 [INFO] ApiDb:274 - Set plugin database path to: C:\ST\STM32CubeIDE_1.18.1\STM32CubeIDE\plugins\com.st.stm32cube.common.mx_6.15.0.202507011659\\db\/plugins/boardmanager/
2025-12-23 10:46:50,647 [INFO] ApiDb:261 - Set plugin images path to: C:\ST\STM32CubeIDE_1.18.1\STM32CubeIDE\plugins\com.st.stm32cube.common.mx_6.15.0.202507011659\\db\/plugins/mcufinder/images/
2025-12-23 10:46:50,647 [WARN] DbFile:41 - Overriding database path with different value: C:\Users\mathe\.stmcufinder\plugins\mcufinder/ => C:\Users\mathe\.stmcufinder\plugins\mcufinder
2025-12-23 10:46:50,647 [INFO] ApiDb:250 - Set database path to: C:\Users\mathe\.stmcufinder\plugins\mcufinder//mcu/
2025-12-23 10:46:50,648 [WARN] DbFile:41 - Overriding database path with different value: C:\Users\mathe\.stmcufinder\plugins\mcufinder/ => C:\Users\mathe\.stmcufinder\plugins\mcufinder
2025-12-23 10:46:50,648 [INFO] DbMcusAds:125 - Set database path to: C:\Users\mathe\.stmcufinder\plugins\mcufinder//mcu/
2025-12-23 10:46:50,648 [WARN] DbFile:41 - Overriding database path with different value: C:\Users\mathe\.stmcufinder\plugins\mcufinder/ => C:\Users\mathe\.stmcufinder\plugins\mcufinder
2025-12-23 10:46:50,648 [WARN] DbFile:41 - Overriding database path with different value: C:\Users\mathe\.stmcufinder\plugins\mcufinder/ => C:\Users\mathe\.stmcufinder\plugins\mcufinder
2025-12-23 10:46:50,648 [INFO] CrossReferenceDbSqlite:203 - Set database path to: C:\Users\mathe\.stmcufinder\plugins\mcufinder//mcu/cs/
2025-12-23 10:46:50,714 [INFO] ApplicationProperties:184 - Using Application install path: C:\ST\STM32CubeIDE_1.18.1\STM32CubeIDE\plugins\com.st.stm32cube.common.mx_6.15.0.202507011659
2025-12-23 10:46:50,716 [INFO] PluginManage:196 - Search for loadable plugins [exclusion list=, ]
2025-12-23 10:46:50,717 [INFO] PluginManage:310 - Check plugin analytics
2025-12-23 10:46:50,993 [ERROR] LogOutputStream:75 - [STDERR_REDIRECT] [Fatal Error] :1:1: Premature end of file.
2025-12-23 10:46:50,993 [ERROR] LogOutputStream:75 - [STDERR_REDIRECT] 
2025-12-23 10:46:51,997 [ERROR] LogOutputStream:75 - [STDERR_REDIRECT] [Fatal Error] :1:1: Premature end of file.
2025-12-23 10:46:51,999 [ERROR] LogOutputStream:75 - [STDERR_REDIRECT] 
2025-12-23 10:46:53,025 [ERROR] LogOutputStream:75 - [STDERR_REDIRECT] [Fatal Error] :1:1: Premature end of file.
2025-12-23 10:46:53,025 [ERROR] LogOutputStream:75 - [STDERR_REDIRECT] 
2025-12-23 10:46:54,012 [ERROR] LogOutputStream:75 - [STDERR_REDIRECT] [Fatal Error] :1:1: Premature end of file.
2025-12-23 10:46:54,012 [ERROR] LogOutputStream:75 - [STDERR_REDIRECT] 
2025-12-23 10:46:55,008 [ERROR] LogOutputStream:75 - [STDERR_REDIRECT] [Fatal Error] :1:1: Premature end of file.
2025-12-23 10:46:55,008 [ERROR] LogOutputStream:75 - [STDERR_REDIRECT] 
2025-12-23 10:46:55,918 [INFO] AnalyticsPlugin:253 - Accepted Software Licenses: 
2025-12-23 10:46:55,919 [INFO] AnalyticsPlugin:255 - Accepted CMSIS Pack Licenses: 
2025-12-23 10:46:55,919 [INFO] AnalyticsPlugin:257 - Accepted Firmware Licenses: 
2025-12-23 10:46:55,924 [INFO] PluginManage:359 - Loaded plugin analytics (category:tool,tabindex:-1)
2025-12-23 10:46:55,925 [INFO] PluginManage:310 - Check plugin cadmodel
2025-12-23 10:46:55,928 [INFO] CADModel:105 - Init CAD model plugin
2025-12-23 10:46:55,928 [INFO] PluginManage:359 - Loaded plugin cadmodel (category:power,tabindex:5)
2025-12-23 10:46:55,928 [INFO] PluginManage:310 - Check plugin clock
2025-12-23 10:46:55,935 [INFO] PluginManage:359 - Loaded plugin clock (category:base,tabindex:2)
2025-12-23 10:46:55,935 [INFO] PluginManage:310 - Check plugin ddr
2025-12-23 10:46:55,936 [INFO] PluginManage:359 - Loaded plugin ddr (category:tool,tabindex:6)
2025-12-23 10:46:55,936 [INFO] PluginManage:310 - Check plugin filemanager
2025-12-23 10:46:55,993 [ERROR] LogOutputStream:75 - [STDERR_REDIRECT] [Fatal Error] :1:1: Premature end of file.
2025-12-23 10:46:55,993 [ERROR] LogOutputStream:75 - [STDERR_REDIRECT] 
2025-12-23 10:46:56,164 [INFO] PluginManage:359 - Loaded plugin filemanager (category:base,tabindex:10)
2025-12-23 10:46:56,176 [INFO] PluginManage:310 - Check plugin ipmanager
2025-12-23 10:46:56,183 [INFO] PluginManage:359 - Loaded plugin ipmanager (category:base,tabindex:5)
2025-12-23 10:46:56,184 [INFO] PluginManage:310 - Check plugin lpbam
2025-12-23 10:46:56,190 [INFO] PluginManage:359 - Loaded plugin lpbam (category:base,tabindex:0)
2025-12-23 10:46:56,190 [INFO] PluginManage:310 - Check plugin memorymap
2025-12-23 10:46:56,198 [INFO] PluginManage:359 - Loaded plugin memorymap (category:base,tabindex:4)
2025-12-23 10:46:56,198 [INFO] PluginManage:310 - Check plugin pinoutandconfiguration
2025-12-23 10:46:56,203 [INFO] PluginManage:359 - Loaded plugin pinoutandconfiguration (category:base,tabindex:1)
2025-12-23 10:46:56,204 [INFO] PluginManage:310 - Check plugin pinoutconfig
2025-12-23 10:46:56,275 [WARN] SupportedApi:132 - Cannot load RTOS API schema: s4s-elt-must-match.1: The content of 'definitions' must match (annotation?, (simpleType | complexType)?, (unique | key | keyref)*)). A problem was found starting at: attribute.
2025-12-23 10:46:56,373 [INFO] PluginManage:359 - Loaded plugin pinoutconfig (category:base,tabindex:0)
2025-12-23 10:46:56,374 [INFO] PluginManage:310 - Check plugin power
2025-12-23 10:46:56,380 [INFO] PluginManage:359 - Loaded plugin power (category:power,tabindex:4)
2025-12-23 10:46:56,380 [INFO] PluginManage:310 - Check plugin projectmanager
2025-12-23 10:46:56,403 [INFO] PluginManage:359 - Loaded plugin projectmanager (category:projectmanager,tabindex:4)
2025-12-23 10:46:56,403 [INFO] PluginManage:310 - Check plugin rif
2025-12-23 10:46:56,413 [INFO] PluginManage:359 - Loaded plugin rif (category:base,tabindex:3)
2025-12-23 10:46:56,413 [INFO] PluginManage:310 - Check plugin thirdparty
2025-12-23 10:46:56,628 [INFO] PluginManage:359 - Loaded plugin thirdparty (category:base,tabindex:-1)
2025-12-23 10:46:56,628 [INFO] PluginManage:310 - Check plugin tools
2025-12-23 10:46:56,628 [WARN] IntegrityCheckThread:84 - waiting for thirdparty lock release [integrity check]
2025-12-23 10:46:56,628 [INFO] IntegrityCheckThread:86 - entering critical section [integrity check]
2025-12-23 10:46:56,628 [INFO] ThirdPartyUpdaterWithRetryManager:70 - Updater plugin not ready yet. [1/15]
2025-12-23 10:46:56,631 [INFO] PluginManage:359 - Loaded plugin tools (category:base,tabindex:7)
2025-12-23 10:46:56,631 [INFO] PluginManage:310 - Check plugin tutovideos
2025-12-23 10:46:56,767 [INFO] PluginManage:359 - Loaded plugin tutovideos (category:base,tabindex:-1)
2025-12-23 10:46:56,767 [INFO] PluginManage:310 - Check plugin updater
2025-12-23 10:46:56,791 [INFO] PluginManage:359 - Loaded plugin updater (category:base,tabindex:12)
2025-12-23 10:46:56,791 [INFO] PluginManage:310 - Check plugin userauth
2025-12-23 10:46:56,794 [INFO] UserAuth:118 - Init User Auth plugin
2025-12-23 10:46:56,796 [INFO] PluginManage:359 - Loaded plugin userauth (category:base,tabindex:14)
2025-12-23 10:46:56,798 [INFO] PluginManage:283 - PluginManage : Loaded plugins [18]
2025-12-23 10:46:57,018 [ERROR] LogOutputStream:75 - [STDERR_REDIRECT] [Fatal Error] :1:1: Premature end of file.
2025-12-23 10:46:57,018 [ERROR] LogOutputStream:75 - [STDERR_REDIRECT] 
2025-12-23 10:46:57,086 [INFO] PinOutPanel:1589 - setPackage(No Configuration,No Configuration)
2025-12-23 10:46:57,177 [INFO] CADModel:165 - CPN selected for project level
2025-12-23 10:46:57,177 [INFO] CADModel:114 - Register for checkConnection events
2025-12-23 10:46:57,197 [INFO] IPUIPlugin:80 - create IPUIPlugin
2025-12-23 10:46:57,197 [INFO] PluginManager:220 - loadIPPluginJar : add adc
2025-12-23 10:46:57,199 [INFO] IPUIPlugin:80 - create IPUIPlugin
2025-12-23 10:46:57,200 [INFO] PluginManager:220 - loadIPPluginJar : add aes
2025-12-23 10:46:57,202 [INFO] IPUIPlugin:80 - create IPUIPlugin
2025-12-23 10:46:57,204 [INFO] PluginManager:220 - loadIPPluginJar : add can
2025-12-23 10:46:57,205 [INFO] IPUIPlugin:80 - create IPUIPlugin
2025-12-23 10:46:57,206 [INFO] PluginManager:220 - loadIPPluginJar : add comp
2025-12-23 10:46:57,209 [INFO] IPUIPlugin:80 - create IPUIPlugin
2025-12-23 10:46:57,209 [INFO] PluginManager:220 - loadIPPluginJar : add cryp
2025-12-23 10:46:57,212 [INFO] IPUIPlugin:80 - create IPUIPlugin
2025-12-23 10:46:57,212 [INFO] PluginManager:220 - loadIPPluginJar : add ddr_ctrl_phy
2025-12-23 10:46:57,215 [INFO] IPUIPlugin:80 - create IPUIPlugin
2025-12-23 10:46:57,215 [INFO] PluginManager:220 - loadIPPluginJar : add dfsdm
2025-12-23 10:46:57,222 [INFO] IPUIPlugin:80 - create IPUIPlugin
2025-12-23 10:46:57,223 [INFO] PluginManager:220 - loadIPPluginJar : add dma
2025-12-23 10:46:57,227 [INFO] IPUIPlugin:80 - create IPUIPlugin
2025-12-23 10:46:57,227 [INFO] PluginManager:220 - loadIPPluginJar : add dma3
2025-12-23 10:46:57,231 [INFO] IPUIPlugin:80 - create IPUIPlugin
2025-12-23 10:46:57,232 [INFO] PluginManager:220 - loadIPPluginJar : add extmemmanager
2025-12-23 10:46:57,234 [INFO] IPUIPlugin:80 - create IPUIPlugin
2025-12-23 10:46:57,234 [INFO] PluginManager:220 - loadIPPluginJar : add fatfs
2025-12-23 10:46:57,240 [INFO] IPUIPlugin:80 - create IPUIPlugin
2025-12-23 10:46:57,240 [INFO] PluginManager:220 - loadIPPluginJar : add fmc
2025-12-23 10:46:57,260 [INFO] IPUIPlugin:80 - create IPUIPlugin
2025-12-23 10:46:57,261 [INFO] PluginManager:220 - loadIPPluginJar : add freertos
2025-12-23 10:46:57,264 [INFO] IPUIPlugin:80 - create IPUIPlugin
2025-12-23 10:46:57,264 [INFO] PluginManager:220 - loadIPPluginJar : add genericplugin
2025-12-23 10:46:57,270 [INFO] IPUIPlugin:80 - create IPUIPlugin
2025-12-23 10:46:57,271 [INFO] PluginManager:220 - loadIPPluginJar : add gfxmmu
2025-12-23 10:46:57,282 [INFO] IPUIPlugin:80 - create IPUIPlugin
2025-12-23 10:46:57,282 [INFO] PluginManager:220 - loadIPPluginJar : add gic
2025-12-23 10:46:57,293 [INFO] IPUIPlugin:80 - create IPUIPlugin
2025-12-23 10:46:57,293 [INFO] PluginManager:220 - loadIPPluginJar : add gpio
2025-12-23 10:46:57,301 [INFO] IPUIPlugin:80 - create IPUIPlugin
2025-12-23 10:46:57,302 [INFO] PluginManager:220 - loadIPPluginJar : add gtzc
2025-12-23 10:46:57,308 [INFO] IPUIPlugin:80 - create IPUIPlugin
2025-12-23 10:46:57,309 [INFO] PluginManager:220 - loadIPPluginJar : add hash
2025-12-23 10:46:57,315 [INFO] IPUIPlugin:80 - create IPUIPlugin
2025-12-23 10:46:57,315 [INFO] PluginManager:220 - loadIPPluginJar : add i2c
2025-12-23 10:46:57,319 [INFO] IPUIPlugin:80 - create IPUIPlugin
2025-12-23 10:46:57,320 [INFO] PluginManager:220 - loadIPPluginJar : add i2s
2025-12-23 10:46:57,324 [INFO] IPUIPlugin:80 - create IPUIPlugin
2025-12-23 10:46:57,324 [INFO] PluginManager:220 - loadIPPluginJar : add i3c
2025-12-23 10:46:57,329 [INFO] IPUIPlugin:80 - create IPUIPlugin
2025-12-23 10:46:57,329 [INFO] PluginManager:220 - loadIPPluginJar : add ipddr
2025-12-23 10:46:57,338 [INFO] IPUIPlugin:80 - create IPUIPlugin
2025-12-23 10:46:57,338 [INFO] PluginManager:220 - loadIPPluginJar : add linkedlist
2025-12-23 10:46:57,343 [INFO] IPUIPlugin:80 - create IPUIPlugin
2025-12-23 10:46:57,343 [INFO] PluginManager:220 - loadIPPluginJar : add lorawan
2025-12-23 10:46:57,346 [INFO] IPUIPlugin:80 - create IPUIPlugin
2025-12-23 10:46:57,346 [INFO] PluginManager:220 - loadIPPluginJar : add ltdc
2025-12-23 10:46:57,356 [INFO] IPUIPlugin:80 - create IPUIPlugin
2025-12-23 10:46:57,356 [INFO] PluginManager:220 - loadIPPluginJar : add mdma
2025-12-23 10:46:57,360 [INFO] IPUIPlugin:80 - create IPUIPlugin
2025-12-23 10:46:57,360 [INFO] PluginManager:220 - loadIPPluginJar : add nvic
2025-12-23 10:46:57,363 [INFO] IPUIPlugin:80 - create IPUIPlugin
2025-12-23 10:46:57,363 [INFO] PluginManager:220 - loadIPPluginJar : add opamp
2025-12-23 10:46:57,368 [INFO] IPUIPlugin:80 - create IPUIPlugin
2025-12-23 10:46:57,368 [INFO] PluginManager:220 - loadIPPluginJar : add openamp
2025-12-23 10:46:57,373 [INFO] IPUIPlugin:80 - create IPUIPlugin
2025-12-23 10:46:57,374 [INFO] PluginManager:220 - loadIPPluginJar : add pdm2pcm
2025-12-23 10:46:57,379 [INFO] IPUIPlugin:80 - create IPUIPlugin
2025-12-23 10:46:57,384 [INFO] PluginManager:220 - loadIPPluginJar : add plateformsettings
2025-12-23 10:46:57,387 [INFO] IPUIPlugin:80 - create IPUIPlugin
2025-12-23 10:46:57,387 [INFO] PluginManager:220 - loadIPPluginJar : add quadspi
2025-12-23 10:46:57,389 [INFO] IPUIPlugin:80 - create IPUIPlugin
2025-12-23 10:46:57,390 [INFO] PluginManager:220 - loadIPPluginJar : add radio
2025-12-23 10:46:57,394 [INFO] IPUIPlugin:80 - create IPUIPlugin
2025-12-23 10:46:57,394 [INFO] PluginManager:220 - loadIPPluginJar : add resmgrutility
2025-12-23 10:46:57,399 [INFO] IPUIPlugin:80 - create IPUIPlugin
2025-12-23 10:46:57,399 [INFO] PluginManager:220 - loadIPPluginJar : add sai
2025-12-23 10:46:57,404 [INFO] IPUIPlugin:80 - create IPUIPlugin
2025-12-23 10:46:57,404 [INFO] PluginManager:220 - loadIPPluginJar : add spi
2025-12-23 10:46:57,416 [INFO] IPUIPlugin:80 - create IPUIPlugin
2025-12-23 10:46:57,416 [INFO] PluginManager:220 - loadIPPluginJar : add stm32_wpan
2025-12-23 10:46:57,420 [INFO] IPUIPlugin:80 - create IPUIPlugin
2025-12-23 10:46:57,420 [INFO] PluginManager:220 - loadIPPluginJar : add tim
2025-12-23 10:46:57,427 [INFO] IPUIPlugin:80 - create IPUIPlugin
2025-12-23 10:46:57,427 [INFO] PluginManager:220 - loadIPPluginJar : add touchsensing
2025-12-23 10:46:57,434 [INFO] IPUIPlugin:80 - create IPUIPlugin
2025-12-23 10:46:57,434 [INFO] PluginManager:220 - loadIPPluginJar : add tracer_emb
2025-12-23 10:46:57,438 [INFO] IPUIPlugin:80 - create IPUIPlugin
2025-12-23 10:46:57,438 [INFO] PluginManager:220 - loadIPPluginJar : add ts
2025-12-23 10:46:57,442 [INFO] IPUIPlugin:80 - create IPUIPlugin
2025-12-23 10:46:57,442 [INFO] PluginManager:220 - loadIPPluginJar : add tsc
2025-12-23 10:46:57,449 [INFO] IPUIPlugin:80 - create IPUIPlugin
2025-12-23 10:46:57,449 [INFO] PluginManager:220 - loadIPPluginJar : add ucpd
2025-12-23 10:46:57,456 [INFO] IPUIPlugin:80 - create IPUIPlugin
2025-12-23 10:46:57,457 [INFO] PluginManager:220 - loadIPPluginJar : add usart
2025-12-23 10:46:57,471 [INFO] IPUIPlugin:80 - create IPUIPlugin
2025-12-23 10:46:57,471 [INFO] PluginManager:220 - loadIPPluginJar : add usbx
2025-12-23 10:46:57,698 [FATAL] Updater:351 - Updater called before beeing initialized
2025-12-23 10:46:57,769 [INFO] RulesReader:64 - Compatibility file has been processed (317 Rules)
2025-12-23 10:46:57,811 [INFO] RulesReader:64 - Compatibility file has been processed (317 Rules)
2025-12-23 10:46:57,836 [INFO] CADModel:165 - CPN selected for project level
2025-12-23 10:46:57,836 [INFO] CADModel:114 - Register for checkConnection events
2025-12-23 10:46:57,836 [FATAL] Updater:351 - Updater called before beeing initialized
2025-12-23 10:46:57,836 [ERROR] CADModel:125 - Updater not yet initialized, retry later 
