2025-11-02 14:16:00,017 [INFO] Activator:176 - 


2025-11-02 14:16:00,021 [INFO] Activator:177 - !SESSION log4j initialized
2025-11-02 14:16:05,449 [INFO] LogOutputStream:77 - [STDOUT_REDIRECT] 
2025-11-02 14:16:11,531 [ERROR] LogOutputStream:75 - [STDERR_REDIRECT] [Fatal Error] :1:1: Premature end of file.
2025-11-02 14:16:11,532 [ERROR] LogOutputStream:75 - [STDERR_REDIRECT] 
2025-11-02 14:16:12,028 [INFO] ApplicationProperties:184 - Using Application install path: C:\ST\STM32CubeIDE_1.18.1\STM32CubeIDE\plugins\com.st.stm32cube.common.mx_6.15.0.202507011659
2025-11-02 14:16:12,050 [INFO] DbMcusXml:78 - Set database path to: C:\ST\STM32CubeIDE_1.18.1\STM32CubeIDE\plugins\com.st.stm32cube.common.mx_6.15.0.202507011659\\db\/mcu/
2025-11-02 14:16:12,054 [INFO] ApiDb:274 - Set plugin database path to: C:\ST\STM32CubeIDE_1.18.1\STM32CubeIDE\plugins\com.st.stm32cube.common.mx_6.15.0.202507011659\\db\/plugins/boardmanager/
2025-11-02 14:16:12,055 [WARN] ApiDb:259 - Overriding images path with different value:  => C:\ST\STM32CubeIDE_1.18.1\STM32CubeIDE\plugins\com.st.stm32cube.common.mx_6.15.0.202507011659\\db\/plugins/mcufinder/images/
2025-11-02 14:16:12,059 [INFO] ApiDb:250 - Set database path to: C:\Users\mathe\.stmcufinder\plugins\mcufinder//mcu/
2025-11-02 14:16:12,060 [INFO] DbMcusAds:125 - Set database path to: C:\Users\mathe\.stmcufinder\plugins\mcufinder//mcu/
2025-11-02 14:16:12,063 [INFO] CrossReferenceDbSqlite:203 - Set database path to: C:\Users\mathe\.stmcufinder\plugins\mcufinder//mcu/cs/
2025-11-02 14:16:12,179 [INFO] RulesReader:64 - Compatibility file has been processed (317 Rules)
2025-11-02 14:16:12,281 [INFO] DbMcusXml:78 - Set database path to: C:\ST\STM32CubeIDE_1.18.1\STM32CubeIDE\plugins\com.st.stm32cube.common.mx_6.15.0.202507011659\\db\/mcu/
2025-11-02 14:16:12,281 [INFO] ApiDb:274 - Set plugin database path to: C:\ST\STM32CubeIDE_1.18.1\STM32CubeIDE\plugins\com.st.stm32cube.common.mx_6.15.0.202507011659\\db\/plugins/boardmanager/
2025-11-02 14:16:12,281 [INFO] ApiDb:261 - Set plugin images path to: C:\ST\STM32CubeIDE_1.18.1\STM32CubeIDE\plugins\com.st.stm32cube.common.mx_6.15.0.202507011659\\db\/plugins/mcufinder/images/
2025-11-02 14:16:12,281 [WARN] DbFile:41 - Overriding database path with different value: C:\Users\mathe\.stmcufinder\plugins\mcufinder/ => C:\Users\mathe\.stmcufinder\plugins\mcufinder
2025-11-02 14:16:12,281 [INFO] ApiDb:250 - Set database path to: C:\Users\mathe\.stmcufinder\plugins\mcufinder//mcu/
2025-11-02 14:16:12,281 [WARN] DbFile:41 - Overriding database path with different value: C:\Users\mathe\.stmcufinder\plugins\mcufinder/ => C:\Users\mathe\.stmcufinder\plugins\mcufinder
2025-11-02 14:16:12,281 [INFO] DbMcusAds:125 - Set database path to: C:\Users\mathe\.stmcufinder\plugins\mcufinder//mcu/
2025-11-02 14:16:12,281 [WARN] DbFile:41 - Overriding database path with different value: C:\Users\mathe\.stmcufinder\plugins\mcufinder/ => C:\Users\mathe\.stmcufinder\plugins\mcufinder
2025-11-02 14:16:12,281 [WARN] DbFile:41 - Overriding database path with different value: C:\Users\mathe\.stmcufinder\plugins\mcufinder/ => C:\Users\mathe\.stmcufinder\plugins\mcufinder
2025-11-02 14:16:12,282 [INFO] CrossReferenceDbSqlite:203 - Set database path to: C:\Users\mathe\.stmcufinder\plugins\mcufinder//mcu/cs/
2025-11-02 14:16:12,350 [INFO] MainPanel:274 - HeapMemory: 268435456
2025-11-02 14:16:12,433 [INFO] DbMcusXml:78 - Set database path to: C:\ST\STM32CubeIDE_1.18.1\STM32CubeIDE\plugins\com.st.stm32cube.common.mx_6.15.0.202507011659\\db\/mcu/
2025-11-02 14:16:12,433 [INFO] ApiDb:274 - Set plugin database path to: C:\ST\STM32CubeIDE_1.18.1\STM32CubeIDE\plugins\com.st.stm32cube.common.mx_6.15.0.202507011659\\db\/plugins/boardmanager/
2025-11-02 14:16:12,433 [INFO] ApiDb:261 - Set plugin images path to: C:\ST\STM32CubeIDE_1.18.1\STM32CubeIDE\plugins\com.st.stm32cube.common.mx_6.15.0.202507011659\\db\/plugins/mcufinder/images/
2025-11-02 14:16:12,434 [WARN] DbFile:41 - Overriding database path with different value: C:\Users\mathe\.stmcufinder\plugins\mcufinder/ => C:\Users\mathe\.stmcufinder\plugins\mcufinder
2025-11-02 14:16:12,434 [INFO] ApiDb:250 - Set database path to: C:\Users\mathe\.stmcufinder\plugins\mcufinder//mcu/
2025-11-02 14:16:12,434 [WARN] DbFile:41 - Overriding database path with different value: C:\Users\mathe\.stmcufinder\plugins\mcufinder/ => C:\Users\mathe\.stmcufinder\plugins\mcufinder
2025-11-02 14:16:12,434 [INFO] DbMcusAds:125 - Set database path to: C:\Users\mathe\.stmcufinder\plugins\mcufinder//mcu/
2025-11-02 14:16:12,434 [WARN] DbFile:41 - Overriding database path with different value: C:\Users\mathe\.stmcufinder\plugins\mcufinder/ => C:\Users\mathe\.stmcufinder\plugins\mcufinder
2025-11-02 14:16:12,434 [WARN] DbFile:41 - Overriding database path with different value: C:\Users\mathe\.stmcufinder\plugins\mcufinder/ => C:\Users\mathe\.stmcufinder\plugins\mcufinder
2025-11-02 14:16:12,434 [INFO] CrossReferenceDbSqlite:203 - Set database path to: C:\Users\mathe\.stmcufinder\plugins\mcufinder//mcu/cs/
2025-11-02 14:16:12,454 [INFO] ApplicationProperties:184 - Using Application install path: C:\ST\STM32CubeIDE_1.18.1\STM32CubeIDE\plugins\com.st.stm32cube.common.mx_6.15.0.202507011659
2025-11-02 14:16:12,455 [INFO] PluginManage:196 - Search for loadable plugins [exclusion list=, ]
2025-11-02 14:16:12,457 [INFO] PluginManage:310 - Check plugin analytics
2025-11-02 14:16:12,511 [ERROR] LogOutputStream:75 - [STDERR_REDIRECT] [Fatal Error] :1:1: Premature end of file.
2025-11-02 14:16:12,511 [ERROR] LogOutputStream:75 - [STDERR_REDIRECT] 
2025-11-02 14:16:13,520 [ERROR] LogOutputStream:75 - [STDERR_REDIRECT] [Fatal Error] :1:1: Premature end of file.
2025-11-02 14:16:13,520 [ERROR] LogOutputStream:75 - [STDERR_REDIRECT] 
2025-11-02 14:16:14,518 [ERROR] LogOutputStream:75 - [STDERR_REDIRECT] [Fatal Error] :1:1: Premature end of file.
2025-11-02 14:16:14,519 [ERROR] LogOutputStream:75 - [STDERR_REDIRECT] 
2025-11-02 14:16:15,522 [ERROR] LogOutputStream:75 - [STDERR_REDIRECT] [Fatal Error] :1:1: Premature end of file.
2025-11-02 14:16:15,522 [ERROR] LogOutputStream:75 - [STDERR_REDIRECT] 
2025-11-02 14:16:16,518 [ERROR] LogOutputStream:75 - [STDERR_REDIRECT] [Fatal Error] :1:1: Premature end of file.
2025-11-02 14:16:16,518 [ERROR] LogOutputStream:75 - [STDERR_REDIRECT] 
2025-11-02 14:16:17,521 [ERROR] LogOutputStream:75 - [STDERR_REDIRECT] [Fatal Error] :1:1: Premature end of file.
2025-11-02 14:16:17,521 [ERROR] LogOutputStream:75 - [STDERR_REDIRECT] 
2025-11-02 14:16:17,656 [INFO] AnalyticsPlugin:253 - Accepted Software Licenses: 
2025-11-02 14:16:17,656 [INFO] AnalyticsPlugin:255 - Accepted CMSIS Pack Licenses: 
2025-11-02 14:16:17,656 [INFO] AnalyticsPlugin:257 - Accepted Firmware Licenses: 
2025-11-02 14:16:17,661 [INFO] PluginManage:359 - Loaded plugin analytics (category:tool,tabindex:-1)
2025-11-02 14:16:17,661 [INFO] PluginManage:310 - Check plugin cadmodel
2025-11-02 14:16:17,667 [INFO] CADModel:105 - Init CAD model plugin
2025-11-02 14:16:17,667 [INFO] PluginManage:359 - Loaded plugin cadmodel (category:power,tabindex:5)
2025-11-02 14:16:17,668 [INFO] PluginManage:310 - Check plugin clock
2025-11-02 14:16:17,676 [INFO] PluginManage:359 - Loaded plugin clock (category:base,tabindex:2)
2025-11-02 14:16:17,676 [INFO] PluginManage:310 - Check plugin ddr
2025-11-02 14:16:17,678 [INFO] PluginManage:359 - Loaded plugin ddr (category:tool,tabindex:6)
2025-11-02 14:16:17,678 [INFO] PluginManage:310 - Check plugin filemanager
2025-11-02 14:16:17,824 [INFO] PluginManage:359 - Loaded plugin filemanager (category:base,tabindex:10)
2025-11-02 14:16:17,825 [INFO] PluginManage:310 - Check plugin ipmanager
2025-11-02 14:16:17,834 [INFO] PluginManage:359 - Loaded plugin ipmanager (category:base,tabindex:5)
2025-11-02 14:16:17,835 [INFO] PluginManage:310 - Check plugin lpbam
2025-11-02 14:16:17,846 [INFO] PluginManage:359 - Loaded plugin lpbam (category:base,tabindex:0)
2025-11-02 14:16:17,846 [INFO] PluginManage:310 - Check plugin memorymap
2025-11-02 14:16:17,861 [INFO] PluginManage:359 - Loaded plugin memorymap (category:base,tabindex:4)
2025-11-02 14:16:17,861 [INFO] PluginManage:310 - Check plugin pinoutandconfiguration
2025-11-02 14:16:17,878 [INFO] PluginManage:359 - Loaded plugin pinoutandconfiguration (category:base,tabindex:1)
2025-11-02 14:16:17,878 [INFO] PluginManage:310 - Check plugin pinoutconfig
2025-11-02 14:16:17,965 [WARN] SupportedApi:132 - Cannot load RTOS API schema: s4s-elt-must-match.1: The content of 'definitions' must match (annotation?, (simpleType | complexType)?, (unique | key | keyref)*)). A problem was found starting at: attribute.
2025-11-02 14:16:18,103 [INFO] PluginManage:359 - Loaded plugin pinoutconfig (category:base,tabindex:0)
2025-11-02 14:16:18,103 [INFO] PluginManage:310 - Check plugin power
2025-11-02 14:16:18,110 [INFO] PluginManage:359 - Loaded plugin power (category:power,tabindex:4)
2025-11-02 14:16:18,110 [INFO] PluginManage:310 - Check plugin projectmanager
2025-11-02 14:16:18,129 [INFO] PluginManage:359 - Loaded plugin projectmanager (category:projectmanager,tabindex:4)
2025-11-02 14:16:18,129 [INFO] PluginManage:310 - Check plugin rif
2025-11-02 14:16:18,138 [INFO] PluginManage:359 - Loaded plugin rif (category:base,tabindex:3)
2025-11-02 14:16:18,138 [INFO] PluginManage:310 - Check plugin thirdparty
2025-11-02 14:16:18,268 [INFO] PluginManage:359 - Loaded plugin thirdparty (category:base,tabindex:-1)
2025-11-02 14:16:18,269 [INFO] PluginManage:310 - Check plugin tools
2025-11-02 14:16:18,268 [WARN] IntegrityCheckThread:84 - waiting for thirdparty lock release [integrity check]
2025-11-02 14:16:18,269 [INFO] IntegrityCheckThread:86 - entering critical section [integrity check]
2025-11-02 14:16:18,269 [INFO] ThirdPartyUpdaterWithRetryManager:70 - Updater plugin not ready yet. [1/15]
2025-11-02 14:16:18,271 [INFO] PluginManage:359 - Loaded plugin tools (category:base,tabindex:7)
2025-11-02 14:16:18,271 [INFO] PluginManage:310 - Check plugin tutovideos
2025-11-02 14:16:18,482 [INFO] PluginManage:359 - Loaded plugin tutovideos (category:base,tabindex:-1)
2025-11-02 14:16:18,482 [INFO] PluginManage:310 - Check plugin updater
2025-11-02 14:16:18,510 [INFO] PluginManage:359 - Loaded plugin updater (category:base,tabindex:12)
2025-11-02 14:16:18,510 [INFO] PluginManage:310 - Check plugin userauth
2025-11-02 14:16:18,511 [ERROR] LogOutputStream:75 - [STDERR_REDIRECT] [Fatal Error] :1:1: Premature end of file.
2025-11-02 14:16:18,511 [ERROR] LogOutputStream:75 - [STDERR_REDIRECT] 
2025-11-02 14:16:18,513 [INFO] UserAuth:118 - Init User Auth plugin
2025-11-02 14:16:18,514 [INFO] PluginManage:359 - Loaded plugin userauth (category:base,tabindex:14)
2025-11-02 14:16:18,515 [INFO] PluginManage:283 - PluginManage : Loaded plugins [18]
2025-11-02 14:16:18,721 [INFO] PinOutPanel:1589 - setPackage(No Configuration,No Configuration)
2025-11-02 14:16:18,806 [INFO] CADModel:165 - CPN selected for project level
2025-11-02 14:16:18,806 [INFO] CADModel:114 - Register for checkConnection events
2025-11-02 14:16:18,821 [INFO] IPUIPlugin:80 - create IPUIPlugin
2025-11-02 14:16:18,822 [INFO] PluginManager:220 - loadIPPluginJar : add adc
2025-11-02 14:16:18,825 [INFO] IPUIPlugin:80 - create IPUIPlugin
2025-11-02 14:16:18,825 [INFO] PluginManager:220 - loadIPPluginJar : add aes
2025-11-02 14:16:18,827 [INFO] IPUIPlugin:80 - create IPUIPlugin
2025-11-02 14:16:18,828 [INFO] PluginManager:220 - loadIPPluginJar : add can
2025-11-02 14:16:18,829 [INFO] IPUIPlugin:80 - create IPUIPlugin
2025-11-02 14:16:18,829 [INFO] PluginManager:220 - loadIPPluginJar : add comp
2025-11-02 14:16:18,831 [INFO] IPUIPlugin:80 - create IPUIPlugin
2025-11-02 14:16:18,831 [INFO] PluginManager:220 - loadIPPluginJar : add cryp
2025-11-02 14:16:18,833 [INFO] IPUIPlugin:80 - create IPUIPlugin
2025-11-02 14:16:18,834 [INFO] PluginManager:220 - loadIPPluginJar : add ddr_ctrl_phy
2025-11-02 14:16:18,836 [INFO] IPUIPlugin:80 - create IPUIPlugin
2025-11-02 14:16:18,837 [INFO] PluginManager:220 - loadIPPluginJar : add dfsdm
2025-11-02 14:16:18,841 [INFO] IPUIPlugin:80 - create IPUIPlugin
2025-11-02 14:16:18,842 [INFO] PluginManager:220 - loadIPPluginJar : add dma
2025-11-02 14:16:18,843 [INFO] IPUIPlugin:80 - create IPUIPlugin
2025-11-02 14:16:18,844 [INFO] PluginManager:220 - loadIPPluginJar : add dma3
2025-11-02 14:16:18,846 [INFO] IPUIPlugin:80 - create IPUIPlugin
2025-11-02 14:16:18,846 [INFO] PluginManager:220 - loadIPPluginJar : add extmemmanager
2025-11-02 14:16:18,847 [INFO] IPUIPlugin:80 - create IPUIPlugin
2025-11-02 14:16:18,847 [INFO] PluginManager:220 - loadIPPluginJar : add fatfs
2025-11-02 14:16:18,852 [INFO] IPUIPlugin:80 - create IPUIPlugin
2025-11-02 14:16:18,852 [INFO] PluginManager:220 - loadIPPluginJar : add fmc
2025-11-02 14:16:18,857 [INFO] IPUIPlugin:80 - create IPUIPlugin
2025-11-02 14:16:18,858 [INFO] PluginManager:220 - loadIPPluginJar : add freertos
2025-11-02 14:16:18,859 [INFO] IPUIPlugin:80 - create IPUIPlugin
2025-11-02 14:16:18,859 [INFO] PluginManager:220 - loadIPPluginJar : add genericplugin
2025-11-02 14:16:18,861 [INFO] IPUIPlugin:80 - create IPUIPlugin
2025-11-02 14:16:18,862 [INFO] PluginManager:220 - loadIPPluginJar : add gfxmmu
2025-11-02 14:16:18,868 [INFO] IPUIPlugin:80 - create IPUIPlugin
2025-11-02 14:16:18,868 [INFO] PluginManager:220 - loadIPPluginJar : add gic
2025-11-02 14:16:18,873 [INFO] IPUIPlugin:80 - create IPUIPlugin
2025-11-02 14:16:18,873 [INFO] PluginManager:220 - loadIPPluginJar : add gpio
2025-11-02 14:16:18,875 [INFO] IPUIPlugin:80 - create IPUIPlugin
2025-11-02 14:16:18,876 [INFO] PluginManager:220 - loadIPPluginJar : add gtzc
2025-11-02 14:16:18,878 [INFO] IPUIPlugin:80 - create IPUIPlugin
2025-11-02 14:16:18,878 [INFO] PluginManager:220 - loadIPPluginJar : add hash
2025-11-02 14:16:18,880 [INFO] IPUIPlugin:80 - create IPUIPlugin
2025-11-02 14:16:18,881 [INFO] PluginManager:220 - loadIPPluginJar : add i2c
2025-11-02 14:16:18,882 [INFO] IPUIPlugin:80 - create IPUIPlugin
2025-11-02 14:16:18,883 [INFO] PluginManager:220 - loadIPPluginJar : add i2s
2025-11-02 14:16:18,885 [INFO] IPUIPlugin:80 - create IPUIPlugin
2025-11-02 14:16:18,885 [INFO] PluginManager:220 - loadIPPluginJar : add i3c
2025-11-02 14:16:18,889 [INFO] IPUIPlugin:80 - create IPUIPlugin
2025-11-02 14:16:18,889 [INFO] PluginManager:220 - loadIPPluginJar : add ipddr
2025-11-02 14:16:18,895 [INFO] IPUIPlugin:80 - create IPUIPlugin
2025-11-02 14:16:18,896 [INFO] PluginManager:220 - loadIPPluginJar : add linkedlist
2025-11-02 14:16:18,899 [INFO] IPUIPlugin:80 - create IPUIPlugin
2025-11-02 14:16:18,899 [INFO] PluginManager:220 - loadIPPluginJar : add lorawan
2025-11-02 14:16:18,901 [INFO] IPUIPlugin:80 - create IPUIPlugin
2025-11-02 14:16:18,901 [INFO] PluginManager:220 - loadIPPluginJar : add ltdc
2025-11-02 14:16:18,906 [INFO] IPUIPlugin:80 - create IPUIPlugin
2025-11-02 14:16:18,906 [INFO] PluginManager:220 - loadIPPluginJar : add mdma
2025-11-02 14:16:18,908 [INFO] IPUIPlugin:80 - create IPUIPlugin
2025-11-02 14:16:18,909 [INFO] PluginManager:220 - loadIPPluginJar : add nvic
2025-11-02 14:16:18,912 [INFO] IPUIPlugin:80 - create IPUIPlugin
2025-11-02 14:16:18,912 [INFO] PluginManager:220 - loadIPPluginJar : add opamp
2025-11-02 14:16:18,914 [INFO] IPUIPlugin:80 - create IPUIPlugin
2025-11-02 14:16:18,914 [INFO] PluginManager:220 - loadIPPluginJar : add openamp
2025-11-02 14:16:18,917 [INFO] IPUIPlugin:80 - create IPUIPlugin
2025-11-02 14:16:18,917 [INFO] PluginManager:220 - loadIPPluginJar : add pdm2pcm
2025-11-02 14:16:18,921 [INFO] IPUIPlugin:80 - create IPUIPlugin
2025-11-02 14:16:18,923 [INFO] PluginManager:220 - loadIPPluginJar : add plateformsettings
2025-11-02 14:16:18,926 [INFO] IPUIPlugin:80 - create IPUIPlugin
2025-11-02 14:16:18,926 [INFO] PluginManager:220 - loadIPPluginJar : add quadspi
2025-11-02 14:16:18,927 [INFO] IPUIPlugin:80 - create IPUIPlugin
2025-11-02 14:16:18,927 [INFO] PluginManager:220 - loadIPPluginJar : add radio
2025-11-02 14:16:18,930 [INFO] IPUIPlugin:80 - create IPUIPlugin
2025-11-02 14:16:18,930 [INFO] PluginManager:220 - loadIPPluginJar : add resmgrutility
2025-11-02 14:16:18,932 [INFO] IPUIPlugin:80 - create IPUIPlugin
2025-11-02 14:16:18,932 [INFO] PluginManager:220 - loadIPPluginJar : add sai
2025-11-02 14:16:18,934 [INFO] IPUIPlugin:80 - create IPUIPlugin
2025-11-02 14:16:18,934 [INFO] PluginManager:220 - loadIPPluginJar : add spi
2025-11-02 14:16:18,939 [INFO] IPUIPlugin:80 - create IPUIPlugin
2025-11-02 14:16:18,939 [INFO] PluginManager:220 - loadIPPluginJar : add stm32_wpan
2025-11-02 14:16:18,940 [INFO] IPUIPlugin:80 - create IPUIPlugin
2025-11-02 14:16:18,940 [INFO] PluginManager:220 - loadIPPluginJar : add tim
2025-11-02 14:16:18,943 [INFO] IPUIPlugin:80 - create IPUIPlugin
2025-11-02 14:16:18,943 [INFO] PluginManager:220 - loadIPPluginJar : add touchsensing
2025-11-02 14:16:18,947 [INFO] IPUIPlugin:80 - create IPUIPlugin
2025-11-02 14:16:18,947 [INFO] PluginManager:220 - loadIPPluginJar : add tracer_emb
2025-11-02 14:16:18,948 [INFO] IPUIPlugin:80 - create IPUIPlugin
2025-11-02 14:16:18,948 [INFO] PluginManager:220 - loadIPPluginJar : add ts
2025-11-02 14:16:18,950 [INFO] IPUIPlugin:80 - create IPUIPlugin
2025-11-02 14:16:18,950 [INFO] PluginManager:220 - loadIPPluginJar : add tsc
2025-11-02 14:16:18,952 [INFO] IPUIPlugin:80 - create IPUIPlugin
2025-11-02 14:16:18,952 [INFO] PluginManager:220 - loadIPPluginJar : add ucpd
2025-11-02 14:16:18,955 [INFO] IPUIPlugin:80 - create IPUIPlugin
2025-11-02 14:16:18,955 [INFO] PluginManager:220 - loadIPPluginJar : add usart
2025-11-02 14:16:18,958 [INFO] IPUIPlugin:80 - create IPUIPlugin
2025-11-02 14:16:18,958 [INFO] PluginManager:220 - loadIPPluginJar : add usbx
2025-11-02 14:16:19,080 [FATAL] Updater:351 - Updater called before beeing initialized
2025-11-02 14:16:19,117 [INFO] RulesReader:64 - Compatibility file has been processed (317 Rules)
2025-11-02 14:16:19,129 [INFO] RulesReader:64 - Compatibility file has been processed (317 Rules)
2025-11-02 14:16:19,140 [INFO] CADModel:165 - CPN selected for project level
2025-11-02 14:16:19,141 [INFO] CADModel:114 - Register for checkConnection events
2025-11-02 14:16:19,141 [FATAL] Updater:351 - Updater called before beeing initialized
2025-11-02 14:16:19,141 [ERROR] CADModel:125 - Updater not yet initialized, retry later 
2025-11-02 14:16:19,289 [FATAL] Updater:351 - Updater called before beeing initialized
2025-11-02 14:16:19,290 [INFO] CADModel:165 - CPN selected for project level
2025-11-02 14:16:19,290 [INFO] CADModel:114 - Register for checkConnection events
2025-11-02 14:16:19,290 [FATAL] Updater:351 - Updater called before beeing initialized
2025-11-02 14:16:19,290 [ERROR] CADModel:125 - Updater not yet initialized, retry later 
2025-11-02 14:16:19,293 [FATAL] Updater:351 - Updater called before beeing initialized
2025-11-02 14:16:19,397 [FATAL] Updater:351 - Updater called before beeing initialized
2025-11-02 14:16:19,401 [INFO] DbMcusAds:53 - JSON generation date=Thu Oct 02 15:06:05 IST 2025 (1759397765645)
2025-11-02 14:16:19,401 [FATAL] Updater:351 - Updater called before beeing initialized
2025-11-02 14:16:19,433 [WARN] DetailPanel:346 - Failed to get advertising image, set to default
2025-11-02 14:16:19,507 [ERROR] LogOutputStream:75 - [STDERR_REDIRECT] [Fatal Error] :1:1: Premature end of file.
2025-11-02 14:16:19,507 [ERROR] LogOutputStream:75 - [STDERR_REDIRECT] 
2025-11-02 14:16:19,522 [FATAL] Updater:351 - Updater called before beeing initialized
2025-11-02 14:16:19,524 [FATAL] Updater:351 - Updater called before beeing initialized
2025-11-02 14:16:19,524 [FATAL] Updater:351 - Updater called before beeing initialized
2025-11-02 14:16:19,525 [WARN] DetailPanel:346 - Failed to get advertising image, set to default
2025-11-02 14:16:19,525 [FATAL] Updater:351 - Updater called before beeing initialized
2025-11-02 14:16:19,563 [ERROR] Updater:1198 - MainUpdater not yet initialized. External WinMGr cannot be set.
2025-11-02 14:16:19,564 [INFO] Updater:1134 - Updater Version found : 6.15.0
2025-11-02 14:16:19,581 [INFO] ApplicationProperties:184 - Using Application install path: C:\ST\STM32CubeIDE_1.18.1\STM32CubeIDE\plugins\com.st.stm32cube.common.mx_6.15.0.202507011659
2025-11-02 14:16:20,503 [ERROR] LogOutputStream:75 - [STDERR_REDIRECT] [Fatal Error] :1:1: Premature end of file.
2025-11-02 14:16:20,504 [ERROR] LogOutputStream:75 - [STDERR_REDIRECT] 
2025-11-02 14:16:21,151 [ERROR] LogOutputStream:75 - [STDERR_REDIRECT] Nov 02, 2025 2:16:21 PM java.util.prefs.WindowsPreferences <init>
2025-11-02 14:16:21,153 [ERROR] LogOutputStream:75 - [STDERR_REDIRECT] WARNING: Could not open/create prefs root node Software\JavaSoft\Prefs at root 0xffffffff80000002. Windows RegCreateKeyEx(...) returned error code 5.
2025-11-02 14:16:21,153 [ERROR] LogOutputStream:75 - [STDERR_REDIRECT] 
2025-11-02 14:16:21,272 [INFO] ThirdPartyUpdaterWithRetryManager:70 - Updater plugin not ready yet. [2/15]
2025-11-02 14:16:21,503 [ERROR] LogOutputStream:75 - [STDERR_REDIRECT] [Fatal Error] :1:1: Premature end of file.
2025-11-02 14:16:21,504 [ERROR] LogOutputStream:75 - [STDERR_REDIRECT] 
2025-11-02 14:16:22,178 [INFO] MainUpdater:2872 - connection check result : 10
2025-11-02 14:16:22,178 [INFO] MainUpdater:289 - Updater Check For Update Now.
2025-11-02 14:16:22,178 [INFO] MicroXplorer:498 - Change Database Version : DB.6.0.150
2025-11-02 14:16:22,188 [INFO] McuFinderGlobals:63 - Set McuFinder mode to 2 (CubeIDE integrated)
2025-11-02 14:16:22,189 [INFO] UserAuth:487 - Internet connection configuration mode: 1
2025-11-02 14:16:22,232 [INFO] JxBrowserEngine:152 - Initiate JxBrowser Engine with user profile folder
2025-11-02 14:16:22,359 [INFO] CheckServerUpdateThread:120 - End of CheckServer Thread
2025-11-02 14:16:22,501 [ERROR] LogOutputStream:75 - [STDERR_REDIRECT] [Fatal Error] :1:1: Premature end of file.
2025-11-02 14:16:22,501 [ERROR] LogOutputStream:75 - [STDERR_REDIRECT] 
2025-11-02 14:16:22,888 [INFO] WebApp:169 - Instantiating new browser for Auth
2025-11-02 14:16:23,505 [ERROR] LogOutputStream:75 - [STDERR_REDIRECT] [Fatal Error] :1:1: Premature end of file.
2025-11-02 14:16:23,506 [ERROR] LogOutputStream:75 - [STDERR_REDIRECT] 
2025-11-02 14:16:23,518 [INFO] WebApp:463 - Apply proxy settings
2025-11-02 14:16:23,519 [INFO] WebApp:548 - Chromium requires no authentication
2025-11-02 14:16:23,527 [INFO] WebApp:491 - Direct internet connection detected
2025-11-02 14:16:23,547 [INFO] WebApp:900 - Register for checkConnection events
2025-11-02 14:16:23,547 [INFO] WebApp:463 - Apply proxy settings
2025-11-02 14:16:23,547 [INFO] WebApp:548 - Chromium requires no authentication
2025-11-02 14:16:23,548 [INFO] WebApp:491 - Direct internet connection detected
2025-11-02 14:16:23,757 [INFO] WebApp:225 - Starting web application
2025-11-02 14:16:23,757 [INFO] WebApp:593 - Web application path used C:\ST\STM32CubeIDE_1.18.1\STM32CubeIDE\plugins\com.st.stm32cube.common.mx_6.15.0.202507011659\db\plugins\mcufinder\reactClient1\index.html
2025-11-02 14:16:23,839 [INFO] UserAuth:487 - Internet connection configuration mode: 1
2025-11-02 14:16:24,427 [INFO] WebApp:191 - Connection restablished
2025-11-02 14:16:24,501 [ERROR] LogOutputStream:75 - [STDERR_REDIRECT] [Fatal Error] :1:1: Premature end of file.
2025-11-02 14:16:24,501 [ERROR] LogOutputStream:75 - [STDERR_REDIRECT] 
2025-11-02 14:16:24,552 [WARN] PackLoader:240 - Cannot read IP mode file for STMicroelectronics.FP-SNS-MOTENVWB1.1.4.0
2025-11-02 14:16:24,559 [WARN] PackLoader:240 - Cannot read IP mode file for STMicroelectronics.FP-ATR-ASTRA1.2.0.2
2025-11-02 14:16:24,564 [WARN] PackLoader:240 - Cannot read IP mode file for STMicroelectronics.X-CUBE-SMBUS.2.1.0
2025-11-02 14:16:24,570 [WARN] PackLoader:240 - Cannot read IP mode file for STMicroelectronics.X-CUBE-ST60.1.0.0
2025-11-02 14:16:24,606 [WARN] PackLoader:240 - Cannot read IP mode file for STMicroelectronics.X-CUBE-AZRTOS-F7.1.1.0
2025-11-02 14:16:24,614 [WARN] PackLoader:240 - Cannot read IP mode file for Cesanta.I-CUBE-Mongoose.7.19.0
2025-11-02 14:16:24,621 [WARN] PackLoader:240 - Cannot read IP mode file for STMicroelectronics.FP-SNS-MOTENV1.5.1.0
2025-11-02 14:16:24,634 [WARN] PackLoader:240 - Cannot read IP mode file for WES.I-CUBE-Cesium.1.4.0
2025-11-02 14:16:24,653 [WARN] PackLoader:240 - Cannot read IP mode file for Infineon.AIROC-Wi-Fi-Bluetooth-STM32.1.7.0
2025-11-02 14:16:24,673 [WARN] PackLoader:240 - Cannot read IP mode file for Infineon.AIROC-Wi-Fi-Bluetooth-STM32.1.7.1
2025-11-02 14:16:24,699 [WARN] PackLoader:240 - Cannot read IP mode file for STMicroelectronics.X-CUBE-AZRTOS-H7.3.4.0
2025-11-02 14:16:24,712 [WARN] PackLoader:240 - Cannot read IP mode file for STMicroelectronics.X-CUBE-DISPLAY.3.0.0
2025-11-02 14:16:24,729 [WARN] PackLoader:240 - Cannot read IP mode file for STMicroelectronics.X-CUBE-NFC10.1.0.0
2025-11-02 14:16:24,739 [WARN] PackLoader:240 - Cannot read IP mode file for STMicroelectronics.X-CUBE-BLEMGR.4.0.0
2025-11-02 14:16:24,744 [WARN] PackLoader:240 - Cannot read IP mode file for STMicroelectronics.X-CUBE-ST60.1.1.0
2025-11-02 14:16:24,750 [WARN] PackLoader:240 - Cannot read IP mode file for emotas.I-CUBE-CANOPEN.1.3.0
2025-11-02 14:16:24,754 [WARN] PackLoader:240 - Cannot read IP mode file for STMicroelectronics.X-CUBE-GNSS1.7.1.0
2025-11-02 14:16:24,758 [WARN] ConditionMgr:438 - getConditionDescription Invalid condition id : Cortex-A Device cause : null
2025-11-02 14:16:24,784 [WARN] ConditionMgr:1044 - genDependencies : Invalid condition id : Cortex-A Device cause : null
2025-11-02 14:16:24,784 [WARN] ConditionMgr:1044 - genDependencies : Invalid condition id : Cortex-A Device cause : null
2025-11-02 14:16:24,784 [WARN] ConditionMgr:1044 - genDependencies : Invalid condition id : Cortex-A Device cause : null
2025-11-02 14:16:24,789 [WARN] PackLoader:240 - Cannot read IP mode file for STMicroelectronics.X-CUBE-AI.10.0.0
2025-11-02 14:16:24,794 [WARN] PackLoader:240 - Cannot read IP mode file for STMicroelectronics.FP-SNS-STBOX1.2.1.0
2025-11-02 14:16:24,800 [WARN] PackLoader:240 - Cannot read IP mode file for STMicroelectronics.FP-SNS-SMARTAG2.1.2.0
2025-11-02 14:16:24,805 [WARN] PackLoader:240 - Cannot read IP mode file for STMicroelectronics.FP-SNS-FLIGHT1.5.1.0
2025-11-02 14:16:24,812 [INFO] LogOutputStream:77 - [STDOUT_REDIRECT] 1 : Invalid condition id : UX_CORESTACK_Condition cause : null
2025-11-02 14:16:24,814 [INFO] LogOutputStream:77 - [STDOUT_REDIRECT] 1 : Invalid condition id : UX_CORESTACK_Condition cause : null
2025-11-02 14:16:24,816 [INFO] LogOutputStream:77 - [STDOUT_REDIRECT] 1 : Invalid condition id : UX_CORESTACK_Condition cause : null
2025-11-02 14:16:24,819 [INFO] LogOutputStream:77 - [STDOUT_REDIRECT] 1 : Invalid condition id : UX_CORESTACK_Condition cause : null
2025-11-02 14:16:24,821 [INFO] LogOutputStream:77 - [STDOUT_REDIRECT] 1 : Invalid condition id : UX_CORESTACK_Condition cause : null
2025-11-02 14:16:24,823 [WARN] PackLoader:240 - Cannot read IP mode file for STMicroelectronics.X-CUBE-AZRTOS-WL.2.0.0
2025-11-02 14:16:24,828 [WARN] PackLoader:240 - Cannot read IP mode file for STMicroelectronics.FP-SNS-MOTENV1.5.0.0
2025-11-02 14:16:24,834 [WARN] PackLoader:240 - Cannot read IP mode file for WES.I-CUBE-Cesium.1.3.0
2025-11-02 14:16:24,839 [WARN] PackLoader:240 - Cannot read IP mode file for STMicroelectronics.X-CUBE-BLE2.3.3.0
2025-11-02 14:16:24,844 [WARN] PackLoader:240 - Cannot read IP mode file for STMicroelectronics.X-CUBE-NFC9.1.0.0
2025-11-02 14:16:24,850 [WARN] PackLoader:240 - Cannot read IP mode file for wolfSSL.I-CUBE-wolfSSL.5.8.0
2025-11-02 14:16:24,853 [WARN] PackLoader:240 - Cannot read IP mode file for wolfSSL.I-CUBE-wolfSSL.5.8.2
2025-11-02 14:16:24,857 [WARN] PackLoader:240 - Cannot read IP mode file for STMicroelectronics.X-CUBE-BLE1.7.1.0
2025-11-02 14:16:24,861 [WARN] PackLoader:240 - Cannot read IP mode file for wolfSSL.I-CUBE-wolfMQTT.1.19.2
2025-11-02 14:16:24,867 [WARN] PackLoader:240 - Cannot read IP mode file for STMicroelectronics.X-CUBE-EEPRMA1.5.2.0
2025-11-02 14:16:24,873 [WARN] PackLoader:240 - Cannot read IP mode file for STMicroelectronics.X-CUBE-ST67W61.1.1.0
2025-11-02 14:16:24,876 [WARN] PackLoader:240 - Cannot read IP mode file for STMicroelectronics.X-CUBE-AI.10.1.0
2025-11-02 14:16:24,912 [WARN] PackLoader:240 - Cannot read IP mode file for STMicroelectronics.X-CUBE-MEMS1.11.2.0
2025-11-02 14:16:25,033 [WARN] PackLoader:240 - Cannot read IP mode file for STMicroelectronics.X-CUBE-AZRTOS-G0.1.1.0
2025-11-02 14:16:25,040 [WARN] PackLoader:240 - Cannot read IP mode file for STMicroelectronics.X-CUBE-SAFEA1.1.2.2
2025-11-02 14:16:25,046 [WARN] PackLoader:240 - Cannot read IP mode file for STMicroelectronics.X-CUBE-NFC4.3.0.0
2025-11-02 14:16:25,052 [WARN] PackLoader:240 - Cannot read IP mode file for EmbeddedOffice.I-CUBE-FS-RTOS.1.0.1
2025-11-02 14:16:25,057 [WARN] PackLoader:240 - Cannot read IP mode file for STMicroelectronics.X-CUBE-WB05N.2.0.0
2025-11-02 14:16:25,062 [WARN] PackLoader:240 - Cannot read IP mode file for wolfSSL.I-CUBE-wolfTPM.3.8.0
2025-11-02 14:16:25,066 [WARN] PackLoader:240 - Cannot read IP mode file for STMicroelectronics.X-CUBE-TCPP.4.2.0
2025-11-02 14:16:25,072 [WARN] PackLoader:240 - Cannot read IP mode file for RealThread.X-CUBE-RT-Thread_Nano.4.1.1
2025-11-02 14:16:25,076 [WARN] PackLoader:240 - Cannot read IP mode file for STMicroelectronics.FP-ATR-SIGFOX1.3.2.0
2025-11-02 14:16:25,080 [WARN] PackLoader:240 - Cannot read IP mode file for STMicroelectronics.X-CUBE-EEPRMA1.5.1.0
2025-11-02 14:16:25,086 [WARN] PackLoader:240 - Cannot read IP mode file for ITTIA_DB.I-CUBE-ITTIADB.8.9.0
2025-11-02 14:16:25,097 [WARN] PackLoader:240 - Cannot read IP mode file for STMicroelectronics.X-CUBE-ST67W61.1.0.0
2025-11-02 14:16:25,102 [WARN] PackLoader:240 - Cannot read IP mode file for STMicroelectronics.X-CUBE-AI.10.2.0
2025-11-02 14:16:25,123 [WARN] PackLoader:240 - Cannot read IP mode file for SEGGER.I-CUBE-embOS.1.3.1
2025-11-02 14:16:25,162 [WARN] PackLoader:240 - Cannot read IP mode file for STMicroelectronics.X-CUBE-ALGOBUILD.1.4.0
2025-11-02 14:16:25,231 [WARN] PackLoader:240 - Cannot read IP mode file for STMicroelectronics.X-CUBE-MEMS1.11.3.0
2025-11-02 14:16:25,318 [WARN] PackLoader:240 - Cannot read IP mode file for STMicroelectronics.X-CUBE-PM33A1.1.0.0
2025-11-02 14:16:25,328 [WARN] PackLoader:240 - Cannot read IP mode file for STMicroelectronics.X-CUBE-AZRTOS-F4.1.1.0
2025-11-02 14:16:25,334 [WARN] PackLoader:240 - Cannot read IP mode file for Avnet-IotConnect.X-CUBE-IoTC-DA16k-PMOD.1.0.0
2025-11-02 14:16:25,338 [WARN] PackLoader:240 - Cannot read IP mode file for STMicroelectronics.X-CUBE-ISPU.2.1.0
2025-11-02 14:16:25,347 [WARN] PackLoader:240 - Cannot read IP mode file for STMicroelectronics.X-CUBE-IPS.3.2.0
2025-11-02 14:16:25,357 [WARN] PackLoader:240 - Cannot read IP mode file for STMicroelectronics.X-CUBE-NFC12.1.0.0
2025-11-02 14:16:25,367 [WARN] PackLoader:240 - Cannot read IP mode file for STMicroelectronics.X-CUBE-AZRTOS-L5.2.0.0
2025-11-02 14:16:25,374 [WARN] PackLoader:240 - Cannot read IP mode file for STMicroelectronics.X-CUBE-NFC6.3.1.0
2025-11-02 14:16:25,378 [WARN] PackLoader:240 - Cannot read IP mode file for STMicroelectronics.X-CUBE-FREERTOS.1.3.1
2025-11-02 14:16:25,390 [WARN] PackLoader:240 - Cannot read IP mode file for STMicroelectronics.X-CUBE-TOUCHGFX.4.26.0
2025-11-02 14:16:25,394 [WARN] PackLoader:240 - Cannot read IP mode file for STMicroelectronics.FP-SNS-STAIOTCFT.1.0.0
2025-11-02 14:16:25,400 [WARN] PackLoader:240 - Cannot read IP mode file for STMicroelectronics.X-CUBE-DPower.1.3.0
2025-11-02 14:16:25,411 [WARN] ConditionMgr:438 - getConditionDescription Invalid condition id : LAN8742 Phy interface Condition cause : null
2025-11-02 14:16:25,412 [WARN] PackLoader:240 - Cannot read IP mode file for STMicroelectronics.X-CUBE-AZRTOS-L4.2.0.0
2025-11-02 14:16:25,412 [WARN] ConditionMgr:1044 - genDependencies : Invalid condition id : LAN8742 Phy interface Condition cause : null
2025-11-02 14:16:25,413 [WARN] ConditionMgr:1044 - genDependencies : Invalid condition id : LAN8742 Phy interface Condition cause : null
2025-11-02 14:16:25,413 [WARN] ConditionMgr:1044 - genDependencies : Invalid condition id : LAN8742 Phy interface Condition cause : null
2025-11-02 14:16:25,419 [WARN] PackLoader:240 - Cannot read IP mode file for STMicroelectronics.X-CUBE-SFXS2LP1.4.0.0
2025-11-02 14:16:25,435 [WARN] PackLoader:240 - Cannot read IP mode file for STMicroelectronics.X-CUBE-AZRTOS-H7.3.3.0
2025-11-02 14:16:25,444 [WARN] PackLoader:240 - Cannot read IP mode file for STMicroelectronics.X-CUBE-BLEMGR.4.1.0
2025-11-02 14:16:25,461 [WARN] ConditionMgr:438 - getConditionDescription Invalid condition id : UX DEVICE CLASS RTOS Condition cause : null
2025-11-02 14:16:25,461 [WARN] ConditionMgr:438 - getConditionDescription Invalid condition id : UX DEVICE CLASS RTOS Condition cause : null
2025-11-02 14:16:25,463 [WARN] PackLoader:240 - Cannot read IP mode file for STMicroelectronics.X-CUBE-AZRTOS-WB.2.0.0
2025-11-02 14:16:25,464 [WARN] ConditionMgr:1044 - genDependencies : Invalid condition id : UX DEVICE CLASS RTOS Condition cause : null
2025-11-02 14:16:25,464 [WARN] ConditionMgr:1044 - genDependencies : Invalid condition id : UX DEVICE CLASS RTOS Condition cause : null
2025-11-02 14:16:25,464 [WARN] ConditionMgr:1044 - genDependencies : Invalid condition id : UX DEVICE CLASS RTOS Condition cause : null
2025-11-02 14:16:25,464 [WARN] ConditionMgr:1044 - genDependencies : Invalid condition id : UX DEVICE CLASS RTOS Condition cause : null
2025-11-02 14:16:25,464 [WARN] ConditionMgr:1044 - genDependencies : Invalid condition id : UX DEVICE CLASS RTOS Condition cause : null
2025-11-02 14:16:25,470 [WARN] PackLoader:240 - Cannot read IP mode file for STMicroelectronics.X-CUBE-GNSS1.7.0.1
2025-11-02 14:16:25,473 [WARN] PackLoader:240 - Cannot read IP mode file for STMicroelectronics.X-CUBE-TOUCHGFX.4.25.0
2025-11-02 14:16:25,477 [WARN] PackLoader:240 - Cannot read IP mode file for STMicroelectronics.FP-SNS-STBOX1.2.0.0
2025-11-02 14:16:25,483 [WARN] ConditionMgr:438 - getConditionDescription Invalid condition id : Cortex-A Device cause : null
2025-11-02 14:16:25,492 [WARN] ConditionMgr:1044 - genDependencies : Invalid condition id : Cortex-A Device cause : null
2025-11-02 14:16:25,493 [WARN] ConditionMgr:1044 - genDependencies : Invalid condition id : Cortex-A Device cause : null
2025-11-02 14:16:25,493 [WARN] ConditionMgr:1044 - genDependencies : Invalid condition id : Cortex-A Device cause : null
2025-11-02 14:16:25,501 [WARN] PackLoader:240 - Cannot read IP mode file for STMicroelectronics.X-CUBE-SUBG2.5.0.0
2025-11-02 14:16:25,512 [ERROR] LogOutputStream:75 - [STDERR_REDIRECT] [Fatal Error] :1:1: Premature end of file.
2025-11-02 14:16:25,514 [ERROR] LogOutputStream:75 - [STDERR_REDIRECT] 
2025-11-02 14:16:25,518 [WARN] PackLoader:240 - Cannot read IP mode file for STMicroelectronics.X-CUBE-AZRTOS-H7RS.1.1.0
2025-11-02 14:16:25,523 [WARN] PackLoader:240 - Cannot read IP mode file for Cesanta.I-CUBE-Mongoose.7.13.0
2025-11-02 14:16:25,535 [WARN] PackLoader:240 - Cannot read IP mode file for STMicroelectronics.X-CUBE-AZRTOS-G4.2.0.0
2025-11-02 14:16:25,541 [WARN] PackLoader:240 - Cannot read IP mode file for wolfSSL.I-CUBE-wolfSSH.1.4.20
2025-11-02 14:16:25,547 [WARN] PackLoader:240 - Cannot read IP mode file for STMicroelectronics.X-CUBE-NFC7.2.0.0
2025-11-02 14:16:25,559 [WARN] PackLoader:240 - Cannot read IP mode file for STMicroelectronics.X-CUBE-IPS.3.1.0
2025-11-02 14:16:25,571 [WARN] PackLoader:240 - Cannot read IP mode file for STMicroelectronics.X-CUBE-ALS.1.0.2
2025-11-02 14:16:25,581 [WARN] PackLoader:240 - Cannot read IP mode file for STMicroelectronics.X-CUBE-STSE01.1.0.0
2025-11-02 14:16:25,591 [WARN] PackLoader:240 - Cannot read IP mode file for portGmbH.I-Cube-SoM-uGOAL.1.1.0
2025-11-02 14:16:25,601 [WARN] PackLoader:240 - Cannot read IP mode file for STMicroelectronics.X-CUBE-TOF1.3.4.3
2025-11-02 14:16:25,611 [INFO] ThirdParty:978 - Integrity check success = true
2025-11-02 14:16:25,611 [INFO] IntegrityCheckThread:100 - exiting critical section [integrity check]
2025-11-02 14:16:25,611 [INFO] IntegrityCheckThread:103 - End integrity checks thread
2025-11-02 14:16:26,534 [ERROR] LogOutputStream:75 - [STDERR_REDIRECT] [Fatal Error] :1:1: Premature end of file.
2025-11-02 14:16:26,535 [ERROR] LogOutputStream:75 - [STDERR_REDIRECT] 
2025-11-02 14:16:27,504 [ERROR] LogOutputStream:75 - [STDERR_REDIRECT] [Fatal Error] :1:1: Premature end of file.
2025-11-02 14:16:27,504 [ERROR] LogOutputStream:75 - [STDERR_REDIRECT] 
2025-11-02 14:16:28,522 [ERROR] LogOutputStream:75 - [STDERR_REDIRECT] [Fatal Error] :1:1: Premature end of file.
2025-11-02 14:16:28,523 [ERROR] LogOutputStream:75 - [STDERR_REDIRECT] 
2025-11-02 14:16:29,533 [ERROR] LogOutputStream:75 - [STDERR_REDIRECT] [Fatal Error] :1:1: Premature end of file.
2025-11-02 14:16:29,534 [ERROR] LogOutputStream:75 - [STDERR_REDIRECT] 
2025-11-02 14:16:30,529 [ERROR] LogOutputStream:75 - [STDERR_REDIRECT] [Fatal Error] :1:1: Premature end of file.
2025-11-02 14:16:30,530 [ERROR] LogOutputStream:75 - [STDERR_REDIRECT] 
2025-11-02 14:16:31,501 [ERROR] LogOutputStream:75 - [STDERR_REDIRECT] [Fatal Error] :1:1: Premature end of file.
2025-11-02 14:16:31,502 [ERROR] LogOutputStream:75 - [STDERR_REDIRECT] 
2025-11-02 14:16:32,513 [ERROR] LogOutputStream:75 - [STDERR_REDIRECT] [Fatal Error] :1:1: Premature end of file.
2025-11-02 14:16:32,513 [ERROR] LogOutputStream:75 - [STDERR_REDIRECT] 
2025-11-02 14:16:33,503 [ERROR] LogOutputStream:75 - [STDERR_REDIRECT] [Fatal Error] :1:1: Premature end of file.
2025-11-02 14:16:33,504 [ERROR] LogOutputStream:75 - [STDERR_REDIRECT] 
2025-11-02 14:16:34,503 [ERROR] LogOutputStream:75 - [STDERR_REDIRECT] [Fatal Error] :1:1: Premature end of file.
2025-11-02 14:16:34,503 [ERROR] LogOutputStream:75 - [STDERR_REDIRECT] 
2025-11-02 14:16:35,528 [ERROR] LogOutputStream:75 - [STDERR_REDIRECT] [Fatal Error] :1:1: Premature end of file.
2025-11-02 14:16:35,528 [ERROR] LogOutputStream:75 - [STDERR_REDIRECT] 
2025-11-02 14:16:36,524 [ERROR] LogOutputStream:75 - [STDERR_REDIRECT] [Fatal Error] :1:1: Premature end of file.
2025-11-02 14:16:36,524 [ERROR] LogOutputStream:75 - [STDERR_REDIRECT] 
2025-11-02 14:16:37,502 [ERROR] LogOutputStream:75 - [STDERR_REDIRECT] [Fatal Error] :1:1: Premature end of file.
2025-11-02 14:16:37,503 [ERROR] LogOutputStream:75 - [STDERR_REDIRECT] 
2025-11-02 14:16:38,520 [ERROR] LogOutputStream:75 - [STDERR_REDIRECT] [Fatal Error] :1:1: Premature end of file.
2025-11-02 14:16:38,521 [ERROR] LogOutputStream:75 - [STDERR_REDIRECT] 
2025-11-02 14:16:39,507 [ERROR] LogOutputStream:75 - [STDERR_REDIRECT] [Fatal Error] :1:1: Premature end of file.
2025-11-02 14:16:39,508 [ERROR] LogOutputStream:75 - [STDERR_REDIRECT] 
2025-11-02 14:16:40,522 [ERROR] LogOutputStream:75 - [STDERR_REDIRECT] [Fatal Error] :1:1: Premature end of file.
2025-11-02 14:16:40,522 [ERROR] LogOutputStream:75 - [STDERR_REDIRECT] 
2025-11-02 14:16:41,522 [ERROR] LogOutputStream:75 - [STDERR_REDIRECT] [Fatal Error] :1:1: Premature end of file.
2025-11-02 14:16:41,523 [ERROR] LogOutputStream:75 - [STDERR_REDIRECT] 
2025-11-02 14:16:42,501 [ERROR] LogOutputStream:75 - [STDERR_REDIRECT] [Fatal Error] :1:1: Premature end of file.
2025-11-02 14:16:42,502 [ERROR] LogOutputStream:75 - [STDERR_REDIRECT] 
2025-11-02 14:16:43,516 [ERROR] LogOutputStream:75 - [STDERR_REDIRECT] [Fatal Error] :1:1: Premature end of file.
2025-11-02 14:16:43,516 [ERROR] LogOutputStream:75 - [STDERR_REDIRECT] 
2025-11-02 14:16:44,508 [ERROR] LogOutputStream:75 - [STDERR_REDIRECT] [Fatal Error] :1:1: Premature end of file.
2025-11-02 14:16:44,508 [ERROR] LogOutputStream:75 - [STDERR_REDIRECT] 
2025-11-02 14:16:45,517 [ERROR] LogOutputStream:75 - [STDERR_REDIRECT] [Fatal Error] :1:1: Premature end of file.
2025-11-02 14:16:45,518 [ERROR] LogOutputStream:75 - [STDERR_REDIRECT] 
2025-11-02 14:16:46,517 [ERROR] LogOutputStream:75 - [STDERR_REDIRECT] [Fatal Error] :1:1: Premature end of file.
2025-11-02 14:16:46,517 [ERROR] LogOutputStream:75 - [STDERR_REDIRECT] 
2025-11-02 14:16:47,504 [ERROR] LogOutputStream:75 - [STDERR_REDIRECT] [Fatal Error] :1:1: Premature end of file.
2025-11-02 14:16:47,504 [ERROR] LogOutputStream:75 - [STDERR_REDIRECT] 
2025-11-02 14:16:48,517 [ERROR] LogOutputStream:75 - [STDERR_REDIRECT] [Fatal Error] :1:1: Premature end of file.
2025-11-02 14:16:48,517 [ERROR] LogOutputStream:75 - [STDERR_REDIRECT] 
2025-11-02 14:16:49,503 [ERROR] LogOutputStream:75 - [STDERR_REDIRECT] [Fatal Error] :1:1: Premature end of file.
2025-11-02 14:16:49,503 [ERROR] LogOutputStream:75 - [STDERR_REDIRECT] 
2025-11-02 14:16:50,526 [ERROR] LogOutputStream:75 - [STDERR_REDIRECT] [Fatal Error] :1:1: Premature end of file.
2025-11-02 14:16:50,526 [ERROR] LogOutputStream:75 - [STDERR_REDIRECT] 
2025-11-02 14:16:51,522 [ERROR] LogOutputStream:75 - [STDERR_REDIRECT] [Fatal Error] :1:1: Premature end of file.
2025-11-02 14:16:51,523 [ERROR] LogOutputStream:75 - [STDERR_REDIRECT] 
2025-11-02 14:16:52,538 [ERROR] LogOutputStream:75 - [STDERR_REDIRECT] [Fatal Error] :1:1: Premature end of file.
2025-11-02 14:16:52,539 [ERROR] LogOutputStream:75 - [STDERR_REDIRECT] 
2025-11-02 14:16:53,502 [ERROR] LogOutputStream:75 - [STDERR_REDIRECT] [Fatal Error] :1:1: Premature end of file.
2025-11-02 14:16:53,502 [ERROR] LogOutputStream:75 - [STDERR_REDIRECT] 
2025-11-02 14:16:54,530 [ERROR] LogOutputStream:75 - [STDERR_REDIRECT] [Fatal Error] :1:1: Premature end of file.
2025-11-02 14:16:54,531 [ERROR] LogOutputStream:75 - [STDERR_REDIRECT] 
2025-11-02 14:16:55,521 [ERROR] LogOutputStream:75 - [STDERR_REDIRECT] [Fatal Error] :1:1: Premature end of file.
2025-11-02 14:16:55,521 [ERROR] LogOutputStream:75 - [STDERR_REDIRECT] 
2025-11-02 14:16:56,529 [ERROR] LogOutputStream:75 - [STDERR_REDIRECT] [Fatal Error] :1:1: Premature end of file.
2025-11-02 14:16:56,529 [ERROR] LogOutputStream:75 - [STDERR_REDIRECT] 
2025-11-02 14:16:57,502 [ERROR] LogOutputStream:75 - [STDERR_REDIRECT] [Fatal Error] :1:1: Premature end of file.
2025-11-02 14:16:57,502 [ERROR] LogOutputStream:75 - [STDERR_REDIRECT] 
2025-11-02 14:16:58,504 [ERROR] LogOutputStream:75 - [STDERR_REDIRECT] [Fatal Error] :1:1: Premature end of file.
2025-11-02 14:16:58,504 [ERROR] LogOutputStream:75 - [STDERR_REDIRECT] 
2025-11-02 14:16:59,508 [ERROR] LogOutputStream:75 - [STDERR_REDIRECT] [Fatal Error] :1:1: Premature end of file.
2025-11-02 14:16:59,508 [ERROR] LogOutputStream:75 - [STDERR_REDIRECT] 
2025-11-02 14:17:00,505 [ERROR] LogOutputStream:75 - [STDERR_REDIRECT] [Fatal Error] :1:1: Premature end of file.
2025-11-02 14:17:00,506 [ERROR] LogOutputStream:75 - [STDERR_REDIRECT] 
2025-11-02 14:17:01,514 [ERROR] LogOutputStream:75 - [STDERR_REDIRECT] [Fatal Error] :1:1: Premature end of file.
2025-11-02 14:17:01,514 [ERROR] LogOutputStream:75 - [STDERR_REDIRECT] 
2025-11-02 14:17:02,528 [ERROR] LogOutputStream:75 - [STDERR_REDIRECT] [Fatal Error] :1:1: Premature end of file.
2025-11-02 14:17:02,528 [ERROR] LogOutputStream:75 - [STDERR_REDIRECT] 
2025-11-02 14:17:03,527 [ERROR] LogOutputStream:75 - [STDERR_REDIRECT] [Fatal Error] :1:1: Premature end of file.
2025-11-02 14:17:03,527 [ERROR] LogOutputStream:75 - [STDERR_REDIRECT] 
2025-11-02 14:17:04,510 [ERROR] LogOutputStream:75 - [STDERR_REDIRECT] [Fatal Error] :1:1: Premature end of file.
2025-11-02 14:17:04,510 [ERROR] LogOutputStream:75 - [STDERR_REDIRECT] 
2025-11-02 14:17:05,528 [ERROR] LogOutputStream:75 - [STDERR_REDIRECT] [Fatal Error] :1:1: Premature end of file.
2025-11-02 14:17:05,529 [ERROR] LogOutputStream:75 - [STDERR_REDIRECT] 
2025-11-02 14:17:06,524 [ERROR] LogOutputStream:75 - [STDERR_REDIRECT] [Fatal Error] :1:1: Premature end of file.
2025-11-02 14:17:06,525 [ERROR] LogOutputStream:75 - [STDERR_REDIRECT] 
2025-11-02 14:17:07,510 [ERROR] LogOutputStream:75 - [STDERR_REDIRECT] [Fatal Error] :1:1: Premature end of file.
2025-11-02 14:17:07,511 [ERROR] LogOutputStream:75 - [STDERR_REDIRECT] 
2025-11-02 14:17:08,524 [ERROR] LogOutputStream:75 - [STDERR_REDIRECT] [Fatal Error] :1:1: Premature end of file.
2025-11-02 14:17:08,524 [ERROR] LogOutputStream:75 - [STDERR_REDIRECT] 
2025-11-02 14:17:09,500 [ERROR] LogOutputStream:75 - [STDERR_REDIRECT] [Fatal Error] :1:1: Premature end of file.
2025-11-02 14:17:09,501 [ERROR] LogOutputStream:75 - [STDERR_REDIRECT] 
2025-11-02 14:17:10,514 [ERROR] LogOutputStream:75 - [STDERR_REDIRECT] [Fatal Error] :1:1: Premature end of file.
2025-11-02 14:17:10,514 [ERROR] LogOutputStream:75 - [STDERR_REDIRECT] 
2025-11-02 14:17:11,522 [ERROR] LogOutputStream:75 - [STDERR_REDIRECT] [Fatal Error] :1:1: Premature end of file.
2025-11-02 14:17:11,522 [ERROR] LogOutputStream:75 - [STDERR_REDIRECT] 
2025-11-02 14:17:12,521 [ERROR] LogOutputStream:75 - [STDERR_REDIRECT] [Fatal Error] :1:1: Premature end of file.
2025-11-02 14:17:12,521 [ERROR] LogOutputStream:75 - [STDERR_REDIRECT] 
2025-11-02 14:17:13,523 [ERROR] LogOutputStream:75 - [STDERR_REDIRECT] [Fatal Error] :1:1: Premature end of file.
2025-11-02 14:17:13,523 [ERROR] LogOutputStream:75 - [STDERR_REDIRECT] 
2025-11-02 14:17:14,529 [ERROR] LogOutputStream:75 - [STDERR_REDIRECT] [Fatal Error] :1:1: Premature end of file.
2025-11-02 14:17:14,529 [ERROR] LogOutputStream:75 - [STDERR_REDIRECT] 
2025-11-02 14:17:15,525 [ERROR] LogOutputStream:75 - [STDERR_REDIRECT] [Fatal Error] :1:1: Premature end of file.
2025-11-02 14:17:15,526 [ERROR] LogOutputStream:75 - [STDERR_REDIRECT] 
2025-11-02 14:17:16,524 [ERROR] LogOutputStream:75 - [STDERR_REDIRECT] [Fatal Error] :1:1: Premature end of file.
2025-11-02 14:17:16,525 [ERROR] LogOutputStream:75 - [STDERR_REDIRECT] 
2025-11-02 14:17:17,512 [ERROR] LogOutputStream:75 - [STDERR_REDIRECT] [Fatal Error] :1:1: Premature end of file.
2025-11-02 14:17:17,513 [ERROR] LogOutputStream:75 - [STDERR_REDIRECT] 
2025-11-02 14:17:18,503 [ERROR] LogOutputStream:75 - [STDERR_REDIRECT] [Fatal Error] :1:1: Premature end of file.
2025-11-02 14:17:18,503 [ERROR] LogOutputStream:75 - [STDERR_REDIRECT] 
2025-11-02 14:17:19,523 [ERROR] LogOutputStream:75 - [STDERR_REDIRECT] [Fatal Error] :1:1: Premature end of file.
2025-11-02 14:17:19,523 [ERROR] LogOutputStream:75 - [STDERR_REDIRECT] 
2025-11-02 14:17:20,512 [ERROR] LogOutputStream:75 - [STDERR_REDIRECT] [Fatal Error] :1:1: Premature end of file.
2025-11-02 14:17:20,512 [ERROR] LogOutputStream:75 - [STDERR_REDIRECT] 
2025-11-02 14:17:21,520 [ERROR] LogOutputStream:75 - [STDERR_REDIRECT] [Fatal Error] :1:1: Premature end of file.
2025-11-02 14:17:21,520 [ERROR] LogOutputStream:75 - [STDERR_REDIRECT] 
2025-11-02 14:17:22,510 [ERROR] LogOutputStream:75 - [STDERR_REDIRECT] [Fatal Error] :1:1: Premature end of file.
2025-11-02 14:17:22,510 [ERROR] LogOutputStream:75 - [STDERR_REDIRECT] 
2025-11-02 14:17:23,524 [ERROR] LogOutputStream:75 - [STDERR_REDIRECT] [Fatal Error] :1:1: Premature end of file.
2025-11-02 14:17:23,524 [ERROR] LogOutputStream:75 - [STDERR_REDIRECT] 
2025-11-02 14:17:24,512 [ERROR] LogOutputStream:75 - [STDERR_REDIRECT] [Fatal Error] :1:1: Premature end of file.
2025-11-02 14:17:24,512 [ERROR] LogOutputStream:75 - [STDERR_REDIRECT] 
2025-11-02 14:17:25,518 [ERROR] LogOutputStream:75 - [STDERR_REDIRECT] [Fatal Error] :1:1: Premature end of file.
2025-11-02 14:17:25,518 [ERROR] LogOutputStream:75 - [STDERR_REDIRECT] 
2025-11-02 14:17:26,512 [ERROR] LogOutputStream:75 - [STDERR_REDIRECT] [Fatal Error] :1:1: Premature end of file.
2025-11-02 14:17:26,512 [ERROR] LogOutputStream:75 - [STDERR_REDIRECT] 
2025-11-02 14:17:27,501 [ERROR] LogOutputStream:75 - [STDERR_REDIRECT] [Fatal Error] :1:1: Premature end of file.
2025-11-02 14:17:27,502 [ERROR] LogOutputStream:75 - [STDERR_REDIRECT] 
2025-11-02 14:17:28,504 [ERROR] LogOutputStream:75 - [STDERR_REDIRECT] [Fatal Error] :1:1: Premature end of file.
2025-11-02 14:17:28,504 [ERROR] LogOutputStream:75 - [STDERR_REDIRECT] 
2025-11-02 14:17:29,522 [ERROR] LogOutputStream:75 - [STDERR_REDIRECT] [Fatal Error] :1:1: Premature end of file.
2025-11-02 14:17:29,523 [ERROR] LogOutputStream:75 - [STDERR_REDIRECT] 
2025-11-02 14:17:30,514 [ERROR] LogOutputStream:75 - [STDERR_REDIRECT] [Fatal Error] :1:1: Premature end of file.
2025-11-02 14:17:30,514 [ERROR] LogOutputStream:75 - [STDERR_REDIRECT] 
2025-11-02 14:17:31,525 [ERROR] LogOutputStream:75 - [STDERR_REDIRECT] [Fatal Error] :1:1: Premature end of file.
2025-11-02 14:17:31,525 [ERROR] LogOutputStream:75 - [STDERR_REDIRECT] 
2025-11-02 14:17:32,521 [ERROR] LogOutputStream:75 - [STDERR_REDIRECT] [Fatal Error] :1:1: Premature end of file.
2025-11-02 14:17:32,521 [ERROR] LogOutputStream:75 - [STDERR_REDIRECT] 
2025-11-02 14:17:33,514 [ERROR] LogOutputStream:75 - [STDERR_REDIRECT] [Fatal Error] :1:1: Premature end of file.
2025-11-02 14:17:33,514 [ERROR] LogOutputStream:75 - [STDERR_REDIRECT] 
2025-11-02 14:17:34,526 [ERROR] LogOutputStream:75 - [STDERR_REDIRECT] [Fatal Error] :1:1: Premature end of file.
2025-11-02 14:17:34,526 [ERROR] LogOutputStream:75 - [STDERR_REDIRECT] 
2025-11-02 14:17:35,519 [ERROR] LogOutputStream:75 - [STDERR_REDIRECT] [Fatal Error] :1:1: Premature end of file.
2025-11-02 14:17:35,519 [ERROR] LogOutputStream:75 - [STDERR_REDIRECT] 
2025-11-02 14:17:36,527 [ERROR] LogOutputStream:75 - [STDERR_REDIRECT] [Fatal Error] :1:1: Premature end of file.
2025-11-02 14:17:36,527 [ERROR] LogOutputStream:75 - [STDERR_REDIRECT] 
2025-11-02 14:17:37,523 [ERROR] LogOutputStream:75 - [STDERR_REDIRECT] [Fatal Error] :1:1: Premature end of file.
2025-11-02 14:17:37,524 [ERROR] LogOutputStream:75 - [STDERR_REDIRECT] 
2025-11-02 14:17:38,515 [ERROR] LogOutputStream:75 - [STDERR_REDIRECT] [Fatal Error] :1:1: Premature end of file.
2025-11-02 14:17:38,515 [ERROR] LogOutputStream:75 - [STDERR_REDIRECT] 
2025-11-02 14:17:39,524 [ERROR] LogOutputStream:75 - [STDERR_REDIRECT] [Fatal Error] :1:1: Premature end of file.
2025-11-02 14:17:39,524 [ERROR] LogOutputStream:75 - [STDERR_REDIRECT] 
2025-11-02 14:17:40,520 [ERROR] LogOutputStream:75 - [STDERR_REDIRECT] [Fatal Error] :1:1: Premature end of file.
2025-11-02 14:17:40,520 [ERROR] LogOutputStream:75 - [STDERR_REDIRECT] 
2025-11-02 14:17:41,529 [ERROR] LogOutputStream:75 - [STDERR_REDIRECT] [Fatal Error] :1:1: Premature end of file.
2025-11-02 14:17:41,529 [ERROR] LogOutputStream:75 - [STDERR_REDIRECT] 
2025-11-02 14:17:42,518 [ERROR] LogOutputStream:75 - [STDERR_REDIRECT] [Fatal Error] :1:1: Premature end of file.
2025-11-02 14:17:42,519 [ERROR] LogOutputStream:75 - [STDERR_REDIRECT] 
2025-11-02 14:17:43,525 [ERROR] LogOutputStream:75 - [STDERR_REDIRECT] [Fatal Error] :1:1: Premature end of file.
2025-11-02 14:17:43,525 [ERROR] LogOutputStream:75 - [STDERR_REDIRECT] 
2025-11-02 14:17:44,522 [ERROR] LogOutputStream:75 - [STDERR_REDIRECT] [Fatal Error] :1:1: Premature end of file.
2025-11-02 14:17:44,523 [ERROR] LogOutputStream:75 - [STDERR_REDIRECT] 
2025-11-02 14:17:45,525 [ERROR] LogOutputStream:75 - [STDERR_REDIRECT] [Fatal Error] :1:1: Premature end of file.
2025-11-02 14:17:45,525 [ERROR] LogOutputStream:75 - [STDERR_REDIRECT] 
2025-11-02 14:17:46,521 [ERROR] LogOutputStream:75 - [STDERR_REDIRECT] [Fatal Error] :1:1: Premature end of file.
2025-11-02 14:17:46,521 [ERROR] LogOutputStream:75 - [STDERR_REDIRECT] 
2025-11-02 14:17:47,527 [ERROR] LogOutputStream:75 - [STDERR_REDIRECT] [Fatal Error] :1:1: Premature end of file.
2025-11-02 14:17:47,527 [ERROR] LogOutputStream:75 - [STDERR_REDIRECT] 
2025-11-02 14:17:48,522 [ERROR] LogOutputStream:75 - [STDERR_REDIRECT] [Fatal Error] :1:1: Premature end of file.
2025-11-02 14:17:48,522 [ERROR] LogOutputStream:75 - [STDERR_REDIRECT] 
2025-11-02 14:17:49,525 [ERROR] LogOutputStream:75 - [STDERR_REDIRECT] [Fatal Error] :1:1: Premature end of file.
2025-11-02 14:17:49,526 [ERROR] LogOutputStream:75 - [STDERR_REDIRECT] 
2025-11-02 14:17:50,518 [ERROR] LogOutputStream:75 - [STDERR_REDIRECT] [Fatal Error] :1:1: Premature end of file.
2025-11-02 14:17:50,519 [ERROR] LogOutputStream:75 - [STDERR_REDIRECT] 
2025-11-02 14:17:51,527 [ERROR] LogOutputStream:75 - [STDERR_REDIRECT] [Fatal Error] :1:1: Premature end of file.
2025-11-02 14:17:51,527 [ERROR] LogOutputStream:75 - [STDERR_REDIRECT] 
2025-11-02 14:17:52,524 [ERROR] LogOutputStream:75 - [STDERR_REDIRECT] [Fatal Error] :1:1: Premature end of file.
2025-11-02 14:17:52,525 [ERROR] LogOutputStream:75 - [STDERR_REDIRECT] 
2025-11-02 14:17:53,522 [ERROR] LogOutputStream:75 - [STDERR_REDIRECT] [Fatal Error] :1:1: Premature end of file.
2025-11-02 14:17:53,523 [ERROR] LogOutputStream:75 - [STDERR_REDIRECT] 
2025-11-02 14:17:54,527 [ERROR] LogOutputStream:75 - [STDERR_REDIRECT] [Fatal Error] :1:1: Premature end of file.
2025-11-02 14:17:54,527 [ERROR] LogOutputStream:75 - [STDERR_REDIRECT] 
2025-11-02 14:17:55,521 [ERROR] LogOutputStream:75 - [STDERR_REDIRECT] [Fatal Error] :1:1: Premature end of file.
2025-11-02 14:17:55,521 [ERROR] LogOutputStream:75 - [STDERR_REDIRECT] 
2025-11-02 14:17:56,518 [ERROR] LogOutputStream:75 - [STDERR_REDIRECT] [Fatal Error] :1:1: Premature end of file.
2025-11-02 14:17:56,518 [ERROR] LogOutputStream:75 - [STDERR_REDIRECT] 
2025-11-02 14:17:57,499 [ERROR] LogOutputStream:75 - [STDERR_REDIRECT] [Fatal Error] :1:1: Premature end of file.
2025-11-02 14:17:57,499 [ERROR] LogOutputStream:75 - [STDERR_REDIRECT] 
2025-11-02 14:17:58,505 [ERROR] LogOutputStream:75 - [STDERR_REDIRECT] [Fatal Error] :1:1: Premature end of file.
2025-11-02 14:17:58,505 [ERROR] LogOutputStream:75 - [STDERR_REDIRECT] 
2025-11-02 14:17:59,523 [ERROR] LogOutputStream:75 - [STDERR_REDIRECT] [Fatal Error] :1:1: Premature end of file.
2025-11-02 14:17:59,525 [ERROR] LogOutputStream:75 - [STDERR_REDIRECT] 
2025-11-02 14:18:00,552 [ERROR] LogOutputStream:75 - [STDERR_REDIRECT] [Fatal Error] :1:1: Premature end of file.
2025-11-02 14:18:00,552 [ERROR] LogOutputStream:75 - [STDERR_REDIRECT] 
2025-11-02 14:18:01,561 [ERROR] LogOutputStream:75 - [STDERR_REDIRECT] [Fatal Error] :1:1: Premature end of file.
2025-11-02 14:18:01,561 [ERROR] LogOutputStream:75 - [STDERR_REDIRECT] 
2025-11-02 14:18:02,553 [ERROR] LogOutputStream:75 - [STDERR_REDIRECT] [Fatal Error] :1:1: Premature end of file.
2025-11-02 14:18:02,553 [ERROR] LogOutputStream:75 - [STDERR_REDIRECT] 
2025-11-02 14:18:03,561 [ERROR] LogOutputStream:75 - [STDERR_REDIRECT] [Fatal Error] :1:1: Premature end of file.
2025-11-02 14:18:03,562 [ERROR] LogOutputStream:75 - [STDERR_REDIRECT] 
2025-11-02 14:18:04,548 [ERROR] LogOutputStream:75 - [STDERR_REDIRECT] [Fatal Error] :1:1: Premature end of file.
2025-11-02 14:18:04,548 [ERROR] LogOutputStream:75 - [STDERR_REDIRECT] 
2025-11-02 14:18:05,549 [ERROR] LogOutputStream:75 - [STDERR_REDIRECT] [Fatal Error] :1:1: Premature end of file.
2025-11-02 14:18:05,549 [ERROR] LogOutputStream:75 - [STDERR_REDIRECT] 
2025-11-02 14:18:06,528 [ERROR] LogOutputStream:75 - [STDERR_REDIRECT] [Fatal Error] :1:1: Premature end of file.
2025-11-02 14:18:06,529 [ERROR] LogOutputStream:75 - [STDERR_REDIRECT] 
2025-11-02 14:18:07,530 [ERROR] LogOutputStream:75 - [STDERR_REDIRECT] [Fatal Error] :1:1: Premature end of file.
2025-11-02 14:18:07,530 [ERROR] LogOutputStream:75 - [STDERR_REDIRECT] 
2025-11-02 14:18:08,528 [ERROR] LogOutputStream:75 - [STDERR_REDIRECT] [Fatal Error] :1:1: Premature end of file.
2025-11-02 14:18:08,528 [ERROR] LogOutputStream:75 - [STDERR_REDIRECT] 
2025-11-02 14:18:09,538 [ERROR] LogOutputStream:75 - [STDERR_REDIRECT] [Fatal Error] :1:1: Premature end of file.
2025-11-02 14:18:09,539 [ERROR] LogOutputStream:75 - [STDERR_REDIRECT] 
2025-11-02 14:18:10,531 [ERROR] LogOutputStream:75 - [STDERR_REDIRECT] [Fatal Error] :1:1: Premature end of file.
2025-11-02 14:18:10,531 [ERROR] LogOutputStream:75 - [STDERR_REDIRECT] 
2025-11-02 14:18:11,524 [ERROR] LogOutputStream:75 - [STDERR_REDIRECT] [Fatal Error] :1:1: Premature end of file.
2025-11-02 14:18:11,525 [ERROR] LogOutputStream:75 - [STDERR_REDIRECT] 
2025-11-02 14:18:12,534 [ERROR] LogOutputStream:75 - [STDERR_REDIRECT] [Fatal Error] :1:1: Premature end of file.
2025-11-02 14:18:12,536 [ERROR] LogOutputStream:75 - [STDERR_REDIRECT] 
2025-11-02 14:18:13,500 [ERROR] LogOutputStream:75 - [STDERR_REDIRECT] [Fatal Error] :1:1: Premature end of file.
2025-11-02 14:18:13,501 [ERROR] LogOutputStream:75 - [STDERR_REDIRECT] 
2025-11-02 14:18:14,523 [ERROR] LogOutputStream:75 - [STDERR_REDIRECT] [Fatal Error] :1:1: Premature end of file.
2025-11-02 14:18:14,524 [ERROR] LogOutputStream:75 - [STDERR_REDIRECT] 
2025-11-02 14:18:15,528 [ERROR] LogOutputStream:75 - [STDERR_REDIRECT] [Fatal Error] :1:1: Premature end of file.
2025-11-02 14:18:15,528 [ERROR] LogOutputStream:75 - [STDERR_REDIRECT] 
2025-11-02 14:18:16,524 [ERROR] LogOutputStream:75 - [STDERR_REDIRECT] [Fatal Error] :1:1: Premature end of file.
2025-11-02 14:18:16,524 [ERROR] LogOutputStream:75 - [STDERR_REDIRECT] 
2025-11-02 14:18:17,527 [ERROR] LogOutputStream:75 - [STDERR_REDIRECT] [Fatal Error] :1:1: Premature end of file.
2025-11-02 14:18:17,527 [ERROR] LogOutputStream:75 - [STDERR_REDIRECT] 
2025-11-02 14:18:18,525 [ERROR] LogOutputStream:75 - [STDERR_REDIRECT] [Fatal Error] :1:1: Premature end of file.
2025-11-02 14:18:18,525 [ERROR] LogOutputStream:75 - [STDERR_REDIRECT] 
2025-11-02 14:18:19,507 [ERROR] LogOutputStream:75 - [STDERR_REDIRECT] [Fatal Error] :1:1: Premature end of file.
2025-11-02 14:18:19,507 [ERROR] LogOutputStream:75 - [STDERR_REDIRECT] 
2025-11-02 14:18:20,526 [ERROR] LogOutputStream:75 - [STDERR_REDIRECT] [Fatal Error] :1:1: Premature end of file.
2025-11-02 14:18:20,526 [ERROR] LogOutputStream:75 - [STDERR_REDIRECT] 
2025-11-02 14:18:21,524 [ERROR] LogOutputStream:75 - [STDERR_REDIRECT] [Fatal Error] :1:1: Premature end of file.
2025-11-02 14:18:21,525 [ERROR] LogOutputStream:75 - [STDERR_REDIRECT] 
2025-11-02 14:18:22,509 [ERROR] LogOutputStream:75 - [STDERR_REDIRECT] [Fatal Error] :1:1: Premature end of file.
2025-11-02 14:18:22,509 [ERROR] LogOutputStream:75 - [STDERR_REDIRECT] 
2025-11-02 14:18:23,507 [ERROR] LogOutputStream:75 - [STDERR_REDIRECT] [Fatal Error] :1:1: Premature end of file.
2025-11-02 14:18:23,507 [ERROR] LogOutputStream:75 - [STDERR_REDIRECT] 
2025-11-02 14:18:24,523 [ERROR] LogOutputStream:75 - [STDERR_REDIRECT] [Fatal Error] :1:1: Premature end of file.
2025-11-02 14:18:24,523 [ERROR] LogOutputStream:75 - [STDERR_REDIRECT] 
2025-11-02 14:18:25,528 [ERROR] LogOutputStream:75 - [STDERR_REDIRECT] [Fatal Error] :1:1: Premature end of file.
2025-11-02 14:18:25,528 [ERROR] LogOutputStream:75 - [STDERR_REDIRECT] 
2025-11-02 14:18:26,530 [ERROR] LogOutputStream:75 - [STDERR_REDIRECT] [Fatal Error] :1:1: Premature end of file.
2025-11-02 14:18:26,531 [ERROR] LogOutputStream:75 - [STDERR_REDIRECT] 
2025-11-02 14:18:27,522 [ERROR] LogOutputStream:75 - [STDERR_REDIRECT] [Fatal Error] :1:1: Premature end of file.
2025-11-02 14:18:27,522 [ERROR] LogOutputStream:75 - [STDERR_REDIRECT] 
2025-11-02 14:18:28,528 [ERROR] LogOutputStream:75 - [STDERR_REDIRECT] [Fatal Error] :1:1: Premature end of file.
2025-11-02 14:18:28,528 [ERROR] LogOutputStream:75 - [STDERR_REDIRECT] 
2025-11-02 14:18:29,528 [ERROR] LogOutputStream:75 - [STDERR_REDIRECT] [Fatal Error] :1:1: Premature end of file.
2025-11-02 14:18:29,528 [ERROR] LogOutputStream:75 - [STDERR_REDIRECT] 
2025-11-02 14:18:30,528 [ERROR] LogOutputStream:75 - [STDERR_REDIRECT] [Fatal Error] :1:1: Premature end of file.
2025-11-02 14:18:30,529 [ERROR] LogOutputStream:75 - [STDERR_REDIRECT] 
2025-11-02 14:18:31,523 [ERROR] LogOutputStream:75 - [STDERR_REDIRECT] [Fatal Error] :1:1: Premature end of file.
2025-11-02 14:18:31,523 [ERROR] LogOutputStream:75 - [STDERR_REDIRECT] 
2025-11-02 14:18:32,523 [ERROR] LogOutputStream:75 - [STDERR_REDIRECT] [Fatal Error] :1:1: Premature end of file.
2025-11-02 14:18:32,523 [ERROR] LogOutputStream:75 - [STDERR_REDIRECT] 
2025-11-02 14:18:33,504 [ERROR] LogOutputStream:75 - [STDERR_REDIRECT] [Fatal Error] :1:1: Premature end of file.
2025-11-02 14:18:33,504 [ERROR] LogOutputStream:75 - [STDERR_REDIRECT] 
2025-11-02 14:18:34,528 [ERROR] LogOutputStream:75 - [STDERR_REDIRECT] [Fatal Error] :1:1: Premature end of file.
2025-11-02 14:18:34,528 [ERROR] LogOutputStream:75 - [STDERR_REDIRECT] 
2025-11-02 14:18:35,520 [ERROR] LogOutputStream:75 - [STDERR_REDIRECT] [Fatal Error] :1:1: Premature end of file.
2025-11-02 14:18:35,520 [ERROR] LogOutputStream:75 - [STDERR_REDIRECT] 
2025-11-02 14:18:36,518 [ERROR] LogOutputStream:75 - [STDERR_REDIRECT] [Fatal Error] :1:1: Premature end of file.
2025-11-02 14:18:36,518 [ERROR] LogOutputStream:75 - [STDERR_REDIRECT] 
2025-11-02 14:18:37,522 [ERROR] LogOutputStream:75 - [STDERR_REDIRECT] [Fatal Error] :1:1: Premature end of file.
2025-11-02 14:18:37,523 [ERROR] LogOutputStream:75 - [STDERR_REDIRECT] 
2025-11-02 14:18:38,528 [ERROR] LogOutputStream:75 - [STDERR_REDIRECT] [Fatal Error] :1:1: Premature end of file.
2025-11-02 14:18:38,528 [ERROR] LogOutputStream:75 - [STDERR_REDIRECT] 
2025-11-02 14:18:39,529 [ERROR] LogOutputStream:75 - [STDERR_REDIRECT] [Fatal Error] :1:1: Premature end of file.
2025-11-02 14:18:39,529 [ERROR] LogOutputStream:75 - [STDERR_REDIRECT] 
2025-11-02 14:18:40,530 [ERROR] LogOutputStream:75 - [STDERR_REDIRECT] [Fatal Error] :1:1: Premature end of file.
2025-11-02 14:18:40,530 [ERROR] LogOutputStream:75 - [STDERR_REDIRECT] 
2025-11-02 14:18:41,527 [ERROR] LogOutputStream:75 - [STDERR_REDIRECT] [Fatal Error] :1:1: Premature end of file.
2025-11-02 14:18:41,527 [ERROR] LogOutputStream:75 - [STDERR_REDIRECT] 
2025-11-02 14:18:42,528 [ERROR] LogOutputStream:75 - [STDERR_REDIRECT] [Fatal Error] :1:1: Premature end of file.
2025-11-02 14:18:42,528 [ERROR] LogOutputStream:75 - [STDERR_REDIRECT] 
2025-11-02 14:18:43,530 [ERROR] LogOutputStream:75 - [STDERR_REDIRECT] [Fatal Error] :1:1: Premature end of file.
2025-11-02 14:18:43,531 [ERROR] LogOutputStream:75 - [STDERR_REDIRECT] 
2025-11-02 14:18:44,525 [ERROR] LogOutputStream:75 - [STDERR_REDIRECT] [Fatal Error] :1:1: Premature end of file.
2025-11-02 14:18:44,526 [ERROR] LogOutputStream:75 - [STDERR_REDIRECT] 
2025-11-02 14:18:45,532 [ERROR] LogOutputStream:75 - [STDERR_REDIRECT] [Fatal Error] :1:1: Premature end of file.
2025-11-02 14:18:45,532 [ERROR] LogOutputStream:75 - [STDERR_REDIRECT] 
2025-11-02 14:18:46,528 [ERROR] LogOutputStream:75 - [STDERR_REDIRECT] [Fatal Error] :1:1: Premature end of file.
2025-11-02 14:18:46,529 [ERROR] LogOutputStream:75 - [STDERR_REDIRECT] 
2025-11-02 14:18:47,517 [ERROR] LogOutputStream:75 - [STDERR_REDIRECT] [Fatal Error] :1:1: Premature end of file.
2025-11-02 14:18:47,517 [ERROR] LogOutputStream:75 - [STDERR_REDIRECT] 
2025-11-02 14:18:48,511 [ERROR] LogOutputStream:75 - [STDERR_REDIRECT] [Fatal Error] :1:1: Premature end of file.
2025-11-02 14:18:48,512 [ERROR] LogOutputStream:75 - [STDERR_REDIRECT] 
2025-11-02 14:18:49,519 [ERROR] LogOutputStream:75 - [STDERR_REDIRECT] [Fatal Error] :1:1: Premature end of file.
2025-11-02 14:18:49,520 [ERROR] LogOutputStream:75 - [STDERR_REDIRECT] 
2025-11-02 14:18:50,523 [ERROR] LogOutputStream:75 - [STDERR_REDIRECT] [Fatal Error] :1:1: Premature end of file.
2025-11-02 14:18:50,523 [ERROR] LogOutputStream:75 - [STDERR_REDIRECT] 
2025-11-02 14:18:51,516 [ERROR] LogOutputStream:75 - [STDERR_REDIRECT] [Fatal Error] :1:1: Premature end of file.
2025-11-02 14:18:51,516 [ERROR] LogOutputStream:75 - [STDERR_REDIRECT] 
2025-11-02 14:18:52,516 [ERROR] LogOutputStream:75 - [STDERR_REDIRECT] [Fatal Error] :1:1: Premature end of file.
2025-11-02 14:18:52,516 [ERROR] LogOutputStream:75 - [STDERR_REDIRECT] 
2025-11-02 14:18:53,533 [ERROR] LogOutputStream:75 - [STDERR_REDIRECT] [Fatal Error] :1:1: Premature end of file.
2025-11-02 14:18:53,533 [ERROR] LogOutputStream:75 - [STDERR_REDIRECT] 
2025-11-02 14:18:54,525 [ERROR] LogOutputStream:75 - [STDERR_REDIRECT] [Fatal Error] :1:1: Premature end of file.
2025-11-02 14:18:54,525 [ERROR] LogOutputStream:75 - [STDERR_REDIRECT] 
2025-11-02 14:18:55,528 [ERROR] LogOutputStream:75 - [STDERR_REDIRECT] [Fatal Error] :1:1: Premature end of file.
2025-11-02 14:18:55,528 [ERROR] LogOutputStream:75 - [STDERR_REDIRECT] 
2025-11-02 14:18:56,523 [ERROR] LogOutputStream:75 - [STDERR_REDIRECT] [Fatal Error] :1:1: Premature end of file.
2025-11-02 14:18:56,524 [ERROR] LogOutputStream:75 - [STDERR_REDIRECT] 
2025-11-02 14:18:57,522 [ERROR] LogOutputStream:75 - [STDERR_REDIRECT] [Fatal Error] :1:1: Premature end of file.
2025-11-02 14:18:57,522 [ERROR] LogOutputStream:75 - [STDERR_REDIRECT] 
2025-11-02 14:18:58,506 [ERROR] LogOutputStream:75 - [STDERR_REDIRECT] [Fatal Error] :1:1: Premature end of file.
2025-11-02 14:18:58,506 [ERROR] LogOutputStream:75 - [STDERR_REDIRECT] 
2025-11-02 14:18:59,508 [ERROR] LogOutputStream:75 - [STDERR_REDIRECT] [Fatal Error] :1:1: Premature end of file.
2025-11-02 14:18:59,509 [ERROR] LogOutputStream:75 - [STDERR_REDIRECT] 
2025-11-02 14:19:00,524 [ERROR] LogOutputStream:75 - [STDERR_REDIRECT] [Fatal Error] :1:1: Premature end of file.
2025-11-02 14:19:00,524 [ERROR] LogOutputStream:75 - [STDERR_REDIRECT] 
2025-11-02 14:19:01,524 [ERROR] LogOutputStream:75 - [STDERR_REDIRECT] [Fatal Error] :1:1: Premature end of file.
2025-11-02 14:19:01,524 [ERROR] LogOutputStream:75 - [STDERR_REDIRECT] 
2025-11-02 14:19:02,528 [ERROR] LogOutputStream:75 - [STDERR_REDIRECT] [Fatal Error] :1:1: Premature end of file.
2025-11-02 14:19:02,528 [ERROR] LogOutputStream:75 - [STDERR_REDIRECT] 
2025-11-02 14:19:03,529 [ERROR] LogOutputStream:75 - [STDERR_REDIRECT] [Fatal Error] :1:1: Premature end of file.
2025-11-02 14:19:03,529 [ERROR] LogOutputStream:75 - [STDERR_REDIRECT] 
2025-11-02 14:19:04,529 [ERROR] LogOutputStream:75 - [STDERR_REDIRECT] [Fatal Error] :1:1: Premature end of file.
2025-11-02 14:19:04,529 [ERROR] LogOutputStream:75 - [STDERR_REDIRECT] 
2025-11-02 14:19:05,556 [ERROR] LogOutputStream:75 - [STDERR_REDIRECT] [Fatal Error] :1:1: Premature end of file.
2025-11-02 14:19:05,556 [ERROR] LogOutputStream:75 - [STDERR_REDIRECT] 
2025-11-02 14:19:06,549 [ERROR] LogOutputStream:75 - [STDERR_REDIRECT] [Fatal Error] :1:1: Premature end of file.
2025-11-02 14:19:06,550 [ERROR] LogOutputStream:75 - [STDERR_REDIRECT] 
2025-11-02 14:19:07,560 [ERROR] LogOutputStream:75 - [STDERR_REDIRECT] [Fatal Error] :1:1: Premature end of file.
2025-11-02 14:19:07,560 [ERROR] LogOutputStream:75 - [STDERR_REDIRECT] 
2025-11-02 14:19:08,527 [ERROR] LogOutputStream:75 - [STDERR_REDIRECT] [Fatal Error] :1:1: Premature end of file.
2025-11-02 14:19:08,527 [ERROR] LogOutputStream:75 - [STDERR_REDIRECT] 
2025-11-02 14:19:09,501 [ERROR] LogOutputStream:75 - [STDERR_REDIRECT] [Fatal Error] :1:1: Premature end of file.
2025-11-02 14:19:09,501 [ERROR] LogOutputStream:75 - [STDERR_REDIRECT] 
2025-11-02 14:19:10,519 [ERROR] LogOutputStream:75 - [STDERR_REDIRECT] [Fatal Error] :1:1: Premature end of file.
2025-11-02 14:19:10,519 [ERROR] LogOutputStream:75 - [STDERR_REDIRECT] 
2025-11-02 14:19:11,515 [ERROR] LogOutputStream:75 - [STDERR_REDIRECT] [Fatal Error] :1:1: Premature end of file.
2025-11-02 14:19:11,515 [ERROR] LogOutputStream:75 - [STDERR_REDIRECT] 
2025-11-02 14:19:12,510 [ERROR] LogOutputStream:75 - [STDERR_REDIRECT] [Fatal Error] :1:1: Premature end of file.
2025-11-02 14:19:12,510 [ERROR] LogOutputStream:75 - [STDERR_REDIRECT] 
2025-11-02 14:19:13,513 [ERROR] LogOutputStream:75 - [STDERR_REDIRECT] [Fatal Error] :1:1: Premature end of file.
2025-11-02 14:19:13,513 [ERROR] LogOutputStream:75 - [STDERR_REDIRECT] 
2025-11-02 14:19:14,523 [ERROR] LogOutputStream:75 - [STDERR_REDIRECT] [Fatal Error] :1:1: Premature end of file.
2025-11-02 14:19:14,524 [ERROR] LogOutputStream:75 - [STDERR_REDIRECT] 
2025-11-02 14:19:15,514 [ERROR] LogOutputStream:75 - [STDERR_REDIRECT] [Fatal Error] :1:1: Premature end of file.
2025-11-02 14:19:15,514 [ERROR] LogOutputStream:75 - [STDERR_REDIRECT] 
2025-11-02 14:19:16,513 [ERROR] LogOutputStream:75 - [STDERR_REDIRECT] [Fatal Error] :1:1: Premature end of file.
2025-11-02 14:19:16,513 [ERROR] LogOutputStream:75 - [STDERR_REDIRECT] 
2025-11-02 14:19:17,518 [ERROR] LogOutputStream:75 - [STDERR_REDIRECT] [Fatal Error] :1:1: Premature end of file.
2025-11-02 14:19:17,518 [ERROR] LogOutputStream:75 - [STDERR_REDIRECT] 
2025-11-02 14:19:18,523 [ERROR] LogOutputStream:75 - [STDERR_REDIRECT] [Fatal Error] :1:1: Premature end of file.
2025-11-02 14:19:18,523 [ERROR] LogOutputStream:75 - [STDERR_REDIRECT] 
2025-11-02 14:19:19,523 [ERROR] LogOutputStream:75 - [STDERR_REDIRECT] [Fatal Error] :1:1: Premature end of file.
2025-11-02 14:19:19,523 [ERROR] LogOutputStream:75 - [STDERR_REDIRECT] 
2025-11-02 14:19:20,522 [ERROR] LogOutputStream:75 - [STDERR_REDIRECT] [Fatal Error] :1:1: Premature end of file.
2025-11-02 14:19:20,522 [ERROR] LogOutputStream:75 - [STDERR_REDIRECT] 
2025-11-02 14:19:21,514 [ERROR] LogOutputStream:75 - [STDERR_REDIRECT] [Fatal Error] :1:1: Premature end of file.
2025-11-02 14:19:21,514 [ERROR] LogOutputStream:75 - [STDERR_REDIRECT] 
2025-11-02 14:19:22,553 [ERROR] LogOutputStream:75 - [STDERR_REDIRECT] [Fatal Error] :1:1: Premature end of file.
2025-11-02 14:19:22,554 [ERROR] LogOutputStream:75 - [STDERR_REDIRECT] 
2025-11-02 14:19:23,532 [ERROR] LogOutputStream:75 - [STDERR_REDIRECT] [Fatal Error] :1:1: Premature end of file.
2025-11-02 14:19:23,532 [ERROR] LogOutputStream:75 - [STDERR_REDIRECT] 
2025-11-02 14:19:24,545 [ERROR] LogOutputStream:75 - [STDERR_REDIRECT] [Fatal Error] :1:1: Premature end of file.
2025-11-02 14:19:24,545 [ERROR] LogOutputStream:75 - [STDERR_REDIRECT] 
2025-11-02 14:19:25,565 [ERROR] LogOutputStream:75 - [STDERR_REDIRECT] [Fatal Error] :1:1: Premature end of file.
2025-11-02 14:19:25,566 [ERROR] LogOutputStream:75 - [STDERR_REDIRECT] 
2025-11-02 14:19:26,545 [ERROR] LogOutputStream:75 - [STDERR_REDIRECT] [Fatal Error] :1:1: Premature end of file.
2025-11-02 14:19:26,545 [ERROR] LogOutputStream:75 - [STDERR_REDIRECT] 
2025-11-02 14:19:27,558 [ERROR] LogOutputStream:75 - [STDERR_REDIRECT] [Fatal Error] :1:1: Premature end of file.
2025-11-02 14:19:27,558 [ERROR] LogOutputStream:75 - [STDERR_REDIRECT] 
2025-11-02 14:19:28,550 [ERROR] LogOutputStream:75 - [STDERR_REDIRECT] [Fatal Error] :1:1: Premature end of file.
2025-11-02 14:19:28,550 [ERROR] LogOutputStream:75 - [STDERR_REDIRECT] 
2025-11-02 14:19:29,556 [ERROR] LogOutputStream:75 - [STDERR_REDIRECT] [Fatal Error] :1:1: Premature end of file.
2025-11-02 14:19:29,556 [ERROR] LogOutputStream:75 - [STDERR_REDIRECT] 
2025-11-02 14:19:30,547 [ERROR] LogOutputStream:75 - [STDERR_REDIRECT] [Fatal Error] :1:1: Premature end of file.
2025-11-02 14:19:30,548 [ERROR] LogOutputStream:75 - [STDERR_REDIRECT] 
2025-11-02 14:19:31,542 [ERROR] LogOutputStream:75 - [STDERR_REDIRECT] [Fatal Error] :1:1: Premature end of file.
2025-11-02 14:19:31,543 [ERROR] LogOutputStream:75 - [STDERR_REDIRECT] 
2025-11-02 14:19:32,561 [ERROR] LogOutputStream:75 - [STDERR_REDIRECT] [Fatal Error] :1:1: Premature end of file.
2025-11-02 14:19:32,561 [ERROR] LogOutputStream:75 - [STDERR_REDIRECT] 
2025-11-02 14:19:33,556 [ERROR] LogOutputStream:75 - [STDERR_REDIRECT] [Fatal Error] :1:1: Premature end of file.
2025-11-02 14:19:33,557 [ERROR] LogOutputStream:75 - [STDERR_REDIRECT] 
2025-11-02 14:19:34,565 [ERROR] LogOutputStream:75 - [STDERR_REDIRECT] [Fatal Error] :1:1: Premature end of file.
2025-11-02 14:19:34,565 [ERROR] LogOutputStream:75 - [STDERR_REDIRECT] 
2025-11-02 14:19:35,553 [ERROR] LogOutputStream:75 - [STDERR_REDIRECT] [Fatal Error] :1:1: Premature end of file.
2025-11-02 14:19:35,553 [ERROR] LogOutputStream:75 - [STDERR_REDIRECT] 
2025-11-02 14:19:36,554 [ERROR] LogOutputStream:75 - [STDERR_REDIRECT] [Fatal Error] :1:1: Premature end of file.
2025-11-02 14:19:36,554 [ERROR] LogOutputStream:75 - [STDERR_REDIRECT] 
2025-11-02 14:19:37,548 [ERROR] LogOutputStream:75 - [STDERR_REDIRECT] [Fatal Error] :1:1: Premature end of file.
2025-11-02 14:19:37,548 [ERROR] LogOutputStream:75 - [STDERR_REDIRECT] 
2025-11-02 14:19:38,557 [ERROR] LogOutputStream:75 - [STDERR_REDIRECT] [Fatal Error] :1:1: Premature end of file.
2025-11-02 14:19:38,558 [ERROR] LogOutputStream:75 - [STDERR_REDIRECT] 
2025-11-02 14:19:39,551 [ERROR] LogOutputStream:75 - [STDERR_REDIRECT] [Fatal Error] :1:1: Premature end of file.
2025-11-02 14:19:39,551 [ERROR] LogOutputStream:75 - [STDERR_REDIRECT] 
2025-11-02 14:19:40,555 [ERROR] LogOutputStream:75 - [STDERR_REDIRECT] [Fatal Error] :1:1: Premature end of file.
2025-11-02 14:19:40,555 [ERROR] LogOutputStream:75 - [STDERR_REDIRECT] 
2025-11-02 14:19:41,552 [ERROR] LogOutputStream:75 - [STDERR_REDIRECT] [Fatal Error] :1:1: Premature end of file.
2025-11-02 14:19:41,552 [ERROR] LogOutputStream:75 - [STDERR_REDIRECT] 
2025-11-02 14:19:42,552 [ERROR] LogOutputStream:75 - [STDERR_REDIRECT] [Fatal Error] :1:1: Premature end of file.
2025-11-02 14:19:42,552 [ERROR] LogOutputStream:75 - [STDERR_REDIRECT] 
2025-11-02 14:19:43,564 [ERROR] LogOutputStream:75 - [STDERR_REDIRECT] [Fatal Error] :1:1: Premature end of file.
2025-11-02 14:19:43,564 [ERROR] LogOutputStream:75 - [STDERR_REDIRECT] 
2025-11-02 14:19:44,557 [ERROR] LogOutputStream:75 - [STDERR_REDIRECT] [Fatal Error] :1:1: Premature end of file.
2025-11-02 14:19:44,557 [ERROR] LogOutputStream:75 - [STDERR_REDIRECT] 
2025-11-02 14:19:45,565 [ERROR] LogOutputStream:75 - [STDERR_REDIRECT] [Fatal Error] :1:1: Premature end of file.
2025-11-02 14:19:45,565 [ERROR] LogOutputStream:75 - [STDERR_REDIRECT] 
2025-11-02 14:19:46,554 [ERROR] LogOutputStream:75 - [STDERR_REDIRECT] [Fatal Error] :1:1: Premature end of file.
2025-11-02 14:19:46,555 [ERROR] LogOutputStream:75 - [STDERR_REDIRECT] 
2025-11-02 14:19:47,556 [ERROR] LogOutputStream:75 - [STDERR_REDIRECT] [Fatal Error] :1:1: Premature end of file.
2025-11-02 14:19:47,556 [ERROR] LogOutputStream:75 - [STDERR_REDIRECT] 
2025-11-02 14:19:48,551 [ERROR] LogOutputStream:75 - [STDERR_REDIRECT] [Fatal Error] :1:1: Premature end of file.
2025-11-02 14:19:48,552 [ERROR] LogOutputStream:75 - [STDERR_REDIRECT] 
2025-11-02 14:19:49,565 [ERROR] LogOutputStream:75 - [STDERR_REDIRECT] [Fatal Error] :1:1: Premature end of file.
2025-11-02 14:19:49,566 [ERROR] LogOutputStream:75 - [STDERR_REDIRECT] 
2025-11-02 14:19:50,554 [ERROR] LogOutputStream:75 - [STDERR_REDIRECT] [Fatal Error] :1:1: Premature end of file.
2025-11-02 14:19:50,554 [ERROR] LogOutputStream:75 - [STDERR_REDIRECT] 
2025-11-02 14:19:51,555 [ERROR] LogOutputStream:75 - [STDERR_REDIRECT] [Fatal Error] :1:1: Premature end of file.
2025-11-02 14:19:51,556 [ERROR] LogOutputStream:75 - [STDERR_REDIRECT] 
2025-11-02 14:19:52,551 [ERROR] LogOutputStream:75 - [STDERR_REDIRECT] [Fatal Error] :1:1: Premature end of file.
2025-11-02 14:19:52,552 [ERROR] LogOutputStream:75 - [STDERR_REDIRECT] 
2025-11-02 14:19:53,554 [ERROR] LogOutputStream:75 - [STDERR_REDIRECT] [Fatal Error] :1:1: Premature end of file.
2025-11-02 14:19:53,554 [ERROR] LogOutputStream:75 - [STDERR_REDIRECT] 
2025-11-02 14:19:54,543 [ERROR] LogOutputStream:75 - [STDERR_REDIRECT] [Fatal Error] :1:1: Premature end of file.
2025-11-02 14:19:54,543 [ERROR] LogOutputStream:75 - [STDERR_REDIRECT] 
2025-11-02 14:19:55,550 [ERROR] LogOutputStream:75 - [STDERR_REDIRECT] [Fatal Error] :1:1: Premature end of file.
2025-11-02 14:19:55,550 [ERROR] LogOutputStream:75 - [STDERR_REDIRECT] 
2025-11-02 14:19:56,555 [ERROR] LogOutputStream:75 - [STDERR_REDIRECT] [Fatal Error] :1:1: Premature end of file.
2025-11-02 14:19:56,555 [ERROR] LogOutputStream:75 - [STDERR_REDIRECT] 
2025-11-02 14:19:57,551 [ERROR] LogOutputStream:75 - [STDERR_REDIRECT] [Fatal Error] :1:1: Premature end of file.
2025-11-02 14:19:57,551 [ERROR] LogOutputStream:75 - [STDERR_REDIRECT] 
2025-11-02 14:19:58,553 [ERROR] LogOutputStream:75 - [STDERR_REDIRECT] [Fatal Error] :1:1: Premature end of file.
2025-11-02 14:19:58,553 [ERROR] LogOutputStream:75 - [STDERR_REDIRECT] 
2025-11-02 14:19:59,594 [ERROR] LogOutputStream:75 - [STDERR_REDIRECT] [Fatal Error] :1:1: Premature end of file.
2025-11-02 14:19:59,594 [ERROR] LogOutputStream:75 - [STDERR_REDIRECT] 
2025-11-02 14:20:00,535 [ERROR] LogOutputStream:75 - [STDERR_REDIRECT] [Fatal Error] :1:1: Premature end of file.
2025-11-02 14:20:00,535 [ERROR] LogOutputStream:75 - [STDERR_REDIRECT] 
2025-11-02 14:20:01,514 [ERROR] LogOutputStream:75 - [STDERR_REDIRECT] [Fatal Error] :1:1: Premature end of file.
2025-11-02 14:20:01,515 [ERROR] LogOutputStream:75 - [STDERR_REDIRECT] 
2025-11-02 14:20:02,519 [ERROR] LogOutputStream:75 - [STDERR_REDIRECT] [Fatal Error] :1:1: Premature end of file.
2025-11-02 14:20:02,520 [ERROR] LogOutputStream:75 - [STDERR_REDIRECT] 
2025-11-02 14:20:03,516 [ERROR] LogOutputStream:75 - [STDERR_REDIRECT] [Fatal Error] :1:1: Premature end of file.
2025-11-02 14:20:03,517 [ERROR] LogOutputStream:75 - [STDERR_REDIRECT] 
2025-11-02 14:20:04,531 [ERROR] LogOutputStream:75 - [STDERR_REDIRECT] [Fatal Error] :1:1: Premature end of file.
2025-11-02 14:20:04,531 [ERROR] LogOutputStream:75 - [STDERR_REDIRECT] 
2025-11-02 14:20:05,527 [ERROR] LogOutputStream:75 - [STDERR_REDIRECT] [Fatal Error] :1:1: Premature end of file.
2025-11-02 14:20:05,527 [ERROR] LogOutputStream:75 - [STDERR_REDIRECT] 
2025-11-02 14:20:06,512 [ERROR] LogOutputStream:75 - [STDERR_REDIRECT] [Fatal Error] :1:1: Premature end of file.
2025-11-02 14:20:06,512 [ERROR] LogOutputStream:75 - [STDERR_REDIRECT] 
2025-11-02 14:20:07,503 [ERROR] LogOutputStream:75 - [STDERR_REDIRECT] [Fatal Error] :1:1: Premature end of file.
2025-11-02 14:20:07,503 [ERROR] LogOutputStream:75 - [STDERR_REDIRECT] 
2025-11-02 14:20:08,524 [ERROR] LogOutputStream:75 - [STDERR_REDIRECT] [Fatal Error] :1:1: Premature end of file.
2025-11-02 14:20:08,524 [ERROR] LogOutputStream:75 - [STDERR_REDIRECT] 
2025-11-02 14:20:09,524 [ERROR] LogOutputStream:75 - [STDERR_REDIRECT] [Fatal Error] :1:1: Premature end of file.
2025-11-02 14:20:09,524 [ERROR] LogOutputStream:75 - [STDERR_REDIRECT] 
2025-11-02 14:20:10,521 [ERROR] LogOutputStream:75 - [STDERR_REDIRECT] [Fatal Error] :1:1: Premature end of file.
2025-11-02 14:20:10,522 [ERROR] LogOutputStream:75 - [STDERR_REDIRECT] 
2025-11-02 14:20:11,554 [ERROR] LogOutputStream:75 - [STDERR_REDIRECT] [Fatal Error] :1:1: Premature end of file.
2025-11-02 14:20:11,554 [ERROR] LogOutputStream:75 - [STDERR_REDIRECT] 
2025-11-02 14:20:12,544 [ERROR] LogOutputStream:75 - [STDERR_REDIRECT] [Fatal Error] :1:1: Premature end of file.
2025-11-02 14:20:12,544 [ERROR] LogOutputStream:75 - [STDERR_REDIRECT] 
2025-11-02 14:20:13,563 [ERROR] LogOutputStream:75 - [STDERR_REDIRECT] [Fatal Error] :1:1: Premature end of file.
2025-11-02 14:20:13,563 [ERROR] LogOutputStream:75 - [STDERR_REDIRECT] 
2025-11-02 14:20:14,567 [ERROR] LogOutputStream:75 - [STDERR_REDIRECT] [Fatal Error] :1:1: Premature end of file.
2025-11-02 14:20:14,567 [ERROR] LogOutputStream:75 - [STDERR_REDIRECT] 
2025-11-02 14:20:15,566 [ERROR] LogOutputStream:75 - [STDERR_REDIRECT] [Fatal Error] :1:1: Premature end of file.
2025-11-02 14:20:15,567 [ERROR] LogOutputStream:75 - [STDERR_REDIRECT] 
2025-11-02 14:20:16,532 [ERROR] LogOutputStream:75 - [STDERR_REDIRECT] [Fatal Error] :1:1: Premature end of file.
2025-11-02 14:20:16,533 [ERROR] LogOutputStream:75 - [STDERR_REDIRECT] 
2025-11-02 14:20:17,569 [ERROR] LogOutputStream:75 - [STDERR_REDIRECT] [Fatal Error] :1:1: Premature end of file.
2025-11-02 14:20:17,569 [ERROR] LogOutputStream:75 - [STDERR_REDIRECT] 
2025-11-02 14:20:18,556 [ERROR] LogOutputStream:75 - [STDERR_REDIRECT] [Fatal Error] :1:1: Premature end of file.
2025-11-02 14:20:18,556 [ERROR] LogOutputStream:75 - [STDERR_REDIRECT] 
2025-11-02 14:20:19,545 [ERROR] LogOutputStream:75 - [STDERR_REDIRECT] [Fatal Error] :1:1: Premature end of file.
2025-11-02 14:20:19,545 [ERROR] LogOutputStream:75 - [STDERR_REDIRECT] 
2025-11-02 14:20:20,567 [ERROR] LogOutputStream:75 - [STDERR_REDIRECT] [Fatal Error] :1:1: Premature end of file.
2025-11-02 14:20:20,567 [ERROR] LogOutputStream:75 - [STDERR_REDIRECT] 
2025-11-02 14:20:21,548 [ERROR] LogOutputStream:75 - [STDERR_REDIRECT] [Fatal Error] :1:1: Premature end of file.
2025-11-02 14:20:21,550 [ERROR] LogOutputStream:75 - [STDERR_REDIRECT] 
2025-11-02 14:20:22,552 [ERROR] LogOutputStream:75 - [STDERR_REDIRECT] [Fatal Error] :1:1: Premature end of file.
2025-11-02 14:20:22,553 [ERROR] LogOutputStream:75 - [STDERR_REDIRECT] 
2025-11-02 14:20:23,553 [ERROR] LogOutputStream:75 - [STDERR_REDIRECT] [Fatal Error] :1:1: Premature end of file.
2025-11-02 14:20:23,553 [ERROR] LogOutputStream:75 - [STDERR_REDIRECT] 
2025-11-02 14:20:24,562 [ERROR] LogOutputStream:75 - [STDERR_REDIRECT] [Fatal Error] :1:1: Premature end of file.
2025-11-02 14:20:24,562 [ERROR] LogOutputStream:75 - [STDERR_REDIRECT] 
2025-11-02 14:20:25,566 [ERROR] LogOutputStream:75 - [STDERR_REDIRECT] [Fatal Error] :1:1: Premature end of file.
2025-11-02 14:20:25,566 [ERROR] LogOutputStream:75 - [STDERR_REDIRECT] 
2025-11-02 14:20:26,572 [ERROR] LogOutputStream:75 - [STDERR_REDIRECT] [Fatal Error] :1:1: Premature end of file.
2025-11-02 14:20:26,572 [ERROR] LogOutputStream:75 - [STDERR_REDIRECT] 
2025-11-02 14:20:27,566 [ERROR] LogOutputStream:75 - [STDERR_REDIRECT] [Fatal Error] :1:1: Premature end of file.
2025-11-02 14:20:27,566 [ERROR] LogOutputStream:75 - [STDERR_REDIRECT] 
2025-11-02 14:20:28,562 [ERROR] LogOutputStream:75 - [STDERR_REDIRECT] [Fatal Error] :1:1: Premature end of file.
2025-11-02 14:20:28,563 [ERROR] LogOutputStream:75 - [STDERR_REDIRECT] 
2025-11-02 14:20:29,579 [ERROR] LogOutputStream:75 - [STDERR_REDIRECT] [Fatal Error] :1:1: Premature end of file.
2025-11-02 14:20:29,579 [ERROR] LogOutputStream:75 - [STDERR_REDIRECT] 
2025-11-02 14:20:30,566 [ERROR] LogOutputStream:75 - [STDERR_REDIRECT] [Fatal Error] :1:1: Premature end of file.
2025-11-02 14:20:30,566 [ERROR] LogOutputStream:75 - [STDERR_REDIRECT] 
2025-11-02 14:20:31,572 [ERROR] LogOutputStream:75 - [STDERR_REDIRECT] [Fatal Error] :1:1: Premature end of file.
2025-11-02 14:20:31,572 [ERROR] LogOutputStream:75 - [STDERR_REDIRECT] 
2025-11-02 14:20:32,543 [ERROR] LogOutputStream:75 - [STDERR_REDIRECT] [Fatal Error] :1:1: Premature end of file.
2025-11-02 14:20:32,543 [ERROR] LogOutputStream:75 - [STDERR_REDIRECT] 
2025-11-02 14:20:33,571 [ERROR] LogOutputStream:75 - [STDERR_REDIRECT] [Fatal Error] :1:1: Premature end of file.
2025-11-02 14:20:33,571 [ERROR] LogOutputStream:75 - [STDERR_REDIRECT] 
2025-11-02 14:20:34,559 [ERROR] LogOutputStream:75 - [STDERR_REDIRECT] [Fatal Error] :1:1: Premature end of file.
2025-11-02 14:20:34,559 [ERROR] LogOutputStream:75 - [STDERR_REDIRECT] 
2025-11-02 14:20:35,552 [ERROR] LogOutputStream:75 - [STDERR_REDIRECT] [Fatal Error] :1:1: Premature end of file.
2025-11-02 14:20:35,552 [ERROR] LogOutputStream:75 - [STDERR_REDIRECT] 
2025-11-02 14:20:36,565 [ERROR] LogOutputStream:75 - [STDERR_REDIRECT] [Fatal Error] :1:1: Premature end of file.
2025-11-02 14:20:36,565 [ERROR] LogOutputStream:75 - [STDERR_REDIRECT] 
2025-11-02 14:20:37,574 [ERROR] LogOutputStream:75 - [STDERR_REDIRECT] [Fatal Error] :1:1: Premature end of file.
2025-11-02 14:20:37,575 [ERROR] LogOutputStream:75 - [STDERR_REDIRECT] 
2025-11-02 14:20:38,564 [ERROR] LogOutputStream:75 - [STDERR_REDIRECT] [Fatal Error] :1:1: Premature end of file.
2025-11-02 14:20:38,564 [ERROR] LogOutputStream:75 - [STDERR_REDIRECT] 
2025-11-02 14:20:39,572 [ERROR] LogOutputStream:75 - [STDERR_REDIRECT] [Fatal Error] :1:1: Premature end of file.
2025-11-02 14:20:39,572 [ERROR] LogOutputStream:75 - [STDERR_REDIRECT] 
2025-11-02 14:20:40,558 [ERROR] LogOutputStream:75 - [STDERR_REDIRECT] [Fatal Error] :1:1: Premature end of file.
2025-11-02 14:20:40,558 [ERROR] LogOutputStream:75 - [STDERR_REDIRECT] 
2025-11-02 14:20:41,563 [ERROR] LogOutputStream:75 - [STDERR_REDIRECT] [Fatal Error] :1:1: Premature end of file.
2025-11-02 14:20:41,564 [ERROR] LogOutputStream:75 - [STDERR_REDIRECT] 
2025-11-02 14:20:42,568 [ERROR] LogOutputStream:75 - [STDERR_REDIRECT] [Fatal Error] :1:1: Premature end of file.
2025-11-02 14:20:42,568 [ERROR] LogOutputStream:75 - [STDERR_REDIRECT] 
2025-11-02 14:20:43,563 [ERROR] LogOutputStream:75 - [STDERR_REDIRECT] [Fatal Error] :1:1: Premature end of file.
2025-11-02 14:20:43,563 [ERROR] LogOutputStream:75 - [STDERR_REDIRECT] 
2025-11-02 14:20:44,531 [ERROR] LogOutputStream:75 - [STDERR_REDIRECT] [Fatal Error] :1:1: Premature end of file.
2025-11-02 14:20:44,531 [ERROR] LogOutputStream:75 - [STDERR_REDIRECT] 
2025-11-02 14:20:45,557 [ERROR] LogOutputStream:75 - [STDERR_REDIRECT] [Fatal Error] :1:1: Premature end of file.
2025-11-02 14:20:45,557 [ERROR] LogOutputStream:75 - [STDERR_REDIRECT] 
2025-11-02 14:20:46,539 [ERROR] LogOutputStream:75 - [STDERR_REDIRECT] [Fatal Error] :1:1: Premature end of file.
2025-11-02 14:20:46,540 [ERROR] LogOutputStream:75 - [STDERR_REDIRECT] 
2025-11-02 14:20:47,533 [ERROR] LogOutputStream:75 - [STDERR_REDIRECT] [Fatal Error] :1:1: Premature end of file.
2025-11-02 14:20:47,533 [ERROR] LogOutputStream:75 - [STDERR_REDIRECT] 
2025-11-02 14:20:48,566 [ERROR] LogOutputStream:75 - [STDERR_REDIRECT] [Fatal Error] :1:1: Premature end of file.
2025-11-02 14:20:48,566 [ERROR] LogOutputStream:75 - [STDERR_REDIRECT] 
2025-11-02 14:20:49,577 [ERROR] LogOutputStream:75 - [STDERR_REDIRECT] [Fatal Error] :1:1: Premature end of file.
2025-11-02 14:20:49,578 [ERROR] LogOutputStream:75 - [STDERR_REDIRECT] 
2025-11-02 14:20:50,539 [ERROR] LogOutputStream:75 - [STDERR_REDIRECT] [Fatal Error] :1:1: Premature end of file.
2025-11-02 14:20:50,539 [ERROR] LogOutputStream:75 - [STDERR_REDIRECT] 
2025-11-02 14:20:51,573 [ERROR] LogOutputStream:75 - [STDERR_REDIRECT] [Fatal Error] :1:1: Premature end of file.
2025-11-02 14:20:51,573 [ERROR] LogOutputStream:75 - [STDERR_REDIRECT] 
2025-11-02 14:20:52,558 [ERROR] LogOutputStream:75 - [STDERR_REDIRECT] [Fatal Error] :1:1: Premature end of file.
2025-11-02 14:20:52,558 [ERROR] LogOutputStream:75 - [STDERR_REDIRECT] 
2025-11-02 14:20:53,542 [ERROR] LogOutputStream:75 - [STDERR_REDIRECT] [Fatal Error] :1:1: Premature end of file.
2025-11-02 14:20:53,542 [ERROR] LogOutputStream:75 - [STDERR_REDIRECT] 
2025-11-02 14:20:54,576 [ERROR] LogOutputStream:75 - [STDERR_REDIRECT] [Fatal Error] :1:1: Premature end of file.
2025-11-02 14:20:54,577 [ERROR] LogOutputStream:75 - [STDERR_REDIRECT] 
2025-11-02 14:20:55,559 [ERROR] LogOutputStream:75 - [STDERR_REDIRECT] [Fatal Error] :1:1: Premature end of file.
2025-11-02 14:20:55,559 [ERROR] LogOutputStream:75 - [STDERR_REDIRECT] 
2025-11-02 14:20:56,572 [ERROR] LogOutputStream:75 - [STDERR_REDIRECT] [Fatal Error] :1:1: Premature end of file.
2025-11-02 14:20:56,572 [ERROR] LogOutputStream:75 - [STDERR_REDIRECT] 
2025-11-02 14:20:57,553 [ERROR] LogOutputStream:75 - [STDERR_REDIRECT] [Fatal Error] :1:1: Premature end of file.
2025-11-02 14:20:57,553 [ERROR] LogOutputStream:75 - [STDERR_REDIRECT] 
2025-11-02 14:20:58,540 [ERROR] LogOutputStream:75 - [STDERR_REDIRECT] [Fatal Error] :1:1: Premature end of file.
2025-11-02 14:20:58,542 [ERROR] LogOutputStream:75 - [STDERR_REDIRECT] 
2025-11-02 14:20:59,557 [ERROR] LogOutputStream:75 - [STDERR_REDIRECT] [Fatal Error] :1:1: Premature end of file.
2025-11-02 14:20:59,557 [ERROR] LogOutputStream:75 - [STDERR_REDIRECT] 
2025-11-02 14:21:00,545 [ERROR] LogOutputStream:75 - [STDERR_REDIRECT] [Fatal Error] :1:1: Premature end of file.
2025-11-02 14:21:00,545 [ERROR] LogOutputStream:75 - [STDERR_REDIRECT] 
2025-11-02 14:21:01,538 [ERROR] LogOutputStream:75 - [STDERR_REDIRECT] [Fatal Error] :1:1: Premature end of file.
2025-11-02 14:21:01,538 [ERROR] LogOutputStream:75 - [STDERR_REDIRECT] 
2025-11-02 14:21:02,579 [ERROR] LogOutputStream:75 - [STDERR_REDIRECT] [Fatal Error] :1:1: Premature end of file.
2025-11-02 14:21:02,580 [ERROR] LogOutputStream:75 - [STDERR_REDIRECT] 
2025-11-02 14:21:03,562 [ERROR] LogOutputStream:75 - [STDERR_REDIRECT] [Fatal Error] :1:1: Premature end of file.
2025-11-02 14:21:03,562 [ERROR] LogOutputStream:75 - [STDERR_REDIRECT] 
2025-11-02 14:21:04,555 [ERROR] LogOutputStream:75 - [STDERR_REDIRECT] [Fatal Error] :1:1: Premature end of file.
2025-11-02 14:21:04,556 [ERROR] LogOutputStream:75 - [STDERR_REDIRECT] 
2025-11-02 14:21:05,567 [ERROR] LogOutputStream:75 - [STDERR_REDIRECT] [Fatal Error] :1:1: Premature end of file.
2025-11-02 14:21:05,567 [ERROR] LogOutputStream:75 - [STDERR_REDIRECT] 
2025-11-02 14:21:06,551 [ERROR] LogOutputStream:75 - [STDERR_REDIRECT] [Fatal Error] :1:1: Premature end of file.
2025-11-02 14:21:06,551 [ERROR] LogOutputStream:75 - [STDERR_REDIRECT] 
2025-11-02 14:21:07,560 [ERROR] LogOutputStream:75 - [STDERR_REDIRECT] [Fatal Error] :1:1: Premature end of file.
2025-11-02 14:21:07,560 [ERROR] LogOutputStream:75 - [STDERR_REDIRECT] 
2025-11-02 14:21:08,564 [ERROR] LogOutputStream:75 - [STDERR_REDIRECT] [Fatal Error] :1:1: Premature end of file.
2025-11-02 14:21:08,564 [ERROR] LogOutputStream:75 - [STDERR_REDIRECT] 
2025-11-02 14:21:09,544 [ERROR] LogOutputStream:75 - [STDERR_REDIRECT] [Fatal Error] :1:1: Premature end of file.
2025-11-02 14:21:09,545 [ERROR] LogOutputStream:75 - [STDERR_REDIRECT] 
2025-11-02 14:21:10,556 [ERROR] LogOutputStream:75 - [STDERR_REDIRECT] [Fatal Error] :1:1: Premature end of file.
2025-11-02 14:21:10,557 [ERROR] LogOutputStream:75 - [STDERR_REDIRECT] 
2025-11-02 14:21:11,567 [ERROR] LogOutputStream:75 - [STDERR_REDIRECT] [Fatal Error] :1:1: Premature end of file.
2025-11-02 14:21:11,568 [ERROR] LogOutputStream:75 - [STDERR_REDIRECT] 
2025-11-02 14:21:12,544 [ERROR] LogOutputStream:75 - [STDERR_REDIRECT] [Fatal Error] :1:1: Premature end of file.
2025-11-02 14:21:12,544 [ERROR] LogOutputStream:75 - [STDERR_REDIRECT] 
2025-11-02 14:21:13,545 [ERROR] LogOutputStream:75 - [STDERR_REDIRECT] [Fatal Error] :1:1: Premature end of file.
2025-11-02 14:21:13,546 [ERROR] LogOutputStream:75 - [STDERR_REDIRECT] 
2025-11-02 14:21:14,556 [ERROR] LogOutputStream:75 - [STDERR_REDIRECT] [Fatal Error] :1:1: Premature end of file.
2025-11-02 14:21:14,557 [ERROR] LogOutputStream:75 - [STDERR_REDIRECT] 
2025-11-02 14:21:15,567 [ERROR] LogOutputStream:75 - [STDERR_REDIRECT] [Fatal Error] :1:1: Premature end of file.
2025-11-02 14:21:15,568 [ERROR] LogOutputStream:75 - [STDERR_REDIRECT] 
2025-11-02 14:21:16,563 [ERROR] LogOutputStream:75 - [STDERR_REDIRECT] [Fatal Error] :1:1: Premature end of file.
2025-11-02 14:21:16,563 [ERROR] LogOutputStream:75 - [STDERR_REDIRECT] 
2025-11-02 14:21:17,554 [ERROR] LogOutputStream:75 - [STDERR_REDIRECT] [Fatal Error] :1:1: Premature end of file.
2025-11-02 14:21:17,555 [ERROR] LogOutputStream:75 - [STDERR_REDIRECT] 
2025-11-02 14:21:18,570 [ERROR] LogOutputStream:75 - [STDERR_REDIRECT] [Fatal Error] :1:1: Premature end of file.
2025-11-02 14:21:18,570 [ERROR] LogOutputStream:75 - [STDERR_REDIRECT] 
2025-11-02 14:21:19,557 [ERROR] LogOutputStream:75 - [STDERR_REDIRECT] [Fatal Error] :1:1: Premature end of file.
2025-11-02 14:21:19,557 [ERROR] LogOutputStream:75 - [STDERR_REDIRECT] 
2025-11-02 14:21:20,558 [ERROR] LogOutputStream:75 - [STDERR_REDIRECT] [Fatal Error] :1:1: Premature end of file.
2025-11-02 14:21:20,559 [ERROR] LogOutputStream:75 - [STDERR_REDIRECT] 
2025-11-02 14:21:21,545 [ERROR] LogOutputStream:75 - [STDERR_REDIRECT] [Fatal Error] :1:1: Premature end of file.
2025-11-02 14:21:21,546 [ERROR] LogOutputStream:75 - [STDERR_REDIRECT] 
2025-11-02 14:21:22,555 [ERROR] LogOutputStream:75 - [STDERR_REDIRECT] [Fatal Error] :1:1: Premature end of file.
2025-11-02 14:21:22,557 [ERROR] LogOutputStream:75 - [STDERR_REDIRECT] 
2025-11-02 14:21:23,541 [ERROR] LogOutputStream:75 - [STDERR_REDIRECT] [Fatal Error] :1:1: Premature end of file.
2025-11-02 14:21:23,542 [ERROR] LogOutputStream:75 - [STDERR_REDIRECT] 
2025-11-02 14:21:24,551 [ERROR] LogOutputStream:75 - [STDERR_REDIRECT] [Fatal Error] :1:1: Premature end of file.
2025-11-02 14:21:24,551 [ERROR] LogOutputStream:75 - [STDERR_REDIRECT] 
2025-11-02 14:21:25,541 [ERROR] LogOutputStream:75 - [STDERR_REDIRECT] [Fatal Error] :1:1: Premature end of file.
2025-11-02 14:21:25,542 [ERROR] LogOutputStream:75 - [STDERR_REDIRECT] 
2025-11-02 14:21:26,560 [ERROR] LogOutputStream:75 - [STDERR_REDIRECT] [Fatal Error] :1:1: Premature end of file.
2025-11-02 14:21:26,561 [ERROR] LogOutputStream:75 - [STDERR_REDIRECT] 
2025-11-02 14:21:27,570 [ERROR] LogOutputStream:75 - [STDERR_REDIRECT] [Fatal Error] :1:1: Premature end of file.
2025-11-02 14:21:27,571 [ERROR] LogOutputStream:75 - [STDERR_REDIRECT] 
2025-11-02 14:21:28,559 [ERROR] LogOutputStream:75 - [STDERR_REDIRECT] [Fatal Error] :1:1: Premature end of file.
2025-11-02 14:21:28,559 [ERROR] LogOutputStream:75 - [STDERR_REDIRECT] 
2025-11-02 14:21:29,556 [ERROR] LogOutputStream:75 - [STDERR_REDIRECT] [Fatal Error] :1:1: Premature end of file.
2025-11-02 14:21:29,557 [ERROR] LogOutputStream:75 - [STDERR_REDIRECT] 
2025-11-02 14:21:30,554 [ERROR] LogOutputStream:75 - [STDERR_REDIRECT] [Fatal Error] :1:1: Premature end of file.
2025-11-02 14:21:30,555 [ERROR] LogOutputStream:75 - [STDERR_REDIRECT] 
2025-11-02 14:21:31,558 [ERROR] LogOutputStream:75 - [STDERR_REDIRECT] [Fatal Error] :1:1: Premature end of file.
2025-11-02 14:21:31,558 [ERROR] LogOutputStream:75 - [STDERR_REDIRECT] 
2025-11-02 14:21:32,560 [ERROR] LogOutputStream:75 - [STDERR_REDIRECT] [Fatal Error] :1:1: Premature end of file.
2025-11-02 14:21:32,561 [ERROR] LogOutputStream:75 - [STDERR_REDIRECT] 
2025-11-02 14:21:33,562 [ERROR] LogOutputStream:75 - [STDERR_REDIRECT] [Fatal Error] :1:1: Premature end of file.
2025-11-02 14:21:33,562 [ERROR] LogOutputStream:75 - [STDERR_REDIRECT] 
2025-11-02 14:21:34,533 [ERROR] LogOutputStream:75 - [STDERR_REDIRECT] [Fatal Error] :1:1: Premature end of file.
2025-11-02 14:21:34,533 [ERROR] LogOutputStream:75 - [STDERR_REDIRECT] 
2025-11-02 14:21:35,544 [ERROR] LogOutputStream:75 - [STDERR_REDIRECT] [Fatal Error] :1:1: Premature end of file.
2025-11-02 14:21:35,545 [ERROR] LogOutputStream:75 - [STDERR_REDIRECT] 
2025-11-02 14:21:36,536 [ERROR] LogOutputStream:75 - [STDERR_REDIRECT] [Fatal Error] :1:1: Premature end of file.
2025-11-02 14:21:36,536 [ERROR] LogOutputStream:75 - [STDERR_REDIRECT] 
2025-11-02 14:21:37,538 [ERROR] LogOutputStream:75 - [STDERR_REDIRECT] [Fatal Error] :1:1: Premature end of file.
2025-11-02 14:21:37,538 [ERROR] LogOutputStream:75 - [STDERR_REDIRECT] 
2025-11-02 14:21:38,585 [ERROR] LogOutputStream:75 - [STDERR_REDIRECT] [Fatal Error] :1:1: Premature end of file.
2025-11-02 14:21:38,586 [ERROR] LogOutputStream:75 - [STDERR_REDIRECT] 
2025-11-02 14:21:39,541 [ERROR] LogOutputStream:75 - [STDERR_REDIRECT] [Fatal Error] :1:1: Premature end of file.
2025-11-02 14:21:39,541 [ERROR] LogOutputStream:75 - [STDERR_REDIRECT] 
2025-11-02 14:21:40,561 [ERROR] LogOutputStream:75 - [STDERR_REDIRECT] [Fatal Error] :1:1: Premature end of file.
2025-11-02 14:21:40,561 [ERROR] LogOutputStream:75 - [STDERR_REDIRECT] 
2025-11-02 14:21:41,535 [ERROR] LogOutputStream:75 - [STDERR_REDIRECT] [Fatal Error] :1:1: Premature end of file.
2025-11-02 14:21:41,535 [ERROR] LogOutputStream:75 - [STDERR_REDIRECT] 
2025-11-02 14:21:42,557 [ERROR] LogOutputStream:75 - [STDERR_REDIRECT] [Fatal Error] :1:1: Premature end of file.
2025-11-02 14:21:42,557 [ERROR] LogOutputStream:75 - [STDERR_REDIRECT] 
2025-11-02 14:21:43,549 [ERROR] LogOutputStream:75 - [STDERR_REDIRECT] [Fatal Error] :1:1: Premature end of file.
2025-11-02 14:21:43,549 [ERROR] LogOutputStream:75 - [STDERR_REDIRECT] 
2025-11-02 14:21:44,542 [ERROR] LogOutputStream:75 - [STDERR_REDIRECT] [Fatal Error] :1:1: Premature end of file.
2025-11-02 14:21:44,542 [ERROR] LogOutputStream:75 - [STDERR_REDIRECT] 
2025-11-02 14:21:45,561 [ERROR] LogOutputStream:75 - [STDERR_REDIRECT] [Fatal Error] :1:1: Premature end of file.
2025-11-02 14:21:45,562 [ERROR] LogOutputStream:75 - [STDERR_REDIRECT] 
2025-11-02 14:21:46,559 [ERROR] LogOutputStream:75 - [STDERR_REDIRECT] [Fatal Error] :1:1: Premature end of file.
2025-11-02 14:21:46,559 [ERROR] LogOutputStream:75 - [STDERR_REDIRECT] 
2025-11-02 14:21:47,551 [ERROR] LogOutputStream:75 - [STDERR_REDIRECT] [Fatal Error] :1:1: Premature end of file.
2025-11-02 14:21:47,551 [ERROR] LogOutputStream:75 - [STDERR_REDIRECT] 
2025-11-02 14:21:48,540 [ERROR] LogOutputStream:75 - [STDERR_REDIRECT] [Fatal Error] :1:1: Premature end of file.
2025-11-02 14:21:48,540 [ERROR] LogOutputStream:75 - [STDERR_REDIRECT] 
2025-11-02 14:21:49,536 [ERROR] LogOutputStream:75 - [STDERR_REDIRECT] [Fatal Error] :1:1: Premature end of file.
2025-11-02 14:21:49,537 [ERROR] LogOutputStream:75 - [STDERR_REDIRECT] 
2025-11-02 14:21:50,530 [ERROR] LogOutputStream:75 - [STDERR_REDIRECT] [Fatal Error] :1:1: Premature end of file.
2025-11-02 14:21:50,530 [ERROR] LogOutputStream:75 - [STDERR_REDIRECT] 
2025-11-02 14:21:51,532 [ERROR] LogOutputStream:75 - [STDERR_REDIRECT] [Fatal Error] :1:1: Premature end of file.
2025-11-02 14:21:51,532 [ERROR] LogOutputStream:75 - [STDERR_REDIRECT] 
2025-11-02 14:21:52,545 [ERROR] LogOutputStream:75 - [STDERR_REDIRECT] [Fatal Error] :1:1: Premature end of file.
2025-11-02 14:21:52,545 [ERROR] LogOutputStream:75 - [STDERR_REDIRECT] 
2025-11-02 14:21:53,555 [ERROR] LogOutputStream:75 - [STDERR_REDIRECT] [Fatal Error] :1:1: Premature end of file.
2025-11-02 14:21:53,555 [ERROR] LogOutputStream:75 - [STDERR_REDIRECT] 
2025-11-02 14:21:54,550 [ERROR] LogOutputStream:75 - [STDERR_REDIRECT] [Fatal Error] :1:1: Premature end of file.
2025-11-02 14:21:54,550 [ERROR] LogOutputStream:75 - [STDERR_REDIRECT] 
2025-11-02 14:21:55,561 [ERROR] LogOutputStream:75 - [STDERR_REDIRECT] [Fatal Error] :1:1: Premature end of file.
2025-11-02 14:21:55,562 [ERROR] LogOutputStream:75 - [STDERR_REDIRECT] 
2025-11-02 14:21:56,563 [ERROR] LogOutputStream:75 - [STDERR_REDIRECT] [Fatal Error] :1:1: Premature end of file.
2025-11-02 14:21:56,563 [ERROR] LogOutputStream:75 - [STDERR_REDIRECT] 
2025-11-02 14:21:57,566 [ERROR] LogOutputStream:75 - [STDERR_REDIRECT] [Fatal Error] :1:1: Premature end of file.
2025-11-02 14:21:57,567 [ERROR] LogOutputStream:75 - [STDERR_REDIRECT] 
2025-11-02 14:21:58,561 [ERROR] LogOutputStream:75 - [STDERR_REDIRECT] [Fatal Error] :1:1: Premature end of file.
2025-11-02 14:21:58,562 [ERROR] LogOutputStream:75 - [STDERR_REDIRECT] 
2025-11-02 14:21:59,559 [ERROR] LogOutputStream:75 - [STDERR_REDIRECT] [Fatal Error] :1:1: Premature end of file.
2025-11-02 14:21:59,559 [ERROR] LogOutputStream:75 - [STDERR_REDIRECT] 
2025-11-02 14:22:00,549 [ERROR] LogOutputStream:75 - [STDERR_REDIRECT] [Fatal Error] :1:1: Premature end of file.
2025-11-02 14:22:00,549 [ERROR] LogOutputStream:75 - [STDERR_REDIRECT] 
2025-11-02 14:22:01,561 [ERROR] LogOutputStream:75 - [STDERR_REDIRECT] [Fatal Error] :1:1: Premature end of file.
2025-11-02 14:22:01,561 [ERROR] LogOutputStream:75 - [STDERR_REDIRECT] 
2025-11-02 14:22:02,570 [ERROR] LogOutputStream:75 - [STDERR_REDIRECT] [Fatal Error] :1:1: Premature end of file.
2025-11-02 14:22:02,570 [ERROR] LogOutputStream:75 - [STDERR_REDIRECT] 
2025-11-02 14:22:03,549 [ERROR] LogOutputStream:75 - [STDERR_REDIRECT] [Fatal Error] :1:1: Premature end of file.
2025-11-02 14:22:03,549 [ERROR] LogOutputStream:75 - [STDERR_REDIRECT] 
2025-11-02 14:22:04,551 [ERROR] LogOutputStream:75 - [STDERR_REDIRECT] [Fatal Error] :1:1: Premature end of file.
2025-11-02 14:22:04,551 [ERROR] LogOutputStream:75 - [STDERR_REDIRECT] 
2025-11-02 14:22:05,559 [ERROR] LogOutputStream:75 - [STDERR_REDIRECT] [Fatal Error] :1:1: Premature end of file.
2025-11-02 14:22:05,559 [ERROR] LogOutputStream:75 - [STDERR_REDIRECT] 
2025-11-02 14:22:06,551 [ERROR] LogOutputStream:75 - [STDERR_REDIRECT] [Fatal Error] :1:1: Premature end of file.
2025-11-02 14:22:06,551 [ERROR] LogOutputStream:75 - [STDERR_REDIRECT] 
2025-11-02 14:22:07,562 [ERROR] LogOutputStream:75 - [STDERR_REDIRECT] [Fatal Error] :1:1: Premature end of file.
2025-11-02 14:22:07,562 [ERROR] LogOutputStream:75 - [STDERR_REDIRECT] 
2025-11-02 14:22:08,556 [ERROR] LogOutputStream:75 - [STDERR_REDIRECT] [Fatal Error] :1:1: Premature end of file.
2025-11-02 14:22:08,557 [ERROR] LogOutputStream:75 - [STDERR_REDIRECT] 
2025-11-02 14:22:09,559 [ERROR] LogOutputStream:75 - [STDERR_REDIRECT] [Fatal Error] :1:1: Premature end of file.
2025-11-02 14:22:09,559 [ERROR] LogOutputStream:75 - [STDERR_REDIRECT] 
2025-11-02 14:22:10,550 [ERROR] LogOutputStream:75 - [STDERR_REDIRECT] [Fatal Error] :1:1: Premature end of file.
2025-11-02 14:22:10,550 [ERROR] LogOutputStream:75 - [STDERR_REDIRECT] 
2025-11-02 14:22:11,556 [ERROR] LogOutputStream:75 - [STDERR_REDIRECT] [Fatal Error] :1:1: Premature end of file.
2025-11-02 14:22:11,556 [ERROR] LogOutputStream:75 - [STDERR_REDIRECT] 
2025-11-02 14:22:12,560 [ERROR] LogOutputStream:75 - [STDERR_REDIRECT] [Fatal Error] :1:1: Premature end of file.
2025-11-02 14:22:12,560 [ERROR] LogOutputStream:75 - [STDERR_REDIRECT] 
2025-11-02 14:22:13,536 [ERROR] LogOutputStream:75 - [STDERR_REDIRECT] [Fatal Error] :1:1: Premature end of file.
2025-11-02 14:22:13,537 [ERROR] LogOutputStream:75 - [STDERR_REDIRECT] 
2025-11-02 14:22:14,553 [ERROR] LogOutputStream:75 - [STDERR_REDIRECT] [Fatal Error] :1:1: Premature end of file.
2025-11-02 14:22:14,553 [ERROR] LogOutputStream:75 - [STDERR_REDIRECT] 
2025-11-02 14:22:15,558 [ERROR] LogOutputStream:75 - [STDERR_REDIRECT] [Fatal Error] :1:1: Premature end of file.
2025-11-02 14:22:15,559 [ERROR] LogOutputStream:75 - [STDERR_REDIRECT] 
2025-11-02 14:22:16,562 [ERROR] LogOutputStream:75 - [STDERR_REDIRECT] [Fatal Error] :1:1: Premature end of file.
2025-11-02 14:22:16,562 [ERROR] LogOutputStream:75 - [STDERR_REDIRECT] 
2025-11-02 14:22:17,564 [ERROR] LogOutputStream:75 - [STDERR_REDIRECT] [Fatal Error] :1:1: Premature end of file.
2025-11-02 14:22:17,564 [ERROR] LogOutputStream:75 - [STDERR_REDIRECT] 
2025-11-02 14:22:18,580 [ERROR] LogOutputStream:75 - [STDERR_REDIRECT] [Fatal Error] :1:1: Premature end of file.
2025-11-02 14:22:18,580 [ERROR] LogOutputStream:75 - [STDERR_REDIRECT] 
2025-11-02 14:22:19,563 [ERROR] LogOutputStream:75 - [STDERR_REDIRECT] [Fatal Error] :1:1: Premature end of file.
2025-11-02 14:22:19,564 [ERROR] LogOutputStream:75 - [STDERR_REDIRECT] 
2025-11-02 14:22:20,550 [ERROR] LogOutputStream:75 - [STDERR_REDIRECT] [Fatal Error] :1:1: Premature end of file.
2025-11-02 14:22:20,550 [ERROR] LogOutputStream:75 - [STDERR_REDIRECT] 
2025-11-02 14:22:21,539 [ERROR] LogOutputStream:75 - [STDERR_REDIRECT] [Fatal Error] :1:1: Premature end of file.
2025-11-02 14:22:21,539 [ERROR] LogOutputStream:75 - [STDERR_REDIRECT] 
2025-11-02 14:22:22,552 [ERROR] LogOutputStream:75 - [STDERR_REDIRECT] [Fatal Error] :1:1: Premature end of file.
2025-11-02 14:22:22,552 [ERROR] LogOutputStream:75 - [STDERR_REDIRECT] 
2025-11-02 14:22:23,572 [ERROR] LogOutputStream:75 - [STDERR_REDIRECT] [Fatal Error] :1:1: Premature end of file.
2025-11-02 14:22:23,572 [ERROR] LogOutputStream:75 - [STDERR_REDIRECT] 
2025-11-02 14:22:24,564 [ERROR] LogOutputStream:75 - [STDERR_REDIRECT] [Fatal Error] :1:1: Premature end of file.
2025-11-02 14:22:24,565 [ERROR] LogOutputStream:75 - [STDERR_REDIRECT] 
2025-11-02 14:22:25,554 [ERROR] LogOutputStream:75 - [STDERR_REDIRECT] [Fatal Error] :1:1: Premature end of file.
2025-11-02 14:22:25,554 [ERROR] LogOutputStream:75 - [STDERR_REDIRECT] 
2025-11-02 14:22:26,537 [ERROR] LogOutputStream:75 - [STDERR_REDIRECT] [Fatal Error] :1:1: Premature end of file.
2025-11-02 14:22:26,538 [ERROR] LogOutputStream:75 - [STDERR_REDIRECT] 
2025-11-02 14:22:27,551 [ERROR] LogOutputStream:75 - [STDERR_REDIRECT] [Fatal Error] :1:1: Premature end of file.
2025-11-02 14:22:27,551 [ERROR] LogOutputStream:75 - [STDERR_REDIRECT] 
2025-11-02 14:22:28,571 [ERROR] LogOutputStream:75 - [STDERR_REDIRECT] [Fatal Error] :1:1: Premature end of file.
2025-11-02 14:22:28,572 [ERROR] LogOutputStream:75 - [STDERR_REDIRECT] 
2025-11-02 14:22:29,564 [ERROR] LogOutputStream:75 - [STDERR_REDIRECT] [Fatal Error] :1:1: Premature end of file.
2025-11-02 14:22:29,564 [ERROR] LogOutputStream:75 - [STDERR_REDIRECT] 
2025-11-02 14:22:30,559 [ERROR] LogOutputStream:75 - [STDERR_REDIRECT] [Fatal Error] :1:1: Premature end of file.
2025-11-02 14:22:30,559 [ERROR] LogOutputStream:75 - [STDERR_REDIRECT] 
2025-11-02 14:22:31,567 [ERROR] LogOutputStream:75 - [STDERR_REDIRECT] [Fatal Error] :1:1: Premature end of file.
2025-11-02 14:22:31,568 [ERROR] LogOutputStream:75 - [STDERR_REDIRECT] 
2025-11-02 14:22:32,561 [ERROR] LogOutputStream:75 - [STDERR_REDIRECT] [Fatal Error] :1:1: Premature end of file.
2025-11-02 14:22:32,562 [ERROR] LogOutputStream:75 - [STDERR_REDIRECT] 
2025-11-02 14:22:33,583 [ERROR] LogOutputStream:75 - [STDERR_REDIRECT] [Fatal Error] :1:1: Premature end of file.
2025-11-02 14:22:33,583 [ERROR] LogOutputStream:75 - [STDERR_REDIRECT] 
2025-11-02 14:22:34,569 [ERROR] LogOutputStream:75 - [STDERR_REDIRECT] [Fatal Error] :1:1: Premature end of file.
2025-11-02 14:22:34,569 [ERROR] LogOutputStream:75 - [STDERR_REDIRECT] 
2025-11-02 14:22:35,563 [ERROR] LogOutputStream:75 - [STDERR_REDIRECT] [Fatal Error] :1:1: Premature end of file.
2025-11-02 14:22:35,563 [ERROR] LogOutputStream:75 - [STDERR_REDIRECT] 
2025-11-02 14:22:36,579 [ERROR] LogOutputStream:75 - [STDERR_REDIRECT] [Fatal Error] :1:1: Premature end of file.
2025-11-02 14:22:36,579 [ERROR] LogOutputStream:75 - [STDERR_REDIRECT] 
2025-11-02 14:22:37,551 [ERROR] LogOutputStream:75 - [STDERR_REDIRECT] [Fatal Error] :1:1: Premature end of file.
2025-11-02 14:22:37,552 [ERROR] LogOutputStream:75 - [STDERR_REDIRECT] 
2025-11-02 14:22:38,559 [ERROR] LogOutputStream:75 - [STDERR_REDIRECT] [Fatal Error] :1:1: Premature end of file.
2025-11-02 14:22:38,559 [ERROR] LogOutputStream:75 - [STDERR_REDIRECT] 
2025-11-02 14:22:39,557 [ERROR] LogOutputStream:75 - [STDERR_REDIRECT] [Fatal Error] :1:1: Premature end of file.
2025-11-02 14:22:39,557 [ERROR] LogOutputStream:75 - [STDERR_REDIRECT] 
2025-11-02 14:22:40,559 [ERROR] LogOutputStream:75 - [STDERR_REDIRECT] [Fatal Error] :1:1: Premature end of file.
2025-11-02 14:22:40,559 [ERROR] LogOutputStream:75 - [STDERR_REDIRECT] 
2025-11-02 14:22:41,547 [ERROR] LogOutputStream:75 - [STDERR_REDIRECT] [Fatal Error] :1:1: Premature end of file.
2025-11-02 14:22:41,547 [ERROR] LogOutputStream:75 - [STDERR_REDIRECT] 
2025-11-02 14:22:42,558 [ERROR] LogOutputStream:75 - [STDERR_REDIRECT] [Fatal Error] :1:1: Premature end of file.
2025-11-02 14:22:42,559 [ERROR] LogOutputStream:75 - [STDERR_REDIRECT] 
2025-11-02 14:22:43,552 [ERROR] LogOutputStream:75 - [STDERR_REDIRECT] [Fatal Error] :1:1: Premature end of file.
2025-11-02 14:22:43,553 [ERROR] LogOutputStream:75 - [STDERR_REDIRECT] 
2025-11-02 14:22:44,542 [ERROR] LogOutputStream:75 - [STDERR_REDIRECT] [Fatal Error] :1:1: Premature end of file.
2025-11-02 14:22:44,542 [ERROR] LogOutputStream:75 - [STDERR_REDIRECT] 
2025-11-02 14:22:45,540 [ERROR] LogOutputStream:75 - [STDERR_REDIRECT] [Fatal Error] :1:1: Premature end of file.
2025-11-02 14:22:45,540 [ERROR] LogOutputStream:75 - [STDERR_REDIRECT] 
2025-11-02 14:22:46,553 [ERROR] LogOutputStream:75 - [STDERR_REDIRECT] [Fatal Error] :1:1: Premature end of file.
2025-11-02 14:22:46,553 [ERROR] LogOutputStream:75 - [STDERR_REDIRECT] 
2025-11-02 14:22:47,548 [ERROR] LogOutputStream:75 - [STDERR_REDIRECT] [Fatal Error] :1:1: Premature end of file.
2025-11-02 14:22:47,548 [ERROR] LogOutputStream:75 - [STDERR_REDIRECT] 
2025-11-02 14:22:48,554 [ERROR] LogOutputStream:75 - [STDERR_REDIRECT] [Fatal Error] :1:1: Premature end of file.
2025-11-02 14:22:48,554 [ERROR] LogOutputStream:75 - [STDERR_REDIRECT] 
2025-11-02 14:22:49,549 [ERROR] LogOutputStream:75 - [STDERR_REDIRECT] [Fatal Error] :1:1: Premature end of file.
2025-11-02 14:22:49,549 [ERROR] LogOutputStream:75 - [STDERR_REDIRECT] 
2025-11-02 14:22:50,554 [ERROR] LogOutputStream:75 - [STDERR_REDIRECT] [Fatal Error] :1:1: Premature end of file.
2025-11-02 14:22:50,554 [ERROR] LogOutputStream:75 - [STDERR_REDIRECT] 
2025-11-02 14:22:51,542 [ERROR] LogOutputStream:75 - [STDERR_REDIRECT] [Fatal Error] :1:1: Premature end of file.
2025-11-02 14:22:51,542 [ERROR] LogOutputStream:75 - [STDERR_REDIRECT] 
2025-11-02 14:22:52,547 [ERROR] LogOutputStream:75 - [STDERR_REDIRECT] [Fatal Error] :1:1: Premature end of file.
2025-11-02 14:22:52,547 [ERROR] LogOutputStream:75 - [STDERR_REDIRECT] 
2025-11-02 14:22:53,554 [ERROR] LogOutputStream:75 - [STDERR_REDIRECT] [Fatal Error] :1:1: Premature end of file.
2025-11-02 14:22:53,554 [ERROR] LogOutputStream:75 - [STDERR_REDIRECT] 
2025-11-02 14:22:54,553 [ERROR] LogOutputStream:75 - [STDERR_REDIRECT] [Fatal Error] :1:1: Premature end of file.
2025-11-02 14:22:54,553 [ERROR] LogOutputStream:75 - [STDERR_REDIRECT] 
2025-11-02 14:22:55,550 [ERROR] LogOutputStream:75 - [STDERR_REDIRECT] [Fatal Error] :1:1: Premature end of file.
2025-11-02 14:22:55,550 [ERROR] LogOutputStream:75 - [STDERR_REDIRECT] 
2025-11-02 14:22:56,546 [ERROR] LogOutputStream:75 - [STDERR_REDIRECT] [Fatal Error] :1:1: Premature end of file.
2025-11-02 14:22:56,546 [ERROR] LogOutputStream:75 - [STDERR_REDIRECT] 
2025-11-02 14:22:57,564 [ERROR] LogOutputStream:75 - [STDERR_REDIRECT] [Fatal Error] :1:1: Premature end of file.
2025-11-02 14:22:57,564 [ERROR] LogOutputStream:75 - [STDERR_REDIRECT] 
2025-11-02 14:22:58,532 [ERROR] LogOutputStream:75 - [STDERR_REDIRECT] [Fatal Error] :1:1: Premature end of file.
2025-11-02 14:22:58,532 [ERROR] LogOutputStream:75 - [STDERR_REDIRECT] 
2025-11-02 14:22:59,546 [ERROR] LogOutputStream:75 - [STDERR_REDIRECT] [Fatal Error] :1:1: Premature end of file.
2025-11-02 14:22:59,546 [ERROR] LogOutputStream:75 - [STDERR_REDIRECT] 
2025-11-02 14:23:00,559 [ERROR] LogOutputStream:75 - [STDERR_REDIRECT] [Fatal Error] :1:1: Premature end of file.
2025-11-02 14:23:00,559 [ERROR] LogOutputStream:75 - [STDERR_REDIRECT] 
2025-11-02 14:23:01,558 [ERROR] LogOutputStream:75 - [STDERR_REDIRECT] [Fatal Error] :1:1: Premature end of file.
2025-11-02 14:23:01,558 [ERROR] LogOutputStream:75 - [STDERR_REDIRECT] 
2025-11-02 14:23:02,561 [ERROR] LogOutputStream:75 - [STDERR_REDIRECT] [Fatal Error] :1:1: Premature end of file.
2025-11-02 14:23:02,561 [ERROR] LogOutputStream:75 - [STDERR_REDIRECT] 
2025-11-02 14:23:03,556 [ERROR] LogOutputStream:75 - [STDERR_REDIRECT] [Fatal Error] :1:1: Premature end of file.
2025-11-02 14:23:03,556 [ERROR] LogOutputStream:75 - [STDERR_REDIRECT] 
2025-11-02 14:23:04,568 [ERROR] LogOutputStream:75 - [STDERR_REDIRECT] [Fatal Error] :1:1: Premature end of file.
2025-11-02 14:23:04,568 [ERROR] LogOutputStream:75 - [STDERR_REDIRECT] 
2025-11-02 14:23:05,543 [ERROR] LogOutputStream:75 - [STDERR_REDIRECT] [Fatal Error] :1:1: Premature end of file.
2025-11-02 14:23:05,543 [ERROR] LogOutputStream:75 - [STDERR_REDIRECT] 
2025-11-02 14:23:06,544 [ERROR] LogOutputStream:75 - [STDERR_REDIRECT] [Fatal Error] :1:1: Premature end of file.
2025-11-02 14:23:06,544 [ERROR] LogOutputStream:75 - [STDERR_REDIRECT] 
2025-11-02 14:23:07,560 [ERROR] LogOutputStream:75 - [STDERR_REDIRECT] [Fatal Error] :1:1: Premature end of file.
2025-11-02 14:23:07,560 [ERROR] LogOutputStream:75 - [STDERR_REDIRECT] 
2025-11-02 14:23:08,553 [ERROR] LogOutputStream:75 - [STDERR_REDIRECT] [Fatal Error] :1:1: Premature end of file.
2025-11-02 14:23:08,553 [ERROR] LogOutputStream:75 - [STDERR_REDIRECT] 
2025-11-02 14:23:09,558 [ERROR] LogOutputStream:75 - [STDERR_REDIRECT] [Fatal Error] :1:1: Premature end of file.
2025-11-02 14:23:09,558 [ERROR] LogOutputStream:75 - [STDERR_REDIRECT] 
2025-11-02 14:23:10,573 [ERROR] LogOutputStream:75 - [STDERR_REDIRECT] [Fatal Error] :1:1: Premature end of file.
2025-11-02 14:23:10,573 [ERROR] LogOutputStream:75 - [STDERR_REDIRECT] 
2025-11-02 14:23:11,562 [ERROR] LogOutputStream:75 - [STDERR_REDIRECT] [Fatal Error] :1:1: Premature end of file.
2025-11-02 14:23:11,562 [ERROR] LogOutputStream:75 - [STDERR_REDIRECT] 
2025-11-02 14:23:12,553 [ERROR] LogOutputStream:75 - [STDERR_REDIRECT] [Fatal Error] :1:1: Premature end of file.
2025-11-02 14:23:12,553 [ERROR] LogOutputStream:75 - [STDERR_REDIRECT] 
2025-11-02 14:23:13,561 [ERROR] LogOutputStream:75 - [STDERR_REDIRECT] [Fatal Error] :1:1: Premature end of file.
2025-11-02 14:23:13,561 [ERROR] LogOutputStream:75 - [STDERR_REDIRECT] 
2025-11-02 14:23:14,561 [ERROR] LogOutputStream:75 - [STDERR_REDIRECT] [Fatal Error] :1:1: Premature end of file.
2025-11-02 14:23:14,562 [ERROR] LogOutputStream:75 - [STDERR_REDIRECT] 
2025-11-02 14:23:15,575 [ERROR] LogOutputStream:75 - [STDERR_REDIRECT] [Fatal Error] :1:1: Premature end of file.
2025-11-02 14:23:15,576 [ERROR] LogOutputStream:75 - [STDERR_REDIRECT] 
2025-11-02 14:23:16,553 [ERROR] LogOutputStream:75 - [STDERR_REDIRECT] [Fatal Error] :1:1: Premature end of file.
2025-11-02 14:23:16,554 [ERROR] LogOutputStream:75 - [STDERR_REDIRECT] 
2025-11-02 14:23:17,547 [ERROR] LogOutputStream:75 - [STDERR_REDIRECT] [Fatal Error] :1:1: Premature end of file.
2025-11-02 14:23:17,547 [ERROR] LogOutputStream:75 - [STDERR_REDIRECT] 
2025-11-02 14:23:18,554 [ERROR] LogOutputStream:75 - [STDERR_REDIRECT] [Fatal Error] :1:1: Premature end of file.
2025-11-02 14:23:18,554 [ERROR] LogOutputStream:75 - [STDERR_REDIRECT] 
2025-11-02 14:23:19,557 [ERROR] LogOutputStream:75 - [STDERR_REDIRECT] [Fatal Error] :1:1: Premature end of file.
2025-11-02 14:23:19,557 [ERROR] LogOutputStream:75 - [STDERR_REDIRECT] 
2025-11-02 14:23:20,532 [ERROR] LogOutputStream:75 - [STDERR_REDIRECT] [Fatal Error] :1:1: Premature end of file.
2025-11-02 14:23:20,532 [ERROR] LogOutputStream:75 - [STDERR_REDIRECT] 
2025-11-02 14:23:21,549 [ERROR] LogOutputStream:75 - [STDERR_REDIRECT] [Fatal Error] :1:1: Premature end of file.
2025-11-02 14:23:21,550 [ERROR] LogOutputStream:75 - [STDERR_REDIRECT] 
2025-11-02 14:23:22,551 [ERROR] LogOutputStream:75 - [STDERR_REDIRECT] [Fatal Error] :1:1: Premature end of file.
2025-11-02 14:23:22,552 [ERROR] LogOutputStream:75 - [STDERR_REDIRECT] 
2025-11-02 14:23:23,558 [ERROR] LogOutputStream:75 - [STDERR_REDIRECT] [Fatal Error] :1:1: Premature end of file.
2025-11-02 14:23:23,559 [ERROR] LogOutputStream:75 - [STDERR_REDIRECT] 
2025-11-02 14:23:24,551 [ERROR] LogOutputStream:75 - [STDERR_REDIRECT] [Fatal Error] :1:1: Premature end of file.
2025-11-02 14:23:24,552 [ERROR] LogOutputStream:75 - [STDERR_REDIRECT] 
2025-11-02 14:23:25,532 [ERROR] LogOutputStream:75 - [STDERR_REDIRECT] [Fatal Error] :1:1: Premature end of file.
2025-11-02 14:23:25,532 [ERROR] LogOutputStream:75 - [STDERR_REDIRECT] 
2025-11-02 14:23:26,540 [ERROR] LogOutputStream:75 - [STDERR_REDIRECT] [Fatal Error] :1:1: Premature end of file.
2025-11-02 14:23:26,541 [ERROR] LogOutputStream:75 - [STDERR_REDIRECT] 
2025-11-02 14:23:27,529 [ERROR] LogOutputStream:75 - [STDERR_REDIRECT] [Fatal Error] :1:1: Premature end of file.
2025-11-02 14:23:27,529 [ERROR] LogOutputStream:75 - [STDERR_REDIRECT] 
2025-11-02 14:23:28,520 [ERROR] LogOutputStream:75 - [STDERR_REDIRECT] [Fatal Error] :1:1: Premature end of file.
2025-11-02 14:23:28,520 [ERROR] LogOutputStream:75 - [STDERR_REDIRECT] 
2025-11-02 14:23:29,527 [ERROR] LogOutputStream:75 - [STDERR_REDIRECT] [Fatal Error] :1:1: Premature end of file.
2025-11-02 14:23:29,527 [ERROR] LogOutputStream:75 - [STDERR_REDIRECT] 
2025-11-02 14:23:30,524 [ERROR] LogOutputStream:75 - [STDERR_REDIRECT] [Fatal Error] :1:1: Premature end of file.
2025-11-02 14:23:30,524 [ERROR] LogOutputStream:75 - [STDERR_REDIRECT] 
2025-11-02 14:23:31,524 [ERROR] LogOutputStream:75 - [STDERR_REDIRECT] [Fatal Error] :1:1: Premature end of file.
2025-11-02 14:23:31,525 [ERROR] LogOutputStream:75 - [STDERR_REDIRECT] 
2025-11-02 14:23:32,526 [ERROR] LogOutputStream:75 - [STDERR_REDIRECT] [Fatal Error] :1:1: Premature end of file.
2025-11-02 14:23:32,526 [ERROR] LogOutputStream:75 - [STDERR_REDIRECT] 
2025-11-02 14:23:33,525 [ERROR] LogOutputStream:75 - [STDERR_REDIRECT] [Fatal Error] :1:1: Premature end of file.
2025-11-02 14:23:33,525 [ERROR] LogOutputStream:75 - [STDERR_REDIRECT] 
2025-11-02 14:23:34,525 [ERROR] LogOutputStream:75 - [STDERR_REDIRECT] [Fatal Error] :1:1: Premature end of file.
2025-11-02 14:23:34,525 [ERROR] LogOutputStream:75 - [STDERR_REDIRECT] 
2025-11-02 14:23:35,519 [ERROR] LogOutputStream:75 - [STDERR_REDIRECT] [Fatal Error] :1:1: Premature end of file.
2025-11-02 14:23:35,519 [ERROR] LogOutputStream:75 - [STDERR_REDIRECT] 
2025-11-02 14:23:36,527 [ERROR] LogOutputStream:75 - [STDERR_REDIRECT] [Fatal Error] :1:1: Premature end of file.
2025-11-02 14:23:36,527 [ERROR] LogOutputStream:75 - [STDERR_REDIRECT] 
2025-11-02 14:23:37,523 [ERROR] LogOutputStream:75 - [STDERR_REDIRECT] [Fatal Error] :1:1: Premature end of file.
2025-11-02 14:23:37,523 [ERROR] LogOutputStream:75 - [STDERR_REDIRECT] 
2025-11-02 14:23:38,524 [ERROR] LogOutputStream:75 - [STDERR_REDIRECT] [Fatal Error] :1:1: Premature end of file.
2025-11-02 14:23:38,524 [ERROR] LogOutputStream:75 - [STDERR_REDIRECT] 
2025-11-02 14:23:39,528 [ERROR] LogOutputStream:75 - [STDERR_REDIRECT] [Fatal Error] :1:1: Premature end of file.
2025-11-02 14:23:39,528 [ERROR] LogOutputStream:75 - [STDERR_REDIRECT] 
2025-11-02 14:23:40,511 [ERROR] LogOutputStream:75 - [STDERR_REDIRECT] [Fatal Error] :1:1: Premature end of file.
2025-11-02 14:23:40,511 [ERROR] LogOutputStream:75 - [STDERR_REDIRECT] 
2025-11-02 14:23:41,549 [ERROR] LogOutputStream:75 - [STDERR_REDIRECT] [Fatal Error] :1:1: Premature end of file.
2025-11-02 14:23:41,550 [ERROR] LogOutputStream:75 - [STDERR_REDIRECT] 
2025-11-02 14:23:41,737 [ERROR] LogOutputStream:75 - [STDERR_REDIRECT] 
2025-11-02 14:58:57,901 [INFO] Activator:176 - 


2025-11-02 14:58:57,903 [INFO] Activator:177 - !SESSION log4j initialized
2025-11-02 14:59:03,282 [INFO] LogOutputStream:77 - [STDOUT_REDIRECT] 
2025-11-02 14:59:10,040 [ERROR] LogOutputStream:75 - [STDERR_REDIRECT] [Fatal Error] :1:1: Premature end of file.
2025-11-02 14:59:10,041 [ERROR] LogOutputStream:75 - [STDERR_REDIRECT] 
2025-11-02 14:59:10,920 [INFO] ApplicationProperties:184 - Using Application install path: C:\ST\STM32CubeIDE_1.18.1\STM32CubeIDE\plugins\com.st.stm32cube.common.mx_6.15.0.202507011659
2025-11-02 14:59:10,935 [ERROR] LogOutputStream:75 - [STDERR_REDIRECT] [Fatal Error] :1:1: Premature end of file.
2025-11-02 14:59:10,935 [ERROR] LogOutputStream:75 - [STDERR_REDIRECT] 
2025-11-02 14:59:10,949 [INFO] DbMcusXml:78 - Set database path to: C:\ST\STM32CubeIDE_1.18.1\STM32CubeIDE\plugins\com.st.stm32cube.common.mx_6.15.0.202507011659\\db\/mcu/
2025-11-02 14:59:10,951 [INFO] ApiDb:274 - Set plugin database path to: C:\ST\STM32CubeIDE_1.18.1\STM32CubeIDE\plugins\com.st.stm32cube.common.mx_6.15.0.202507011659\\db\/plugins/boardmanager/
2025-11-02 14:59:10,952 [WARN] ApiDb:259 - Overriding images path with different value:  => C:\ST\STM32CubeIDE_1.18.1\STM32CubeIDE\plugins\com.st.stm32cube.common.mx_6.15.0.202507011659\\db\/plugins/mcufinder/images/
2025-11-02 14:59:10,964 [INFO] ApiDb:250 - Set database path to: C:\Users\mathe\.stmcufinder\plugins\mcufinder//mcu/
2025-11-02 14:59:10,966 [INFO] DbMcusAds:125 - Set database path to: C:\Users\mathe\.stmcufinder\plugins\mcufinder//mcu/
2025-11-02 14:59:10,969 [INFO] CrossReferenceDbSqlite:203 - Set database path to: C:\Users\mathe\.stmcufinder\plugins\mcufinder//mcu/cs/
2025-11-02 14:59:11,247 [INFO] RulesReader:64 - Compatibility file has been processed (317 Rules)
2025-11-02 14:59:11,464 [INFO] DbMcusXml:78 - Set database path to: C:\ST\STM32CubeIDE_1.18.1\STM32CubeIDE\plugins\com.st.stm32cube.common.mx_6.15.0.202507011659\\db\/mcu/
2025-11-02 14:59:11,465 [INFO] ApiDb:274 - Set plugin database path to: C:\ST\STM32CubeIDE_1.18.1\STM32CubeIDE\plugins\com.st.stm32cube.common.mx_6.15.0.202507011659\\db\/plugins/boardmanager/
2025-11-02 14:59:11,465 [INFO] ApiDb:261 - Set plugin images path to: C:\ST\STM32CubeIDE_1.18.1\STM32CubeIDE\plugins\com.st.stm32cube.common.mx_6.15.0.202507011659\\db\/plugins/mcufinder/images/
2025-11-02 14:59:11,466 [WARN] DbFile:41 - Overriding database path with different value: C:\Users\mathe\.stmcufinder\plugins\mcufinder/ => C:\Users\mathe\.stmcufinder\plugins\mcufinder
2025-11-02 14:59:11,466 [INFO] ApiDb:250 - Set database path to: C:\Users\mathe\.stmcufinder\plugins\mcufinder//mcu/
2025-11-02 14:59:11,466 [WARN] DbFile:41 - Overriding database path with different value: C:\Users\mathe\.stmcufinder\plugins\mcufinder/ => C:\Users\mathe\.stmcufinder\plugins\mcufinder
2025-11-02 14:59:11,466 [INFO] DbMcusAds:125 - Set database path to: C:\Users\mathe\.stmcufinder\plugins\mcufinder//mcu/
2025-11-02 14:59:11,467 [WARN] DbFile:41 - Overriding database path with different value: C:\Users\mathe\.stmcufinder\plugins\mcufinder/ => C:\Users\mathe\.stmcufinder\plugins\mcufinder
2025-11-02 14:59:11,467 [WARN] DbFile:41 - Overriding database path with different value: C:\Users\mathe\.stmcufinder\plugins\mcufinder/ => C:\Users\mathe\.stmcufinder\plugins\mcufinder
2025-11-02 14:59:11,467 [INFO] CrossReferenceDbSqlite:203 - Set database path to: C:\Users\mathe\.stmcufinder\plugins\mcufinder//mcu/cs/
2025-11-02 14:59:11,585 [INFO] MainPanel:274 - HeapMemory: 268435456
2025-11-02 14:59:11,662 [INFO] DbMcusXml:78 - Set database path to: C:\ST\STM32CubeIDE_1.18.1\STM32CubeIDE\plugins\com.st.stm32cube.common.mx_6.15.0.202507011659\\db\/mcu/
2025-11-02 14:59:11,663 [INFO] ApiDb:274 - Set plugin database path to: C:\ST\STM32CubeIDE_1.18.1\STM32CubeIDE\plugins\com.st.stm32cube.common.mx_6.15.0.202507011659\\db\/plugins/boardmanager/
2025-11-02 14:59:11,663 [INFO] ApiDb:261 - Set plugin images path to: C:\ST\STM32CubeIDE_1.18.1\STM32CubeIDE\plugins\com.st.stm32cube.common.mx_6.15.0.202507011659\\db\/plugins/mcufinder/images/
2025-11-02 14:59:11,663 [WARN] DbFile:41 - Overriding database path with different value: C:\Users\mathe\.stmcufinder\plugins\mcufinder/ => C:\Users\mathe\.stmcufinder\plugins\mcufinder
2025-11-02 14:59:11,663 [INFO] ApiDb:250 - Set database path to: C:\Users\mathe\.stmcufinder\plugins\mcufinder//mcu/
2025-11-02 14:59:11,663 [WARN] DbFile:41 - Overriding database path with different value: C:\Users\mathe\.stmcufinder\plugins\mcufinder/ => C:\Users\mathe\.stmcufinder\plugins\mcufinder
2025-11-02 14:59:11,663 [INFO] DbMcusAds:125 - Set database path to: C:\Users\mathe\.stmcufinder\plugins\mcufinder//mcu/
2025-11-02 14:59:11,663 [WARN] DbFile:41 - Overriding database path with different value: C:\Users\mathe\.stmcufinder\plugins\mcufinder/ => C:\Users\mathe\.stmcufinder\plugins\mcufinder
2025-11-02 14:59:11,663 [WARN] DbFile:41 - Overriding database path with different value: C:\Users\mathe\.stmcufinder\plugins\mcufinder/ => C:\Users\mathe\.stmcufinder\plugins\mcufinder
2025-11-02 14:59:11,663 [INFO] CrossReferenceDbSqlite:203 - Set database path to: C:\Users\mathe\.stmcufinder\plugins\mcufinder//mcu/cs/
2025-11-02 14:59:11,680 [INFO] ApplicationProperties:184 - Using Application install path: C:\ST\STM32CubeIDE_1.18.1\STM32CubeIDE\plugins\com.st.stm32cube.common.mx_6.15.0.202507011659
2025-11-02 14:59:11,681 [INFO] PluginManage:196 - Search for loadable plugins [exclusion list=, ]
2025-11-02 14:59:11,682 [INFO] PluginManage:310 - Check plugin analytics
2025-11-02 14:59:11,897 [ERROR] LogOutputStream:75 - [STDERR_REDIRECT] [Fatal Error] :1:1: Premature end of file.
2025-11-02 14:59:11,897 [ERROR] LogOutputStream:75 - [STDERR_REDIRECT] 
2025-11-02 14:59:12,919 [ERROR] LogOutputStream:75 - [STDERR_REDIRECT] [Fatal Error] :1:1: Premature end of file.
2025-11-02 14:59:12,919 [ERROR] LogOutputStream:75 - [STDERR_REDIRECT] 
2025-11-02 14:59:13,905 [ERROR] LogOutputStream:75 - [STDERR_REDIRECT] [Fatal Error] :1:1: Premature end of file.
2025-11-02 14:59:13,906 [ERROR] LogOutputStream:75 - [STDERR_REDIRECT] 
2025-11-02 15:00:57,530 [INFO] Activator:176 - 


2025-11-02 15:00:57,533 [INFO] Activator:177 - !SESSION log4j initialized
2025-11-02 15:01:03,077 [INFO] LogOutputStream:77 - [STDOUT_REDIRECT] 
2025-11-02 15:01:08,594 [ERROR] LogOutputStream:75 - [STDERR_REDIRECT] [Fatal Error] :1:1: Premature end of file.
2025-11-02 15:01:08,595 [ERROR] LogOutputStream:75 - [STDERR_REDIRECT] 
2025-11-02 15:01:09,008 [INFO] ApplicationProperties:184 - Using Application install path: C:\ST\STM32CubeIDE_1.18.1\STM32CubeIDE\plugins\com.st.stm32cube.common.mx_6.15.0.202507011659
2025-11-02 15:01:09,025 [INFO] DbMcusXml:78 - Set database path to: C:\ST\STM32CubeIDE_1.18.1\STM32CubeIDE\plugins\com.st.stm32cube.common.mx_6.15.0.202507011659\\db\/mcu/
2025-11-02 15:01:09,025 [INFO] ApiDb:274 - Set plugin database path to: C:\ST\STM32CubeIDE_1.18.1\STM32CubeIDE\plugins\com.st.stm32cube.common.mx_6.15.0.202507011659\\db\/plugins/boardmanager/
2025-11-02 15:01:09,025 [WARN] ApiDb:259 - Overriding images path with different value:  => C:\ST\STM32CubeIDE_1.18.1\STM32CubeIDE\plugins\com.st.stm32cube.common.mx_6.15.0.202507011659\\db\/plugins/mcufinder/images/
2025-11-02 15:01:09,030 [INFO] ApiDb:250 - Set database path to: C:\Users\mathe\.stmcufinder\plugins\mcufinder//mcu/
2025-11-02 15:01:09,031 [INFO] DbMcusAds:125 - Set database path to: C:\Users\mathe\.stmcufinder\plugins\mcufinder//mcu/
2025-11-02 15:01:09,033 [INFO] CrossReferenceDbSqlite:203 - Set database path to: C:\Users\mathe\.stmcufinder\plugins\mcufinder//mcu/cs/
2025-11-02 15:01:09,144 [INFO] RulesReader:64 - Compatibility file has been processed (317 Rules)
2025-11-02 15:01:09,238 [INFO] DbMcusXml:78 - Set database path to: C:\ST\STM32CubeIDE_1.18.1\STM32CubeIDE\plugins\com.st.stm32cube.common.mx_6.15.0.202507011659\\db\/mcu/
2025-11-02 15:01:09,238 [INFO] ApiDb:274 - Set plugin database path to: C:\ST\STM32CubeIDE_1.18.1\STM32CubeIDE\plugins\com.st.stm32cube.common.mx_6.15.0.202507011659\\db\/plugins/boardmanager/
2025-11-02 15:01:09,238 [INFO] ApiDb:261 - Set plugin images path to: C:\ST\STM32CubeIDE_1.18.1\STM32CubeIDE\plugins\com.st.stm32cube.common.mx_6.15.0.202507011659\\db\/plugins/mcufinder/images/
2025-11-02 15:01:09,239 [WARN] DbFile:41 - Overriding database path with different value: C:\Users\mathe\.stmcufinder\plugins\mcufinder/ => C:\Users\mathe\.stmcufinder\plugins\mcufinder
2025-11-02 15:01:09,239 [INFO] ApiDb:250 - Set database path to: C:\Users\mathe\.stmcufinder\plugins\mcufinder//mcu/
2025-11-02 15:01:09,239 [WARN] DbFile:41 - Overriding database path with different value: C:\Users\mathe\.stmcufinder\plugins\mcufinder/ => C:\Users\mathe\.stmcufinder\plugins\mcufinder
2025-11-02 15:01:09,239 [INFO] DbMcusAds:125 - Set database path to: C:\Users\mathe\.stmcufinder\plugins\mcufinder//mcu/
2025-11-02 15:01:09,239 [WARN] DbFile:41 - Overriding database path with different value: C:\Users\mathe\.stmcufinder\plugins\mcufinder/ => C:\Users\mathe\.stmcufinder\plugins\mcufinder
2025-11-02 15:01:09,239 [WARN] DbFile:41 - Overriding database path with different value: C:\Users\mathe\.stmcufinder\plugins\mcufinder/ => C:\Users\mathe\.stmcufinder\plugins\mcufinder
2025-11-02 15:01:09,239 [INFO] CrossReferenceDbSqlite:203 - Set database path to: C:\Users\mathe\.stmcufinder\plugins\mcufinder//mcu/cs/
2025-11-02 15:01:09,322 [INFO] MainPanel:274 - HeapMemory: 268435456
2025-11-02 15:01:09,409 [INFO] DbMcusXml:78 - Set database path to: C:\ST\STM32CubeIDE_1.18.1\STM32CubeIDE\plugins\com.st.stm32cube.common.mx_6.15.0.202507011659\\db\/mcu/
2025-11-02 15:01:09,409 [INFO] ApiDb:274 - Set plugin database path to: C:\ST\STM32CubeIDE_1.18.1\STM32CubeIDE\plugins\com.st.stm32cube.common.mx_6.15.0.202507011659\\db\/plugins/boardmanager/
2025-11-02 15:01:09,409 [INFO] ApiDb:261 - Set plugin images path to: C:\ST\STM32CubeIDE_1.18.1\STM32CubeIDE\plugins\com.st.stm32cube.common.mx_6.15.0.202507011659\\db\/plugins/mcufinder/images/
2025-11-02 15:01:09,410 [WARN] DbFile:41 - Overriding database path with different value: C:\Users\mathe\.stmcufinder\plugins\mcufinder/ => C:\Users\mathe\.stmcufinder\plugins\mcufinder
2025-11-02 15:01:09,410 [INFO] ApiDb:250 - Set database path to: C:\Users\mathe\.stmcufinder\plugins\mcufinder//mcu/
2025-11-02 15:01:09,410 [WARN] DbFile:41 - Overriding database path with different value: C:\Users\mathe\.stmcufinder\plugins\mcufinder/ => C:\Users\mathe\.stmcufinder\plugins\mcufinder
2025-11-02 15:01:09,410 [INFO] DbMcusAds:125 - Set database path to: C:\Users\mathe\.stmcufinder\plugins\mcufinder//mcu/
2025-11-02 15:01:09,410 [WARN] DbFile:41 - Overriding database path with different value: C:\Users\mathe\.stmcufinder\plugins\mcufinder/ => C:\Users\mathe\.stmcufinder\plugins\mcufinder
2025-11-02 15:01:09,410 [WARN] DbFile:41 - Overriding database path with different value: C:\Users\mathe\.stmcufinder\plugins\mcufinder/ => C:\Users\mathe\.stmcufinder\plugins\mcufinder
2025-11-02 15:01:09,410 [INFO] CrossReferenceDbSqlite:203 - Set database path to: C:\Users\mathe\.stmcufinder\plugins\mcufinder//mcu/cs/
2025-11-02 15:01:09,437 [INFO] ApplicationProperties:184 - Using Application install path: C:\ST\STM32CubeIDE_1.18.1\STM32CubeIDE\plugins\com.st.stm32cube.common.mx_6.15.0.202507011659
2025-11-02 15:01:09,439 [INFO] PluginManage:196 - Search for loadable plugins [exclusion list=, ]
2025-11-02 15:01:09,441 [INFO] PluginManage:310 - Check plugin analytics
2025-11-02 15:01:09,574 [ERROR] LogOutputStream:75 - [STDERR_REDIRECT] [Fatal Error] :1:1: Premature end of file.
2025-11-02 15:01:09,574 [ERROR] LogOutputStream:75 - [STDERR_REDIRECT] 
2025-11-02 15:01:10,586 [ERROR] LogOutputStream:75 - [STDERR_REDIRECT] [Fatal Error] :1:1: Premature end of file.
2025-11-02 15:01:10,586 [ERROR] LogOutputStream:75 - [STDERR_REDIRECT] 
2025-11-02 15:01:11,587 [ERROR] LogOutputStream:75 - [STDERR_REDIRECT] [Fatal Error] :1:1: Premature end of file.
2025-11-02 15:01:11,587 [ERROR] LogOutputStream:75 - [STDERR_REDIRECT] 
2025-11-02 15:01:12,581 [ERROR] LogOutputStream:75 - [STDERR_REDIRECT] [Fatal Error] :1:1: Premature end of file.
2025-11-02 15:01:12,581 [ERROR] LogOutputStream:75 - [STDERR_REDIRECT] 
2025-11-02 15:01:13,596 [ERROR] LogOutputStream:75 - [STDERR_REDIRECT] [Fatal Error] :1:1: Premature end of file.
2025-11-02 15:01:13,596 [ERROR] LogOutputStream:75 - [STDERR_REDIRECT] 
2025-11-02 15:01:14,597 [ERROR] LogOutputStream:75 - [STDERR_REDIRECT] [Fatal Error] :1:1: Premature end of file.
2025-11-02 15:01:14,599 [ERROR] LogOutputStream:75 - [STDERR_REDIRECT] 
2025-11-02 15:01:14,649 [INFO] AnalyticsPlugin:253 - Accepted Software Licenses: 
2025-11-02 15:01:14,649 [INFO] AnalyticsPlugin:255 - Accepted CMSIS Pack Licenses: 
2025-11-02 15:01:14,650 [INFO] AnalyticsPlugin:257 - Accepted Firmware Licenses: 
2025-11-02 15:01:14,656 [INFO] PluginManage:359 - Loaded plugin analytics (category:tool,tabindex:-1)
2025-11-02 15:01:14,657 [INFO] PluginManage:310 - Check plugin cadmodel
2025-11-02 15:01:14,661 [INFO] CADModel:105 - Init CAD model plugin
2025-11-02 15:01:14,662 [INFO] PluginManage:359 - Loaded plugin cadmodel (category:power,tabindex:5)
2025-11-02 15:01:14,662 [INFO] PluginManage:310 - Check plugin clock
2025-11-02 15:01:14,672 [INFO] PluginManage:359 - Loaded plugin clock (category:base,tabindex:2)
2025-11-02 15:01:14,673 [INFO] PluginManage:310 - Check plugin ddr
2025-11-02 15:01:14,674 [INFO] PluginManage:359 - Loaded plugin ddr (category:tool,tabindex:6)
2025-11-02 15:01:14,675 [INFO] PluginManage:310 - Check plugin filemanager
2025-11-02 15:01:14,820 [INFO] PluginManage:359 - Loaded plugin filemanager (category:base,tabindex:10)
2025-11-02 15:01:14,820 [INFO] PluginManage:310 - Check plugin ipmanager
2025-11-02 15:01:14,827 [INFO] PluginManage:359 - Loaded plugin ipmanager (category:base,tabindex:5)
2025-11-02 15:01:14,828 [INFO] PluginManage:310 - Check plugin lpbam
2025-11-02 15:01:14,837 [INFO] PluginManage:359 - Loaded plugin lpbam (category:base,tabindex:0)
2025-11-02 15:01:14,837 [INFO] PluginManage:310 - Check plugin memorymap
2025-11-02 15:01:14,851 [INFO] PluginManage:359 - Loaded plugin memorymap (category:base,tabindex:4)
2025-11-02 15:01:14,851 [INFO] PluginManage:310 - Check plugin pinoutandconfiguration
2025-11-02 15:01:14,858 [INFO] PluginManage:359 - Loaded plugin pinoutandconfiguration (category:base,tabindex:1)
2025-11-02 15:01:14,858 [INFO] PluginManage:310 - Check plugin pinoutconfig
2025-11-02 15:01:14,940 [WARN] SupportedApi:132 - Cannot load RTOS API schema: s4s-elt-must-match.1: The content of 'definitions' must match (annotation?, (simpleType | complexType)?, (unique | key | keyref)*)). A problem was found starting at: attribute.
2025-11-02 15:01:15,130 [INFO] PluginManage:359 - Loaded plugin pinoutconfig (category:base,tabindex:0)
2025-11-02 15:01:15,130 [INFO] PluginManage:310 - Check plugin power
2025-11-02 15:01:15,142 [INFO] PluginManage:359 - Loaded plugin power (category:power,tabindex:4)
2025-11-02 15:01:15,142 [INFO] PluginManage:310 - Check plugin projectmanager
2025-11-02 15:01:15,161 [INFO] PluginManage:359 - Loaded plugin projectmanager (category:projectmanager,tabindex:4)
2025-11-02 15:01:15,161 [INFO] PluginManage:310 - Check plugin rif
2025-11-02 15:01:15,169 [INFO] PluginManage:359 - Loaded plugin rif (category:base,tabindex:3)
2025-11-02 15:01:15,169 [INFO] PluginManage:310 - Check plugin thirdparty
2025-11-02 15:01:15,310 [WARN] IntegrityCheckThread:84 - waiting for thirdparty lock release [integrity check]
2025-11-02 15:01:15,310 [INFO] IntegrityCheckThread:86 - entering critical section [integrity check]
2025-11-02 15:01:15,311 [INFO] ThirdPartyUpdaterWithRetryManager:70 - Updater plugin not ready yet. [1/15]
2025-11-02 15:01:15,311 [INFO] PluginManage:359 - Loaded plugin thirdparty (category:base,tabindex:-1)
2025-11-02 15:01:15,311 [INFO] PluginManage:310 - Check plugin tools
2025-11-02 15:01:15,315 [INFO] PluginManage:359 - Loaded plugin tools (category:base,tabindex:7)
2025-11-02 15:01:15,315 [INFO] PluginManage:310 - Check plugin tutovideos
2025-11-02 15:01:15,517 [INFO] PluginManage:359 - Loaded plugin tutovideos (category:base,tabindex:-1)
2025-11-02 15:01:15,517 [INFO] PluginManage:310 - Check plugin updater
2025-11-02 15:01:15,539 [INFO] PluginManage:359 - Loaded plugin updater (category:base,tabindex:12)
2025-11-02 15:01:15,539 [INFO] PluginManage:310 - Check plugin userauth
2025-11-02 15:01:15,548 [INFO] UserAuth:118 - Init User Auth plugin
2025-11-02 15:01:15,549 [INFO] PluginManage:359 - Loaded plugin userauth (category:base,tabindex:14)
2025-11-02 15:01:15,549 [INFO] PluginManage:283 - PluginManage : Loaded plugins [18]
2025-11-02 15:01:15,586 [ERROR] LogOutputStream:75 - [STDERR_REDIRECT] [Fatal Error] :1:1: Premature end of file.
2025-11-02 15:01:15,586 [ERROR] LogOutputStream:75 - [STDERR_REDIRECT] 
2025-11-02 15:01:15,785 [INFO] PinOutPanel:1589 - setPackage(No Configuration,No Configuration)
2025-11-02 15:01:15,877 [INFO] CADModel:165 - CPN selected for project level
2025-11-02 15:01:15,878 [INFO] CADModel:114 - Register for checkConnection events
2025-11-02 15:01:15,898 [INFO] IPUIPlugin:80 - create IPUIPlugin
2025-11-02 15:01:15,898 [INFO] PluginManager:220 - loadIPPluginJar : add adc
2025-11-02 15:01:15,905 [INFO] IPUIPlugin:80 - create IPUIPlugin
2025-11-02 15:01:15,905 [INFO] PluginManager:220 - loadIPPluginJar : add aes
2025-11-02 15:01:15,909 [INFO] IPUIPlugin:80 - create IPUIPlugin
2025-11-02 15:01:15,909 [INFO] PluginManager:220 - loadIPPluginJar : add can
2025-11-02 15:01:15,912 [INFO] IPUIPlugin:80 - create IPUIPlugin
2025-11-02 15:01:15,912 [INFO] PluginManager:220 - loadIPPluginJar : add comp
2025-11-02 15:01:15,916 [INFO] IPUIPlugin:80 - create IPUIPlugin
2025-11-02 15:01:15,916 [INFO] PluginManager:220 - loadIPPluginJar : add cryp
2025-11-02 15:01:15,922 [INFO] IPUIPlugin:80 - create IPUIPlugin
2025-11-02 15:01:15,922 [INFO] PluginManager:220 - loadIPPluginJar : add ddr_ctrl_phy
2025-11-02 15:01:15,927 [INFO] IPUIPlugin:80 - create IPUIPlugin
2025-11-02 15:01:15,927 [INFO] PluginManager:220 - loadIPPluginJar : add dfsdm
2025-11-02 15:01:15,937 [INFO] IPUIPlugin:80 - create IPUIPlugin
2025-11-02 15:01:15,939 [INFO] PluginManager:220 - loadIPPluginJar : add dma
2025-11-02 15:01:15,945 [INFO] IPUIPlugin:80 - create IPUIPlugin
2025-11-02 15:01:15,945 [INFO] PluginManager:220 - loadIPPluginJar : add dma3
2025-11-02 15:01:15,949 [INFO] IPUIPlugin:80 - create IPUIPlugin
2025-11-02 15:01:15,949 [INFO] PluginManager:220 - loadIPPluginJar : add extmemmanager
2025-11-02 15:01:15,951 [INFO] IPUIPlugin:80 - create IPUIPlugin
2025-11-02 15:01:15,951 [INFO] PluginManager:220 - loadIPPluginJar : add fatfs
2025-11-02 15:01:15,958 [INFO] IPUIPlugin:80 - create IPUIPlugin
2025-11-02 15:01:15,958 [INFO] PluginManager:220 - loadIPPluginJar : add fmc
2025-11-02 15:01:15,974 [INFO] IPUIPlugin:80 - create IPUIPlugin
2025-11-02 15:01:15,975 [INFO] PluginManager:220 - loadIPPluginJar : add freertos
2025-11-02 15:01:15,977 [INFO] IPUIPlugin:80 - create IPUIPlugin
2025-11-02 15:01:15,978 [INFO] PluginManager:220 - loadIPPluginJar : add genericplugin
2025-11-02 15:01:15,980 [INFO] IPUIPlugin:80 - create IPUIPlugin
2025-11-02 15:01:15,981 [INFO] PluginManager:220 - loadIPPluginJar : add gfxmmu
2025-11-02 15:01:15,986 [INFO] IPUIPlugin:80 - create IPUIPlugin
2025-11-02 15:01:15,986 [INFO] PluginManager:220 - loadIPPluginJar : add gic
2025-11-02 15:01:15,991 [INFO] IPUIPlugin:80 - create IPUIPlugin
2025-11-02 15:01:15,992 [INFO] PluginManager:220 - loadIPPluginJar : add gpio
2025-11-02 15:01:15,995 [INFO] IPUIPlugin:80 - create IPUIPlugin
2025-11-02 15:01:15,996 [INFO] PluginManager:220 - loadIPPluginJar : add gtzc
2025-11-02 15:01:15,999 [INFO] IPUIPlugin:80 - create IPUIPlugin
2025-11-02 15:01:15,999 [INFO] PluginManager:220 - loadIPPluginJar : add hash
2025-11-02 15:01:16,003 [INFO] IPUIPlugin:80 - create IPUIPlugin
2025-11-02 15:01:16,003 [INFO] PluginManager:220 - loadIPPluginJar : add i2c
2025-11-02 15:01:16,006 [INFO] IPUIPlugin:80 - create IPUIPlugin
2025-11-02 15:01:16,006 [INFO] PluginManager:220 - loadIPPluginJar : add i2s
2025-11-02 15:01:16,012 [INFO] IPUIPlugin:80 - create IPUIPlugin
2025-11-02 15:01:16,012 [INFO] PluginManager:220 - loadIPPluginJar : add i3c
2025-11-02 15:01:16,017 [INFO] IPUIPlugin:80 - create IPUIPlugin
2025-11-02 15:01:16,018 [INFO] PluginManager:220 - loadIPPluginJar : add ipddr
2025-11-02 15:01:16,025 [INFO] IPUIPlugin:80 - create IPUIPlugin
2025-11-02 15:01:16,026 [INFO] PluginManager:220 - loadIPPluginJar : add linkedlist
2025-11-02 15:01:16,031 [INFO] IPUIPlugin:80 - create IPUIPlugin
2025-11-02 15:01:16,031 [INFO] PluginManager:220 - loadIPPluginJar : add lorawan
2025-11-02 15:01:16,033 [INFO] IPUIPlugin:80 - create IPUIPlugin
2025-11-02 15:01:16,033 [INFO] PluginManager:220 - loadIPPluginJar : add ltdc
2025-11-02 15:01:16,040 [INFO] IPUIPlugin:80 - create IPUIPlugin
2025-11-02 15:01:16,040 [INFO] PluginManager:220 - loadIPPluginJar : add mdma
2025-11-02 15:01:16,045 [INFO] IPUIPlugin:80 - create IPUIPlugin
2025-11-02 15:01:16,045 [INFO] PluginManager:220 - loadIPPluginJar : add nvic
2025-11-02 15:01:16,049 [INFO] IPUIPlugin:80 - create IPUIPlugin
2025-11-02 15:01:16,050 [INFO] PluginManager:220 - loadIPPluginJar : add opamp
2025-11-02 15:01:16,052 [INFO] IPUIPlugin:80 - create IPUIPlugin
2025-11-02 15:01:16,053 [INFO] PluginManager:220 - loadIPPluginJar : add openamp
2025-11-02 15:01:16,056 [INFO] IPUIPlugin:80 - create IPUIPlugin
2025-11-02 15:01:16,056 [INFO] PluginManager:220 - loadIPPluginJar : add pdm2pcm
2025-11-02 15:01:16,064 [INFO] IPUIPlugin:80 - create IPUIPlugin
2025-11-02 15:01:16,070 [INFO] PluginManager:220 - loadIPPluginJar : add plateformsettings
2025-11-02 15:01:16,073 [INFO] IPUIPlugin:80 - create IPUIPlugin
2025-11-02 15:01:16,073 [INFO] PluginManager:220 - loadIPPluginJar : add quadspi
2025-11-02 15:01:16,076 [INFO] IPUIPlugin:80 - create IPUIPlugin
2025-11-02 15:01:16,077 [INFO] PluginManager:220 - loadIPPluginJar : add radio
2025-11-02 15:01:16,081 [INFO] IPUIPlugin:80 - create IPUIPlugin
2025-11-02 15:01:16,082 [INFO] PluginManager:220 - loadIPPluginJar : add resmgrutility
2025-11-02 15:01:16,090 [INFO] IPUIPlugin:80 - create IPUIPlugin
2025-11-02 15:01:16,090 [INFO] PluginManager:220 - loadIPPluginJar : add sai
2025-11-02 15:01:16,094 [INFO] IPUIPlugin:80 - create IPUIPlugin
2025-11-02 15:01:16,094 [INFO] PluginManager:220 - loadIPPluginJar : add spi
2025-11-02 15:01:16,102 [INFO] IPUIPlugin:80 - create IPUIPlugin
2025-11-02 15:01:16,102 [INFO] PluginManager:220 - loadIPPluginJar : add stm32_wpan
2025-11-02 15:01:16,104 [INFO] IPUIPlugin:80 - create IPUIPlugin
2025-11-02 15:01:16,104 [INFO] PluginManager:220 - loadIPPluginJar : add tim
2025-11-02 15:01:16,108 [INFO] IPUIPlugin:80 - create IPUIPlugin
2025-11-02 15:01:16,108 [INFO] PluginManager:220 - loadIPPluginJar : add touchsensing
2025-11-02 15:01:16,110 [INFO] IPUIPlugin:80 - create IPUIPlugin
2025-11-02 15:01:16,110 [INFO] PluginManager:220 - loadIPPluginJar : add tracer_emb
2025-11-02 15:01:16,113 [INFO] IPUIPlugin:80 - create IPUIPlugin
2025-11-02 15:01:16,113 [INFO] PluginManager:220 - loadIPPluginJar : add ts
2025-11-02 15:01:16,116 [INFO] IPUIPlugin:80 - create IPUIPlugin
2025-11-02 15:01:16,116 [INFO] PluginManager:220 - loadIPPluginJar : add tsc
2025-11-02 15:01:16,120 [INFO] IPUIPlugin:80 - create IPUIPlugin
2025-11-02 15:01:16,120 [INFO] PluginManager:220 - loadIPPluginJar : add ucpd
2025-11-02 15:01:16,124 [INFO] IPUIPlugin:80 - create IPUIPlugin
2025-11-02 15:01:16,124 [INFO] PluginManager:220 - loadIPPluginJar : add usart
2025-11-02 15:01:16,127 [INFO] IPUIPlugin:80 - create IPUIPlugin
2025-11-02 15:01:16,127 [INFO] PluginManager:220 - loadIPPluginJar : add usbx
2025-11-02 15:01:16,253 [FATAL] Updater:351 - Updater called before beeing initialized
2025-11-02 15:01:16,307 [INFO] RulesReader:64 - Compatibility file has been processed (317 Rules)
2025-11-02 15:01:16,323 [INFO] RulesReader:64 - Compatibility file has been processed (317 Rules)
2025-11-02 15:01:16,335 [INFO] CADModel:165 - CPN selected for project level
2025-11-02 15:01:16,336 [INFO] CADModel:114 - Register for checkConnection events
2025-11-02 15:01:16,336 [FATAL] Updater:351 - Updater called before beeing initialized
2025-11-02 15:01:16,336 [ERROR] CADModel:125 - Updater not yet initialized, retry later 
2025-11-02 15:01:16,496 [FATAL] Updater:351 - Updater called before beeing initialized
2025-11-02 15:01:16,499 [INFO] CADModel:165 - CPN selected for project level
2025-11-02 15:01:16,499 [INFO] CADModel:114 - Register for checkConnection events
2025-11-02 15:01:16,499 [FATAL] Updater:351 - Updater called before beeing initialized
2025-11-02 15:01:16,500 [ERROR] CADModel:125 - Updater not yet initialized, retry later 
2025-11-02 15:01:16,504 [FATAL] Updater:351 - Updater called before beeing initialized
2025-11-02 15:01:16,577 [ERROR] LogOutputStream:75 - [STDERR_REDIRECT] [Fatal Error] :1:1: Premature end of file.
2025-11-02 15:01:16,577 [ERROR] LogOutputStream:75 - [STDERR_REDIRECT] 
2025-11-02 15:01:16,645 [FATAL] Updater:351 - Updater called before beeing initialized
2025-11-02 15:01:16,651 [INFO] DbMcusAds:53 - JSON generation date=Thu Oct 02 15:06:05 IST 2025 (1759397765645)
2025-11-02 15:01:16,652 [FATAL] Updater:351 - Updater called before beeing initialized
2025-11-02 15:01:16,698 [WARN] DetailPanel:346 - Failed to get advertising image, set to default
2025-11-02 15:01:16,881 [FATAL] Updater:351 - Updater called before beeing initialized
2025-11-02 15:01:16,882 [FATAL] Updater:351 - Updater called before beeing initialized
2025-11-02 15:01:16,882 [FATAL] Updater:351 - Updater called before beeing initialized
2025-11-02 15:01:16,883 [WARN] DetailPanel:346 - Failed to get advertising image, set to default
2025-11-02 15:01:16,884 [FATAL] Updater:351 - Updater called before beeing initialized
2025-11-02 15:01:16,948 [ERROR] Updater:1198 - MainUpdater not yet initialized. External WinMGr cannot be set.
2025-11-02 15:01:16,950 [INFO] Updater:1134 - Updater Version found : 6.15.0
2025-11-02 15:01:16,984 [INFO] ApplicationProperties:184 - Using Application install path: C:\ST\STM32CubeIDE_1.18.1\STM32CubeIDE\plugins\com.st.stm32cube.common.mx_6.15.0.202507011659
2025-11-02 15:01:17,584 [ERROR] LogOutputStream:75 - [STDERR_REDIRECT] [Fatal Error] :1:1: Premature end of file.
2025-11-02 15:01:17,585 [ERROR] LogOutputStream:75 - [STDERR_REDIRECT] 
2025-11-02 15:01:18,311 [INFO] ThirdPartyUpdaterWithRetryManager:70 - Updater plugin not ready yet. [2/15]
2025-11-02 15:01:18,559 [ERROR] LogOutputStream:75 - [STDERR_REDIRECT] Nov 02, 2025 3:01:18 PM java.util.prefs.WindowsPreferences <init>
2025-11-02 15:01:18,562 [ERROR] LogOutputStream:75 - [STDERR_REDIRECT] WARNING: Could not open/create prefs root node Software\JavaSoft\Prefs at root 0xffffffff80000002. Windows RegCreateKeyEx(...) returned error code 5.
2025-11-02 15:01:18,562 [ERROR] LogOutputStream:75 - [STDERR_REDIRECT] 
2025-11-02 15:01:18,586 [ERROR] LogOutputStream:75 - [STDERR_REDIRECT] [Fatal Error] :1:1: Premature end of file.
2025-11-02 15:01:18,587 [ERROR] LogOutputStream:75 - [STDERR_REDIRECT] 
2025-11-02 15:01:19,357 [INFO] MainUpdater:2872 - connection check result : 10
2025-11-02 15:01:19,358 [INFO] MainUpdater:289 - Updater Check For Update Now.
2025-11-02 15:01:19,358 [INFO] MicroXplorer:498 - Change Database Version : DB.6.0.150
2025-11-02 15:01:19,386 [INFO] McuFinderGlobals:63 - Set McuFinder mode to 2 (CubeIDE integrated)
2025-11-02 15:01:19,388 [INFO] UserAuth:487 - Internet connection configuration mode: 1
2025-11-02 15:01:19,447 [INFO] JxBrowserEngine:152 - Initiate JxBrowser Engine with user profile folder
2025-11-02 15:01:19,569 [ERROR] LogOutputStream:75 - [STDERR_REDIRECT] [Fatal Error] :1:1: Premature end of file.
2025-11-02 15:01:19,570 [ERROR] LogOutputStream:75 - [STDERR_REDIRECT] 
2025-11-02 15:01:19,577 [INFO] CheckServerUpdateThread:120 - End of CheckServer Thread
2025-11-02 15:01:20,482 [INFO] WebApp:169 - Instantiating new browser for Auth
2025-11-02 15:01:20,570 [ERROR] LogOutputStream:75 - [STDERR_REDIRECT] [Fatal Error] :1:1: Premature end of file.
2025-11-02 15:01:20,570 [ERROR] LogOutputStream:75 - [STDERR_REDIRECT] 
2025-11-02 15:01:21,077 [INFO] WebApp:463 - Apply proxy settings
2025-11-02 15:01:21,077 [INFO] WebApp:548 - Chromium requires no authentication
2025-11-02 15:01:21,084 [INFO] WebApp:491 - Direct internet connection detected
2025-11-02 15:01:21,107 [INFO] WebApp:900 - Register for checkConnection events
2025-11-02 15:01:21,108 [INFO] WebApp:463 - Apply proxy settings
2025-11-02 15:01:21,108 [INFO] WebApp:548 - Chromium requires no authentication
2025-11-02 15:01:21,108 [INFO] WebApp:491 - Direct internet connection detected
2025-11-02 15:01:21,241 [INFO] WebApp:225 - Starting web application
2025-11-02 15:01:21,241 [INFO] WebApp:593 - Web application path used C:\ST\STM32CubeIDE_1.18.1\STM32CubeIDE\plugins\com.st.stm32cube.common.mx_6.15.0.202507011659\db\plugins\mcufinder\reactClient1\index.html
2025-11-02 15:01:21,317 [INFO] UserAuth:487 - Internet connection configuration mode: 1
2025-11-02 15:01:21,521 [WARN] PackLoader:240 - Cannot read IP mode file for STMicroelectronics.FP-SNS-MOTENVWB1.1.4.0
2025-11-02 15:01:21,530 [WARN] PackLoader:240 - Cannot read IP mode file for STMicroelectronics.FP-ATR-ASTRA1.2.0.2
2025-11-02 15:01:21,543 [WARN] PackLoader:240 - Cannot read IP mode file for STMicroelectronics.X-CUBE-SMBUS.2.1.0
2025-11-02 15:01:21,549 [WARN] PackLoader:240 - Cannot read IP mode file for STMicroelectronics.X-CUBE-ST60.1.0.0
2025-11-02 15:01:21,577 [ERROR] LogOutputStream:75 - [STDERR_REDIRECT] [Fatal Error] :1:1: Premature end of file.
2025-11-02 15:01:21,579 [ERROR] LogOutputStream:75 - [STDERR_REDIRECT] 
2025-11-02 15:01:21,583 [WARN] PackLoader:240 - Cannot read IP mode file for STMicroelectronics.X-CUBE-AZRTOS-F7.1.1.0
2025-11-02 15:01:21,590 [WARN] PackLoader:240 - Cannot read IP mode file for Cesanta.I-CUBE-Mongoose.7.19.0
2025-11-02 15:01:21,606 [WARN] PackLoader:240 - Cannot read IP mode file for STMicroelectronics.FP-SNS-MOTENV1.5.1.0
2025-11-02 15:01:21,628 [WARN] PackLoader:240 - Cannot read IP mode file for WES.I-CUBE-Cesium.1.4.0
2025-11-02 15:01:21,679 [WARN] PackLoader:240 - Cannot read IP mode file for Infineon.AIROC-Wi-Fi-Bluetooth-STM32.1.7.0
2025-11-02 15:01:21,700 [WARN] PackLoader:240 - Cannot read IP mode file for Infineon.AIROC-Wi-Fi-Bluetooth-STM32.1.7.1
2025-11-02 15:01:21,719 [WARN] PackLoader:240 - Cannot read IP mode file for STMicroelectronics.X-CUBE-AZRTOS-H7.3.4.0
2025-11-02 15:01:21,729 [WARN] PackLoader:240 - Cannot read IP mode file for STMicroelectronics.X-CUBE-DISPLAY.3.0.0
2025-11-02 15:01:21,743 [WARN] PackLoader:240 - Cannot read IP mode file for STMicroelectronics.X-CUBE-NFC10.1.0.0
2025-11-02 15:01:21,750 [WARN] PackLoader:240 - Cannot read IP mode file for STMicroelectronics.X-CUBE-BLEMGR.4.0.0
2025-11-02 15:01:21,756 [WARN] PackLoader:240 - Cannot read IP mode file for STMicroelectronics.X-CUBE-ST60.1.1.0
2025-11-02 15:01:21,760 [WARN] PackLoader:240 - Cannot read IP mode file for emotas.I-CUBE-CANOPEN.1.3.0
2025-11-02 15:01:21,764 [WARN] PackLoader:240 - Cannot read IP mode file for STMicroelectronics.X-CUBE-GNSS1.7.1.0
2025-11-02 15:01:21,768 [WARN] ConditionMgr:438 - getConditionDescription Invalid condition id : Cortex-A Device cause : null
2025-11-02 15:01:21,785 [WARN] ConditionMgr:1044 - genDependencies : Invalid condition id : Cortex-A Device cause : null
2025-11-02 15:01:21,785 [WARN] ConditionMgr:1044 - genDependencies : Invalid condition id : Cortex-A Device cause : null
2025-11-02 15:01:21,785 [WARN] ConditionMgr:1044 - genDependencies : Invalid condition id : Cortex-A Device cause : null
2025-11-02 15:01:21,790 [WARN] PackLoader:240 - Cannot read IP mode file for STMicroelectronics.X-CUBE-AI.10.0.0
2025-11-02 15:01:21,796 [WARN] PackLoader:240 - Cannot read IP mode file for STMicroelectronics.FP-SNS-STBOX1.2.1.0
2025-11-02 15:01:21,805 [WARN] PackLoader:240 - Cannot read IP mode file for STMicroelectronics.FP-SNS-SMARTAG2.1.2.0
2025-11-02 15:01:21,812 [WARN] PackLoader:240 - Cannot read IP mode file for STMicroelectronics.FP-SNS-FLIGHT1.5.1.0
2025-11-02 15:01:21,822 [INFO] LogOutputStream:77 - [STDOUT_REDIRECT] 1 : Invalid condition id : UX_CORESTACK_Condition cause : null
2025-11-02 15:01:21,824 [INFO] LogOutputStream:77 - [STDOUT_REDIRECT] 1 : Invalid condition id : UX_CORESTACK_Condition cause : null
2025-11-02 15:01:21,825 [INFO] LogOutputStream:77 - [STDOUT_REDIRECT] 1 : Invalid condition id : UX_CORESTACK_Condition cause : null
2025-11-02 15:01:21,826 [INFO] LogOutputStream:77 - [STDOUT_REDIRECT] 1 : Invalid condition id : UX_CORESTACK_Condition cause : null
2025-11-02 15:01:21,827 [INFO] LogOutputStream:77 - [STDOUT_REDIRECT] 1 : Invalid condition id : UX_CORESTACK_Condition cause : null
2025-11-02 15:01:21,829 [WARN] PackLoader:240 - Cannot read IP mode file for STMicroelectronics.X-CUBE-AZRTOS-WL.2.0.0
2025-11-02 15:01:21,833 [WARN] PackLoader:240 - Cannot read IP mode file for STMicroelectronics.FP-SNS-MOTENV1.5.0.0
2025-11-02 15:01:21,839 [WARN] PackLoader:240 - Cannot read IP mode file for WES.I-CUBE-Cesium.1.3.0
2025-11-02 15:01:21,839 [INFO] WebApp:191 - Connection restablished
2025-11-02 15:01:21,844 [WARN] PackLoader:240 - Cannot read IP mode file for STMicroelectronics.X-CUBE-BLE2.3.3.0
2025-11-02 15:01:21,848 [WARN] PackLoader:240 - Cannot read IP mode file for STMicroelectronics.X-CUBE-NFC9.1.0.0
2025-11-02 15:01:21,853 [WARN] PackLoader:240 - Cannot read IP mode file for wolfSSL.I-CUBE-wolfSSL.5.8.0
2025-11-02 15:01:21,856 [WARN] PackLoader:240 - Cannot read IP mode file for wolfSSL.I-CUBE-wolfSSL.5.8.2
2025-11-02 15:01:21,861 [WARN] PackLoader:240 - Cannot read IP mode file for STMicroelectronics.X-CUBE-BLE1.7.1.0
2025-11-02 15:01:21,866 [WARN] PackLoader:240 - Cannot read IP mode file for wolfSSL.I-CUBE-wolfMQTT.1.19.2
2025-11-02 15:01:21,871 [WARN] PackLoader:240 - Cannot read IP mode file for STMicroelectronics.X-CUBE-EEPRMA1.5.2.0
2025-11-02 15:01:21,880 [WARN] PackLoader:240 - Cannot read IP mode file for STMicroelectronics.X-CUBE-ST67W61.1.1.0
2025-11-02 15:01:21,883 [WARN] PackLoader:240 - Cannot read IP mode file for STMicroelectronics.X-CUBE-AI.10.1.0
2025-11-02 15:01:21,913 [WARN] PackLoader:240 - Cannot read IP mode file for STMicroelectronics.X-CUBE-MEMS1.11.2.0
2025-11-02 15:01:22,018 [WARN] PackLoader:240 - Cannot read IP mode file for STMicroelectronics.X-CUBE-AZRTOS-G0.1.1.0
2025-11-02 15:01:22,024 [WARN] PackLoader:240 - Cannot read IP mode file for STMicroelectronics.X-CUBE-SAFEA1.1.2.2
2025-11-02 15:01:22,028 [WARN] PackLoader:240 - Cannot read IP mode file for STMicroelectronics.X-CUBE-NFC4.3.0.0
2025-11-02 15:01:22,035 [WARN] PackLoader:240 - Cannot read IP mode file for EmbeddedOffice.I-CUBE-FS-RTOS.1.0.1
2025-11-02 15:01:22,040 [WARN] PackLoader:240 - Cannot read IP mode file for STMicroelectronics.X-CUBE-WB05N.2.0.0
2025-11-02 15:01:22,043 [WARN] PackLoader:240 - Cannot read IP mode file for wolfSSL.I-CUBE-wolfTPM.3.8.0
2025-11-02 15:01:22,047 [WARN] PackLoader:240 - Cannot read IP mode file for STMicroelectronics.X-CUBE-TCPP.4.2.0
2025-11-02 15:01:22,051 [WARN] PackLoader:240 - Cannot read IP mode file for RealThread.X-CUBE-RT-Thread_Nano.4.1.1
2025-11-02 15:01:22,054 [WARN] PackLoader:240 - Cannot read IP mode file for STMicroelectronics.FP-ATR-SIGFOX1.3.2.0
2025-11-02 15:01:22,058 [WARN] PackLoader:240 - Cannot read IP mode file for STMicroelectronics.X-CUBE-EEPRMA1.5.1.0
2025-11-02 15:01:22,063 [WARN] PackLoader:240 - Cannot read IP mode file for ITTIA_DB.I-CUBE-ITTIADB.8.9.0
2025-11-02 15:01:22,073 [WARN] PackLoader:240 - Cannot read IP mode file for STMicroelectronics.X-CUBE-ST67W61.1.0.0
2025-11-02 15:01:22,075 [WARN] PackLoader:240 - Cannot read IP mode file for STMicroelectronics.X-CUBE-AI.10.2.0
2025-11-02 15:01:22,093 [WARN] PackLoader:240 - Cannot read IP mode file for SEGGER.I-CUBE-embOS.1.3.1
2025-11-02 15:01:22,122 [WARN] PackLoader:240 - Cannot read IP mode file for STMicroelectronics.X-CUBE-ALGOBUILD.1.4.0
2025-11-02 15:01:22,167 [WARN] PackLoader:240 - Cannot read IP mode file for STMicroelectronics.X-CUBE-MEMS1.11.3.0
2025-11-02 15:01:22,299 [WARN] PackLoader:240 - Cannot read IP mode file for STMicroelectronics.X-CUBE-PM33A1.1.0.0
2025-11-02 15:01:22,308 [WARN] PackLoader:240 - Cannot read IP mode file for STMicroelectronics.X-CUBE-AZRTOS-F4.1.1.0
2025-11-02 15:01:22,312 [WARN] PackLoader:240 - Cannot read IP mode file for Avnet-IotConnect.X-CUBE-IoTC-DA16k-PMOD.1.0.0
2025-11-02 15:01:22,316 [WARN] PackLoader:240 - Cannot read IP mode file for STMicroelectronics.X-CUBE-ISPU.2.1.0
2025-11-02 15:01:22,326 [WARN] PackLoader:240 - Cannot read IP mode file for STMicroelectronics.X-CUBE-IPS.3.2.0
2025-11-02 15:01:22,335 [WARN] PackLoader:240 - Cannot read IP mode file for STMicroelectronics.X-CUBE-NFC12.1.0.0
2025-11-02 15:01:22,347 [WARN] PackLoader:240 - Cannot read IP mode file for STMicroelectronics.X-CUBE-AZRTOS-L5.2.0.0
2025-11-02 15:01:22,354 [WARN] PackLoader:240 - Cannot read IP mode file for STMicroelectronics.X-CUBE-NFC6.3.1.0
2025-11-02 15:01:22,360 [WARN] PackLoader:240 - Cannot read IP mode file for STMicroelectronics.X-CUBE-FREERTOS.1.3.1
2025-11-02 15:01:22,367 [WARN] PackLoader:240 - Cannot read IP mode file for STMicroelectronics.X-CUBE-TOUCHGFX.4.26.0
2025-11-02 15:01:22,371 [WARN] PackLoader:240 - Cannot read IP mode file for STMicroelectronics.FP-SNS-STAIOTCFT.1.0.0
2025-11-02 15:01:22,375 [WARN] PackLoader:240 - Cannot read IP mode file for STMicroelectronics.X-CUBE-DPower.1.3.0
2025-11-02 15:01:22,384 [WARN] ConditionMgr:438 - getConditionDescription Invalid condition id : LAN8742 Phy interface Condition cause : null
2025-11-02 15:01:22,385 [WARN] PackLoader:240 - Cannot read IP mode file for STMicroelectronics.X-CUBE-AZRTOS-L4.2.0.0
2025-11-02 15:01:22,385 [WARN] ConditionMgr:1044 - genDependencies : Invalid condition id : LAN8742 Phy interface Condition cause : null
2025-11-02 15:01:22,385 [WARN] ConditionMgr:1044 - genDependencies : Invalid condition id : LAN8742 Phy interface Condition cause : null
2025-11-02 15:01:22,386 [WARN] ConditionMgr:1044 - genDependencies : Invalid condition id : LAN8742 Phy interface Condition cause : null
2025-11-02 15:01:22,393 [WARN] PackLoader:240 - Cannot read IP mode file for STMicroelectronics.X-CUBE-SFXS2LP1.4.0.0
2025-11-02 15:01:22,404 [WARN] PackLoader:240 - Cannot read IP mode file for STMicroelectronics.X-CUBE-AZRTOS-H7.3.3.0
2025-11-02 15:01:22,413 [WARN] PackLoader:240 - Cannot read IP mode file for STMicroelectronics.X-CUBE-BLEMGR.4.1.0
2025-11-02 15:01:22,424 [WARN] ConditionMgr:438 - getConditionDescription Invalid condition id : UX DEVICE CLASS RTOS Condition cause : null
2025-11-02 15:01:22,424 [WARN] ConditionMgr:438 - getConditionDescription Invalid condition id : UX DEVICE CLASS RTOS Condition cause : null
2025-11-02 15:01:22,426 [WARN] PackLoader:240 - Cannot read IP mode file for STMicroelectronics.X-CUBE-AZRTOS-WB.2.0.0
2025-11-02 15:01:22,426 [WARN] ConditionMgr:1044 - genDependencies : Invalid condition id : UX DEVICE CLASS RTOS Condition cause : null
2025-11-02 15:01:22,426 [WARN] ConditionMgr:1044 - genDependencies : Invalid condition id : UX DEVICE CLASS RTOS Condition cause : null
2025-11-02 15:01:22,426 [WARN] ConditionMgr:1044 - genDependencies : Invalid condition id : UX DEVICE CLASS RTOS Condition cause : null
2025-11-02 15:01:22,426 [WARN] ConditionMgr:1044 - genDependencies : Invalid condition id : UX DEVICE CLASS RTOS Condition cause : null
2025-11-02 15:01:22,427 [WARN] ConditionMgr:1044 - genDependencies : Invalid condition id : UX DEVICE CLASS RTOS Condition cause : null
2025-11-02 15:01:22,431 [WARN] PackLoader:240 - Cannot read IP mode file for STMicroelectronics.X-CUBE-GNSS1.7.0.1
2025-11-02 15:01:22,434 [WARN] PackLoader:240 - Cannot read IP mode file for STMicroelectronics.X-CUBE-TOUCHGFX.4.25.0
2025-11-02 15:01:22,439 [WARN] PackLoader:240 - Cannot read IP mode file for STMicroelectronics.FP-SNS-STBOX1.2.0.0
2025-11-02 15:01:22,444 [WARN] ConditionMgr:438 - getConditionDescription Invalid condition id : Cortex-A Device cause : null
2025-11-02 15:01:22,451 [WARN] ConditionMgr:1044 - genDependencies : Invalid condition id : Cortex-A Device cause : null
2025-11-02 15:01:22,451 [WARN] ConditionMgr:1044 - genDependencies : Invalid condition id : Cortex-A Device cause : null
2025-11-02 15:01:22,452 [WARN] ConditionMgr:1044 - genDependencies : Invalid condition id : Cortex-A Device cause : null
2025-11-02 15:01:22,459 [WARN] PackLoader:240 - Cannot read IP mode file for STMicroelectronics.X-CUBE-SUBG2.5.0.0
2025-11-02 15:01:22,477 [WARN] PackLoader:240 - Cannot read IP mode file for STMicroelectronics.X-CUBE-AZRTOS-H7RS.1.1.0
2025-11-02 15:01:22,481 [WARN] PackLoader:240 - Cannot read IP mode file for Cesanta.I-CUBE-Mongoose.7.13.0
2025-11-02 15:01:22,491 [WARN] PackLoader:240 - Cannot read IP mode file for STMicroelectronics.X-CUBE-AZRTOS-G4.2.0.0
2025-11-02 15:01:22,496 [WARN] PackLoader:240 - Cannot read IP mode file for wolfSSL.I-CUBE-wolfSSH.1.4.20
2025-11-02 15:01:22,501 [WARN] PackLoader:240 - Cannot read IP mode file for STMicroelectronics.X-CUBE-NFC7.2.0.0
2025-11-02 15:01:22,510 [WARN] PackLoader:240 - Cannot read IP mode file for STMicroelectronics.X-CUBE-IPS.3.1.0
2025-11-02 15:01:22,523 [WARN] PackLoader:240 - Cannot read IP mode file for STMicroelectronics.X-CUBE-ALS.1.0.2
2025-11-02 15:01:22,531 [WARN] PackLoader:240 - Cannot read IP mode file for STMicroelectronics.X-CUBE-STSE01.1.0.0
2025-11-02 15:01:22,536 [WARN] PackLoader:240 - Cannot read IP mode file for portGmbH.I-Cube-SoM-uGOAL.1.1.0
2025-11-02 15:01:22,543 [WARN] PackLoader:240 - Cannot read IP mode file for STMicroelectronics.X-CUBE-TOF1.3.4.3
2025-11-02 15:01:22,551 [INFO] ThirdParty:978 - Integrity check success = true
2025-11-02 15:01:22,551 [INFO] IntegrityCheckThread:100 - exiting critical section [integrity check]
2025-11-02 15:01:22,551 [INFO] IntegrityCheckThread:103 - End integrity checks thread
2025-11-02 15:01:22,569 [ERROR] LogOutputStream:75 - [STDERR_REDIRECT] [Fatal Error] :1:1: Premature end of file.
2025-11-02 15:01:22,571 [ERROR] LogOutputStream:75 - [STDERR_REDIRECT] 
2025-11-02 15:01:23,581 [ERROR] LogOutputStream:75 - [STDERR_REDIRECT] [Fatal Error] :1:1: Premature end of file.
2025-11-02 15:01:23,582 [ERROR] LogOutputStream:75 - [STDERR_REDIRECT] 
2025-11-02 15:01:24,585 [ERROR] LogOutputStream:75 - [STDERR_REDIRECT] [Fatal Error] :1:1: Premature end of file.
2025-11-02 15:01:24,585 [ERROR] LogOutputStream:75 - [STDERR_REDIRECT] 
2025-11-02 15:01:25,587 [ERROR] LogOutputStream:75 - [STDERR_REDIRECT] [Fatal Error] :1:1: Premature end of file.
2025-11-02 15:01:25,587 [ERROR] LogOutputStream:75 - [STDERR_REDIRECT] 
2025-11-02 15:01:26,585 [ERROR] LogOutputStream:75 - [STDERR_REDIRECT] [Fatal Error] :1:1: Premature end of file.
2025-11-02 15:01:26,585 [ERROR] LogOutputStream:75 - [STDERR_REDIRECT] 
2025-11-02 15:01:27,585 [ERROR] LogOutputStream:75 - [STDERR_REDIRECT] [Fatal Error] :1:1: Premature end of file.
2025-11-02 15:01:27,585 [ERROR] LogOutputStream:75 - [STDERR_REDIRECT] 
2025-11-02 15:01:28,588 [ERROR] LogOutputStream:75 - [STDERR_REDIRECT] [Fatal Error] :1:1: Premature end of file.
2025-11-02 15:01:28,589 [ERROR] LogOutputStream:75 - [STDERR_REDIRECT] 
2025-11-02 15:01:29,582 [ERROR] LogOutputStream:75 - [STDERR_REDIRECT] [Fatal Error] :1:1: Premature end of file.
2025-11-02 15:01:29,582 [ERROR] LogOutputStream:75 - [STDERR_REDIRECT] 
2025-11-02 15:01:30,588 [ERROR] LogOutputStream:75 - [STDERR_REDIRECT] [Fatal Error] :1:1: Premature end of file.
2025-11-02 15:01:30,588 [ERROR] LogOutputStream:75 - [STDERR_REDIRECT] 
2025-11-02 15:01:31,581 [ERROR] LogOutputStream:75 - [STDERR_REDIRECT] [Fatal Error] :1:1: Premature end of file.
2025-11-02 15:01:31,582 [ERROR] LogOutputStream:75 - [STDERR_REDIRECT] 
2025-11-02 15:01:32,590 [ERROR] LogOutputStream:75 - [STDERR_REDIRECT] [Fatal Error] :1:1: Premature end of file.
2025-11-02 15:01:32,592 [ERROR] LogOutputStream:75 - [STDERR_REDIRECT] 
2025-11-02 15:01:33,580 [ERROR] LogOutputStream:75 - [STDERR_REDIRECT] [Fatal Error] :1:1: Premature end of file.
2025-11-02 15:01:33,581 [ERROR] LogOutputStream:75 - [STDERR_REDIRECT] 
2025-11-02 15:01:34,572 [ERROR] LogOutputStream:75 - [STDERR_REDIRECT] [Fatal Error] :1:1: Premature end of file.
2025-11-02 15:01:34,574 [ERROR] LogOutputStream:75 - [STDERR_REDIRECT] 
2025-11-02 15:01:35,580 [ERROR] LogOutputStream:75 - [STDERR_REDIRECT] [Fatal Error] :1:1: Premature end of file.
2025-11-02 15:01:35,581 [ERROR] LogOutputStream:75 - [STDERR_REDIRECT] 
2025-11-02 15:01:36,584 [ERROR] LogOutputStream:75 - [STDERR_REDIRECT] [Fatal Error] :1:1: Premature end of file.
2025-11-02 15:01:36,584 [ERROR] LogOutputStream:75 - [STDERR_REDIRECT] 
2025-11-02 15:01:37,592 [ERROR] LogOutputStream:75 - [STDERR_REDIRECT] [Fatal Error] :1:1: Premature end of file.
2025-11-02 15:01:37,592 [ERROR] LogOutputStream:75 - [STDERR_REDIRECT] 
2025-11-02 15:01:38,581 [ERROR] LogOutputStream:75 - [STDERR_REDIRECT] [Fatal Error] :1:1: Premature end of file.
2025-11-02 15:01:38,581 [ERROR] LogOutputStream:75 - [STDERR_REDIRECT] 
2025-11-02 15:01:39,590 [ERROR] LogOutputStream:75 - [STDERR_REDIRECT] [Fatal Error] :1:1: Premature end of file.
2025-11-02 15:01:39,591 [ERROR] LogOutputStream:75 - [STDERR_REDIRECT] 
2025-11-02 15:01:40,592 [ERROR] LogOutputStream:75 - [STDERR_REDIRECT] [Fatal Error] :1:1: Premature end of file.
2025-11-02 15:01:40,592 [ERROR] LogOutputStream:75 - [STDERR_REDIRECT] 
2025-11-02 15:01:41,586 [ERROR] LogOutputStream:75 - [STDERR_REDIRECT] [Fatal Error] :1:1: Premature end of file.
2025-11-02 15:01:41,586 [ERROR] LogOutputStream:75 - [STDERR_REDIRECT] 
2025-11-02 15:01:42,590 [ERROR] LogOutputStream:75 - [STDERR_REDIRECT] [Fatal Error] :1:1: Premature end of file.
2025-11-02 15:01:42,590 [ERROR] LogOutputStream:75 - [STDERR_REDIRECT] 
2025-11-02 15:01:43,580 [ERROR] LogOutputStream:75 - [STDERR_REDIRECT] [Fatal Error] :1:1: Premature end of file.
2025-11-02 15:01:43,581 [ERROR] LogOutputStream:75 - [STDERR_REDIRECT] 
2025-11-02 15:01:44,581 [ERROR] LogOutputStream:75 - [STDERR_REDIRECT] [Fatal Error] :1:1: Premature end of file.
2025-11-02 15:01:44,582 [ERROR] LogOutputStream:75 - [STDERR_REDIRECT] 
2025-11-02 15:01:45,589 [ERROR] LogOutputStream:75 - [STDERR_REDIRECT] [Fatal Error] :1:1: Premature end of file.
2025-11-02 15:01:45,589 [ERROR] LogOutputStream:75 - [STDERR_REDIRECT] 
2025-11-02 15:01:46,574 [ERROR] LogOutputStream:75 - [STDERR_REDIRECT] [Fatal Error] :1:1: Premature end of file.
2025-11-02 15:01:46,574 [ERROR] LogOutputStream:75 - [STDERR_REDIRECT] 
2025-11-02 15:01:47,586 [ERROR] LogOutputStream:75 - [STDERR_REDIRECT] [Fatal Error] :1:1: Premature end of file.
2025-11-02 15:01:47,587 [ERROR] LogOutputStream:75 - [STDERR_REDIRECT] 
2025-11-02 15:01:48,580 [ERROR] LogOutputStream:75 - [STDERR_REDIRECT] [Fatal Error] :1:1: Premature end of file.
2025-11-02 15:01:48,580 [ERROR] LogOutputStream:75 - [STDERR_REDIRECT] 
2025-11-02 15:01:49,592 [ERROR] LogOutputStream:75 - [STDERR_REDIRECT] [Fatal Error] :1:1: Premature end of file.
2025-11-02 15:01:49,592 [ERROR] LogOutputStream:75 - [STDERR_REDIRECT] 
2025-11-02 15:01:50,581 [ERROR] LogOutputStream:75 - [STDERR_REDIRECT] [Fatal Error] :1:1: Premature end of file.
2025-11-02 15:01:50,582 [ERROR] LogOutputStream:75 - [STDERR_REDIRECT] 
2025-11-02 15:01:51,589 [ERROR] LogOutputStream:75 - [STDERR_REDIRECT] [Fatal Error] :1:1: Premature end of file.
2025-11-02 15:01:51,590 [ERROR] LogOutputStream:75 - [STDERR_REDIRECT] 
2025-11-02 15:01:52,585 [ERROR] LogOutputStream:75 - [STDERR_REDIRECT] [Fatal Error] :1:1: Premature end of file.
2025-11-02 15:01:52,586 [ERROR] LogOutputStream:75 - [STDERR_REDIRECT] 
2025-11-02 15:01:53,573 [ERROR] LogOutputStream:75 - [STDERR_REDIRECT] [Fatal Error] :1:1: Premature end of file.
2025-11-02 15:01:53,574 [ERROR] LogOutputStream:75 - [STDERR_REDIRECT] 
2025-11-02 15:01:54,581 [ERROR] LogOutputStream:75 - [STDERR_REDIRECT] [Fatal Error] :1:1: Premature end of file.
2025-11-02 15:01:54,581 [ERROR] LogOutputStream:75 - [STDERR_REDIRECT] 
2025-11-02 15:01:55,580 [ERROR] LogOutputStream:75 - [STDERR_REDIRECT] [Fatal Error] :1:1: Premature end of file.
2025-11-02 15:01:55,581 [ERROR] LogOutputStream:75 - [STDERR_REDIRECT] 
2025-11-02 15:01:56,581 [ERROR] LogOutputStream:75 - [STDERR_REDIRECT] [Fatal Error] :1:1: Premature end of file.
2025-11-02 15:01:56,581 [ERROR] LogOutputStream:75 - [STDERR_REDIRECT] 
2025-11-02 15:01:57,579 [ERROR] LogOutputStream:75 - [STDERR_REDIRECT] [Fatal Error] :1:1: Premature end of file.
2025-11-02 15:01:57,579 [ERROR] LogOutputStream:75 - [STDERR_REDIRECT] 
2025-11-02 15:01:58,576 [ERROR] LogOutputStream:75 - [STDERR_REDIRECT] [Fatal Error] :1:1: Premature end of file.
2025-11-02 15:01:58,576 [ERROR] LogOutputStream:75 - [STDERR_REDIRECT] 
2025-11-02 15:01:59,587 [ERROR] LogOutputStream:75 - [STDERR_REDIRECT] [Fatal Error] :1:1: Premature end of file.
2025-11-02 15:01:59,588 [ERROR] LogOutputStream:75 - [STDERR_REDIRECT] 
2025-11-02 15:02:00,601 [ERROR] LogOutputStream:75 - [STDERR_REDIRECT] [Fatal Error] :1:1: Premature end of file.
2025-11-02 15:02:00,602 [ERROR] LogOutputStream:75 - [STDERR_REDIRECT] 
2025-11-02 15:02:01,572 [ERROR] LogOutputStream:75 - [STDERR_REDIRECT] [Fatal Error] :1:1: Premature end of file.
2025-11-02 15:02:01,572 [ERROR] LogOutputStream:75 - [STDERR_REDIRECT] 
2025-11-02 15:02:02,585 [ERROR] LogOutputStream:75 - [STDERR_REDIRECT] [Fatal Error] :1:1: Premature end of file.
2025-11-02 15:02:02,586 [ERROR] LogOutputStream:75 - [STDERR_REDIRECT] 
2025-11-02 15:02:03,569 [ERROR] LogOutputStream:75 - [STDERR_REDIRECT] [Fatal Error] :1:1: Premature end of file.
2025-11-02 15:02:03,569 [ERROR] LogOutputStream:75 - [STDERR_REDIRECT] 
2025-11-02 15:02:04,605 [ERROR] LogOutputStream:75 - [STDERR_REDIRECT] [Fatal Error] :1:1: Premature end of file.
2025-11-02 15:02:04,605 [ERROR] LogOutputStream:75 - [STDERR_REDIRECT] 
2025-11-02 15:02:05,587 [ERROR] LogOutputStream:75 - [STDERR_REDIRECT] [Fatal Error] :1:1: Premature end of file.
2025-11-02 15:02:05,588 [ERROR] LogOutputStream:75 - [STDERR_REDIRECT] 
2025-11-02 15:02:06,569 [ERROR] LogOutputStream:75 - [STDERR_REDIRECT] [Fatal Error] :1:1: Premature end of file.
2025-11-02 15:02:06,569 [ERROR] LogOutputStream:75 - [STDERR_REDIRECT] 
2025-11-02 15:02:07,590 [ERROR] LogOutputStream:75 - [STDERR_REDIRECT] [Fatal Error] :1:1: Premature end of file.
2025-11-02 15:02:07,590 [ERROR] LogOutputStream:75 - [STDERR_REDIRECT] 
2025-11-02 15:02:08,593 [ERROR] LogOutputStream:75 - [STDERR_REDIRECT] [Fatal Error] :1:1: Premature end of file.
2025-11-02 15:02:08,593 [ERROR] LogOutputStream:75 - [STDERR_REDIRECT] 
2025-11-02 15:02:09,566 [ERROR] LogOutputStream:75 - [STDERR_REDIRECT] [Fatal Error] :1:1: Premature end of file.
2025-11-02 15:02:09,566 [ERROR] LogOutputStream:75 - [STDERR_REDIRECT] 
2025-11-02 15:02:10,591 [ERROR] LogOutputStream:75 - [STDERR_REDIRECT] [Fatal Error] :1:1: Premature end of file.
2025-11-02 15:02:10,591 [ERROR] LogOutputStream:75 - [STDERR_REDIRECT] 
2025-11-02 15:02:11,585 [ERROR] LogOutputStream:75 - [STDERR_REDIRECT] [Fatal Error] :1:1: Premature end of file.
2025-11-02 15:02:11,585 [ERROR] LogOutputStream:75 - [STDERR_REDIRECT] 
2025-11-02 15:02:12,587 [ERROR] LogOutputStream:75 - [STDERR_REDIRECT] [Fatal Error] :1:1: Premature end of file.
2025-11-02 15:02:12,588 [ERROR] LogOutputStream:75 - [STDERR_REDIRECT] 
2025-11-02 15:02:13,588 [ERROR] LogOutputStream:75 - [STDERR_REDIRECT] [Fatal Error] :1:1: Premature end of file.
2025-11-02 15:02:13,588 [ERROR] LogOutputStream:75 - [STDERR_REDIRECT] 
2025-11-02 15:02:14,570 [ERROR] LogOutputStream:75 - [STDERR_REDIRECT] [Fatal Error] :1:1: Premature end of file.
2025-11-02 15:02:14,570 [ERROR] LogOutputStream:75 - [STDERR_REDIRECT] 
2025-11-02 15:02:15,597 [ERROR] LogOutputStream:75 - [STDERR_REDIRECT] [Fatal Error] :1:1: Premature end of file.
2025-11-02 15:02:15,597 [ERROR] LogOutputStream:75 - [STDERR_REDIRECT] 
2025-11-02 15:02:16,577 [ERROR] LogOutputStream:75 - [STDERR_REDIRECT] [Fatal Error] :1:1: Premature end of file.
2025-11-02 15:02:16,577 [ERROR] LogOutputStream:75 - [STDERR_REDIRECT] 
2025-11-02 15:02:17,586 [ERROR] LogOutputStream:75 - [STDERR_REDIRECT] [Fatal Error] :1:1: Premature end of file.
2025-11-02 15:02:17,586 [ERROR] LogOutputStream:75 - [STDERR_REDIRECT] 
2025-11-02 15:02:18,582 [ERROR] LogOutputStream:75 - [STDERR_REDIRECT] [Fatal Error] :1:1: Premature end of file.
2025-11-02 15:02:18,582 [ERROR] LogOutputStream:75 - [STDERR_REDIRECT] 
2025-11-02 15:02:19,597 [ERROR] LogOutputStream:75 - [STDERR_REDIRECT] [Fatal Error] :1:1: Premature end of file.
2025-11-02 15:02:19,597 [ERROR] LogOutputStream:75 - [STDERR_REDIRECT] 
2025-11-02 15:02:20,582 [ERROR] LogOutputStream:75 - [STDERR_REDIRECT] [Fatal Error] :1:1: Premature end of file.
2025-11-02 15:02:20,582 [ERROR] LogOutputStream:75 - [STDERR_REDIRECT] 
2025-11-02 15:02:21,586 [ERROR] LogOutputStream:75 - [STDERR_REDIRECT] [Fatal Error] :1:1: Premature end of file.
2025-11-02 15:02:21,587 [ERROR] LogOutputStream:75 - [STDERR_REDIRECT] 
2025-11-02 15:02:22,581 [ERROR] LogOutputStream:75 - [STDERR_REDIRECT] [Fatal Error] :1:1: Premature end of file.
2025-11-02 15:02:22,582 [ERROR] LogOutputStream:75 - [STDERR_REDIRECT] 
2025-11-02 15:02:23,587 [ERROR] LogOutputStream:75 - [STDERR_REDIRECT] [Fatal Error] :1:1: Premature end of file.
2025-11-02 15:02:23,587 [ERROR] LogOutputStream:75 - [STDERR_REDIRECT] 
2025-11-02 15:02:24,582 [ERROR] LogOutputStream:75 - [STDERR_REDIRECT] [Fatal Error] :1:1: Premature end of file.
2025-11-02 15:02:24,582 [ERROR] LogOutputStream:75 - [STDERR_REDIRECT] 
2025-11-02 15:02:25,587 [ERROR] LogOutputStream:75 - [STDERR_REDIRECT] [Fatal Error] :1:1: Premature end of file.
2025-11-02 15:02:25,587 [ERROR] LogOutputStream:75 - [STDERR_REDIRECT] 
2025-11-02 15:02:26,583 [ERROR] LogOutputStream:75 - [STDERR_REDIRECT] [Fatal Error] :1:1: Premature end of file.
2025-11-02 15:02:26,583 [ERROR] LogOutputStream:75 - [STDERR_REDIRECT] 
2025-11-02 15:02:27,594 [ERROR] LogOutputStream:75 - [STDERR_REDIRECT] [Fatal Error] :1:1: Premature end of file.
2025-11-02 15:02:27,594 [ERROR] LogOutputStream:75 - [STDERR_REDIRECT] 
2025-11-02 15:02:28,579 [ERROR] LogOutputStream:75 - [STDERR_REDIRECT] [Fatal Error] :1:1: Premature end of file.
2025-11-02 15:02:28,579 [ERROR] LogOutputStream:75 - [STDERR_REDIRECT] 
2025-11-02 15:02:29,585 [ERROR] LogOutputStream:75 - [STDERR_REDIRECT] [Fatal Error] :1:1: Premature end of file.
2025-11-02 15:02:29,585 [ERROR] LogOutputStream:75 - [STDERR_REDIRECT] 
2025-11-02 15:02:30,582 [ERROR] LogOutputStream:75 - [STDERR_REDIRECT] [Fatal Error] :1:1: Premature end of file.
2025-11-02 15:02:30,582 [ERROR] LogOutputStream:75 - [STDERR_REDIRECT] 
2025-11-02 15:02:31,575 [ERROR] LogOutputStream:75 - [STDERR_REDIRECT] [Fatal Error] :1:1: Premature end of file.
2025-11-02 15:02:31,575 [ERROR] LogOutputStream:75 - [STDERR_REDIRECT] 
2025-11-02 15:02:32,581 [ERROR] LogOutputStream:75 - [STDERR_REDIRECT] [Fatal Error] :1:1: Premature end of file.
2025-11-02 15:02:32,582 [ERROR] LogOutputStream:75 - [STDERR_REDIRECT] 
2025-11-02 15:02:33,579 [ERROR] LogOutputStream:75 - [STDERR_REDIRECT] [Fatal Error] :1:1: Premature end of file.
2025-11-02 15:02:33,580 [ERROR] LogOutputStream:75 - [STDERR_REDIRECT] 
2025-11-02 15:02:34,584 [ERROR] LogOutputStream:75 - [STDERR_REDIRECT] [Fatal Error] :1:1: Premature end of file.
2025-11-02 15:02:34,586 [ERROR] LogOutputStream:75 - [STDERR_REDIRECT] 
2025-11-02 15:02:35,589 [ERROR] LogOutputStream:75 - [STDERR_REDIRECT] [Fatal Error] :1:1: Premature end of file.
2025-11-02 15:02:35,589 [ERROR] LogOutputStream:75 - [STDERR_REDIRECT] 
2025-11-02 15:02:36,586 [ERROR] LogOutputStream:75 - [STDERR_REDIRECT] [Fatal Error] :1:1: Premature end of file.
2025-11-02 15:02:36,587 [ERROR] LogOutputStream:75 - [STDERR_REDIRECT] 
2025-11-02 15:02:37,586 [ERROR] LogOutputStream:75 - [STDERR_REDIRECT] [Fatal Error] :1:1: Premature end of file.
2025-11-02 15:02:37,586 [ERROR] LogOutputStream:75 - [STDERR_REDIRECT] 
2025-11-02 15:02:38,608 [ERROR] LogOutputStream:75 - [STDERR_REDIRECT] [Fatal Error] :1:1: Premature end of file.
2025-11-02 15:02:38,608 [ERROR] LogOutputStream:75 - [STDERR_REDIRECT] 
2025-11-02 15:02:39,579 [ERROR] LogOutputStream:75 - [STDERR_REDIRECT] [Fatal Error] :1:1: Premature end of file.
2025-11-02 15:02:39,579 [ERROR] LogOutputStream:75 - [STDERR_REDIRECT] 
2025-11-02 15:02:40,584 [ERROR] LogOutputStream:75 - [STDERR_REDIRECT] [Fatal Error] :1:1: Premature end of file.
2025-11-02 15:02:40,585 [ERROR] LogOutputStream:75 - [STDERR_REDIRECT] 
2025-11-02 15:02:41,583 [ERROR] LogOutputStream:75 - [STDERR_REDIRECT] [Fatal Error] :1:1: Premature end of file.
2025-11-02 15:02:41,584 [ERROR] LogOutputStream:75 - [STDERR_REDIRECT] 
2025-11-02 15:02:42,595 [ERROR] LogOutputStream:75 - [STDERR_REDIRECT] [Fatal Error] :1:1: Premature end of file.
2025-11-02 15:02:42,596 [ERROR] LogOutputStream:75 - [STDERR_REDIRECT] 
2025-11-02 15:02:43,581 [ERROR] LogOutputStream:75 - [STDERR_REDIRECT] [Fatal Error] :1:1: Premature end of file.
2025-11-02 15:02:43,581 [ERROR] LogOutputStream:75 - [STDERR_REDIRECT] 
2025-11-02 15:02:44,566 [ERROR] LogOutputStream:75 - [STDERR_REDIRECT] [Fatal Error] :1:1: Premature end of file.
2025-11-02 15:02:44,566 [ERROR] LogOutputStream:75 - [STDERR_REDIRECT] 
2025-11-02 15:02:45,586 [ERROR] LogOutputStream:75 - [STDERR_REDIRECT] [Fatal Error] :1:1: Premature end of file.
2025-11-02 15:02:45,587 [ERROR] LogOutputStream:75 - [STDERR_REDIRECT] 
2025-11-02 15:02:46,586 [ERROR] LogOutputStream:75 - [STDERR_REDIRECT] [Fatal Error] :1:1: Premature end of file.
2025-11-02 15:02:46,586 [ERROR] LogOutputStream:75 - [STDERR_REDIRECT] 
2025-11-02 15:02:47,581 [ERROR] LogOutputStream:75 - [STDERR_REDIRECT] [Fatal Error] :1:1: Premature end of file.
2025-11-02 15:02:47,581 [ERROR] LogOutputStream:75 - [STDERR_REDIRECT] 
2025-11-02 15:02:48,587 [ERROR] LogOutputStream:75 - [STDERR_REDIRECT] [Fatal Error] :1:1: Premature end of file.
2025-11-02 15:02:48,588 [ERROR] LogOutputStream:75 - [STDERR_REDIRECT] 
2025-11-02 15:02:49,593 [ERROR] LogOutputStream:75 - [STDERR_REDIRECT] [Fatal Error] :1:1: Premature end of file.
2025-11-02 15:02:49,594 [ERROR] LogOutputStream:75 - [STDERR_REDIRECT] 
2025-11-02 15:02:50,578 [ERROR] LogOutputStream:75 - [STDERR_REDIRECT] [Fatal Error] :1:1: Premature end of file.
2025-11-02 15:02:50,579 [ERROR] LogOutputStream:75 - [STDERR_REDIRECT] 
2025-11-02 15:02:51,589 [ERROR] LogOutputStream:75 - [STDERR_REDIRECT] [Fatal Error] :1:1: Premature end of file.
2025-11-02 15:02:51,589 [ERROR] LogOutputStream:75 - [STDERR_REDIRECT] 
2025-11-02 15:02:52,578 [ERROR] LogOutputStream:75 - [STDERR_REDIRECT] [Fatal Error] :1:1: Premature end of file.
2025-11-02 15:02:52,579 [ERROR] LogOutputStream:75 - [STDERR_REDIRECT] 
2025-11-02 15:02:53,590 [ERROR] LogOutputStream:75 - [STDERR_REDIRECT] [Fatal Error] :1:1: Premature end of file.
2025-11-02 15:02:53,591 [ERROR] LogOutputStream:75 - [STDERR_REDIRECT] 
2025-11-02 15:02:54,585 [ERROR] LogOutputStream:75 - [STDERR_REDIRECT] [Fatal Error] :1:1: Premature end of file.
2025-11-02 15:02:54,585 [ERROR] LogOutputStream:75 - [STDERR_REDIRECT] 
2025-11-02 15:02:55,586 [ERROR] LogOutputStream:75 - [STDERR_REDIRECT] [Fatal Error] :1:1: Premature end of file.
2025-11-02 15:02:55,587 [ERROR] LogOutputStream:75 - [STDERR_REDIRECT] 
2025-11-02 15:02:56,587 [ERROR] LogOutputStream:75 - [STDERR_REDIRECT] [Fatal Error] :1:1: Premature end of file.
2025-11-02 15:02:56,587 [ERROR] LogOutputStream:75 - [STDERR_REDIRECT] 
2025-11-02 15:02:57,591 [ERROR] LogOutputStream:75 - [STDERR_REDIRECT] [Fatal Error] :1:1: Premature end of file.
2025-11-02 15:02:57,592 [ERROR] LogOutputStream:75 - [STDERR_REDIRECT] 
2025-11-02 15:02:58,582 [ERROR] LogOutputStream:75 - [STDERR_REDIRECT] [Fatal Error] :1:1: Premature end of file.
2025-11-02 15:02:58,582 [ERROR] LogOutputStream:75 - [STDERR_REDIRECT] 
2025-11-02 15:02:59,581 [ERROR] LogOutputStream:75 - [STDERR_REDIRECT] [Fatal Error] :1:1: Premature end of file.
2025-11-02 15:02:59,581 [ERROR] LogOutputStream:75 - [STDERR_REDIRECT] 
2025-11-02 15:03:00,584 [ERROR] LogOutputStream:75 - [STDERR_REDIRECT] [Fatal Error] :1:1: Premature end of file.
2025-11-02 15:03:00,584 [ERROR] LogOutputStream:75 - [STDERR_REDIRECT] 
2025-11-02 15:03:01,578 [ERROR] LogOutputStream:75 - [STDERR_REDIRECT] [Fatal Error] :1:1: Premature end of file.
2025-11-02 15:03:01,578 [ERROR] LogOutputStream:75 - [STDERR_REDIRECT] 
2025-11-02 15:03:02,573 [ERROR] LogOutputStream:75 - [STDERR_REDIRECT] [Fatal Error] :1:1: Premature end of file.
2025-11-02 15:03:02,574 [ERROR] LogOutputStream:75 - [STDERR_REDIRECT] 
2025-11-02 15:03:03,585 [ERROR] LogOutputStream:75 - [STDERR_REDIRECT] [Fatal Error] :1:1: Premature end of file.
2025-11-02 15:03:03,586 [ERROR] LogOutputStream:75 - [STDERR_REDIRECT] 
2025-11-02 15:03:04,591 [ERROR] LogOutputStream:75 - [STDERR_REDIRECT] [Fatal Error] :1:1: Premature end of file.
2025-11-02 15:03:04,591 [ERROR] LogOutputStream:75 - [STDERR_REDIRECT] 
2025-11-02 15:03:05,590 [ERROR] LogOutputStream:75 - [STDERR_REDIRECT] [Fatal Error] :1:1: Premature end of file.
2025-11-02 15:03:05,590 [ERROR] LogOutputStream:75 - [STDERR_REDIRECT] 
2025-11-02 15:03:06,585 [ERROR] LogOutputStream:75 - [STDERR_REDIRECT] [Fatal Error] :1:1: Premature end of file.
2025-11-02 15:03:06,586 [ERROR] LogOutputStream:75 - [STDERR_REDIRECT] 
2025-11-02 15:03:07,584 [ERROR] LogOutputStream:75 - [STDERR_REDIRECT] [Fatal Error] :1:1: Premature end of file.
2025-11-02 15:03:07,584 [ERROR] LogOutputStream:75 - [STDERR_REDIRECT] 
2025-11-02 15:03:08,592 [ERROR] LogOutputStream:75 - [STDERR_REDIRECT] [Fatal Error] :1:1: Premature end of file.
2025-11-02 15:03:08,593 [ERROR] LogOutputStream:75 - [STDERR_REDIRECT] 
2025-11-02 15:03:09,583 [ERROR] LogOutputStream:75 - [STDERR_REDIRECT] [Fatal Error] :1:1: Premature end of file.
2025-11-02 15:03:09,583 [ERROR] LogOutputStream:75 - [STDERR_REDIRECT] 
2025-11-02 15:03:10,584 [ERROR] LogOutputStream:75 - [STDERR_REDIRECT] [Fatal Error] :1:1: Premature end of file.
2025-11-02 15:03:10,585 [ERROR] LogOutputStream:75 - [STDERR_REDIRECT] 
2025-11-02 15:03:11,587 [ERROR] LogOutputStream:75 - [STDERR_REDIRECT] [Fatal Error] :1:1: Premature end of file.
2025-11-02 15:03:11,588 [ERROR] LogOutputStream:75 - [STDERR_REDIRECT] 
2025-11-02 15:03:12,596 [ERROR] LogOutputStream:75 - [STDERR_REDIRECT] [Fatal Error] :1:1: Premature end of file.
2025-11-02 15:03:12,596 [ERROR] LogOutputStream:75 - [STDERR_REDIRECT] 
2025-11-02 15:03:13,587 [ERROR] LogOutputStream:75 - [STDERR_REDIRECT] [Fatal Error] :1:1: Premature end of file.
2025-11-02 15:03:13,587 [ERROR] LogOutputStream:75 - [STDERR_REDIRECT] 
2025-11-02 15:03:14,577 [ERROR] LogOutputStream:75 - [STDERR_REDIRECT] [Fatal Error] :1:1: Premature end of file.
2025-11-02 15:03:14,577 [ERROR] LogOutputStream:75 - [STDERR_REDIRECT] 
2025-11-02 15:03:15,579 [ERROR] LogOutputStream:75 - [STDERR_REDIRECT] [Fatal Error] :1:1: Premature end of file.
2025-11-02 15:03:15,579 [ERROR] LogOutputStream:75 - [STDERR_REDIRECT] 
2025-11-02 15:03:16,593 [ERROR] LogOutputStream:75 - [STDERR_REDIRECT] [Fatal Error] :1:1: Premature end of file.
2025-11-02 15:03:16,593 [ERROR] LogOutputStream:75 - [STDERR_REDIRECT] 
2025-11-02 15:03:17,587 [ERROR] LogOutputStream:75 - [STDERR_REDIRECT] [Fatal Error] :1:1: Premature end of file.
2025-11-02 15:03:17,588 [ERROR] LogOutputStream:75 - [STDERR_REDIRECT] 
2025-11-02 15:03:18,587 [ERROR] LogOutputStream:75 - [STDERR_REDIRECT] [Fatal Error] :1:1: Premature end of file.
2025-11-02 15:03:18,588 [ERROR] LogOutputStream:75 - [STDERR_REDIRECT] 
2025-11-02 15:03:19,588 [ERROR] LogOutputStream:75 - [STDERR_REDIRECT] [Fatal Error] :1:1: Premature end of file.
2025-11-02 15:03:19,589 [ERROR] LogOutputStream:75 - [STDERR_REDIRECT] 
2025-11-02 15:03:20,598 [ERROR] LogOutputStream:75 - [STDERR_REDIRECT] [Fatal Error] :1:1: Premature end of file.
2025-11-02 15:03:20,598 [ERROR] LogOutputStream:75 - [STDERR_REDIRECT] 
2025-11-02 15:03:21,586 [ERROR] LogOutputStream:75 - [STDERR_REDIRECT] [Fatal Error] :1:1: Premature end of file.
2025-11-02 15:03:21,586 [ERROR] LogOutputStream:75 - [STDERR_REDIRECT] 
2025-11-02 15:03:22,585 [ERROR] LogOutputStream:75 - [STDERR_REDIRECT] [Fatal Error] :1:1: Premature end of file.
2025-11-02 15:03:22,585 [ERROR] LogOutputStream:75 - [STDERR_REDIRECT] 
2025-11-02 15:03:23,588 [ERROR] LogOutputStream:75 - [STDERR_REDIRECT] [Fatal Error] :1:1: Premature end of file.
2025-11-02 15:03:23,588 [ERROR] LogOutputStream:75 - [STDERR_REDIRECT] 
2025-11-02 15:03:24,605 [ERROR] LogOutputStream:75 - [STDERR_REDIRECT] [Fatal Error] :1:1: Premature end of file.
2025-11-02 15:03:24,606 [ERROR] LogOutputStream:75 - [STDERR_REDIRECT] 
2025-11-02 15:03:25,585 [ERROR] LogOutputStream:75 - [STDERR_REDIRECT] [Fatal Error] :1:1: Premature end of file.
2025-11-02 15:03:25,585 [ERROR] LogOutputStream:75 - [STDERR_REDIRECT] 
2025-11-02 15:03:26,580 [ERROR] LogOutputStream:75 - [STDERR_REDIRECT] [Fatal Error] :1:1: Premature end of file.
2025-11-02 15:03:26,580 [ERROR] LogOutputStream:75 - [STDERR_REDIRECT] 
2025-11-02 15:03:27,581 [ERROR] LogOutputStream:75 - [STDERR_REDIRECT] [Fatal Error] :1:1: Premature end of file.
2025-11-02 15:03:27,581 [ERROR] LogOutputStream:75 - [STDERR_REDIRECT] 
2025-11-02 15:03:28,586 [ERROR] LogOutputStream:75 - [STDERR_REDIRECT] [Fatal Error] :1:1: Premature end of file.
2025-11-02 15:03:28,587 [ERROR] LogOutputStream:75 - [STDERR_REDIRECT] 
2025-11-02 15:03:29,587 [ERROR] LogOutputStream:75 - [STDERR_REDIRECT] [Fatal Error] :1:1: Premature end of file.
2025-11-02 15:03:29,588 [ERROR] LogOutputStream:75 - [STDERR_REDIRECT] 
2025-11-02 15:03:30,585 [ERROR] LogOutputStream:75 - [STDERR_REDIRECT] [Fatal Error] :1:1: Premature end of file.
2025-11-02 15:03:30,585 [ERROR] LogOutputStream:75 - [STDERR_REDIRECT] 
2025-11-02 15:03:31,588 [ERROR] LogOutputStream:75 - [STDERR_REDIRECT] [Fatal Error] :1:1: Premature end of file.
2025-11-02 15:03:31,588 [ERROR] LogOutputStream:75 - [STDERR_REDIRECT] 
2025-11-02 15:03:32,588 [ERROR] LogOutputStream:75 - [STDERR_REDIRECT] [Fatal Error] :1:1: Premature end of file.
2025-11-02 15:03:32,589 [ERROR] LogOutputStream:75 - [STDERR_REDIRECT] 
2025-11-02 15:03:33,572 [ERROR] LogOutputStream:75 - [STDERR_REDIRECT] [Fatal Error] :1:1: Premature end of file.
2025-11-02 15:03:33,572 [ERROR] LogOutputStream:75 - [STDERR_REDIRECT] 
2025-11-02 15:03:34,588 [ERROR] LogOutputStream:75 - [STDERR_REDIRECT] [Fatal Error] :1:1: Premature end of file.
2025-11-02 15:03:34,588 [ERROR] LogOutputStream:75 - [STDERR_REDIRECT] 
2025-11-02 15:03:35,588 [ERROR] LogOutputStream:75 - [STDERR_REDIRECT] [Fatal Error] :1:1: Premature end of file.
2025-11-02 15:03:35,589 [ERROR] LogOutputStream:75 - [STDERR_REDIRECT] 
2025-11-02 15:03:36,587 [ERROR] LogOutputStream:75 - [STDERR_REDIRECT] [Fatal Error] :1:1: Premature end of file.
2025-11-02 15:03:36,587 [ERROR] LogOutputStream:75 - [STDERR_REDIRECT] 
2025-11-02 15:03:37,584 [ERROR] LogOutputStream:75 - [STDERR_REDIRECT] [Fatal Error] :1:1: Premature end of file.
2025-11-02 15:03:37,585 [ERROR] LogOutputStream:75 - [STDERR_REDIRECT] 
2025-11-02 15:03:38,587 [ERROR] LogOutputStream:75 - [STDERR_REDIRECT] [Fatal Error] :1:1: Premature end of file.
2025-11-02 15:03:38,587 [ERROR] LogOutputStream:75 - [STDERR_REDIRECT] 
2025-11-02 15:03:39,587 [ERROR] LogOutputStream:75 - [STDERR_REDIRECT] [Fatal Error] :1:1: Premature end of file.
2025-11-02 15:03:39,588 [ERROR] LogOutputStream:75 - [STDERR_REDIRECT] 
2025-11-02 15:03:40,582 [ERROR] LogOutputStream:75 - [STDERR_REDIRECT] [Fatal Error] :1:1: Premature end of file.
2025-11-02 15:03:40,583 [ERROR] LogOutputStream:75 - [STDERR_REDIRECT] 
2025-11-02 15:03:41,587 [ERROR] LogOutputStream:75 - [STDERR_REDIRECT] [Fatal Error] :1:1: Premature end of file.
2025-11-02 15:03:41,587 [ERROR] LogOutputStream:75 - [STDERR_REDIRECT] 
2025-11-02 15:03:42,589 [ERROR] LogOutputStream:75 - [STDERR_REDIRECT] [Fatal Error] :1:1: Premature end of file.
2025-11-02 15:03:42,590 [ERROR] LogOutputStream:75 - [STDERR_REDIRECT] 
2025-11-02 15:03:43,599 [ERROR] LogOutputStream:75 - [STDERR_REDIRECT] [Fatal Error] :1:1: Premature end of file.
2025-11-02 15:03:43,599 [ERROR] LogOutputStream:75 - [STDERR_REDIRECT] 
2025-11-02 15:03:44,575 [ERROR] LogOutputStream:75 - [STDERR_REDIRECT] [Fatal Error] :1:1: Premature end of file.
2025-11-02 15:03:44,575 [ERROR] LogOutputStream:75 - [STDERR_REDIRECT] 
2025-11-02 15:03:45,587 [ERROR] LogOutputStream:75 - [STDERR_REDIRECT] [Fatal Error] :1:1: Premature end of file.
2025-11-02 15:03:45,587 [ERROR] LogOutputStream:75 - [STDERR_REDIRECT] 
2025-11-02 15:03:46,585 [ERROR] LogOutputStream:75 - [STDERR_REDIRECT] [Fatal Error] :1:1: Premature end of file.
2025-11-02 15:03:46,586 [ERROR] LogOutputStream:75 - [STDERR_REDIRECT] 
2025-11-02 15:03:47,592 [ERROR] LogOutputStream:75 - [STDERR_REDIRECT] [Fatal Error] :1:1: Premature end of file.
2025-11-02 15:03:47,592 [ERROR] LogOutputStream:75 - [STDERR_REDIRECT] 
2025-11-02 15:03:48,588 [ERROR] LogOutputStream:75 - [STDERR_REDIRECT] [Fatal Error] :1:1: Premature end of file.
2025-11-02 15:03:48,589 [ERROR] LogOutputStream:75 - [STDERR_REDIRECT] 
2025-11-02 15:03:49,587 [ERROR] LogOutputStream:75 - [STDERR_REDIRECT] [Fatal Error] :1:1: Premature end of file.
2025-11-02 15:03:49,587 [ERROR] LogOutputStream:75 - [STDERR_REDIRECT] 
2025-11-02 15:03:50,587 [ERROR] LogOutputStream:75 - [STDERR_REDIRECT] [Fatal Error] :1:1: Premature end of file.
2025-11-02 15:03:50,587 [ERROR] LogOutputStream:75 - [STDERR_REDIRECT] 
2025-11-02 15:03:51,600 [ERROR] LogOutputStream:75 - [STDERR_REDIRECT] [Fatal Error] :1:1: Premature end of file.
2025-11-02 15:03:51,600 [ERROR] LogOutputStream:75 - [STDERR_REDIRECT] 
2025-11-02 15:03:52,583 [ERROR] LogOutputStream:75 - [STDERR_REDIRECT] [Fatal Error] :1:1: Premature end of file.
2025-11-02 15:03:52,583 [ERROR] LogOutputStream:75 - [STDERR_REDIRECT] 
2025-11-02 15:03:53,586 [ERROR] LogOutputStream:75 - [STDERR_REDIRECT] [Fatal Error] :1:1: Premature end of file.
2025-11-02 15:03:53,587 [ERROR] LogOutputStream:75 - [STDERR_REDIRECT] 
2025-11-02 15:03:54,588 [ERROR] LogOutputStream:75 - [STDERR_REDIRECT] [Fatal Error] :1:1: Premature end of file.
2025-11-02 15:03:54,588 [ERROR] LogOutputStream:75 - [STDERR_REDIRECT] 
2025-11-02 15:03:55,598 [ERROR] LogOutputStream:75 - [STDERR_REDIRECT] [Fatal Error] :1:1: Premature end of file.
2025-11-02 15:03:55,598 [ERROR] LogOutputStream:75 - [STDERR_REDIRECT] 
2025-11-02 15:03:56,583 [ERROR] LogOutputStream:75 - [STDERR_REDIRECT] [Fatal Error] :1:1: Premature end of file.
2025-11-02 15:03:56,584 [ERROR] LogOutputStream:75 - [STDERR_REDIRECT] 
2025-11-02 15:03:57,587 [ERROR] LogOutputStream:75 - [STDERR_REDIRECT] [Fatal Error] :1:1: Premature end of file.
2025-11-02 15:03:57,587 [ERROR] LogOutputStream:75 - [STDERR_REDIRECT] 
2025-11-02 15:03:58,585 [ERROR] LogOutputStream:75 - [STDERR_REDIRECT] [Fatal Error] :1:1: Premature end of file.
2025-11-02 15:03:58,585 [ERROR] LogOutputStream:75 - [STDERR_REDIRECT] 
2025-11-02 15:03:59,599 [ERROR] LogOutputStream:75 - [STDERR_REDIRECT] [Fatal Error] :1:1: Premature end of file.
2025-11-02 15:03:59,599 [ERROR] LogOutputStream:75 - [STDERR_REDIRECT] 
2025-11-02 15:04:00,593 [ERROR] LogOutputStream:75 - [STDERR_REDIRECT] [Fatal Error] :1:1: Premature end of file.
2025-11-02 15:04:00,593 [ERROR] LogOutputStream:75 - [STDERR_REDIRECT] 
2025-11-02 15:04:01,585 [ERROR] LogOutputStream:75 - [STDERR_REDIRECT] [Fatal Error] :1:1: Premature end of file.
2025-11-02 15:04:01,585 [ERROR] LogOutputStream:75 - [STDERR_REDIRECT] 
2025-11-02 15:04:02,582 [ERROR] LogOutputStream:75 - [STDERR_REDIRECT] [Fatal Error] :1:1: Premature end of file.
2025-11-02 15:04:02,582 [ERROR] LogOutputStream:75 - [STDERR_REDIRECT] 
2025-11-02 15:04:03,614 [ERROR] LogOutputStream:75 - [STDERR_REDIRECT] [Fatal Error] :1:1: Premature end of file.
2025-11-02 15:04:03,615 [ERROR] LogOutputStream:75 - [STDERR_REDIRECT] 
2025-11-02 15:04:04,582 [ERROR] LogOutputStream:75 - [STDERR_REDIRECT] [Fatal Error] :1:1: Premature end of file.
2025-11-02 15:04:04,583 [ERROR] LogOutputStream:75 - [STDERR_REDIRECT] 
2025-11-02 15:04:05,588 [ERROR] LogOutputStream:75 - [STDERR_REDIRECT] [Fatal Error] :1:1: Premature end of file.
2025-11-02 15:04:05,588 [ERROR] LogOutputStream:75 - [STDERR_REDIRECT] 
2025-11-02 15:04:06,588 [ERROR] LogOutputStream:75 - [STDERR_REDIRECT] [Fatal Error] :1:1: Premature end of file.
2025-11-02 15:04:06,588 [ERROR] LogOutputStream:75 - [STDERR_REDIRECT] 
2025-11-02 15:04:07,599 [ERROR] LogOutputStream:75 - [STDERR_REDIRECT] [Fatal Error] :1:1: Premature end of file.
2025-11-02 15:04:07,600 [ERROR] LogOutputStream:75 - [STDERR_REDIRECT] 
2025-11-02 15:04:08,589 [ERROR] LogOutputStream:75 - [STDERR_REDIRECT] [Fatal Error] :1:1: Premature end of file.
2025-11-02 15:04:08,589 [ERROR] LogOutputStream:75 - [STDERR_REDIRECT] 
2025-11-02 15:04:09,586 [ERROR] LogOutputStream:75 - [STDERR_REDIRECT] [Fatal Error] :1:1: Premature end of file.
2025-11-02 15:04:09,586 [ERROR] LogOutputStream:75 - [STDERR_REDIRECT] 
2025-11-02 15:04:10,584 [ERROR] LogOutputStream:75 - [STDERR_REDIRECT] [Fatal Error] :1:1: Premature end of file.
2025-11-02 15:04:10,584 [ERROR] LogOutputStream:75 - [STDERR_REDIRECT] 
2025-11-02 15:04:11,594 [ERROR] LogOutputStream:75 - [STDERR_REDIRECT] [Fatal Error] :1:1: Premature end of file.
2025-11-02 15:04:11,595 [ERROR] LogOutputStream:75 - [STDERR_REDIRECT] 
2025-11-02 15:04:12,585 [ERROR] LogOutputStream:75 - [STDERR_REDIRECT] [Fatal Error] :1:1: Premature end of file.
2025-11-02 15:04:12,585 [ERROR] LogOutputStream:75 - [STDERR_REDIRECT] 
2025-11-02 15:04:13,579 [ERROR] LogOutputStream:75 - [STDERR_REDIRECT] [Fatal Error] :1:1: Premature end of file.
2025-11-02 15:04:13,579 [ERROR] LogOutputStream:75 - [STDERR_REDIRECT] 
2025-11-02 15:04:14,568 [ERROR] LogOutputStream:75 - [STDERR_REDIRECT] [Fatal Error] :1:1: Premature end of file.
2025-11-02 15:04:14,568 [ERROR] LogOutputStream:75 - [STDERR_REDIRECT] 
2025-11-02 15:04:15,572 [ERROR] LogOutputStream:75 - [STDERR_REDIRECT] [Fatal Error] :1:1: Premature end of file.
2025-11-02 15:04:15,572 [ERROR] LogOutputStream:75 - [STDERR_REDIRECT] 
2025-11-02 15:04:16,592 [ERROR] LogOutputStream:75 - [STDERR_REDIRECT] [Fatal Error] :1:1: Premature end of file.
2025-11-02 15:04:16,592 [ERROR] LogOutputStream:75 - [STDERR_REDIRECT] 
2025-11-02 15:04:17,580 [ERROR] LogOutputStream:75 - [STDERR_REDIRECT] [Fatal Error] :1:1: Premature end of file.
2025-11-02 15:04:17,580 [ERROR] LogOutputStream:75 - [STDERR_REDIRECT] 
2025-11-02 15:04:18,577 [ERROR] LogOutputStream:75 - [STDERR_REDIRECT] [Fatal Error] :1:1: Premature end of file.
2025-11-02 15:04:18,577 [ERROR] LogOutputStream:75 - [STDERR_REDIRECT] 
2025-11-02 15:04:19,580 [ERROR] LogOutputStream:75 - [STDERR_REDIRECT] [Fatal Error] :1:1: Premature end of file.
2025-11-02 15:04:19,580 [ERROR] LogOutputStream:75 - [STDERR_REDIRECT] 
2025-11-02 15:04:20,576 [ERROR] LogOutputStream:75 - [STDERR_REDIRECT] [Fatal Error] :1:1: Premature end of file.
2025-11-02 15:04:20,577 [ERROR] LogOutputStream:75 - [STDERR_REDIRECT] 
2025-11-02 15:04:21,602 [ERROR] LogOutputStream:75 - [STDERR_REDIRECT] [Fatal Error] :1:1: Premature end of file.
2025-11-02 15:04:21,602 [ERROR] LogOutputStream:75 - [STDERR_REDIRECT] 
2025-11-02 15:04:22,579 [ERROR] LogOutputStream:75 - [STDERR_REDIRECT] [Fatal Error] :1:1: Premature end of file.
2025-11-02 15:04:22,579 [ERROR] LogOutputStream:75 - [STDERR_REDIRECT] 
2025-11-02 15:04:23,582 [ERROR] LogOutputStream:75 - [STDERR_REDIRECT] [Fatal Error] :1:1: Premature end of file.
2025-11-02 15:04:23,582 [ERROR] LogOutputStream:75 - [STDERR_REDIRECT] 
2025-11-02 15:04:24,591 [ERROR] LogOutputStream:75 - [STDERR_REDIRECT] [Fatal Error] :1:1: Premature end of file.
2025-11-02 15:04:24,592 [ERROR] LogOutputStream:75 - [STDERR_REDIRECT] 
2025-11-02 15:04:25,583 [ERROR] LogOutputStream:75 - [STDERR_REDIRECT] [Fatal Error] :1:1: Premature end of file.
2025-11-02 15:04:25,583 [ERROR] LogOutputStream:75 - [STDERR_REDIRECT] 
2025-11-02 15:04:26,578 [ERROR] LogOutputStream:75 - [STDERR_REDIRECT] [Fatal Error] :1:1: Premature end of file.
2025-11-02 15:04:26,578 [ERROR] LogOutputStream:75 - [STDERR_REDIRECT] 
2025-11-02 15:04:27,577 [ERROR] LogOutputStream:75 - [STDERR_REDIRECT] [Fatal Error] :1:1: Premature end of file.
2025-11-02 15:04:27,577 [ERROR] LogOutputStream:75 - [STDERR_REDIRECT] 
2025-11-02 15:04:28,575 [ERROR] LogOutputStream:75 - [STDERR_REDIRECT] [Fatal Error] :1:1: Premature end of file.
2025-11-02 15:04:28,575 [ERROR] LogOutputStream:75 - [STDERR_REDIRECT] 
2025-11-02 15:04:29,586 [ERROR] LogOutputStream:75 - [STDERR_REDIRECT] [Fatal Error] :1:1: Premature end of file.
2025-11-02 15:04:29,586 [ERROR] LogOutputStream:75 - [STDERR_REDIRECT] 
2025-11-02 15:04:30,586 [ERROR] LogOutputStream:75 - [STDERR_REDIRECT] [Fatal Error] :1:1: Premature end of file.
2025-11-02 15:04:30,586 [ERROR] LogOutputStream:75 - [STDERR_REDIRECT] 
2025-11-02 15:04:31,577 [ERROR] LogOutputStream:75 - [STDERR_REDIRECT] [Fatal Error] :1:1: Premature end of file.
2025-11-02 15:04:31,577 [ERROR] LogOutputStream:75 - [STDERR_REDIRECT] 
2025-11-02 15:04:32,579 [ERROR] LogOutputStream:75 - [STDERR_REDIRECT] [Fatal Error] :1:1: Premature end of file.
2025-11-02 15:04:32,579 [ERROR] LogOutputStream:75 - [STDERR_REDIRECT] 
2025-11-02 15:04:33,580 [ERROR] LogOutputStream:75 - [STDERR_REDIRECT] [Fatal Error] :1:1: Premature end of file.
2025-11-02 15:04:33,580 [ERROR] LogOutputStream:75 - [STDERR_REDIRECT] 
2025-11-02 15:04:34,597 [ERROR] LogOutputStream:75 - [STDERR_REDIRECT] [Fatal Error] :1:1: Premature end of file.
2025-11-02 15:04:34,597 [ERROR] LogOutputStream:75 - [STDERR_REDIRECT] 
2025-11-02 15:04:35,576 [ERROR] LogOutputStream:75 - [STDERR_REDIRECT] [Fatal Error] :1:1: Premature end of file.
2025-11-02 15:04:35,576 [ERROR] LogOutputStream:75 - [STDERR_REDIRECT] 
2025-11-02 15:04:36,583 [ERROR] LogOutputStream:75 - [STDERR_REDIRECT] [Fatal Error] :1:1: Premature end of file.
2025-11-02 15:04:36,583 [ERROR] LogOutputStream:75 - [STDERR_REDIRECT] 
2025-11-02 15:04:37,583 [ERROR] LogOutputStream:75 - [STDERR_REDIRECT] [Fatal Error] :1:1: Premature end of file.
2025-11-02 15:04:37,583 [ERROR] LogOutputStream:75 - [STDERR_REDIRECT] 
2025-11-02 15:04:38,608 [ERROR] LogOutputStream:75 - [STDERR_REDIRECT] [Fatal Error] :1:1: Premature end of file.
2025-11-02 15:04:38,609 [ERROR] LogOutputStream:75 - [STDERR_REDIRECT] 
2025-11-02 15:04:39,603 [ERROR] LogOutputStream:75 - [STDERR_REDIRECT] [Fatal Error] :1:1: Premature end of file.
2025-11-02 15:04:39,603 [ERROR] LogOutputStream:75 - [STDERR_REDIRECT] 
2025-11-02 15:04:40,581 [ERROR] LogOutputStream:75 - [STDERR_REDIRECT] [Fatal Error] :1:1: Premature end of file.
2025-11-02 15:04:40,582 [ERROR] LogOutputStream:75 - [STDERR_REDIRECT] 
2025-11-02 15:04:41,582 [ERROR] LogOutputStream:75 - [STDERR_REDIRECT] [Fatal Error] :1:1: Premature end of file.
2025-11-02 15:04:41,583 [ERROR] LogOutputStream:75 - [STDERR_REDIRECT] 
2025-11-02 15:04:42,588 [ERROR] LogOutputStream:75 - [STDERR_REDIRECT] [Fatal Error] :1:1: Premature end of file.
2025-11-02 15:04:42,588 [ERROR] LogOutputStream:75 - [STDERR_REDIRECT] 
2025-11-02 15:04:43,602 [ERROR] LogOutputStream:75 - [STDERR_REDIRECT] [Fatal Error] :1:1: Premature end of file.
2025-11-02 15:04:43,602 [ERROR] LogOutputStream:75 - [STDERR_REDIRECT] 
2025-11-02 15:04:44,586 [ERROR] LogOutputStream:75 - [STDERR_REDIRECT] [Fatal Error] :1:1: Premature end of file.
2025-11-02 15:04:44,587 [ERROR] LogOutputStream:75 - [STDERR_REDIRECT] 
2025-11-02 15:04:45,585 [ERROR] LogOutputStream:75 - [STDERR_REDIRECT] [Fatal Error] :1:1: Premature end of file.
2025-11-02 15:04:45,586 [ERROR] LogOutputStream:75 - [STDERR_REDIRECT] 
2025-11-02 15:04:46,588 [ERROR] LogOutputStream:75 - [STDERR_REDIRECT] [Fatal Error] :1:1: Premature end of file.
2025-11-02 15:04:46,588 [ERROR] LogOutputStream:75 - [STDERR_REDIRECT] 
2025-11-02 15:04:47,617 [ERROR] LogOutputStream:75 - [STDERR_REDIRECT] [Fatal Error] :1:1: Premature end of file.
2025-11-02 15:04:47,617 [ERROR] LogOutputStream:75 - [STDERR_REDIRECT] 
2025-11-02 15:04:48,581 [ERROR] LogOutputStream:75 - [STDERR_REDIRECT] [Fatal Error] :1:1: Premature end of file.
2025-11-02 15:04:48,581 [ERROR] LogOutputStream:75 - [STDERR_REDIRECT] 
2025-11-02 15:04:49,581 [ERROR] LogOutputStream:75 - [STDERR_REDIRECT] [Fatal Error] :1:1: Premature end of file.
2025-11-02 15:04:49,581 [ERROR] LogOutputStream:75 - [STDERR_REDIRECT] 
2025-11-02 15:04:50,587 [ERROR] LogOutputStream:75 - [STDERR_REDIRECT] [Fatal Error] :1:1: Premature end of file.
2025-11-02 15:04:50,587 [ERROR] LogOutputStream:75 - [STDERR_REDIRECT] 
2025-11-02 15:04:51,593 [ERROR] LogOutputStream:75 - [STDERR_REDIRECT] [Fatal Error] :1:1: Premature end of file.
2025-11-02 15:04:51,594 [ERROR] LogOutputStream:75 - [STDERR_REDIRECT] 
2025-11-02 15:04:52,590 [ERROR] LogOutputStream:75 - [STDERR_REDIRECT] [Fatal Error] :1:1: Premature end of file.
2025-11-02 15:04:52,590 [ERROR] LogOutputStream:75 - [STDERR_REDIRECT] 
2025-11-02 15:04:53,596 [ERROR] LogOutputStream:75 - [STDERR_REDIRECT] [Fatal Error] :1:1: Premature end of file.
2025-11-02 15:04:53,596 [ERROR] LogOutputStream:75 - [STDERR_REDIRECT] 
2025-11-02 15:04:54,585 [ERROR] LogOutputStream:75 - [STDERR_REDIRECT] [Fatal Error] :1:1: Premature end of file.
2025-11-02 15:04:54,585 [ERROR] LogOutputStream:75 - [STDERR_REDIRECT] 
2025-11-02 15:04:55,584 [ERROR] LogOutputStream:75 - [STDERR_REDIRECT] [Fatal Error] :1:1: Premature end of file.
2025-11-02 15:04:55,584 [ERROR] LogOutputStream:75 - [STDERR_REDIRECT] 
2025-11-02 15:04:56,594 [ERROR] LogOutputStream:75 - [STDERR_REDIRECT] [Fatal Error] :1:1: Premature end of file.
2025-11-02 15:04:56,594 [ERROR] LogOutputStream:75 - [STDERR_REDIRECT] 
2025-11-02 15:04:57,572 [ERROR] LogOutputStream:75 - [STDERR_REDIRECT] [Fatal Error] :1:1: Premature end of file.
2025-11-02 15:04:57,572 [ERROR] LogOutputStream:75 - [STDERR_REDIRECT] 
2025-11-02 15:04:58,582 [ERROR] LogOutputStream:75 - [STDERR_REDIRECT] [Fatal Error] :1:1: Premature end of file.
2025-11-02 15:04:58,583 [ERROR] LogOutputStream:75 - [STDERR_REDIRECT] 
2025-11-02 15:04:59,593 [ERROR] LogOutputStream:75 - [STDERR_REDIRECT] [Fatal Error] :1:1: Premature end of file.
2025-11-02 15:04:59,593 [ERROR] LogOutputStream:75 - [STDERR_REDIRECT] 
2025-11-02 15:05:00,580 [ERROR] LogOutputStream:75 - [STDERR_REDIRECT] [Fatal Error] :1:1: Premature end of file.
2025-11-02 15:05:00,581 [ERROR] LogOutputStream:75 - [STDERR_REDIRECT] 
2025-11-02 15:05:01,586 [ERROR] LogOutputStream:75 - [STDERR_REDIRECT] [Fatal Error] :1:1: Premature end of file.
2025-11-02 15:05:01,586 [ERROR] LogOutputStream:75 - [STDERR_REDIRECT] 
2025-11-02 15:05:02,590 [ERROR] LogOutputStream:75 - [STDERR_REDIRECT] [Fatal Error] :1:1: Premature end of file.
2025-11-02 15:05:02,590 [ERROR] LogOutputStream:75 - [STDERR_REDIRECT] 
2025-11-02 15:05:03,579 [ERROR] LogOutputStream:75 - [STDERR_REDIRECT] [Fatal Error] :1:1: Premature end of file.
2025-11-02 15:05:03,579 [ERROR] LogOutputStream:75 - [STDERR_REDIRECT] 
2025-11-02 15:05:04,584 [ERROR] LogOutputStream:75 - [STDERR_REDIRECT] [Fatal Error] :1:1: Premature end of file.
2025-11-02 15:05:04,584 [ERROR] LogOutputStream:75 - [STDERR_REDIRECT] 
2025-11-02 15:05:05,583 [ERROR] LogOutputStream:75 - [STDERR_REDIRECT] [Fatal Error] :1:1: Premature end of file.
2025-11-02 15:05:05,583 [ERROR] LogOutputStream:75 - [STDERR_REDIRECT] 
2025-11-02 15:05:06,573 [ERROR] LogOutputStream:75 - [STDERR_REDIRECT] [Fatal Error] :1:1: Premature end of file.
2025-11-02 15:05:06,574 [ERROR] LogOutputStream:75 - [STDERR_REDIRECT] 
2025-11-02 15:05:07,591 [ERROR] LogOutputStream:75 - [STDERR_REDIRECT] [Fatal Error] :1:1: Premature end of file.
2025-11-02 15:05:07,592 [ERROR] LogOutputStream:75 - [STDERR_REDIRECT] 
2025-11-02 15:05:08,595 [ERROR] LogOutputStream:75 - [STDERR_REDIRECT] [Fatal Error] :1:1: Premature end of file.
2025-11-02 15:05:08,596 [ERROR] LogOutputStream:75 - [STDERR_REDIRECT] 
2025-11-02 15:05:09,579 [ERROR] LogOutputStream:75 - [STDERR_REDIRECT] [Fatal Error] :1:1: Premature end of file.
2025-11-02 15:05:09,579 [ERROR] LogOutputStream:75 - [STDERR_REDIRECT] 
2025-11-02 15:05:10,601 [ERROR] LogOutputStream:75 - [STDERR_REDIRECT] [Fatal Error] :1:1: Premature end of file.
2025-11-02 15:05:10,601 [ERROR] LogOutputStream:75 - [STDERR_REDIRECT] 
2025-11-02 15:05:11,590 [ERROR] LogOutputStream:75 - [STDERR_REDIRECT] [Fatal Error] :1:1: Premature end of file.
2025-11-02 15:05:11,590 [ERROR] LogOutputStream:75 - [STDERR_REDIRECT] 
2025-11-02 15:05:12,594 [ERROR] LogOutputStream:75 - [STDERR_REDIRECT] [Fatal Error] :1:1: Premature end of file.
2025-11-02 15:05:12,594 [ERROR] LogOutputStream:75 - [STDERR_REDIRECT] 
2025-11-02 15:05:13,588 [ERROR] LogOutputStream:75 - [STDERR_REDIRECT] [Fatal Error] :1:1: Premature end of file.
2025-11-02 15:05:13,589 [ERROR] LogOutputStream:75 - [STDERR_REDIRECT] 
2025-11-02 15:05:14,593 [ERROR] LogOutputStream:75 - [STDERR_REDIRECT] [Fatal Error] :1:1: Premature end of file.
2025-11-02 15:05:14,593 [ERROR] LogOutputStream:75 - [STDERR_REDIRECT] 
2025-11-02 15:05:15,594 [ERROR] LogOutputStream:75 - [STDERR_REDIRECT] [Fatal Error] :1:1: Premature end of file.
2025-11-02 15:05:15,594 [ERROR] LogOutputStream:75 - [STDERR_REDIRECT] 
2025-11-02 15:05:16,605 [ERROR] LogOutputStream:75 - [STDERR_REDIRECT] [Fatal Error] :1:1: Premature end of file.
2025-11-02 15:05:16,605 [ERROR] LogOutputStream:75 - [STDERR_REDIRECT] 
2025-11-02 15:05:17,589 [ERROR] LogOutputStream:75 - [STDERR_REDIRECT] [Fatal Error] :1:1: Premature end of file.
2025-11-02 15:05:17,589 [ERROR] LogOutputStream:75 - [STDERR_REDIRECT] 
2025-11-02 15:05:18,578 [ERROR] LogOutputStream:75 - [STDERR_REDIRECT] [Fatal Error] :1:1: Premature end of file.
2025-11-02 15:05:18,578 [ERROR] LogOutputStream:75 - [STDERR_REDIRECT] 
2025-11-02 15:05:19,590 [ERROR] LogOutputStream:75 - [STDERR_REDIRECT] [Fatal Error] :1:1: Premature end of file.
2025-11-02 15:05:19,591 [ERROR] LogOutputStream:75 - [STDERR_REDIRECT] 
2025-11-02 15:05:20,586 [ERROR] LogOutputStream:75 - [STDERR_REDIRECT] [Fatal Error] :1:1: Premature end of file.
2025-11-02 15:05:20,586 [ERROR] LogOutputStream:75 - [STDERR_REDIRECT] 
2025-11-02 15:05:21,588 [ERROR] LogOutputStream:75 - [STDERR_REDIRECT] [Fatal Error] :1:1: Premature end of file.
2025-11-02 15:05:21,588 [ERROR] LogOutputStream:75 - [STDERR_REDIRECT] 
2025-11-02 15:05:22,582 [ERROR] LogOutputStream:75 - [STDERR_REDIRECT] [Fatal Error] :1:1: Premature end of file.
2025-11-02 15:05:22,583 [ERROR] LogOutputStream:75 - [STDERR_REDIRECT] 
2025-11-02 15:05:23,578 [ERROR] LogOutputStream:75 - [STDERR_REDIRECT] [Fatal Error] :1:1: Premature end of file.
2025-11-02 15:05:23,578 [ERROR] LogOutputStream:75 - [STDERR_REDIRECT] 
2025-11-02 15:05:24,585 [ERROR] LogOutputStream:75 - [STDERR_REDIRECT] [Fatal Error] :1:1: Premature end of file.
2025-11-02 15:05:24,585 [ERROR] LogOutputStream:75 - [STDERR_REDIRECT] 
2025-11-02 15:05:25,605 [ERROR] LogOutputStream:75 - [STDERR_REDIRECT] [Fatal Error] :1:1: Premature end of file.
2025-11-02 15:05:25,605 [ERROR] LogOutputStream:75 - [STDERR_REDIRECT] 
2025-11-02 15:05:26,586 [ERROR] LogOutputStream:75 - [STDERR_REDIRECT] [Fatal Error] :1:1: Premature end of file.
2025-11-02 15:05:26,586 [ERROR] LogOutputStream:75 - [STDERR_REDIRECT] 
2025-11-02 15:05:27,588 [ERROR] LogOutputStream:75 - [STDERR_REDIRECT] [Fatal Error] :1:1: Premature end of file.
2025-11-02 15:05:27,588 [ERROR] LogOutputStream:75 - [STDERR_REDIRECT] 
2025-11-02 15:05:28,587 [ERROR] LogOutputStream:75 - [STDERR_REDIRECT] [Fatal Error] :1:1: Premature end of file.
2025-11-02 15:05:28,588 [ERROR] LogOutputStream:75 - [STDERR_REDIRECT] 
2025-11-02 15:05:29,583 [ERROR] LogOutputStream:75 - [STDERR_REDIRECT] [Fatal Error] :1:1: Premature end of file.
2025-11-02 15:05:29,584 [ERROR] LogOutputStream:75 - [STDERR_REDIRECT] 
2025-11-02 15:05:30,582 [ERROR] LogOutputStream:75 - [STDERR_REDIRECT] [Fatal Error] :1:1: Premature end of file.
2025-11-02 15:05:30,582 [ERROR] LogOutputStream:75 - [STDERR_REDIRECT] 
2025-11-02 15:05:31,579 [ERROR] LogOutputStream:75 - [STDERR_REDIRECT] [Fatal Error] :1:1: Premature end of file.
2025-11-02 15:05:31,580 [ERROR] LogOutputStream:75 - [STDERR_REDIRECT] 
2025-11-02 15:05:32,584 [ERROR] LogOutputStream:75 - [STDERR_REDIRECT] [Fatal Error] :1:1: Premature end of file.
2025-11-02 15:05:32,584 [ERROR] LogOutputStream:75 - [STDERR_REDIRECT] 
2025-11-02 15:05:33,576 [ERROR] LogOutputStream:75 - [STDERR_REDIRECT] [Fatal Error] :1:1: Premature end of file.
2025-11-02 15:05:33,577 [ERROR] LogOutputStream:75 - [STDERR_REDIRECT] 
2025-11-02 15:05:34,598 [ERROR] LogOutputStream:75 - [STDERR_REDIRECT] [Fatal Error] :1:1: Premature end of file.
2025-11-02 15:05:34,598 [ERROR] LogOutputStream:75 - [STDERR_REDIRECT] 
2025-11-02 15:05:35,583 [ERROR] LogOutputStream:75 - [STDERR_REDIRECT] [Fatal Error] :1:1: Premature end of file.
2025-11-02 15:05:35,583 [ERROR] LogOutputStream:75 - [STDERR_REDIRECT] 
2025-11-02 15:05:36,581 [ERROR] LogOutputStream:75 - [STDERR_REDIRECT] [Fatal Error] :1:1: Premature end of file.
2025-11-02 15:05:36,581 [ERROR] LogOutputStream:75 - [STDERR_REDIRECT] 
2025-11-02 15:05:37,576 [ERROR] LogOutputStream:75 - [STDERR_REDIRECT] [Fatal Error] :1:1: Premature end of file.
2025-11-02 15:05:37,576 [ERROR] LogOutputStream:75 - [STDERR_REDIRECT] 
2025-11-02 15:05:38,591 [ERROR] LogOutputStream:75 - [STDERR_REDIRECT] [Fatal Error] :1:1: Premature end of file.
2025-11-02 15:05:38,591 [ERROR] LogOutputStream:75 - [STDERR_REDIRECT] 
2025-11-02 15:05:39,591 [ERROR] LogOutputStream:75 - [STDERR_REDIRECT] [Fatal Error] :1:1: Premature end of file.
2025-11-02 15:05:39,591 [ERROR] LogOutputStream:75 - [STDERR_REDIRECT] 
2025-11-02 15:05:40,584 [ERROR] LogOutputStream:75 - [STDERR_REDIRECT] [Fatal Error] :1:1: Premature end of file.
2025-11-02 15:05:40,584 [ERROR] LogOutputStream:75 - [STDERR_REDIRECT] 
2025-11-02 15:05:41,585 [ERROR] LogOutputStream:75 - [STDERR_REDIRECT] [Fatal Error] :1:1: Premature end of file.
2025-11-02 15:05:41,585 [ERROR] LogOutputStream:75 - [STDERR_REDIRECT] 
2025-11-02 15:05:42,584 [ERROR] LogOutputStream:75 - [STDERR_REDIRECT] [Fatal Error] :1:1: Premature end of file.
2025-11-02 15:05:42,584 [ERROR] LogOutputStream:75 - [STDERR_REDIRECT] 
2025-11-02 15:05:43,572 [ERROR] LogOutputStream:75 - [STDERR_REDIRECT] [Fatal Error] :1:1: Premature end of file.
2025-11-02 15:05:43,572 [ERROR] LogOutputStream:75 - [STDERR_REDIRECT] 
2025-11-02 15:05:44,572 [ERROR] LogOutputStream:75 - [STDERR_REDIRECT] [Fatal Error] :1:1: Premature end of file.
2025-11-02 15:05:44,572 [ERROR] LogOutputStream:75 - [STDERR_REDIRECT] 
2025-11-02 15:05:45,585 [ERROR] LogOutputStream:75 - [STDERR_REDIRECT] [Fatal Error] :1:1: Premature end of file.
2025-11-02 15:05:45,586 [ERROR] LogOutputStream:75 - [STDERR_REDIRECT] 
2025-11-02 15:05:46,579 [ERROR] LogOutputStream:75 - [STDERR_REDIRECT] [Fatal Error] :1:1: Premature end of file.
2025-11-02 15:05:46,579 [ERROR] LogOutputStream:75 - [STDERR_REDIRECT] 
2025-11-02 15:05:47,579 [ERROR] LogOutputStream:75 - [STDERR_REDIRECT] [Fatal Error] :1:1: Premature end of file.
2025-11-02 15:05:47,579 [ERROR] LogOutputStream:75 - [STDERR_REDIRECT] 
2025-11-02 15:05:48,590 [ERROR] LogOutputStream:75 - [STDERR_REDIRECT] [Fatal Error] :1:1: Premature end of file.
2025-11-02 15:05:48,590 [ERROR] LogOutputStream:75 - [STDERR_REDIRECT] 
2025-11-02 15:05:49,588 [ERROR] LogOutputStream:75 - [STDERR_REDIRECT] [Fatal Error] :1:1: Premature end of file.
2025-11-02 15:05:49,588 [ERROR] LogOutputStream:75 - [STDERR_REDIRECT] 
2025-11-02 15:05:50,584 [ERROR] LogOutputStream:75 - [STDERR_REDIRECT] [Fatal Error] :1:1: Premature end of file.
2025-11-02 15:05:50,585 [ERROR] LogOutputStream:75 - [STDERR_REDIRECT] 
2025-11-02 15:05:51,581 [ERROR] LogOutputStream:75 - [STDERR_REDIRECT] [Fatal Error] :1:1: Premature end of file.
2025-11-02 15:05:51,582 [ERROR] LogOutputStream:75 - [STDERR_REDIRECT] 
2025-11-02 15:05:52,602 [ERROR] LogOutputStream:75 - [STDERR_REDIRECT] [Fatal Error] :1:1: Premature end of file.
2025-11-02 15:05:52,602 [ERROR] LogOutputStream:75 - [STDERR_REDIRECT] 
2025-11-02 15:05:53,582 [ERROR] LogOutputStream:75 - [STDERR_REDIRECT] [Fatal Error] :1:1: Premature end of file.
2025-11-02 15:05:53,582 [ERROR] LogOutputStream:75 - [STDERR_REDIRECT] 
2025-11-02 15:05:54,587 [ERROR] LogOutputStream:75 - [STDERR_REDIRECT] [Fatal Error] :1:1: Premature end of file.
2025-11-02 15:05:54,587 [ERROR] LogOutputStream:75 - [STDERR_REDIRECT] 
2025-11-02 15:05:55,598 [ERROR] LogOutputStream:75 - [STDERR_REDIRECT] [Fatal Error] :1:1: Premature end of file.
2025-11-02 15:05:55,598 [ERROR] LogOutputStream:75 - [STDERR_REDIRECT] 
2025-11-02 15:05:56,579 [ERROR] LogOutputStream:75 - [STDERR_REDIRECT] [Fatal Error] :1:1: Premature end of file.
2025-11-02 15:05:56,580 [ERROR] LogOutputStream:75 - [STDERR_REDIRECT] 
2025-11-02 15:05:57,623 [ERROR] LogOutputStream:75 - [STDERR_REDIRECT] [Fatal Error] :1:1: Premature end of file.
2025-11-02 15:05:57,623 [ERROR] LogOutputStream:75 - [STDERR_REDIRECT] 
2025-11-02 15:05:58,578 [ERROR] LogOutputStream:75 - [STDERR_REDIRECT] [Fatal Error] :1:1: Premature end of file.
2025-11-02 15:05:58,578 [ERROR] LogOutputStream:75 - [STDERR_REDIRECT] 
2025-11-02 15:05:59,582 [ERROR] LogOutputStream:75 - [STDERR_REDIRECT] [Fatal Error] :1:1: Premature end of file.
2025-11-02 15:05:59,582 [ERROR] LogOutputStream:75 - [STDERR_REDIRECT] 
2025-11-02 15:06:00,581 [ERROR] LogOutputStream:75 - [STDERR_REDIRECT] [Fatal Error] :1:1: Premature end of file.
2025-11-02 15:06:00,581 [ERROR] LogOutputStream:75 - [STDERR_REDIRECT] 
2025-11-02 15:06:01,596 [ERROR] LogOutputStream:75 - [STDERR_REDIRECT] [Fatal Error] :1:1: Premature end of file.
2025-11-02 15:06:01,597 [ERROR] LogOutputStream:75 - [STDERR_REDIRECT] 
2025-11-02 15:06:02,595 [ERROR] LogOutputStream:75 - [STDERR_REDIRECT] [Fatal Error] :1:1: Premature end of file.
2025-11-02 15:06:02,595 [ERROR] LogOutputStream:75 - [STDERR_REDIRECT] 
2025-11-02 15:06:03,578 [ERROR] LogOutputStream:75 - [STDERR_REDIRECT] [Fatal Error] :1:1: Premature end of file.
2025-11-02 15:06:03,578 [ERROR] LogOutputStream:75 - [STDERR_REDIRECT] 
2025-11-02 15:06:04,583 [ERROR] LogOutputStream:75 - [STDERR_REDIRECT] [Fatal Error] :1:1: Premature end of file.
2025-11-02 15:06:04,583 [ERROR] LogOutputStream:75 - [STDERR_REDIRECT] 
2025-11-02 15:06:05,591 [ERROR] LogOutputStream:75 - [STDERR_REDIRECT] [Fatal Error] :1:1: Premature end of file.
2025-11-02 15:06:05,591 [ERROR] LogOutputStream:75 - [STDERR_REDIRECT] 
2025-11-02 15:06:06,577 [ERROR] LogOutputStream:75 - [STDERR_REDIRECT] [Fatal Error] :1:1: Premature end of file.
2025-11-02 15:06:06,578 [ERROR] LogOutputStream:75 - [STDERR_REDIRECT] 
2025-11-02 15:06:07,588 [ERROR] LogOutputStream:75 - [STDERR_REDIRECT] [Fatal Error] :1:1: Premature end of file.
2025-11-02 15:06:07,588 [ERROR] LogOutputStream:75 - [STDERR_REDIRECT] 
2025-11-02 15:06:08,579 [ERROR] LogOutputStream:75 - [STDERR_REDIRECT] [Fatal Error] :1:1: Premature end of file.
2025-11-02 15:06:08,579 [ERROR] LogOutputStream:75 - [STDERR_REDIRECT] 
2025-11-02 15:06:09,616 [ERROR] LogOutputStream:75 - [STDERR_REDIRECT] [Fatal Error] :1:1: Premature end of file.
2025-11-02 15:06:09,616 [ERROR] LogOutputStream:75 - [STDERR_REDIRECT] 
2025-11-02 15:06:10,584 [ERROR] LogOutputStream:75 - [STDERR_REDIRECT] [Fatal Error] :1:1: Premature end of file.
2025-11-02 15:06:10,584 [ERROR] LogOutputStream:75 - [STDERR_REDIRECT] 
2025-11-02 15:06:11,582 [ERROR] LogOutputStream:75 - [STDERR_REDIRECT] [Fatal Error] :1:1: Premature end of file.
2025-11-02 15:06:11,582 [ERROR] LogOutputStream:75 - [STDERR_REDIRECT] 
2025-11-02 15:06:12,581 [ERROR] LogOutputStream:75 - [STDERR_REDIRECT] [Fatal Error] :1:1: Premature end of file.
2025-11-02 15:06:12,581 [ERROR] LogOutputStream:75 - [STDERR_REDIRECT] 
2025-11-02 15:06:13,591 [ERROR] LogOutputStream:75 - [STDERR_REDIRECT] [Fatal Error] :1:1: Premature end of file.
2025-11-02 15:06:13,591 [ERROR] LogOutputStream:75 - [STDERR_REDIRECT] 
2025-11-02 15:06:14,578 [ERROR] LogOutputStream:75 - [STDERR_REDIRECT] [Fatal Error] :1:1: Premature end of file.
2025-11-02 15:06:14,578 [ERROR] LogOutputStream:75 - [STDERR_REDIRECT] 
2025-11-02 15:06:15,579 [ERROR] LogOutputStream:75 - [STDERR_REDIRECT] [Fatal Error] :1:1: Premature end of file.
2025-11-02 15:06:15,580 [ERROR] LogOutputStream:75 - [STDERR_REDIRECT] 
2025-11-02 15:06:16,582 [ERROR] LogOutputStream:75 - [STDERR_REDIRECT] [Fatal Error] :1:1: Premature end of file.
2025-11-02 15:06:16,582 [ERROR] LogOutputStream:75 - [STDERR_REDIRECT] 
2025-11-02 15:06:17,583 [ERROR] LogOutputStream:75 - [STDERR_REDIRECT] [Fatal Error] :1:1: Premature end of file.
2025-11-02 15:06:17,584 [ERROR] LogOutputStream:75 - [STDERR_REDIRECT] 
2025-11-02 15:06:18,599 [ERROR] LogOutputStream:75 - [STDERR_REDIRECT] [Fatal Error] :1:1: Premature end of file.
2025-11-02 15:06:18,599 [ERROR] LogOutputStream:75 - [STDERR_REDIRECT] 
2025-11-02 15:06:19,585 [ERROR] LogOutputStream:75 - [STDERR_REDIRECT] [Fatal Error] :1:1: Premature end of file.
2025-11-02 15:06:19,585 [ERROR] LogOutputStream:75 - [STDERR_REDIRECT] 
2025-11-02 15:06:20,578 [ERROR] LogOutputStream:75 - [STDERR_REDIRECT] [Fatal Error] :1:1: Premature end of file.
2025-11-02 15:06:20,578 [ERROR] LogOutputStream:75 - [STDERR_REDIRECT] 
2025-11-02 15:06:21,585 [ERROR] LogOutputStream:75 - [STDERR_REDIRECT] [Fatal Error] :1:1: Premature end of file.
2025-11-02 15:06:21,586 [ERROR] LogOutputStream:75 - [STDERR_REDIRECT] 
2025-11-02 15:06:22,588 [ERROR] LogOutputStream:75 - [STDERR_REDIRECT] [Fatal Error] :1:1: Premature end of file.
2025-11-02 15:06:22,588 [ERROR] LogOutputStream:75 - [STDERR_REDIRECT] 
2025-11-02 15:06:23,600 [ERROR] LogOutputStream:75 - [STDERR_REDIRECT] [Fatal Error] :1:1: Premature end of file.
2025-11-02 15:06:23,601 [ERROR] LogOutputStream:75 - [STDERR_REDIRECT] 
2025-11-02 15:06:24,583 [ERROR] LogOutputStream:75 - [STDERR_REDIRECT] [Fatal Error] :1:1: Premature end of file.
2025-11-02 15:06:24,583 [ERROR] LogOutputStream:75 - [STDERR_REDIRECT] 
2025-11-02 15:06:25,588 [ERROR] LogOutputStream:75 - [STDERR_REDIRECT] [Fatal Error] :1:1: Premature end of file.
2025-11-02 15:06:25,589 [ERROR] LogOutputStream:75 - [STDERR_REDIRECT] 
2025-11-02 15:06:26,582 [ERROR] LogOutputStream:75 - [STDERR_REDIRECT] [Fatal Error] :1:1: Premature end of file.
2025-11-02 15:06:26,582 [ERROR] LogOutputStream:75 - [STDERR_REDIRECT] 
2025-11-02 15:06:27,586 [ERROR] LogOutputStream:75 - [STDERR_REDIRECT] [Fatal Error] :1:1: Premature end of file.
2025-11-02 15:06:27,586 [ERROR] LogOutputStream:75 - [STDERR_REDIRECT] 
2025-11-02 15:06:28,587 [ERROR] LogOutputStream:75 - [STDERR_REDIRECT] [Fatal Error] :1:1: Premature end of file.
2025-11-02 15:06:28,587 [ERROR] LogOutputStream:75 - [STDERR_REDIRECT] 
2025-11-02 15:06:29,589 [ERROR] LogOutputStream:75 - [STDERR_REDIRECT] [Fatal Error] :1:1: Premature end of file.
2025-11-02 15:06:29,589 [ERROR] LogOutputStream:75 - [STDERR_REDIRECT] 
2025-11-02 15:06:30,588 [ERROR] LogOutputStream:75 - [STDERR_REDIRECT] [Fatal Error] :1:1: Premature end of file.
2025-11-02 15:06:30,589 [ERROR] LogOutputStream:75 - [STDERR_REDIRECT] 
2025-11-02 15:06:31,584 [ERROR] LogOutputStream:75 - [STDERR_REDIRECT] [Fatal Error] :1:1: Premature end of file.
2025-11-02 15:06:31,584 [ERROR] LogOutputStream:75 - [STDERR_REDIRECT] 
2025-11-02 15:06:32,572 [ERROR] LogOutputStream:75 - [STDERR_REDIRECT] [Fatal Error] :1:1: Premature end of file.
2025-11-02 15:06:32,572 [ERROR] LogOutputStream:75 - [STDERR_REDIRECT] 
2025-11-02 15:06:33,590 [ERROR] LogOutputStream:75 - [STDERR_REDIRECT] [Fatal Error] :1:1: Premature end of file.
2025-11-02 15:06:33,590 [ERROR] LogOutputStream:75 - [STDERR_REDIRECT] 
2025-11-02 15:06:34,569 [ERROR] LogOutputStream:75 - [STDERR_REDIRECT] [Fatal Error] :1:1: Premature end of file.
2025-11-02 15:06:34,569 [ERROR] LogOutputStream:75 - [STDERR_REDIRECT] 
2025-11-02 15:06:35,586 [ERROR] LogOutputStream:75 - [STDERR_REDIRECT] [Fatal Error] :1:1: Premature end of file.
2025-11-02 15:06:35,586 [ERROR] LogOutputStream:75 - [STDERR_REDIRECT] 
2025-11-02 15:06:36,598 [ERROR] LogOutputStream:75 - [STDERR_REDIRECT] [Fatal Error] :1:1: Premature end of file.
2025-11-02 15:06:36,598 [ERROR] LogOutputStream:75 - [STDERR_REDIRECT] 
2025-11-02 15:06:37,578 [ERROR] LogOutputStream:75 - [STDERR_REDIRECT] [Fatal Error] :1:1: Premature end of file.
2025-11-02 15:06:37,578 [ERROR] LogOutputStream:75 - [STDERR_REDIRECT] 
2025-11-02 15:06:38,579 [ERROR] LogOutputStream:75 - [STDERR_REDIRECT] [Fatal Error] :1:1: Premature end of file.
2025-11-02 15:06:38,579 [ERROR] LogOutputStream:75 - [STDERR_REDIRECT] 
2025-11-02 15:06:39,578 [ERROR] LogOutputStream:75 - [STDERR_REDIRECT] [Fatal Error] :1:1: Premature end of file.
2025-11-02 15:06:39,578 [ERROR] LogOutputStream:75 - [STDERR_REDIRECT] 
2025-11-02 15:06:40,599 [ERROR] LogOutputStream:75 - [STDERR_REDIRECT] [Fatal Error] :1:1: Premature end of file.
2025-11-02 15:06:40,599 [ERROR] LogOutputStream:75 - [STDERR_REDIRECT] 
2025-11-02 15:06:41,583 [ERROR] LogOutputStream:75 - [STDERR_REDIRECT] [Fatal Error] :1:1: Premature end of file.
2025-11-02 15:06:41,583 [ERROR] LogOutputStream:75 - [STDERR_REDIRECT] 
2025-11-02 15:06:42,567 [ERROR] LogOutputStream:75 - [STDERR_REDIRECT] [Fatal Error] :1:1: Premature end of file.
2025-11-02 15:06:42,567 [ERROR] LogOutputStream:75 - [STDERR_REDIRECT] 
2025-11-02 15:06:43,601 [ERROR] LogOutputStream:75 - [STDERR_REDIRECT] [Fatal Error] :1:1: Premature end of file.
2025-11-02 15:06:43,601 [ERROR] LogOutputStream:75 - [STDERR_REDIRECT] 
2025-11-02 15:06:44,585 [ERROR] LogOutputStream:75 - [STDERR_REDIRECT] [Fatal Error] :1:1: Premature end of file.
2025-11-02 15:06:44,586 [ERROR] LogOutputStream:75 - [STDERR_REDIRECT] 
2025-11-02 15:06:45,578 [ERROR] LogOutputStream:75 - [STDERR_REDIRECT] [Fatal Error] :1:1: Premature end of file.
2025-11-02 15:06:45,578 [ERROR] LogOutputStream:75 - [STDERR_REDIRECT] 
2025-11-02 15:06:46,586 [ERROR] LogOutputStream:75 - [STDERR_REDIRECT] [Fatal Error] :1:1: Premature end of file.
2025-11-02 15:06:46,586 [ERROR] LogOutputStream:75 - [STDERR_REDIRECT] 
2025-11-02 15:06:47,600 [ERROR] LogOutputStream:75 - [STDERR_REDIRECT] [Fatal Error] :1:1: Premature end of file.
2025-11-02 15:06:47,600 [ERROR] LogOutputStream:75 - [STDERR_REDIRECT] 
2025-11-02 15:06:48,585 [ERROR] LogOutputStream:75 - [STDERR_REDIRECT] [Fatal Error] :1:1: Premature end of file.
2025-11-02 15:06:48,585 [ERROR] LogOutputStream:75 - [STDERR_REDIRECT] 
2025-11-02 15:06:49,587 [ERROR] LogOutputStream:75 - [STDERR_REDIRECT] [Fatal Error] :1:1: Premature end of file.
2025-11-02 15:06:49,587 [ERROR] LogOutputStream:75 - [STDERR_REDIRECT] 
2025-11-02 15:06:50,586 [ERROR] LogOutputStream:75 - [STDERR_REDIRECT] [Fatal Error] :1:1: Premature end of file.
2025-11-02 15:06:50,586 [ERROR] LogOutputStream:75 - [STDERR_REDIRECT] 
2025-11-02 15:06:51,583 [ERROR] LogOutputStream:75 - [STDERR_REDIRECT] [Fatal Error] :1:1: Premature end of file.
2025-11-02 15:06:51,583 [ERROR] LogOutputStream:75 - [STDERR_REDIRECT] 
2025-11-02 15:06:52,591 [ERROR] LogOutputStream:75 - [STDERR_REDIRECT] [Fatal Error] :1:1: Premature end of file.
2025-11-02 15:06:52,591 [ERROR] LogOutputStream:75 - [STDERR_REDIRECT] 
2025-11-02 15:06:53,603 [ERROR] LogOutputStream:75 - [STDERR_REDIRECT] [Fatal Error] :1:1: Premature end of file.
2025-11-02 15:06:53,603 [ERROR] LogOutputStream:75 - [STDERR_REDIRECT] 
2025-11-02 15:06:54,584 [ERROR] LogOutputStream:75 - [STDERR_REDIRECT] [Fatal Error] :1:1: Premature end of file.
2025-11-02 15:06:54,584 [ERROR] LogOutputStream:75 - [STDERR_REDIRECT] 
2025-11-02 15:06:55,577 [ERROR] LogOutputStream:75 - [STDERR_REDIRECT] [Fatal Error] :1:1: Premature end of file.
2025-11-02 15:06:55,577 [ERROR] LogOutputStream:75 - [STDERR_REDIRECT] 
2025-11-02 15:06:56,579 [ERROR] LogOutputStream:75 - [STDERR_REDIRECT] [Fatal Error] :1:1: Premature end of file.
2025-11-02 15:06:56,579 [ERROR] LogOutputStream:75 - [STDERR_REDIRECT] 
2025-11-02 15:06:57,605 [ERROR] LogOutputStream:75 - [STDERR_REDIRECT] [Fatal Error] :1:1: Premature end of file.
2025-11-02 15:06:57,605 [ERROR] LogOutputStream:75 - [STDERR_REDIRECT] 
2025-11-02 15:06:58,584 [ERROR] LogOutputStream:75 - [STDERR_REDIRECT] [Fatal Error] :1:1: Premature end of file.
2025-11-02 15:06:58,584 [ERROR] LogOutputStream:75 - [STDERR_REDIRECT] 
2025-11-02 15:06:59,581 [ERROR] LogOutputStream:75 - [STDERR_REDIRECT] [Fatal Error] :1:1: Premature end of file.
2025-11-02 15:06:59,581 [ERROR] LogOutputStream:75 - [STDERR_REDIRECT] 
2025-11-02 15:07:00,587 [ERROR] LogOutputStream:75 - [STDERR_REDIRECT] [Fatal Error] :1:1: Premature end of file.
2025-11-02 15:07:00,588 [ERROR] LogOutputStream:75 - [STDERR_REDIRECT] 
2025-11-02 15:07:01,602 [ERROR] LogOutputStream:75 - [STDERR_REDIRECT] [Fatal Error] :1:1: Premature end of file.
2025-11-02 15:07:01,602 [ERROR] LogOutputStream:75 - [STDERR_REDIRECT] 
2025-11-02 15:07:02,585 [ERROR] LogOutputStream:75 - [STDERR_REDIRECT] [Fatal Error] :1:1: Premature end of file.
2025-11-02 15:07:02,585 [ERROR] LogOutputStream:75 - [STDERR_REDIRECT] 
2025-11-02 15:07:03,581 [ERROR] LogOutputStream:75 - [STDERR_REDIRECT] [Fatal Error] :1:1: Premature end of file.
2025-11-02 15:07:03,581 [ERROR] LogOutputStream:75 - [STDERR_REDIRECT] 
2025-11-02 15:07:04,583 [ERROR] LogOutputStream:75 - [STDERR_REDIRECT] [Fatal Error] :1:1: Premature end of file.
2025-11-02 15:07:04,583 [ERROR] LogOutputStream:75 - [STDERR_REDIRECT] 
2025-11-02 15:07:05,599 [ERROR] LogOutputStream:75 - [STDERR_REDIRECT] [Fatal Error] :1:1: Premature end of file.
2025-11-02 15:07:05,599 [ERROR] LogOutputStream:75 - [STDERR_REDIRECT] 
2025-11-02 15:07:06,592 [ERROR] LogOutputStream:75 - [STDERR_REDIRECT] [Fatal Error] :1:1: Premature end of file.
2025-11-02 15:07:06,592 [ERROR] LogOutputStream:75 - [STDERR_REDIRECT] 
2025-11-02 15:07:07,580 [ERROR] LogOutputStream:75 - [STDERR_REDIRECT] [Fatal Error] :1:1: Premature end of file.
2025-11-02 15:07:07,580 [ERROR] LogOutputStream:75 - [STDERR_REDIRECT] 
2025-11-02 15:07:08,589 [ERROR] LogOutputStream:75 - [STDERR_REDIRECT] [Fatal Error] :1:1: Premature end of file.
2025-11-02 15:07:08,589 [ERROR] LogOutputStream:75 - [STDERR_REDIRECT] 
2025-11-02 15:07:09,582 [ERROR] LogOutputStream:75 - [STDERR_REDIRECT] [Fatal Error] :1:1: Premature end of file.
2025-11-02 15:07:09,582 [ERROR] LogOutputStream:75 - [STDERR_REDIRECT] 
2025-11-02 15:07:10,581 [ERROR] LogOutputStream:75 - [STDERR_REDIRECT] [Fatal Error] :1:1: Premature end of file.
2025-11-02 15:07:10,581 [ERROR] LogOutputStream:75 - [STDERR_REDIRECT] 
2025-11-02 15:07:11,582 [ERROR] LogOutputStream:75 - [STDERR_REDIRECT] [Fatal Error] :1:1: Premature end of file.
2025-11-02 15:07:11,582 [ERROR] LogOutputStream:75 - [STDERR_REDIRECT] 
2025-11-02 15:07:12,589 [ERROR] LogOutputStream:75 - [STDERR_REDIRECT] [Fatal Error] :1:1: Premature end of file.
2025-11-02 15:07:12,589 [ERROR] LogOutputStream:75 - [STDERR_REDIRECT] 
2025-11-02 15:07:13,576 [ERROR] LogOutputStream:75 - [STDERR_REDIRECT] [Fatal Error] :1:1: Premature end of file.
2025-11-02 15:07:13,576 [ERROR] LogOutputStream:75 - [STDERR_REDIRECT] 
2025-11-02 15:07:14,583 [ERROR] LogOutputStream:75 - [STDERR_REDIRECT] [Fatal Error] :1:1: Premature end of file.
2025-11-02 15:07:14,583 [ERROR] LogOutputStream:75 - [STDERR_REDIRECT] 
2025-11-02 15:07:15,580 [ERROR] LogOutputStream:75 - [STDERR_REDIRECT] [Fatal Error] :1:1: Premature end of file.
2025-11-02 15:07:15,580 [ERROR] LogOutputStream:75 - [STDERR_REDIRECT] 
2025-11-02 15:07:16,585 [ERROR] LogOutputStream:75 - [STDERR_REDIRECT] [Fatal Error] :1:1: Premature end of file.
2025-11-02 15:07:16,585 [ERROR] LogOutputStream:75 - [STDERR_REDIRECT] 
2025-11-02 15:07:17,580 [ERROR] LogOutputStream:75 - [STDERR_REDIRECT] [Fatal Error] :1:1: Premature end of file.
2025-11-02 15:07:17,580 [ERROR] LogOutputStream:75 - [STDERR_REDIRECT] 
2025-11-02 15:07:18,579 [ERROR] LogOutputStream:75 - [STDERR_REDIRECT] [Fatal Error] :1:1: Premature end of file.
2025-11-02 15:07:18,580 [ERROR] LogOutputStream:75 - [STDERR_REDIRECT] 
2025-11-02 15:07:19,600 [ERROR] LogOutputStream:75 - [STDERR_REDIRECT] [Fatal Error] :1:1: Premature end of file.
2025-11-02 15:07:19,600 [ERROR] LogOutputStream:75 - [STDERR_REDIRECT] 
2025-11-02 15:07:20,600 [ERROR] LogOutputStream:75 - [STDERR_REDIRECT] [Fatal Error] :1:1: Premature end of file.
2025-11-02 15:07:20,600 [ERROR] LogOutputStream:75 - [STDERR_REDIRECT] 
2025-11-02 15:07:21,577 [ERROR] LogOutputStream:75 - [STDERR_REDIRECT] [Fatal Error] :1:1: Premature end of file.
2025-11-02 15:07:21,577 [ERROR] LogOutputStream:75 - [STDERR_REDIRECT] 
2025-11-02 15:07:22,591 [ERROR] LogOutputStream:75 - [STDERR_REDIRECT] [Fatal Error] :1:1: Premature end of file.
2025-11-02 15:07:22,591 [ERROR] LogOutputStream:75 - [STDERR_REDIRECT] 
2025-11-02 15:07:23,583 [ERROR] LogOutputStream:75 - [STDERR_REDIRECT] [Fatal Error] :1:1: Premature end of file.
2025-11-02 15:07:23,583 [ERROR] LogOutputStream:75 - [STDERR_REDIRECT] 
2025-11-02 15:07:24,590 [ERROR] LogOutputStream:75 - [STDERR_REDIRECT] [Fatal Error] :1:1: Premature end of file.
2025-11-02 15:07:24,591 [ERROR] LogOutputStream:75 - [STDERR_REDIRECT] 
2025-11-02 15:07:25,578 [ERROR] LogOutputStream:75 - [STDERR_REDIRECT] [Fatal Error] :1:1: Premature end of file.
2025-11-02 15:07:25,578 [ERROR] LogOutputStream:75 - [STDERR_REDIRECT] 
2025-11-02 15:07:26,589 [ERROR] LogOutputStream:75 - [STDERR_REDIRECT] [Fatal Error] :1:1: Premature end of file.
2025-11-02 15:07:26,589 [ERROR] LogOutputStream:75 - [STDERR_REDIRECT] 
2025-11-02 15:07:27,597 [ERROR] LogOutputStream:75 - [STDERR_REDIRECT] [Fatal Error] :1:1: Premature end of file.
2025-11-02 15:07:27,597 [ERROR] LogOutputStream:75 - [STDERR_REDIRECT] 
2025-11-02 15:07:28,586 [ERROR] LogOutputStream:75 - [STDERR_REDIRECT] [Fatal Error] :1:1: Premature end of file.
2025-11-02 15:07:28,586 [ERROR] LogOutputStream:75 - [STDERR_REDIRECT] 
2025-11-02 15:07:29,598 [ERROR] LogOutputStream:75 - [STDERR_REDIRECT] [Fatal Error] :1:1: Premature end of file.
2025-11-02 15:07:29,599 [ERROR] LogOutputStream:75 - [STDERR_REDIRECT] 
2025-11-02 15:07:30,589 [ERROR] LogOutputStream:75 - [STDERR_REDIRECT] [Fatal Error] :1:1: Premature end of file.
2025-11-02 15:07:30,589 [ERROR] LogOutputStream:75 - [STDERR_REDIRECT] 
2025-11-02 15:07:31,591 [ERROR] LogOutputStream:75 - [STDERR_REDIRECT] [Fatal Error] :1:1: Premature end of file.
2025-11-02 15:07:31,591 [ERROR] LogOutputStream:75 - [STDERR_REDIRECT] 
2025-11-02 15:07:32,573 [ERROR] LogOutputStream:75 - [STDERR_REDIRECT] [Fatal Error] :1:1: Premature end of file.
2025-11-02 15:07:32,573 [ERROR] LogOutputStream:75 - [STDERR_REDIRECT] 
2025-11-02 15:07:33,591 [ERROR] LogOutputStream:75 - [STDERR_REDIRECT] [Fatal Error] :1:1: Premature end of file.
2025-11-02 15:07:33,591 [ERROR] LogOutputStream:75 - [STDERR_REDIRECT] 
2025-11-02 15:07:34,595 [ERROR] LogOutputStream:75 - [STDERR_REDIRECT] [Fatal Error] :1:1: Premature end of file.
2025-11-02 15:07:34,595 [ERROR] LogOutputStream:75 - [STDERR_REDIRECT] 
2025-11-02 15:07:35,591 [ERROR] LogOutputStream:75 - [STDERR_REDIRECT] [Fatal Error] :1:1: Premature end of file.
2025-11-02 15:07:35,591 [ERROR] LogOutputStream:75 - [STDERR_REDIRECT] 
2025-11-02 15:07:36,594 [ERROR] LogOutputStream:75 - [STDERR_REDIRECT] [Fatal Error] :1:1: Premature end of file.
2025-11-02 15:07:36,594 [ERROR] LogOutputStream:75 - [STDERR_REDIRECT] 
2025-11-02 15:07:37,593 [ERROR] LogOutputStream:75 - [STDERR_REDIRECT] [Fatal Error] :1:1: Premature end of file.
2025-11-02 15:07:37,593 [ERROR] LogOutputStream:75 - [STDERR_REDIRECT] 
2025-11-02 15:07:38,591 [ERROR] LogOutputStream:75 - [STDERR_REDIRECT] [Fatal Error] :1:1: Premature end of file.
2025-11-02 15:07:38,591 [ERROR] LogOutputStream:75 - [STDERR_REDIRECT] 
2025-11-02 15:07:39,591 [ERROR] LogOutputStream:75 - [STDERR_REDIRECT] [Fatal Error] :1:1: Premature end of file.
2025-11-02 15:07:39,591 [ERROR] LogOutputStream:75 - [STDERR_REDIRECT] 
2025-11-02 15:07:40,591 [ERROR] LogOutputStream:75 - [STDERR_REDIRECT] [Fatal Error] :1:1: Premature end of file.
2025-11-02 15:07:40,591 [ERROR] LogOutputStream:75 - [STDERR_REDIRECT] 
2025-11-02 15:07:41,589 [ERROR] LogOutputStream:75 - [STDERR_REDIRECT] [Fatal Error] :1:1: Premature end of file.
2025-11-02 15:07:41,589 [ERROR] LogOutputStream:75 - [STDERR_REDIRECT] 
2025-11-02 15:07:42,593 [ERROR] LogOutputStream:75 - [STDERR_REDIRECT] [Fatal Error] :1:1: Premature end of file.
2025-11-02 15:07:42,593 [ERROR] LogOutputStream:75 - [STDERR_REDIRECT] 
2025-11-02 15:07:43,588 [ERROR] LogOutputStream:75 - [STDERR_REDIRECT] [Fatal Error] :1:1: Premature end of file.
2025-11-02 15:07:43,589 [ERROR] LogOutputStream:75 - [STDERR_REDIRECT] 
2025-11-02 15:07:44,592 [ERROR] LogOutputStream:75 - [STDERR_REDIRECT] [Fatal Error] :1:1: Premature end of file.
2025-11-02 15:07:44,593 [ERROR] LogOutputStream:75 - [STDERR_REDIRECT] 
2025-11-02 15:07:45,590 [ERROR] LogOutputStream:75 - [STDERR_REDIRECT] [Fatal Error] :1:1: Premature end of file.
2025-11-02 15:07:45,591 [ERROR] LogOutputStream:75 - [STDERR_REDIRECT] 
2025-11-02 15:07:46,590 [ERROR] LogOutputStream:75 - [STDERR_REDIRECT] [Fatal Error] :1:1: Premature end of file.
2025-11-02 15:07:46,590 [ERROR] LogOutputStream:75 - [STDERR_REDIRECT] 
2025-11-02 15:07:47,587 [ERROR] LogOutputStream:75 - [STDERR_REDIRECT] [Fatal Error] :1:1: Premature end of file.
2025-11-02 15:07:47,587 [ERROR] LogOutputStream:75 - [STDERR_REDIRECT] 
2025-11-02 15:07:48,600 [ERROR] LogOutputStream:75 - [STDERR_REDIRECT] [Fatal Error] :1:1: Premature end of file.
2025-11-02 15:07:48,600 [ERROR] LogOutputStream:75 - [STDERR_REDIRECT] 
2025-11-02 15:07:49,590 [ERROR] LogOutputStream:75 - [STDERR_REDIRECT] [Fatal Error] :1:1: Premature end of file.
2025-11-02 15:07:49,591 [ERROR] LogOutputStream:75 - [STDERR_REDIRECT] 
2025-11-02 15:07:50,586 [ERROR] LogOutputStream:75 - [STDERR_REDIRECT] [Fatal Error] :1:1: Premature end of file.
2025-11-02 15:07:50,586 [ERROR] LogOutputStream:75 - [STDERR_REDIRECT] 
2025-11-02 15:07:51,595 [ERROR] LogOutputStream:75 - [STDERR_REDIRECT] [Fatal Error] :1:1: Premature end of file.
2025-11-02 15:07:51,595 [ERROR] LogOutputStream:75 - [STDERR_REDIRECT] 
2025-11-02 15:07:52,596 [ERROR] LogOutputStream:75 - [STDERR_REDIRECT] [Fatal Error] :1:1: Premature end of file.
2025-11-02 15:07:52,596 [ERROR] LogOutputStream:75 - [STDERR_REDIRECT] 
2025-11-02 15:07:53,587 [ERROR] LogOutputStream:75 - [STDERR_REDIRECT] [Fatal Error] :1:1: Premature end of file.
2025-11-02 15:07:53,587 [ERROR] LogOutputStream:75 - [STDERR_REDIRECT] 
2025-11-02 15:07:54,592 [ERROR] LogOutputStream:75 - [STDERR_REDIRECT] [Fatal Error] :1:1: Premature end of file.
2025-11-02 15:07:54,592 [ERROR] LogOutputStream:75 - [STDERR_REDIRECT] 
2025-11-02 15:07:55,592 [ERROR] LogOutputStream:75 - [STDERR_REDIRECT] [Fatal Error] :1:1: Premature end of file.
2025-11-02 15:07:55,592 [ERROR] LogOutputStream:75 - [STDERR_REDIRECT] 
2025-11-02 15:07:56,591 [ERROR] LogOutputStream:75 - [STDERR_REDIRECT] [Fatal Error] :1:1: Premature end of file.
2025-11-02 15:07:56,591 [ERROR] LogOutputStream:75 - [STDERR_REDIRECT] 
2025-11-02 15:07:57,593 [ERROR] LogOutputStream:75 - [STDERR_REDIRECT] [Fatal Error] :1:1: Premature end of file.
2025-11-02 15:07:57,593 [ERROR] LogOutputStream:75 - [STDERR_REDIRECT] 
2025-11-02 15:07:58,591 [ERROR] LogOutputStream:75 - [STDERR_REDIRECT] [Fatal Error] :1:1: Premature end of file.
2025-11-02 15:07:58,591 [ERROR] LogOutputStream:75 - [STDERR_REDIRECT] 
2025-11-02 15:07:59,593 [ERROR] LogOutputStream:75 - [STDERR_REDIRECT] [Fatal Error] :1:1: Premature end of file.
2025-11-02 15:07:59,594 [ERROR] LogOutputStream:75 - [STDERR_REDIRECT] 
2025-11-02 15:08:00,592 [ERROR] LogOutputStream:75 - [STDERR_REDIRECT] [Fatal Error] :1:1: Premature end of file.
2025-11-02 15:08:00,592 [ERROR] LogOutputStream:75 - [STDERR_REDIRECT] 
2025-11-02 15:08:01,590 [ERROR] LogOutputStream:75 - [STDERR_REDIRECT] [Fatal Error] :1:1: Premature end of file.
2025-11-02 15:08:01,591 [ERROR] LogOutputStream:75 - [STDERR_REDIRECT] 
2025-11-02 15:08:02,593 [ERROR] LogOutputStream:75 - [STDERR_REDIRECT] [Fatal Error] :1:1: Premature end of file.
2025-11-02 15:08:02,593 [ERROR] LogOutputStream:75 - [STDERR_REDIRECT] 
2025-11-02 15:08:03,584 [ERROR] LogOutputStream:75 - [STDERR_REDIRECT] [Fatal Error] :1:1: Premature end of file.
2025-11-02 15:08:03,584 [ERROR] LogOutputStream:75 - [STDERR_REDIRECT] 
2025-11-02 15:08:04,591 [ERROR] LogOutputStream:75 - [STDERR_REDIRECT] [Fatal Error] :1:1: Premature end of file.
2025-11-02 15:08:04,591 [ERROR] LogOutputStream:75 - [STDERR_REDIRECT] 
2025-11-02 15:08:05,586 [ERROR] LogOutputStream:75 - [STDERR_REDIRECT] [Fatal Error] :1:1: Premature end of file.
2025-11-02 15:08:05,586 [ERROR] LogOutputStream:75 - [STDERR_REDIRECT] 
2025-11-02 15:08:06,593 [ERROR] LogOutputStream:75 - [STDERR_REDIRECT] [Fatal Error] :1:1: Premature end of file.
2025-11-02 15:08:06,593 [ERROR] LogOutputStream:75 - [STDERR_REDIRECT] 
2025-11-02 15:08:07,591 [ERROR] LogOutputStream:75 - [STDERR_REDIRECT] [Fatal Error] :1:1: Premature end of file.
2025-11-02 15:08:07,592 [ERROR] LogOutputStream:75 - [STDERR_REDIRECT] 
2025-11-02 15:08:08,586 [ERROR] LogOutputStream:75 - [STDERR_REDIRECT] [Fatal Error] :1:1: Premature end of file.
2025-11-02 15:08:08,586 [ERROR] LogOutputStream:75 - [STDERR_REDIRECT] 
2025-11-02 15:08:09,587 [ERROR] LogOutputStream:75 - [STDERR_REDIRECT] [Fatal Error] :1:1: Premature end of file.
2025-11-02 15:08:09,587 [ERROR] LogOutputStream:75 - [STDERR_REDIRECT] 
2025-11-02 15:08:10,593 [ERROR] LogOutputStream:75 - [STDERR_REDIRECT] [Fatal Error] :1:1: Premature end of file.
2025-11-02 15:08:10,594 [ERROR] LogOutputStream:75 - [STDERR_REDIRECT] 
2025-11-02 15:08:11,589 [ERROR] LogOutputStream:75 - [STDERR_REDIRECT] [Fatal Error] :1:1: Premature end of file.
2025-11-02 15:08:11,589 [ERROR] LogOutputStream:75 - [STDERR_REDIRECT] 
2025-11-02 15:08:12,592 [ERROR] LogOutputStream:75 - [STDERR_REDIRECT] [Fatal Error] :1:1: Premature end of file.
2025-11-02 15:08:12,592 [ERROR] LogOutputStream:75 - [STDERR_REDIRECT] 
2025-11-02 15:08:13,593 [ERROR] LogOutputStream:75 - [STDERR_REDIRECT] [Fatal Error] :1:1: Premature end of file.
2025-11-02 15:08:13,594 [ERROR] LogOutputStream:75 - [STDERR_REDIRECT] 
2025-11-02 15:08:14,589 [ERROR] LogOutputStream:75 - [STDERR_REDIRECT] [Fatal Error] :1:1: Premature end of file.
2025-11-02 15:08:14,589 [ERROR] LogOutputStream:75 - [STDERR_REDIRECT] 
2025-11-02 15:08:15,593 [ERROR] LogOutputStream:75 - [STDERR_REDIRECT] [Fatal Error] :1:1: Premature end of file.
2025-11-02 15:08:15,593 [ERROR] LogOutputStream:75 - [STDERR_REDIRECT] 
2025-11-02 15:08:16,594 [ERROR] LogOutputStream:75 - [STDERR_REDIRECT] [Fatal Error] :1:1: Premature end of file.
2025-11-02 15:08:16,594 [ERROR] LogOutputStream:75 - [STDERR_REDIRECT] 
2025-11-02 15:08:17,592 [ERROR] LogOutputStream:75 - [STDERR_REDIRECT] [Fatal Error] :1:1: Premature end of file.
2025-11-02 15:08:17,592 [ERROR] LogOutputStream:75 - [STDERR_REDIRECT] 
2025-11-02 15:08:18,594 [ERROR] LogOutputStream:75 - [STDERR_REDIRECT] [Fatal Error] :1:1: Premature end of file.
2025-11-02 15:08:18,594 [ERROR] LogOutputStream:75 - [STDERR_REDIRECT] 
2025-11-02 15:08:19,589 [ERROR] LogOutputStream:75 - [STDERR_REDIRECT] [Fatal Error] :1:1: Premature end of file.
2025-11-02 15:08:19,590 [ERROR] LogOutputStream:75 - [STDERR_REDIRECT] 
2025-11-02 15:08:20,587 [ERROR] LogOutputStream:75 - [STDERR_REDIRECT] [Fatal Error] :1:1: Premature end of file.
2025-11-02 15:08:20,587 [ERROR] LogOutputStream:75 - [STDERR_REDIRECT] 
2025-11-02 15:08:21,585 [ERROR] LogOutputStream:75 - [STDERR_REDIRECT] [Fatal Error] :1:1: Premature end of file.
2025-11-02 15:08:21,585 [ERROR] LogOutputStream:75 - [STDERR_REDIRECT] 
2025-11-02 15:08:22,585 [ERROR] LogOutputStream:75 - [STDERR_REDIRECT] [Fatal Error] :1:1: Premature end of file.
2025-11-02 15:08:22,585 [ERROR] LogOutputStream:75 - [STDERR_REDIRECT] 
2025-11-02 15:08:23,587 [ERROR] LogOutputStream:75 - [STDERR_REDIRECT] [Fatal Error] :1:1: Premature end of file.
2025-11-02 15:08:23,587 [ERROR] LogOutputStream:75 - [STDERR_REDIRECT] 
2025-11-02 15:08:24,580 [ERROR] LogOutputStream:75 - [STDERR_REDIRECT] [Fatal Error] :1:1: Premature end of file.
2025-11-02 15:08:24,580 [ERROR] LogOutputStream:75 - [STDERR_REDIRECT] 
2025-11-02 15:08:25,584 [ERROR] LogOutputStream:75 - [STDERR_REDIRECT] [Fatal Error] :1:1: Premature end of file.
2025-11-02 15:08:25,585 [ERROR] LogOutputStream:75 - [STDERR_REDIRECT] 
2025-11-02 15:08:26,589 [ERROR] LogOutputStream:75 - [STDERR_REDIRECT] [Fatal Error] :1:1: Premature end of file.
2025-11-02 15:08:26,590 [ERROR] LogOutputStream:75 - [STDERR_REDIRECT] 
2025-11-02 15:08:27,590 [ERROR] LogOutputStream:75 - [STDERR_REDIRECT] [Fatal Error] :1:1: Premature end of file.
2025-11-02 15:08:27,590 [ERROR] LogOutputStream:75 - [STDERR_REDIRECT] 
2025-11-02 15:08:28,596 [ERROR] LogOutputStream:75 - [STDERR_REDIRECT] [Fatal Error] :1:1: Premature end of file.
2025-11-02 15:08:28,596 [ERROR] LogOutputStream:75 - [STDERR_REDIRECT] 
2025-11-02 15:08:29,592 [ERROR] LogOutputStream:75 - [STDERR_REDIRECT] [Fatal Error] :1:1: Premature end of file.
2025-11-02 15:08:29,592 [ERROR] LogOutputStream:75 - [STDERR_REDIRECT] 
2025-11-02 15:08:30,589 [ERROR] LogOutputStream:75 - [STDERR_REDIRECT] [Fatal Error] :1:1: Premature end of file.
2025-11-02 15:08:30,589 [ERROR] LogOutputStream:75 - [STDERR_REDIRECT] 
2025-11-02 15:08:31,590 [ERROR] LogOutputStream:75 - [STDERR_REDIRECT] [Fatal Error] :1:1: Premature end of file.
2025-11-02 15:08:31,590 [ERROR] LogOutputStream:75 - [STDERR_REDIRECT] 
2025-11-02 15:08:32,590 [ERROR] LogOutputStream:75 - [STDERR_REDIRECT] [Fatal Error] :1:1: Premature end of file.
2025-11-02 15:08:32,590 [ERROR] LogOutputStream:75 - [STDERR_REDIRECT] 
2025-11-02 15:08:33,590 [ERROR] LogOutputStream:75 - [STDERR_REDIRECT] [Fatal Error] :1:1: Premature end of file.
2025-11-02 15:08:33,590 [ERROR] LogOutputStream:75 - [STDERR_REDIRECT] 
2025-11-02 15:08:34,576 [ERROR] LogOutputStream:75 - [STDERR_REDIRECT] [Fatal Error] :1:1: Premature end of file.
2025-11-02 15:08:34,577 [ERROR] LogOutputStream:75 - [STDERR_REDIRECT] 
2025-11-02 15:08:35,579 [ERROR] LogOutputStream:75 - [STDERR_REDIRECT] [Fatal Error] :1:1: Premature end of file.
2025-11-02 15:08:35,579 [ERROR] LogOutputStream:75 - [STDERR_REDIRECT] 
2025-11-02 15:08:36,593 [ERROR] LogOutputStream:75 - [STDERR_REDIRECT] [Fatal Error] :1:1: Premature end of file.
2025-11-02 15:08:36,594 [ERROR] LogOutputStream:75 - [STDERR_REDIRECT] 
2025-11-02 15:08:37,592 [ERROR] LogOutputStream:75 - [STDERR_REDIRECT] [Fatal Error] :1:1: Premature end of file.
2025-11-02 15:08:37,593 [ERROR] LogOutputStream:75 - [STDERR_REDIRECT] 
2025-11-02 15:08:38,589 [ERROR] LogOutputStream:75 - [STDERR_REDIRECT] [Fatal Error] :1:1: Premature end of file.
2025-11-02 15:08:38,589 [ERROR] LogOutputStream:75 - [STDERR_REDIRECT] 
2025-11-02 15:08:39,591 [ERROR] LogOutputStream:75 - [STDERR_REDIRECT] [Fatal Error] :1:1: Premature end of file.
2025-11-02 15:08:39,591 [ERROR] LogOutputStream:75 - [STDERR_REDIRECT] 
2025-11-02 15:08:40,586 [ERROR] LogOutputStream:75 - [STDERR_REDIRECT] [Fatal Error] :1:1: Premature end of file.
2025-11-02 15:08:40,587 [ERROR] LogOutputStream:75 - [STDERR_REDIRECT] 
2025-11-02 15:08:41,586 [ERROR] LogOutputStream:75 - [STDERR_REDIRECT] [Fatal Error] :1:1: Premature end of file.
2025-11-02 15:08:41,586 [ERROR] LogOutputStream:75 - [STDERR_REDIRECT] 
2025-11-02 15:08:42,587 [ERROR] LogOutputStream:75 - [STDERR_REDIRECT] [Fatal Error] :1:1: Premature end of file.
2025-11-02 15:08:42,588 [ERROR] LogOutputStream:75 - [STDERR_REDIRECT] 
2025-11-02 15:08:43,598 [ERROR] LogOutputStream:75 - [STDERR_REDIRECT] [Fatal Error] :1:1: Premature end of file.
2025-11-02 15:08:43,598 [ERROR] LogOutputStream:75 - [STDERR_REDIRECT] 
2025-11-02 15:08:44,582 [ERROR] LogOutputStream:75 - [STDERR_REDIRECT] [Fatal Error] :1:1: Premature end of file.
2025-11-02 15:08:44,582 [ERROR] LogOutputStream:75 - [STDERR_REDIRECT] 
2025-11-02 15:08:45,582 [ERROR] LogOutputStream:75 - [STDERR_REDIRECT] [Fatal Error] :1:1: Premature end of file.
2025-11-02 15:08:45,582 [ERROR] LogOutputStream:75 - [STDERR_REDIRECT] 
2025-11-02 15:08:46,590 [ERROR] LogOutputStream:75 - [STDERR_REDIRECT] [Fatal Error] :1:1: Premature end of file.
2025-11-02 15:08:46,590 [ERROR] LogOutputStream:75 - [STDERR_REDIRECT] 
2025-11-02 15:08:47,591 [ERROR] LogOutputStream:75 - [STDERR_REDIRECT] [Fatal Error] :1:1: Premature end of file.
2025-11-02 15:08:47,592 [ERROR] LogOutputStream:75 - [STDERR_REDIRECT] 
2025-11-02 15:08:48,580 [ERROR] LogOutputStream:75 - [STDERR_REDIRECT] [Fatal Error] :1:1: Premature end of file.
2025-11-02 15:08:48,580 [ERROR] LogOutputStream:75 - [STDERR_REDIRECT] 
2025-11-02 15:08:49,592 [ERROR] LogOutputStream:75 - [STDERR_REDIRECT] [Fatal Error] :1:1: Premature end of file.
2025-11-02 15:08:49,592 [ERROR] LogOutputStream:75 - [STDERR_REDIRECT] 
2025-11-02 15:08:50,581 [ERROR] LogOutputStream:75 - [STDERR_REDIRECT] [Fatal Error] :1:1: Premature end of file.
2025-11-02 15:08:50,581 [ERROR] LogOutputStream:75 - [STDERR_REDIRECT] 
2025-11-02 15:08:51,612 [ERROR] LogOutputStream:75 - [STDERR_REDIRECT] [Fatal Error] :1:1: Premature end of file.
2025-11-02 15:08:51,612 [ERROR] LogOutputStream:75 - [STDERR_REDIRECT] 
2025-11-02 15:08:52,587 [ERROR] LogOutputStream:75 - [STDERR_REDIRECT] [Fatal Error] :1:1: Premature end of file.
2025-11-02 15:08:52,587 [ERROR] LogOutputStream:75 - [STDERR_REDIRECT] 
2025-11-02 15:08:53,587 [ERROR] LogOutputStream:75 - [STDERR_REDIRECT] [Fatal Error] :1:1: Premature end of file.
2025-11-02 15:08:53,587 [ERROR] LogOutputStream:75 - [STDERR_REDIRECT] 
2025-11-02 15:08:54,592 [ERROR] LogOutputStream:75 - [STDERR_REDIRECT] [Fatal Error] :1:1: Premature end of file.
2025-11-02 15:08:54,592 [ERROR] LogOutputStream:75 - [STDERR_REDIRECT] 
2025-11-02 15:08:55,599 [ERROR] LogOutputStream:75 - [STDERR_REDIRECT] [Fatal Error] :1:1: Premature end of file.
2025-11-02 15:08:55,600 [ERROR] LogOutputStream:75 - [STDERR_REDIRECT] 
2025-11-02 15:08:56,580 [ERROR] LogOutputStream:75 - [STDERR_REDIRECT] [Fatal Error] :1:1: Premature end of file.
2025-11-02 15:08:56,580 [ERROR] LogOutputStream:75 - [STDERR_REDIRECT] 
2025-11-02 15:08:57,588 [ERROR] LogOutputStream:75 - [STDERR_REDIRECT] [Fatal Error] :1:1: Premature end of file.
2025-11-02 15:08:57,588 [ERROR] LogOutputStream:75 - [STDERR_REDIRECT] 
2025-11-02 15:08:58,588 [ERROR] LogOutputStream:75 - [STDERR_REDIRECT] [Fatal Error] :1:1: Premature end of file.
2025-11-02 15:08:58,589 [ERROR] LogOutputStream:75 - [STDERR_REDIRECT] 
2025-11-02 15:08:59,592 [ERROR] LogOutputStream:75 - [STDERR_REDIRECT] [Fatal Error] :1:1: Premature end of file.
2025-11-02 15:08:59,592 [ERROR] LogOutputStream:75 - [STDERR_REDIRECT] 
2025-11-02 15:09:00,581 [ERROR] LogOutputStream:75 - [STDERR_REDIRECT] [Fatal Error] :1:1: Premature end of file.
2025-11-02 15:09:00,581 [ERROR] LogOutputStream:75 - [STDERR_REDIRECT] 
2025-11-02 15:09:01,596 [ERROR] LogOutputStream:75 - [STDERR_REDIRECT] [Fatal Error] :1:1: Premature end of file.
2025-11-02 15:09:01,596 [ERROR] LogOutputStream:75 - [STDERR_REDIRECT] 
2025-11-02 15:09:02,584 [ERROR] LogOutputStream:75 - [STDERR_REDIRECT] [Fatal Error] :1:1: Premature end of file.
2025-11-02 15:09:02,584 [ERROR] LogOutputStream:75 - [STDERR_REDIRECT] 
2025-11-02 15:09:03,597 [ERROR] LogOutputStream:75 - [STDERR_REDIRECT] [Fatal Error] :1:1: Premature end of file.
2025-11-02 15:09:03,597 [ERROR] LogOutputStream:75 - [STDERR_REDIRECT] 
2025-11-02 15:09:04,585 [ERROR] LogOutputStream:75 - [STDERR_REDIRECT] [Fatal Error] :1:1: Premature end of file.
2025-11-02 15:09:04,585 [ERROR] LogOutputStream:75 - [STDERR_REDIRECT] 
2025-11-02 15:09:05,583 [ERROR] LogOutputStream:75 - [STDERR_REDIRECT] [Fatal Error] :1:1: Premature end of file.
2025-11-02 15:09:05,584 [ERROR] LogOutputStream:75 - [STDERR_REDIRECT] 
2025-11-02 15:09:06,587 [ERROR] LogOutputStream:75 - [STDERR_REDIRECT] [Fatal Error] :1:1: Premature end of file.
2025-11-02 15:09:06,587 [ERROR] LogOutputStream:75 - [STDERR_REDIRECT] 
2025-11-02 15:09:07,582 [ERROR] LogOutputStream:75 - [STDERR_REDIRECT] [Fatal Error] :1:1: Premature end of file.
2025-11-02 15:09:07,582 [ERROR] LogOutputStream:75 - [STDERR_REDIRECT] 
2025-11-02 15:09:08,589 [ERROR] LogOutputStream:75 - [STDERR_REDIRECT] [Fatal Error] :1:1: Premature end of file.
2025-11-02 15:09:08,589 [ERROR] LogOutputStream:75 - [STDERR_REDIRECT] 
2025-11-02 15:09:09,578 [ERROR] LogOutputStream:75 - [STDERR_REDIRECT] [Fatal Error] :1:1: Premature end of file.
2025-11-02 15:09:09,578 [ERROR] LogOutputStream:75 - [STDERR_REDIRECT] 
2025-11-02 15:09:10,586 [ERROR] LogOutputStream:75 - [STDERR_REDIRECT] [Fatal Error] :1:1: Premature end of file.
2025-11-02 15:09:10,586 [ERROR] LogOutputStream:75 - [STDERR_REDIRECT] 
2025-11-02 15:09:11,606 [ERROR] LogOutputStream:75 - [STDERR_REDIRECT] [Fatal Error] :1:1: Premature end of file.
2025-11-02 15:09:11,606 [ERROR] LogOutputStream:75 - [STDERR_REDIRECT] 
2025-11-02 15:09:12,582 [ERROR] LogOutputStream:75 - [STDERR_REDIRECT] [Fatal Error] :1:1: Premature end of file.
2025-11-02 15:09:12,582 [ERROR] LogOutputStream:75 - [STDERR_REDIRECT] 
2025-11-02 15:09:13,585 [ERROR] LogOutputStream:75 - [STDERR_REDIRECT] [Fatal Error] :1:1: Premature end of file.
2025-11-02 15:09:13,585 [ERROR] LogOutputStream:75 - [STDERR_REDIRECT] 
2025-11-02 15:09:14,575 [ERROR] LogOutputStream:75 - [STDERR_REDIRECT] [Fatal Error] :1:1: Premature end of file.
2025-11-02 15:09:14,575 [ERROR] LogOutputStream:75 - [STDERR_REDIRECT] 
2025-11-02 15:09:15,597 [ERROR] LogOutputStream:75 - [STDERR_REDIRECT] [Fatal Error] :1:1: Premature end of file.
2025-11-02 15:09:15,598 [ERROR] LogOutputStream:75 - [STDERR_REDIRECT] 
2025-11-02 15:09:16,593 [ERROR] LogOutputStream:75 - [STDERR_REDIRECT] [Fatal Error] :1:1: Premature end of file.
2025-11-02 15:09:16,593 [ERROR] LogOutputStream:75 - [STDERR_REDIRECT] 
2025-11-02 15:09:17,592 [ERROR] LogOutputStream:75 - [STDERR_REDIRECT] [Fatal Error] :1:1: Premature end of file.
2025-11-02 15:09:17,593 [ERROR] LogOutputStream:75 - [STDERR_REDIRECT] 
2025-11-02 15:09:18,580 [ERROR] LogOutputStream:75 - [STDERR_REDIRECT] [Fatal Error] :1:1: Premature end of file.
2025-11-02 15:09:18,580 [ERROR] LogOutputStream:75 - [STDERR_REDIRECT] 
2025-11-02 15:09:19,593 [ERROR] LogOutputStream:75 - [STDERR_REDIRECT] [Fatal Error] :1:1: Premature end of file.
2025-11-02 15:09:19,594 [ERROR] LogOutputStream:75 - [STDERR_REDIRECT] 
2025-11-02 15:09:20,580 [ERROR] LogOutputStream:75 - [STDERR_REDIRECT] [Fatal Error] :1:1: Premature end of file.
2025-11-02 15:09:20,580 [ERROR] LogOutputStream:75 - [STDERR_REDIRECT] 
2025-11-02 15:09:21,580 [ERROR] LogOutputStream:75 - [STDERR_REDIRECT] [Fatal Error] :1:1: Premature end of file.
2025-11-02 15:09:21,580 [ERROR] LogOutputStream:75 - [STDERR_REDIRECT] 
2025-11-02 15:09:22,585 [ERROR] LogOutputStream:75 - [STDERR_REDIRECT] [Fatal Error] :1:1: Premature end of file.
2025-11-02 15:09:22,585 [ERROR] LogOutputStream:75 - [STDERR_REDIRECT] 
2025-11-02 15:09:23,590 [ERROR] LogOutputStream:75 - [STDERR_REDIRECT] [Fatal Error] :1:1: Premature end of file.
2025-11-02 15:09:23,590 [ERROR] LogOutputStream:75 - [STDERR_REDIRECT] 
2025-11-02 15:09:24,598 [ERROR] LogOutputStream:75 - [STDERR_REDIRECT] [Fatal Error] :1:1: Premature end of file.
2025-11-02 15:09:24,598 [ERROR] LogOutputStream:75 - [STDERR_REDIRECT] 
2025-11-02 15:09:25,592 [ERROR] LogOutputStream:75 - [STDERR_REDIRECT] [Fatal Error] :1:1: Premature end of file.
2025-11-02 15:09:25,592 [ERROR] LogOutputStream:75 - [STDERR_REDIRECT] 
2025-11-02 15:09:26,587 [ERROR] LogOutputStream:75 - [STDERR_REDIRECT] [Fatal Error] :1:1: Premature end of file.
2025-11-02 15:09:26,587 [ERROR] LogOutputStream:75 - [STDERR_REDIRECT] 
2025-11-02 15:09:27,576 [ERROR] LogOutputStream:75 - [STDERR_REDIRECT] [Fatal Error] :1:1: Premature end of file.
2025-11-02 15:09:27,576 [ERROR] LogOutputStream:75 - [STDERR_REDIRECT] 
2025-11-02 15:09:28,591 [ERROR] LogOutputStream:75 - [STDERR_REDIRECT] [Fatal Error] :1:1: Premature end of file.
2025-11-02 15:09:28,591 [ERROR] LogOutputStream:75 - [STDERR_REDIRECT] 
2025-11-02 15:09:29,586 [ERROR] LogOutputStream:75 - [STDERR_REDIRECT] [Fatal Error] :1:1: Premature end of file.
2025-11-02 15:09:29,586 [ERROR] LogOutputStream:75 - [STDERR_REDIRECT] 
2025-11-02 15:09:30,591 [ERROR] LogOutputStream:75 - [STDERR_REDIRECT] [Fatal Error] :1:1: Premature end of file.
2025-11-02 15:09:30,591 [ERROR] LogOutputStream:75 - [STDERR_REDIRECT] 
2025-11-02 15:09:31,585 [ERROR] LogOutputStream:75 - [STDERR_REDIRECT] [Fatal Error] :1:1: Premature end of file.
2025-11-02 15:09:31,585 [ERROR] LogOutputStream:75 - [STDERR_REDIRECT] 
2025-11-02 15:09:32,584 [ERROR] LogOutputStream:75 - [STDERR_REDIRECT] [Fatal Error] :1:1: Premature end of file.
2025-11-02 15:09:32,584 [ERROR] LogOutputStream:75 - [STDERR_REDIRECT] 
2025-11-02 15:09:33,595 [ERROR] LogOutputStream:75 - [STDERR_REDIRECT] [Fatal Error] :1:1: Premature end of file.
2025-11-02 15:09:33,595 [ERROR] LogOutputStream:75 - [STDERR_REDIRECT] 
2025-11-02 15:09:34,592 [ERROR] LogOutputStream:75 - [STDERR_REDIRECT] [Fatal Error] :1:1: Premature end of file.
2025-11-02 15:09:34,592 [ERROR] LogOutputStream:75 - [STDERR_REDIRECT] 
2025-11-02 15:09:35,580 [ERROR] LogOutputStream:75 - [STDERR_REDIRECT] [Fatal Error] :1:1: Premature end of file.
2025-11-02 15:09:35,580 [ERROR] LogOutputStream:75 - [STDERR_REDIRECT] 
2025-11-02 15:09:36,578 [ERROR] LogOutputStream:75 - [STDERR_REDIRECT] [Fatal Error] :1:1: Premature end of file.
2025-11-02 15:09:36,579 [ERROR] LogOutputStream:75 - [STDERR_REDIRECT] 
2025-11-02 15:09:37,595 [ERROR] LogOutputStream:75 - [STDERR_REDIRECT] [Fatal Error] :1:1: Premature end of file.
2025-11-02 15:09:37,595 [ERROR] LogOutputStream:75 - [STDERR_REDIRECT] 
2025-11-02 15:09:38,584 [ERROR] LogOutputStream:75 - [STDERR_REDIRECT] [Fatal Error] :1:1: Premature end of file.
2025-11-02 15:09:38,584 [ERROR] LogOutputStream:75 - [STDERR_REDIRECT] 
2025-11-02 15:09:39,577 [ERROR] LogOutputStream:75 - [STDERR_REDIRECT] [Fatal Error] :1:1: Premature end of file.
2025-11-02 15:09:39,577 [ERROR] LogOutputStream:75 - [STDERR_REDIRECT] 
2025-11-02 15:09:40,592 [ERROR] LogOutputStream:75 - [STDERR_REDIRECT] [Fatal Error] :1:1: Premature end of file.
2025-11-02 15:09:40,592 [ERROR] LogOutputStream:75 - [STDERR_REDIRECT] 
2025-11-02 15:09:41,585 [ERROR] LogOutputStream:75 - [STDERR_REDIRECT] [Fatal Error] :1:1: Premature end of file.
2025-11-02 15:09:41,585 [ERROR] LogOutputStream:75 - [STDERR_REDIRECT] 
2025-11-02 15:09:42,589 [ERROR] LogOutputStream:75 - [STDERR_REDIRECT] [Fatal Error] :1:1: Premature end of file.
2025-11-02 15:09:42,589 [ERROR] LogOutputStream:75 - [STDERR_REDIRECT] 
2025-11-02 15:09:43,591 [ERROR] LogOutputStream:75 - [STDERR_REDIRECT] [Fatal Error] :1:1: Premature end of file.
2025-11-02 15:09:43,591 [ERROR] LogOutputStream:75 - [STDERR_REDIRECT] 
2025-11-02 15:09:44,590 [ERROR] LogOutputStream:75 - [STDERR_REDIRECT] [Fatal Error] :1:1: Premature end of file.
2025-11-02 15:09:44,590 [ERROR] LogOutputStream:75 - [STDERR_REDIRECT] 
2025-11-02 15:09:45,584 [ERROR] LogOutputStream:75 - [STDERR_REDIRECT] [Fatal Error] :1:1: Premature end of file.
2025-11-02 15:09:45,584 [ERROR] LogOutputStream:75 - [STDERR_REDIRECT] 
2025-11-02 15:09:46,586 [ERROR] LogOutputStream:75 - [STDERR_REDIRECT] [Fatal Error] :1:1: Premature end of file.
2025-11-02 15:09:46,586 [ERROR] LogOutputStream:75 - [STDERR_REDIRECT] 
2025-11-02 15:09:47,579 [ERROR] LogOutputStream:75 - [STDERR_REDIRECT] [Fatal Error] :1:1: Premature end of file.
2025-11-02 15:09:47,579 [ERROR] LogOutputStream:75 - [STDERR_REDIRECT] 
2025-11-02 15:09:48,588 [ERROR] LogOutputStream:75 - [STDERR_REDIRECT] [Fatal Error] :1:1: Premature end of file.
2025-11-02 15:09:48,589 [ERROR] LogOutputStream:75 - [STDERR_REDIRECT] 
2025-11-02 15:09:49,589 [ERROR] LogOutputStream:75 - [STDERR_REDIRECT] [Fatal Error] :1:1: Premature end of file.
2025-11-02 15:09:49,589 [ERROR] LogOutputStream:75 - [STDERR_REDIRECT] 
2025-11-02 15:09:50,588 [ERROR] LogOutputStream:75 - [STDERR_REDIRECT] [Fatal Error] :1:1: Premature end of file.
2025-11-02 15:09:50,588 [ERROR] LogOutputStream:75 - [STDERR_REDIRECT] 
2025-11-02 15:09:51,581 [ERROR] LogOutputStream:75 - [STDERR_REDIRECT] [Fatal Error] :1:1: Premature end of file.
2025-11-02 15:09:51,581 [ERROR] LogOutputStream:75 - [STDERR_REDIRECT] 
2025-11-02 15:09:52,603 [ERROR] LogOutputStream:75 - [STDERR_REDIRECT] [Fatal Error] :1:1: Premature end of file.
2025-11-02 15:09:52,603 [ERROR] LogOutputStream:75 - [STDERR_REDIRECT] 
2025-11-02 15:09:53,587 [ERROR] LogOutputStream:75 - [STDERR_REDIRECT] [Fatal Error] :1:1: Premature end of file.
2025-11-02 15:09:53,587 [ERROR] LogOutputStream:75 - [STDERR_REDIRECT] 
2025-11-02 15:09:54,590 [ERROR] LogOutputStream:75 - [STDERR_REDIRECT] [Fatal Error] :1:1: Premature end of file.
2025-11-02 15:09:54,590 [ERROR] LogOutputStream:75 - [STDERR_REDIRECT] 
2025-11-02 15:09:55,588 [ERROR] LogOutputStream:75 - [STDERR_REDIRECT] [Fatal Error] :1:1: Premature end of file.
2025-11-02 15:09:55,588 [ERROR] LogOutputStream:75 - [STDERR_REDIRECT] 
2025-11-02 15:09:56,600 [ERROR] LogOutputStream:75 - [STDERR_REDIRECT] [Fatal Error] :1:1: Premature end of file.
2025-11-02 15:09:56,600 [ERROR] LogOutputStream:75 - [STDERR_REDIRECT] 
2025-11-02 15:09:57,582 [ERROR] LogOutputStream:75 - [STDERR_REDIRECT] [Fatal Error] :1:1: Premature end of file.
2025-11-02 15:09:57,582 [ERROR] LogOutputStream:75 - [STDERR_REDIRECT] 
2025-11-02 15:09:58,584 [ERROR] LogOutputStream:75 - [STDERR_REDIRECT] [Fatal Error] :1:1: Premature end of file.
2025-11-02 15:09:58,584 [ERROR] LogOutputStream:75 - [STDERR_REDIRECT] 
2025-11-02 15:09:59,590 [ERROR] LogOutputStream:75 - [STDERR_REDIRECT] [Fatal Error] :1:1: Premature end of file.
2025-11-02 15:09:59,590 [ERROR] LogOutputStream:75 - [STDERR_REDIRECT] 
2025-11-02 15:10:00,600 [ERROR] LogOutputStream:75 - [STDERR_REDIRECT] [Fatal Error] :1:1: Premature end of file.
2025-11-02 15:10:00,600 [ERROR] LogOutputStream:75 - [STDERR_REDIRECT] 
2025-11-02 15:10:01,585 [ERROR] LogOutputStream:75 - [STDERR_REDIRECT] [Fatal Error] :1:1: Premature end of file.
2025-11-02 15:10:01,585 [ERROR] LogOutputStream:75 - [STDERR_REDIRECT] 
2025-11-02 15:10:02,580 [ERROR] LogOutputStream:75 - [STDERR_REDIRECT] [Fatal Error] :1:1: Premature end of file.
2025-11-02 15:10:02,580 [ERROR] LogOutputStream:75 - [STDERR_REDIRECT] 
2025-11-02 15:10:03,589 [ERROR] LogOutputStream:75 - [STDERR_REDIRECT] [Fatal Error] :1:1: Premature end of file.
2025-11-02 15:10:03,589 [ERROR] LogOutputStream:75 - [STDERR_REDIRECT] 
2025-11-02 15:10:04,596 [ERROR] LogOutputStream:75 - [STDERR_REDIRECT] [Fatal Error] :1:1: Premature end of file.
2025-11-02 15:10:04,596 [ERROR] LogOutputStream:75 - [STDERR_REDIRECT] 
2025-11-02 15:10:05,577 [ERROR] LogOutputStream:75 - [STDERR_REDIRECT] [Fatal Error] :1:1: Premature end of file.
2025-11-02 15:10:05,577 [ERROR] LogOutputStream:75 - [STDERR_REDIRECT] 
2025-11-02 15:10:06,590 [ERROR] LogOutputStream:75 - [STDERR_REDIRECT] [Fatal Error] :1:1: Premature end of file.
2025-11-02 15:10:06,590 [ERROR] LogOutputStream:75 - [STDERR_REDIRECT] 
2025-11-02 15:10:07,588 [ERROR] LogOutputStream:75 - [STDERR_REDIRECT] [Fatal Error] :1:1: Premature end of file.
2025-11-02 15:10:07,589 [ERROR] LogOutputStream:75 - [STDERR_REDIRECT] 
2025-11-02 15:10:08,605 [ERROR] LogOutputStream:75 - [STDERR_REDIRECT] [Fatal Error] :1:1: Premature end of file.
2025-11-02 15:10:08,605 [ERROR] LogOutputStream:75 - [STDERR_REDIRECT] 
2025-11-02 15:10:09,582 [ERROR] LogOutputStream:75 - [STDERR_REDIRECT] [Fatal Error] :1:1: Premature end of file.
2025-11-02 15:10:09,582 [ERROR] LogOutputStream:75 - [STDERR_REDIRECT] 
2025-11-02 15:10:10,580 [ERROR] LogOutputStream:75 - [STDERR_REDIRECT] [Fatal Error] :1:1: Premature end of file.
2025-11-02 15:10:10,580 [ERROR] LogOutputStream:75 - [STDERR_REDIRECT] 
2025-11-02 15:10:11,589 [ERROR] LogOutputStream:75 - [STDERR_REDIRECT] [Fatal Error] :1:1: Premature end of file.
2025-11-02 15:10:11,589 [ERROR] LogOutputStream:75 - [STDERR_REDIRECT] 
2025-11-02 15:10:12,598 [ERROR] LogOutputStream:75 - [STDERR_REDIRECT] [Fatal Error] :1:1: Premature end of file.
2025-11-02 15:10:12,599 [ERROR] LogOutputStream:75 - [STDERR_REDIRECT] 
2025-11-02 15:10:13,587 [ERROR] LogOutputStream:75 - [STDERR_REDIRECT] [Fatal Error] :1:1: Premature end of file.
2025-11-02 15:10:13,588 [ERROR] LogOutputStream:75 - [STDERR_REDIRECT] 
2025-11-02 15:10:14,583 [ERROR] LogOutputStream:75 - [STDERR_REDIRECT] [Fatal Error] :1:1: Premature end of file.
2025-11-02 15:10:14,583 [ERROR] LogOutputStream:75 - [STDERR_REDIRECT] 
2025-11-02 15:10:15,586 [ERROR] LogOutputStream:75 - [STDERR_REDIRECT] [Fatal Error] :1:1: Premature end of file.
2025-11-02 15:10:15,586 [ERROR] LogOutputStream:75 - [STDERR_REDIRECT] 
2025-11-02 15:10:16,592 [ERROR] LogOutputStream:75 - [STDERR_REDIRECT] [Fatal Error] :1:1: Premature end of file.
2025-11-02 15:10:16,592 [ERROR] LogOutputStream:75 - [STDERR_REDIRECT] 
2025-11-02 15:10:17,588 [ERROR] LogOutputStream:75 - [STDERR_REDIRECT] [Fatal Error] :1:1: Premature end of file.
2025-11-02 15:10:17,588 [ERROR] LogOutputStream:75 - [STDERR_REDIRECT] 
2025-11-02 15:10:18,593 [ERROR] LogOutputStream:75 - [STDERR_REDIRECT] [Fatal Error] :1:1: Premature end of file.
2025-11-02 15:10:18,593 [ERROR] LogOutputStream:75 - [STDERR_REDIRECT] 
2025-11-02 15:10:19,583 [ERROR] LogOutputStream:75 - [STDERR_REDIRECT] [Fatal Error] :1:1: Premature end of file.
2025-11-02 15:10:19,584 [ERROR] LogOutputStream:75 - [STDERR_REDIRECT] 
2025-11-02 15:10:20,592 [ERROR] LogOutputStream:75 - [STDERR_REDIRECT] [Fatal Error] :1:1: Premature end of file.
2025-11-02 15:10:20,592 [ERROR] LogOutputStream:75 - [STDERR_REDIRECT] 
2025-11-02 15:10:21,592 [ERROR] LogOutputStream:75 - [STDERR_REDIRECT] [Fatal Error] :1:1: Premature end of file.
2025-11-02 15:10:21,592 [ERROR] LogOutputStream:75 - [STDERR_REDIRECT] 
2025-11-02 15:10:22,592 [ERROR] LogOutputStream:75 - [STDERR_REDIRECT] [Fatal Error] :1:1: Premature end of file.
2025-11-02 15:10:22,593 [ERROR] LogOutputStream:75 - [STDERR_REDIRECT] 
2025-11-02 15:10:23,580 [ERROR] LogOutputStream:75 - [STDERR_REDIRECT] [Fatal Error] :1:1: Premature end of file.
2025-11-02 15:10:23,580 [ERROR] LogOutputStream:75 - [STDERR_REDIRECT] 
2025-11-02 15:10:24,590 [ERROR] LogOutputStream:75 - [STDERR_REDIRECT] [Fatal Error] :1:1: Premature end of file.
2025-11-02 15:10:24,590 [ERROR] LogOutputStream:75 - [STDERR_REDIRECT] 
2025-11-02 15:10:25,594 [ERROR] LogOutputStream:75 - [STDERR_REDIRECT] [Fatal Error] :1:1: Premature end of file.
2025-11-02 15:10:25,594 [ERROR] LogOutputStream:75 - [STDERR_REDIRECT] 
2025-11-02 15:10:26,581 [ERROR] LogOutputStream:75 - [STDERR_REDIRECT] [Fatal Error] :1:1: Premature end of file.
2025-11-02 15:10:26,581 [ERROR] LogOutputStream:75 - [STDERR_REDIRECT] 
2025-11-02 15:10:27,592 [ERROR] LogOutputStream:75 - [STDERR_REDIRECT] [Fatal Error] :1:1: Premature end of file.
2025-11-02 15:10:27,592 [ERROR] LogOutputStream:75 - [STDERR_REDIRECT] 
2025-11-02 15:10:28,597 [ERROR] LogOutputStream:75 - [STDERR_REDIRECT] [Fatal Error] :1:1: Premature end of file.
2025-11-02 15:10:28,597 [ERROR] LogOutputStream:75 - [STDERR_REDIRECT] 
2025-11-02 15:10:29,592 [ERROR] LogOutputStream:75 - [STDERR_REDIRECT] [Fatal Error] :1:1: Premature end of file.
2025-11-02 15:10:29,592 [ERROR] LogOutputStream:75 - [STDERR_REDIRECT] 
2025-11-02 15:10:30,587 [ERROR] LogOutputStream:75 - [STDERR_REDIRECT] [Fatal Error] :1:1: Premature end of file.
2025-11-02 15:10:30,587 [ERROR] LogOutputStream:75 - [STDERR_REDIRECT] 
2025-11-02 15:10:31,588 [ERROR] LogOutputStream:75 - [STDERR_REDIRECT] [Fatal Error] :1:1: Premature end of file.
2025-11-02 15:10:31,588 [ERROR] LogOutputStream:75 - [STDERR_REDIRECT] 
2025-11-02 15:10:32,581 [ERROR] LogOutputStream:75 - [STDERR_REDIRECT] [Fatal Error] :1:1: Premature end of file.
2025-11-02 15:10:32,581 [ERROR] LogOutputStream:75 - [STDERR_REDIRECT] 
2025-11-02 15:10:33,590 [ERROR] LogOutputStream:75 - [STDERR_REDIRECT] [Fatal Error] :1:1: Premature end of file.
2025-11-02 15:10:33,590 [ERROR] LogOutputStream:75 - [STDERR_REDIRECT] 
2025-11-02 15:10:34,595 [ERROR] LogOutputStream:75 - [STDERR_REDIRECT] [Fatal Error] :1:1: Premature end of file.
2025-11-02 15:10:34,595 [ERROR] LogOutputStream:75 - [STDERR_REDIRECT] 
2025-11-02 15:10:35,581 [ERROR] LogOutputStream:75 - [STDERR_REDIRECT] [Fatal Error] :1:1: Premature end of file.
2025-11-02 15:10:35,581 [ERROR] LogOutputStream:75 - [STDERR_REDIRECT] 
2025-11-02 15:10:36,589 [ERROR] LogOutputStream:75 - [STDERR_REDIRECT] [Fatal Error] :1:1: Premature end of file.
2025-11-02 15:10:36,590 [ERROR] LogOutputStream:75 - [STDERR_REDIRECT] 
2025-11-02 15:10:37,596 [ERROR] LogOutputStream:75 - [STDERR_REDIRECT] [Fatal Error] :1:1: Premature end of file.
2025-11-02 15:10:37,596 [ERROR] LogOutputStream:75 - [STDERR_REDIRECT] 
2025-11-02 15:10:38,584 [ERROR] LogOutputStream:75 - [STDERR_REDIRECT] [Fatal Error] :1:1: Premature end of file.
2025-11-02 15:10:38,584 [ERROR] LogOutputStream:75 - [STDERR_REDIRECT] 
2025-11-02 15:10:39,593 [ERROR] LogOutputStream:75 - [STDERR_REDIRECT] [Fatal Error] :1:1: Premature end of file.
2025-11-02 15:10:39,593 [ERROR] LogOutputStream:75 - [STDERR_REDIRECT] 
2025-11-02 15:10:40,591 [ERROR] LogOutputStream:75 - [STDERR_REDIRECT] [Fatal Error] :1:1: Premature end of file.
2025-11-02 15:10:40,591 [ERROR] LogOutputStream:75 - [STDERR_REDIRECT] 
2025-11-02 15:10:41,595 [ERROR] LogOutputStream:75 - [STDERR_REDIRECT] [Fatal Error] :1:1: Premature end of file.
2025-11-02 15:10:41,596 [ERROR] LogOutputStream:75 - [STDERR_REDIRECT] 
2025-11-02 15:10:42,596 [ERROR] LogOutputStream:75 - [STDERR_REDIRECT] [Fatal Error] :1:1: Premature end of file.
2025-11-02 15:10:42,597 [ERROR] LogOutputStream:75 - [STDERR_REDIRECT] 
2025-11-02 15:10:43,578 [ERROR] LogOutputStream:75 - [STDERR_REDIRECT] [Fatal Error] :1:1: Premature end of file.
2025-11-02 15:10:43,579 [ERROR] LogOutputStream:75 - [STDERR_REDIRECT] 
2025-11-02 15:10:44,582 [ERROR] LogOutputStream:75 - [STDERR_REDIRECT] [Fatal Error] :1:1: Premature end of file.
2025-11-02 15:10:44,582 [ERROR] LogOutputStream:75 - [STDERR_REDIRECT] 
2025-11-02 15:10:45,579 [ERROR] LogOutputStream:75 - [STDERR_REDIRECT] [Fatal Error] :1:1: Premature end of file.
2025-11-02 15:10:45,579 [ERROR] LogOutputStream:75 - [STDERR_REDIRECT] 
2025-11-02 15:10:46,588 [ERROR] LogOutputStream:75 - [STDERR_REDIRECT] [Fatal Error] :1:1: Premature end of file.
2025-11-02 15:10:46,588 [ERROR] LogOutputStream:75 - [STDERR_REDIRECT] 
2025-11-02 15:10:47,587 [ERROR] LogOutputStream:75 - [STDERR_REDIRECT] [Fatal Error] :1:1: Premature end of file.
2025-11-02 15:10:47,587 [ERROR] LogOutputStream:75 - [STDERR_REDIRECT] 
2025-11-02 15:10:48,579 [ERROR] LogOutputStream:75 - [STDERR_REDIRECT] [Fatal Error] :1:1: Premature end of file.
2025-11-02 15:10:48,579 [ERROR] LogOutputStream:75 - [STDERR_REDIRECT] 
2025-11-02 15:10:49,587 [ERROR] LogOutputStream:75 - [STDERR_REDIRECT] [Fatal Error] :1:1: Premature end of file.
2025-11-02 15:10:49,587 [ERROR] LogOutputStream:75 - [STDERR_REDIRECT] 
2025-11-02 15:10:50,584 [ERROR] LogOutputStream:75 - [STDERR_REDIRECT] [Fatal Error] :1:1: Premature end of file.
2025-11-02 15:10:50,584 [ERROR] LogOutputStream:75 - [STDERR_REDIRECT] 
2025-11-02 15:10:51,572 [ERROR] LogOutputStream:75 - [STDERR_REDIRECT] [Fatal Error] :1:1: Premature end of file.
2025-11-02 15:10:51,572 [ERROR] LogOutputStream:75 - [STDERR_REDIRECT] 
2025-11-02 15:10:52,596 [ERROR] LogOutputStream:75 - [STDERR_REDIRECT] [Fatal Error] :1:1: Premature end of file.
2025-11-02 15:10:52,597 [ERROR] LogOutputStream:75 - [STDERR_REDIRECT] 
2025-11-02 15:10:53,581 [ERROR] LogOutputStream:75 - [STDERR_REDIRECT] [Fatal Error] :1:1: Premature end of file.
2025-11-02 15:10:53,581 [ERROR] LogOutputStream:75 - [STDERR_REDIRECT] 
2025-11-02 15:10:54,600 [ERROR] LogOutputStream:75 - [STDERR_REDIRECT] [Fatal Error] :1:1: Premature end of file.
2025-11-02 15:10:54,600 [ERROR] LogOutputStream:75 - [STDERR_REDIRECT] 
2025-11-02 15:10:55,589 [ERROR] LogOutputStream:75 - [STDERR_REDIRECT] [Fatal Error] :1:1: Premature end of file.
2025-11-02 15:10:55,589 [ERROR] LogOutputStream:75 - [STDERR_REDIRECT] 
2025-11-02 15:10:56,580 [ERROR] LogOutputStream:75 - [STDERR_REDIRECT] [Fatal Error] :1:1: Premature end of file.
2025-11-02 15:10:56,580 [ERROR] LogOutputStream:75 - [STDERR_REDIRECT] 
2025-11-02 15:10:57,581 [ERROR] LogOutputStream:75 - [STDERR_REDIRECT] [Fatal Error] :1:1: Premature end of file.
2025-11-02 15:10:57,581 [ERROR] LogOutputStream:75 - [STDERR_REDIRECT] 
2025-11-02 15:10:58,593 [ERROR] LogOutputStream:75 - [STDERR_REDIRECT] [Fatal Error] :1:1: Premature end of file.
2025-11-02 15:10:58,593 [ERROR] LogOutputStream:75 - [STDERR_REDIRECT] 
2025-11-02 15:10:59,592 [ERROR] LogOutputStream:75 - [STDERR_REDIRECT] [Fatal Error] :1:1: Premature end of file.
2025-11-02 15:10:59,592 [ERROR] LogOutputStream:75 - [STDERR_REDIRECT] 
2025-11-02 15:11:00,597 [ERROR] LogOutputStream:75 - [STDERR_REDIRECT] [Fatal Error] :1:1: Premature end of file.
2025-11-02 15:11:00,597 [ERROR] LogOutputStream:75 - [STDERR_REDIRECT] 
2025-11-02 15:11:01,587 [ERROR] LogOutputStream:75 - [STDERR_REDIRECT] [Fatal Error] :1:1: Premature end of file.
2025-11-02 15:11:01,587 [ERROR] LogOutputStream:75 - [STDERR_REDIRECT] 
2025-11-02 15:11:02,589 [ERROR] LogOutputStream:75 - [STDERR_REDIRECT] [Fatal Error] :1:1: Premature end of file.
2025-11-02 15:11:02,589 [ERROR] LogOutputStream:75 - [STDERR_REDIRECT] 
2025-11-02 15:11:03,590 [ERROR] LogOutputStream:75 - [STDERR_REDIRECT] [Fatal Error] :1:1: Premature end of file.
2025-11-02 15:11:03,590 [ERROR] LogOutputStream:75 - [STDERR_REDIRECT] 
2025-11-02 15:11:04,585 [ERROR] LogOutputStream:75 - [STDERR_REDIRECT] [Fatal Error] :1:1: Premature end of file.
2025-11-02 15:11:04,585 [ERROR] LogOutputStream:75 - [STDERR_REDIRECT] 
2025-11-02 15:11:05,581 [ERROR] LogOutputStream:75 - [STDERR_REDIRECT] [Fatal Error] :1:1: Premature end of file.
2025-11-02 15:11:05,581 [ERROR] LogOutputStream:75 - [STDERR_REDIRECT] 
2025-11-02 15:11:06,595 [ERROR] LogOutputStream:75 - [STDERR_REDIRECT] [Fatal Error] :1:1: Premature end of file.
2025-11-02 15:11:06,595 [ERROR] LogOutputStream:75 - [STDERR_REDIRECT] 
2025-11-02 15:11:07,591 [ERROR] LogOutputStream:75 - [STDERR_REDIRECT] [Fatal Error] :1:1: Premature end of file.
2025-11-02 15:11:07,591 [ERROR] LogOutputStream:75 - [STDERR_REDIRECT] 
2025-11-02 15:11:08,610 [ERROR] LogOutputStream:75 - [STDERR_REDIRECT] [Fatal Error] :1:1: Premature end of file.
2025-11-02 15:11:08,610 [ERROR] LogOutputStream:75 - [STDERR_REDIRECT] 
2025-11-02 15:11:09,580 [ERROR] LogOutputStream:75 - [STDERR_REDIRECT] [Fatal Error] :1:1: Premature end of file.
2025-11-02 15:11:09,580 [ERROR] LogOutputStream:75 - [STDERR_REDIRECT] 
2025-11-02 15:11:10,588 [ERROR] LogOutputStream:75 - [STDERR_REDIRECT] [Fatal Error] :1:1: Premature end of file.
2025-11-02 15:11:10,588 [ERROR] LogOutputStream:75 - [STDERR_REDIRECT] 
2025-11-02 15:11:11,583 [ERROR] LogOutputStream:75 - [STDERR_REDIRECT] [Fatal Error] :1:1: Premature end of file.
2025-11-02 15:11:11,584 [ERROR] LogOutputStream:75 - [STDERR_REDIRECT] 
2025-11-02 15:11:12,596 [ERROR] LogOutputStream:75 - [STDERR_REDIRECT] [Fatal Error] :1:1: Premature end of file.
2025-11-02 15:11:12,596 [ERROR] LogOutputStream:75 - [STDERR_REDIRECT] 
2025-11-02 15:11:13,587 [ERROR] LogOutputStream:75 - [STDERR_REDIRECT] [Fatal Error] :1:1: Premature end of file.
2025-11-02 15:11:13,587 [ERROR] LogOutputStream:75 - [STDERR_REDIRECT] 
2025-11-02 15:11:14,587 [ERROR] LogOutputStream:75 - [STDERR_REDIRECT] [Fatal Error] :1:1: Premature end of file.
2025-11-02 15:11:14,587 [ERROR] LogOutputStream:75 - [STDERR_REDIRECT] 
2025-11-02 15:11:15,591 [ERROR] LogOutputStream:75 - [STDERR_REDIRECT] [Fatal Error] :1:1: Premature end of file.
2025-11-02 15:11:15,592 [ERROR] LogOutputStream:75 - [STDERR_REDIRECT] 
2025-11-02 15:11:16,587 [ERROR] LogOutputStream:75 - [STDERR_REDIRECT] [Fatal Error] :1:1: Premature end of file.
2025-11-02 15:11:16,587 [ERROR] LogOutputStream:75 - [STDERR_REDIRECT] 
2025-11-02 15:11:17,591 [ERROR] LogOutputStream:75 - [STDERR_REDIRECT] [Fatal Error] :1:1: Premature end of file.
2025-11-02 15:11:17,592 [ERROR] LogOutputStream:75 - [STDERR_REDIRECT] 
2025-11-02 15:11:18,590 [ERROR] LogOutputStream:75 - [STDERR_REDIRECT] [Fatal Error] :1:1: Premature end of file.
2025-11-02 15:11:18,590 [ERROR] LogOutputStream:75 - [STDERR_REDIRECT] 
2025-11-02 15:11:19,585 [ERROR] LogOutputStream:75 - [STDERR_REDIRECT] [Fatal Error] :1:1: Premature end of file.
2025-11-02 15:11:19,585 [ERROR] LogOutputStream:75 - [STDERR_REDIRECT] 
2025-11-02 15:11:20,584 [ERROR] LogOutputStream:75 - [STDERR_REDIRECT] [Fatal Error] :1:1: Premature end of file.
2025-11-02 15:11:20,584 [ERROR] LogOutputStream:75 - [STDERR_REDIRECT] 
2025-11-02 15:11:21,592 [ERROR] LogOutputStream:75 - [STDERR_REDIRECT] [Fatal Error] :1:1: Premature end of file.
2025-11-02 15:11:21,592 [ERROR] LogOutputStream:75 - [STDERR_REDIRECT] 
2025-11-02 15:11:22,595 [ERROR] LogOutputStream:75 - [STDERR_REDIRECT] [Fatal Error] :1:1: Premature end of file.
2025-11-02 15:11:22,595 [ERROR] LogOutputStream:75 - [STDERR_REDIRECT] 
2025-11-02 15:11:23,593 [ERROR] LogOutputStream:75 - [STDERR_REDIRECT] [Fatal Error] :1:1: Premature end of file.
2025-11-02 15:11:23,593 [ERROR] LogOutputStream:75 - [STDERR_REDIRECT] 
2025-11-02 15:11:24,594 [ERROR] LogOutputStream:75 - [STDERR_REDIRECT] [Fatal Error] :1:1: Premature end of file.
2025-11-02 15:11:24,594 [ERROR] LogOutputStream:75 - [STDERR_REDIRECT] 
2025-11-02 15:11:25,566 [ERROR] LogOutputStream:75 - [STDERR_REDIRECT] [Fatal Error] :1:1: Premature end of file.
2025-11-02 15:11:25,567 [ERROR] LogOutputStream:75 - [STDERR_REDIRECT] 
2025-11-02 15:18:29,010 [ERROR] LogOutputStream:75 - [STDERR_REDIRECT] [Fatal Error] :1:1: Premature end of file.
2025-11-02 15:18:29,011 [ERROR] LogOutputStream:75 - [STDERR_REDIRECT] 
2025-11-02 15:18:29,056 [ERROR] LogOutputStream:75 - [STDERR_REDIRECT] [Fatal Error] :1:1: Premature end of file.
2025-11-02 15:18:29,056 [ERROR] LogOutputStream:75 - [STDERR_REDIRECT] 
2025-11-02 15:18:29,080 [ERROR] LogOutputStream:75 - [STDERR_REDIRECT] [Fatal Error] :1:1: Premature end of file.
2025-11-02 15:18:29,080 [ERROR] LogOutputStream:75 - [STDERR_REDIRECT] 
2025-11-02 15:18:29,105 [ERROR] LogOutputStream:75 - [STDERR_REDIRECT] [Fatal Error] :1:1: Premature end of file.
2025-11-02 15:18:29,105 [ERROR] LogOutputStream:75 - [STDERR_REDIRECT] 
2025-11-02 15:18:29,140 [ERROR] LogOutputStream:75 - [STDERR_REDIRECT] [Fatal Error] :1:1: Premature end of file.
2025-11-02 15:18:29,140 [ERROR] LogOutputStream:75 - [STDERR_REDIRECT] 
2025-11-02 15:18:29,169 [ERROR] LogOutputStream:75 - [STDERR_REDIRECT] [Fatal Error] :1:1: Premature end of file.
2025-11-02 15:18:29,169 [ERROR] LogOutputStream:75 - [STDERR_REDIRECT] 
2025-11-02 15:18:29,200 [ERROR] LogOutputStream:75 - [STDERR_REDIRECT] [Fatal Error] :1:1: Premature end of file.
2025-11-02 15:18:29,201 [ERROR] LogOutputStream:75 - [STDERR_REDIRECT] 
2025-11-02 15:18:29,231 [ERROR] LogOutputStream:75 - [STDERR_REDIRECT] [Fatal Error] :1:1: Premature end of file.
2025-11-02 15:18:29,232 [ERROR] LogOutputStream:75 - [STDERR_REDIRECT] 
2025-11-02 15:18:29,256 [ERROR] LogOutputStream:75 - [STDERR_REDIRECT] [Fatal Error] :1:1: Premature end of file.
2025-11-02 15:18:29,257 [ERROR] LogOutputStream:75 - [STDERR_REDIRECT] 
2025-11-02 15:18:29,279 [ERROR] LogOutputStream:75 - [STDERR_REDIRECT] [Fatal Error] :1:1: Premature end of file.
2025-11-02 15:18:29,280 [ERROR] LogOutputStream:75 - [STDERR_REDIRECT] 
2025-11-02 15:18:29,305 [ERROR] LogOutputStream:75 - [STDERR_REDIRECT] [Fatal Error] :1:1: Premature end of file.
2025-11-02 15:18:29,305 [ERROR] LogOutputStream:75 - [STDERR_REDIRECT] 
2025-11-02 15:18:29,329 [ERROR] LogOutputStream:75 - [STDERR_REDIRECT] [Fatal Error] :1:1: Premature end of file.
2025-11-02 15:18:29,329 [ERROR] LogOutputStream:75 - [STDERR_REDIRECT] 
2025-11-02 15:18:29,356 [ERROR] LogOutputStream:75 - [STDERR_REDIRECT] [Fatal Error] :1:1: Premature end of file.
2025-11-02 15:18:29,357 [ERROR] LogOutputStream:75 - [STDERR_REDIRECT] 
2025-11-02 15:18:29,383 [ERROR] LogOutputStream:75 - [STDERR_REDIRECT] [Fatal Error] :1:1: Premature end of file.
2025-11-02 15:18:29,383 [ERROR] LogOutputStream:75 - [STDERR_REDIRECT] 
2025-11-02 15:18:29,422 [ERROR] LogOutputStream:75 - [STDERR_REDIRECT] [Fatal Error] :1:1: Premature end of file.
2025-11-02 15:18:29,422 [ERROR] LogOutputStream:75 - [STDERR_REDIRECT] 
2025-11-02 15:18:29,447 [ERROR] LogOutputStream:75 - [STDERR_REDIRECT] [Fatal Error] :1:1: Premature end of file.
2025-11-02 15:18:29,447 [ERROR] LogOutputStream:75 - [STDERR_REDIRECT] 
2025-11-02 15:18:29,472 [ERROR] LogOutputStream:75 - [STDERR_REDIRECT] [Fatal Error] :1:1: Premature end of file.
2025-11-02 15:18:29,472 [ERROR] LogOutputStream:75 - [STDERR_REDIRECT] 
2025-11-02 15:18:29,500 [ERROR] LogOutputStream:75 - [STDERR_REDIRECT] [Fatal Error] :1:1: Premature end of file.
2025-11-02 15:18:29,500 [ERROR] LogOutputStream:75 - [STDERR_REDIRECT] 
2025-11-02 15:18:29,524 [ERROR] LogOutputStream:75 - [STDERR_REDIRECT] [Fatal Error] :1:1: Premature end of file.
2025-11-02 15:18:29,525 [ERROR] LogOutputStream:75 - [STDERR_REDIRECT] 
2025-11-02 15:18:29,548 [ERROR] LogOutputStream:75 - [STDERR_REDIRECT] [Fatal Error] :1:1: Premature end of file.
2025-11-02 15:18:29,548 [ERROR] LogOutputStream:75 - [STDERR_REDIRECT] 
2025-11-02 15:18:29,574 [ERROR] LogOutputStream:75 - [STDERR_REDIRECT] [Fatal Error] :1:1: Premature end of file.
2025-11-02 15:18:29,574 [ERROR] LogOutputStream:75 - [STDERR_REDIRECT] 
2025-11-02 15:18:29,596 [ERROR] LogOutputStream:75 - [STDERR_REDIRECT] [Fatal Error] :1:1: Premature end of file.
2025-11-02 15:18:29,596 [ERROR] LogOutputStream:75 - [STDERR_REDIRECT] 
2025-11-02 15:18:29,621 [ERROR] LogOutputStream:75 - [STDERR_REDIRECT] [Fatal Error] :1:1: Premature end of file.
2025-11-02 15:18:29,621 [ERROR] LogOutputStream:75 - [STDERR_REDIRECT] 
2025-11-02 15:18:29,642 [ERROR] LogOutputStream:75 - [STDERR_REDIRECT] [Fatal Error] :1:1: Premature end of file.
2025-11-02 15:18:29,642 [ERROR] LogOutputStream:75 - [STDERR_REDIRECT] 
2025-11-02 15:18:29,665 [ERROR] LogOutputStream:75 - [STDERR_REDIRECT] [Fatal Error] :1:1: Premature end of file.
2025-11-02 15:18:29,665 [ERROR] LogOutputStream:75 - [STDERR_REDIRECT] 
2025-11-02 15:18:29,687 [ERROR] LogOutputStream:75 - [STDERR_REDIRECT] [Fatal Error] :1:1: Premature end of file.
2025-11-02 15:18:29,687 [ERROR] LogOutputStream:75 - [STDERR_REDIRECT] 
2025-11-02 15:18:29,715 [ERROR] LogOutputStream:75 - [STDERR_REDIRECT] [Fatal Error] :1:1: Premature end of file.
2025-11-02 15:18:29,715 [ERROR] LogOutputStream:75 - [STDERR_REDIRECT] 
2025-11-02 15:18:29,743 [ERROR] LogOutputStream:75 - [STDERR_REDIRECT] [Fatal Error] :1:1: Premature end of file.
2025-11-02 15:18:29,743 [ERROR] LogOutputStream:75 - [STDERR_REDIRECT] 
2025-11-02 15:18:29,776 [ERROR] LogOutputStream:75 - [STDERR_REDIRECT] [Fatal Error] :1:1: Premature end of file.
2025-11-02 15:18:29,776 [ERROR] LogOutputStream:75 - [STDERR_REDIRECT] 
2025-11-02 15:18:29,803 [ERROR] LogOutputStream:75 - [STDERR_REDIRECT] [Fatal Error] :1:1: Premature end of file.
2025-11-02 15:18:29,804 [ERROR] LogOutputStream:75 - [STDERR_REDIRECT] 
2025-11-02 15:18:29,852 [ERROR] LogOutputStream:75 - [STDERR_REDIRECT] [Fatal Error] :1:1: Premature end of file.
2025-11-02 15:18:29,852 [ERROR] LogOutputStream:75 - [STDERR_REDIRECT] 
2025-11-02 15:18:29,883 [ERROR] LogOutputStream:75 - [STDERR_REDIRECT] [Fatal Error] :1:1: Premature end of file.
2025-11-02 15:18:29,883 [ERROR] LogOutputStream:75 - [STDERR_REDIRECT] 
2025-11-02 15:18:29,913 [ERROR] LogOutputStream:75 - [STDERR_REDIRECT] [Fatal Error] :1:1: Premature end of file.
2025-11-02 15:18:29,913 [ERROR] LogOutputStream:75 - [STDERR_REDIRECT] 
2025-11-02 15:18:29,937 [ERROR] LogOutputStream:75 - [STDERR_REDIRECT] [Fatal Error] :1:1: Premature end of file.
2025-11-02 15:18:29,937 [ERROR] LogOutputStream:75 - [STDERR_REDIRECT] 
2025-11-02 15:18:29,960 [ERROR] LogOutputStream:75 - [STDERR_REDIRECT] [Fatal Error] :1:1: Premature end of file.
2025-11-02 15:18:29,960 [ERROR] LogOutputStream:75 - [STDERR_REDIRECT] 
2025-11-02 15:18:29,982 [ERROR] LogOutputStream:75 - [STDERR_REDIRECT] [Fatal Error] :1:1: Premature end of file.
2025-11-02 15:18:29,982 [ERROR] LogOutputStream:75 - [STDERR_REDIRECT] 
2025-11-02 15:18:30,002 [ERROR] LogOutputStream:75 - [STDERR_REDIRECT] [Fatal Error] :1:1: Premature end of file.
2025-11-02 15:18:30,002 [ERROR] LogOutputStream:75 - [STDERR_REDIRECT] 
2025-11-02 15:18:30,023 [ERROR] LogOutputStream:75 - [STDERR_REDIRECT] [Fatal Error] :1:1: Premature end of file.
2025-11-02 15:18:30,023 [ERROR] LogOutputStream:75 - [STDERR_REDIRECT] 
2025-11-02 15:18:30,044 [ERROR] LogOutputStream:75 - [STDERR_REDIRECT] [Fatal Error] :1:1: Premature end of file.
2025-11-02 15:18:30,044 [ERROR] LogOutputStream:75 - [STDERR_REDIRECT] 
2025-11-02 15:18:30,065 [ERROR] LogOutputStream:75 - [STDERR_REDIRECT] [Fatal Error] :1:1: Premature end of file.
2025-11-02 15:18:30,065 [ERROR] LogOutputStream:75 - [STDERR_REDIRECT] 
2025-11-02 15:18:30,087 [ERROR] LogOutputStream:75 - [STDERR_REDIRECT] [Fatal Error] :1:1: Premature end of file.
2025-11-02 15:18:30,087 [ERROR] LogOutputStream:75 - [STDERR_REDIRECT] 
2025-11-02 15:18:30,110 [ERROR] LogOutputStream:75 - [STDERR_REDIRECT] [Fatal Error] :1:1: Premature end of file.
2025-11-02 15:18:30,110 [ERROR] LogOutputStream:75 - [STDERR_REDIRECT] 
2025-11-02 15:18:30,133 [ERROR] LogOutputStream:75 - [STDERR_REDIRECT] [Fatal Error] :1:1: Premature end of file.
2025-11-02 15:18:30,133 [ERROR] LogOutputStream:75 - [STDERR_REDIRECT] 
2025-11-02 15:18:30,161 [ERROR] LogOutputStream:75 - [STDERR_REDIRECT] [Fatal Error] :1:1: Premature end of file.
2025-11-02 15:18:30,161 [ERROR] LogOutputStream:75 - [STDERR_REDIRECT] 
2025-11-02 15:18:30,184 [ERROR] LogOutputStream:75 - [STDERR_REDIRECT] [Fatal Error] :1:1: Premature end of file.
2025-11-02 15:18:30,184 [ERROR] LogOutputStream:75 - [STDERR_REDIRECT] 
2025-11-02 15:18:30,219 [ERROR] LogOutputStream:75 - [STDERR_REDIRECT] [Fatal Error] :1:1: Premature end of file.
2025-11-02 15:18:30,220 [ERROR] LogOutputStream:75 - [STDERR_REDIRECT] 
2025-11-02 15:18:30,244 [ERROR] LogOutputStream:75 - [STDERR_REDIRECT] [Fatal Error] :1:1: Premature end of file.
2025-11-02 15:18:30,244 [ERROR] LogOutputStream:75 - [STDERR_REDIRECT] 
2025-11-02 15:18:30,266 [ERROR] LogOutputStream:75 - [STDERR_REDIRECT] [Fatal Error] :1:1: Premature end of file.
2025-11-02 15:18:30,266 [ERROR] LogOutputStream:75 - [STDERR_REDIRECT] 
2025-11-02 15:18:30,289 [ERROR] LogOutputStream:75 - [STDERR_REDIRECT] [Fatal Error] :1:1: Premature end of file.
2025-11-02 15:18:30,289 [ERROR] LogOutputStream:75 - [STDERR_REDIRECT] 
2025-11-02 15:18:30,317 [ERROR] LogOutputStream:75 - [STDERR_REDIRECT] [Fatal Error] :1:1: Premature end of file.
2025-11-02 15:18:30,317 [ERROR] LogOutputStream:75 - [STDERR_REDIRECT] 
2025-11-02 15:18:30,350 [ERROR] LogOutputStream:75 - [STDERR_REDIRECT] [Fatal Error] :1:1: Premature end of file.
2025-11-02 15:18:30,350 [ERROR] LogOutputStream:75 - [STDERR_REDIRECT] 
2025-11-02 15:18:30,385 [ERROR] LogOutputStream:75 - [STDERR_REDIRECT] [Fatal Error] :1:1: Premature end of file.
2025-11-02 15:18:30,385 [ERROR] LogOutputStream:75 - [STDERR_REDIRECT] 
2025-11-02 15:18:30,412 [ERROR] LogOutputStream:75 - [STDERR_REDIRECT] [Fatal Error] :1:1: Premature end of file.
2025-11-02 15:18:30,412 [ERROR] LogOutputStream:75 - [STDERR_REDIRECT] 
2025-11-02 15:18:30,442 [ERROR] LogOutputStream:75 - [STDERR_REDIRECT] [Fatal Error] :1:1: Premature end of file.
2025-11-02 15:18:30,442 [ERROR] LogOutputStream:75 - [STDERR_REDIRECT] 
2025-11-02 15:18:30,466 [ERROR] LogOutputStream:75 - [STDERR_REDIRECT] [Fatal Error] :1:1: Premature end of file.
2025-11-02 15:18:30,467 [ERROR] LogOutputStream:75 - [STDERR_REDIRECT] 
2025-11-02 15:18:30,504 [ERROR] LogOutputStream:75 - [STDERR_REDIRECT] [Fatal Error] :1:1: Premature end of file.
2025-11-02 15:18:30,504 [ERROR] LogOutputStream:75 - [STDERR_REDIRECT] 
2025-11-02 15:18:30,538 [ERROR] LogOutputStream:75 - [STDERR_REDIRECT] [Fatal Error] :1:1: Premature end of file.
2025-11-02 15:18:30,538 [ERROR] LogOutputStream:75 - [STDERR_REDIRECT] 
2025-11-02 15:18:30,567 [ERROR] LogOutputStream:75 - [STDERR_REDIRECT] [Fatal Error] :1:1: Premature end of file.
2025-11-02 15:18:30,567 [ERROR] LogOutputStream:75 - [STDERR_REDIRECT] 
2025-11-02 15:18:30,598 [ERROR] LogOutputStream:75 - [STDERR_REDIRECT] [Fatal Error] :1:1: Premature end of file.
2025-11-02 15:18:30,598 [ERROR] LogOutputStream:75 - [STDERR_REDIRECT] 
2025-11-02 15:18:30,628 [ERROR] LogOutputStream:75 - [STDERR_REDIRECT] [Fatal Error] :1:1: Premature end of file.
2025-11-02 15:18:30,628 [ERROR] LogOutputStream:75 - [STDERR_REDIRECT] 
2025-11-02 15:18:30,660 [ERROR] LogOutputStream:75 - [STDERR_REDIRECT] [Fatal Error] :1:1: Premature end of file.
2025-11-02 15:18:30,661 [ERROR] LogOutputStream:75 - [STDERR_REDIRECT] 
2025-11-02 15:18:30,692 [ERROR] LogOutputStream:75 - [STDERR_REDIRECT] [Fatal Error] :1:1: Premature end of file.
2025-11-02 15:18:30,692 [ERROR] LogOutputStream:75 - [STDERR_REDIRECT] 
2025-11-02 15:18:30,718 [ERROR] LogOutputStream:75 - [STDERR_REDIRECT] [Fatal Error] :1:1: Premature end of file.
2025-11-02 15:18:30,718 [ERROR] LogOutputStream:75 - [STDERR_REDIRECT] 
2025-11-02 15:18:30,743 [ERROR] LogOutputStream:75 - [STDERR_REDIRECT] [Fatal Error] :1:1: Premature end of file.
2025-11-02 15:18:30,743 [ERROR] LogOutputStream:75 - [STDERR_REDIRECT] 
2025-11-02 15:18:30,769 [ERROR] LogOutputStream:75 - [STDERR_REDIRECT] [Fatal Error] :1:1: Premature end of file.
2025-11-02 15:18:30,769 [ERROR] LogOutputStream:75 - [STDERR_REDIRECT] 
2025-11-02 15:18:30,792 [ERROR] LogOutputStream:75 - [STDERR_REDIRECT] [Fatal Error] :1:1: Premature end of file.
2025-11-02 15:18:30,793 [ERROR] LogOutputStream:75 - [STDERR_REDIRECT] 
2025-11-02 15:18:30,821 [ERROR] LogOutputStream:75 - [STDERR_REDIRECT] [Fatal Error] :1:1: Premature end of file.
2025-11-02 15:18:30,821 [ERROR] LogOutputStream:75 - [STDERR_REDIRECT] 
2025-11-02 15:18:30,844 [ERROR] LogOutputStream:75 - [STDERR_REDIRECT] [Fatal Error] :1:1: Premature end of file.
2025-11-02 15:18:30,844 [ERROR] LogOutputStream:75 - [STDERR_REDIRECT] 
2025-11-02 15:18:30,869 [ERROR] LogOutputStream:75 - [STDERR_REDIRECT] [Fatal Error] :1:1: Premature end of file.
2025-11-02 15:18:30,869 [ERROR] LogOutputStream:75 - [STDERR_REDIRECT] 
2025-11-02 15:18:30,893 [ERROR] LogOutputStream:75 - [STDERR_REDIRECT] [Fatal Error] :1:1: Premature end of file.
2025-11-02 15:18:30,893 [ERROR] LogOutputStream:75 - [STDERR_REDIRECT] 
2025-11-02 15:18:30,926 [ERROR] LogOutputStream:75 - [STDERR_REDIRECT] [Fatal Error] :1:1: Premature end of file.
2025-11-02 15:18:30,926 [ERROR] LogOutputStream:75 - [STDERR_REDIRECT] 
2025-11-02 15:18:30,963 [ERROR] LogOutputStream:75 - [STDERR_REDIRECT] [Fatal Error] :1:1: Premature end of file.
2025-11-02 15:18:30,964 [ERROR] LogOutputStream:75 - [STDERR_REDIRECT] 
2025-11-02 15:18:31,001 [ERROR] LogOutputStream:75 - [STDERR_REDIRECT] [Fatal Error] :1:1: Premature end of file.
2025-11-02 15:18:31,002 [ERROR] LogOutputStream:75 - [STDERR_REDIRECT] 
2025-11-02 15:18:31,031 [ERROR] LogOutputStream:75 - [STDERR_REDIRECT] [Fatal Error] :1:1: Premature end of file.
2025-11-02 15:18:31,031 [ERROR] LogOutputStream:75 - [STDERR_REDIRECT] 
2025-11-02 15:18:31,057 [ERROR] LogOutputStream:75 - [STDERR_REDIRECT] [Fatal Error] :1:1: Premature end of file.
2025-11-02 15:18:31,057 [ERROR] LogOutputStream:75 - [STDERR_REDIRECT] 
2025-11-02 15:18:31,086 [ERROR] LogOutputStream:75 - [STDERR_REDIRECT] [Fatal Error] :1:1: Premature end of file.
2025-11-02 15:18:31,086 [ERROR] LogOutputStream:75 - [STDERR_REDIRECT] 
2025-11-02 15:18:31,114 [ERROR] LogOutputStream:75 - [STDERR_REDIRECT] [Fatal Error] :1:1: Premature end of file.
2025-11-02 15:18:31,115 [ERROR] LogOutputStream:75 - [STDERR_REDIRECT] 
2025-11-02 15:18:31,146 [ERROR] LogOutputStream:75 - [STDERR_REDIRECT] [Fatal Error] :1:1: Premature end of file.
2025-11-02 15:18:31,146 [ERROR] LogOutputStream:75 - [STDERR_REDIRECT] 
2025-11-02 15:18:31,173 [ERROR] LogOutputStream:75 - [STDERR_REDIRECT] [Fatal Error] :1:1: Premature end of file.
2025-11-02 15:18:31,173 [ERROR] LogOutputStream:75 - [STDERR_REDIRECT] 
2025-11-02 15:18:31,196 [ERROR] LogOutputStream:75 - [STDERR_REDIRECT] [Fatal Error] :1:1: Premature end of file.
2025-11-02 15:18:31,196 [ERROR] LogOutputStream:75 - [STDERR_REDIRECT] 
2025-11-02 15:18:31,227 [ERROR] LogOutputStream:75 - [STDERR_REDIRECT] [Fatal Error] :1:1: Premature end of file.
2025-11-02 15:18:31,227 [ERROR] LogOutputStream:75 - [STDERR_REDIRECT] 
2025-11-02 15:18:31,257 [ERROR] LogOutputStream:75 - [STDERR_REDIRECT] [Fatal Error] :1:1: Premature end of file.
2025-11-02 15:18:31,257 [ERROR] LogOutputStream:75 - [STDERR_REDIRECT] 
2025-11-02 15:18:31,281 [ERROR] LogOutputStream:75 - [STDERR_REDIRECT] [Fatal Error] :1:1: Premature end of file.
2025-11-02 15:18:31,281 [ERROR] LogOutputStream:75 - [STDERR_REDIRECT] 
2025-11-02 15:18:31,304 [ERROR] LogOutputStream:75 - [STDERR_REDIRECT] [Fatal Error] :1:1: Premature end of file.
2025-11-02 15:18:31,304 [ERROR] LogOutputStream:75 - [STDERR_REDIRECT] 
2025-11-02 15:18:31,336 [ERROR] LogOutputStream:75 - [STDERR_REDIRECT] [Fatal Error] :1:1: Premature end of file.
2025-11-02 15:18:31,336 [ERROR] LogOutputStream:75 - [STDERR_REDIRECT] 
2025-11-02 15:18:31,366 [ERROR] LogOutputStream:75 - [STDERR_REDIRECT] [Fatal Error] :1:1: Premature end of file.
2025-11-02 15:18:31,366 [ERROR] LogOutputStream:75 - [STDERR_REDIRECT] 
2025-11-02 15:18:31,391 [ERROR] LogOutputStream:75 - [STDERR_REDIRECT] [Fatal Error] :1:1: Premature end of file.
2025-11-02 15:18:31,391 [ERROR] LogOutputStream:75 - [STDERR_REDIRECT] 
2025-11-02 15:18:31,414 [ERROR] LogOutputStream:75 - [STDERR_REDIRECT] [Fatal Error] :1:1: Premature end of file.
2025-11-02 15:18:31,414 [ERROR] LogOutputStream:75 - [STDERR_REDIRECT] 
2025-11-02 15:18:31,449 [ERROR] LogOutputStream:75 - [STDERR_REDIRECT] [Fatal Error] :1:1: Premature end of file.
2025-11-02 15:18:31,449 [ERROR] LogOutputStream:75 - [STDERR_REDIRECT] 
2025-11-02 15:18:31,480 [ERROR] LogOutputStream:75 - [STDERR_REDIRECT] [Fatal Error] :1:1: Premature end of file.
2025-11-02 15:18:31,480 [ERROR] LogOutputStream:75 - [STDERR_REDIRECT] 
2025-11-02 15:18:31,513 [ERROR] LogOutputStream:75 - [STDERR_REDIRECT] [Fatal Error] :1:1: Premature end of file.
2025-11-02 15:18:31,513 [ERROR] LogOutputStream:75 - [STDERR_REDIRECT] 
2025-11-02 15:18:31,545 [ERROR] LogOutputStream:75 - [STDERR_REDIRECT] [Fatal Error] :1:1: Premature end of file.
2025-11-02 15:18:31,545 [ERROR] LogOutputStream:75 - [STDERR_REDIRECT] 
2025-11-02 15:18:31,573 [ERROR] LogOutputStream:75 - [STDERR_REDIRECT] [Fatal Error] :1:1: Premature end of file.
2025-11-02 15:18:31,573 [ERROR] LogOutputStream:75 - [STDERR_REDIRECT] 
2025-11-02 15:18:31,595 [ERROR] LogOutputStream:75 - [STDERR_REDIRECT] [Fatal Error] :1:1: Premature end of file.
2025-11-02 15:18:31,595 [ERROR] LogOutputStream:75 - [STDERR_REDIRECT] 
2025-11-02 15:18:31,616 [ERROR] LogOutputStream:75 - [STDERR_REDIRECT] [Fatal Error] :1:1: Premature end of file.
2025-11-02 15:18:31,616 [ERROR] LogOutputStream:75 - [STDERR_REDIRECT] 
2025-11-02 15:18:31,638 [ERROR] LogOutputStream:75 - [STDERR_REDIRECT] [Fatal Error] :1:1: Premature end of file.
2025-11-02 15:18:31,638 [ERROR] LogOutputStream:75 - [STDERR_REDIRECT] 
2025-11-02 15:18:31,660 [ERROR] LogOutputStream:75 - [STDERR_REDIRECT] [Fatal Error] :1:1: Premature end of file.
2025-11-02 15:18:31,660 [ERROR] LogOutputStream:75 - [STDERR_REDIRECT] 
2025-11-02 15:18:31,681 [ERROR] LogOutputStream:75 - [STDERR_REDIRECT] [Fatal Error] :1:1: Premature end of file.
2025-11-02 15:18:31,681 [ERROR] LogOutputStream:75 - [STDERR_REDIRECT] 
2025-11-02 15:18:31,707 [ERROR] LogOutputStream:75 - [STDERR_REDIRECT] [Fatal Error] :1:1: Premature end of file.
2025-11-02 15:18:31,707 [ERROR] LogOutputStream:75 - [STDERR_REDIRECT] 
2025-11-02 15:18:31,732 [INFO] WebApp:194 - Connection lost
2025-11-02 15:18:31,740 [ERROR] LogOutputStream:75 - [STDERR_REDIRECT] [Fatal Error] :1:1: Premature end of file.
2025-11-02 15:18:31,740 [ERROR] LogOutputStream:75 - [STDERR_REDIRECT] 
2025-11-02 15:18:31,766 [ERROR] LogOutputStream:75 - [STDERR_REDIRECT] [Fatal Error] :1:1: Premature end of file.
2025-11-02 15:18:31,766 [ERROR] LogOutputStream:75 - [STDERR_REDIRECT] 
2025-11-02 15:18:31,792 [ERROR] LogOutputStream:75 - [STDERR_REDIRECT] [Fatal Error] :1:1: Premature end of file.
2025-11-02 15:18:31,792 [ERROR] LogOutputStream:75 - [STDERR_REDIRECT] 
2025-11-02 15:18:31,817 [ERROR] LogOutputStream:75 - [STDERR_REDIRECT] [Fatal Error] :1:1: Premature end of file.
2025-11-02 15:18:31,817 [ERROR] LogOutputStream:75 - [STDERR_REDIRECT] 
2025-11-02 15:18:31,840 [ERROR] LogOutputStream:75 - [STDERR_REDIRECT] [Fatal Error] :1:1: Premature end of file.
2025-11-02 15:18:31,840 [ERROR] LogOutputStream:75 - [STDERR_REDIRECT] 
2025-11-02 15:18:31,867 [ERROR] LogOutputStream:75 - [STDERR_REDIRECT] [Fatal Error] :1:1: Premature end of file.
2025-11-02 15:18:31,867 [ERROR] LogOutputStream:75 - [STDERR_REDIRECT] 
2025-11-02 15:18:31,892 [ERROR] LogOutputStream:75 - [STDERR_REDIRECT] [Fatal Error] :1:1: Premature end of file.
2025-11-02 15:18:31,892 [ERROR] LogOutputStream:75 - [STDERR_REDIRECT] 
2025-11-02 15:18:31,921 [ERROR] LogOutputStream:75 - [STDERR_REDIRECT] [Fatal Error] :1:1: Premature end of file.
2025-11-02 15:18:31,921 [ERROR] LogOutputStream:75 - [STDERR_REDIRECT] 
2025-11-02 15:18:31,953 [ERROR] LogOutputStream:75 - [STDERR_REDIRECT] [Fatal Error] :1:1: Premature end of file.
2025-11-02 15:18:31,953 [ERROR] LogOutputStream:75 - [STDERR_REDIRECT] 
2025-11-02 15:18:31,985 [ERROR] LogOutputStream:75 - [STDERR_REDIRECT] [Fatal Error] :1:1: Premature end of file.
2025-11-02 15:18:31,985 [ERROR] LogOutputStream:75 - [STDERR_REDIRECT] 
2025-11-02 15:18:32,017 [ERROR] LogOutputStream:75 - [STDERR_REDIRECT] [Fatal Error] :1:1: Premature end of file.
2025-11-02 15:18:32,017 [ERROR] LogOutputStream:75 - [STDERR_REDIRECT] 
2025-11-02 15:18:32,048 [ERROR] LogOutputStream:75 - [STDERR_REDIRECT] [Fatal Error] :1:1: Premature end of file.
2025-11-02 15:18:32,048 [ERROR] LogOutputStream:75 - [STDERR_REDIRECT] 
2025-11-02 15:18:32,080 [ERROR] LogOutputStream:75 - [STDERR_REDIRECT] [Fatal Error] :1:1: Premature end of file.
2025-11-02 15:18:32,080 [ERROR] LogOutputStream:75 - [STDERR_REDIRECT] 
2025-11-02 15:18:32,112 [ERROR] LogOutputStream:75 - [STDERR_REDIRECT] [Fatal Error] :1:1: Premature end of file.
2025-11-02 15:18:32,112 [ERROR] LogOutputStream:75 - [STDERR_REDIRECT] 
2025-11-02 15:18:32,140 [ERROR] LogOutputStream:75 - [STDERR_REDIRECT] [Fatal Error] :1:1: Premature end of file.
2025-11-02 15:18:32,140 [ERROR] LogOutputStream:75 - [STDERR_REDIRECT] 
2025-11-02 15:18:32,172 [ERROR] LogOutputStream:75 - [STDERR_REDIRECT] [Fatal Error] :1:1: Premature end of file.
2025-11-02 15:18:32,172 [ERROR] LogOutputStream:75 - [STDERR_REDIRECT] 
2025-11-02 15:18:32,204 [ERROR] LogOutputStream:75 - [STDERR_REDIRECT] [Fatal Error] :1:1: Premature end of file.
2025-11-02 15:18:32,204 [ERROR] LogOutputStream:75 - [STDERR_REDIRECT] 
2025-11-02 15:18:32,234 [ERROR] LogOutputStream:75 - [STDERR_REDIRECT] [Fatal Error] :1:1: Premature end of file.
2025-11-02 15:18:32,234 [ERROR] LogOutputStream:75 - [STDERR_REDIRECT] 
2025-11-02 15:18:32,269 [ERROR] LogOutputStream:75 - [STDERR_REDIRECT] [Fatal Error] :1:1: Premature end of file.
2025-11-02 15:18:32,269 [ERROR] LogOutputStream:75 - [STDERR_REDIRECT] 
2025-11-02 15:18:32,302 [ERROR] LogOutputStream:75 - [STDERR_REDIRECT] [Fatal Error] :1:1: Premature end of file.
2025-11-02 15:18:32,302 [ERROR] LogOutputStream:75 - [STDERR_REDIRECT] 
2025-11-02 15:18:32,335 [ERROR] LogOutputStream:75 - [STDERR_REDIRECT] [Fatal Error] :1:1: Premature end of file.
2025-11-02 15:18:32,336 [ERROR] LogOutputStream:75 - [STDERR_REDIRECT] 
2025-11-02 15:18:32,360 [ERROR] LogOutputStream:75 - [STDERR_REDIRECT] [Fatal Error] :1:1: Premature end of file.
2025-11-02 15:18:32,360 [ERROR] LogOutputStream:75 - [STDERR_REDIRECT] 
2025-11-02 15:18:32,384 [ERROR] LogOutputStream:75 - [STDERR_REDIRECT] [Fatal Error] :1:1: Premature end of file.
2025-11-02 15:18:32,384 [ERROR] LogOutputStream:75 - [STDERR_REDIRECT] 
2025-11-02 15:18:32,411 [ERROR] LogOutputStream:75 - [STDERR_REDIRECT] [Fatal Error] :1:1: Premature end of file.
2025-11-02 15:18:32,412 [ERROR] LogOutputStream:75 - [STDERR_REDIRECT] 
2025-11-02 15:18:32,440 [ERROR] LogOutputStream:75 - [STDERR_REDIRECT] [Fatal Error] :1:1: Premature end of file.
2025-11-02 15:18:32,440 [ERROR] LogOutputStream:75 - [STDERR_REDIRECT] 
2025-11-02 15:18:32,466 [ERROR] LogOutputStream:75 - [STDERR_REDIRECT] [Fatal Error] :1:1: Premature end of file.
2025-11-02 15:18:32,466 [ERROR] LogOutputStream:75 - [STDERR_REDIRECT] 
2025-11-02 15:18:32,499 [ERROR] LogOutputStream:75 - [STDERR_REDIRECT] [Fatal Error] :1:1: Premature end of file.
2025-11-02 15:18:32,499 [ERROR] LogOutputStream:75 - [STDERR_REDIRECT] 
2025-11-02 15:18:32,525 [ERROR] LogOutputStream:75 - [STDERR_REDIRECT] [Fatal Error] :1:1: Premature end of file.
2025-11-02 15:18:32,525 [ERROR] LogOutputStream:75 - [STDERR_REDIRECT] 
2025-11-02 15:18:32,554 [ERROR] LogOutputStream:75 - [STDERR_REDIRECT] [Fatal Error] :1:1: Premature end of file.
2025-11-02 15:18:32,555 [ERROR] LogOutputStream:75 - [STDERR_REDIRECT] 
2025-11-02 15:18:32,582 [ERROR] LogOutputStream:75 - [STDERR_REDIRECT] [Fatal Error] :1:1: Premature end of file.
2025-11-02 15:18:32,582 [ERROR] LogOutputStream:75 - [STDERR_REDIRECT] 
2025-11-02 15:18:32,612 [ERROR] LogOutputStream:75 - [STDERR_REDIRECT] [Fatal Error] :1:1: Premature end of file.
2025-11-02 15:18:32,612 [ERROR] LogOutputStream:75 - [STDERR_REDIRECT] 
2025-11-02 15:18:32,642 [ERROR] LogOutputStream:75 - [STDERR_REDIRECT] [Fatal Error] :1:1: Premature end of file.
2025-11-02 15:18:32,642 [ERROR] LogOutputStream:75 - [STDERR_REDIRECT] 
2025-11-02 15:18:32,667 [ERROR] LogOutputStream:75 - [STDERR_REDIRECT] [Fatal Error] :1:1: Premature end of file.
2025-11-02 15:18:32,667 [ERROR] LogOutputStream:75 - [STDERR_REDIRECT] 
2025-11-02 15:18:32,692 [ERROR] LogOutputStream:75 - [STDERR_REDIRECT] [Fatal Error] :1:1: Premature end of file.
2025-11-02 15:18:32,692 [ERROR] LogOutputStream:75 - [STDERR_REDIRECT] 
2025-11-02 15:18:32,723 [ERROR] LogOutputStream:75 - [STDERR_REDIRECT] [Fatal Error] :1:1: Premature end of file.
2025-11-02 15:18:32,723 [ERROR] LogOutputStream:75 - [STDERR_REDIRECT] 
2025-11-02 15:18:32,752 [ERROR] LogOutputStream:75 - [STDERR_REDIRECT] [Fatal Error] :1:1: Premature end of file.
2025-11-02 15:18:32,752 [ERROR] LogOutputStream:75 - [STDERR_REDIRECT] 
2025-11-02 15:18:32,785 [ERROR] LogOutputStream:75 - [STDERR_REDIRECT] [Fatal Error] :1:1: Premature end of file.
2025-11-02 15:18:32,785 [ERROR] LogOutputStream:75 - [STDERR_REDIRECT] 
2025-11-02 15:18:32,817 [ERROR] LogOutputStream:75 - [STDERR_REDIRECT] [Fatal Error] :1:1: Premature end of file.
2025-11-02 15:18:32,817 [ERROR] LogOutputStream:75 - [STDERR_REDIRECT] 
2025-11-02 15:18:32,845 [ERROR] LogOutputStream:75 - [STDERR_REDIRECT] [Fatal Error] :1:1: Premature end of file.
2025-11-02 15:18:32,845 [ERROR] LogOutputStream:75 - [STDERR_REDIRECT] 
2025-11-02 15:18:32,872 [ERROR] LogOutputStream:75 - [STDERR_REDIRECT] [Fatal Error] :1:1: Premature end of file.
2025-11-02 15:18:32,872 [ERROR] LogOutputStream:75 - [STDERR_REDIRECT] 
2025-11-02 15:18:32,898 [ERROR] LogOutputStream:75 - [STDERR_REDIRECT] [Fatal Error] :1:1: Premature end of file.
2025-11-02 15:18:32,899 [ERROR] LogOutputStream:75 - [STDERR_REDIRECT] 
2025-11-02 15:18:32,929 [ERROR] LogOutputStream:75 - [STDERR_REDIRECT] [Fatal Error] :1:1: Premature end of file.
2025-11-02 15:18:32,929 [ERROR] LogOutputStream:75 - [STDERR_REDIRECT] 
2025-11-02 15:18:32,960 [ERROR] LogOutputStream:75 - [STDERR_REDIRECT] [Fatal Error] :1:1: Premature end of file.
2025-11-02 15:18:32,960 [ERROR] LogOutputStream:75 - [STDERR_REDIRECT] 
2025-11-02 15:18:32,992 [ERROR] LogOutputStream:75 - [STDERR_REDIRECT] [Fatal Error] :1:1: Premature end of file.
2025-11-02 15:18:32,992 [ERROR] LogOutputStream:75 - [STDERR_REDIRECT] 
2025-11-02 15:18:33,020 [ERROR] LogOutputStream:75 - [STDERR_REDIRECT] [Fatal Error] :1:1: Premature end of file.
2025-11-02 15:18:33,020 [ERROR] LogOutputStream:75 - [STDERR_REDIRECT] 
2025-11-02 15:18:33,050 [ERROR] LogOutputStream:75 - [STDERR_REDIRECT] [Fatal Error] :1:1: Premature end of file.
2025-11-02 15:18:33,050 [ERROR] LogOutputStream:75 - [STDERR_REDIRECT] 
2025-11-02 15:18:33,081 [ERROR] LogOutputStream:75 - [STDERR_REDIRECT] [Fatal Error] :1:1: Premature end of file.
2025-11-02 15:18:33,081 [ERROR] LogOutputStream:75 - [STDERR_REDIRECT] 
2025-11-02 15:18:33,106 [ERROR] LogOutputStream:75 - [STDERR_REDIRECT] [Fatal Error] :1:1: Premature end of file.
2025-11-02 15:18:33,106 [ERROR] LogOutputStream:75 - [STDERR_REDIRECT] 
2025-11-02 15:18:33,131 [ERROR] LogOutputStream:75 - [STDERR_REDIRECT] [Fatal Error] :1:1: Premature end of file.
2025-11-02 15:18:33,131 [ERROR] LogOutputStream:75 - [STDERR_REDIRECT] 
2025-11-02 15:18:33,157 [ERROR] LogOutputStream:75 - [STDERR_REDIRECT] [Fatal Error] :1:1: Premature end of file.
2025-11-02 15:18:33,157 [ERROR] LogOutputStream:75 - [STDERR_REDIRECT] 
2025-11-02 15:18:33,189 [ERROR] LogOutputStream:75 - [STDERR_REDIRECT] [Fatal Error] :1:1: Premature end of file.
2025-11-02 15:18:33,190 [ERROR] LogOutputStream:75 - [STDERR_REDIRECT] 
2025-11-02 15:18:33,224 [ERROR] LogOutputStream:75 - [STDERR_REDIRECT] [Fatal Error] :1:1: Premature end of file.
2025-11-02 15:18:33,225 [ERROR] LogOutputStream:75 - [STDERR_REDIRECT] 
2025-11-02 15:18:33,247 [ERROR] LogOutputStream:75 - [STDERR_REDIRECT] [Fatal Error] :1:1: Premature end of file.
2025-11-02 15:18:33,247 [ERROR] LogOutputStream:75 - [STDERR_REDIRECT] 
2025-11-02 15:18:33,269 [ERROR] LogOutputStream:75 - [STDERR_REDIRECT] [Fatal Error] :1:1: Premature end of file.
2025-11-02 15:18:33,269 [ERROR] LogOutputStream:75 - [STDERR_REDIRECT] 
2025-11-02 15:18:33,290 [ERROR] LogOutputStream:75 - [STDERR_REDIRECT] [Fatal Error] :1:1: Premature end of file.
2025-11-02 15:18:33,290 [ERROR] LogOutputStream:75 - [STDERR_REDIRECT] 
2025-11-02 15:18:33,317 [ERROR] LogOutputStream:75 - [STDERR_REDIRECT] [Fatal Error] :1:1: Premature end of file.
2025-11-02 15:18:33,317 [ERROR] LogOutputStream:75 - [STDERR_REDIRECT] 
2025-11-02 15:18:33,341 [ERROR] LogOutputStream:75 - [STDERR_REDIRECT] [Fatal Error] :1:1: Premature end of file.
2025-11-02 15:18:33,341 [ERROR] LogOutputStream:75 - [STDERR_REDIRECT] 
2025-11-02 15:18:33,365 [ERROR] LogOutputStream:75 - [STDERR_REDIRECT] [Fatal Error] :1:1: Premature end of file.
2025-11-02 15:18:33,365 [ERROR] LogOutputStream:75 - [STDERR_REDIRECT] 
2025-11-02 15:18:33,395 [ERROR] LogOutputStream:75 - [STDERR_REDIRECT] [Fatal Error] :1:1: Premature end of file.
2025-11-02 15:18:33,395 [ERROR] LogOutputStream:75 - [STDERR_REDIRECT] 
2025-11-02 15:18:33,431 [ERROR] LogOutputStream:75 - [STDERR_REDIRECT] [Fatal Error] :1:1: Premature end of file.
2025-11-02 15:18:33,431 [ERROR] LogOutputStream:75 - [STDERR_REDIRECT] 
2025-11-02 15:18:33,462 [ERROR] LogOutputStream:75 - [STDERR_REDIRECT] [Fatal Error] :1:1: Premature end of file.
2025-11-02 15:18:33,463 [ERROR] LogOutputStream:75 - [STDERR_REDIRECT] 
2025-11-02 15:18:33,492 [ERROR] LogOutputStream:75 - [STDERR_REDIRECT] [Fatal Error] :1:1: Premature end of file.
2025-11-02 15:18:33,492 [ERROR] LogOutputStream:75 - [STDERR_REDIRECT] 
2025-11-02 15:18:33,515 [ERROR] LogOutputStream:75 - [STDERR_REDIRECT] [Fatal Error] :1:1: Premature end of file.
2025-11-02 15:18:33,516 [ERROR] LogOutputStream:75 - [STDERR_REDIRECT] 
2025-11-02 15:18:33,540 [ERROR] LogOutputStream:75 - [STDERR_REDIRECT] [Fatal Error] :1:1: Premature end of file.
2025-11-02 15:18:33,540 [ERROR] LogOutputStream:75 - [STDERR_REDIRECT] 
2025-11-02 15:18:33,568 [ERROR] LogOutputStream:75 - [STDERR_REDIRECT] [Fatal Error] :1:1: Premature end of file.
2025-11-02 15:18:33,568 [ERROR] LogOutputStream:75 - [STDERR_REDIRECT] 
2025-11-02 15:18:33,604 [ERROR] LogOutputStream:75 - [STDERR_REDIRECT] [Fatal Error] :1:1: Premature end of file.
2025-11-02 15:18:33,604 [ERROR] LogOutputStream:75 - [STDERR_REDIRECT] 
2025-11-02 15:18:33,638 [ERROR] LogOutputStream:75 - [STDERR_REDIRECT] [Fatal Error] :1:1: Premature end of file.
2025-11-02 15:18:33,638 [ERROR] LogOutputStream:75 - [STDERR_REDIRECT] 
2025-11-02 15:18:33,671 [ERROR] LogOutputStream:75 - [STDERR_REDIRECT] [Fatal Error] :1:1: Premature end of file.
2025-11-02 15:18:33,672 [ERROR] LogOutputStream:75 - [STDERR_REDIRECT] 
2025-11-02 15:18:33,696 [ERROR] LogOutputStream:75 - [STDERR_REDIRECT] [Fatal Error] :1:1: Premature end of file.
2025-11-02 15:18:33,696 [ERROR] LogOutputStream:75 - [STDERR_REDIRECT] 
2025-11-02 15:18:33,717 [ERROR] LogOutputStream:75 - [STDERR_REDIRECT] [Fatal Error] :1:1: Premature end of file.
2025-11-02 15:18:33,717 [ERROR] LogOutputStream:75 - [STDERR_REDIRECT] 
2025-11-02 15:18:33,739 [ERROR] LogOutputStream:75 - [STDERR_REDIRECT] [Fatal Error] :1:1: Premature end of file.
2025-11-02 15:18:33,739 [ERROR] LogOutputStream:75 - [STDERR_REDIRECT] 
2025-11-02 15:18:33,763 [ERROR] LogOutputStream:75 - [STDERR_REDIRECT] [Fatal Error] :1:1: Premature end of file.
2025-11-02 15:18:33,763 [ERROR] LogOutputStream:75 - [STDERR_REDIRECT] 
2025-11-02 15:18:33,784 [ERROR] LogOutputStream:75 - [STDERR_REDIRECT] [Fatal Error] :1:1: Premature end of file.
2025-11-02 15:18:33,784 [ERROR] LogOutputStream:75 - [STDERR_REDIRECT] 
2025-11-02 15:18:33,809 [ERROR] LogOutputStream:75 - [STDERR_REDIRECT] [Fatal Error] :1:1: Premature end of file.
2025-11-02 15:18:33,809 [ERROR] LogOutputStream:75 - [STDERR_REDIRECT] 
2025-11-02 15:18:33,826 [INFO] WebApp:191 - Connection restablished
2025-11-02 15:18:33,837 [ERROR] LogOutputStream:75 - [STDERR_REDIRECT] [Fatal Error] :1:1: Premature end of file.
2025-11-02 15:18:33,837 [ERROR] LogOutputStream:75 - [STDERR_REDIRECT] 
2025-11-02 15:18:33,864 [ERROR] LogOutputStream:75 - [STDERR_REDIRECT] [Fatal Error] :1:1: Premature end of file.
2025-11-02 15:18:33,864 [ERROR] LogOutputStream:75 - [STDERR_REDIRECT] 
2025-11-02 15:18:33,894 [ERROR] LogOutputStream:75 - [STDERR_REDIRECT] [Fatal Error] :1:1: Premature end of file.
2025-11-02 15:18:33,894 [ERROR] LogOutputStream:75 - [STDERR_REDIRECT] 
2025-11-02 15:18:33,926 [ERROR] LogOutputStream:75 - [STDERR_REDIRECT] [Fatal Error] :1:1: Premature end of file.
2025-11-02 15:18:33,926 [ERROR] LogOutputStream:75 - [STDERR_REDIRECT] 
2025-11-02 15:18:33,957 [ERROR] LogOutputStream:75 - [STDERR_REDIRECT] [Fatal Error] :1:1: Premature end of file.
2025-11-02 15:18:33,957 [ERROR] LogOutputStream:75 - [STDERR_REDIRECT] 
2025-11-02 15:18:33,992 [ERROR] LogOutputStream:75 - [STDERR_REDIRECT] [Fatal Error] :1:1: Premature end of file.
2025-11-02 15:18:33,993 [ERROR] LogOutputStream:75 - [STDERR_REDIRECT] 
2025-11-02 15:18:34,025 [ERROR] LogOutputStream:75 - [STDERR_REDIRECT] [Fatal Error] :1:1: Premature end of file.
2025-11-02 15:18:34,025 [ERROR] LogOutputStream:75 - [STDERR_REDIRECT] 
2025-11-02 15:18:34,050 [ERROR] LogOutputStream:75 - [STDERR_REDIRECT] [Fatal Error] :1:1: Premature end of file.
2025-11-02 15:18:34,050 [ERROR] LogOutputStream:75 - [STDERR_REDIRECT] 
2025-11-02 15:18:34,074 [ERROR] LogOutputStream:75 - [STDERR_REDIRECT] [Fatal Error] :1:1: Premature end of file.
2025-11-02 15:18:34,074 [ERROR] LogOutputStream:75 - [STDERR_REDIRECT] 
2025-11-02 15:18:34,095 [ERROR] LogOutputStream:75 - [STDERR_REDIRECT] [Fatal Error] :1:1: Premature end of file.
2025-11-02 15:18:34,095 [ERROR] LogOutputStream:75 - [STDERR_REDIRECT] 
2025-11-02 15:18:34,119 [ERROR] LogOutputStream:75 - [STDERR_REDIRECT] [Fatal Error] :1:1: Premature end of file.
2025-11-02 15:18:34,119 [ERROR] LogOutputStream:75 - [STDERR_REDIRECT] 
2025-11-02 15:18:34,143 [ERROR] LogOutputStream:75 - [STDERR_REDIRECT] [Fatal Error] :1:1: Premature end of file.
2025-11-02 15:18:34,143 [ERROR] LogOutputStream:75 - [STDERR_REDIRECT] 
2025-11-02 15:18:34,164 [ERROR] LogOutputStream:75 - [STDERR_REDIRECT] [Fatal Error] :1:1: Premature end of file.
2025-11-02 15:18:34,165 [ERROR] LogOutputStream:75 - [STDERR_REDIRECT] 
2025-11-02 15:18:34,191 [ERROR] LogOutputStream:75 - [STDERR_REDIRECT] [Fatal Error] :1:1: Premature end of file.
2025-11-02 15:18:34,191 [ERROR] LogOutputStream:75 - [STDERR_REDIRECT] 
2025-11-02 15:18:34,213 [ERROR] LogOutputStream:75 - [STDERR_REDIRECT] [Fatal Error] :1:1: Premature end of file.
2025-11-02 15:18:34,213 [ERROR] LogOutputStream:75 - [STDERR_REDIRECT] 
2025-11-02 15:18:34,240 [ERROR] LogOutputStream:75 - [STDERR_REDIRECT] [Fatal Error] :1:1: Premature end of file.
2025-11-02 15:18:34,240 [ERROR] LogOutputStream:75 - [STDERR_REDIRECT] 
2025-11-02 15:18:34,270 [ERROR] LogOutputStream:75 - [STDERR_REDIRECT] [Fatal Error] :1:1: Premature end of file.
2025-11-02 15:18:34,270 [ERROR] LogOutputStream:75 - [STDERR_REDIRECT] 
2025-11-02 15:18:34,298 [ERROR] LogOutputStream:75 - [STDERR_REDIRECT] [Fatal Error] :1:1: Premature end of file.
2025-11-02 15:18:34,298 [ERROR] LogOutputStream:75 - [STDERR_REDIRECT] 
2025-11-02 15:18:34,321 [ERROR] LogOutputStream:75 - [STDERR_REDIRECT] [Fatal Error] :1:1: Premature end of file.
2025-11-02 15:18:34,321 [ERROR] LogOutputStream:75 - [STDERR_REDIRECT] 
2025-11-02 15:18:34,344 [ERROR] LogOutputStream:75 - [STDERR_REDIRECT] [Fatal Error] :1:1: Premature end of file.
2025-11-02 15:18:34,344 [ERROR] LogOutputStream:75 - [STDERR_REDIRECT] 
2025-11-02 15:18:34,371 [ERROR] LogOutputStream:75 - [STDERR_REDIRECT] [Fatal Error] :1:1: Premature end of file.
2025-11-02 15:18:34,371 [ERROR] LogOutputStream:75 - [STDERR_REDIRECT] 
2025-11-02 15:18:34,403 [ERROR] LogOutputStream:75 - [STDERR_REDIRECT] [Fatal Error] :1:1: Premature end of file.
2025-11-02 15:18:34,403 [ERROR] LogOutputStream:75 - [STDERR_REDIRECT] 
2025-11-02 15:18:34,434 [ERROR] LogOutputStream:75 - [STDERR_REDIRECT] [Fatal Error] :1:1: Premature end of file.
2025-11-02 15:18:34,434 [ERROR] LogOutputStream:75 - [STDERR_REDIRECT] 
2025-11-02 15:18:34,459 [ERROR] LogOutputStream:75 - [STDERR_REDIRECT] [Fatal Error] :1:1: Premature end of file.
2025-11-02 15:18:34,460 [ERROR] LogOutputStream:75 - [STDERR_REDIRECT] 
2025-11-02 15:18:34,486 [ERROR] LogOutputStream:75 - [STDERR_REDIRECT] [Fatal Error] :1:1: Premature end of file.
2025-11-02 15:18:34,486 [ERROR] LogOutputStream:75 - [STDERR_REDIRECT] 
2025-11-02 15:18:34,520 [ERROR] LogOutputStream:75 - [STDERR_REDIRECT] [Fatal Error] :1:1: Premature end of file.
2025-11-02 15:18:34,520 [ERROR] LogOutputStream:75 - [STDERR_REDIRECT] 
2025-11-02 15:18:34,562 [ERROR] LogOutputStream:75 - [STDERR_REDIRECT] [Fatal Error] :1:1: Premature end of file.
2025-11-02 15:18:34,562 [ERROR] LogOutputStream:75 - [STDERR_REDIRECT] 
2025-11-02 15:18:34,590 [ERROR] LogOutputStream:75 - [STDERR_REDIRECT] [Fatal Error] :1:1: Premature end of file.
2025-11-02 15:18:34,591 [ERROR] LogOutputStream:75 - [STDERR_REDIRECT] 
2025-11-02 15:18:34,620 [ERROR] LogOutputStream:75 - [STDERR_REDIRECT] [Fatal Error] :1:1: Premature end of file.
2025-11-02 15:18:34,620 [ERROR] LogOutputStream:75 - [STDERR_REDIRECT] 
2025-11-02 15:18:34,645 [ERROR] LogOutputStream:75 - [STDERR_REDIRECT] [Fatal Error] :1:1: Premature end of file.
2025-11-02 15:18:34,645 [ERROR] LogOutputStream:75 - [STDERR_REDIRECT] 
2025-11-02 15:18:34,680 [ERROR] LogOutputStream:75 - [STDERR_REDIRECT] [Fatal Error] :1:1: Premature end of file.
2025-11-02 15:18:34,680 [ERROR] LogOutputStream:75 - [STDERR_REDIRECT] 
2025-11-02 15:18:34,716 [ERROR] LogOutputStream:75 - [STDERR_REDIRECT] [Fatal Error] :1:1: Premature end of file.
2025-11-02 15:18:34,716 [ERROR] LogOutputStream:75 - [STDERR_REDIRECT] 
2025-11-02 15:18:34,745 [ERROR] LogOutputStream:75 - [STDERR_REDIRECT] [Fatal Error] :1:1: Premature end of file.
2025-11-02 15:18:34,746 [ERROR] LogOutputStream:75 - [STDERR_REDIRECT] 
2025-11-02 15:18:34,768 [ERROR] LogOutputStream:75 - [STDERR_REDIRECT] [Fatal Error] :1:1: Premature end of file.
2025-11-02 15:18:34,768 [ERROR] LogOutputStream:75 - [STDERR_REDIRECT] 
2025-11-02 15:18:34,788 [ERROR] LogOutputStream:75 - [STDERR_REDIRECT] [Fatal Error] :1:1: Premature end of file.
2025-11-02 15:18:34,788 [ERROR] LogOutputStream:75 - [STDERR_REDIRECT] 
2025-11-02 15:18:34,811 [ERROR] LogOutputStream:75 - [STDERR_REDIRECT] [Fatal Error] :1:1: Premature end of file.
2025-11-02 15:18:34,811 [ERROR] LogOutputStream:75 - [STDERR_REDIRECT] 
2025-11-02 15:18:34,834 [ERROR] LogOutputStream:75 - [STDERR_REDIRECT] [Fatal Error] :1:1: Premature end of file.
2025-11-02 15:18:34,834 [ERROR] LogOutputStream:75 - [STDERR_REDIRECT] 
2025-11-02 15:18:34,856 [ERROR] LogOutputStream:75 - [STDERR_REDIRECT] [Fatal Error] :1:1: Premature end of file.
2025-11-02 15:18:34,856 [ERROR] LogOutputStream:75 - [STDERR_REDIRECT] 
2025-11-02 15:18:34,898 [ERROR] LogOutputStream:75 - [STDERR_REDIRECT] [Fatal Error] :1:1: Premature end of file.
2025-11-02 15:18:34,899 [ERROR] LogOutputStream:75 - [STDERR_REDIRECT] 
2025-11-02 15:18:34,940 [ERROR] LogOutputStream:75 - [STDERR_REDIRECT] [Fatal Error] :1:1: Premature end of file.
2025-11-02 15:18:34,940 [ERROR] LogOutputStream:75 - [STDERR_REDIRECT] 
2025-11-02 15:18:34,971 [ERROR] LogOutputStream:75 - [STDERR_REDIRECT] [Fatal Error] :1:1: Premature end of file.
2025-11-02 15:18:34,971 [ERROR] LogOutputStream:75 - [STDERR_REDIRECT] 
2025-11-02 15:18:34,996 [ERROR] LogOutputStream:75 - [STDERR_REDIRECT] [Fatal Error] :1:1: Premature end of file.
2025-11-02 15:18:34,996 [ERROR] LogOutputStream:75 - [STDERR_REDIRECT] 
2025-11-02 15:18:35,021 [ERROR] LogOutputStream:75 - [STDERR_REDIRECT] [Fatal Error] :1:1: Premature end of file.
2025-11-02 15:18:35,022 [ERROR] LogOutputStream:75 - [STDERR_REDIRECT] 
2025-11-02 15:18:35,055 [ERROR] LogOutputStream:75 - [STDERR_REDIRECT] [Fatal Error] :1:1: Premature end of file.
2025-11-02 15:18:35,055 [ERROR] LogOutputStream:75 - [STDERR_REDIRECT] 
2025-11-02 15:18:35,107 [ERROR] LogOutputStream:75 - [STDERR_REDIRECT] [Fatal Error] :1:1: Premature end of file.
2025-11-02 15:18:35,107 [ERROR] LogOutputStream:75 - [STDERR_REDIRECT] 
2025-11-02 15:18:35,140 [ERROR] LogOutputStream:75 - [STDERR_REDIRECT] [Fatal Error] :1:1: Premature end of file.
2025-11-02 15:18:35,140 [ERROR] LogOutputStream:75 - [STDERR_REDIRECT] 
2025-11-02 15:18:35,174 [ERROR] LogOutputStream:75 - [STDERR_REDIRECT] [Fatal Error] :1:1: Premature end of file.
2025-11-02 15:18:35,174 [ERROR] LogOutputStream:75 - [STDERR_REDIRECT] 
2025-11-02 15:18:35,209 [ERROR] LogOutputStream:75 - [STDERR_REDIRECT] [Fatal Error] :1:1: Premature end of file.
2025-11-02 15:18:35,209 [ERROR] LogOutputStream:75 - [STDERR_REDIRECT] 
2025-11-02 15:18:35,240 [ERROR] LogOutputStream:75 - [STDERR_REDIRECT] [Fatal Error] :1:1: Premature end of file.
2025-11-02 15:18:35,240 [ERROR] LogOutputStream:75 - [STDERR_REDIRECT] 
2025-11-02 15:18:35,274 [ERROR] LogOutputStream:75 - [STDERR_REDIRECT] [Fatal Error] :1:1: Premature end of file.
2025-11-02 15:18:35,274 [ERROR] LogOutputStream:75 - [STDERR_REDIRECT] 
2025-11-02 15:18:35,302 [ERROR] LogOutputStream:75 - [STDERR_REDIRECT] [Fatal Error] :1:1: Premature end of file.
2025-11-02 15:18:35,302 [ERROR] LogOutputStream:75 - [STDERR_REDIRECT] 
2025-11-02 15:18:35,330 [ERROR] LogOutputStream:75 - [STDERR_REDIRECT] [Fatal Error] :1:1: Premature end of file.
2025-11-02 15:18:35,330 [ERROR] LogOutputStream:75 - [STDERR_REDIRECT] 
2025-11-02 15:18:35,362 [ERROR] LogOutputStream:75 - [STDERR_REDIRECT] [Fatal Error] :1:1: Premature end of file.
2025-11-02 15:18:35,362 [ERROR] LogOutputStream:75 - [STDERR_REDIRECT] 
2025-11-02 15:18:35,395 [ERROR] LogOutputStream:75 - [STDERR_REDIRECT] [Fatal Error] :1:1: Premature end of file.
2025-11-02 15:18:35,395 [ERROR] LogOutputStream:75 - [STDERR_REDIRECT] 
2025-11-02 15:18:35,426 [ERROR] LogOutputStream:75 - [STDERR_REDIRECT] [Fatal Error] :1:1: Premature end of file.
2025-11-02 15:18:35,426 [ERROR] LogOutputStream:75 - [STDERR_REDIRECT] 
2025-11-02 15:18:35,448 [ERROR] LogOutputStream:75 - [STDERR_REDIRECT] [Fatal Error] :1:1: Premature end of file.
2025-11-02 15:18:35,448 [ERROR] LogOutputStream:75 - [STDERR_REDIRECT] 
2025-11-02 15:18:35,473 [ERROR] LogOutputStream:75 - [STDERR_REDIRECT] [Fatal Error] :1:1: Premature end of file.
2025-11-02 15:18:35,473 [ERROR] LogOutputStream:75 - [STDERR_REDIRECT] 
2025-11-02 15:18:35,503 [ERROR] LogOutputStream:75 - [STDERR_REDIRECT] [Fatal Error] :1:1: Premature end of file.
2025-11-02 15:18:35,503 [ERROR] LogOutputStream:75 - [STDERR_REDIRECT] 
2025-11-02 15:18:35,529 [ERROR] LogOutputStream:75 - [STDERR_REDIRECT] [Fatal Error] :1:1: Premature end of file.
2025-11-02 15:18:35,529 [ERROR] LogOutputStream:75 - [STDERR_REDIRECT] 
2025-11-02 15:18:35,554 [ERROR] LogOutputStream:75 - [STDERR_REDIRECT] [Fatal Error] :1:1: Premature end of file.
2025-11-02 15:18:35,554 [ERROR] LogOutputStream:75 - [STDERR_REDIRECT] 
2025-11-02 15:18:35,582 [ERROR] LogOutputStream:75 - [STDERR_REDIRECT] [Fatal Error] :1:1: Premature end of file.
2025-11-02 15:18:35,582 [ERROR] LogOutputStream:75 - [STDERR_REDIRECT] 
2025-11-02 15:18:35,603 [ERROR] LogOutputStream:75 - [STDERR_REDIRECT] [Fatal Error] :1:1: Premature end of file.
2025-11-02 15:18:35,603 [ERROR] LogOutputStream:75 - [STDERR_REDIRECT] 
2025-11-02 15:18:35,630 [ERROR] LogOutputStream:75 - [STDERR_REDIRECT] [Fatal Error] :1:1: Premature end of file.
2025-11-02 15:18:35,630 [ERROR] LogOutputStream:75 - [STDERR_REDIRECT] 
2025-11-02 15:18:35,657 [ERROR] LogOutputStream:75 - [STDERR_REDIRECT] [Fatal Error] :1:1: Premature end of file.
2025-11-02 15:18:35,658 [ERROR] LogOutputStream:75 - [STDERR_REDIRECT] 
2025-11-02 15:18:35,685 [ERROR] LogOutputStream:75 - [STDERR_REDIRECT] [Fatal Error] :1:1: Premature end of file.
2025-11-02 15:18:35,685 [ERROR] LogOutputStream:75 - [STDERR_REDIRECT] 
2025-11-02 15:18:35,716 [ERROR] LogOutputStream:75 - [STDERR_REDIRECT] [Fatal Error] :1:1: Premature end of file.
2025-11-02 15:18:35,716 [ERROR] LogOutputStream:75 - [STDERR_REDIRECT] 
2025-11-02 15:18:35,740 [ERROR] LogOutputStream:75 - [STDERR_REDIRECT] [Fatal Error] :1:1: Premature end of file.
2025-11-02 15:18:35,740 [ERROR] LogOutputStream:75 - [STDERR_REDIRECT] 
2025-11-02 15:18:35,762 [ERROR] LogOutputStream:75 - [STDERR_REDIRECT] [Fatal Error] :1:1: Premature end of file.
2025-11-02 15:18:35,762 [ERROR] LogOutputStream:75 - [STDERR_REDIRECT] 
2025-11-02 15:18:35,786 [ERROR] LogOutputStream:75 - [STDERR_REDIRECT] [Fatal Error] :1:1: Premature end of file.
2025-11-02 15:18:35,786 [ERROR] LogOutputStream:75 - [STDERR_REDIRECT] 
2025-11-02 15:18:35,806 [ERROR] LogOutputStream:75 - [STDERR_REDIRECT] [Fatal Error] :1:1: Premature end of file.
2025-11-02 15:18:35,806 [ERROR] LogOutputStream:75 - [STDERR_REDIRECT] 
2025-11-02 15:18:35,827 [ERROR] LogOutputStream:75 - [STDERR_REDIRECT] [Fatal Error] :1:1: Premature end of file.
2025-11-02 15:18:35,827 [ERROR] LogOutputStream:75 - [STDERR_REDIRECT] 
2025-11-02 15:18:35,852 [ERROR] LogOutputStream:75 - [STDERR_REDIRECT] [Fatal Error] :1:1: Premature end of file.
2025-11-02 15:18:35,852 [ERROR] LogOutputStream:75 - [STDERR_REDIRECT] 
2025-11-02 15:18:35,878 [ERROR] LogOutputStream:75 - [STDERR_REDIRECT] [Fatal Error] :1:1: Premature end of file.
2025-11-02 15:18:35,879 [ERROR] LogOutputStream:75 - [STDERR_REDIRECT] 
2025-11-02 15:18:35,905 [ERROR] LogOutputStream:75 - [STDERR_REDIRECT] [Fatal Error] :1:1: Premature end of file.
2025-11-02 15:18:35,905 [ERROR] LogOutputStream:75 - [STDERR_REDIRECT] 
2025-11-02 15:18:35,931 [ERROR] LogOutputStream:75 - [STDERR_REDIRECT] [Fatal Error] :1:1: Premature end of file.
2025-11-02 15:18:35,931 [ERROR] LogOutputStream:75 - [STDERR_REDIRECT] 
2025-11-02 15:18:35,957 [ERROR] LogOutputStream:75 - [STDERR_REDIRECT] [Fatal Error] :1:1: Premature end of file.
2025-11-02 15:18:35,957 [ERROR] LogOutputStream:75 - [STDERR_REDIRECT] 
2025-11-02 15:18:35,985 [ERROR] LogOutputStream:75 - [STDERR_REDIRECT] [Fatal Error] :1:1: Premature end of file.
2025-11-02 15:18:35,985 [ERROR] LogOutputStream:75 - [STDERR_REDIRECT] 
2025-11-02 15:18:36,016 [ERROR] LogOutputStream:75 - [STDERR_REDIRECT] [Fatal Error] :1:1: Premature end of file.
2025-11-02 15:18:36,016 [ERROR] LogOutputStream:75 - [STDERR_REDIRECT] 
2025-11-02 15:18:36,039 [ERROR] LogOutputStream:75 - [STDERR_REDIRECT] [Fatal Error] :1:1: Premature end of file.
2025-11-02 15:18:36,039 [ERROR] LogOutputStream:75 - [STDERR_REDIRECT] 
2025-11-02 15:18:36,070 [ERROR] LogOutputStream:75 - [STDERR_REDIRECT] [Fatal Error] :1:1: Premature end of file.
2025-11-02 15:18:36,070 [ERROR] LogOutputStream:75 - [STDERR_REDIRECT] 
2025-11-02 15:18:36,099 [ERROR] LogOutputStream:75 - [STDERR_REDIRECT] [Fatal Error] :1:1: Premature end of file.
2025-11-02 15:18:36,099 [ERROR] LogOutputStream:75 - [STDERR_REDIRECT] 
2025-11-02 15:18:36,127 [ERROR] LogOutputStream:75 - [STDERR_REDIRECT] [Fatal Error] :1:1: Premature end of file.
2025-11-02 15:18:36,127 [ERROR] LogOutputStream:75 - [STDERR_REDIRECT] 
2025-11-02 15:18:36,160 [ERROR] LogOutputStream:75 - [STDERR_REDIRECT] [Fatal Error] :1:1: Premature end of file.
2025-11-02 15:18:36,160 [ERROR] LogOutputStream:75 - [STDERR_REDIRECT] 
2025-11-02 15:18:36,190 [ERROR] LogOutputStream:75 - [STDERR_REDIRECT] [Fatal Error] :1:1: Premature end of file.
2025-11-02 15:18:36,190 [ERROR] LogOutputStream:75 - [STDERR_REDIRECT] 
2025-11-02 15:18:36,223 [ERROR] LogOutputStream:75 - [STDERR_REDIRECT] [Fatal Error] :1:1: Premature end of file.
2025-11-02 15:18:36,224 [ERROR] LogOutputStream:75 - [STDERR_REDIRECT] 
2025-11-02 15:18:36,248 [ERROR] LogOutputStream:75 - [STDERR_REDIRECT] [Fatal Error] :1:1: Premature end of file.
2025-11-02 15:18:36,248 [ERROR] LogOutputStream:75 - [STDERR_REDIRECT] 
2025-11-02 15:18:36,268 [ERROR] LogOutputStream:75 - [STDERR_REDIRECT] [Fatal Error] :1:1: Premature end of file.
2025-11-02 15:18:36,268 [ERROR] LogOutputStream:75 - [STDERR_REDIRECT] 
2025-11-02 15:18:36,288 [ERROR] LogOutputStream:75 - [STDERR_REDIRECT] [Fatal Error] :1:1: Premature end of file.
2025-11-02 15:18:36,288 [ERROR] LogOutputStream:75 - [STDERR_REDIRECT] 
2025-11-02 15:18:36,314 [ERROR] LogOutputStream:75 - [STDERR_REDIRECT] [Fatal Error] :1:1: Premature end of file.
2025-11-02 15:18:36,314 [ERROR] LogOutputStream:75 - [STDERR_REDIRECT] 
2025-11-02 15:18:36,339 [ERROR] LogOutputStream:75 - [STDERR_REDIRECT] [Fatal Error] :1:1: Premature end of file.
2025-11-02 15:18:36,339 [ERROR] LogOutputStream:75 - [STDERR_REDIRECT] 
2025-11-02 15:18:36,366 [ERROR] LogOutputStream:75 - [STDERR_REDIRECT] [Fatal Error] :1:1: Premature end of file.
2025-11-02 15:18:36,367 [ERROR] LogOutputStream:75 - [STDERR_REDIRECT] 
2025-11-02 15:18:36,395 [ERROR] LogOutputStream:75 - [STDERR_REDIRECT] [Fatal Error] :1:1: Premature end of file.
2025-11-02 15:18:36,395 [ERROR] LogOutputStream:75 - [STDERR_REDIRECT] 
2025-11-02 15:18:36,422 [ERROR] LogOutputStream:75 - [STDERR_REDIRECT] [Fatal Error] :1:1: Premature end of file.
2025-11-02 15:18:36,422 [ERROR] LogOutputStream:75 - [STDERR_REDIRECT] 
2025-11-02 15:18:36,446 [ERROR] LogOutputStream:75 - [STDERR_REDIRECT] [Fatal Error] :1:1: Premature end of file.
2025-11-02 15:18:36,446 [ERROR] LogOutputStream:75 - [STDERR_REDIRECT] 
2025-11-02 15:18:36,468 [ERROR] LogOutputStream:75 - [STDERR_REDIRECT] [Fatal Error] :1:1: Premature end of file.
2025-11-02 15:18:36,468 [ERROR] LogOutputStream:75 - [STDERR_REDIRECT] 
2025-11-02 15:18:36,492 [ERROR] LogOutputStream:75 - [STDERR_REDIRECT] [Fatal Error] :1:1: Premature end of file.
2025-11-02 15:18:36,492 [ERROR] LogOutputStream:75 - [STDERR_REDIRECT] 
2025-11-02 15:18:36,524 [ERROR] LogOutputStream:75 - [STDERR_REDIRECT] [Fatal Error] :1:1: Premature end of file.
2025-11-02 15:18:36,524 [ERROR] LogOutputStream:75 - [STDERR_REDIRECT] 
2025-11-02 15:18:36,553 [ERROR] LogOutputStream:75 - [STDERR_REDIRECT] [Fatal Error] :1:1: Premature end of file.
2025-11-02 15:18:36,553 [ERROR] LogOutputStream:75 - [STDERR_REDIRECT] 
2025-11-02 15:18:36,585 [ERROR] LogOutputStream:75 - [STDERR_REDIRECT] [Fatal Error] :1:1: Premature end of file.
2025-11-02 15:18:36,585 [ERROR] LogOutputStream:75 - [STDERR_REDIRECT] 
2025-11-02 15:18:36,607 [ERROR] LogOutputStream:75 - [STDERR_REDIRECT] [Fatal Error] :1:1: Premature end of file.
2025-11-02 15:18:36,607 [ERROR] LogOutputStream:75 - [STDERR_REDIRECT] 
2025-11-02 15:18:36,634 [ERROR] LogOutputStream:75 - [STDERR_REDIRECT] [Fatal Error] :1:1: Premature end of file.
2025-11-02 15:18:36,635 [ERROR] LogOutputStream:75 - [STDERR_REDIRECT] 
2025-11-02 15:18:36,663 [ERROR] LogOutputStream:75 - [STDERR_REDIRECT] [Fatal Error] :1:1: Premature end of file.
2025-11-02 15:18:36,663 [ERROR] LogOutputStream:75 - [STDERR_REDIRECT] 
2025-11-02 15:18:36,689 [ERROR] LogOutputStream:75 - [STDERR_REDIRECT] [Fatal Error] :1:1: Premature end of file.
2025-11-02 15:18:36,689 [ERROR] LogOutputStream:75 - [STDERR_REDIRECT] 
2025-11-02 15:18:36,715 [ERROR] LogOutputStream:75 - [STDERR_REDIRECT] [Fatal Error] :1:1: Premature end of file.
2025-11-02 15:18:36,715 [ERROR] LogOutputStream:75 - [STDERR_REDIRECT] 
2025-11-02 15:18:36,743 [ERROR] LogOutputStream:75 - [STDERR_REDIRECT] [Fatal Error] :1:1: Premature end of file.
2025-11-02 15:18:36,743 [ERROR] LogOutputStream:75 - [STDERR_REDIRECT] 
2025-11-02 15:18:36,775 [ERROR] LogOutputStream:75 - [STDERR_REDIRECT] [Fatal Error] :1:1: Premature end of file.
2025-11-02 15:18:36,775 [ERROR] LogOutputStream:75 - [STDERR_REDIRECT] 
2025-11-02 15:18:36,806 [ERROR] LogOutputStream:75 - [STDERR_REDIRECT] [Fatal Error] :1:1: Premature end of file.
2025-11-02 15:18:36,806 [ERROR] LogOutputStream:75 - [STDERR_REDIRECT] 
2025-11-02 15:18:36,831 [ERROR] LogOutputStream:75 - [STDERR_REDIRECT] [Fatal Error] :1:1: Premature end of file.
2025-11-02 15:18:36,831 [ERROR] LogOutputStream:75 - [STDERR_REDIRECT] 
2025-11-02 15:18:36,859 [ERROR] LogOutputStream:75 - [STDERR_REDIRECT] [Fatal Error] :1:1: Premature end of file.
2025-11-02 15:18:36,859 [ERROR] LogOutputStream:75 - [STDERR_REDIRECT] 
2025-11-02 15:18:36,913 [ERROR] LogOutputStream:75 - [STDERR_REDIRECT] [Fatal Error] :1:1: Premature end of file.
2025-11-02 15:18:36,913 [ERROR] LogOutputStream:75 - [STDERR_REDIRECT] 
2025-11-02 15:18:36,950 [ERROR] LogOutputStream:75 - [STDERR_REDIRECT] [Fatal Error] :1:1: Premature end of file.
2025-11-02 15:18:36,950 [ERROR] LogOutputStream:75 - [STDERR_REDIRECT] 
2025-11-02 15:18:36,985 [ERROR] LogOutputStream:75 - [STDERR_REDIRECT] [Fatal Error] :1:1: Premature end of file.
2025-11-02 15:18:36,985 [ERROR] LogOutputStream:75 - [STDERR_REDIRECT] 
2025-11-02 15:18:37,017 [ERROR] LogOutputStream:75 - [STDERR_REDIRECT] [Fatal Error] :1:1: Premature end of file.
2025-11-02 15:18:37,018 [ERROR] LogOutputStream:75 - [STDERR_REDIRECT] 
2025-11-02 15:18:37,050 [ERROR] LogOutputStream:75 - [STDERR_REDIRECT] [Fatal Error] :1:1: Premature end of file.
2025-11-02 15:18:37,051 [ERROR] LogOutputStream:75 - [STDERR_REDIRECT] 
2025-11-02 15:18:37,083 [ERROR] LogOutputStream:75 - [STDERR_REDIRECT] [Fatal Error] :1:1: Premature end of file.
2025-11-02 15:18:37,083 [ERROR] LogOutputStream:75 - [STDERR_REDIRECT] 
2025-11-02 15:18:37,120 [ERROR] LogOutputStream:75 - [STDERR_REDIRECT] [Fatal Error] :1:1: Premature end of file.
2025-11-02 15:18:37,120 [ERROR] LogOutputStream:75 - [STDERR_REDIRECT] 
2025-11-02 15:18:37,155 [ERROR] LogOutputStream:75 - [STDERR_REDIRECT] [Fatal Error] :1:1: Premature end of file.
2025-11-02 15:18:37,155 [ERROR] LogOutputStream:75 - [STDERR_REDIRECT] 
2025-11-02 15:18:37,186 [ERROR] LogOutputStream:75 - [STDERR_REDIRECT] [Fatal Error] :1:1: Premature end of file.
2025-11-02 15:18:37,186 [ERROR] LogOutputStream:75 - [STDERR_REDIRECT] 
2025-11-02 15:18:37,216 [ERROR] LogOutputStream:75 - [STDERR_REDIRECT] [Fatal Error] :1:1: Premature end of file.
2025-11-02 15:18:37,217 [ERROR] LogOutputStream:75 - [STDERR_REDIRECT] 
2025-11-02 15:18:37,247 [ERROR] LogOutputStream:75 - [STDERR_REDIRECT] [Fatal Error] :1:1: Premature end of file.
2025-11-02 15:18:37,247 [ERROR] LogOutputStream:75 - [STDERR_REDIRECT] 
2025-11-02 15:18:37,283 [ERROR] LogOutputStream:75 - [STDERR_REDIRECT] [Fatal Error] :1:1: Premature end of file.
2025-11-02 15:18:37,283 [ERROR] LogOutputStream:75 - [STDERR_REDIRECT] 
2025-11-02 15:18:37,314 [ERROR] LogOutputStream:75 - [STDERR_REDIRECT] [Fatal Error] :1:1: Premature end of file.
2025-11-02 15:18:37,314 [ERROR] LogOutputStream:75 - [STDERR_REDIRECT] 
2025-11-02 15:18:37,348 [ERROR] LogOutputStream:75 - [STDERR_REDIRECT] [Fatal Error] :1:1: Premature end of file.
2025-11-02 15:18:37,348 [ERROR] LogOutputStream:75 - [STDERR_REDIRECT] 
2025-11-02 15:18:37,373 [ERROR] LogOutputStream:75 - [STDERR_REDIRECT] [Fatal Error] :1:1: Premature end of file.
2025-11-02 15:18:37,373 [ERROR] LogOutputStream:75 - [STDERR_REDIRECT] 
2025-11-02 15:18:37,405 [ERROR] LogOutputStream:75 - [STDERR_REDIRECT] [Fatal Error] :1:1: Premature end of file.
2025-11-02 15:18:37,405 [ERROR] LogOutputStream:75 - [STDERR_REDIRECT] 
2025-11-02 15:18:37,433 [ERROR] LogOutputStream:75 - [STDERR_REDIRECT] [Fatal Error] :1:1: Premature end of file.
2025-11-02 15:18:37,433 [ERROR] LogOutputStream:75 - [STDERR_REDIRECT] 
2025-11-02 15:18:37,462 [ERROR] LogOutputStream:75 - [STDERR_REDIRECT] [Fatal Error] :1:1: Premature end of file.
2025-11-02 15:18:37,463 [ERROR] LogOutputStream:75 - [STDERR_REDIRECT] 
2025-11-02 15:18:37,496 [ERROR] LogOutputStream:75 - [STDERR_REDIRECT] [Fatal Error] :1:1: Premature end of file.
2025-11-02 15:18:37,497 [ERROR] LogOutputStream:75 - [STDERR_REDIRECT] 
2025-11-02 15:18:37,534 [ERROR] LogOutputStream:75 - [STDERR_REDIRECT] [Fatal Error] :1:1: Premature end of file.
2025-11-02 15:18:37,534 [ERROR] LogOutputStream:75 - [STDERR_REDIRECT] 
2025-11-02 15:18:37,562 [ERROR] LogOutputStream:75 - [STDERR_REDIRECT] [Fatal Error] :1:1: Premature end of file.
2025-11-02 15:18:37,562 [ERROR] LogOutputStream:75 - [STDERR_REDIRECT] 
2025-11-02 15:18:37,590 [ERROR] LogOutputStream:75 - [STDERR_REDIRECT] [Fatal Error] :1:1: Premature end of file.
2025-11-02 15:18:37,590 [ERROR] LogOutputStream:75 - [STDERR_REDIRECT] 
2025-11-02 15:18:37,622 [ERROR] LogOutputStream:75 - [STDERR_REDIRECT] [Fatal Error] :1:1: Premature end of file.
2025-11-02 15:18:37,622 [ERROR] LogOutputStream:75 - [STDERR_REDIRECT] 
2025-11-02 15:18:37,646 [ERROR] LogOutputStream:75 - [STDERR_REDIRECT] [Fatal Error] :1:1: Premature end of file.
2025-11-02 15:18:37,646 [ERROR] LogOutputStream:75 - [STDERR_REDIRECT] 
2025-11-02 15:18:37,682 [ERROR] LogOutputStream:75 - [STDERR_REDIRECT] [Fatal Error] :1:1: Premature end of file.
2025-11-02 15:18:37,682 [ERROR] LogOutputStream:75 - [STDERR_REDIRECT] 
2025-11-02 15:18:37,717 [ERROR] LogOutputStream:75 - [STDERR_REDIRECT] [Fatal Error] :1:1: Premature end of file.
2025-11-02 15:18:37,717 [ERROR] LogOutputStream:75 - [STDERR_REDIRECT] 
2025-11-02 15:18:37,747 [ERROR] LogOutputStream:75 - [STDERR_REDIRECT] [Fatal Error] :1:1: Premature end of file.
2025-11-02 15:18:37,747 [ERROR] LogOutputStream:75 - [STDERR_REDIRECT] 
2025-11-02 15:18:37,775 [ERROR] LogOutputStream:75 - [STDERR_REDIRECT] [Fatal Error] :1:1: Premature end of file.
2025-11-02 15:18:37,775 [ERROR] LogOutputStream:75 - [STDERR_REDIRECT] 
2025-11-02 15:18:37,801 [ERROR] LogOutputStream:75 - [STDERR_REDIRECT] [Fatal Error] :1:1: Premature end of file.
2025-11-02 15:18:37,801 [ERROR] LogOutputStream:75 - [STDERR_REDIRECT] 
2025-11-02 15:18:37,830 [ERROR] LogOutputStream:75 - [STDERR_REDIRECT] [Fatal Error] :1:1: Premature end of file.
2025-11-02 15:18:37,830 [ERROR] LogOutputStream:75 - [STDERR_REDIRECT] 
2025-11-02 15:18:37,857 [ERROR] LogOutputStream:75 - [STDERR_REDIRECT] [Fatal Error] :1:1: Premature end of file.
2025-11-02 15:18:37,857 [ERROR] LogOutputStream:75 - [STDERR_REDIRECT] 
2025-11-02 15:18:37,888 [ERROR] LogOutputStream:75 - [STDERR_REDIRECT] [Fatal Error] :1:1: Premature end of file.
2025-11-02 15:18:37,888 [ERROR] LogOutputStream:75 - [STDERR_REDIRECT] 
2025-11-02 15:18:37,921 [ERROR] LogOutputStream:75 - [STDERR_REDIRECT] [Fatal Error] :1:1: Premature end of file.
2025-11-02 15:18:37,921 [ERROR] LogOutputStream:75 - [STDERR_REDIRECT] 
2025-11-02 15:18:37,951 [ERROR] LogOutputStream:75 - [STDERR_REDIRECT] [Fatal Error] :1:1: Premature end of file.
2025-11-02 15:18:37,951 [ERROR] LogOutputStream:75 - [STDERR_REDIRECT] 
2025-11-02 15:18:37,977 [ERROR] LogOutputStream:75 - [STDERR_REDIRECT] [Fatal Error] :1:1: Premature end of file.
2025-11-02 15:18:37,977 [ERROR] LogOutputStream:75 - [STDERR_REDIRECT] 
2025-11-02 15:18:38,006 [ERROR] LogOutputStream:75 - [STDERR_REDIRECT] [Fatal Error] :1:1: Premature end of file.
2025-11-02 15:18:38,006 [ERROR] LogOutputStream:75 - [STDERR_REDIRECT] 
2025-11-02 15:18:38,041 [ERROR] LogOutputStream:75 - [STDERR_REDIRECT] [Fatal Error] :1:1: Premature end of file.
2025-11-02 15:18:38,041 [ERROR] LogOutputStream:75 - [STDERR_REDIRECT] 
2025-11-02 15:18:38,078 [ERROR] LogOutputStream:75 - [STDERR_REDIRECT] [Fatal Error] :1:1: Premature end of file.
2025-11-02 15:18:38,078 [ERROR] LogOutputStream:75 - [STDERR_REDIRECT] 
2025-11-02 15:18:38,106 [ERROR] LogOutputStream:75 - [STDERR_REDIRECT] [Fatal Error] :1:1: Premature end of file.
2025-11-02 15:18:38,106 [ERROR] LogOutputStream:75 - [STDERR_REDIRECT] 
2025-11-02 15:18:38,129 [ERROR] LogOutputStream:75 - [STDERR_REDIRECT] [Fatal Error] :1:1: Premature end of file.
2025-11-02 15:18:38,130 [ERROR] LogOutputStream:75 - [STDERR_REDIRECT] 
2025-11-02 15:18:38,150 [ERROR] LogOutputStream:75 - [STDERR_REDIRECT] [Fatal Error] :1:1: Premature end of file.
2025-11-02 15:18:38,151 [ERROR] LogOutputStream:75 - [STDERR_REDIRECT] 
2025-11-02 15:18:38,173 [ERROR] LogOutputStream:75 - [STDERR_REDIRECT] [Fatal Error] :1:1: Premature end of file.
2025-11-02 15:18:38,173 [ERROR] LogOutputStream:75 - [STDERR_REDIRECT] 
2025-11-02 15:18:38,193 [ERROR] LogOutputStream:75 - [STDERR_REDIRECT] [Fatal Error] :1:1: Premature end of file.
2025-11-02 15:18:38,193 [ERROR] LogOutputStream:75 - [STDERR_REDIRECT] 
2025-11-02 15:18:38,213 [ERROR] LogOutputStream:75 - [STDERR_REDIRECT] [Fatal Error] :1:1: Premature end of file.
2025-11-02 15:18:38,213 [ERROR] LogOutputStream:75 - [STDERR_REDIRECT] 
2025-11-02 15:18:38,237 [ERROR] LogOutputStream:75 - [STDERR_REDIRECT] [Fatal Error] :1:1: Premature end of file.
2025-11-02 15:18:38,237 [ERROR] LogOutputStream:75 - [STDERR_REDIRECT] 
2025-11-02 15:18:38,258 [ERROR] LogOutputStream:75 - [STDERR_REDIRECT] [Fatal Error] :1:1: Premature end of file.
2025-11-02 15:18:38,258 [ERROR] LogOutputStream:75 - [STDERR_REDIRECT] 
2025-11-02 15:18:38,282 [ERROR] LogOutputStream:75 - [STDERR_REDIRECT] [Fatal Error] :1:1: Premature end of file.
2025-11-02 15:18:38,282 [ERROR] LogOutputStream:75 - [STDERR_REDIRECT] 
2025-11-02 15:18:38,304 [ERROR] LogOutputStream:75 - [STDERR_REDIRECT] [Fatal Error] :1:1: Premature end of file.
2025-11-02 15:18:38,304 [ERROR] LogOutputStream:75 - [STDERR_REDIRECT] 
2025-11-02 15:18:38,332 [ERROR] LogOutputStream:75 - [STDERR_REDIRECT] [Fatal Error] :1:1: Premature end of file.
2025-11-02 15:18:38,332 [ERROR] LogOutputStream:75 - [STDERR_REDIRECT] 
2025-11-02 15:18:38,358 [ERROR] LogOutputStream:75 - [STDERR_REDIRECT] [Fatal Error] :1:1: Premature end of file.
2025-11-02 15:18:38,358 [ERROR] LogOutputStream:75 - [STDERR_REDIRECT] 
2025-11-02 15:18:38,379 [ERROR] LogOutputStream:75 - [STDERR_REDIRECT] [Fatal Error] :1:1: Premature end of file.
2025-11-02 15:18:38,380 [ERROR] LogOutputStream:75 - [STDERR_REDIRECT] 
2025-11-02 15:18:38,400 [ERROR] LogOutputStream:75 - [STDERR_REDIRECT] [Fatal Error] :1:1: Premature end of file.
2025-11-02 15:18:38,400 [ERROR] LogOutputStream:75 - [STDERR_REDIRECT] 
2025-11-02 15:18:38,420 [ERROR] LogOutputStream:75 - [STDERR_REDIRECT] [Fatal Error] :1:1: Premature end of file.
2025-11-02 15:18:38,420 [ERROR] LogOutputStream:75 - [STDERR_REDIRECT] 
2025-11-02 15:18:38,443 [ERROR] LogOutputStream:75 - [STDERR_REDIRECT] [Fatal Error] :1:1: Premature end of file.
2025-11-02 15:18:38,443 [ERROR] LogOutputStream:75 - [STDERR_REDIRECT] 
2025-11-02 15:18:38,470 [ERROR] LogOutputStream:75 - [STDERR_REDIRECT] [Fatal Error] :1:1: Premature end of file.
2025-11-02 15:18:38,471 [ERROR] LogOutputStream:75 - [STDERR_REDIRECT] 
2025-11-02 15:18:38,496 [ERROR] LogOutputStream:75 - [STDERR_REDIRECT] [Fatal Error] :1:1: Premature end of file.
2025-11-02 15:18:38,496 [ERROR] LogOutputStream:75 - [STDERR_REDIRECT] 
2025-11-02 15:18:38,524 [ERROR] LogOutputStream:75 - [STDERR_REDIRECT] [Fatal Error] :1:1: Premature end of file.
2025-11-02 15:18:38,524 [ERROR] LogOutputStream:75 - [STDERR_REDIRECT] 
2025-11-02 15:18:38,547 [ERROR] LogOutputStream:75 - [STDERR_REDIRECT] [Fatal Error] :1:1: Premature end of file.
2025-11-02 15:18:38,547 [ERROR] LogOutputStream:75 - [STDERR_REDIRECT] 
2025-11-02 15:18:38,573 [ERROR] LogOutputStream:75 - [STDERR_REDIRECT] [Fatal Error] :1:1: Premature end of file.
2025-11-02 15:18:38,573 [ERROR] LogOutputStream:75 - [STDERR_REDIRECT] 
2025-11-02 15:18:38,596 [ERROR] LogOutputStream:75 - [STDERR_REDIRECT] [Fatal Error] :1:1: Premature end of file.
2025-11-02 15:18:38,596 [ERROR] LogOutputStream:75 - [STDERR_REDIRECT] 
2025-11-02 15:18:38,616 [ERROR] LogOutputStream:75 - [STDERR_REDIRECT] [Fatal Error] :1:1: Premature end of file.
2025-11-02 15:18:38,616 [ERROR] LogOutputStream:75 - [STDERR_REDIRECT] 
2025-11-02 15:18:38,638 [ERROR] LogOutputStream:75 - [STDERR_REDIRECT] [Fatal Error] :1:1: Premature end of file.
2025-11-02 15:18:38,638 [ERROR] LogOutputStream:75 - [STDERR_REDIRECT] 
2025-11-02 15:18:38,659 [ERROR] LogOutputStream:75 - [STDERR_REDIRECT] [Fatal Error] :1:1: Premature end of file.
2025-11-02 15:18:38,659 [ERROR] LogOutputStream:75 - [STDERR_REDIRECT] 
2025-11-02 15:18:38,680 [ERROR] LogOutputStream:75 - [STDERR_REDIRECT] [Fatal Error] :1:1: Premature end of file.
2025-11-02 15:18:38,680 [ERROR] LogOutputStream:75 - [STDERR_REDIRECT] 
2025-11-02 15:18:38,700 [ERROR] LogOutputStream:75 - [STDERR_REDIRECT] [Fatal Error] :1:1: Premature end of file.
2025-11-02 15:18:38,700 [ERROR] LogOutputStream:75 - [STDERR_REDIRECT] 
2025-11-02 15:18:38,725 [ERROR] LogOutputStream:75 - [STDERR_REDIRECT] [Fatal Error] :1:1: Premature end of file.
2025-11-02 15:18:38,725 [ERROR] LogOutputStream:75 - [STDERR_REDIRECT] 
2025-11-02 15:18:38,747 [ERROR] LogOutputStream:75 - [STDERR_REDIRECT] [Fatal Error] :1:1: Premature end of file.
2025-11-02 15:18:38,747 [ERROR] LogOutputStream:75 - [STDERR_REDIRECT] 
2025-11-02 15:18:38,768 [ERROR] LogOutputStream:75 - [STDERR_REDIRECT] [Fatal Error] :1:1: Premature end of file.
2025-11-02 15:18:38,768 [ERROR] LogOutputStream:75 - [STDERR_REDIRECT] 
2025-11-02 15:18:38,790 [ERROR] LogOutputStream:75 - [STDERR_REDIRECT] [Fatal Error] :1:1: Premature end of file.
2025-11-02 15:18:38,790 [ERROR] LogOutputStream:75 - [STDERR_REDIRECT] 
2025-11-02 15:18:38,810 [ERROR] LogOutputStream:75 - [STDERR_REDIRECT] [Fatal Error] :1:1: Premature end of file.
2025-11-02 15:18:38,810 [ERROR] LogOutputStream:75 - [STDERR_REDIRECT] 
2025-11-02 15:18:38,831 [ERROR] LogOutputStream:75 - [STDERR_REDIRECT] [Fatal Error] :1:1: Premature end of file.
2025-11-02 15:18:38,831 [ERROR] LogOutputStream:75 - [STDERR_REDIRECT] 
2025-11-02 15:18:38,856 [ERROR] LogOutputStream:75 - [STDERR_REDIRECT] [Fatal Error] :1:1: Premature end of file.
2025-11-02 15:18:38,856 [ERROR] LogOutputStream:75 - [STDERR_REDIRECT] 
2025-11-02 15:18:38,881 [ERROR] LogOutputStream:75 - [STDERR_REDIRECT] [Fatal Error] :1:1: Premature end of file.
2025-11-02 15:18:38,881 [ERROR] LogOutputStream:75 - [STDERR_REDIRECT] 
2025-11-02 15:18:38,906 [ERROR] LogOutputStream:75 - [STDERR_REDIRECT] [Fatal Error] :1:1: Premature end of file.
2025-11-02 15:18:38,906 [ERROR] LogOutputStream:75 - [STDERR_REDIRECT] 
2025-11-02 15:18:38,929 [ERROR] LogOutputStream:75 - [STDERR_REDIRECT] [Fatal Error] :1:1: Premature end of file.
2025-11-02 15:18:38,929 [ERROR] LogOutputStream:75 - [STDERR_REDIRECT] 
2025-11-02 15:18:38,958 [ERROR] LogOutputStream:75 - [STDERR_REDIRECT] [Fatal Error] :1:1: Premature end of file.
2025-11-02 15:18:38,958 [ERROR] LogOutputStream:75 - [STDERR_REDIRECT] 
2025-11-02 15:18:38,987 [ERROR] LogOutputStream:75 - [STDERR_REDIRECT] [Fatal Error] :1:1: Premature end of file.
2025-11-02 15:18:38,988 [ERROR] LogOutputStream:75 - [STDERR_REDIRECT] 
2025-11-02 15:18:39,015 [ERROR] LogOutputStream:75 - [STDERR_REDIRECT] [Fatal Error] :1:1: Premature end of file.
2025-11-02 15:18:39,015 [ERROR] LogOutputStream:75 - [STDERR_REDIRECT] 
2025-11-02 15:18:39,040 [ERROR] LogOutputStream:75 - [STDERR_REDIRECT] [Fatal Error] :1:1: Premature end of file.
2025-11-02 15:18:39,040 [ERROR] LogOutputStream:75 - [STDERR_REDIRECT] 
2025-11-02 15:18:39,097 [ERROR] LogOutputStream:75 - [STDERR_REDIRECT] [Fatal Error] :1:1: Premature end of file.
2025-11-02 15:18:39,097 [ERROR] LogOutputStream:75 - [STDERR_REDIRECT] 
2025-11-02 15:18:39,149 [ERROR] LogOutputStream:75 - [STDERR_REDIRECT] [Fatal Error] :1:1: Premature end of file.
2025-11-02 15:18:39,149 [ERROR] LogOutputStream:75 - [STDERR_REDIRECT] 
2025-11-02 15:18:39,189 [ERROR] LogOutputStream:75 - [STDERR_REDIRECT] [Fatal Error] :1:1: Premature end of file.
2025-11-02 15:18:39,190 [ERROR] LogOutputStream:75 - [STDERR_REDIRECT] 
2025-11-02 15:18:39,219 [ERROR] LogOutputStream:75 - [STDERR_REDIRECT] [Fatal Error] :1:1: Premature end of file.
2025-11-02 15:18:39,219 [ERROR] LogOutputStream:75 - [STDERR_REDIRECT] 
2025-11-02 15:18:39,257 [ERROR] LogOutputStream:75 - [STDERR_REDIRECT] [Fatal Error] :1:1: Premature end of file.
2025-11-02 15:18:39,257 [ERROR] LogOutputStream:75 - [STDERR_REDIRECT] 
2025-11-02 15:18:39,286 [ERROR] LogOutputStream:75 - [STDERR_REDIRECT] [Fatal Error] :1:1: Premature end of file.
2025-11-02 15:18:39,286 [ERROR] LogOutputStream:75 - [STDERR_REDIRECT] 
2025-11-02 15:18:39,314 [ERROR] LogOutputStream:75 - [STDERR_REDIRECT] [Fatal Error] :1:1: Premature end of file.
2025-11-02 15:18:39,314 [ERROR] LogOutputStream:75 - [STDERR_REDIRECT] 
2025-11-02 15:18:39,337 [ERROR] LogOutputStream:75 - [STDERR_REDIRECT] [Fatal Error] :1:1: Premature end of file.
2025-11-02 15:18:39,337 [ERROR] LogOutputStream:75 - [STDERR_REDIRECT] 
2025-11-02 15:18:39,359 [ERROR] LogOutputStream:75 - [STDERR_REDIRECT] [Fatal Error] :1:1: Premature end of file.
2025-11-02 15:18:39,359 [ERROR] LogOutputStream:75 - [STDERR_REDIRECT] 
2025-11-02 15:18:39,387 [ERROR] LogOutputStream:75 - [STDERR_REDIRECT] [Fatal Error] :1:1: Premature end of file.
2025-11-02 15:18:39,387 [ERROR] LogOutputStream:75 - [STDERR_REDIRECT] 
2025-11-02 15:18:39,408 [ERROR] LogOutputStream:75 - [STDERR_REDIRECT] [Fatal Error] :1:1: Premature end of file.
2025-11-02 15:18:39,408 [ERROR] LogOutputStream:75 - [STDERR_REDIRECT] 
2025-11-02 15:18:39,433 [ERROR] LogOutputStream:75 - [STDERR_REDIRECT] [Fatal Error] :1:1: Premature end of file.
2025-11-02 15:18:39,433 [ERROR] LogOutputStream:75 - [STDERR_REDIRECT] 
2025-11-02 15:18:39,454 [ERROR] LogOutputStream:75 - [STDERR_REDIRECT] [Fatal Error] :1:1: Premature end of file.
2025-11-02 15:18:39,454 [ERROR] LogOutputStream:75 - [STDERR_REDIRECT] 
2025-11-02 15:18:39,480 [ERROR] LogOutputStream:75 - [STDERR_REDIRECT] [Fatal Error] :1:1: Premature end of file.
2025-11-02 15:18:39,480 [ERROR] LogOutputStream:75 - [STDERR_REDIRECT] 
2025-11-02 15:18:39,501 [ERROR] LogOutputStream:75 - [STDERR_REDIRECT] [Fatal Error] :1:1: Premature end of file.
2025-11-02 15:18:39,501 [ERROR] LogOutputStream:75 - [STDERR_REDIRECT] 
2025-11-02 15:18:39,521 [ERROR] LogOutputStream:75 - [STDERR_REDIRECT] [Fatal Error] :1:1: Premature end of file.
2025-11-02 15:18:39,521 [ERROR] LogOutputStream:75 - [STDERR_REDIRECT] 
2025-11-02 15:18:39,541 [ERROR] LogOutputStream:75 - [STDERR_REDIRECT] [Fatal Error] :1:1: Premature end of file.
2025-11-02 15:18:39,542 [ERROR] LogOutputStream:75 - [STDERR_REDIRECT] 
2025-11-02 15:18:39,561 [ERROR] LogOutputStream:75 - [STDERR_REDIRECT] [Fatal Error] :1:1: Premature end of file.
2025-11-02 15:18:39,561 [ERROR] LogOutputStream:75 - [STDERR_REDIRECT] 
2025-11-02 15:18:39,581 [ERROR] LogOutputStream:75 - [STDERR_REDIRECT] [Fatal Error] :1:1: Premature end of file.
2025-11-02 15:18:39,581 [ERROR] LogOutputStream:75 - [STDERR_REDIRECT] 
2025-11-02 15:18:39,602 [ERROR] LogOutputStream:75 - [STDERR_REDIRECT] [Fatal Error] :1:1: Premature end of file.
2025-11-02 15:18:39,602 [ERROR] LogOutputStream:75 - [STDERR_REDIRECT] 
2025-11-02 15:18:39,622 [ERROR] LogOutputStream:75 - [STDERR_REDIRECT] [Fatal Error] :1:1: Premature end of file.
2025-11-02 15:18:39,622 [ERROR] LogOutputStream:75 - [STDERR_REDIRECT] 
2025-11-02 15:18:39,642 [ERROR] LogOutputStream:75 - [STDERR_REDIRECT] [Fatal Error] :1:1: Premature end of file.
2025-11-02 15:18:39,642 [ERROR] LogOutputStream:75 - [STDERR_REDIRECT] 
2025-11-02 15:18:39,662 [ERROR] LogOutputStream:75 - [STDERR_REDIRECT] [Fatal Error] :1:1: Premature end of file.
2025-11-02 15:18:39,662 [ERROR] LogOutputStream:75 - [STDERR_REDIRECT] 
2025-11-02 15:18:39,681 [ERROR] LogOutputStream:75 - [STDERR_REDIRECT] [Fatal Error] :1:1: Premature end of file.
2025-11-02 15:18:39,681 [ERROR] LogOutputStream:75 - [STDERR_REDIRECT] 
2025-11-02 15:18:39,701 [ERROR] LogOutputStream:75 - [STDERR_REDIRECT] [Fatal Error] :1:1: Premature end of file.
2025-11-02 15:18:39,701 [ERROR] LogOutputStream:75 - [STDERR_REDIRECT] 
2025-11-02 15:18:39,721 [ERROR] LogOutputStream:75 - [STDERR_REDIRECT] [Fatal Error] :1:1: Premature end of file.
2025-11-02 15:18:39,721 [ERROR] LogOutputStream:75 - [STDERR_REDIRECT] 
2025-11-02 15:18:39,740 [ERROR] LogOutputStream:75 - [STDERR_REDIRECT] [Fatal Error] :1:1: Premature end of file.
2025-11-02 15:18:39,740 [ERROR] LogOutputStream:75 - [STDERR_REDIRECT] 
2025-11-02 15:18:39,759 [ERROR] LogOutputStream:75 - [STDERR_REDIRECT] [Fatal Error] :1:1: Premature end of file.
2025-11-02 15:18:39,759 [ERROR] LogOutputStream:75 - [STDERR_REDIRECT] 
2025-11-02 15:18:39,777 [ERROR] LogOutputStream:75 - [STDERR_REDIRECT] [Fatal Error] :1:1: Premature end of file.
2025-11-02 15:18:39,778 [ERROR] LogOutputStream:75 - [STDERR_REDIRECT] 
2025-11-02 15:18:39,796 [ERROR] LogOutputStream:75 - [STDERR_REDIRECT] [Fatal Error] :1:1: Premature end of file.
2025-11-02 15:18:39,796 [ERROR] LogOutputStream:75 - [STDERR_REDIRECT] 
2025-11-02 15:18:39,815 [ERROR] LogOutputStream:75 - [STDERR_REDIRECT] [Fatal Error] :1:1: Premature end of file.
2025-11-02 15:18:39,815 [ERROR] LogOutputStream:75 - [STDERR_REDIRECT] 
2025-11-02 15:18:39,834 [ERROR] LogOutputStream:75 - [STDERR_REDIRECT] [Fatal Error] :1:1: Premature end of file.
2025-11-02 15:18:39,834 [ERROR] LogOutputStream:75 - [STDERR_REDIRECT] 
2025-11-02 15:18:39,854 [ERROR] LogOutputStream:75 - [STDERR_REDIRECT] [Fatal Error] :1:1: Premature end of file.
2025-11-02 15:18:39,855 [ERROR] LogOutputStream:75 - [STDERR_REDIRECT] 
2025-11-02 15:18:39,873 [ERROR] LogOutputStream:75 - [STDERR_REDIRECT] [Fatal Error] :1:1: Premature end of file.
2025-11-02 15:18:39,873 [ERROR] LogOutputStream:75 - [STDERR_REDIRECT] 
2025-11-02 15:18:39,891 [ERROR] LogOutputStream:75 - [STDERR_REDIRECT] [Fatal Error] :1:1: Premature end of file.
2025-11-02 15:18:39,891 [ERROR] LogOutputStream:75 - [STDERR_REDIRECT] 
2025-11-02 15:18:39,909 [ERROR] LogOutputStream:75 - [STDERR_REDIRECT] [Fatal Error] :1:1: Premature end of file.
2025-11-02 15:18:39,909 [ERROR] LogOutputStream:75 - [STDERR_REDIRECT] 
2025-11-02 15:18:39,929 [ERROR] LogOutputStream:75 - [STDERR_REDIRECT] [Fatal Error] :1:1: Premature end of file.
2025-11-02 15:18:39,929 [ERROR] LogOutputStream:75 - [STDERR_REDIRECT] 
2025-11-02 15:18:39,949 [ERROR] LogOutputStream:75 - [STDERR_REDIRECT] [Fatal Error] :1:1: Premature end of file.
2025-11-02 15:18:39,949 [ERROR] LogOutputStream:75 - [STDERR_REDIRECT] 
2025-11-02 15:18:39,970 [ERROR] LogOutputStream:75 - [STDERR_REDIRECT] [Fatal Error] :1:1: Premature end of file.
2025-11-02 15:18:39,970 [ERROR] LogOutputStream:75 - [STDERR_REDIRECT] 
2025-11-02 15:18:39,988 [ERROR] LogOutputStream:75 - [STDERR_REDIRECT] [Fatal Error] :1:1: Premature end of file.
2025-11-02 15:18:39,988 [ERROR] LogOutputStream:75 - [STDERR_REDIRECT] 
2025-11-02 15:18:40,009 [ERROR] LogOutputStream:75 - [STDERR_REDIRECT] [Fatal Error] :1:1: Premature end of file.
2025-11-02 15:18:40,009 [ERROR] LogOutputStream:75 - [STDERR_REDIRECT] 
2025-11-02 15:18:40,029 [ERROR] LogOutputStream:75 - [STDERR_REDIRECT] [Fatal Error] :1:1: Premature end of file.
2025-11-02 15:18:40,029 [ERROR] LogOutputStream:75 - [STDERR_REDIRECT] 
2025-11-02 15:18:40,049 [ERROR] LogOutputStream:75 - [STDERR_REDIRECT] [Fatal Error] :1:1: Premature end of file.
2025-11-02 15:18:40,049 [ERROR] LogOutputStream:75 - [STDERR_REDIRECT] 
2025-11-02 15:18:40,072 [ERROR] LogOutputStream:75 - [STDERR_REDIRECT] [Fatal Error] :1:1: Premature end of file.
2025-11-02 15:18:40,072 [ERROR] LogOutputStream:75 - [STDERR_REDIRECT] 
2025-11-02 15:18:40,091 [ERROR] LogOutputStream:75 - [STDERR_REDIRECT] [Fatal Error] :1:1: Premature end of file.
2025-11-02 15:18:40,091 [ERROR] LogOutputStream:75 - [STDERR_REDIRECT] 
2025-11-02 15:18:40,109 [ERROR] LogOutputStream:75 - [STDERR_REDIRECT] [Fatal Error] :1:1: Premature end of file.
2025-11-02 15:18:40,109 [ERROR] LogOutputStream:75 - [STDERR_REDIRECT] 
2025-11-02 15:18:40,129 [ERROR] LogOutputStream:75 - [STDERR_REDIRECT] [Fatal Error] :1:1: Premature end of file.
2025-11-02 15:18:40,130 [ERROR] LogOutputStream:75 - [STDERR_REDIRECT] 
2025-11-02 15:18:40,149 [ERROR] LogOutputStream:75 - [STDERR_REDIRECT] [Fatal Error] :1:1: Premature end of file.
2025-11-02 15:18:40,149 [ERROR] LogOutputStream:75 - [STDERR_REDIRECT] 
2025-11-02 15:18:40,167 [ERROR] LogOutputStream:75 - [STDERR_REDIRECT] [Fatal Error] :1:1: Premature end of file.
2025-11-02 15:18:40,167 [ERROR] LogOutputStream:75 - [STDERR_REDIRECT] 
2025-11-02 15:18:40,187 [ERROR] LogOutputStream:75 - [STDERR_REDIRECT] [Fatal Error] :1:1: Premature end of file.
2025-11-02 15:18:40,187 [ERROR] LogOutputStream:75 - [STDERR_REDIRECT] 
2025-11-02 15:18:40,205 [ERROR] LogOutputStream:75 - [STDERR_REDIRECT] [Fatal Error] :1:1: Premature end of file.
2025-11-02 15:18:40,205 [ERROR] LogOutputStream:75 - [STDERR_REDIRECT] 
2025-11-02 15:18:40,225 [ERROR] LogOutputStream:75 - [STDERR_REDIRECT] [Fatal Error] :1:1: Premature end of file.
2025-11-02 15:18:40,225 [ERROR] LogOutputStream:75 - [STDERR_REDIRECT] 
2025-11-02 15:18:40,244 [ERROR] LogOutputStream:75 - [STDERR_REDIRECT] [Fatal Error] :1:1: Premature end of file.
2025-11-02 15:18:40,245 [ERROR] LogOutputStream:75 - [STDERR_REDIRECT] 
2025-11-02 15:18:40,264 [ERROR] LogOutputStream:75 - [STDERR_REDIRECT] [Fatal Error] :1:1: Premature end of file.
2025-11-02 15:18:40,264 [ERROR] LogOutputStream:75 - [STDERR_REDIRECT] 
2025-11-02 15:18:40,282 [ERROR] LogOutputStream:75 - [STDERR_REDIRECT] [Fatal Error] :1:1: Premature end of file.
2025-11-02 15:18:40,283 [ERROR] LogOutputStream:75 - [STDERR_REDIRECT] 
2025-11-02 15:18:40,302 [ERROR] LogOutputStream:75 - [STDERR_REDIRECT] [Fatal Error] :1:1: Premature end of file.
2025-11-02 15:18:40,302 [ERROR] LogOutputStream:75 - [STDERR_REDIRECT] 
2025-11-02 15:18:40,320 [ERROR] LogOutputStream:75 - [STDERR_REDIRECT] [Fatal Error] :1:1: Premature end of file.
2025-11-02 15:18:40,320 [ERROR] LogOutputStream:75 - [STDERR_REDIRECT] 
2025-11-02 15:18:40,339 [ERROR] LogOutputStream:75 - [STDERR_REDIRECT] [Fatal Error] :1:1: Premature end of file.
2025-11-02 15:18:40,339 [ERROR] LogOutputStream:75 - [STDERR_REDIRECT] 
2025-11-02 15:18:40,357 [ERROR] LogOutputStream:75 - [STDERR_REDIRECT] [Fatal Error] :1:1: Premature end of file.
2025-11-02 15:18:40,357 [ERROR] LogOutputStream:75 - [STDERR_REDIRECT] 
2025-11-02 15:18:40,375 [ERROR] LogOutputStream:75 - [STDERR_REDIRECT] [Fatal Error] :1:1: Premature end of file.
2025-11-02 15:18:40,375 [ERROR] LogOutputStream:75 - [STDERR_REDIRECT] 
2025-11-02 15:18:40,394 [ERROR] LogOutputStream:75 - [STDERR_REDIRECT] [Fatal Error] :1:1: Premature end of file.
2025-11-02 15:18:40,394 [ERROR] LogOutputStream:75 - [STDERR_REDIRECT] 
2025-11-02 15:18:40,412 [ERROR] LogOutputStream:75 - [STDERR_REDIRECT] [Fatal Error] :1:1: Premature end of file.
2025-11-02 15:18:40,412 [ERROR] LogOutputStream:75 - [STDERR_REDIRECT] 
2025-11-02 15:18:40,432 [ERROR] LogOutputStream:75 - [STDERR_REDIRECT] [Fatal Error] :1:1: Premature end of file.
2025-11-02 15:18:40,432 [ERROR] LogOutputStream:75 - [STDERR_REDIRECT] 
2025-11-02 15:18:40,450 [ERROR] LogOutputStream:75 - [STDERR_REDIRECT] [Fatal Error] :1:1: Premature end of file.
2025-11-02 15:18:40,450 [ERROR] LogOutputStream:75 - [STDERR_REDIRECT] 
2025-11-02 15:18:40,467 [ERROR] LogOutputStream:75 - [STDERR_REDIRECT] [Fatal Error] :1:1: Premature end of file.
2025-11-02 15:18:40,468 [ERROR] LogOutputStream:75 - [STDERR_REDIRECT] 
2025-11-02 15:18:40,485 [ERROR] LogOutputStream:75 - [STDERR_REDIRECT] [Fatal Error] :1:1: Premature end of file.
2025-11-02 15:18:40,486 [ERROR] LogOutputStream:75 - [STDERR_REDIRECT] 
2025-11-02 15:18:40,503 [ERROR] LogOutputStream:75 - [STDERR_REDIRECT] [Fatal Error] :1:1: Premature end of file.
2025-11-02 15:18:40,503 [ERROR] LogOutputStream:75 - [STDERR_REDIRECT] 
2025-11-02 15:18:40,521 [ERROR] LogOutputStream:75 - [STDERR_REDIRECT] [Fatal Error] :1:1: Premature end of file.
2025-11-02 15:18:40,521 [ERROR] LogOutputStream:75 - [STDERR_REDIRECT] 
2025-11-02 15:18:40,539 [ERROR] LogOutputStream:75 - [STDERR_REDIRECT] [Fatal Error] :1:1: Premature end of file.
2025-11-02 15:18:40,540 [ERROR] LogOutputStream:75 - [STDERR_REDIRECT] 
2025-11-02 15:18:40,558 [ERROR] LogOutputStream:75 - [STDERR_REDIRECT] [Fatal Error] :1:1: Premature end of file.
2025-11-02 15:18:40,558 [ERROR] LogOutputStream:75 - [STDERR_REDIRECT] 
2025-11-02 15:18:40,576 [ERROR] LogOutputStream:75 - [STDERR_REDIRECT] [Fatal Error] :1:1: Premature end of file.
2025-11-02 15:18:40,576 [ERROR] LogOutputStream:75 - [STDERR_REDIRECT] 
2025-11-02 15:18:40,594 [ERROR] LogOutputStream:75 - [STDERR_REDIRECT] [Fatal Error] :1:1: Premature end of file.
2025-11-02 15:18:40,594 [ERROR] LogOutputStream:75 - [STDERR_REDIRECT] 
2025-11-02 15:18:40,613 [ERROR] LogOutputStream:75 - [STDERR_REDIRECT] [Fatal Error] :1:1: Premature end of file.
2025-11-02 15:18:40,614 [ERROR] LogOutputStream:75 - [STDERR_REDIRECT] 
2025-11-02 15:18:40,632 [ERROR] LogOutputStream:75 - [STDERR_REDIRECT] [Fatal Error] :1:1: Premature end of file.
2025-11-02 15:18:40,632 [ERROR] LogOutputStream:75 - [STDERR_REDIRECT] 
2025-11-02 15:18:41,561 [ERROR] LogOutputStream:75 - [STDERR_REDIRECT] [Fatal Error] :1:1: Premature end of file.
2025-11-02 15:18:41,561 [ERROR] LogOutputStream:75 - [STDERR_REDIRECT] 
2025-11-02 15:18:42,558 [ERROR] LogOutputStream:75 - [STDERR_REDIRECT] [Fatal Error] :1:1: Premature end of file.
2025-11-02 15:18:42,558 [ERROR] LogOutputStream:75 - [STDERR_REDIRECT] 
2025-11-02 15:18:43,560 [ERROR] LogOutputStream:75 - [STDERR_REDIRECT] [Fatal Error] :1:1: Premature end of file.
2025-11-02 15:18:43,560 [ERROR] LogOutputStream:75 - [STDERR_REDIRECT] 
2025-11-02 15:18:44,563 [ERROR] LogOutputStream:75 - [STDERR_REDIRECT] [Fatal Error] :1:1: Premature end of file.
2025-11-02 15:18:44,563 [ERROR] LogOutputStream:75 - [STDERR_REDIRECT] 
2025-11-02 15:18:45,562 [ERROR] LogOutputStream:75 - [STDERR_REDIRECT] [Fatal Error] :1:1: Premature end of file.
2025-11-02 15:18:45,563 [ERROR] LogOutputStream:75 - [STDERR_REDIRECT] 
2025-11-02 15:18:46,560 [ERROR] LogOutputStream:75 - [STDERR_REDIRECT] [Fatal Error] :1:1: Premature end of file.
2025-11-02 15:18:46,560 [ERROR] LogOutputStream:75 - [STDERR_REDIRECT] 
2025-11-02 15:18:47,558 [ERROR] LogOutputStream:75 - [STDERR_REDIRECT] [Fatal Error] :1:1: Premature end of file.
2025-11-02 15:18:47,558 [ERROR] LogOutputStream:75 - [STDERR_REDIRECT] 
2025-11-02 15:18:48,561 [ERROR] LogOutputStream:75 - [STDERR_REDIRECT] [Fatal Error] :1:1: Premature end of file.
2025-11-02 15:18:48,561 [ERROR] LogOutputStream:75 - [STDERR_REDIRECT] 
2025-11-02 15:18:49,560 [ERROR] LogOutputStream:75 - [STDERR_REDIRECT] [Fatal Error] :1:1: Premature end of file.
2025-11-02 15:18:49,560 [ERROR] LogOutputStream:75 - [STDERR_REDIRECT] 
2025-11-02 15:18:50,559 [ERROR] LogOutputStream:75 - [STDERR_REDIRECT] [Fatal Error] :1:1: Premature end of file.
2025-11-02 15:18:50,560 [ERROR] LogOutputStream:75 - [STDERR_REDIRECT] 
2025-11-02 15:18:51,561 [ERROR] LogOutputStream:75 - [STDERR_REDIRECT] [Fatal Error] :1:1: Premature end of file.
2025-11-02 15:18:51,561 [ERROR] LogOutputStream:75 - [STDERR_REDIRECT] 
2025-11-02 15:18:52,560 [ERROR] LogOutputStream:75 - [STDERR_REDIRECT] [Fatal Error] :1:1: Premature end of file.
2025-11-02 15:18:52,560 [ERROR] LogOutputStream:75 - [STDERR_REDIRECT] 
2025-11-02 15:18:53,558 [ERROR] LogOutputStream:75 - [STDERR_REDIRECT] [Fatal Error] :1:1: Premature end of file.
2025-11-02 15:18:53,558 [ERROR] LogOutputStream:75 - [STDERR_REDIRECT] 
2025-11-02 15:18:54,570 [ERROR] LogOutputStream:75 - [STDERR_REDIRECT] [Fatal Error] :1:1: Premature end of file.
2025-11-02 15:18:54,570 [ERROR] LogOutputStream:75 - [STDERR_REDIRECT] 
2025-11-02 15:18:55,559 [ERROR] LogOutputStream:75 - [STDERR_REDIRECT] [Fatal Error] :1:1: Premature end of file.
2025-11-02 15:18:55,560 [ERROR] LogOutputStream:75 - [STDERR_REDIRECT] 
2025-11-02 15:18:56,578 [ERROR] LogOutputStream:75 - [STDERR_REDIRECT] [Fatal Error] :1:1: Premature end of file.
2025-11-02 15:18:56,578 [ERROR] LogOutputStream:75 - [STDERR_REDIRECT] 
2025-11-02 15:18:57,580 [ERROR] LogOutputStream:75 - [STDERR_REDIRECT] [Fatal Error] :1:1: Premature end of file.
2025-11-02 15:18:57,580 [ERROR] LogOutputStream:75 - [STDERR_REDIRECT] 
2025-11-02 15:18:58,577 [ERROR] LogOutputStream:75 - [STDERR_REDIRECT] [Fatal Error] :1:1: Premature end of file.
2025-11-02 15:18:58,577 [ERROR] LogOutputStream:75 - [STDERR_REDIRECT] 
2025-11-02 15:18:59,584 [ERROR] LogOutputStream:75 - [STDERR_REDIRECT] [Fatal Error] :1:1: Premature end of file.
2025-11-02 15:18:59,584 [ERROR] LogOutputStream:75 - [STDERR_REDIRECT] 
2025-11-02 15:19:00,582 [ERROR] LogOutputStream:75 - [STDERR_REDIRECT] [Fatal Error] :1:1: Premature end of file.
2025-11-02 15:19:00,582 [ERROR] LogOutputStream:75 - [STDERR_REDIRECT] 
2025-11-02 15:19:01,578 [ERROR] LogOutputStream:75 - [STDERR_REDIRECT] [Fatal Error] :1:1: Premature end of file.
2025-11-02 15:19:01,578 [ERROR] LogOutputStream:75 - [STDERR_REDIRECT] 
2025-11-02 15:19:02,577 [ERROR] LogOutputStream:75 - [STDERR_REDIRECT] [Fatal Error] :1:1: Premature end of file.
2025-11-02 15:19:02,577 [ERROR] LogOutputStream:75 - [STDERR_REDIRECT] 
2025-11-02 15:19:03,583 [ERROR] LogOutputStream:75 - [STDERR_REDIRECT] [Fatal Error] :1:1: Premature end of file.
2025-11-02 15:19:03,583 [ERROR] LogOutputStream:75 - [STDERR_REDIRECT] 
2025-11-02 15:19:04,588 [ERROR] LogOutputStream:75 - [STDERR_REDIRECT] [Fatal Error] :1:1: Premature end of file.
2025-11-02 15:19:04,588 [ERROR] LogOutputStream:75 - [STDERR_REDIRECT] 
2025-11-02 15:19:05,580 [ERROR] LogOutputStream:75 - [STDERR_REDIRECT] [Fatal Error] :1:1: Premature end of file.
2025-11-02 15:19:05,580 [ERROR] LogOutputStream:75 - [STDERR_REDIRECT] 
2025-11-02 15:19:06,590 [ERROR] LogOutputStream:75 - [STDERR_REDIRECT] [Fatal Error] :1:1: Premature end of file.
2025-11-02 15:19:06,590 [ERROR] LogOutputStream:75 - [STDERR_REDIRECT] 
2025-11-02 15:19:07,582 [ERROR] LogOutputStream:75 - [STDERR_REDIRECT] [Fatal Error] :1:1: Premature end of file.
2025-11-02 15:19:07,582 [ERROR] LogOutputStream:75 - [STDERR_REDIRECT] 
2025-11-02 15:19:08,590 [ERROR] LogOutputStream:75 - [STDERR_REDIRECT] [Fatal Error] :1:1: Premature end of file.
2025-11-02 15:19:08,590 [ERROR] LogOutputStream:75 - [STDERR_REDIRECT] 
2025-11-02 15:19:09,592 [ERROR] LogOutputStream:75 - [STDERR_REDIRECT] [Fatal Error] :1:1: Premature end of file.
2025-11-02 15:19:09,592 [ERROR] LogOutputStream:75 - [STDERR_REDIRECT] 
2025-11-02 15:19:10,591 [ERROR] LogOutputStream:75 - [STDERR_REDIRECT] [Fatal Error] :1:1: Premature end of file.
2025-11-02 15:19:10,591 [ERROR] LogOutputStream:75 - [STDERR_REDIRECT] 
2025-11-02 15:19:11,591 [ERROR] LogOutputStream:75 - [STDERR_REDIRECT] [Fatal Error] :1:1: Premature end of file.
2025-11-02 15:19:11,591 [ERROR] LogOutputStream:75 - [STDERR_REDIRECT] 
2025-11-02 15:19:12,586 [ERROR] LogOutputStream:75 - [STDERR_REDIRECT] [Fatal Error] :1:1: Premature end of file.
2025-11-02 15:19:12,586 [ERROR] LogOutputStream:75 - [STDERR_REDIRECT] 
2025-11-02 15:19:13,583 [ERROR] LogOutputStream:75 - [STDERR_REDIRECT] [Fatal Error] :1:1: Premature end of file.
2025-11-02 15:19:13,583 [ERROR] LogOutputStream:75 - [STDERR_REDIRECT] 
2025-11-02 15:19:14,580 [ERROR] LogOutputStream:75 - [STDERR_REDIRECT] [Fatal Error] :1:1: Premature end of file.
2025-11-02 15:19:14,581 [ERROR] LogOutputStream:75 - [STDERR_REDIRECT] 
2025-11-02 15:19:15,637 [ERROR] LogOutputStream:75 - [STDERR_REDIRECT] [Fatal Error] :1:1: Premature end of file.
2025-11-02 15:19:15,637 [ERROR] LogOutputStream:75 - [STDERR_REDIRECT] 
2025-11-02 15:19:16,593 [ERROR] LogOutputStream:75 - [STDERR_REDIRECT] [Fatal Error] :1:1: Premature end of file.
2025-11-02 15:19:16,593 [ERROR] LogOutputStream:75 - [STDERR_REDIRECT] 
2025-11-02 15:19:17,583 [ERROR] LogOutputStream:75 - [STDERR_REDIRECT] [Fatal Error] :1:1: Premature end of file.
2025-11-02 15:19:17,584 [ERROR] LogOutputStream:75 - [STDERR_REDIRECT] 
2025-11-02 15:19:18,579 [ERROR] LogOutputStream:75 - [STDERR_REDIRECT] [Fatal Error] :1:1: Premature end of file.
2025-11-02 15:19:18,579 [ERROR] LogOutputStream:75 - [STDERR_REDIRECT] 
2025-11-02 15:19:19,637 [ERROR] LogOutputStream:75 - [STDERR_REDIRECT] [Fatal Error] :1:1: Premature end of file.
2025-11-02 15:19:19,637 [ERROR] LogOutputStream:75 - [STDERR_REDIRECT] 
2025-11-02 15:19:20,589 [ERROR] LogOutputStream:75 - [STDERR_REDIRECT] [Fatal Error] :1:1: Premature end of file.
2025-11-02 15:19:20,590 [ERROR] LogOutputStream:75 - [STDERR_REDIRECT] 
2025-11-02 15:19:21,587 [ERROR] LogOutputStream:75 - [STDERR_REDIRECT] [Fatal Error] :1:1: Premature end of file.
2025-11-02 15:19:21,587 [ERROR] LogOutputStream:75 - [STDERR_REDIRECT] 
2025-11-02 15:19:22,586 [ERROR] LogOutputStream:75 - [STDERR_REDIRECT] [Fatal Error] :1:1: Premature end of file.
2025-11-02 15:19:22,586 [ERROR] LogOutputStream:75 - [STDERR_REDIRECT] 
2025-11-02 15:19:23,715 [ERROR] LogOutputStream:75 - [STDERR_REDIRECT] [Fatal Error] :1:1: Premature end of file.
2025-11-02 15:19:23,715 [ERROR] LogOutputStream:75 - [STDERR_REDIRECT] 
2025-11-02 15:19:24,594 [ERROR] LogOutputStream:75 - [STDERR_REDIRECT] [Fatal Error] :1:1: Premature end of file.
2025-11-02 15:19:24,594 [ERROR] LogOutputStream:75 - [STDERR_REDIRECT] 
2025-11-02 15:19:25,580 [ERROR] LogOutputStream:75 - [STDERR_REDIRECT] [Fatal Error] :1:1: Premature end of file.
2025-11-02 15:19:25,580 [ERROR] LogOutputStream:75 - [STDERR_REDIRECT] 
2025-11-02 15:19:26,593 [ERROR] LogOutputStream:75 - [STDERR_REDIRECT] [Fatal Error] :1:1: Premature end of file.
2025-11-02 15:19:26,593 [ERROR] LogOutputStream:75 - [STDERR_REDIRECT] 
2025-11-02 15:19:27,582 [ERROR] LogOutputStream:75 - [STDERR_REDIRECT] [Fatal Error] :1:1: Premature end of file.
2025-11-02 15:19:27,582 [ERROR] LogOutputStream:75 - [STDERR_REDIRECT] 
2025-11-02 15:19:28,667 [ERROR] LogOutputStream:75 - [STDERR_REDIRECT] [Fatal Error] :1:1: Premature end of file.
2025-11-02 15:19:28,667 [ERROR] LogOutputStream:75 - [STDERR_REDIRECT] 
2025-11-02 15:19:29,583 [ERROR] LogOutputStream:75 - [STDERR_REDIRECT] [Fatal Error] :1:1: Premature end of file.
2025-11-02 15:19:29,583 [ERROR] LogOutputStream:75 - [STDERR_REDIRECT] 
2025-11-02 15:19:30,578 [ERROR] LogOutputStream:75 - [STDERR_REDIRECT] [Fatal Error] :1:1: Premature end of file.
2025-11-02 15:19:30,578 [ERROR] LogOutputStream:75 - [STDERR_REDIRECT] 
2025-11-02 15:19:31,619 [ERROR] LogOutputStream:75 - [STDERR_REDIRECT] [Fatal Error] :1:1: Premature end of file.
2025-11-02 15:19:31,619 [ERROR] LogOutputStream:75 - [STDERR_REDIRECT] 
2025-11-02 15:19:32,579 [ERROR] LogOutputStream:75 - [STDERR_REDIRECT] [Fatal Error] :1:1: Premature end of file.
2025-11-02 15:19:32,579 [ERROR] LogOutputStream:75 - [STDERR_REDIRECT] 
2025-11-02 15:19:33,591 [ERROR] LogOutputStream:75 - [STDERR_REDIRECT] [Fatal Error] :1:1: Premature end of file.
2025-11-02 15:19:33,592 [ERROR] LogOutputStream:75 - [STDERR_REDIRECT] 
2025-11-02 15:19:34,588 [ERROR] LogOutputStream:75 - [STDERR_REDIRECT] [Fatal Error] :1:1: Premature end of file.
2025-11-02 15:19:34,588 [ERROR] LogOutputStream:75 - [STDERR_REDIRECT] 
2025-11-02 15:19:35,581 [ERROR] LogOutputStream:75 - [STDERR_REDIRECT] [Fatal Error] :1:1: Premature end of file.
2025-11-02 15:19:35,581 [ERROR] LogOutputStream:75 - [STDERR_REDIRECT] 
2025-11-02 15:19:36,578 [ERROR] LogOutputStream:75 - [STDERR_REDIRECT] [Fatal Error] :1:1: Premature end of file.
2025-11-02 15:19:36,578 [ERROR] LogOutputStream:75 - [STDERR_REDIRECT] 
2025-11-02 15:19:37,583 [ERROR] LogOutputStream:75 - [STDERR_REDIRECT] [Fatal Error] :1:1: Premature end of file.
2025-11-02 15:19:37,583 [ERROR] LogOutputStream:75 - [STDERR_REDIRECT] 
2025-11-02 15:19:38,605 [ERROR] LogOutputStream:75 - [STDERR_REDIRECT] [Fatal Error] :1:1: Premature end of file.
2025-11-02 15:19:38,605 [ERROR] LogOutputStream:75 - [STDERR_REDIRECT] 
2025-11-02 15:19:39,588 [ERROR] LogOutputStream:75 - [STDERR_REDIRECT] [Fatal Error] :1:1: Premature end of file.
2025-11-02 15:19:39,588 [ERROR] LogOutputStream:75 - [STDERR_REDIRECT] 
2025-11-02 15:19:40,580 [ERROR] LogOutputStream:75 - [STDERR_REDIRECT] [Fatal Error] :1:1: Premature end of file.
2025-11-02 15:19:40,580 [ERROR] LogOutputStream:75 - [STDERR_REDIRECT] 
2025-11-02 15:19:41,590 [ERROR] LogOutputStream:75 - [STDERR_REDIRECT] [Fatal Error] :1:1: Premature end of file.
2025-11-02 15:19:41,591 [ERROR] LogOutputStream:75 - [STDERR_REDIRECT] 
2025-11-02 15:19:42,590 [ERROR] LogOutputStream:75 - [STDERR_REDIRECT] [Fatal Error] :1:1: Premature end of file.
2025-11-02 15:19:42,590 [ERROR] LogOutputStream:75 - [STDERR_REDIRECT] 
2025-11-02 15:19:43,592 [ERROR] LogOutputStream:75 - [STDERR_REDIRECT] [Fatal Error] :1:1: Premature end of file.
2025-11-02 15:19:43,592 [ERROR] LogOutputStream:75 - [STDERR_REDIRECT] 
2025-11-02 15:19:44,610 [ERROR] LogOutputStream:75 - [STDERR_REDIRECT] [Fatal Error] :1:1: Premature end of file.
2025-11-02 15:19:44,610 [ERROR] LogOutputStream:75 - [STDERR_REDIRECT] 
2025-11-02 15:19:45,684 [ERROR] LogOutputStream:75 - [STDERR_REDIRECT] [Fatal Error] :1:1: Premature end of file.
2025-11-02 15:19:45,684 [ERROR] LogOutputStream:75 - [STDERR_REDIRECT] 
2025-11-02 15:19:46,585 [ERROR] LogOutputStream:75 - [STDERR_REDIRECT] [Fatal Error] :1:1: Premature end of file.
2025-11-02 15:19:46,585 [ERROR] LogOutputStream:75 - [STDERR_REDIRECT] 
2025-11-02 15:19:47,590 [ERROR] LogOutputStream:75 - [STDERR_REDIRECT] [Fatal Error] :1:1: Premature end of file.
2025-11-02 15:19:47,590 [ERROR] LogOutputStream:75 - [STDERR_REDIRECT] 
2025-11-02 15:19:48,590 [ERROR] LogOutputStream:75 - [STDERR_REDIRECT] [Fatal Error] :1:1: Premature end of file.
2025-11-02 15:19:48,590 [ERROR] LogOutputStream:75 - [STDERR_REDIRECT] 
2025-11-02 15:19:49,589 [ERROR] LogOutputStream:75 - [STDERR_REDIRECT] [Fatal Error] :1:1: Premature end of file.
2025-11-02 15:19:49,589 [ERROR] LogOutputStream:75 - [STDERR_REDIRECT] 
2025-11-02 15:19:50,580 [ERROR] LogOutputStream:75 - [STDERR_REDIRECT] [Fatal Error] :1:1: Premature end of file.
2025-11-02 15:19:50,580 [ERROR] LogOutputStream:75 - [STDERR_REDIRECT] 
2025-11-02 15:19:51,578 [ERROR] LogOutputStream:75 - [STDERR_REDIRECT] [Fatal Error] :1:1: Premature end of file.
2025-11-02 15:19:51,578 [ERROR] LogOutputStream:75 - [STDERR_REDIRECT] 
2025-11-02 15:19:52,589 [ERROR] LogOutputStream:75 - [STDERR_REDIRECT] [Fatal Error] :1:1: Premature end of file.
2025-11-02 15:19:52,589 [ERROR] LogOutputStream:75 - [STDERR_REDIRECT] 
2025-11-02 15:19:53,592 [ERROR] LogOutputStream:75 - [STDERR_REDIRECT] [Fatal Error] :1:1: Premature end of file.
2025-11-02 15:19:53,593 [ERROR] LogOutputStream:75 - [STDERR_REDIRECT] 
2025-11-02 15:19:54,586 [ERROR] LogOutputStream:75 - [STDERR_REDIRECT] [Fatal Error] :1:1: Premature end of file.
2025-11-02 15:19:54,586 [ERROR] LogOutputStream:75 - [STDERR_REDIRECT] 
2025-11-02 15:19:55,589 [ERROR] LogOutputStream:75 - [STDERR_REDIRECT] [Fatal Error] :1:1: Premature end of file.
2025-11-02 15:19:55,589 [ERROR] LogOutputStream:75 - [STDERR_REDIRECT] 
2025-11-02 15:19:56,588 [ERROR] LogOutputStream:75 - [STDERR_REDIRECT] [Fatal Error] :1:1: Premature end of file.
2025-11-02 15:19:56,588 [ERROR] LogOutputStream:75 - [STDERR_REDIRECT] 
2025-11-02 15:19:57,584 [ERROR] LogOutputStream:75 - [STDERR_REDIRECT] [Fatal Error] :1:1: Premature end of file.
2025-11-02 15:19:57,585 [ERROR] LogOutputStream:75 - [STDERR_REDIRECT] 
2025-11-02 15:19:58,605 [ERROR] LogOutputStream:75 - [STDERR_REDIRECT] [Fatal Error] :1:1: Premature end of file.
2025-11-02 15:19:58,605 [ERROR] LogOutputStream:75 - [STDERR_REDIRECT] 
2025-11-02 15:19:59,634 [ERROR] LogOutputStream:75 - [STDERR_REDIRECT] [Fatal Error] :1:1: Premature end of file.
2025-11-02 15:19:59,635 [ERROR] LogOutputStream:75 - [STDERR_REDIRECT] 
2025-11-02 15:20:00,635 [ERROR] LogOutputStream:75 - [STDERR_REDIRECT] [Fatal Error] :1:1: Premature end of file.
2025-11-02 15:20:00,635 [ERROR] LogOutputStream:75 - [STDERR_REDIRECT] 
2025-11-02 15:20:01,633 [ERROR] LogOutputStream:75 - [STDERR_REDIRECT] [Fatal Error] :1:1: Premature end of file.
2025-11-02 15:20:01,633 [ERROR] LogOutputStream:75 - [STDERR_REDIRECT] 
2025-11-02 15:20:02,621 [ERROR] LogOutputStream:75 - [STDERR_REDIRECT] [Fatal Error] :1:1: Premature end of file.
2025-11-02 15:20:02,621 [ERROR] LogOutputStream:75 - [STDERR_REDIRECT] 
2025-11-02 15:20:03,616 [ERROR] LogOutputStream:75 - [STDERR_REDIRECT] [Fatal Error] :1:1: Premature end of file.
2025-11-02 15:20:03,617 [ERROR] LogOutputStream:75 - [STDERR_REDIRECT] 
2025-11-02 15:20:04,699 [ERROR] LogOutputStream:75 - [STDERR_REDIRECT] [Fatal Error] :1:1: Premature end of file.
2025-11-02 15:20:04,700 [ERROR] LogOutputStream:75 - [STDERR_REDIRECT] 
2025-11-02 15:20:05,619 [ERROR] LogOutputStream:75 - [STDERR_REDIRECT] [Fatal Error] :1:1: Premature end of file.
2025-11-02 15:20:05,619 [ERROR] LogOutputStream:75 - [STDERR_REDIRECT] 
2025-11-02 15:20:06,620 [ERROR] LogOutputStream:75 - [STDERR_REDIRECT] [Fatal Error] :1:1: Premature end of file.
2025-11-02 15:20:06,620 [ERROR] LogOutputStream:75 - [STDERR_REDIRECT] 
2025-11-02 15:20:07,615 [ERROR] LogOutputStream:75 - [STDERR_REDIRECT] [Fatal Error] :1:1: Premature end of file.
2025-11-02 15:20:07,616 [ERROR] LogOutputStream:75 - [STDERR_REDIRECT] 
2025-11-02 15:20:08,807 [ERROR] LogOutputStream:75 - [STDERR_REDIRECT] [Fatal Error] :1:1: Premature end of file.
2025-11-02 15:20:08,807 [ERROR] LogOutputStream:75 - [STDERR_REDIRECT] 
2025-11-02 15:20:09,631 [ERROR] LogOutputStream:75 - [STDERR_REDIRECT] [Fatal Error] :1:1: Premature end of file.
2025-11-02 15:20:09,631 [ERROR] LogOutputStream:75 - [STDERR_REDIRECT] 
2025-11-02 15:20:10,638 [ERROR] LogOutputStream:75 - [STDERR_REDIRECT] [Fatal Error] :1:1: Premature end of file.
2025-11-02 15:20:10,639 [ERROR] LogOutputStream:75 - [STDERR_REDIRECT] 
2025-11-02 15:20:11,635 [ERROR] LogOutputStream:75 - [STDERR_REDIRECT] [Fatal Error] :1:1: Premature end of file.
2025-11-02 15:20:11,635 [ERROR] LogOutputStream:75 - [STDERR_REDIRECT] 
2025-11-02 15:20:12,668 [ERROR] LogOutputStream:75 - [STDERR_REDIRECT] [Fatal Error] :1:1: Premature end of file.
2025-11-02 15:20:12,668 [ERROR] LogOutputStream:75 - [STDERR_REDIRECT] 
2025-11-02 15:20:13,616 [ERROR] LogOutputStream:75 - [STDERR_REDIRECT] [Fatal Error] :1:1: Premature end of file.
2025-11-02 15:20:13,616 [ERROR] LogOutputStream:75 - [STDERR_REDIRECT] 
2025-11-02 15:20:14,607 [ERROR] LogOutputStream:75 - [STDERR_REDIRECT] [Fatal Error] :1:1: Premature end of file.
2025-11-02 15:20:14,607 [ERROR] LogOutputStream:75 - [STDERR_REDIRECT] 
2025-11-02 15:20:15,620 [ERROR] LogOutputStream:75 - [STDERR_REDIRECT] [Fatal Error] :1:1: Premature end of file.
2025-11-02 15:20:15,620 [ERROR] LogOutputStream:75 - [STDERR_REDIRECT] 
2025-11-02 15:20:16,707 [ERROR] LogOutputStream:75 - [STDERR_REDIRECT] [Fatal Error] :1:1: Premature end of file.
2025-11-02 15:20:16,707 [ERROR] LogOutputStream:75 - [STDERR_REDIRECT] 
2025-11-02 15:20:17,606 [ERROR] LogOutputStream:75 - [STDERR_REDIRECT] [Fatal Error] :1:1: Premature end of file.
2025-11-02 15:20:17,606 [ERROR] LogOutputStream:75 - [STDERR_REDIRECT] 
2025-11-02 15:20:18,605 [ERROR] LogOutputStream:75 - [STDERR_REDIRECT] [Fatal Error] :1:1: Premature end of file.
2025-11-02 15:20:18,605 [ERROR] LogOutputStream:75 - [STDERR_REDIRECT] 
2025-11-02 15:20:19,614 [ERROR] LogOutputStream:75 - [STDERR_REDIRECT] [Fatal Error] :1:1: Premature end of file.
2025-11-02 15:20:19,614 [ERROR] LogOutputStream:75 - [STDERR_REDIRECT] 
2025-11-02 15:20:20,699 [ERROR] LogOutputStream:75 - [STDERR_REDIRECT] [Fatal Error] :1:1: Premature end of file.
2025-11-02 15:20:20,699 [ERROR] LogOutputStream:75 - [STDERR_REDIRECT] 
2025-11-02 15:20:21,635 [ERROR] LogOutputStream:75 - [STDERR_REDIRECT] [Fatal Error] :1:1: Premature end of file.
2025-11-02 15:20:21,635 [ERROR] LogOutputStream:75 - [STDERR_REDIRECT] 
2025-11-02 15:20:22,626 [ERROR] LogOutputStream:75 - [STDERR_REDIRECT] [Fatal Error] :1:1: Premature end of file.
2025-11-02 15:20:22,626 [ERROR] LogOutputStream:75 - [STDERR_REDIRECT] 
2025-11-02 15:20:23,639 [ERROR] LogOutputStream:75 - [STDERR_REDIRECT] [Fatal Error] :1:1: Premature end of file.
2025-11-02 15:20:23,639 [ERROR] LogOutputStream:75 - [STDERR_REDIRECT] 
2025-11-02 15:20:24,755 [ERROR] LogOutputStream:75 - [STDERR_REDIRECT] [Fatal Error] :1:1: Premature end of file.
2025-11-02 15:20:24,755 [ERROR] LogOutputStream:75 - [STDERR_REDIRECT] 
2025-11-02 15:20:25,624 [ERROR] LogOutputStream:75 - [STDERR_REDIRECT] [Fatal Error] :1:1: Premature end of file.
2025-11-02 15:20:25,625 [ERROR] LogOutputStream:75 - [STDERR_REDIRECT] 
2025-11-02 15:20:26,614 [ERROR] LogOutputStream:75 - [STDERR_REDIRECT] [Fatal Error] :1:1: Premature end of file.
2025-11-02 15:20:26,615 [ERROR] LogOutputStream:75 - [STDERR_REDIRECT] 
2025-11-02 15:20:27,634 [ERROR] LogOutputStream:75 - [STDERR_REDIRECT] [Fatal Error] :1:1: Premature end of file.
2025-11-02 15:20:27,634 [ERROR] LogOutputStream:75 - [STDERR_REDIRECT] 
2025-11-02 15:20:28,740 [ERROR] LogOutputStream:75 - [STDERR_REDIRECT] [Fatal Error] :1:1: Premature end of file.
2025-11-02 15:20:28,740 [ERROR] LogOutputStream:75 - [STDERR_REDIRECT] 
2025-11-02 15:20:29,615 [ERROR] LogOutputStream:75 - [STDERR_REDIRECT] [Fatal Error] :1:1: Premature end of file.
2025-11-02 15:20:29,615 [ERROR] LogOutputStream:75 - [STDERR_REDIRECT] 
2025-11-02 15:20:30,621 [ERROR] LogOutputStream:75 - [STDERR_REDIRECT] [Fatal Error] :1:1: Premature end of file.
2025-11-02 15:20:30,621 [ERROR] LogOutputStream:75 - [STDERR_REDIRECT] 
2025-11-02 15:20:31,622 [ERROR] LogOutputStream:75 - [STDERR_REDIRECT] [Fatal Error] :1:1: Premature end of file.
2025-11-02 15:20:31,622 [ERROR] LogOutputStream:75 - [STDERR_REDIRECT] 
2025-11-02 15:20:32,614 [ERROR] LogOutputStream:75 - [STDERR_REDIRECT] [Fatal Error] :1:1: Premature end of file.
2025-11-02 15:20:32,614 [ERROR] LogOutputStream:75 - [STDERR_REDIRECT] 
2025-11-02 15:20:33,608 [ERROR] LogOutputStream:75 - [STDERR_REDIRECT] [Fatal Error] :1:1: Premature end of file.
2025-11-02 15:20:33,608 [ERROR] LogOutputStream:75 - [STDERR_REDIRECT] 
2025-11-02 15:20:34,609 [ERROR] LogOutputStream:75 - [STDERR_REDIRECT] [Fatal Error] :1:1: Premature end of file.
2025-11-02 15:20:34,610 [ERROR] LogOutputStream:75 - [STDERR_REDIRECT] 
2025-11-02 15:20:35,623 [ERROR] LogOutputStream:75 - [STDERR_REDIRECT] [Fatal Error] :1:1: Premature end of file.
2025-11-02 15:20:35,623 [ERROR] LogOutputStream:75 - [STDERR_REDIRECT] 
2025-11-02 15:20:36,658 [ERROR] LogOutputStream:75 - [STDERR_REDIRECT] [Fatal Error] :1:1: Premature end of file.
2025-11-02 15:20:36,658 [ERROR] LogOutputStream:75 - [STDERR_REDIRECT] 
2025-11-02 15:20:37,602 [ERROR] LogOutputStream:75 - [STDERR_REDIRECT] [Fatal Error] :1:1: Premature end of file.
2025-11-02 15:20:37,602 [ERROR] LogOutputStream:75 - [STDERR_REDIRECT] 
2025-11-02 15:20:38,624 [ERROR] LogOutputStream:75 - [STDERR_REDIRECT] [Fatal Error] :1:1: Premature end of file.
2025-11-02 15:20:38,624 [ERROR] LogOutputStream:75 - [STDERR_REDIRECT] 
2025-11-02 15:20:39,622 [ERROR] LogOutputStream:75 - [STDERR_REDIRECT] [Fatal Error] :1:1: Premature end of file.
2025-11-02 15:20:39,623 [ERROR] LogOutputStream:75 - [STDERR_REDIRECT] 
2025-11-02 15:20:40,623 [ERROR] LogOutputStream:75 - [STDERR_REDIRECT] [Fatal Error] :1:1: Premature end of file.
2025-11-02 15:20:40,624 [ERROR] LogOutputStream:75 - [STDERR_REDIRECT] 
2025-11-02 15:20:41,608 [ERROR] LogOutputStream:75 - [STDERR_REDIRECT] [Fatal Error] :1:1: Premature end of file.
2025-11-02 15:20:41,608 [ERROR] LogOutputStream:75 - [STDERR_REDIRECT] 
2025-11-02 15:20:42,626 [ERROR] LogOutputStream:75 - [STDERR_REDIRECT] [Fatal Error] :1:1: Premature end of file.
2025-11-02 15:20:42,626 [ERROR] LogOutputStream:75 - [STDERR_REDIRECT] 
2025-11-02 15:20:43,622 [ERROR] LogOutputStream:75 - [STDERR_REDIRECT] [Fatal Error] :1:1: Premature end of file.
2025-11-02 15:20:43,622 [ERROR] LogOutputStream:75 - [STDERR_REDIRECT] 
2025-11-02 15:20:44,620 [ERROR] LogOutputStream:75 - [STDERR_REDIRECT] [Fatal Error] :1:1: Premature end of file.
2025-11-02 15:20:44,621 [ERROR] LogOutputStream:75 - [STDERR_REDIRECT] 
2025-11-02 15:20:45,606 [ERROR] LogOutputStream:75 - [STDERR_REDIRECT] [Fatal Error] :1:1: Premature end of file.
2025-11-02 15:20:45,607 [ERROR] LogOutputStream:75 - [STDERR_REDIRECT] 
2025-11-02 15:20:46,610 [ERROR] LogOutputStream:75 - [STDERR_REDIRECT] [Fatal Error] :1:1: Premature end of file.
2025-11-02 15:20:46,610 [ERROR] LogOutputStream:75 - [STDERR_REDIRECT] 
2025-11-02 15:20:47,618 [ERROR] LogOutputStream:75 - [STDERR_REDIRECT] [Fatal Error] :1:1: Premature end of file.
2025-11-02 15:20:47,619 [ERROR] LogOutputStream:75 - [STDERR_REDIRECT] 
2025-11-02 15:20:48,616 [ERROR] LogOutputStream:75 - [STDERR_REDIRECT] [Fatal Error] :1:1: Premature end of file.
2025-11-02 15:20:48,616 [ERROR] LogOutputStream:75 - [STDERR_REDIRECT] 
2025-11-02 15:20:49,617 [ERROR] LogOutputStream:75 - [STDERR_REDIRECT] [Fatal Error] :1:1: Premature end of file.
2025-11-02 15:20:49,617 [ERROR] LogOutputStream:75 - [STDERR_REDIRECT] 
2025-11-02 15:20:50,610 [ERROR] LogOutputStream:75 - [STDERR_REDIRECT] [Fatal Error] :1:1: Premature end of file.
2025-11-02 15:20:50,610 [ERROR] LogOutputStream:75 - [STDERR_REDIRECT] 
2025-11-02 15:20:51,619 [ERROR] LogOutputStream:75 - [STDERR_REDIRECT] [Fatal Error] :1:1: Premature end of file.
2025-11-02 15:20:51,620 [ERROR] LogOutputStream:75 - [STDERR_REDIRECT] 
2025-11-02 15:20:52,613 [ERROR] LogOutputStream:75 - [STDERR_REDIRECT] [Fatal Error] :1:1: Premature end of file.
2025-11-02 15:20:52,613 [ERROR] LogOutputStream:75 - [STDERR_REDIRECT] 
2025-11-02 15:20:53,605 [ERROR] LogOutputStream:75 - [STDERR_REDIRECT] [Fatal Error] :1:1: Premature end of file.
2025-11-02 15:20:53,605 [ERROR] LogOutputStream:75 - [STDERR_REDIRECT] 
2025-11-02 15:20:54,634 [ERROR] LogOutputStream:75 - [STDERR_REDIRECT] [Fatal Error] :1:1: Premature end of file.
2025-11-02 15:20:54,635 [ERROR] LogOutputStream:75 - [STDERR_REDIRECT] 
2025-11-02 15:20:55,626 [ERROR] LogOutputStream:75 - [STDERR_REDIRECT] [Fatal Error] :1:1: Premature end of file.
2025-11-02 15:20:55,627 [ERROR] LogOutputStream:75 - [STDERR_REDIRECT] 
2025-11-02 15:20:56,628 [ERROR] LogOutputStream:75 - [STDERR_REDIRECT] [Fatal Error] :1:1: Premature end of file.
2025-11-02 15:20:56,628 [ERROR] LogOutputStream:75 - [STDERR_REDIRECT] 
2025-11-02 15:20:57,636 [ERROR] LogOutputStream:75 - [STDERR_REDIRECT] [Fatal Error] :1:1: Premature end of file.
2025-11-02 15:20:57,637 [ERROR] LogOutputStream:75 - [STDERR_REDIRECT] 
2025-11-02 15:20:58,623 [ERROR] LogOutputStream:75 - [STDERR_REDIRECT] [Fatal Error] :1:1: Premature end of file.
2025-11-02 15:20:58,623 [ERROR] LogOutputStream:75 - [STDERR_REDIRECT] 
2025-11-02 15:20:59,623 [ERROR] LogOutputStream:75 - [STDERR_REDIRECT] [Fatal Error] :1:1: Premature end of file.
2025-11-02 15:20:59,624 [ERROR] LogOutputStream:75 - [STDERR_REDIRECT] 
2025-11-02 15:21:00,617 [ERROR] LogOutputStream:75 - [STDERR_REDIRECT] [Fatal Error] :1:1: Premature end of file.
2025-11-02 15:21:00,618 [ERROR] LogOutputStream:75 - [STDERR_REDIRECT] 
2025-11-02 15:21:01,705 [ERROR] LogOutputStream:75 - [STDERR_REDIRECT] [Fatal Error] :1:1: Premature end of file.
2025-11-02 15:21:01,705 [ERROR] LogOutputStream:75 - [STDERR_REDIRECT] 
2025-11-02 15:21:02,615 [ERROR] LogOutputStream:75 - [STDERR_REDIRECT] [Fatal Error] :1:1: Premature end of file.
2025-11-02 15:21:02,615 [ERROR] LogOutputStream:75 - [STDERR_REDIRECT] 
2025-11-02 15:21:03,610 [ERROR] LogOutputStream:75 - [STDERR_REDIRECT] [Fatal Error] :1:1: Premature end of file.
2025-11-02 15:21:03,610 [ERROR] LogOutputStream:75 - [STDERR_REDIRECT] 
2025-11-02 15:21:04,628 [ERROR] LogOutputStream:75 - [STDERR_REDIRECT] [Fatal Error] :1:1: Premature end of file.
2025-11-02 15:21:04,628 [ERROR] LogOutputStream:75 - [STDERR_REDIRECT] 
2025-11-02 15:21:05,696 [ERROR] LogOutputStream:75 - [STDERR_REDIRECT] [Fatal Error] :1:1: Premature end of file.
2025-11-02 15:21:05,696 [ERROR] LogOutputStream:75 - [STDERR_REDIRECT] 
2025-11-02 15:21:06,609 [ERROR] LogOutputStream:75 - [STDERR_REDIRECT] [Fatal Error] :1:1: Premature end of file.
2025-11-02 15:21:06,610 [ERROR] LogOutputStream:75 - [STDERR_REDIRECT] 
2025-11-02 15:21:07,618 [ERROR] LogOutputStream:75 - [STDERR_REDIRECT] [Fatal Error] :1:1: Premature end of file.
2025-11-02 15:21:07,619 [ERROR] LogOutputStream:75 - [STDERR_REDIRECT] 
2025-11-02 15:21:08,630 [ERROR] LogOutputStream:75 - [STDERR_REDIRECT] [Fatal Error] :1:1: Premature end of file.
2025-11-02 15:21:08,630 [ERROR] LogOutputStream:75 - [STDERR_REDIRECT] 
2025-11-02 15:21:09,712 [ERROR] LogOutputStream:75 - [STDERR_REDIRECT] [Fatal Error] :1:1: Premature end of file.
2025-11-02 15:21:09,712 [ERROR] LogOutputStream:75 - [STDERR_REDIRECT] 
2025-11-02 15:21:10,616 [ERROR] LogOutputStream:75 - [STDERR_REDIRECT] [Fatal Error] :1:1: Premature end of file.
2025-11-02 15:21:10,616 [ERROR] LogOutputStream:75 - [STDERR_REDIRECT] 
2025-11-02 15:21:11,602 [ERROR] LogOutputStream:75 - [STDERR_REDIRECT] [Fatal Error] :1:1: Premature end of file.
2025-11-02 15:21:11,602 [ERROR] LogOutputStream:75 - [STDERR_REDIRECT] 
2025-11-02 15:21:12,628 [ERROR] LogOutputStream:75 - [STDERR_REDIRECT] [Fatal Error] :1:1: Premature end of file.
2025-11-02 15:21:12,628 [ERROR] LogOutputStream:75 - [STDERR_REDIRECT] 
2025-11-02 15:21:13,744 [ERROR] LogOutputStream:75 - [STDERR_REDIRECT] [Fatal Error] :1:1: Premature end of file.
2025-11-02 15:21:13,744 [ERROR] LogOutputStream:75 - [STDERR_REDIRECT] 
2025-11-02 15:21:14,606 [ERROR] LogOutputStream:75 - [STDERR_REDIRECT] [Fatal Error] :1:1: Premature end of file.
2025-11-02 15:21:14,607 [ERROR] LogOutputStream:75 - [STDERR_REDIRECT] 
2025-11-02 15:21:15,638 [ERROR] LogOutputStream:75 - [STDERR_REDIRECT] [Fatal Error] :1:1: Premature end of file.
2025-11-02 15:21:15,638 [ERROR] LogOutputStream:75 - [STDERR_REDIRECT] 
2025-11-02 15:21:16,624 [ERROR] LogOutputStream:75 - [STDERR_REDIRECT] [Fatal Error] :1:1: Premature end of file.
2025-11-02 15:21:16,624 [ERROR] LogOutputStream:75 - [STDERR_REDIRECT] 
2025-11-02 15:21:17,716 [ERROR] LogOutputStream:75 - [STDERR_REDIRECT] [Fatal Error] :1:1: Premature end of file.
2025-11-02 15:21:17,716 [ERROR] LogOutputStream:75 - [STDERR_REDIRECT] 
2025-11-02 15:21:18,624 [ERROR] LogOutputStream:75 - [STDERR_REDIRECT] [Fatal Error] :1:1: Premature end of file.
2025-11-02 15:21:18,624 [ERROR] LogOutputStream:75 - [STDERR_REDIRECT] 
2025-11-02 15:21:19,618 [ERROR] LogOutputStream:75 - [STDERR_REDIRECT] [Fatal Error] :1:1: Premature end of file.
2025-11-02 15:21:19,618 [ERROR] LogOutputStream:75 - [STDERR_REDIRECT] 
2025-11-02 15:21:20,616 [ERROR] LogOutputStream:75 - [STDERR_REDIRECT] [Fatal Error] :1:1: Premature end of file.
2025-11-02 15:21:20,616 [ERROR] LogOutputStream:75 - [STDERR_REDIRECT] 
2025-11-02 15:21:21,616 [ERROR] LogOutputStream:75 - [STDERR_REDIRECT] [Fatal Error] :1:1: Premature end of file.
2025-11-02 15:21:21,616 [ERROR] LogOutputStream:75 - [STDERR_REDIRECT] 
2025-11-02 15:21:22,620 [ERROR] LogOutputStream:75 - [STDERR_REDIRECT] [Fatal Error] :1:1: Premature end of file.
2025-11-02 15:21:22,620 [ERROR] LogOutputStream:75 - [STDERR_REDIRECT] 
2025-11-02 15:21:23,614 [ERROR] LogOutputStream:75 - [STDERR_REDIRECT] [Fatal Error] :1:1: Premature end of file.
2025-11-02 15:21:23,614 [ERROR] LogOutputStream:75 - [STDERR_REDIRECT] 
2025-11-02 15:21:24,627 [ERROR] LogOutputStream:75 - [STDERR_REDIRECT] [Fatal Error] :1:1: Premature end of file.
2025-11-02 15:21:24,628 [ERROR] LogOutputStream:75 - [STDERR_REDIRECT] 
2025-11-02 15:21:25,606 [ERROR] LogOutputStream:75 - [STDERR_REDIRECT] [Fatal Error] :1:1: Premature end of file.
2025-11-02 15:21:25,606 [ERROR] LogOutputStream:75 - [STDERR_REDIRECT] 
2025-11-02 15:21:26,610 [ERROR] LogOutputStream:75 - [STDERR_REDIRECT] [Fatal Error] :1:1: Premature end of file.
2025-11-02 15:21:26,610 [ERROR] LogOutputStream:75 - [STDERR_REDIRECT] 
2025-11-02 15:21:27,626 [ERROR] LogOutputStream:75 - [STDERR_REDIRECT] [Fatal Error] :1:1: Premature end of file.
2025-11-02 15:21:27,626 [ERROR] LogOutputStream:75 - [STDERR_REDIRECT] 
2025-11-02 15:21:28,608 [ERROR] LogOutputStream:75 - [STDERR_REDIRECT] [Fatal Error] :1:1: Premature end of file.
2025-11-02 15:21:28,608 [ERROR] LogOutputStream:75 - [STDERR_REDIRECT] 
2025-11-02 15:21:29,618 [ERROR] LogOutputStream:75 - [STDERR_REDIRECT] [Fatal Error] :1:1: Premature end of file.
2025-11-02 15:21:29,619 [ERROR] LogOutputStream:75 - [STDERR_REDIRECT] 
2025-11-02 15:21:30,620 [ERROR] LogOutputStream:75 - [STDERR_REDIRECT] [Fatal Error] :1:1: Premature end of file.
2025-11-02 15:21:30,620 [ERROR] LogOutputStream:75 - [STDERR_REDIRECT] 
2025-11-02 15:21:31,623 [ERROR] LogOutputStream:75 - [STDERR_REDIRECT] [Fatal Error] :1:1: Premature end of file.
2025-11-02 15:21:31,623 [ERROR] LogOutputStream:75 - [STDERR_REDIRECT] 
2025-11-02 15:21:32,622 [ERROR] LogOutputStream:75 - [STDERR_REDIRECT] [Fatal Error] :1:1: Premature end of file.
2025-11-02 15:21:32,623 [ERROR] LogOutputStream:75 - [STDERR_REDIRECT] 
2025-11-02 15:21:33,644 [ERROR] LogOutputStream:75 - [STDERR_REDIRECT] [Fatal Error] :1:1: Premature end of file.
2025-11-02 15:21:33,644 [ERROR] LogOutputStream:75 - [STDERR_REDIRECT] 
2025-11-02 15:21:34,686 [ERROR] LogOutputStream:75 - [STDERR_REDIRECT] [Fatal Error] :1:1: Premature end of file.
2025-11-02 15:21:34,686 [ERROR] LogOutputStream:75 - [STDERR_REDIRECT] 
2025-11-02 15:21:35,621 [ERROR] LogOutputStream:75 - [STDERR_REDIRECT] [Fatal Error] :1:1: Premature end of file.
2025-11-02 15:21:35,622 [ERROR] LogOutputStream:75 - [STDERR_REDIRECT] 
2025-11-02 15:21:36,654 [ERROR] LogOutputStream:75 - [STDERR_REDIRECT] [Fatal Error] :1:1: Premature end of file.
2025-11-02 15:21:36,654 [ERROR] LogOutputStream:75 - [STDERR_REDIRECT] 
2025-11-02 15:21:37,648 [ERROR] LogOutputStream:75 - [STDERR_REDIRECT] [Fatal Error] :1:1: Premature end of file.
2025-11-02 15:21:37,648 [ERROR] LogOutputStream:75 - [STDERR_REDIRECT] 
2025-11-02 15:21:38,709 [ERROR] LogOutputStream:75 - [STDERR_REDIRECT] [Fatal Error] :1:1: Premature end of file.
2025-11-02 15:21:38,710 [ERROR] LogOutputStream:75 - [STDERR_REDIRECT] 
2025-11-02 15:21:39,630 [ERROR] LogOutputStream:75 - [STDERR_REDIRECT] [Fatal Error] :1:1: Premature end of file.
2025-11-02 15:21:39,631 [ERROR] LogOutputStream:75 - [STDERR_REDIRECT] 
2025-11-02 15:21:40,627 [ERROR] LogOutputStream:75 - [STDERR_REDIRECT] [Fatal Error] :1:1: Premature end of file.
2025-11-02 15:21:40,627 [ERROR] LogOutputStream:75 - [STDERR_REDIRECT] 
2025-11-02 15:21:41,641 [ERROR] LogOutputStream:75 - [STDERR_REDIRECT] [Fatal Error] :1:1: Premature end of file.
2025-11-02 15:21:41,641 [ERROR] LogOutputStream:75 - [STDERR_REDIRECT] 
2025-11-02 15:21:42,713 [ERROR] LogOutputStream:75 - [STDERR_REDIRECT] [Fatal Error] :1:1: Premature end of file.
2025-11-02 15:21:42,713 [ERROR] LogOutputStream:75 - [STDERR_REDIRECT] 
2025-11-02 15:21:43,626 [ERROR] LogOutputStream:75 - [STDERR_REDIRECT] [Fatal Error] :1:1: Premature end of file.
2025-11-02 15:21:43,626 [ERROR] LogOutputStream:75 - [STDERR_REDIRECT] 
2025-11-02 15:21:44,653 [ERROR] LogOutputStream:75 - [STDERR_REDIRECT] [Fatal Error] :1:1: Premature end of file.
2025-11-02 15:21:44,654 [ERROR] LogOutputStream:75 - [STDERR_REDIRECT] 
2025-11-02 15:21:45,610 [ERROR] LogOutputStream:75 - [STDERR_REDIRECT] [Fatal Error] :1:1: Premature end of file.
2025-11-02 15:21:45,610 [ERROR] LogOutputStream:75 - [STDERR_REDIRECT] 
2025-11-02 15:21:46,721 [ERROR] LogOutputStream:75 - [STDERR_REDIRECT] [Fatal Error] :1:1: Premature end of file.
2025-11-02 15:21:46,721 [ERROR] LogOutputStream:75 - [STDERR_REDIRECT] 
2025-11-02 15:21:47,636 [ERROR] LogOutputStream:75 - [STDERR_REDIRECT] [Fatal Error] :1:1: Premature end of file.
2025-11-02 15:21:47,636 [ERROR] LogOutputStream:75 - [STDERR_REDIRECT] 
2025-11-02 15:21:48,617 [ERROR] LogOutputStream:75 - [STDERR_REDIRECT] [Fatal Error] :1:1: Premature end of file.
2025-11-02 15:21:48,617 [ERROR] LogOutputStream:75 - [STDERR_REDIRECT] 
2025-11-02 15:21:49,652 [ERROR] LogOutputStream:75 - [STDERR_REDIRECT] [Fatal Error] :1:1: Premature end of file.
2025-11-02 15:21:49,652 [ERROR] LogOutputStream:75 - [STDERR_REDIRECT] 
2025-11-02 15:21:50,714 [ERROR] LogOutputStream:75 - [STDERR_REDIRECT] [Fatal Error] :1:1: Premature end of file.
2025-11-02 15:21:50,715 [ERROR] LogOutputStream:75 - [STDERR_REDIRECT] 
2025-11-02 15:21:51,639 [ERROR] LogOutputStream:75 - [STDERR_REDIRECT] [Fatal Error] :1:1: Premature end of file.
2025-11-02 15:21:51,640 [ERROR] LogOutputStream:75 - [STDERR_REDIRECT] 
2025-11-02 15:21:52,630 [ERROR] LogOutputStream:75 - [STDERR_REDIRECT] [Fatal Error] :1:1: Premature end of file.
2025-11-02 15:21:52,630 [ERROR] LogOutputStream:75 - [STDERR_REDIRECT] 
2025-11-02 15:21:53,635 [ERROR] LogOutputStream:75 - [STDERR_REDIRECT] [Fatal Error] :1:1: Premature end of file.
2025-11-02 15:21:53,635 [ERROR] LogOutputStream:75 - [STDERR_REDIRECT] 
2025-11-02 15:21:54,761 [ERROR] LogOutputStream:75 - [STDERR_REDIRECT] [Fatal Error] :1:1: Premature end of file.
2025-11-02 15:21:54,761 [ERROR] LogOutputStream:75 - [STDERR_REDIRECT] 
2025-11-02 15:21:55,617 [ERROR] LogOutputStream:75 - [STDERR_REDIRECT] [Fatal Error] :1:1: Premature end of file.
2025-11-02 15:21:55,619 [ERROR] LogOutputStream:75 - [STDERR_REDIRECT] 
2025-11-02 15:21:56,613 [ERROR] LogOutputStream:75 - [STDERR_REDIRECT] [Fatal Error] :1:1: Premature end of file.
2025-11-02 15:21:56,613 [ERROR] LogOutputStream:75 - [STDERR_REDIRECT] 
2025-11-02 15:21:57,669 [ERROR] LogOutputStream:75 - [STDERR_REDIRECT] [Fatal Error] :1:1: Premature end of file.
2025-11-02 15:21:57,670 [ERROR] LogOutputStream:75 - [STDERR_REDIRECT] 
2025-11-02 15:21:58,630 [ERROR] LogOutputStream:75 - [STDERR_REDIRECT] [Fatal Error] :1:1: Premature end of file.
2025-11-02 15:21:58,630 [ERROR] LogOutputStream:75 - [STDERR_REDIRECT] 
2025-11-02 15:21:59,622 [ERROR] LogOutputStream:75 - [STDERR_REDIRECT] [Fatal Error] :1:1: Premature end of file.
2025-11-02 15:21:59,623 [ERROR] LogOutputStream:75 - [STDERR_REDIRECT] 
2025-11-02 15:22:00,603 [ERROR] LogOutputStream:75 - [STDERR_REDIRECT] [Fatal Error] :1:1: Premature end of file.
2025-11-02 15:22:00,604 [ERROR] LogOutputStream:75 - [STDERR_REDIRECT] 
2025-11-02 15:22:01,610 [ERROR] LogOutputStream:75 - [STDERR_REDIRECT] [Fatal Error] :1:1: Premature end of file.
2025-11-02 15:22:01,611 [ERROR] LogOutputStream:75 - [STDERR_REDIRECT] 
2025-11-02 15:22:02,670 [ERROR] LogOutputStream:75 - [STDERR_REDIRECT] [Fatal Error] :1:1: Premature end of file.
2025-11-02 15:22:02,670 [ERROR] LogOutputStream:75 - [STDERR_REDIRECT] 
2025-11-02 15:22:03,630 [ERROR] LogOutputStream:75 - [STDERR_REDIRECT] [Fatal Error] :1:1: Premature end of file.
2025-11-02 15:22:03,631 [ERROR] LogOutputStream:75 - [STDERR_REDIRECT] 
2025-11-02 15:22:04,625 [ERROR] LogOutputStream:75 - [STDERR_REDIRECT] [Fatal Error] :1:1: Premature end of file.
2025-11-02 15:22:04,625 [ERROR] LogOutputStream:75 - [STDERR_REDIRECT] 
2025-11-02 15:22:05,623 [ERROR] LogOutputStream:75 - [STDERR_REDIRECT] [Fatal Error] :1:1: Premature end of file.
2025-11-02 15:22:05,624 [ERROR] LogOutputStream:75 - [STDERR_REDIRECT] 
2025-11-02 15:22:06,749 [ERROR] LogOutputStream:75 - [STDERR_REDIRECT] [Fatal Error] :1:1: Premature end of file.
2025-11-02 15:22:06,749 [ERROR] LogOutputStream:75 - [STDERR_REDIRECT] 
2025-11-02 15:22:07,627 [ERROR] LogOutputStream:75 - [STDERR_REDIRECT] [Fatal Error] :1:1: Premature end of file.
2025-11-02 15:22:07,627 [ERROR] LogOutputStream:75 - [STDERR_REDIRECT] 
2025-11-02 15:22:08,618 [ERROR] LogOutputStream:75 - [STDERR_REDIRECT] [Fatal Error] :1:1: Premature end of file.
2025-11-02 15:22:08,618 [ERROR] LogOutputStream:75 - [STDERR_REDIRECT] 
2025-11-02 15:22:09,614 [ERROR] LogOutputStream:75 - [STDERR_REDIRECT] [Fatal Error] :1:1: Premature end of file.
2025-11-02 15:22:09,614 [ERROR] LogOutputStream:75 - [STDERR_REDIRECT] 
2025-11-02 15:22:10,614 [ERROR] LogOutputStream:75 - [STDERR_REDIRECT] [Fatal Error] :1:1: Premature end of file.
2025-11-02 15:22:10,615 [ERROR] LogOutputStream:75 - [STDERR_REDIRECT] 
2025-11-02 15:22:11,624 [ERROR] LogOutputStream:75 - [STDERR_REDIRECT] [Fatal Error] :1:1: Premature end of file.
2025-11-02 15:22:11,625 [ERROR] LogOutputStream:75 - [STDERR_REDIRECT] 
2025-11-02 15:22:12,610 [ERROR] LogOutputStream:75 - [STDERR_REDIRECT] [Fatal Error] :1:1: Premature end of file.
2025-11-02 15:22:12,610 [ERROR] LogOutputStream:75 - [STDERR_REDIRECT] 
2025-11-02 15:22:13,603 [ERROR] LogOutputStream:75 - [STDERR_REDIRECT] [Fatal Error] :1:1: Premature end of file.
2025-11-02 15:22:13,603 [ERROR] LogOutputStream:75 - [STDERR_REDIRECT] 
2025-11-02 15:22:14,610 [ERROR] LogOutputStream:75 - [STDERR_REDIRECT] [Fatal Error] :1:1: Premature end of file.
2025-11-02 15:22:14,611 [ERROR] LogOutputStream:75 - [STDERR_REDIRECT] 
2025-11-02 15:22:15,619 [ERROR] LogOutputStream:75 - [STDERR_REDIRECT] [Fatal Error] :1:1: Premature end of file.
2025-11-02 15:22:15,619 [ERROR] LogOutputStream:75 - [STDERR_REDIRECT] 
2025-11-02 15:22:16,605 [ERROR] LogOutputStream:75 - [STDERR_REDIRECT] [Fatal Error] :1:1: Premature end of file.
2025-11-02 15:22:16,605 [ERROR] LogOutputStream:75 - [STDERR_REDIRECT] 
2025-11-02 15:22:17,615 [ERROR] LogOutputStream:75 - [STDERR_REDIRECT] [Fatal Error] :1:1: Premature end of file.
2025-11-02 15:22:17,617 [ERROR] LogOutputStream:75 - [STDERR_REDIRECT] 
2025-11-02 15:22:18,607 [ERROR] LogOutputStream:75 - [STDERR_REDIRECT] [Fatal Error] :1:1: Premature end of file.
2025-11-02 15:22:18,607 [ERROR] LogOutputStream:75 - [STDERR_REDIRECT] 
2025-11-02 15:22:19,603 [ERROR] LogOutputStream:75 - [STDERR_REDIRECT] [Fatal Error] :1:1: Premature end of file.
2025-11-02 15:22:19,603 [ERROR] LogOutputStream:75 - [STDERR_REDIRECT] 
2025-11-02 15:22:20,621 [ERROR] LogOutputStream:75 - [STDERR_REDIRECT] [Fatal Error] :1:1: Premature end of file.
2025-11-02 15:22:20,621 [ERROR] LogOutputStream:75 - [STDERR_REDIRECT] 
2025-11-02 15:22:21,613 [ERROR] LogOutputStream:75 - [STDERR_REDIRECT] [Fatal Error] :1:1: Premature end of file.
2025-11-02 15:22:21,614 [ERROR] LogOutputStream:75 - [STDERR_REDIRECT] 
2025-11-02 15:22:22,613 [ERROR] LogOutputStream:75 - [STDERR_REDIRECT] [Fatal Error] :1:1: Premature end of file.
2025-11-02 15:22:22,613 [ERROR] LogOutputStream:75 - [STDERR_REDIRECT] 
2025-11-02 15:22:23,621 [ERROR] LogOutputStream:75 - [STDERR_REDIRECT] [Fatal Error] :1:1: Premature end of file.
2025-11-02 15:22:23,621 [ERROR] LogOutputStream:75 - [STDERR_REDIRECT] 
2025-11-02 15:22:24,612 [ERROR] LogOutputStream:75 - [STDERR_REDIRECT] [Fatal Error] :1:1: Premature end of file.
2025-11-02 15:22:24,613 [ERROR] LogOutputStream:75 - [STDERR_REDIRECT] 
2025-11-02 15:22:25,605 [ERROR] LogOutputStream:75 - [STDERR_REDIRECT] [Fatal Error] :1:1: Premature end of file.
2025-11-02 15:22:25,605 [ERROR] LogOutputStream:75 - [STDERR_REDIRECT] 
2025-11-02 15:22:26,617 [ERROR] LogOutputStream:75 - [STDERR_REDIRECT] [Fatal Error] :1:1: Premature end of file.
2025-11-02 15:22:26,617 [ERROR] LogOutputStream:75 - [STDERR_REDIRECT] 
2025-11-02 15:22:27,644 [ERROR] LogOutputStream:75 - [STDERR_REDIRECT] [Fatal Error] :1:1: Premature end of file.
2025-11-02 15:22:27,645 [ERROR] LogOutputStream:75 - [STDERR_REDIRECT] 
2025-11-02 15:22:28,610 [ERROR] LogOutputStream:75 - [STDERR_REDIRECT] [Fatal Error] :1:1: Premature end of file.
2025-11-02 15:22:28,610 [ERROR] LogOutputStream:75 - [STDERR_REDIRECT] 
2025-11-02 15:22:29,610 [ERROR] LogOutputStream:75 - [STDERR_REDIRECT] [Fatal Error] :1:1: Premature end of file.
2025-11-02 15:22:29,610 [ERROR] LogOutputStream:75 - [STDERR_REDIRECT] 
2025-11-02 15:22:30,609 [ERROR] LogOutputStream:75 - [STDERR_REDIRECT] [Fatal Error] :1:1: Premature end of file.
2025-11-02 15:22:30,609 [ERROR] LogOutputStream:75 - [STDERR_REDIRECT] 
2025-11-02 15:22:31,670 [ERROR] LogOutputStream:75 - [STDERR_REDIRECT] [Fatal Error] :1:1: Premature end of file.
2025-11-02 15:22:31,670 [ERROR] LogOutputStream:75 - [STDERR_REDIRECT] 
2025-11-02 15:22:32,602 [ERROR] LogOutputStream:75 - [STDERR_REDIRECT] [Fatal Error] :1:1: Premature end of file.
2025-11-02 15:22:32,602 [ERROR] LogOutputStream:75 - [STDERR_REDIRECT] 
2025-11-02 15:22:33,648 [ERROR] LogOutputStream:75 - [STDERR_REDIRECT] [Fatal Error] :1:1: Premature end of file.
2025-11-02 15:22:33,650 [ERROR] LogOutputStream:75 - [STDERR_REDIRECT] 
2025-11-02 15:22:34,636 [ERROR] LogOutputStream:75 - [STDERR_REDIRECT] [Fatal Error] :1:1: Premature end of file.
2025-11-02 15:22:34,637 [ERROR] LogOutputStream:75 - [STDERR_REDIRECT] 
2025-11-02 15:22:35,615 [ERROR] LogOutputStream:75 - [STDERR_REDIRECT] [Fatal Error] :1:1: Premature end of file.
2025-11-02 15:22:35,616 [ERROR] LogOutputStream:75 - [STDERR_REDIRECT] 
2025-11-02 15:22:36,636 [ERROR] LogOutputStream:75 - [STDERR_REDIRECT] [Fatal Error] :1:1: Premature end of file.
2025-11-02 15:22:36,637 [ERROR] LogOutputStream:75 - [STDERR_REDIRECT] 
2025-11-02 15:22:37,612 [ERROR] LogOutputStream:75 - [STDERR_REDIRECT] [Fatal Error] :1:1: Premature end of file.
2025-11-02 15:22:37,612 [ERROR] LogOutputStream:75 - [STDERR_REDIRECT] 
2025-11-02 15:22:38,615 [ERROR] LogOutputStream:75 - [STDERR_REDIRECT] [Fatal Error] :1:1: Premature end of file.
2025-11-02 15:22:38,615 [ERROR] LogOutputStream:75 - [STDERR_REDIRECT] 
2025-11-02 15:22:39,622 [ERROR] LogOutputStream:75 - [STDERR_REDIRECT] [Fatal Error] :1:1: Premature end of file.
2025-11-02 15:22:39,622 [ERROR] LogOutputStream:75 - [STDERR_REDIRECT] 
2025-11-02 15:22:40,605 [ERROR] LogOutputStream:75 - [STDERR_REDIRECT] [Fatal Error] :1:1: Premature end of file.
2025-11-02 15:22:40,605 [ERROR] LogOutputStream:75 - [STDERR_REDIRECT] 
2025-11-02 15:22:41,612 [ERROR] LogOutputStream:75 - [STDERR_REDIRECT] [Fatal Error] :1:1: Premature end of file.
2025-11-02 15:22:41,612 [ERROR] LogOutputStream:75 - [STDERR_REDIRECT] 
2025-11-02 15:22:42,600 [ERROR] LogOutputStream:75 - [STDERR_REDIRECT] [Fatal Error] :1:1: Premature end of file.
2025-11-02 15:22:42,600 [ERROR] LogOutputStream:75 - [STDERR_REDIRECT] 
2025-11-02 15:22:43,665 [ERROR] LogOutputStream:75 - [STDERR_REDIRECT] [Fatal Error] :1:1: Premature end of file.
2025-11-02 15:22:43,665 [ERROR] LogOutputStream:75 - [STDERR_REDIRECT] 
2025-11-02 15:22:44,623 [ERROR] LogOutputStream:75 - [STDERR_REDIRECT] [Fatal Error] :1:1: Premature end of file.
2025-11-02 15:22:44,623 [ERROR] LogOutputStream:75 - [STDERR_REDIRECT] 
2025-11-02 15:22:45,601 [ERROR] LogOutputStream:75 - [STDERR_REDIRECT] [Fatal Error] :1:1: Premature end of file.
2025-11-02 15:22:45,601 [ERROR] LogOutputStream:75 - [STDERR_REDIRECT] 
2025-11-02 15:22:46,613 [ERROR] LogOutputStream:75 - [STDERR_REDIRECT] [Fatal Error] :1:1: Premature end of file.
2025-11-02 15:22:46,613 [ERROR] LogOutputStream:75 - [STDERR_REDIRECT] 
2025-11-02 15:22:47,694 [ERROR] LogOutputStream:75 - [STDERR_REDIRECT] [Fatal Error] :1:1: Premature end of file.
2025-11-02 15:22:47,694 [ERROR] LogOutputStream:75 - [STDERR_REDIRECT] 
2025-11-02 15:22:48,618 [ERROR] LogOutputStream:75 - [STDERR_REDIRECT] [Fatal Error] :1:1: Premature end of file.
2025-11-02 15:22:48,618 [ERROR] LogOutputStream:75 - [STDERR_REDIRECT] 
2025-11-02 15:22:49,613 [ERROR] LogOutputStream:75 - [STDERR_REDIRECT] [Fatal Error] :1:1: Premature end of file.
2025-11-02 15:22:49,614 [ERROR] LogOutputStream:75 - [STDERR_REDIRECT] 
2025-11-02 15:22:50,604 [ERROR] LogOutputStream:75 - [STDERR_REDIRECT] [Fatal Error] :1:1: Premature end of file.
2025-11-02 15:22:50,604 [ERROR] LogOutputStream:75 - [STDERR_REDIRECT] 
2025-11-02 15:22:51,697 [ERROR] LogOutputStream:75 - [STDERR_REDIRECT] [Fatal Error] :1:1: Premature end of file.
2025-11-02 15:22:51,697 [ERROR] LogOutputStream:75 - [STDERR_REDIRECT] 
2025-11-02 15:22:52,628 [ERROR] LogOutputStream:75 - [STDERR_REDIRECT] [Fatal Error] :1:1: Premature end of file.
2025-11-02 15:22:52,628 [ERROR] LogOutputStream:75 - [STDERR_REDIRECT] 
2025-11-02 15:22:53,628 [ERROR] LogOutputStream:75 - [STDERR_REDIRECT] [Fatal Error] :1:1: Premature end of file.
2025-11-02 15:22:53,628 [ERROR] LogOutputStream:75 - [STDERR_REDIRECT] 
2025-11-02 15:22:54,627 [ERROR] LogOutputStream:75 - [STDERR_REDIRECT] [Fatal Error] :1:1: Premature end of file.
2025-11-02 15:22:54,627 [ERROR] LogOutputStream:75 - [STDERR_REDIRECT] 
2025-11-02 15:22:55,761 [ERROR] LogOutputStream:75 - [STDERR_REDIRECT] [Fatal Error] :1:1: Premature end of file.
2025-11-02 15:22:55,761 [ERROR] LogOutputStream:75 - [STDERR_REDIRECT] 
2025-11-02 15:22:56,621 [ERROR] LogOutputStream:75 - [STDERR_REDIRECT] [Fatal Error] :1:1: Premature end of file.
2025-11-02 15:22:56,621 [ERROR] LogOutputStream:75 - [STDERR_REDIRECT] 
2025-11-02 15:22:57,605 [ERROR] LogOutputStream:75 - [STDERR_REDIRECT] [Fatal Error] :1:1: Premature end of file.
2025-11-02 15:22:57,605 [ERROR] LogOutputStream:75 - [STDERR_REDIRECT] 
2025-11-02 15:22:58,609 [ERROR] LogOutputStream:75 - [STDERR_REDIRECT] [Fatal Error] :1:1: Premature end of file.
2025-11-02 15:22:58,609 [ERROR] LogOutputStream:75 - [STDERR_REDIRECT] 
2025-11-02 15:22:59,676 [ERROR] LogOutputStream:75 - [STDERR_REDIRECT] [Fatal Error] :1:1: Premature end of file.
2025-11-02 15:22:59,676 [ERROR] LogOutputStream:75 - [STDERR_REDIRECT] 
2025-11-02 15:23:00,616 [ERROR] LogOutputStream:75 - [STDERR_REDIRECT] [Fatal Error] :1:1: Premature end of file.
2025-11-02 15:23:00,616 [ERROR] LogOutputStream:75 - [STDERR_REDIRECT] 
2025-11-02 15:23:01,620 [ERROR] LogOutputStream:75 - [STDERR_REDIRECT] [Fatal Error] :1:1: Premature end of file.
2025-11-02 15:23:01,620 [ERROR] LogOutputStream:75 - [STDERR_REDIRECT] 
2025-11-02 15:23:02,608 [ERROR] LogOutputStream:75 - [STDERR_REDIRECT] [Fatal Error] :1:1: Premature end of file.
2025-11-02 15:23:02,608 [ERROR] LogOutputStream:75 - [STDERR_REDIRECT] 
2025-11-02 15:23:03,618 [ERROR] LogOutputStream:75 - [STDERR_REDIRECT] [Fatal Error] :1:1: Premature end of file.
2025-11-02 15:23:03,619 [ERROR] LogOutputStream:75 - [STDERR_REDIRECT] 
2025-11-02 15:23:04,605 [ERROR] LogOutputStream:75 - [STDERR_REDIRECT] [Fatal Error] :1:1: Premature end of file.
2025-11-02 15:23:04,605 [ERROR] LogOutputStream:75 - [STDERR_REDIRECT] 
2025-11-02 15:23:05,609 [ERROR] LogOutputStream:75 - [STDERR_REDIRECT] [Fatal Error] :1:1: Premature end of file.
2025-11-02 15:23:05,609 [ERROR] LogOutputStream:75 - [STDERR_REDIRECT] 
2025-11-02 15:23:06,626 [ERROR] LogOutputStream:75 - [STDERR_REDIRECT] [Fatal Error] :1:1: Premature end of file.
2025-11-02 15:23:06,626 [ERROR] LogOutputStream:75 - [STDERR_REDIRECT] 
2025-11-02 15:23:07,598 [ERROR] LogOutputStream:75 - [STDERR_REDIRECT] [Fatal Error] :1:1: Premature end of file.
2025-11-02 15:23:07,598 [ERROR] LogOutputStream:75 - [STDERR_REDIRECT] 
2025-11-02 15:23:08,617 [ERROR] LogOutputStream:75 - [STDERR_REDIRECT] [Fatal Error] :1:1: Premature end of file.
2025-11-02 15:23:08,617 [ERROR] LogOutputStream:75 - [STDERR_REDIRECT] 
2025-11-02 15:23:09,616 [ERROR] LogOutputStream:75 - [STDERR_REDIRECT] [Fatal Error] :1:1: Premature end of file.
2025-11-02 15:23:09,617 [ERROR] LogOutputStream:75 - [STDERR_REDIRECT] 
2025-11-02 15:23:10,623 [ERROR] LogOutputStream:75 - [STDERR_REDIRECT] [Fatal Error] :1:1: Premature end of file.
2025-11-02 15:23:10,623 [ERROR] LogOutputStream:75 - [STDERR_REDIRECT] 
2025-11-02 15:23:11,615 [ERROR] LogOutputStream:75 - [STDERR_REDIRECT] [Fatal Error] :1:1: Premature end of file.
2025-11-02 15:23:11,615 [ERROR] LogOutputStream:75 - [STDERR_REDIRECT] 
2025-11-02 15:23:12,607 [ERROR] LogOutputStream:75 - [STDERR_REDIRECT] [Fatal Error] :1:1: Premature end of file.
2025-11-02 15:23:12,607 [ERROR] LogOutputStream:75 - [STDERR_REDIRECT] 
2025-11-02 15:23:13,618 [ERROR] LogOutputStream:75 - [STDERR_REDIRECT] [Fatal Error] :1:1: Premature end of file.
2025-11-02 15:23:13,619 [ERROR] LogOutputStream:75 - [STDERR_REDIRECT] 
2025-11-02 15:23:14,625 [ERROR] LogOutputStream:75 - [STDERR_REDIRECT] [Fatal Error] :1:1: Premature end of file.
2025-11-02 15:23:14,626 [ERROR] LogOutputStream:75 - [STDERR_REDIRECT] 
2025-11-02 15:23:15,736 [ERROR] LogOutputStream:75 - [STDERR_REDIRECT] [Fatal Error] :1:1: Premature end of file.
2025-11-02 15:23:15,736 [ERROR] LogOutputStream:75 - [STDERR_REDIRECT] 
2025-11-02 15:23:16,622 [ERROR] LogOutputStream:75 - [STDERR_REDIRECT] [Fatal Error] :1:1: Premature end of file.
2025-11-02 15:23:16,624 [ERROR] LogOutputStream:75 - [STDERR_REDIRECT] 
2025-11-02 15:23:17,623 [ERROR] LogOutputStream:75 - [STDERR_REDIRECT] [Fatal Error] :1:1: Premature end of file.
2025-11-02 15:23:17,623 [ERROR] LogOutputStream:75 - [STDERR_REDIRECT] 
2025-11-02 15:23:18,609 [ERROR] LogOutputStream:75 - [STDERR_REDIRECT] [Fatal Error] :1:1: Premature end of file.
2025-11-02 15:23:18,609 [ERROR] LogOutputStream:75 - [STDERR_REDIRECT] 
2025-11-02 15:23:19,712 [ERROR] LogOutputStream:75 - [STDERR_REDIRECT] [Fatal Error] :1:1: Premature end of file.
2025-11-02 15:23:19,712 [ERROR] LogOutputStream:75 - [STDERR_REDIRECT] 
2025-11-02 15:23:20,615 [ERROR] LogOutputStream:75 - [STDERR_REDIRECT] [Fatal Error] :1:1: Premature end of file.
2025-11-02 15:23:20,615 [ERROR] LogOutputStream:75 - [STDERR_REDIRECT] 
2025-11-02 15:23:21,633 [ERROR] LogOutputStream:75 - [STDERR_REDIRECT] [Fatal Error] :1:1: Premature end of file.
2025-11-02 15:23:21,634 [ERROR] LogOutputStream:75 - [STDERR_REDIRECT] 
2025-11-02 15:23:22,614 [ERROR] LogOutputStream:75 - [STDERR_REDIRECT] [Fatal Error] :1:1: Premature end of file.
2025-11-02 15:23:22,615 [ERROR] LogOutputStream:75 - [STDERR_REDIRECT] 
2025-11-02 15:23:23,712 [ERROR] LogOutputStream:75 - [STDERR_REDIRECT] [Fatal Error] :1:1: Premature end of file.
2025-11-02 15:23:23,712 [ERROR] LogOutputStream:75 - [STDERR_REDIRECT] 
2025-11-02 15:23:24,632 [ERROR] LogOutputStream:75 - [STDERR_REDIRECT] [Fatal Error] :1:1: Premature end of file.
2025-11-02 15:23:24,633 [ERROR] LogOutputStream:75 - [STDERR_REDIRECT] 
2025-11-02 15:23:25,615 [ERROR] LogOutputStream:75 - [STDERR_REDIRECT] [Fatal Error] :1:1: Premature end of file.
2025-11-02 15:23:25,615 [ERROR] LogOutputStream:75 - [STDERR_REDIRECT] 
2025-11-02 15:23:26,627 [ERROR] LogOutputStream:75 - [STDERR_REDIRECT] [Fatal Error] :1:1: Premature end of file.
2025-11-02 15:23:26,627 [ERROR] LogOutputStream:75 - [STDERR_REDIRECT] 
2025-11-02 15:23:27,620 [ERROR] LogOutputStream:75 - [STDERR_REDIRECT] [Fatal Error] :1:1: Premature end of file.
2025-11-02 15:23:27,620 [ERROR] LogOutputStream:75 - [STDERR_REDIRECT] 
2025-11-02 15:23:28,629 [ERROR] LogOutputStream:75 - [STDERR_REDIRECT] [Fatal Error] :1:1: Premature end of file.
2025-11-02 15:23:28,629 [ERROR] LogOutputStream:75 - [STDERR_REDIRECT] 
2025-11-02 15:23:29,615 [ERROR] LogOutputStream:75 - [STDERR_REDIRECT] [Fatal Error] :1:1: Premature end of file.
2025-11-02 15:23:29,615 [ERROR] LogOutputStream:75 - [STDERR_REDIRECT] 
2025-11-02 15:23:30,622 [ERROR] LogOutputStream:75 - [STDERR_REDIRECT] [Fatal Error] :1:1: Premature end of file.
2025-11-02 15:23:30,622 [ERROR] LogOutputStream:75 - [STDERR_REDIRECT] 
2025-11-02 15:23:31,605 [ERROR] LogOutputStream:75 - [STDERR_REDIRECT] [Fatal Error] :1:1: Premature end of file.
2025-11-02 15:23:31,605 [ERROR] LogOutputStream:75 - [STDERR_REDIRECT] 
2025-11-02 15:23:32,625 [ERROR] LogOutputStream:75 - [STDERR_REDIRECT] [Fatal Error] :1:1: Premature end of file.
2025-11-02 15:23:32,625 [ERROR] LogOutputStream:75 - [STDERR_REDIRECT] 
2025-11-02 15:23:33,615 [ERROR] LogOutputStream:75 - [STDERR_REDIRECT] [Fatal Error] :1:1: Premature end of file.
2025-11-02 15:23:33,616 [ERROR] LogOutputStream:75 - [STDERR_REDIRECT] 
2025-11-02 15:23:34,617 [ERROR] LogOutputStream:75 - [STDERR_REDIRECT] [Fatal Error] :1:1: Premature end of file.
2025-11-02 15:23:34,618 [ERROR] LogOutputStream:75 - [STDERR_REDIRECT] 
2025-11-02 15:23:35,612 [ERROR] LogOutputStream:75 - [STDERR_REDIRECT] [Fatal Error] :1:1: Premature end of file.
2025-11-02 15:23:35,612 [ERROR] LogOutputStream:75 - [STDERR_REDIRECT] 
2025-11-02 15:23:36,597 [ERROR] LogOutputStream:75 - [STDERR_REDIRECT] [Fatal Error] :1:1: Premature end of file.
2025-11-02 15:23:36,598 [ERROR] LogOutputStream:75 - [STDERR_REDIRECT] 
2025-11-02 15:23:37,623 [ERROR] LogOutputStream:75 - [STDERR_REDIRECT] [Fatal Error] :1:1: Premature end of file.
2025-11-02 15:23:37,623 [ERROR] LogOutputStream:75 - [STDERR_REDIRECT] 
2025-11-02 15:23:38,618 [ERROR] LogOutputStream:75 - [STDERR_REDIRECT] [Fatal Error] :1:1: Premature end of file.
2025-11-02 15:23:38,619 [ERROR] LogOutputStream:75 - [STDERR_REDIRECT] 
2025-11-02 15:23:39,625 [ERROR] LogOutputStream:75 - [STDERR_REDIRECT] [Fatal Error] :1:1: Premature end of file.
2025-11-02 15:23:39,625 [ERROR] LogOutputStream:75 - [STDERR_REDIRECT] 
2025-11-02 15:23:40,713 [ERROR] LogOutputStream:75 - [STDERR_REDIRECT] [Fatal Error] :1:1: Premature end of file.
2025-11-02 15:23:40,713 [ERROR] LogOutputStream:75 - [STDERR_REDIRECT] 
2025-11-02 15:23:41,628 [ERROR] LogOutputStream:75 - [STDERR_REDIRECT] [Fatal Error] :1:1: Premature end of file.
2025-11-02 15:23:41,628 [ERROR] LogOutputStream:75 - [STDERR_REDIRECT] 
2025-11-02 15:23:42,605 [ERROR] LogOutputStream:75 - [STDERR_REDIRECT] [Fatal Error] :1:1: Premature end of file.
2025-11-02 15:23:42,605 [ERROR] LogOutputStream:75 - [STDERR_REDIRECT] 
2025-11-02 15:23:43,619 [ERROR] LogOutputStream:75 - [STDERR_REDIRECT] [Fatal Error] :1:1: Premature end of file.
2025-11-02 15:23:43,619 [ERROR] LogOutputStream:75 - [STDERR_REDIRECT] 
2025-11-02 15:23:44,627 [ERROR] LogOutputStream:75 - [STDERR_REDIRECT] [Fatal Error] :1:1: Premature end of file.
2025-11-02 15:23:44,627 [ERROR] LogOutputStream:75 - [STDERR_REDIRECT] 
2025-11-02 15:23:45,618 [ERROR] LogOutputStream:75 - [STDERR_REDIRECT] [Fatal Error] :1:1: Premature end of file.
2025-11-02 15:23:45,618 [ERROR] LogOutputStream:75 - [STDERR_REDIRECT] 
2025-11-02 15:23:46,620 [ERROR] LogOutputStream:75 - [STDERR_REDIRECT] [Fatal Error] :1:1: Premature end of file.
2025-11-02 15:23:46,621 [ERROR] LogOutputStream:75 - [STDERR_REDIRECT] 
2025-11-02 15:23:47,639 [ERROR] LogOutputStream:75 - [STDERR_REDIRECT] [Fatal Error] :1:1: Premature end of file.
2025-11-02 15:23:47,639 [ERROR] LogOutputStream:75 - [STDERR_REDIRECT] 
2025-11-02 15:23:48,640 [ERROR] LogOutputStream:75 - [STDERR_REDIRECT] [Fatal Error] :1:1: Premature end of file.
2025-11-02 15:23:48,640 [ERROR] LogOutputStream:75 - [STDERR_REDIRECT] 
2025-11-02 15:23:49,598 [ERROR] LogOutputStream:75 - [STDERR_REDIRECT] [Fatal Error] :1:1: Premature end of file.
2025-11-02 15:23:49,598 [ERROR] LogOutputStream:75 - [STDERR_REDIRECT] 
2025-11-02 15:23:50,637 [ERROR] LogOutputStream:75 - [STDERR_REDIRECT] [Fatal Error] :1:1: Premature end of file.
2025-11-02 15:23:50,637 [ERROR] LogOutputStream:75 - [STDERR_REDIRECT] 
2025-11-02 15:23:51,632 [ERROR] LogOutputStream:75 - [STDERR_REDIRECT] [Fatal Error] :1:1: Premature end of file.
2025-11-02 15:23:51,633 [ERROR] LogOutputStream:75 - [STDERR_REDIRECT] 
2025-11-02 15:23:52,620 [ERROR] LogOutputStream:75 - [STDERR_REDIRECT] [Fatal Error] :1:1: Premature end of file.
2025-11-02 15:23:52,620 [ERROR] LogOutputStream:75 - [STDERR_REDIRECT] 
2025-11-02 15:23:53,687 [ERROR] LogOutputStream:75 - [STDERR_REDIRECT] [Fatal Error] :1:1: Premature end of file.
2025-11-02 15:23:53,688 [ERROR] LogOutputStream:75 - [STDERR_REDIRECT] 
2025-11-02 15:23:54,621 [ERROR] LogOutputStream:75 - [STDERR_REDIRECT] [Fatal Error] :1:1: Premature end of file.
2025-11-02 15:23:54,621 [ERROR] LogOutputStream:75 - [STDERR_REDIRECT] 
2025-11-02 15:23:55,615 [ERROR] LogOutputStream:75 - [STDERR_REDIRECT] [Fatal Error] :1:1: Premature end of file.
2025-11-02 15:23:55,615 [ERROR] LogOutputStream:75 - [STDERR_REDIRECT] 
2025-11-02 15:23:56,629 [ERROR] LogOutputStream:75 - [STDERR_REDIRECT] [Fatal Error] :1:1: Premature end of file.
2025-11-02 15:23:56,630 [ERROR] LogOutputStream:75 - [STDERR_REDIRECT] 
2025-11-02 15:23:57,703 [ERROR] LogOutputStream:75 - [STDERR_REDIRECT] [Fatal Error] :1:1: Premature end of file.
2025-11-02 15:23:57,703 [ERROR] LogOutputStream:75 - [STDERR_REDIRECT] 
2025-11-02 15:23:58,622 [ERROR] LogOutputStream:75 - [STDERR_REDIRECT] [Fatal Error] :1:1: Premature end of file.
2025-11-02 15:23:58,623 [ERROR] LogOutputStream:75 - [STDERR_REDIRECT] 
2025-11-02 15:23:59,606 [ERROR] LogOutputStream:75 - [STDERR_REDIRECT] [Fatal Error] :1:1: Premature end of file.
2025-11-02 15:23:59,607 [ERROR] LogOutputStream:75 - [STDERR_REDIRECT] 
2025-11-02 15:24:00,627 [ERROR] LogOutputStream:75 - [STDERR_REDIRECT] [Fatal Error] :1:1: Premature end of file.
2025-11-02 15:24:00,627 [ERROR] LogOutputStream:75 - [STDERR_REDIRECT] 
2025-11-02 15:24:01,711 [ERROR] LogOutputStream:75 - [STDERR_REDIRECT] [Fatal Error] :1:1: Premature end of file.
2025-11-02 15:24:01,711 [ERROR] LogOutputStream:75 - [STDERR_REDIRECT] 
2025-11-02 15:24:02,602 [ERROR] LogOutputStream:75 - [STDERR_REDIRECT] [Fatal Error] :1:1: Premature end of file.
2025-11-02 15:24:02,602 [ERROR] LogOutputStream:75 - [STDERR_REDIRECT] 
2025-11-02 15:24:03,627 [ERROR] LogOutputStream:75 - [STDERR_REDIRECT] [Fatal Error] :1:1: Premature end of file.
2025-11-02 15:24:03,627 [ERROR] LogOutputStream:75 - [STDERR_REDIRECT] 
2025-11-02 15:24:04,614 [ERROR] LogOutputStream:75 - [STDERR_REDIRECT] [Fatal Error] :1:1: Premature end of file.
2025-11-02 15:24:04,614 [ERROR] LogOutputStream:75 - [STDERR_REDIRECT] 
2025-11-02 15:24:05,700 [ERROR] LogOutputStream:75 - [STDERR_REDIRECT] [Fatal Error] :1:1: Premature end of file.
2025-11-02 15:24:05,701 [ERROR] LogOutputStream:75 - [STDERR_REDIRECT] 
2025-11-02 15:24:06,618 [ERROR] LogOutputStream:75 - [STDERR_REDIRECT] [Fatal Error] :1:1: Premature end of file.
2025-11-02 15:24:06,619 [ERROR] LogOutputStream:75 - [STDERR_REDIRECT] 
2025-11-02 15:24:07,605 [ERROR] LogOutputStream:75 - [STDERR_REDIRECT] [Fatal Error] :1:1: Premature end of file.
2025-11-02 15:24:07,605 [ERROR] LogOutputStream:75 - [STDERR_REDIRECT] 
2025-11-02 15:24:08,636 [ERROR] LogOutputStream:75 - [STDERR_REDIRECT] [Fatal Error] :1:1: Premature end of file.
2025-11-02 15:24:08,636 [ERROR] LogOutputStream:75 - [STDERR_REDIRECT] 
2025-11-02 15:24:09,735 [ERROR] LogOutputStream:75 - [STDERR_REDIRECT] [Fatal Error] :1:1: Premature end of file.
2025-11-02 15:24:09,735 [ERROR] LogOutputStream:75 - [STDERR_REDIRECT] 
2025-11-02 15:24:10,622 [ERROR] LogOutputStream:75 - [STDERR_REDIRECT] [Fatal Error] :1:1: Premature end of file.
2025-11-02 15:24:10,622 [ERROR] LogOutputStream:75 - [STDERR_REDIRECT] 
2025-11-02 15:24:11,606 [ERROR] LogOutputStream:75 - [STDERR_REDIRECT] [Fatal Error] :1:1: Premature end of file.
2025-11-02 15:24:11,606 [ERROR] LogOutputStream:75 - [STDERR_REDIRECT] 
2025-11-02 15:24:12,620 [ERROR] LogOutputStream:75 - [STDERR_REDIRECT] [Fatal Error] :1:1: Premature end of file.
2025-11-02 15:24:12,620 [ERROR] LogOutputStream:75 - [STDERR_REDIRECT] 
2025-11-02 15:24:13,671 [ERROR] LogOutputStream:75 - [STDERR_REDIRECT] [Fatal Error] :1:1: Premature end of file.
2025-11-02 15:24:13,672 [ERROR] LogOutputStream:75 - [STDERR_REDIRECT] 
2025-11-02 15:24:14,619 [ERROR] LogOutputStream:75 - [STDERR_REDIRECT] [Fatal Error] :1:1: Premature end of file.
2025-11-02 15:24:14,620 [ERROR] LogOutputStream:75 - [STDERR_REDIRECT] 
2025-11-02 15:24:15,621 [ERROR] LogOutputStream:75 - [STDERR_REDIRECT] [Fatal Error] :1:1: Premature end of file.
2025-11-02 15:24:15,622 [ERROR] LogOutputStream:75 - [STDERR_REDIRECT] 
2025-11-02 15:24:16,621 [ERROR] LogOutputStream:75 - [STDERR_REDIRECT] [Fatal Error] :1:1: Premature end of file.
2025-11-02 15:24:16,621 [ERROR] LogOutputStream:75 - [STDERR_REDIRECT] 
2025-11-02 15:24:17,614 [ERROR] LogOutputStream:75 - [STDERR_REDIRECT] [Fatal Error] :1:1: Premature end of file.
2025-11-02 15:24:17,614 [ERROR] LogOutputStream:75 - [STDERR_REDIRECT] 
2025-11-02 15:24:18,631 [ERROR] LogOutputStream:75 - [STDERR_REDIRECT] [Fatal Error] :1:1: Premature end of file.
2025-11-02 15:24:18,631 [ERROR] LogOutputStream:75 - [STDERR_REDIRECT] 
2025-11-02 15:24:19,610 [ERROR] LogOutputStream:75 - [STDERR_REDIRECT] [Fatal Error] :1:1: Premature end of file.
2025-11-02 15:24:19,611 [ERROR] LogOutputStream:75 - [STDERR_REDIRECT] 
2025-11-02 15:24:20,637 [ERROR] LogOutputStream:75 - [STDERR_REDIRECT] [Fatal Error] :1:1: Premature end of file.
2025-11-02 15:24:20,639 [ERROR] LogOutputStream:75 - [STDERR_REDIRECT] 
2025-11-02 15:24:21,634 [ERROR] LogOutputStream:75 - [STDERR_REDIRECT] [Fatal Error] :1:1: Premature end of file.
2025-11-02 15:24:21,636 [ERROR] LogOutputStream:75 - [STDERR_REDIRECT] 
2025-11-02 15:24:22,661 [ERROR] LogOutputStream:75 - [STDERR_REDIRECT] 
2025-11-02 15:24:22,665 [ERROR] LogOutputStream:75 - [STDERR_REDIRECT] 
